Kategori;Sub Kategori;Harga Produk;Jumlah Produk Terjual;Nama Produk;Foto Produk;;;
Top Up Game;Mobile Legends;Rp28.360;;Weekly Diamond Pass;https://imgop.itemku.com/?url=https%3A%2F%2Fd1x91p7vw3vuq8.cloudfront.net%2Fitem-type%2F202633%2F8t3nf1gl9ivs0wj559d46.png&w=96&q=75;;;
Top Up Game;Mobile Legends;Rp139.990;;568 Diamonds;https://d1x91p7vw3vuq8.cloudfront.net/item-type/2025521/8xtaqjgmqv35n4sslsqznk.svg;;;
Top Up Game;Mobile Legends;Rp238.900;;966 Diamonds;https://d1x91p7vw3vuq8.cloudfront.net/item-type/2025521/59eubz7vmq3sy6jql0wtj.svg;;;
Top Up Game;Mobile Legends;Rp483.990;;2010 Diamonds;https://d1x91p7vw3vuq8.cloudfront.net/item-type/2025521/e1cu0uswssjmf8btfwar.svg;;;
Top Up Game;Mobile Legends;Rp2.970;;10 Diamonds;https://d1x91p7vw3vuq8.cloudfront.net/item-info/20251023/qylw6z8n3vo8psm6a7z9ue.svg;;;
Top Up Game;Mobile Legends;Rp1.055;;3 Diamonds;https://d1x91p7vw3vuq8.cloudfront.net/item-type/2025521/i6wflahld5jqq69cimshwp.svg;;;
Top Up Game;Mobile Legends;Rp1.475;;5 Diamonds;https://d1x91p7vw3vuq8.cloudfront.net/item-type/2025521/qqu29ssm6visr36j6ysuo.svg;;;
Top Up Game;Mobile Legends;Rp3.439;;12 Diamonds;https://d1x91p7vw3vuq8.cloudfront.net/item-type/2025521/q6h5rhrjoqmivciitechim.svg;;;
Top Up Game;Mobile Legends;Rp3.985;;14 Diamonds;https://d1x91p7vw3vuq8.cloudfront.net/item-type/2025521/lhoojmnkm50pplogwkc7g.svg;;;
Top Up Game;Mobile Legends;Rp4.984;;18 Diamonds;https://d1x91p7vw3vuq8.cloudfront.net/item-info/20251023/xg0sw1dxkajg3pj3xm5fs4.svg;;;
Top Up Game;Mobile Legends;Rp5.399;;19 Diamonds;https://d1x91p7vw3vuq8.cloudfront.net/item-type/2025521/k53obntv7mp66eu68xk6yn.svg;;;
Top Up Game;Mobile Legends;Rp9.949;;36 Diamonds;https://d1x91p7vw3vuq8.cloudfront.net/item-type/2025521/racc8mbz6s9wiktizcqqi.svg;;;
Top Up Game;Mobile Legends;Rp10.390;;44 Diamonds;https://d1x91p7vw3vuq8.cloudfront.net/item-type/2025521/b0g27ygbhtf264d2ifjs2r.svg;;;
Top Up Game;Mobile Legends;Rp13.890;;59 Diamonds;https://d1x91p7vw3vuq8.cloudfront.net/item-type/2025521/uko36tj3ayi63pjf7bb6u6.svg;;;
Top Up Game;Mobile Legends;Rp7.900;;28 Diamonds;https://d1x91p7vw3vuq8.cloudfront.net/item-type/20251023/habjtv18hh8l465t5k6pw.svg;;;
Top Up Game;Mobile Legends;Rp17.890;;74 Diamonds;https://d1x91p7vw3vuq8.cloudfront.net/item-type/2025521/b00soiye8pshhsxt5fh0xr.svg;;;
Top Up Game;Mobile Legends;Rp41.800;;170 Diamonds;https://d1x91p7vw3vuq8.cloudfront.net/item-type/2025521/wjnsibn18vmwktfmj6rxco.svg;;;
Top Up Game;Mobile Legends;Rp19.200;;85 Diamonds;https://d1x91p7vw3vuq8.cloudfront.net/item-type/2025521/p2amun7s1cn0309uqf89b8x.svg;;;
Top Up Game;Mobile Legends;Rp53.900;;222 Diamonds;https://d1x91p7vw3vuq8.cloudfront.net/item-info/20251023/kpjog6zwt5hyiafepygkr.svg;;;
Top Up Game;Mobile Legends;Rp57.900;;240 Diamonds;https://d1x91p7vw3vuq8.cloudfront.net/item-type/2025521/tfj3y56ufts697fqs37l.svg;;;
Top Up Game;Mobile Legends;Rp72.990;;296 Diamonds;https://d1x91p7vw3vuq8.cloudfront.net/item-type/2025521/2n5itwhm8qw9g4f3hu3aa.svg;;;
Top Up Game;Mobile Legends;Rp91.900;;370 Diamonds;https://d1x91p7vw3vuq8.cloudfront.net/item-info/20251023/idjcur23jam1w6zm1akun.svg;;;
Top Up Game;Mobile Legends;Rp101.990;;408 Diamonds;https://d1x91p7vw3vuq8.cloudfront.net/item-type/2025521/usppjsgmyllfdg2329wkzl.svg;;;
Top Up Game;Mobile Legends;Rp219.990;;875 Diamonds;https://d1x91p7vw3vuq8.cloudfront.net/item-type/2025521/i9pwr67ycr0m993sy49crr.svg;;;
Top Up Game;Mobile Legends;Rp1.172.900;;4830 Diamonds;https://d1x91p7vw3vuq8.cloudfront.net/item-type/2025521/ikbrff3kv2sqht9qpgd6.svg;;;
Top Up Game;Zepeto;Rp14.810;;4680 Coins;https://imgop.itemku.com/?url=https%3A%2F%2Fd1x91p7vw3vuq8.cloudfront.net%2Fitem-type%2F2025419%2Fi2y9y85s7cnctbahsnxbo.png&w=48&q=75;;;
Top Up Game;Zepeto;Rp28.730;;9700 Coins;https://imgop.itemku.com/?url=https%3A%2F%2Fd1x91p7vw3vuq8.cloudfront.net%2Fitem-type%2F2025419%2Fmaboa30a9sbru3zudxnq.png&w=48&q=75;;;
Top Up Game;Zepeto;Rp43.540;;10200 Coins;https://imgop.itemku.com/?url=https%3A%2F%2Fd1x91p7vw3vuq8.cloudfront.net%2Fitem-type%2F2025419%2Fu9ejm59i5xkcrfn4llv3c.png&w=48&q=75;;;
Top Up Game;Zepeto;Rp71.820;;21000 Coins;https://imgop.itemku.com/?url=https%3A%2F%2Fd1x91p7vw3vuq8.cloudfront.net%2Fitem-type%2F2025419%2F877goo32v7otkby89bbjqs.png&w=48&q=75;;;
Top Up Game;Zepeto;Rp64.900;;25200 Coins;https://imgop.itemku.com/?url=https%3A%2F%2Fd1x91p7vw3vuq8.cloudfront.net%2Fitem-type%2F2025419%2Fklr7oz4ledp6s3vrngg4a4.png&w=48&q=75;;;
Top Up Game;Zepeto;Rp115.750;;38900 Coins;https://imgop.itemku.com/?url=https%3A%2F%2Fd1x91p7vw3vuq8.cloudfront.net%2Fitem-type%2F2025419%2Fhh1jjgm11bwvnelqu66e1c.png&w=48&q=75;;;
Top Up Game;Zepeto;Rp83.600;;40700 Coins;https://imgop.itemku.com/?url=https%3A%2F%2Fd1x91p7vw3vuq8.cloudfront.net%2Fitem-type%2F2025419%2F84izpa6y1hm5ip1poqvkpk.png&w=48&q=75;;;
Top Up Game;Zepeto;Rp187.570;;62800 Coins;https://imgop.itemku.com/?url=https%3A%2F%2Fd1x91p7vw3vuq8.cloudfront.net%2Fitem-type%2F2025419%2F0wea14xwfbbvpclkos6nw.png&w=48&q=75;;;
Top Up Game;Zepeto;Rp304.160;;110000 Coins;https://imgop.itemku.com/?url=https%3A%2F%2Fd1x91p7vw3vuq8.cloudfront.net%2Fitem-type%2F2025419%2Flgsk2udyttd5aqgs30zkug.png&w=48&q=75;;;
Top Up Game;Zepeto;Rp651.850;;234000 Coins;https://imgop.itemku.com/?url=https%3A%2F%2Fd1x91p7vw3vuq8.cloudfront.net%2Fitem-type%2F2025419%2Fh0oxubrlyrnq8qzef03kk.png&w=48&q=75;;;
Top Up Game;Zepeto;Rp723.800;;300000 Coins;https://imgop.itemku.com/?url=https%3A%2F%2Fd1x91p7vw3vuq8.cloudfront.net%2Fitem-type%2F2025419%2Fodddx760z9k77hay06cuma.png&w=48&q=75;;;
Top Up Game;Zepeto;Rp7.410;;7 Zems;https://imgop.itemku.com/?url=https%3A%2F%2Fd1x91p7vw3vuq8.cloudfront.net%2Fitem-type%2F2025419%2F7gbqxm1bup38uiuspozc0o.png&w=96&q=75;;;
Top Up Game;Zepeto;Rp12.390;;14 Zems;https://imgop.itemku.com/?url=https%3A%2F%2Fd1x91p7vw3vuq8.cloudfront.net%2Fitem-type%2F2025419%2Fcr63kftxiwqenj7qw43lnc.png&w=96&q=75;;;
Top Up Game;Zepeto;Rp21.500;;28 Zems;https://imgop.itemku.com/?url=https%3A%2F%2Fd1x91p7vw3vuq8.cloudfront.net%2Fitem-type%2F2025419%2Furpfyynvp6ni7o6xjg04.png&w=96&q=75;;;
Top Up Game;Zepeto;Rp34.400;;29 Zems;https://imgop.itemku.com/?url=https%3A%2F%2Fd1x91p7vw3vuq8.cloudfront.net%2Fitem-type%2F2025419%2Fjky0c6dklg18jbvstn1r.png&w=96&q=75;;;
Top Up Game;Zepeto;Rp43.000;;58 Zems;https://imgop.itemku.com/?url=https%3A%2F%2Fd1x91p7vw3vuq8.cloudfront.net%2Fitem-type%2F2025419%2Fd6w5of9xdpp8lki1qkru7c.png&w=96&q=75;;;
Top Up Game;Zepeto;Rp57.120;;60 Zems;https://imgop.itemku.com/?url=https%3A%2F%2Fd1x91p7vw3vuq8.cloudfront.net%2Fitem-type%2F2025419%2F8z4cjlxevzub5bj0tg9r5.png&w=96&q=75;;;
Top Up Game;Zepeto;Rp104.390;;125 Zems;https://imgop.itemku.com/?url=https%3A%2F%2Fd1x91p7vw3vuq8.cloudfront.net%2Fitem-type%2F2025419%2F0nakqluywa4uhihs33lvj.png&w=96&q=75;;;
Top Up Game;Zepeto;Rp86.300;;128 Zems;https://imgop.itemku.com/?url=https%3A%2F%2Fd1x91p7vw3vuq8.cloudfront.net%2Fitem-type%2F2025419%2Fi2y902xyodcq30i7oeal5.png&w=96&q=75;;;
Top Up Game;Zepeto;Rp166.560;;196 Zems;https://imgop.itemku.com/?url=https%3A%2F%2Fd1x91p7vw3vuq8.cloudfront.net%2Fitem-type%2F2025419%2F9oq9d4c5c8e7fh3wngczis.png&w=96&q=75;;;
Top Up Game;Zepeto;Rp225.000;;323 Zems;https://imgop.itemku.com/?url=https%3A%2F%2Fd1x91p7vw3vuq8.cloudfront.net%2Fitem-type%2F2025419%2Fe3wxfoig24vutvnej254o.png&w=96&q=75;;;
Top Up Game;Zepeto;Rp637.330;;770 Zems;https://imgop.itemku.com/?url=https%3A%2F%2Fd1x91p7vw3vuq8.cloudfront.net%2Fitem-type%2F2025419%2Fdcc9mk6vj5jy7jb462agzq.png&w=96&q=75;;;
Top Up Game;Zepeto;Rp658.000;;1000 Zems;https://imgop.itemku.com/?url=https%3A%2F%2Fd1x91p7vw3vuq8.cloudfront.net%2Fitem-type%2F2025419%2Fajld8qoki1kb72e090tfga.png&w=96&q=75;;;
Top Up Game;Blood Strike;Rp12.270;;100 Golds;https://imgop.itemku.com/?url=https%3A%2F%2Fd1x91p7vw3vuq8.cloudfront.net%2Fitem-type%2F2025420%2Fnb0e5kubuqru0vpl0hvkf.png&w=96&q=75;;;
Top Up Game;Blood Strike;Rp36.760;;300 Golds;https://imgop.itemku.com/?url=https%3A%2F%2Fd1x91p7vw3vuq8.cloudfront.net%2Fitem-type%2F2025420%2Fc6wyx06lk8bqa1h24cc09a.png&w=96&q=75;;;
Top Up Game;Blood Strike;Rp61.206;;500 Golds;https://imgop.itemku.com/?url=https%3A%2F%2Fd1x91p7vw3vuq8.cloudfront.net%2Fitem-type%2F2025420%2Fwdwof8k86utmbccrix738.png&w=96&q=75;;;
Top Up Game;Blood Strike;Rp122.409;;1000 Golds;https://imgop.itemku.com/?url=https%3A%2F%2Fd1x91p7vw3vuq8.cloudfront.net%2Fitem-type%2F2025420%2F0nq8u5c9ki6shmy8noqybzu.png&w=96&q=75;;;
Top Up Game;Blood Strike;Rp234.092;;2000 Golds;https://imgop.itemku.com/?url=https%3A%2F%2Fd1x91p7vw3vuq8.cloudfront.net%2Fitem-type%2F2025420%2Fsc3xi3z46mkc0d614kgo.png&w=96&q=75;;;
Top Up Game;Blood Strike;Rp554.269;;5000 Golds;https://imgop.itemku.com/?url=https%3A%2F%2Fd1x91p7vw3vuq8.cloudfront.net%2Fitem-type%2F2025420%2F6r97dre540rmeyt9p8aupk.png&w=96&q=75;;;
Top Up Game;Blood Strike;Rp110.260;;900 Gold;https://imgop.itemku.com/?url=https%3A%2F%2Fd1x91p7vw3vuq8.cloudfront.net%2Fitem-type%2F2025420%2Fnb0e5kubuqru0vpl0hvkf.png&w=96&q=75;;;
Top Up Game;Blood Strike;Rp332.608;;3000 Gold;https://imgop.itemku.com/?url=https%3A%2F%2Fd1x91p7vw3vuq8.cloudfront.net%2Fitem-type%2F2025420%2Fc6wyx06lk8bqa1h24cc09a.png&w=96&q=75;;;
Top Up Game;Blood Strike;Rp24.540;;200 Gold;https://imgop.itemku.com/?url=https%3A%2F%2Fd1x91p7vw3vuq8.cloudfront.net%2Fitem-type%2F2025420%2Fwdwof8k86utmbccrix738.png&w=96&q=75;;;
Top Up Game;Blood Strike;Rp73.510;;600 Gold;https://imgop.itemku.com/?url=https%3A%2F%2Fd1x91p7vw3vuq8.cloudfront.net%2Fitem-type%2F2025420%2F0nq8u5c9ki6shmy8noqybzu.png&w=96&q=75;;;
Top Up Game;Blood Strike;Rp97.980;;800 Gold;https://imgop.itemku.com/?url=https%3A%2F%2Fd1x91p7vw3vuq8.cloudfront.net%2Fitem-type%2F2025420%2Fsc3xi3z46mkc0d614kgo.png&w=96&q=75;;;
Top Up Game;Blood Strike;Rp85.760;;700 Gold;https://imgop.itemku.com/?url=https%3A%2F%2Fd1x91p7vw3vuq8.cloudfront.net%2Fitem-type%2F2025420%2F6r97dre540rmeyt9p8aupk.png&w=96&q=75;;;
Top Up Game;Blood Strike;Rp49.020;;400 Gold;https://imgop.itemku.com/?url=https%3A%2F%2Fd1x91p7vw3vuq8.cloudfront.net%2Fitem-type%2F2025420%2Fnb0e5kubuqru0vpl0hvkf.png&w=96&q=75;;;
Top Up Game;Blood Strike;Rp751.392;;7000 Gold;https://imgop.itemku.com/?url=https%3A%2F%2Fd1x91p7vw3vuq8.cloudfront.net%2Fitem-type%2F2025420%2Fc6wyx06lk8bqa1h24cc09a.png&w=96&q=75;;;
Top Up Game;Blood Strike;Rp640.538;;6000 Gold;https://imgop.itemku.com/?url=https%3A%2F%2Fd1x91p7vw3vuq8.cloudfront.net%2Fitem-type%2F2025420%2Fwdwof8k86utmbccrix738.png&w=96&q=75;;;
Top Up Game;Blood Strike;Rp443.462;;4000 Gold;https://imgop.itemku.com/?url=https%3A%2F%2Fd1x91p7vw3vuq8.cloudfront.net%2Fitem-type%2F2025420%2F0nq8u5c9ki6shmy8noqybzu.png&w=96&q=75;;;
Top Up Game;Blood Strike;Rp973.101;;9000 Gold;https://imgop.itemku.com/?url=https%3A%2F%2Fd1x91p7vw3vuq8.cloudfront.net%2Fitem-type%2F2025420%2Fsc3xi3z46mkc0d614kgo.png&w=96&q=75;;;
Top Up Game;Blood Strike;Rp862.200;;8000 Gold;https://imgop.itemku.com/?url=https%3A%2F%2Fd1x91p7vw3vuq8.cloudfront.net%2Fitem-type%2F2025420%2F6r97dre540rmeyt9p8aupk.png&w=96&q=75;;;
Top Up Game;Blood Strike;Rp1.083.954;;10000 Gold;https://imgop.itemku.com/?url=https%3A%2F%2Fd1x91p7vw3vuq8.cloudfront.net%2Fitem-type%2F2025420%2F6r97dre540rmeyt9p8aupk.png&w=96&q=75;;;
Top Up Game;Blood Strike;Rp127.400;;Strike Pass Premium;https://imgop.itemku.com/?url=https%3A%2F%2Fd1x91p7vw3vuq8.cloudfront.net%2Fitem-type%2F2025420%2Fmaeke74zbyiblzexyv38.webp&w=48&q=75;;;
Top Up Game;Blood Strike;Rp56.600;;Strike Pass Elite;https://imgop.itemku.com/?url=https%3A%2F%2Fd1x91p7vw3vuq8.cloudfront.net%2Fitem-type%2F2025420%2Fy8qsqkxdcklokw7utrvbb.webp&w=48&q=75;;;
Top Up Game;Blood Strike;Rp28.670;;Level-Up Pass;https://imgop.itemku.com/?url=https%3A%2F%2Fd1x91p7vw3vuq8.cloudfront.net%2Fitem-type%2F2025420%2F28mmh4zo3lzhex1fkkqu6pr.jpg&w=48&q=75;;;
Top Up Game;Valorant;Rp54.333;;475 Points;https://imgop.itemku.com/?url=https%3A%2F%2Fd1x91p7vw3vuq8.cloudfront.net%2Fitem-type%2F20251122%2F6f6bl5dfvzjiastu2t8og.png&w=48&q=75;;;
Top Up Game;Valorant;Rp108.250;;1000 Points;https://imgop.itemku.com/?url=https%3A%2F%2Fd1x91p7vw3vuq8.cloudfront.net%2Fitem-type%2F20251122%2Fq829zqygch21gp9g9pwys.png&w=48&q=75;;;
Top Up Game;Valorant;Rp216.470;;2050 Points;https://imgop.itemku.com/?url=https%3A%2F%2Fd1x91p7vw3vuq8.cloudfront.net%2Fitem-type%2F20251122%2Fxw4wu2lf8ds93b145dse.png&w=48&q=75;;;
Top Up Game;Valorant;Rp377.151;;3650 Points;https://imgop.itemku.com/?url=https%3A%2F%2Fd1x91p7vw3vuq8.cloudfront.net%2Fitem-type%2F20251122%2Fsyn61bz796ii0pjb8dk1g.png&w=48&q=75;;;
Top Up Game;Valorant;Rp540.220;;5350 Points;https://imgop.itemku.com/?url=https%3A%2F%2Fd1x91p7vw3vuq8.cloudfront.net%2Fitem-type%2F20251122%2Fxbdhq5zjpkm7hyvzxi5c8w.png&w=48&q=75;;;
Top Up Game;Valorant;Rp1.062.030;;11000 Points;https://imgop.itemku.com/?url=https%3A%2F%2Fd1x91p7vw3vuq8.cloudfront.net%2Fitem-type%2F20251122%2Fysa627qcwu9rymgoovgeto.png&w=48&q=75;;;
Top Up Game;Garena Free Fire;Rp17.958;;140 Diamonds;https://d1x91p7vw3vuq8.cloudfront.net/item-type/2025327/xf094rbcwxrdupe2pbiuis.svg;;;
Top Up Game;Garena Free Fire;Rp91.821;;720 Diamonds;https://d1x91p7vw3vuq8.cloudfront.net/item-type/2025327/bfyyeojgwghbts4y7jw04r.svg;;;
Top Up Game;Garena Free Fire;Rp9.173;;70 Diamonds;https://d1x91p7vw3vuq8.cloudfront.net/item-type/2025327/8mbeo06527ctkealza453i.svg;;;
Top Up Game;Garena Free Fire;Rp12.746;;100 Diamonds;https://d1x91p7vw3vuq8.cloudfront.net/item-type/2025327/cdhr16bcsf4avbggn1m48.svg;;;
Top Up Game;Garena Free Fire;Rp66.064;;510 Diamonds;https://d1x91p7vw3vuq8.cloudfront.net/item-type/2025327/eluci3n4w0j6ae22fl0yq6.svg;;;
Top Up Game;Garena Free Fire;Rp139.100;;1080 Diamonds;https://d1x91p7vw3vuq8.cloudfront.net/item-type/2025327/q9sus5e3zoo0nb2s8hp8j.svg;;;
Top Up Game;Garena Free Fire;Rp27.101;;210 Diamonds;https://d1x91p7vw3vuq8.cloudfront.net/item-type/2025327/pptbndhcehrzp3722vve9.svg;;;
Top Up Game;Garena Free Fire;Rp840;;5 Diamonds;https://d1x91p7vw3vuq8.cloudfront.net/item-type/2025327/rpo8llps9pjacybumuwkp4.svg;;;
Top Up Game;Garena Free Fire;Rp138.200;;1075 Diamonds;https://d1x91p7vw3vuq8.cloudfront.net/item-type/2025327/t7otqhr9m48n7yxn5ta76.svg;;;
Top Up Game;Garena Free Fire;Rp44.500;;355 Diamonds;https://d1x91p7vw3vuq8.cloudfront.net/item-type/2025327/5fbp89hkwcvl6xuzdjy9nb.svg;;;
Top Up Game;Garena Free Fire;Rp1.840;;12 Diamonds;https://d1x91p7vw3vuq8.cloudfront.net/item-type/2025327/up2ilb7mljky31vehmf43.svg;;;
Top Up Game;Garena Free Fire;Rp4.223;;25 Diamonds;https://d1x91p7vw3vuq8.cloudfront.net/item-type/2025327/hknwdogdru0xxolg5z7jqq.svg;;;
Top Up Game;Garena Free Fire;Rp6.542;;50 Diamonds;https://d1x91p7vw3vuq8.cloudfront.net/item-type/2025327/piwn9lhyh6ozkv5yr7izpg.svg;;;
Top Up Game;Garena Free Fire;Rp7.397;;53 Diamonds;https://d1x91p7vw3vuq8.cloudfront.net/item-type/2025327/5lq52sty1z4ogbge34r7wi.svg;;;
Top Up Game;Garena Free Fire;Rp9.274;;64 Diamonds;https://d1x91p7vw3vuq8.cloudfront.net/item-type/2025327/26bjjbou5823kdopye88fq.svg;;;
Top Up Game;Garena Free Fire;Rp17.500;;127 Diamonds;https://d1x91p7vw3vuq8.cloudfront.net/item-type/2025327/ifnn2lc7lkio2blkqa9igf.svg;;;
Top Up Game;Garena Free Fire;Rp42.700;;323 Diamonds;https://d1x91p7vw3vuq8.cloudfront.net/item-type/2025327/1j97zakz8h5m69iwb8acph.svg;;;
Top Up Game;Garena Free Fire;Rp44.500;;350 Diamonds;https://d1x91p7vw3vuq8.cloudfront.net/item-type/2025327/xogij06msx2swq1djqskb.svg;;;
Top Up Game;Garena Free Fire;Rp83.900;;645 Diamonds;https://d1x91p7vw3vuq8.cloudfront.net/item-type/2025327/s4fa1shra643o6xp8fcl2.svg;;;
Top Up Game;Garena Free Fire;Rp85.600;;655 Diamonds;https://d1x91p7vw3vuq8.cloudfront.net/item-type/2025327/rre3kajr7nacsq2fpx1khe.svg;;;
Top Up Game;Garena Free Fire;Rp119.400;;925 Diamonds;https://d1x91p7vw3vuq8.cloudfront.net/item-type/2025327/o7cpsfjy00kdo9holzo6ud.svg;;;
Top Up Game;Garena Free Fire;Rp154.900;;1200 Diamonds;https://d1x91p7vw3vuq8.cloudfront.net/item-type/2025327/ko0ssej9txeqk1scrat6u.svg;;;
Top Up Game;Garena Free Fire;Rp165.500;;1285 Diamonds;https://d1x91p7vw3vuq8.cloudfront.net/item-type/2025327/ydoxmqqm1xmxzrwdwevrvh.svg;;;
Top Up Game;Garena Free Fire;Rp185.091;;1450 Diamonds;https://d1x91p7vw3vuq8.cloudfront.net/item-type/2025327/7fpelgnq2xy4p2r3342ex9.svg;;;
Top Up Game;Garena Free Fire;Rp231.200;;1800 Diamonds;https://d1x91p7vw3vuq8.cloudfront.net/item-type/2025327/s9pc2c8kv2r0loeoxqr2hc.svg;;;
Top Up Game;Garena Free Fire;Rp241.116;;1875 Diamonds;https://d1x91p7vw3vuq8.cloudfront.net/item-type/2025327/p2v1zkkatsjocv5drr5c6q.svg;;;
Top Up Game;Garena Free Fire;Rp254.758;;1973 Diamonds;https://d1x91p7vw3vuq8.cloudfront.net/item-type/2025327/mw2cwehf6g2j4etxzfbx2.svg;;;
Top Up Game;Garena Free Fire;Rp257.600;;2000 Diamonds;https://d1x91p7vw3vuq8.cloudfront.net/item-type/2025327/6kbxubung0j66qj3sqowwn.svg;;;
Top Up Game;Garena Free Fire;Rp276.400;;2160 Diamonds;https://d1x91p7vw3vuq8.cloudfront.net/item-type/2025327/zfc2x6mg3pbsxubtdxdvla.svg;;;
Top Up Game;Garena Free Fire;Rp277.623;;2180 Diamonds;https://d1x91p7vw3vuq8.cloudfront.net/item-type/2025327/s7abukybqz7tjwqysj2of.svg;;;
Top Up Game;Garena Free Fire;Rp281.622;;2200 Diamonds;https://d1x91p7vw3vuq8.cloudfront.net/item-type/2025327/6lg4gb2bzpv90r5jivxiir.svg;;;
Top Up Game;Garena Free Fire;Rp307.349;;2400 Diamonds;https://d1x91p7vw3vuq8.cloudfront.net/item-type/2025327/3evzvmjx5rg260f94gjo4w.svg;;;
Top Up Game;Garena Free Fire;Rp424.600;;3309 Diamonds;https://d1x91p7vw3vuq8.cloudfront.net/item-type/2025327/zrvgk1n3ifgi2t8zwo31e.svg;;;
Top Up Game;Garena Free Fire;Rp460.600;;3600 Diamonds;https://d1x91p7vw3vuq8.cloudfront.net/item-type/2025327/57n6yob9ogr7qqzrypyxdi.svg;;;
Top Up Game;Garena Free Fire;Rp463.685;;3640 Diamonds;https://d1x91p7vw3vuq8.cloudfront.net/item-type/2025327/6zqwf6n386nzcncyapy3qc.svg;;;
Top Up Game;Garena Free Fire;Rp485.643;;3800 Diamonds;https://d1x91p7vw3vuq8.cloudfront.net/item-type/2025327/f9t34rcst9422vnygpjhkl.svg;;;
Top Up Game;Garena Free Fire;Rp510.906;;4000 Diamonds;https://d1x91p7vw3vuq8.cloudfront.net/item-type/2025327/fy51vjh60o4zy46jz775p.svg;;;
Top Up Game;Garena Free Fire;Rp569.106;;4450 Diamonds;https://d1x91p7vw3vuq8.cloudfront.net/item-type/2025327/8sf266z0xioeexh6ydb834.svg;;;
Top Up Game;Garena Free Fire;Rp614.622;;4800 Diamonds;https://d1x91p7vw3vuq8.cloudfront.net/item-type/2025327/ol87pm5i6h1fwfz00zuft.svg;;;
Top Up Game;Garena Free Fire;Rp829.100;;6480 Diamonds;https://d1x91p7vw3vuq8.cloudfront.net/item-type/2025327/kuaqeub1mcvz500sesndo.svg;;;
Top Up Game;Garena Free Fire;Rp881.853;;6900 Diamonds;https://d1x91p7vw3vuq8.cloudfront.net/item-type/2025327/51au6smvulclf40ogd4ef8.svg;;;
Top Up Game;Garena Free Fire;Rp929.074;;7290 Diamonds;https://d1x91p7vw3vuq8.cloudfront.net/item-type/2025327/2by3nsmk91hk1845qtegnj.svg;;;
Top Up Game;Garena Free Fire;Rp1.251.200;;9800 Diamonds;https://d1x91p7vw3vuq8.cloudfront.net/item-type/2025327/ip8thnidqbr7zkm6vd8rh.svg;;;
Top Up Game;Garena Free Fire;Rp4.650.485;;36500 Diamonds;https://d1x91p7vw3vuq8.cloudfront.net/item-type/2025327/35o3cpz340aizyz4rp13uq.svg;;;
Top Up Game;Garena Free Fire;Rp9.314.190;;73100 Diamonds;https://d1x91p7vw3vuq8.cloudfront.net/item-type/2025327/i6s9oneg77du7iy05x266.svg;;;
Top Up Game;Garena Free Fire;Rp28.147;;Member Mingguan;https://d1x91p7vw3vuq8.cloudfront.net/item-type/2025327/7b2rw7owcfcuej82slth4m.svg;;;
Top Up Game;Garena Free Fire;Rp84.386;;Member Bulanan;https://d1x91p7vw3vuq8.cloudfront.net/item-type/2025327/908dvyro6t7g6fidmob83m.svg;;;
Top Up Game;Garena Free Fire;Rp41.530;;Booyah Pass;https://d1x91p7vw3vuq8.cloudfront.net/item-type/2025327/k4mhd1s665nl2rzdsycad.svg;;;
Top Up Game;Garena Free Fire;Rp13.700;;Level Up Pass - Level 30;https://imgop.itemku.com/?url=https%3A%2F%2Fd1x91p7vw3vuq8.cloudfront.net%2Fitem-type%2F202568%2Fh8i38rnua4udn5mgonvavd.webp&w=96&q=75;;;
Top Up Game;Garena Free Fire;Rp8.560;;Level Up Pass - Level 20;https://imgop.itemku.com/?url=https%3A%2F%2Fd1x91p7vw3vuq8.cloudfront.net%2Fitem-type%2F202568%2F82pbauffqugi32wew6m8td.webp&w=96&q=75;;;
Top Up Game;Garena Free Fire;Rp8.560;;Level Up Pass - Level 15;https://imgop.itemku.com/?url=https%3A%2F%2Fd1x91p7vw3vuq8.cloudfront.net%2Fitem-type%2F202568%2Fi7lyzec0hudw1saehonem.webp&w=96&q=75;;;
Top Up Game;Garena Free Fire;Rp8.560;;Level Up Pass - Level 10;https://imgop.itemku.com/?url=https%3A%2F%2Fd1x91p7vw3vuq8.cloudfront.net%2Fitem-type%2F202568%2Fmdryog0trdg0sc8qo9r8n7.webp&w=96&q=75;;;
Top Up Game;Garena Free Fire;Rp5.140;;Level Up Pass - Level 6;https://imgop.itemku.com/?url=https%3A%2F%2Fd1x91p7vw3vuq8.cloudfront.net%2Fitem-type%2F202568%2Fs1sdx86q0ybgnczgmgvasd.webp&w=96&q=75;;;
Top Up Game;Garena Free Fire;Rp16.930;;Member Mingguan Lite;https://d1x91p7vw3vuq8.cloudfront.net/item-type/2025327/qpoj1bwgj1pfek9zuhpv66.svg;;;
Top Up Game;Garena Free Fire;Rp8.560;;Level Up Pass - Level 25;https://imgop.itemku.com/?url=https%3A%2F%2Fd1x91p7vw3vuq8.cloudfront.net%2Fitem-type%2F202568%2Fwmgauy94mrog8os75tr14.webp&w=96&q=75;;;
Top Up Game;Garena Free Fire;Rp27.300;;100 + 110 Diamonds;https://d1x91p7vw3vuq8.cloudfront.net/item-type/2025329/6v4dokqo1j5krk3gpz6fr.svg;;;
Top Up Game;Garena Free Fire;Rp34.700;;210 + 53 Diamonds;https://d1x91p7vw3vuq8.cloudfront.net/item-type/2025329/ijhbj77c2j44tkhgks5lq.svg;;;
Top Up Game;Garena Free Fire;Rp58.700;;210 + 231 Diamonds;https://d1x91p7vw3vuq8.cloudfront.net/item-type/2025329/btm5o1al474kc1588ziuhp.svg;;;
Top Up Game;Garena Free Fire;Rp85.600;;310 + 341 Diamonds;https://d1x91p7vw3vuq8.cloudfront.net/item-type/2025329/bbmc9geu13r7neysakc7tk.svg;;;
Top Up Game;Garena Free Fire;Rp104.800;;645 + 162 Diamonds;https://d1x91p7vw3vuq8.cloudfront.net/item-type/2025329/gdoqasjq9350fpe3o5qfa45.svg;;;
Top Up Game;Garena Free Fire;Rp141.600;;520 + 572 Diamonds;https://d1x91p7vw3vuq8.cloudfront.net/item-type/2025329/t38x4fvyef4ueiu4oiu2s.svg;;;
Top Up Game;Garena Free Fire;Rp144.800;;530 + 583 Diamonds;https://d1x91p7vw3vuq8.cloudfront.net/item-type/2025329/8z4t57m0lxgna1upbj1wag.svg;;;
Top Up Game;Garena Free Fire;Rp174.300;;1080 + 270 Diamonds;https://d1x91p7vw3vuq8.cloudfront.net/item-type/2025329/7qc23sp04knon91irgvk8.svg;;;
Top Up Game;Garena Free Fire;Rp284.595;;1060 + 1166 Diamonds;https://d1x91p7vw3vuq8.cloudfront.net/item-type/2025329/lqaxx1lf9e0sx94a3skps.svg;;;
Top Up Game;Garena Free Fire;Rp289.750;;1080 + 1183 Diamonds;https://d1x91p7vw3vuq8.cloudfront.net/item-type/2025329/d2b3wm74snaxyrg4glk0wr.svg;;;
Top Up Game;Garena Free Fire;Rp353.059;;2200 + 550 Diamonds;https://d1x91p7vw3vuq8.cloudfront.net/item-type/2025329/a1esmnqwl61x0synhjspyh.svg;;;
Top Up Game;Garena Free Fire;Rp586.500;;2180 + 2398 Diamonds;https://d1x91p7vw3vuq8.cloudfront.net/item-type/2025329/jf0j68z24rg5djx6j5bzef.svg;;;
Top Up Game;Garena Free Fire;Rp592.200;;2200 + 2420 Diamonds;https://d1x91p7vw3vuq8.cloudfront.net/item-type/2025329/74kvmj3gkbfowvcn0ndhyf.svg;;;
Top Up Game;Garena Free Fire;Rp714.000;;4450 + 1113 Diamonds;https://d1x91p7vw3vuq8.cloudfront.net/item-type/2025329/7rbqpun1j8t5nqnafr3czc.svg;;;
Top Up Game;Garena Free Fire;Rp1.103.820;;6900 + 1725 Diamonds;https://d1x91p7vw3vuq8.cloudfront.net/item-type/2025330/wx55xzv6ez35ivt695jh.svg;;;
Top Up Game;Garena Free Fire;Rp1.507.419;;5600 + 6160 Diamonds;https://d1x91p7vw3vuq8.cloudfront.net/item-type/2025329/hmwdb9o40hf5fsjz0kdavn.svg;;;
Top Up Game;Honkai: Star Rail;Rp81.700;;Express Supply Pass;https://imgop.itemku.com/?url=https%3A%2F%2Fd1x91p7vw3vuq8.cloudfront.net%2Fitem-type%2F20251022%2F0x5q8g6zhmar3755wlt5jhi.png&w=96&q=75;;;
Top Up Game;Honkai: Star Rail;Rp15.933;;60 Oneiric Shard;https://imgop.itemku.com/?url=https%3A%2F%2Fd1x91p7vw3vuq8.cloudfront.net%2Fitem-type%2F20251022%2Fw8d4cpyg0oq08mezxrdzg.png&w=96&q=75;;;
Top Up Game;Honkai: Star Rail;Rp79.375;;300+30 Oneiric Shard;https://imgop.itemku.com/?url=https%3A%2F%2Fd1x91p7vw3vuq8.cloudfront.net%2Fitem-type%2F20251022%2Fa5flq7srfx5f2dzp7rd4na.png&w=96&q=75;;;
Top Up Game;Honkai: Star Rail;Rp251.240;;980+110 Oneiric Shard;https://imgop.itemku.com/?url=https%3A%2F%2Fd1x91p7vw3vuq8.cloudfront.net%2Fitem-type%2F20251022%2F939uuqkkmvuuz2gvek312g.png&w=96&q=75;;;
Top Up Game;Honkai: Star Rail;Rp483.220;;1980+260 Oneiric Shard;https://imgop.itemku.com/?url=https%3A%2F%2Fd1x91p7vw3vuq8.cloudfront.net%2Fitem-type%2F20251022%2Fihz7vz6rwtc7f4scza34p.png&w=96&q=75;;;
Top Up Game;Honkai: Star Rail;Rp806.003;;3280+600 Oneiric Shard;https://imgop.itemku.com/?url=https%3A%2F%2Fd1x91p7vw3vuq8.cloudfront.net%2Fitem-type%2F20251022%2Fhom5qxyxe3sfw9k79dib.png&w=96&q=75;;;
Top Up Game;Honkai: Star Rail;Rp1.602.866;;6480+1600 Oneiric Shard;https://imgop.itemku.com/?url=https%3A%2F%2Fd1x91p7vw3vuq8.cloudfront.net%2Fitem-type%2F2025417%2Fk1vgduzrikgi8fzan21ib.png&w=96&q=75;;;
Top Up Game;Magic Chess: Go Go;Rp1.300;;5 Diamonds;https://imgop.itemku.com/?url=https%3A%2F%2Fd1x91p7vw3vuq8.cloudfront.net%2Fitem-type%2F2025420%2Fp1w996o4kfrjx5ky7of5l.png&w=96&q=75;;;
Top Up Game;Magic Chess: Go Go;Rp3.074;;12 Diamonds;https://imgop.itemku.com/?url=https%3A%2F%2Fd1x91p7vw3vuq8.cloudfront.net%2Fitem-type%2F2025420%2F8rmgm02fvj7nhiejf2rugl.png&w=96&q=75;;;
Top Up Game;Magic Chess: Go Go;Rp4.799;;19 Diamonds;https://imgop.itemku.com/?url=https%3A%2F%2Fd1x91p7vw3vuq8.cloudfront.net%2Fitem-type%2F2025420%2Fim4dvb5g4zdc9guyollv6u.png&w=96&q=75;;;
Top Up Game;Magic Chess: Go Go;Rp6.669;;28 Diamonds;https://imgop.itemku.com/?url=https%3A%2F%2Fd1x91p7vw3vuq8.cloudfront.net%2Fitem-type%2F2025420%2Fc5o4sibqe8mijzg8h9kb.png&w=96&q=75;;;
Top Up Game;Magic Chess: Go Go;Rp10.628;;44 Diamonds;https://imgop.itemku.com/?url=https%3A%2F%2Fd1x91p7vw3vuq8.cloudfront.net%2Fitem-type%2F2025420%2Fivp2a751ismah5j03n1947.png&w=96&q=75;;;
Top Up Game;Magic Chess: Go Go;Rp14.668;;59 Diamonds;https://imgop.itemku.com/?url=https%3A%2F%2Fd1x91p7vw3vuq8.cloudfront.net%2Fitem-type%2F2025420%2F1dh4ej7u0cpiagawxscmdk.png&w=96&q=75;;;
Top Up Game;Magic Chess: Go Go;Rp19.899;;85 Diamonds;https://imgop.itemku.com/?url=https%3A%2F%2Fd1x91p7vw3vuq8.cloudfront.net%2Fitem-type%2F2025420%2Fcp73xwd3pdeobiqr48ufwo.png&w=96&q=75;;;
Top Up Game;Magic Chess: Go Go;Rp39.989;;170 Diamonds;https://imgop.itemku.com/?url=https%3A%2F%2Fd1x91p7vw3vuq8.cloudfront.net%2Fitem-type%2F2025420%2Fw033fx42tyn6p1pwnqvexc.png&w=96&q=75;;;
Top Up Game;Magic Chess: Go Go;Rp56.766;;240 Diamonds;https://imgop.itemku.com/?url=https%3A%2F%2Fd1x91p7vw3vuq8.cloudfront.net%2Fitem-type%2F2025420%2Ffpta8xnf3w7mdsxfsj62jc.png&w=96&q=75;;;
Top Up Game;Magic Chess: Go Go;Rp65.000;;296 Diamonds;https://imgop.itemku.com/?url=https%3A%2F%2Fd1x91p7vw3vuq8.cloudfront.net%2Fitem-type%2F2025420%2Fbrgcyxmdlunhrq33a7dvpt.png&w=96&q=75;;;
Top Up Game;Magic Chess: Go Go;Rp95.000;;408 Diamonds;https://imgop.itemku.com/?url=https%3A%2F%2Fd1x91p7vw3vuq8.cloudfront.net%2Fitem-type%2F2025420%2Ffffhsajzhtipi6z7tu95nr.png&w=96&q=75;;;
Top Up Game;Magic Chess: Go Go;Rp129.997;;568 Diamonds;https://imgop.itemku.com/?url=https%3A%2F%2Fd1x91p7vw3vuq8.cloudfront.net%2Fitem-type%2F2025420%2Fb04z0le9cg6uqdr5at7le.png&w=96&q=75;;;
Top Up Game;Magic Chess: Go Go;Rp194.000;;875 Diamonds;https://imgop.itemku.com/?url=https%3A%2F%2Fd1x91p7vw3vuq8.cloudfront.net%2Fitem-type%2F2025420%2F2czf6yx24l1l2iqqxhy407.png&w=96&q=75;;;
Top Up Game;Magic Chess: Go Go;Rp458.599;;2010 Diamonds;https://imgop.itemku.com/?url=https%3A%2F%2Fd1x91p7vw3vuq8.cloudfront.net%2Fitem-type%2F2025420%2Ffwnbhlcxc2u2re912wlule.png&w=96&q=75;;;
Top Up Game;Magic Chess: Go Go;Rp1.040.000;;4830 Diamonds;https://imgop.itemku.com/?url=https%3A%2F%2Fd1x91p7vw3vuq8.cloudfront.net%2Fitem-type%2F2025420%2Fdjz7zeeyrjjobju7j30zi.png&w=96&q=75;;;
Top Up Game;Magic Chess: Go Go;Rp27.835;;Weekly Diamond Pass;https://imgop.itemku.com/?url=https%3A%2F%2Fd1x91p7vw3vuq8.cloudfront.net%2Fitem-type%2F20251019%2Fcm863ctth48dfvu4dlc549.png&w=48&q=75;;;
Top Up Game;LivU;Rp43.500;;299 Coin;https://imgop.itemku.com/?url=https%3A%2F%2Fd1x91p7vw3vuq8.cloudfront.net%2Fitem-type%2F2025419%2F243vfg73atcsre01ffqm4d.png&w=96&q=75;;;
Top Up Game;LivU;Rp43.500;;360 Coin;https://imgop.itemku.com/?url=https%3A%2F%2Fd1x91p7vw3vuq8.cloudfront.net%2Fitem-type%2F2025419%2Fq24kdszmvedai826r62ljf.png&w=96&q=75;;;
Top Up Game;LivU;Rp72.000;;650 Coin;https://imgop.itemku.com/?url=https%3A%2F%2Fd1x91p7vw3vuq8.cloudfront.net%2Fitem-type%2F2025419%2Fqs21awvagbsvrezduazki9.png&w=96&q=75;;;
Top Up Game;LivU;Rp137.500;;990 Coin;https://imgop.itemku.com/?url=https%3A%2F%2Fd1x91p7vw3vuq8.cloudfront.net%2Fitem-type%2F2025419%2Fhnzw75tizw7g9lswhh637.png&w=96&q=75;;;
Top Up Game;LivU;Rp133.000;;1250 Coin;https://imgop.itemku.com/?url=https%3A%2F%2Fd1x91p7vw3vuq8.cloudfront.net%2Fitem-type%2F2025419%2Fhj41capw813jdi4vmog3n.png&w=96&q=75;;;
Top Up Game;LivU;Rp176.500;;1800 Coin;https://imgop.itemku.com/?url=https%3A%2F%2Fd1x91p7vw3vuq8.cloudfront.net%2Fitem-info%2F202592%2Fmf2jvdhqhd9bu2fxhb9hbq.webp&w=96&q=75;;;
Top Up Game;LivU;Rp265.500;;2500 Coin;https://imgop.itemku.com/?url=https%3A%2F%2Fd1x91p7vw3vuq8.cloudfront.net%2Fitem-type%2F2025419%2Ft6bd29iryecdgt964vqxt.png&w=96&q=75;;;
Top Up Game;LivU;Rp321.500;;3500 Coin;https://imgop.itemku.com/?url=https%3A%2F%2Fd1x91p7vw3vuq8.cloudfront.net%2Fitem-info%2F202592%2Fgpzl1m46rp8fqi3b928ib.webp&w=96&q=75;;;
Top Up Game;LivU;Rp497.500;;5000 Coin;https://imgop.itemku.com/?url=https%3A%2F%2Fd1x91p7vw3vuq8.cloudfront.net%2Fitem-type%2F2025419%2F4817wxnp0pztet2t1hknc.png&w=96&q=75;;;
Top Up Game;LivU;Rp605.500;;7000 Coin;https://imgop.itemku.com/?url=https%3A%2F%2Fd1x91p7vw3vuq8.cloudfront.net%2Fitem-type%2F2025119%2Fkxyl19pn0wpqnmouihtc8.png&w=96&q=75;;;
Top Up Game;LivU;Rp927.000;;10000 Coin;https://imgop.itemku.com/?url=https%3A%2F%2Fd1x91p7vw3vuq8.cloudfront.net%2Fitem-type%2F2025419%2Fjbr3ua3x5akgn3rams8h.png&w=96&q=75;;;
Top Up Game;LivU;Rp1.266.000;;15000 Coin;https://imgop.itemku.com/?url=https%3A%2F%2Fd1x91p7vw3vuq8.cloudfront.net%2Fitem-info%2F202592%2Feojcwj4lnlcmypjlanbpq.webp&w=96&q=75;;;
Top Up Game;LivU;Rp1.763.500;;20000 Coin;https://imgop.itemku.com/?url=https%3A%2F%2Fd1x91p7vw3vuq8.cloudfront.net%2Fitem-type%2F2025419%2Fpeku2ctwjf3aqt7pb7d2t.png&w=96&q=75;;;
Top Up Game;LivU;Rp2.881.000;;35000 Coin;https://imgop.itemku.com/?url=https%3A%2F%2Fd1x91p7vw3vuq8.cloudfront.net%2Fitem-info%2F202592%2Fq84guhinr4r9qp0j362von.webp&w=96&q=75;;;
Top Up Game;LivU;Rp4.147.000;;50000 Coin;https://imgop.itemku.com/?url=https%3A%2F%2Fd1x91p7vw3vuq8.cloudfront.net%2Fitem-type%2F2025419%2Fo962mmrozi8eunx0bt29l.png&w=96&q=75;;;
Top Up Game;Genshin Impact;Rp80.168;;Blessing of the Welkin Moon;https://imgop.itemku.com/?url=https%3A%2F%2Fd1x91p7vw3vuq8.cloudfront.net%2Fitem-type%2F20251022%2Fb4vrpz3zqr9qvzaeejebha.png&w=96&q=75;;;
Top Up Game;Genshin Impact;Rp16.144;;60 Genesis Crystals;https://imgop.itemku.com/?url=https%3A%2F%2Fd1x91p7vw3vuq8.cloudfront.net%2Fitem-type%2F20251022%2F1oey2r22bet2kunaexspuc.png&w=96&q=75;;;
Top Up Game;Genshin Impact;Rp80.168;;300+30 Genesis Crystals;https://imgop.itemku.com/?url=https%3A%2F%2Fd1x91p7vw3vuq8.cloudfront.net%2Fitem-type%2F20251022%2Fhw1cn23tno48o0bi6ai0oj.png&w=96&q=75;;;
Top Up Game;Genshin Impact;Rp246.865;;980+110 Genesis Crystals;https://imgop.itemku.com/?url=https%3A%2F%2Fd1x91p7vw3vuq8.cloudfront.net%2Fitem-type%2F20251022%2F96oep52sv5qh58yaxtttq.png&w=96&q=75;;;
Top Up Game;Genshin Impact;Rp467.120;;1980+260 Genesis Crystals;https://imgop.itemku.com/?url=https%3A%2F%2Fd1x91p7vw3vuq8.cloudfront.net%2Fitem-type%2F20251022%2Fuonxqre8avot2ips5eagc.png&w=96&q=75;;;
Top Up Game;Genshin Impact;Rp806.719;;3280+600 Genesis Crystals;https://imgop.itemku.com/?url=https%3A%2F%2Fd1x91p7vw3vuq8.cloudfront.net%2Fitem-type%2F20251022%2Fyd4d69o428rdkgyp5hf5z8.png&w=96&q=75;;;
Top Up Game;Genshin Impact;Rp1.613.411;;6480+1600 Genesis Crystals;https://imgop.itemku.com/?url=https%3A%2F%2Fd1x91p7vw3vuq8.cloudfront.net%2Fitem-type%2F20251022%2Fgdi3t2n6lxrnfdco7fq37.png&w=96&q=75;;;
Top Up Game;PUBG Mobile;Rp379.620;;1800 UC;https://imgop.itemku.com/?url=https%3A%2F%2Fd1x91p7vw3vuq8.cloudfront.net%2Fitem-type%2F2025416%2Fnk0jbpbnlbcqyj7veze9sf.png&w=96&q=75;;;
Top Up Game;PUBG Mobile;Rp15.202;;60 UC;https://imgop.itemku.com/?url=https%3A%2F%2Fd1x91p7vw3vuq8.cloudfront.net%2Fitem-type%2F2025416%2F8lt9cj4zhzx0zbjsug6depr.png&w=96&q=75;;;
Top Up Game;PUBG Mobile;Rp75.924;;325 UC;https://imgop.itemku.com/?url=https%3A%2F%2Fd1x91p7vw3vuq8.cloudfront.net%2Fitem-type%2F2025416%2F7n1lfgti7x93b5l422qrlz.png&w=96&q=75;;;
Top Up Game;PUBG Mobile;Rp151.848;;660 UC;https://imgop.itemku.com/?url=https%3A%2F%2Fd1x91p7vw3vuq8.cloudfront.net%2Fitem-type%2F2025416%2Flbkvxtojtcivvt5df785s.png&w=96&q=75;;;
Top Up Game;PUBG Mobile;Rp759.240;;3850 UC;https://imgop.itemku.com/?url=https%3A%2F%2Fd1x91p7vw3vuq8.cloudfront.net%2Fitem-type%2F2025416%2F9zl1ua7yv6fdygjxp6tq4j.png&w=96&q=75;;;
Top Up Game;PUBG Mobile;Rp1.508.000;;8100 UC;https://imgop.itemku.com/?url=https%3A%2F%2Fd1x91p7vw3vuq8.cloudfront.net%2Fitem-type%2F2025416%2F9xni2y2hgrqcm0r70r4fpu.png&w=96&q=75;;;
Top Up Game;PUBG Mobile;Rp7.940;;Event 30 UC;https://imgop.itemku.com/?url=https%3A%2F%2Fd1x91p7vw3vuq8.cloudfront.net%2Fitem-type%2F2025416%2Fb61ce0juoa2woebba0hh2.png&w=96&q=75;;;
Top Up Game;PUBG Mobile;Rp15.386;;Event 60 UC;https://imgop.itemku.com/?url=https%3A%2F%2Fd1x91p7vw3vuq8.cloudfront.net%2Fitem-type%2F2025416%2Fasanfkqqcp9otvp5owvko8.png&w=96&q=75;;;
Top Up Game;PUBG Mobile;Rp76.140;;Event 300 UC;https://imgop.itemku.com/?url=https%3A%2F%2Fd1x91p7vw3vuq8.cloudfront.net%2Fitem-type%2F2025416%2Fw7chsennyqlxpcjkew0n0l.png&w=96&q=75;;;
Top Up Game;PUBG Mobile;Rp152.280;;Event 600 UC;https://imgop.itemku.com/?url=https%3A%2F%2Fd1x91p7vw3vuq8.cloudfront.net%2Fitem-type%2F2025416%2Foyn1l4jp5b3cgdyg0gt0v.png&w=96&q=75;;;
Top Up Game;PUBG Mobile;Rp380.700;;Event 1500 UC;https://imgop.itemku.com/?url=https%3A%2F%2Fd1x91p7vw3vuq8.cloudfront.net%2Fitem-type%2F2025416%2Fu208wy0d7y6gsm14s8ja9.png&w=96&q=75;;;
Top Up Game;PUBG Mobile;Rp761.400;;Event 3000 UC;https://imgop.itemku.com/?url=https%3A%2F%2Fd1x91p7vw3vuq8.cloudfront.net%2Fitem-type%2F2025416%2F0y4v2l76fb1k9knba5lm6rb.png&w=96&q=75;;;
Top Up Game;PUBG Mobile;Rp1.522.800;;Event 6000 UC;https://imgop.itemku.com/?url=https%3A%2F%2Fd1x91p7vw3vuq8.cloudfront.net%2Fitem-type%2F2025416%2Fro24g7zrm8e7vz3qhdcy5x.png&w=96&q=75;;;
Top Up Game;PUBG Mobile;Rp15.400;;60 UC First Top Up;https://imgop.itemku.com/?url=https%3A%2F%2Fd1x91p7vw3vuq8.cloudfront.net%2Fitem-type%2F2025416%2F2mjeig78m246xmxfmz1te.png&w=96&q=75;;;
Top Up Game;PUBG Mobile;Rp30.790;;120 UC First Top Up;https://imgop.itemku.com/?url=https%3A%2F%2Fd1x91p7vw3vuq8.cloudfront.net%2Fitem-type%2F2025416%2Fzudulezug8ttvx3a6nsng.png&w=96&q=75;;;
Top Up Game;PUBG Mobile;Rp91.570;;360 UC First Top Up;https://imgop.itemku.com/?url=https%3A%2F%2Fd1x91p7vw3vuq8.cloudfront.net%2Fitem-type%2F2025416%2Fx1x7wq9kn9538dfbtxvvi.png&w=96&q=75;;;
Top Up Game;PUBG Mobile;Rp157.173;;600 UC First Top Up;https://imgop.itemku.com/?url=https%3A%2F%2Fd1x91p7vw3vuq8.cloudfront.net%2Fitem-type%2F2025416%2F1cselk0xs9xeeco1abhw5b.png&w=96&q=75;;;
Top Up Game;PUBG Mobile;Rp152.340;;650 UC First Top Up;https://imgop.itemku.com/?url=https%3A%2F%2Fd1x91p7vw3vuq8.cloudfront.net%2Fitem-type%2F2025416%2Fpoz7j896x2dl900v73vl.png&w=96&q=75;;;
Top Up Game;PUBG Mobile;Rp175.670;;750 UC First Top Up;https://imgop.itemku.com/?url=https%3A%2F%2Fd1x91p7vw3vuq8.cloudfront.net%2Fitem-type%2F2025416%2Fjbdnqxt1lyqprnsu3wp9.png&w=96&q=75;;;
Top Up Game;PUBG Mobile;Rp191.060;;800 UC First Top Up;https://imgop.itemku.com/?url=https%3A%2F%2Fd1x91p7vw3vuq8.cloudfront.net%2Fitem-type%2F2025416%2Fba23tny2ihqm22av3t1wt.png&w=96&q=75;;;
Top Up Game;PUBG Mobile;Rp187.900;;ELITE PASS (LV1-100);https://imgop.itemku.com/?url=https%3A%2F%2Fd1x91p7vw3vuq8.cloudfront.net%2Fitem-type%2F2026211%2Fqu00w8cyxg9ho8vz0vx3mj.jpg&w=96&q=75;;;
Top Up Game;PUBG Mobile;Rp477.565;;ELITE PASS PLUS (LV1-100);https://imgop.itemku.com/?url=https%3A%2F%2Fd1x91p7vw3vuq8.cloudfront.net%2Fitem-type%2F2026211%2F7qlmj5wd9ibtqwmhc9goh.jpg&w=96&q=75;;;
Top Up Game;PUBG Mobile;Rp95.220;;ELITE PASS (LV1-50);https://imgop.itemku.com/?url=https%3A%2F%2Fd1x91p7vw3vuq8.cloudfront.net%2Fitem-info%2F2026211%2Fr7nro9aoirl45qos2ghla8.jpg&w=96&q=75;;;
Top Up Game;PUBG Mobile;Rp15.870;;Paket Top-Up Perdana;https://imgop.itemku.com/?url=https%3A%2F%2Fd1x91p7vw3vuq8.cloudfront.net%2Fitem-info%2F2026211%2Flsq6mnf9fpddn7ibf1mm9j.jpg&w=96&q=75;;;
Top Up Game;PUBG Mobile;Rp47.610;;Paket Material Senjata Upgradable;https://imgop.itemku.com/?url=https%3A%2F%2Fd1x91p7vw3vuq8.cloudfront.net%2Fitem-info%2F2026211%2Fzevn09y7modcjbmolvsid.jpg&w=96&q=75;;;
Top Up Game;PUBG Mobile;Rp79.350;;Paket Emblem Mythic;https://imgop.itemku.com/?url=https%3A%2F%2Fd1x91p7vw3vuq8.cloudfront.net%2Fitem-info%2F2026211%2F7ecmtr7s0dgdgyb4741w9.jpg&w=96&q=75;;;
Top Up Game;PUBG Mobile;Rp15.870;;Prime (1 Bulan);https://imgop.itemku.com/?url=https%3A%2F%2Fd1x91p7vw3vuq8.cloudfront.net%2Fitem-info%2F2026211%2Fx5sgz9rj08sratjc9gb14h.jpg&w=96&q=75;;;
Top Up Game;PUBG Mobile;Rp47.610;;Prime (3 Bulan);https://imgop.itemku.com/?url=https%3A%2F%2Fd1x91p7vw3vuq8.cloudfront.net%2Fitem-info%2F2026211%2Fy18vpx2p52ka18xm90a5ft.jpg&w=96&q=75;;;
Top Up Game;PUBG Mobile;Rp95.220;;Prime (6 Bulan);https://imgop.itemku.com/?url=https%3A%2F%2Fd1x91p7vw3vuq8.cloudfront.net%2Fitem-info%2F2026211%2Fd7lt48930ou472hkrblpkk.jpg&w=96&q=75;;;
Top Up Game;PUBG Mobile;Rp190.430;;Prime (12 Bulan);https://imgop.itemku.com/?url=https%3A%2F%2Fd1x91p7vw3vuq8.cloudfront.net%2Fitem-info%2F2026211%2Fsdqokqfbznc4z1tdn3ee7g.jpg&w=96&q=75;;;
Top Up Game;PUBG Mobile;Rp158.690;;Prime Plus (1 Bulan);https://imgop.itemku.com/?url=https%3A%2F%2Fd1x91p7vw3vuq8.cloudfront.net%2Fitem-info%2F2026211%2Fy8ud6ol5vmkuymjqtr33g.jpg&w=96&q=75;;;
Top Up Game;PUBG Mobile;Rp476.060;;Prime Plus (3 Bulan);https://imgop.itemku.com/?url=https%3A%2F%2Fd1x91p7vw3vuq8.cloudfront.net%2Fitem-info%2F2026211%2F04zzdfa1irfkxcri34uwcgd.jpg&w=96&q=75;;;
Top Up Game;PUBG Mobile;Rp952.110;;Prime Plus (6 Bulan);https://imgop.itemku.com/?url=https%3A%2F%2Fd1x91p7vw3vuq8.cloudfront.net%2Fitem-info%2F2026211%2F5wj49v6tvfkueim5wpbpie.png&w=96&q=75;;;
Top Up Game;PUBG Mobile;Rp1.904.220;;Prime Plus (12 Bulan);https://imgop.itemku.com/?url=https%3A%2F%2Fd1x91p7vw3vuq8.cloudfront.net%2Fitem-info%2F2026211%2F3b5sffazfv36t1vggqxfe8.png&w=96&q=75;;;
Top Up Game;PUBG Mobile;Rp15.870;;Weekly Deal Pack 1;https://imgop.itemku.com/?url=https%3A%2F%2Fd1x91p7vw3vuq8.cloudfront.net%2Fitem-info%2F2026211%2Foycdthjizbmidkz81ye8ka.jpg&w=96&q=75;;;
Top Up Game;PUBG Mobile;Rp47.610;;Weekly Deal Pack 2;https://imgop.itemku.com/?url=https%3A%2F%2Fd1x91p7vw3vuq8.cloudfront.net%2Fitem-info%2F2026211%2Fuse0r0h0aegua4crw6xax9.jpg&w=96&q=75;;;
Top Up Game;PUBG Mobile;Rp47.610;;Weekly Mythic Emblem Value Pack;https://imgop.itemku.com/?url=https%3A%2F%2Fd1x91p7vw3vuq8.cloudfront.net%2Fitem-info%2F2026211%2Fn2yryq8ghxeq891o60lmr.jpg&w=96&q=75;;;
Top Up Game;Garena Free Fire Max;Rp850;;5 Diamond;https://d1x91p7vw3vuq8.cloudfront.net/item-type/2025420/lz5gz2rrewbftjcmmc20vd.svg;;;
Top Up Game;Garena Free Fire Max;Rp1.860;;12 Diamond;https://d1x91p7vw3vuq8.cloudfront.net/item-type/2025420/zs90w9zkmuknnpn7pt4r8.svg;;;
Top Up Game;Garena Free Fire Max;Rp3.390;;20 Diamond;https://d1x91p7vw3vuq8.cloudfront.net/item-type/2025420/098z17llebtwpne0l3dnuzb.svg;;;
Top Up Game;Garena Free Fire Max;Rp6.570;;50 Diamond;https://d1x91p7vw3vuq8.cloudfront.net/item-type/2025420/i3xnn35qc2of9as52v4rj.svg;;;
Top Up Game;Garena Free Fire Max;Rp9.280;;70 Diamond;https://d1x91p7vw3vuq8.cloudfront.net/item-type/2025420/y7xfib17ds0aqb4v7wicdi.svg;;;
Top Up Game;Garena Free Fire Max;Rp18.100;;140 Diamond;https://d1x91p7vw3vuq8.cloudfront.net/item-type/2025420/xyge9gnuqgjzvb186o632a.svg;;;
Top Up Game;Garena Free Fire Max;Rp46.390;;355 Diamond;https://d1x91p7vw3vuq8.cloudfront.net/item-type/2025420/qudqli9fcjrf59b82efqni.svg;;;
Top Up Game;Garena Free Fire Max;Rp92.760;;720 Diamond;https://d1x91p7vw3vuq8.cloudfront.net/item-type/2025420/o4ph5qefddaxdvafdcwl.svg;;;
Top Up Game;Garena Free Fire Max;Rp187.200;;1450 Diamond;https://d1x91p7vw3vuq8.cloudfront.net/item-type/2025420/6vdjus4mxm8hmzor6fk766.svg;;;
Top Up Game;Garena Free Fire Max;Rp259.700;;2000 Diamond;https://d1x91p7vw3vuq8.cloudfront.net/item-type/2025420/nkuufpu0cl4fk33scd1n2.svg;;;
Top Up Game;Garena Free Fire Max;Rp281.650;;2180 Diamond;https://d1x91p7vw3vuq8.cloudfront.net/item-type/2025420/yzedqadil5zz8zziyogg.svg;;;
Top Up Game;Garena Free Fire Max;Rp470.320;;3640 Diamond;https://d1x91p7vw3vuq8.cloudfront.net/item-type/2025420/ewn3y4huf75exzhcrd0ns.svg;;;
Top Up Game;Garena Free Fire Max;Rp930.950;;7290 Diamond;https://d1x91p7vw3vuq8.cloudfront.net/item-type/2025420/8o056eeubrw19g74cy4z2o.svg;;;
Top Up Game;Garena Free Fire Max;Rp4.789.800;;36500 Diamond;https://d1x91p7vw3vuq8.cloudfront.net/item-type/2025829/zsxfdt02jmjg3rz02whiz.svg;;;
Top Up Game;Garena Free Fire Max;Rp9.962.200;;73100 Diamond;https://d1x91p7vw3vuq8.cloudfront.net/item-type/2025829/2tcc8xipqe9wt9y1tlaxc.svg;;;
Top Up Game;Garena Free Fire Max;Rp28.485;;Member Mingguan;https://d1x91p7vw3vuq8.cloudfront.net/item-type/2025420/vpv7uisbjfvu32lxmfxs9.svg;;;
Top Up Game;Garena Free Fire Max;Rp84.659;;Member Bulanan;https://d1x91p7vw3vuq8.cloudfront.net/item-type/2025420/l1pbsxby0u402fg76t4qg.svg;;;
Top Up Game;Garena Free Fire Max;Rp18.000;;Member Mingguan Lite;https://d1x91p7vw3vuq8.cloudfront.net/item-type/2025420/88wdo0m4c43wdgw5po720l.svg;;;
Top Up Game;Honor of Kings;Rp1.708;;8 Tokens;https://imgop.itemku.com/?url=https%3A%2F%2Fd1x91p7vw3vuq8.cloudfront.net%2Fitem-type%2F2025417%2F07upbishwsq399t0lblyvm.png&w=96&q=75;;;
Top Up Game;Honor of Kings;Rp3.000;;16 Tokens;https://imgop.itemku.com/?url=https%3A%2F%2Fd1x91p7vw3vuq8.cloudfront.net%2Fitem-type%2F2025417%2Fq5uxl2kp359vd3h7vvs9x.png&w=96&q=75;;;
Top Up Game;Honor of Kings;Rp5.489;;23 Tokens;https://imgop.itemku.com/?url=https%3A%2F%2Fd1x91p7vw3vuq8.cloudfront.net%2Fitem-type%2F2025417%2F3ap691muf29u4dzh27j2v.png&w=96&q=75;;;
Top Up Game;Honor of Kings;Rp14.850;;80 Tokens;https://imgop.itemku.com/?url=https%3A%2F%2Fd1x91p7vw3vuq8.cloudfront.net%2Fitem-type%2F2025417%2Feeoiehuac6i7ej8vvb7aoo.png&w=96&q=75;;;
Top Up Game;Honor of Kings;Rp43.280;;240 Tokens;https://imgop.itemku.com/?url=https%3A%2F%2Fd1x91p7vw3vuq8.cloudfront.net%2Fitem-type%2F2025417%2Fdxudwpkk5d3ug7qpdh8tn.png&w=96&q=75;;;
Top Up Game;Honor of Kings;Rp71.100;;400 Tokens;https://imgop.itemku.com/?url=https%3A%2F%2Fd1x91p7vw3vuq8.cloudfront.net%2Fitem-type%2F2025417%2Fw1vv1xaa13jle1goznzu8p.png&w=96&q=75;;;
Top Up Game;Honor of Kings;Rp97.300;;560 Tokens;https://imgop.itemku.com/?url=https%3A%2F%2Fd1x91p7vw3vuq8.cloudfront.net%2Fitem-type%2F2025417%2Fqodyywk4vgev2quswb3m9.png&w=96&q=75;;;
Top Up Game;Honor of Kings;Rp143.900;;800 Tokens;https://imgop.itemku.com/?url=https%3A%2F%2Fd1x91p7vw3vuq8.cloudfront.net%2Fitem-type%2F2025417%2Fmqy9yrbgyjfzfaxiahu53.png&w=96&q=75;;;
Top Up Game;Honor of Kings;Rp218.070;;1200 Tokens;https://imgop.itemku.com/?url=https%3A%2F%2Fd1x91p7vw3vuq8.cloudfront.net%2Fitem-type%2F2025417%2F67omvfui93kqu0ersl3i.png&w=96&q=75;;;
Top Up Game;Honor of Kings;Rp397.990;;2400 Tokens;https://imgop.itemku.com/?url=https%3A%2F%2Fd1x91p7vw3vuq8.cloudfront.net%2Fitem-type%2F2025417%2F4q35opqe6fd5d83x0jd17.png&w=96&q=75;;;
Top Up Game;Honor of Kings;Rp728.200;;4000 Tokens;https://imgop.itemku.com/?url=https%3A%2F%2Fd1x91p7vw3vuq8.cloudfront.net%2Fitem-type%2F2025417%2F1q8y21ey8jxuh83x96oqm.png&w=96&q=75;;;
Top Up Game;Honor of Kings;Rp1.439.970;;8000 Tokens;https://imgop.itemku.com/?url=https%3A%2F%2Fd1x91p7vw3vuq8.cloudfront.net%2Fitem-type%2F2025417%2Fsd98lvygpzqai2nvpxzo9.png&w=96&q=75;;;
Game Key;911 Operator;Rp40.000;24 terjual;911 Operator;https://imgop.itemku.com/?url=https%3A%2F%2Fd1x91p7vw3vuq8.cloudfront.net%2Fsteam-app-image%2Fcapsule-landscape%2F503560.jpg&w=1033&q=75;;;
Game Key;911 Operator;Rp29.900;15 terjual;911 Operator;https://imgop.itemku.com/?url=https%3A%2F%2Fd1x91p7vw3vuq8.cloudfront.net%2Fsteam-app-image%2Fcapsule-landscape%2F503560.jpg&w=1033&q=75;;;
Game Key;911 Operator;Rp34.900;14 terjual;911 Operator;https://imgop.itemku.com/?url=https%3A%2F%2Fd1x91p7vw3vuq8.cloudfront.net%2Fsteam-app-image%2Fcapsule-landscape%2F503560.jpg&w=1033&q=75;;;
Game Key;911 Operator;Rp30.000;14 terjual;911 Operator;https://imgop.itemku.com/?url=https%3A%2F%2Fd1x91p7vw3vuq8.cloudfront.net%2Fsteam-app-image%2Fcapsule-landscape%2F503560.jpg&w=1033&q=75;;;
Game Key;911 Operator;Rp29.000;14 terjual;911 Operator;https://imgop.itemku.com/?url=https%3A%2F%2Fd1x91p7vw3vuq8.cloudfront.net%2Fsteam-app-image%2Fcapsule-landscape%2F503560.jpg&w=1033&q=75;;;
Game Key;ARK: Survival Ascended;Rp239.000;14 terjual;ARK: Survival Ascended;https://imgop.itemku.com/?url=https%3A%2F%2Fd1x91p7vw3vuq8.cloudfront.net%2Fsteam-app-image%2Fcapsule-landscape%2F2399830.jpg&w=600&q=75;;;
Game Key;ARK: Survival Ascended;Rp240.000;14 terjual;ARK: Survival Ascended;https://imgop.itemku.com/?url=https%3A%2F%2Fd1x91p7vw3vuq8.cloudfront.net%2Fsteam-app-image%2Fcapsule-landscape%2F2399830.jpg&w=600&q=75;;;
Game Key;Assassin's Creed® Odyssey;Rp1.570.000;14 terjual;Assassin's Creed Odyssey - Ultimate Edition;https://imgop.itemku.com/?url=https%3A%2F%2Fd1x91p7vw3vuq8.cloudfront.net%2Fsteam-app-image%2Fcapsule-landscape%2F812140.jpg&w=1033&q=75;;;
Game Key;Assassin's Creed® Odyssey;Rp1.209.000;14 terjual;Assassin's Creed Odyssey - Gold Edition;https://imgop.itemku.com/?url=https%3A%2F%2Fd1x91p7vw3vuq8.cloudfront.net%2Fsteam-app-image%2Fcapsule-landscape%2F812140.jpg&w=1033&q=75;;;
Game Key;Assassin's Creed® Odyssey;Rp536.000;14 terjual;Assassin's Creed Odyssey - Deluxe Edition;https://imgop.itemku.com/?url=https%3A%2F%2Fd1x91p7vw3vuq8.cloudfront.net%2Fsteam-app-image%2Fcapsule-landscape%2F812140.jpg&w=1033&q=75;;;
Game Key;Assassin's Creed® Odyssey;Rp357.000;14 terjual;Assassin's Creed Odyssey - Standard Edition;https://imgop.itemku.com/?url=https%3A%2F%2Fd1x91p7vw3vuq8.cloudfront.net%2Fsteam-app-image%2Fcapsule-landscape%2F812140.jpg&w=1033&q=75;;;
Game Key;Assassin's Creed® Odyssey;Rp913.000;14 terjual;Assassin's Creed Odyssey - Ultimate Edition;https://imgop.itemku.com/?url=https%3A%2F%2Fd1x91p7vw3vuq8.cloudfront.net%2Fsteam-app-image%2Fcapsule-landscape%2F812140.jpg&w=1033&q=75;;;
Game Key;Palworld;Rp676.009;14 terjual;Palworld;https://imgop.itemku.com/?url=https%3A%2F%2Fd1x91p7vw3vuq8.cloudfront.net%2Fsteam-app-image%2Fcapsule-landscape%2F1623730.jpg&w=1033&q=75;;;
Game Key;Palworld;Rp463.119;14 terjual;Palworld;https://imgop.itemku.com/?url=https%3A%2F%2Fd1x91p7vw3vuq8.cloudfront.net%2Fsteam-app-image%2Fcapsule-landscape%2F1623730.jpg&w=1033&q=75;;;
Game Key;Palworld;Rp567.000;14 terjual;Palworld;https://imgop.itemku.com/?url=https%3A%2F%2Fd1x91p7vw3vuq8.cloudfront.net%2Fsteam-app-image%2Fcapsule-landscape%2F1623730.jpg&w=1033&q=75;;;
Game Key;Palworld;Rp560.000;14 terjual;Palworld;https://imgop.itemku.com/?url=https%3A%2F%2Fd1x91p7vw3vuq8.cloudfront.net%2Fsteam-app-image%2Fcapsule-landscape%2F1623730.jpg&w=1033&q=75;;;
Game Key;Age of Empires II: Definitive Edition;Rp209.272;27 terjual;Age of Empires II: Definitive Edition;https://imgop.itemku.com/?url=https%3A%2F%2Fd1x91p7vw3vuq8.cloudfront.net%2Fsteam-app-image%2Fcapsule-landscape%2F813780.jpg&w=1033&q=75;;;
Game Key;Age of Empires II: Definitive Edition;Rp279.000;16 terjual;Age of Empires II: Definitive Edition;https://imgop.itemku.com/?url=https%3A%2F%2Fd1x91p7vw3vuq8.cloudfront.net%2Fsteam-app-image%2Fcapsule-landscape%2F813780.jpg&w=1033&q=75;;;
Game Key;Age of Empires II: Definitive Edition;Rp278.000;15 terjual;Age of Empires II: Definitive Edition;https://imgop.itemku.com/?url=https%3A%2F%2Fd1x91p7vw3vuq8.cloudfront.net%2Fsteam-app-image%2Fcapsule-landscape%2F813780.jpg&w=1033&q=75;;;
Game Key;Age of Empires II: Definitive Edition;Rp278.000;14 terjual;Age of Empires II: Definitive Edition;https://imgop.itemku.com/?url=https%3A%2F%2Fd1x91p7vw3vuq8.cloudfront.net%2Fsteam-app-image%2Fcapsule-landscape%2F813780.jpg&w=1033&q=75;;;
Game Key;Age of Empires II: Definitive Edition;Rp278.000;14 terjual;Age of Empires II: Definitive Edition;https://imgop.itemku.com/?url=https%3A%2F%2Fd1x91p7vw3vuq8.cloudfront.net%2Fsteam-app-image%2Fcapsule-landscape%2F813780.jpg&w=1033&q=75;;;
Game Key;Age of Empires II: Definitive Edition;Rp432.000;14 terjual;Age of Empires II: Definitive Edition;https://imgop.itemku.com/?url=https%3A%2F%2Fd1x91p7vw3vuq8.cloudfront.net%2Fsteam-app-image%2Fcapsule-landscape%2F813780.jpg&w=1033&q=75;;;
Game Key;Age of Empires II: Definitive Edition;Rp294.000;14 terjual;Age of Empires II: Definitive Edition;https://imgop.itemku.com/?url=https%3A%2F%2Fd1x91p7vw3vuq8.cloudfront.net%2Fsteam-app-image%2Fcapsule-landscape%2F813780.jpg&w=1033&q=75;;;
Game Key;Arma 3;Rp164.024;18 terjual;Arma 3;https://imgop.itemku.com/?url=https%3A%2F%2Fd1x91p7vw3vuq8.cloudfront.net%2Fsteam-app-image%2Fcapsule-landscape%2F107410.jpg&w=1033&q=75;;;
Game Key;Arma 3;Rp215.000;15 terjual;Arma 3;https://imgop.itemku.com/?url=https%3A%2F%2Fd1x91p7vw3vuq8.cloudfront.net%2Fsteam-app-image%2Fcapsule-landscape%2F107410.jpg&w=1033&q=75;;;
Game Key;Arma 3;Rp230.000;15 terjual;Arma 3;https://imgop.itemku.com/?url=https%3A%2F%2Fd1x91p7vw3vuq8.cloudfront.net%2Fsteam-app-image%2Fcapsule-landscape%2F107410.jpg&w=1033&q=75;;;
Game Key;Arma 3;Rp199.000;14 terjual;Arma 3 Deluxe Edition;https://imgop.itemku.com/?url=https%3A%2F%2Fd1x91p7vw3vuq8.cloudfront.net%2Fsteam-app-image%2Fcapsule-landscape%2F107410.jpg&w=1033&q=75;;;
Game Key;Arma 3;Rp176.500;14 terjual;Arma 3;https://imgop.itemku.com/?url=https%3A%2F%2Fd1x91p7vw3vuq8.cloudfront.net%2Fsteam-app-image%2Fcapsule-landscape%2F107410.jpg&w=1033&q=75;;;
Game Key;Arma 3;Rp315.000;14 terjual;Arma 3 Deluxe Edition;https://imgop.itemku.com/?url=https%3A%2F%2Fd1x91p7vw3vuq8.cloudfront.net%2Fsteam-app-image%2Fcapsule-landscape%2F107410.jpg&w=1033&q=75;;;
Game Key;Arma 3;Rp178.000;14 terjual;Arma 3;https://imgop.itemku.com/?url=https%3A%2F%2Fd1x91p7vw3vuq8.cloudfront.net%2Fsteam-app-image%2Fcapsule-landscape%2F107410.jpg&w=1033&q=75;;;
Game Key;Assassin's Creed Shadows;Rp1.156.000;14 terjual;Assassin's Creed Shadows - Standard Edition;https://imgop.itemku.com/?url=https%3A%2F%2Fd1x91p7vw3vuq8.cloudfront.net%2Fimage_upload%2F202534%2Fksri5oq7yv4a8szz0wa1r.png&w=1033&q=75;;;
Game Key;Assassin's Creed Shadows;Rp687.000;14 terjual;Assassin's Creed Shadows - Digital Deluxe Edition;https://imgop.itemku.com/?url=https%3A%2F%2Fd1x91p7vw3vuq8.cloudfront.net%2Fimage_upload%2F202534%2Fksri5oq7yv4a8szz0wa1r.png&w=1033&q=75;;;
Game Key;Assassin's Creed Shadows;Rp520.352;14 terjual;Assassin's Creed Shadows - Standard Edition;https://imgop.itemku.com/?url=https%3A%2F%2Fd1x91p7vw3vuq8.cloudfront.net%2Fimage_upload%2F202534%2Fksri5oq7yv4a8szz0wa1r.png&w=1033&q=75;;;
Game Key;Assassin's Creed Shadows;Rp599.536;14 terjual;Assassin's Creed Shadows - Digital Deluxe Edition;https://imgop.itemku.com/?url=https%3A%2F%2Fd1x91p7vw3vuq8.cloudfront.net%2Fimage_upload%2F202534%2Fksri5oq7yv4a8szz0wa1r.png&w=1033&q=75;;;
Game Key;.hack//G.U. Last Recode;Rp75.000;15 terjual;.hack//G.U. Last Recode;https://imgop.itemku.com/?url=https%3A%2F%2Fd1x91p7vw3vuq8.cloudfront.net%2Fitem-type%2F20251218%2F110a627vzbocc3cd3rl5op.jpg&w=1033&q=75;;;
Game Key;.hack//G.U. Last Recode;Rp75.000;17 terjual;.hack//G.U. Last Recode;https://imgop.itemku.com/?url=https%3A%2F%2Fd1x91p7vw3vuq8.cloudfront.net%2Fitem-type%2F20251218%2F110a627vzbocc3cd3rl5op.jpg&w=1033&q=75;;;
Game Key;.hack//G.U. Last Recode;Rp66.700;16 terjual;.hack//G.U. Last Recode;https://imgop.itemku.com/?url=https%3A%2F%2Fd1x91p7vw3vuq8.cloudfront.net%2Fitem-type%2F20251218%2F110a627vzbocc3cd3rl5op.jpg&w=1033&q=75;;;
Game Key;Age of Empires III: Definitive Edition;Rp89.000;16 terjual;Age of Empires III: Definitive Edition (Base Game);https://imgop.itemku.com/?url=https%3A%2F%2Fd1x91p7vw3vuq8.cloudfront.net%2Fsteam-app-image%2Fcapsule-landscape%2F933110.jpg&w=1033&q=75;;;
Game Key;Age of Empires III: Definitive Edition;Rp100.000;15 terjual;Age of Empires III: Definitive Edition (Base Game);https://imgop.itemku.com/?url=https%3A%2F%2Fd1x91p7vw3vuq8.cloudfront.net%2Fsteam-app-image%2Fcapsule-landscape%2F933110.jpg&w=1033&q=75;;;
Game Key;Age of Empires III: Definitive Edition;Rp189.000;14 terjual;Age of Empires III: Definitive Edition (Base Game);https://imgop.itemku.com/?url=https%3A%2F%2Fd1x91p7vw3vuq8.cloudfront.net%2Fsteam-app-image%2Fcapsule-landscape%2F933110.jpg&w=1033&q=75;;;
Game Key;Age of Empires III: Definitive Edition;Rp88.000;14 terjual;Age of Empires III: Definitive Edition (Base Game);https://imgop.itemku.com/?url=https%3A%2F%2Fd1x91p7vw3vuq8.cloudfront.net%2Fsteam-app-image%2Fcapsule-landscape%2F933110.jpg&w=1033&q=75;;;
Game Key;Age of Empires III: Definitive Edition;Rp85.971;14 terjual;Age of Empires III: Definitive Edition (Base Game);https://imgop.itemku.com/?url=https%3A%2F%2Fd1x91p7vw3vuq8.cloudfront.net%2Fsteam-app-image%2Fcapsule-landscape%2F933110.jpg&w=1033&q=75;;;
Game Key;Assassin's Creed Mirage;Rp1.635.000;14 terjual;Assassin’s Creed Mirage Master Assassin Edition;https://imgop.itemku.com/?url=https%3A%2F%2Fd1x91p7vw3vuq8.cloudfront.net%2Fsteam-app-image%2Fcapsule-landscape%2F3035570.jpg&w=1033&q=75;;;
Game Key;Assassin's Creed Mirage;Rp575.000;14 terjual;Assassin’s Creed® Mirage;https://imgop.itemku.com/?url=https%3A%2F%2Fd1x91p7vw3vuq8.cloudfront.net%2Fsteam-app-image%2Fcapsule-landscape%2F3035570.jpg&w=1033&q=75;;;
Game Key;Assassin's Creed Mirage;Rp640.000;14 terjual;Assassin’s Creed® Mirage Deluxe Edition;https://imgop.itemku.com/?url=https%3A%2F%2Fd1x91p7vw3vuq8.cloudfront.net%2Fsteam-app-image%2Fcapsule-landscape%2F3035570.jpg&w=1033&q=75;;;
Game Key;Assassin's Creed Mirage;Rp449.000;14 terjual;Assassin’s Creed® Mirage;https://imgop.itemku.com/?url=https%3A%2F%2Fd1x91p7vw3vuq8.cloudfront.net%2Fsteam-app-image%2Fcapsule-landscape%2F3035570.jpg&w=1033&q=75;;;
Game Key;Assetto Corsa;Rp80.700;34 terjual;Assetto Corsa;https://imgop.itemku.com/?url=https%3A%2F%2Fd1x91p7vw3vuq8.cloudfront.net%2Fsteam-app-image%2Fcapsule-landscape%2F244210.jpg&w=1033&q=75;;;
Game Key;Assetto Corsa;Rp80.800;24 terjual;Assetto Corsa;https://imgop.itemku.com/?url=https%3A%2F%2Fd1x91p7vw3vuq8.cloudfront.net%2Fsteam-app-image%2Fcapsule-landscape%2F244210.jpg&w=1033&q=75;;;
Game Key;Assetto Corsa;Rp125.000;16 terjual;Assetto Corsa;https://imgop.itemku.com/?url=https%3A%2F%2Fd1x91p7vw3vuq8.cloudfront.net%2Fsteam-app-image%2Fcapsule-landscape%2F244210.jpg&w=1033&q=75;;;
Game Key;Assetto Corsa;Rp87.500;16 terjual;Assetto Corsa;https://imgop.itemku.com/?url=https%3A%2F%2Fd1x91p7vw3vuq8.cloudfront.net%2Fsteam-app-image%2Fcapsule-landscape%2F244210.jpg&w=1033&q=75;;;
Roblox Games;Roblox;Rp120;;1 Robux;https://imgop.itemku.com/?url=https%3A%2F%2Fd1x91p7vw3vuq8.cloudfront.net%2Fitem-type%2F2025618%2Fxr1gayk11k57c29k7hjz9.png&w=96&q=75;;;
Roblox Games;Roblox;Rp12.000;;100 Robux;https://imgop.itemku.com/?url=https%3A%2F%2Fd1x91p7vw3vuq8.cloudfront.net%2Fitem-type%2F2025618%2Fo36s21ul51as2a4oznihw9.png&w=96&q=75;;;
Roblox Games;Roblox;Rp65.000;;500 Robux;https://imgop.itemku.com/?url=https%3A%2F%2Fd1x91p7vw3vuq8.cloudfront.net%2Fitem-type%2F2025618%2Fy6wnxkkplb5vjr7sx937m.png&w=96&q=75;;;
Roblox Games;Roblox;Rp120.000;;1000 Robux;https://imgop.itemku.com/?url=https%3A%2F%2Fd1x91p7vw3vuq8.cloudfront.net%2Fitem-type%2F2025618%2F601xf5c7qgnlb1felhxzql.png&w=96&q=75;;;
Roblox Games;Roblox;Rp188.000;;1500 Robux;https://imgop.itemku.com/?url=https%3A%2F%2Fd1x91p7vw3vuq8.cloudfront.net%2Fitem-type%2F2025618%2F9nv3c8smk5qvyss2rhgz5.png&w=96&q=75;;;
Roblox Games;Roblox;Rp240.000;;2000 Robux;https://imgop.itemku.com/?url=https%3A%2F%2Fd1x91p7vw3vuq8.cloudfront.net%2Fitem-type%2F2025618%2Fsvcgeojjg5n5c5zu67s9.png&w=96&q=75;;;
Roblox Games;Roblox;Rp383.990;;3000 Robux;https://imgop.itemku.com/?url=https%3A%2F%2Fd1x91p7vw3vuq8.cloudfront.net%2Fitem-type%2F2025618%2Ff0sv5x3ebuxgiu26u6qri.png&w=96&q=75;;;
Roblox Games;Roblox;Rp459.600;;4000 Robux;https://imgop.itemku.com/?url=https%3A%2F%2Fd1x91p7vw3vuq8.cloudfront.net%2Fitem-type%2F2025618%2F334ua6q0kt50vt4jbkrkfu.png&w=96&q=75;;;
Roblox Games;Roblox;Rp574.500;;5000 Robux;https://imgop.itemku.com/?url=https%3A%2F%2Fd1x91p7vw3vuq8.cloudfront.net%2Fitem-type%2F2025618%2Fxk6o2p4nlaahcq89jen9gt.png&w=96&q=75;;;
Roblox Games;Roblox;Rp689.400;;6000 Robux;https://imgop.itemku.com/?url=https%3A%2F%2Fd1x91p7vw3vuq8.cloudfront.net%2Fitem-type%2F2025618%2Fm6wdfddp07si1vrnhurvig.png&w=96&q=75;;;
Roblox Games;Roblox;Rp804.300;;7000 Robux;https://imgop.itemku.com/?url=https%3A%2F%2Fd1x91p7vw3vuq8.cloudfront.net%2Fitem-type%2F2025618%2Fcjyjcmtyklwkq3z3fgn7lq.png&w=96&q=75;;;
Roblox Games;Roblox;Rp919.200;;8000 Robux;https://imgop.itemku.com/?url=https%3A%2F%2Fd1x91p7vw3vuq8.cloudfront.net%2Fitem-type%2F2025618%2Fvs3m4xxa16cdsd6w58p84.png&w=96&q=75;;;
Roblox Games;Roblox;Rp1.034.100;;9000 Robux;https://imgop.itemku.com/?url=https%3A%2F%2Fd1x91p7vw3vuq8.cloudfront.net%2Fitem-type%2F2025618%2Foth7yluko0rukawa2dewse.png&w=96&q=75;;;
Roblox Games;Roblox;Rp1.149.000;;10000 Robux;https://imgop.itemku.com/?url=https%3A%2F%2Fd1x91p7vw3vuq8.cloudfront.net%2Fitem-type%2F2025618%2Fvea75m8c7ao81w8z1tj86e.png&w=96&q=75;;;
Roblox Games;Roblox;Rp200;;1 Robux before Tax;https://imgop.itemku.com/?url=https%3A%2F%2Fd1x91p7vw3vuq8.cloudfront.net%2Fitem-type%2F2025618%2Fzw8tzf7v5dk5x2r6xwet1n.png&w=96&q=75;;;
Roblox Games;Roblox;Rp10.000;;100 Robux before Tax;https://imgop.itemku.com/?url=https%3A%2F%2Fd1x91p7vw3vuq8.cloudfront.net%2Fitem-type%2F2025618%2F06kuzw99klrcodwqfdpod7.png&w=96&q=75;;;
Roblox Games;Roblox;Rp50.000;;500 Robux before Tax;https://imgop.itemku.com/?url=https%3A%2F%2Fd1x91p7vw3vuq8.cloudfront.net%2Fitem-type%2F2025618%2Fp5bbjf5hmzagr4y1lsmfa.png&w=96&q=75;;;
Roblox Games;Roblox;Rp95.000;;1000 Robux before Tax;https://imgop.itemku.com/?url=https%3A%2F%2Fd1x91p7vw3vuq8.cloudfront.net%2Fitem-type%2F2025618%2F1dbzeg2i4phbifxx4cq52j.png&w=96&q=75;;;
Roblox Games;Roblox;Rp150.000;;1500 Robux before Tax;https://imgop.itemku.com/?url=https%3A%2F%2Fd1x91p7vw3vuq8.cloudfront.net%2Fitem-type%2F2025618%2Fsspw31c9c0pmrgae7typ58.png&w=96&q=75;;;
Roblox Games;Roblox;Rp200.000;;2000 Robux before Tax;https://imgop.itemku.com/?url=https%3A%2F%2Fd1x91p7vw3vuq8.cloudfront.net%2Fitem-type%2F2025618%2F8w5t0q02g11newobxe6pg.png&w=96&q=75;;;
Roblox Games;Roblox;Rp300.000;;3000 Robux before Tax;https://imgop.itemku.com/?url=https%3A%2F%2Fd1x91p7vw3vuq8.cloudfront.net%2Fitem-type%2F2025618%2F4v1ajrv7xqr6a8eh1pp2qw.png&w=96&q=75;;;
Roblox Games;Roblox;Rp400.000;;4000 Robux before Tax;https://imgop.itemku.com/?url=https%3A%2F%2Fd1x91p7vw3vuq8.cloudfront.net%2Fitem-type%2F2025618%2Fvx7ft7x5yredr0dcaeeuj.png&w=96&q=75;;;
Roblox Games;Roblox;Rp449.990;;5000 Robux before Tax;https://imgop.itemku.com/?url=https%3A%2F%2Fd1x91p7vw3vuq8.cloudfront.net%2Fitem-type%2F2025618%2Fxyjjii9oomqnmbfz9a2dt8.png&w=96&q=75;;;
Roblox Games;Roblox;Rp539.990;;6000 Robux before Tax;https://imgop.itemku.com/?url=https%3A%2F%2Fd1x91p7vw3vuq8.cloudfront.net%2Fitem-type%2F2025618%2Fxgbxvsm1vj6nfh9e560iy.png&w=96&q=75;;;
Roblox Games;Roblox;Rp791.000;;7000 Robux before Tax;https://imgop.itemku.com/?url=https%3A%2F%2Fd1x91p7vw3vuq8.cloudfront.net%2Fitem-type%2F2025618%2F25l3kbnxw2bjuejgvryjt9.png&w=96&q=75;;;
Roblox Games;Roblox;Rp904.000;;8000 Robux before Tax;https://imgop.itemku.com/?url=https%3A%2F%2Fd1x91p7vw3vuq8.cloudfront.net%2Fitem-type%2F2025618%2F7pb2ab6k3c5yb3fji77wj.png&w=96&q=75;;;
Roblox Games;Roblox;Rp1.017.000;;9000 Robux before Tax;https://imgop.itemku.com/?url=https%3A%2F%2Fd1x91p7vw3vuq8.cloudfront.net%2Fitem-type%2F2025618%2Fbtbkhurhsfs0md4th3yt2wb.png&w=96&q=75;;;
Roblox Games;Roblox;Rp899.990;;10000 Robux before Tax;https://imgop.itemku.com/?url=https%3A%2F%2Fd1x91p7vw3vuq8.cloudfront.net%2Fitem-type%2F2025618%2F6frew787xzhahegkdxo2va.png&w=96&q=75;;;
Roblox Games;Fisch;Rp150;14165 terjual;Cosmic Relic;https://imgop.itemku.com/?url=https%3A%2F%2Fd1x91p7vw3vuq8.cloudfront.net%2Fitemku-upload%2F2025106%2F337cxzsi6ep6zvjx8zghyt_thumbnail.jpg&w=1033&q=75;;;
Roblox Games;Fisch;Rp80;8867 terjual;Enchant Relic;https://imgop.itemku.com/?url=https%3A%2F%2Fd1x91p7vw3vuq8.cloudfront.net%2Fitemku-upload%2F202516%2F7b2wz6gdt8x60nv1k6b05b_thumbnail.jpg&w=1033&q=75;;;
Roblox Games;Fisch;Rp100;8249 terjual;Exalted Relic;https://imgop.itemku.com/?url=https%3A%2F%2Fd1x91p7vw3vuq8.cloudfront.net%2Fitemku-upload%2F202547%2Fhqgu14fjkzfxs2tpews1x_thumbnail.jpg&w=1033&q=75;;;
Roblox Games;Fisch;Rp4.500;7095 terjual;Onirifalx Rod Set;https://imgop.itemku.com/?url=https%3A%2F%2Fd1x91p7vw3vuq8.cloudfront.net%2Fitemku-upload%2F2025106%2F20ha0eqbko53l312p3f8dg_thumbnail.jpg&w=1033&q=75;;;
Roblox Games;Fisch;Rp120;483 terjual;Cosmic Relic;https://imgop.itemku.com/?url=https%3A%2F%2Fd1x91p7vw3vuq8.cloudfront.net%2Fitemku-upload%2F2026122%2F75r56y68sd6dvsfo84he47_thumbnail.jpg&w=1033&q=75;;;
Roblox Games;Fisch;Rp120;940 terjual;Cosmic Relic | Fisch;https://imgop.itemku.com/?url=https%3A%2F%2Fd1x91p7vw3vuq8.cloudfront.net%2Fitemku-upload%2F20251115%2Fxzr50xu8ywbgjhe2qo9b8l_thumbnail.jpg&w=1033&q=75;;;
Roblox Games;Fisch;Rp80;5 terjual;Enchant Relic;https://imgop.itemku.com/?url=https%3A%2F%2Fd1x91p7vw3vuq8.cloudfront.net%2Fitemku-upload%2F202637%2Fvc12pmdkohhipj55yj2v8_thumbnail.jpg&w=1033&q=75;;;
Roblox Games;Fisch;Rp80;1118 terjual;Exalted Relic (New Relic) | Fisch (Update);https://imgop.itemku.com/?url=https%3A%2F%2Fd1x91p7vw3vuq8.cloudfront.net%2Fitemku-upload%2F2026419%2Ffugdl9cvsjgarwx22s7478_thumbnail.jpg&w=1033&q=75;;;
Roblox Games;Fisch;Rp80;6558 terjual;Exalted Relic;https://imgop.itemku.com/?url=https%3A%2F%2Fd1x91p7vw3vuq8.cloudfront.net%2Fitemku-upload%2F2025104%2Ffrftdtsoh6776axoaebvhi_thumbnail.jpg&w=1033&q=75;;;
Roblox Games;Fisch;Rp19.500;2547 terjual;Private Server Fisch 1 Bulan;https://imgop.itemku.com/?url=https%3A%2F%2Fd1x91p7vw3vuq8.cloudfront.net%2Fitemku-upload%2F2025118%2Fhvcg5rxe41eeeirp19eru6_thumbnail.jpg&w=1033&q=75;;;
Roblox Games;Fisch;Rp3.500;2296 terjual;Enchant Relic - Fisch - RBL;https://imgop.itemku.com/?url=https%3A%2F%2Fd1x91p7vw3vuq8.cloudfront.net%2Fitemku-upload%2F2025121%2Fbb6s2cnci6phn5oj40hv1d_thumbnail.jpg&w=1033&q=75;;;
Roblox Games;Fisch;Rp5.500;2172 terjual;Wind Elemental Set;https://imgop.itemku.com/?url=https%3A%2F%2Fd1x91p7vw3vuq8.cloudfront.net%2Fitemku-upload%2F20251021%2Fvznpta3s82khmjm2nwqmb_thumbnail.jpg&w=1033&q=75;;;
Roblox Games;Fisch;Rp2.500;2047 terjual;Chaotic Enchant Relic | FISCH;https://imgop.itemku.com/?url=https%3A%2F%2Fd1x91p7vw3vuq8.cloudfront.net%2Fitemku-upload%2F2025915%2Fajd25jbhif5tdyayc8it38_thumbnail.jpg&w=1033&q=75;;;
Roblox Games;Fisch;Rp6.000;1848 terjual;Dreambreaker Rod Set;https://imgop.itemku.com/?url=https%3A%2F%2Fd1x91p7vw3vuq8.cloudfront.net%2Fitemku-upload%2F20251110%2Fu42ujndcijgwlowd25xxwl_thumbnail.jpg&w=1033&q=75;;;
Roblox Games;Fisch;Rp2.500;1768 terjual;Chaotic Enchant Relic;https://imgop.itemku.com/?url=https%3A%2F%2Fd1x91p7vw3vuq8.cloudfront.net%2Fitemku-upload%2F2025711%2Fh0bl8pxht44hytx54mxiy_thumbnail.jpg&w=1033&q=75;;;
Roblox Games;Fisch;Rp79;1742 terjual;Exalted Relic;https://imgop.itemku.com/?url=https%3A%2F%2Fd1x91p7vw3vuq8.cloudfront.net%2Fitemku-upload%2F202613%2Fkx4cw5m3xjf7kroznzcllq_thumbnail.jpg&w=1033&q=75;;;
Roblox Games;Fisch;Rp180;62 terjual;Cosmic Relic;https://imgop.itemku.com/?url=https%3A%2F%2Fd1x91p7vw3vuq8.cloudfront.net%2Fitemku-upload%2F2026418%2Fg1lgvh2n9zpys7i152rmf_thumbnail.jpg&w=1033&q=75;;;
Roblox Games;Fisch;Rp25.000;;Bloop Boat (Perahu 5 kursi, Speed 225s/ps) | Fisch;https://imgop.itemku.com/?url=https%3A%2F%2Fd1x91p7vw3vuq8.cloudfront.net%2Fitemku-upload%2F20251114%2F4zem3ob9ak5tqocv2rs5qg_thumbnail.jpg&w=1033&q=75;;;
Roblox Games;Fisch;Rp6.000;161 terjual;Onirifalx Rod Set;https://imgop.itemku.com/?url=https%3A%2F%2Fd1x91p7vw3vuq8.cloudfront.net%2Fitemku-upload%2F2026211%2Fccxz8onoozk4hcwejw2a_thumbnail.jpg&w=1033&q=75;;;
Roblox Games;Fisch;Rp12.200;48 terjual;Wind Elemental Set;https://imgop.itemku.com/?url=https%3A%2F%2Fd1x91p7vw3vuq8.cloudfront.net%2Fitemku-upload%2F2026122%2Ft7rfofp9msmucboinjuum_thumbnail.jpg&w=1033&q=75;;;
Roblox Games;Fisch;Rp4.900;1704 terjual;Bahan Rod Of The Exalted One;https://imgop.itemku.com/?url=https%3A%2F%2Fd1x91p7vw3vuq8.cloudfront.net%2Fitemku-upload%2F2025112%2F7h0jhhi1jzp9u52v0ot1mq_thumbnail.jpg&w=1033&q=75;;;
Roblox Games;Fisch;Rp150;1658 terjual;EXALTED RELIC;https://imgop.itemku.com/?url=https%3A%2F%2Fd1x91p7vw3vuq8.cloudfront.net%2Fitemku-upload%2F2026123%2F80fymuy1ls9g7cnj8wxwt_thumbnail.jpg&w=1033&q=75;;;
Roblox Games;Fisch;Rp1.800;1574 terjual;Moonstone;https://imgop.itemku.com/?url=https%3A%2F%2Fd1x91p7vw3vuq8.cloudfront.net%2Fitemku-upload%2F202611%2F8cd3be68y345pby5ak2iie_thumbnail.jpg&w=1033&q=75;;;
Roblox Games;Fisch;Rp4.305;1330 terjual;Paket Rod Of The Exalted One (ROTEO) | Fisch RBL;https://imgop.itemku.com/?url=https%3A%2F%2Fd1x91p7vw3vuq8.cloudfront.net%2Fitemku-upload%2F2026424%2Ft3otl4et5umt8enak9xm_thumbnail.jpg&w=1033&q=75;;;
Roblox Games;Fisch;Rp2.500;1231 terjual;Aurora Totem;https://imgop.itemku.com/?url=https%3A%2F%2Fd1x91p7vw3vuq8.cloudfront.net%2Fitemku-upload%2F20241212%2Fx116dyqtc8dmpdtv92jqsi_thumbnail.jpg&w=1033&q=75;;;
Roblox Games;Fisch;Rp10.000;923 terjual;Charred Boot;https://imgop.itemku.com/?url=https%3A%2F%2Fd1x91p7vw3vuq8.cloudfront.net%2Fitemku-upload%2F20251013%2Fnreti2oa86ckjytamvcj6r_thumbnail.jpg&w=1033&q=75;;;
Roblox Games;Fisch;Rp8.000;886 terjual;Shrouded Golden Sea Pearl;https://imgop.itemku.com/?url=https%3A%2F%2Fd1x91p7vw3vuq8.cloudfront.net%2Fitemku-upload%2F20251028%2Fm87s5rxxhwa46m5h74naa_thumbnail.jpg&w=1033&q=75;;;
Roblox Games;Fisch;Rp500;871 terjual;Twisted Relic;https://imgop.itemku.com/?url=https%3A%2F%2Fd1x91p7vw3vuq8.cloudfront.net%2Fitemku-upload%2F20251215%2Fdif4ioei9znf715p9znu9_thumbnail.jpg&w=1033&q=75;;;
Roblox Games;Fisch;Rp11.500;47 terjual;Dreambreaker Rod Set;https://imgop.itemku.com/?url=https%3A%2F%2Fd1x91p7vw3vuq8.cloudfront.net%2Fitemku-upload%2F2026122%2Fger0jadkw4q95knvl30qr8_thumbnail.jpg&w=1033&q=75;;;
Roblox Games;Fisch;Rp3.700;55 terjual;Merlin Staff Set;https://imgop.itemku.com/?url=https%3A%2F%2Fd1x91p7vw3vuq8.cloudfront.net%2Fitemku-upload%2F2026122%2Fk8w8vqiordr7x4jjhr5w_thumbnail.jpg&w=1033&q=75;;;
Roblox Games;Fisch;Rp4.900;55 terjual;Lucid Rod Set;https://imgop.itemku.com/?url=https%3A%2F%2Fd1x91p7vw3vuq8.cloudfront.net%2Fitemku-upload%2F2026122%2Fqw0aj1tuu9q3r9yi5x6hi_thumbnail.jpg&w=1033&q=75;;;
Roblox Games;Fisch;Rp28.000;;Limited Boat Dead Fish Express (Perahu 4 kursi, Speed 190s/ps) | Fisch;https://imgop.itemku.com/?url=https%3A%2F%2Fd1x91p7vw3vuq8.cloudfront.net%2Fitemku-upload%2F20251114%2Fsc3jdwc5mukzknx8p15ox_thumbnail.jpg&w=1033&q=75;;;
Roblox Games;Adopt Me Trading Hub;Rp2.000;;Boosting / Joki Full Grown Legendary Pet;https://imgop.itemku.com/?url=https%3A%2F%2Fd1x91p7vw3vuq8.cloudfront.net%2Fitemku-upload%2F2026420%2Fyek48d3npbel4dc9h74b_thumbnail.jpg&w=1033&q=75;;;
Roblox Games;Adopt Me Trading Hub;Rp1.500;Baru;Boosting / Joki Full Grown Ultra Rare Pet;https://imgop.itemku.com/?url=https%3A%2F%2Fd1x91p7vw3vuq8.cloudfront.net%2Fitemku-upload%2F2026420%2Fk5tp1rxxxxjpwvkjkzxx8_thumbnail.jpg&w=1033&q=75;;;
Roblox Games;Adopt Me Trading Hub;Rp1.000;Baru;Boosting / Joki Full Grown Rare Pet;https://imgop.itemku.com/?url=https%3A%2F%2Fd1x91p7vw3vuq8.cloudfront.net%2Fitemku-upload%2F2026420%2Fwlkdc4p82pqeywoknjjed_thumbnail.jpg&w=1033&q=75;;;
Roblox Games;Adopt Me Trading Hub;Rp1.000;Baru;Boosting / Joki Full Grown Uncommon Pet;https://imgop.itemku.com/?url=https%3A%2F%2Fd1x91p7vw3vuq8.cloudfront.net%2Fitemku-upload%2F2026420%2Ffbn9b9jx88fxv3nni8htc_thumbnail.jpg&w=1033&q=75;;;
Roblox Games;Adopt Me Trading Hub;Rp500;Baru;Boosting / Joki Full Grown Common Pet;https://imgop.itemku.com/?url=https%3A%2F%2Fd1x91p7vw3vuq8.cloudfront.net%2Fitemku-upload%2F2026420%2Fikkjozrnseduz8kdiclkdd_thumbnail.jpg&w=1033&q=75;;;
Roblox Games;Rivals;Rp4.600;;Key Bundle;https://imgop.itemku.com/?url=https%3A%2F%2Fd1x91p7vw3vuq8.cloudfront.net%2Fitem-type%2F202649%2Fo1w1pfngvj8l2dih21mo5.jpg&w=96&q=75;;;
Roblox Games;Rivals;Rp42.200;;Super Key Bundle;https://imgop.itemku.com/?url=https%3A%2F%2Fd1x91p7vw3vuq8.cloudfront.net%2Fitem-type%2F202649%2Fzpp8veldjanl107m0vql7q.jpg&w=96&q=75;;;
Roblox Games;Rivals;Rp18.700;;Mega Key Bundle;https://imgop.itemku.com/?url=https%3A%2F%2Fd1x91p7vw3vuq8.cloudfront.net%2Fitem-type%2F202649%2Fz5rd7fozw1iow44f1mtus.jpg&w=96&q=75;;;
Roblox Games;Rivals;Rp206.700;;Ultra Key Bundle;https://imgop.itemku.com/?url=https%3A%2F%2Fd1x91p7vw3vuq8.cloudfront.net%2Fitem-type%2F202649%2F5f7n6b98invc1sv6yv3t7i.jpg&w=96&q=75;;;
Roblox Games;Rivals;Rp469.900;;Legendary Key Bundle;https://imgop.itemku.com/?url=https%3A%2F%2Fd1x91p7vw3vuq8.cloudfront.net%2Fitem-type%2F202649%2Fmiwj15sdcwsquu1jmpfkl.jpg&w=96&q=75;;;
Roblox Games;Rivals;Rp23.406;;Skin case;https://imgop.itemku.com/?url=https%3A%2F%2Fd1x91p7vw3vuq8.cloudfront.net%2Fitem-type%2F202649%2Fwesziytjq2fmxe3jg8787r.jpg&w=96&q=75;;;
Roblox Games;Rivals;Rp23.406;;Skin Case 2;https://imgop.itemku.com/?url=https%3A%2F%2Fd1x91p7vw3vuq8.cloudfront.net%2Fitem-type%2F202649%2Fcdzqwjk3qoi0ee23n6frb.jpg&w=96&q=75;;;
Roblox Games;Rivals;Rp23.400;;Skin Case 3;https://imgop.itemku.com/?url=https%3A%2F%2Fd1x91p7vw3vuq8.cloudfront.net%2Fitem-info%2F202649%2Fkh4j9fk1wbmi70v22zeyr.jpg&w=96&q=75;;;
Roblox Games;Fish It!;Rp400;6240 terjual;Thin Armor Shark;https://imgop.itemku.com/?url=https%3A%2F%2Fd1x91p7vw3vuq8.cloudfront.net%2Fitemku-upload%2F2025123%2F8gfayx2odd9812ds7khga_thumbnail.jpg&w=1033&q=75;;;
Roblox Games;Fish It!;Rp600;3821 terjual;1M Coins;https://imgop.itemku.com/?url=https%3A%2F%2Fd1x91p7vw3vuq8.cloudfront.net%2Fitemku-upload%2F20251219%2Fog4ervu9y4qttbi09k3d5r_thumbnail.jpg&w=1033&q=75;;;
Roblox Games;Fish It!;Rp400;3542 terjual;Elshark Gran Maja;https://imgop.itemku.com/?url=https%3A%2F%2Fd1x91p7vw3vuq8.cloudfront.net%2Fitemku-upload%2F20251219%2Fxb01weifdoihwae6g6j5_thumbnail.jpg&w=1033&q=75;;;
Roblox Games;Fish It!;Rp500;3146 terjual;SECRET TUMBAL;https://imgop.itemku.com/?url=https%3A%2F%2Fd1x91p7vw3vuq8.cloudfront.net%2Fitemku-upload%2F20251120%2F5fqj530z4bs2ou7r6rdpi_thumbnail.jpg&w=1033&q=75;;;
Roblox Games;Fish It!;Rp1.000;;Festive Flatheaded Whale Shark;https://imgop.itemku.com/?url=https%3A%2F%2Fd1x91p7vw3vuq8.cloudfront.net%2Fitemku-upload%2F2026119%2F1caglt1zqz735b8oxo9uho_thumbnail.jpg&w=1033&q=75;;;
Roblox Games;Fish It!;Rp1.000;10 terjual;Pink Dolphin;https://imgop.itemku.com/?url=https%3A%2F%2Fd1x91p7vw3vuq8.cloudfront.net%2Fitemku-upload%2F202625%2Feh7hwjp4dl901acmdw2yu_thumbnail.jpg&w=1033&q=75;;;
Roblox Games;Fish It!;Rp500;8 terjual;Queen Crab;https://imgop.itemku.com/?url=https%3A%2F%2Fd1x91p7vw3vuq8.cloudfront.net%2Fitemku-upload%2F2026320%2Fpj51enheh7m4puwmprj645_thumbnail.jpg&w=1033&q=75;;;
Roblox Games;Fish It!;Rp500;25 terjual;King Crab;https://imgop.itemku.com/?url=https%3A%2F%2Fd1x91p7vw3vuq8.cloudfront.net%2Fitemku-upload%2F2026320%2Fudnd15yo78be0vozdd22l_thumbnail.jpg&w=1033&q=75;;;
Roblox Games;Fish It!;Rp3.500;1763 terjual;Elshark Gran Maja;https://imgop.itemku.com/?url=https%3A%2F%2Fd1x91p7vw3vuq8.cloudfront.net%2Fitemku-upload%2F2026326%2F0hl2qe8cajk7tqtgwj43cf_thumbnail.jpg&w=1033&q=75;;;
Roblox Games;Fish It!;Rp10.000;1680 terjual;Ruby Gemstone;https://imgop.itemku.com/?url=https%3A%2F%2Fd1x91p7vw3vuq8.cloudfront.net%2Fitemku-upload%2F202617%2Fibes0hqfvyprmj89ox6g_thumbnail.jpg&w=1033&q=75;;;
Roblox Games;Fish It!;Rp150;1473 terjual;secret tumbal;https://imgop.itemku.com/?url=https%3A%2F%2Fd1x91p7vw3vuq8.cloudfront.net%2Fitemku-upload%2F202635%2Fjm862gjfj5ew62b1svsnla_thumbnail.jpg&w=1033&q=75;;;
Roblox Games;Fish It!;Rp500;1258 terjual;1M Coins;https://imgop.itemku.com/?url=https%3A%2F%2Fd1x91p7vw3vuq8.cloudfront.net%2Fitemku-upload%2F2026116%2Fzj57a5mlccgm5cm3xsabk8_thumbnail.jpg&w=1033&q=75;;;
Roblox Games;Fish It!;Rp145;1126 terjual;SECRET TUMBAL - FISH IT;https://imgop.itemku.com/?url=https%3A%2F%2Fd1x91p7vw3vuq8.cloudfront.net%2Fitemku-upload%2F2025116%2Fo7a00vjz3qfzdl75gajqci_thumbnail.jpg&w=1033&q=75;;;
Roblox Games;Fish It!;Rp250;945 terjual;Gladiator Shark;https://imgop.itemku.com/?url=https%3A%2F%2Fd1x91p7vw3vuq8.cloudfront.net%2Fitemku-upload%2F20251219%2F9fgdy2hyyhvy4boovxlz9i_thumbnail.jpg&w=1033&q=75;;;
Roblox Games;Fish It!;Rp1.100;902 terjual;Hybodus Shark;https://imgop.itemku.com/?url=https%3A%2F%2Fd1x91p7vw3vuq8.cloudfront.net%2Fitemku-upload%2F20251125%2Fyfx1ze688393d7mmo06tt_thumbnail.jpg&w=1033&q=75;;;
Roblox Games;Fish It!;Rp17.500;862 terjual;Cursed Kraken;https://imgop.itemku.com/?url=https%3A%2F%2Fd1x91p7vw3vuq8.cloudfront.net%2Fitemku-upload%2F202623%2Fo1mujhqrhnnaoea4oupjpg_thumbnail.jpg&w=1033&q=75;;;
Roblox Games;Fish It!;Rp1.000;51 terjual;Thresher Shark;https://imgop.itemku.com/?url=https%3A%2F%2Fd1x91p7vw3vuq8.cloudfront.net%2Fitemku-upload%2F2025113%2Favpko7dm1cqqykecu0b3g_thumbnail.jpg&w=1033&q=75;;;
Roblox Games;Fish It!;Rp2.500;2 terjual;500K Coins;https://imgop.itemku.com/?url=https%3A%2F%2Fd1x91p7vw3vuq8.cloudfront.net%2Fitemku-upload%2F20251229%2F7vas0fspdayp0fkbjp6p5f_thumbnail.jpg&w=1033&q=75;;;
Roblox Games;Fish It!;Rp1.000;1 terjual;Ghost Fossilized Shark;https://imgop.itemku.com/?url=https%3A%2F%2Fd1x91p7vw3vuq8.cloudfront.net%2Fitemku-upload%2F20251125%2Fjofb9dhsmcgo7mdvndo0f_thumbnail.jpg&w=1033&q=75;;;
Roblox Games;Fish It!;Rp1.000;140 terjual;Leviathan Rage Mutasi | Misi Kapal Pirate;https://imgop.itemku.com/?url=https%3A%2F%2Fd1x91p7vw3vuq8.cloudfront.net%2Fitemku-upload%2F2026312%2F6lnkq1m5b0lqwn7uydpkp_thumbnail.jpg&w=1033&q=75;;;
Roblox Games;Fish It!;Rp580;801 terjual;1M Coins;https://imgop.itemku.com/?url=https%3A%2F%2Fd1x91p7vw3vuq8.cloudfront.net%2Fitemku-upload%2F20251123%2Fpfqs4w5gwyp3b51ekic9_thumbnail.jpg&w=1033&q=75;;;
Roblox Games;Fish It!;Rp6.000;762 terjual;Gemstone Ruby;https://imgop.itemku.com/?url=https%3A%2F%2Fd1x91p7vw3vuq8.cloudfront.net%2Fitemku-upload%2F2026118%2F3tbwokwm1ekj7tkqahw40g_thumbnail.jpg&w=1033&q=75;;;
Roblox Games;Fish It!;Rp60.000;737 terjual;Ruby Gemstone;https://imgop.itemku.com/?url=https%3A%2F%2Fd1x91p7vw3vuq8.cloudfront.net%2Fitemku-upload%2F2026118%2Fdv3t27bbggpoahrpit9li_thumbnail.jpg&w=1033&q=75;;;
Roblox Games;Fish It!;Rp7.000;670 terjual;LOCHNESS MONSTER;https://imgop.itemku.com/?url=https%3A%2F%2Fd1x91p7vw3vuq8.cloudfront.net%2Fitemku-upload%2F20251121%2F1gnydqztfznkz2dxilgkk_thumbnail.jpg&w=1033&q=75;;;
Roblox Games;Fish It!;Rp500;640 terjual;COIN 100K - FISH IT;https://imgop.itemku.com/?url=https%3A%2F%2Fd1x91p7vw3vuq8.cloudfront.net%2Fitemku-upload%2F20251031%2Faklocaoxi4n82heh8w41n_thumbnail.jpg&w=1033&q=75;;;
Roblox Games;Fish It!;Rp4.900;634 terjual;Lochness Monster;https://imgop.itemku.com/?url=https%3A%2F%2Fd1x91p7vw3vuq8.cloudfront.net%2Fitemku-upload%2F20251226%2Fad9r9al4g9nbe3c0rwft9_thumbnail.jpg&w=1033&q=75;;;
Roblox Games;Fish It!;Rp1.500;584 terjual;Big Elshark Gran Maja;https://imgop.itemku.com/?url=https%3A%2F%2Fd1x91p7vw3vuq8.cloudfront.net%2Fitemku-upload%2F20251219%2F2mcac6311uy5a59duxog7_thumbnail.jpg&w=1033&q=75;;;
Roblox Games;Fish It!;Rp300;570 terjual;Queen Crab;https://imgop.itemku.com/?url=https%3A%2F%2Fd1x91p7vw3vuq8.cloudfront.net%2Fitemku-upload%2F20251219%2F3xxdn9z5r5gy20btl5l2dh_thumbnail.jpg&w=1033&q=75;;;
Roblox Games;Fish It!;Rp1.000;1 terjual;Scare;https://imgop.itemku.com/?url=https%3A%2F%2Fd1x91p7vw3vuq8.cloudfront.net%2Fitemku-upload%2F20251128%2Fdtizx2p75ztc24425f0pgl_thumbnail.jpg&w=1033&q=75;;;
Roblox Games;Fish It!;Rp500;43 terjual;Great Whale;https://imgop.itemku.com/?url=https%3A%2F%2Fd1x91p7vw3vuq8.cloudfront.net%2Fitemku-upload%2F20251220%2F32jv7xn6r4bt05quo7ocps_thumbnail.jpg&w=1033&q=75;;;
Roblox Games;Fish It!;Rp200.000;;MEGA FROSTBORN SHINY 111 TON;https://imgop.itemku.com/?url=https%3A%2F%2Fd1x91p7vw3vuq8.cloudfront.net%2Fitemku-upload%2F20251022%2Fq7fuujuvzjpv47ia2rmdqo_thumbnail.jpg&w=1033&q=75;;;
Roblox Games;Fish It!;Rp1.000;;Robot Kraken;https://imgop.itemku.com/?url=https%3A%2F%2Fd1x91p7vw3vuq8.cloudfront.net%2Fitemku-upload%2F2026520%2Fifvsf0sqlldir51zl4vm1b_thumbnail.jpg&w=1033&q=75;;;
Roblox Games;Steal A Brainrot;Rp9.200;7606 terjual;Private Server Steal A Brainrot 1 Bulan (NO SHARING);https://imgop.itemku.com/?url=https%3A%2F%2Fd1x91p7vw3vuq8.cloudfront.net%2Fitemku-upload%2F2025611%2Fyg9gwweh6hoosud8vbnfrb_thumbnail.jpg&w=1033&q=75;;;
Roblox Games;Steal A Brainrot;Rp10.000;1219 terjual;Private Server 1 Bulan;https://imgop.itemku.com/?url=https%3A%2F%2Fd1x91p7vw3vuq8.cloudfront.net%2Fitemku-upload%2F2025624%2F94dtoc05p3xo1hyzgrt4g_thumbnail.jpg&w=1033&q=75;;;
Roblox Games;Steal A Brainrot;Rp4.900;736 terjual;Esok Sekolah;https://imgop.itemku.com/?url=https%3A%2F%2Fd1x91p7vw3vuq8.cloudfront.net%2Fitemku-upload%2F202618%2F57x1iii4m2tvl9hcqhut_thumbnail.jpg&w=1033&q=75;;;
Roblox Games;Steal A Brainrot;Rp9.750;669 terjual;Private Server Steal A Brainrot 1 Bulan;https://imgop.itemku.com/?url=https%3A%2F%2Fd1x91p7vw3vuq8.cloudfront.net%2Fitemku-upload%2F2025726%2Fqwo7o6m0gkcqwlrbzofww_thumbnail.jpg&w=1033&q=75;;;
Roblox Games;Steal A Brainrot;Rp3.000;8 terjual;1 Month (No Sharing);https://imgop.itemku.com/?url=https%3A%2F%2Fd1x91p7vw3vuq8.cloudfront.net%2Fitemku-upload%2F202651%2F2yp084a6mumkscqtki4k2_thumbnail.jpg&w=1033&q=75;;;
Roblox Games;Steal A Brainrot;Rp40.000;;Cyber Esok Sekolah;https://imgop.itemku.com/?url=https%3A%2F%2Fd1x91p7vw3vuq8.cloudfront.net%2Fitemku-upload%2F2026519%2Fnxt47tk6rvs17lqqxn3f1v_thumbnail.jpg&w=1033&q=75;;;
Roblox Games;Steal A Brainrot;Rp20.000;14 terjual;Ketchuru and Musturu;https://imgop.itemku.com/?url=https%3A%2F%2Fd1x91p7vw3vuq8.cloudfront.net%2Fitemku-upload%2F202611%2Fqivhb3obevn5tgnv4pqi_thumbnail.jpg&w=1033&q=75;;;
Roblox Games;Steal A Brainrot;Rp80.000;1 terjual;Gold Tictac Sahur;https://imgop.itemku.com/?url=https%3A%2F%2Fd1x91p7vw3vuq8.cloudfront.net%2Fitemku-upload%2F2026514%2Fa421o9oslkbcszbg1imutq_thumbnail.jpg&w=1033&q=75;;;
Roblox Games;Steal A Brainrot;Rp900;650 terjual;Admin Lucky Block;https://imgop.itemku.com/?url=https%3A%2F%2Fd1x91p7vw3vuq8.cloudfront.net%2Fitemku-upload%2F20251219%2Fsmxmi89jr8on51yh01tad_thumbnail.jpg&w=1033&q=75;;;
Roblox Games;Steal A Brainrot;Rp899;543 terjual;Los Lucky Blocks;https://imgop.itemku.com/?url=https%3A%2F%2Fd1x91p7vw3vuq8.cloudfront.net%2Fitemku-upload%2F20251123%2Fgj88smdjqpnop9k7bdtdo_thumbnail.jpg&w=1033&q=75;;;
Roblox Games;Steal A Brainrot;Rp13.000;495 terjual;LOS TRALALERITOS | STEAL A BRAINROT;https://imgop.itemku.com/?url=https%3A%2F%2Fd1x91p7vw3vuq8.cloudfront.net%2Fitemku-upload%2F202585%2Fkv4qti2e2zjasg0qf2yc6g_thumbnail.jpg&w=1033&q=75;;;
Roblox Games;Steal A Brainrot;Rp16.000;451 terjual;BRAINROT SECRET 100M+/S BEBAS PILIH TERMURAH + BONUS! | Steal A Brainrot;https://imgop.itemku.com/?url=https%3A%2F%2Fd1x91p7vw3vuq8.cloudfront.net%2Fitemku-upload%2F20251118%2Fzqy4nj9vd3f4vtafra6q47_thumbnail.jpg&w=1033&q=75;;;
Roblox Games;Steal A Brainrot;Rp1.400;450 terjual;Private Server 1 Minggu (Sharing 4 Player Only);https://imgop.itemku.com/?url=https%3A%2F%2Fd1x91p7vw3vuq8.cloudfront.net%2Fitemku-upload%2F2025712%2F2yvkvtkv3qlhwlqgbk8gcf_thumbnail.jpg&w=1033&q=75;;;
Roblox Games;Steal A Brainrot;Rp9.500;439 terjual;LA VACCA SATURNO SATURNITA | STEAL A BRAINROT;https://imgop.itemku.com/?url=https%3A%2F%2Fd1x91p7vw3vuq8.cloudfront.net%2Fitemku-upload%2F202585%2F5q01lsohe1ubmmk8kjehr4_thumbnail.jpg&w=1033&q=75;;;
Roblox Games;Steal A Brainrot;Rp16.900;332 terjual;Los Matteos | Steal A Brainrot;https://imgop.itemku.com/?url=https%3A%2F%2Fd1x91p7vw3vuq8.cloudfront.net%2Fitemku-upload%2F2025816%2Fw7mz16ceturomzwe5fl1m_thumbnail.jpg&w=1033&q=75;;;
Roblox Games;Steal A Brainrot;Rp750;276 terjual;Taco Lucky Block;https://imgop.itemku.com/?url=https%3A%2F%2Fd1x91p7vw3vuq8.cloudfront.net%2Fitemku-upload%2F202597%2F9up2rlui5v7gif9qhd79tu_thumbnail.jpg&w=1033&q=75;;;
Roblox Games;Steal A Brainrot;Rp250.000;;Garama and Madundung Cyber |$1B/s|;https://imgop.itemku.com/?url=https%3A%2F%2Fd1x91p7vw3vuq8.cloudfront.net%2Fitemku-upload%2F2026421%2F9fim1r1ggtfk38ylsl4a5e_thumbnail.jpg&w=1033&q=75;;;
Roblox Games;Steal A Brainrot;Rp150.000;;Cerberus;https://imgop.itemku.com/?url=https%3A%2F%2Fd1x91p7vw3vuq8.cloudfront.net%2Fitemku-upload%2F2026519%2Fnl6l5av8hbl0bwihwtu9zni_thumbnail.jpg&w=1033&q=75;;;
Roblox Games;Steal A Brainrot;Rp20.000;9 terjual;Ketupat Kepat;https://imgop.itemku.com/?url=https%3A%2F%2Fd1x91p7vw3vuq8.cloudfront.net%2Fitemku-upload%2F202611%2Fwe8wu2ryfx3ljhst0az6r_thumbnail.jpg&w=1033&q=75;;;
Roblox Games;Steal A Brainrot;Rp60.000;7 terjual;Burguro and Fryuro;https://imgop.itemku.com/?url=https%3A%2F%2Fd1x91p7vw3vuq8.cloudfront.net%2Fitemku-upload%2F2026116%2Fossu6fhqmwcukweyrtq8is_thumbnail.jpg&w=1033&q=75;;;
Roblox Games;Steal A Brainrot;Rp10.890;261 terjual;Private Server No Sharing | Steal a Brainrot;https://imgop.itemku.com/?url=https%3A%2F%2Fd1x91p7vw3vuq8.cloudfront.net%2Fitemku-upload%2F2025628%2Fv6hfake0uykpyebxrwf9n_thumbnail.jpg&w=1033&q=75;;;
Roblox Games;Steal A Brainrot;Rp3.500;254 terjual;Girafa Celestre;https://imgop.itemku.com/?url=https%3A%2F%2Fd1x91p7vw3vuq8.cloudfront.net%2Fitemku-upload%2F2025713%2Fmolx3po6yge410lnr2af5g_thumbnail.jpg&w=1033&q=75;;;
Roblox Games;Steal A Brainrot;Rp15.000;242 terjual;Los Combinasionas;https://imgop.itemku.com/?url=https%3A%2F%2Fd1x91p7vw3vuq8.cloudfront.net%2Fitemku-upload%2F2025826%2Fx8gubpzl3f8zix7mzaycvo_thumbnail.jpg&w=1033&q=75;;;
Roblox Games;Steal A Brainrot;Rp2.500;240 terjual;Cocofanto Elefanto;https://imgop.itemku.com/?url=https%3A%2F%2Fd1x91p7vw3vuq8.cloudfront.net%2Fitemku-upload%2F202597%2Fyizde7lsszwh9yj0r3uyk_thumbnail.jpg&w=1033&q=75;;;
Roblox Games;Steal A Brainrot;Rp1.000;229 terjual;Taco Lucky Block;https://imgop.itemku.com/?url=https%3A%2F%2Fd1x91p7vw3vuq8.cloudfront.net%2Fitemku-upload%2F2025125%2Fdmvwyzkcjihhb57s76im2g_thumbnail.jpg&w=1033&q=75;;;
Roblox Games;Steal A Brainrot;Rp3.500;223 terjual;Tralalero Tralala;https://imgop.itemku.com/?url=https%3A%2F%2Fd1x91p7vw3vuq8.cloudfront.net%2Fitemku-upload%2F2025617%2Fdp4rklf5rjqhthvl3b6z2b_thumbnail.jpg&w=1033&q=75;;;
Roblox Games;Steal A Brainrot;Rp12.000;212 terjual;KARKERKAR KURKUR | STEAL A BRAINROT;https://imgop.itemku.com/?url=https%3A%2F%2Fd1x91p7vw3vuq8.cloudfront.net%2Fitemku-upload%2F2025810%2F1izu5aha2a809mvccqnert9_thumbnail.jpg&w=1033&q=75;;;
Roblox Games;Steal A Brainrot;Rp1.000;197 terjual;1 Month;https://imgop.itemku.com/?url=https%3A%2F%2Fd1x91p7vw3vuq8.cloudfront.net%2Fitemku-upload%2F20251129%2Fck4ovvpv4llpx4o4dri7x_thumbnail.jpg&w=1033&q=75;;;
Roblox Games;Steal A Brainrot;Rp120.000;;Rainbow La Secret Combinasion;https://imgop.itemku.com/?url=https%3A%2F%2Fd1x91p7vw3vuq8.cloudfront.net%2Fitemku-upload%2F2026519%2F5xqrcjingmcnootxygml9o_thumbnail.jpg&w=1033&q=75;;;
Roblox Games;Steal A Brainrot;Rp120.000;;Gold La Lucky Grande;https://imgop.itemku.com/?url=https%3A%2F%2Fd1x91p7vw3vuq8.cloudfront.net%2Fitemku-upload%2F2026519%2Fkbnzpi70b36xpktkjt19i_thumbnail.jpg&w=1033&q=75;;;
Roblox Games;Steal A Brainrot;Rp50.000;1 terjual;Garama and Madundung;https://imgop.itemku.com/?url=https%3A%2F%2Fd1x91p7vw3vuq8.cloudfront.net%2Fitemku-upload%2F2026515%2F0zu8lp8v1kog8dw56camo6_thumbnail.jpg&w=1033&q=75;;;
Roblox Games;Steal A Brainrot;Rp15.000;15 terjual;Spaghetti Tualetti;https://imgop.itemku.com/?url=https%3A%2F%2Fd1x91p7vw3vuq8.cloudfront.net%2Fitemku-upload%2F2026129%2Fb0yjdznlxcdrfd3wlz3so8_thumbnail.jpg&w=1033&q=75;;;
Roblox Games;Blade Ball;Rp6.800;2690 terjual;Nebula Scythe Blade Ball;https://imgop.itemku.com/?url=https%3A%2F%2Fd1x91p7vw3vuq8.cloudfront.net%2Fitemku-upload%2F2025423%2F84lcxp5pnfcr8yzy5i2e3_thumbnail.jpg&w=1033&q=75;;;
Roblox Games;Blade Ball;Rp12.900;1730 terjual;Nebula's Lightning Blade Ball;https://imgop.itemku.com/?url=https%3A%2F%2Fd1x91p7vw3vuq8.cloudfront.net%2Fitemku-upload%2F20250318%2F185591a0e9683247296d59a104_thumbnail.png&w=1033&q=75;;;
Roblox Games;Blade Ball;Rp4.000;1465 terjual;Hallow's Edge Blade Ball;https://imgop.itemku.com/?url=https%3A%2F%2Fd1x91p7vw3vuq8.cloudfront.net%2Fitemku-upload%2F2024122%2Fmgkyr6xclj8nwst4xoldo_thumbnail.jpg&w=1033&q=75;;;
Roblox Games;Blade Ball;Rp11.500;1083 terjual;Nebula Claws Blade Ball;https://imgop.itemku.com/?url=https%3A%2F%2Fd1x91p7vw3vuq8.cloudfront.net%2Fitemku-upload%2F2024123%2F39gftel6464o850m7zcoff_thumbnail.jpg&w=1033&q=75;;;
Roblox Games;Blade Ball;Rp41.800;2 terjual;Abyssal Shield;https://imgop.itemku.com/?url=https%3A%2F%2Fd1x91p7vw3vuq8.cloudfront.net%2Fitemku-upload%2F2025720%2Fartls20kyeihe7rni5ee_thumbnail.jpg&w=1033&q=75;;;
Roblox Games;Blade Ball;Rp31.900;4 terjual;Heart Blade;https://imgop.itemku.com/?url=https%3A%2F%2Fd1x91p7vw3vuq8.cloudfront.net%2Fitemku-upload%2F202571%2Fp6ru1zn1xqcedhh7cgjj_thumbnail.jpg&w=1033&q=75;;;
Roblox Games;Blade Ball;Rp32.500;10 terjual;Dual Nebula Blade set;https://imgop.itemku.com/?url=https%3A%2F%2Fd1x91p7vw3vuq8.cloudfront.net%2Fitemku-upload%2F2026414%2F7npt140ehwu2ynz5dy5hve_thumbnail.jpg&w=1033&q=75;;;
Roblox Games;Blade Ball;Rp24.800;2 terjual;Runic Scythe;https://imgop.itemku.com/?url=https%3A%2F%2Fd1x91p7vw3vuq8.cloudfront.net%2Fitemku-upload%2F202647%2F1qnmmtg50cmhu3edbq6vf_thumbnail.jpg&w=1033&q=75;;;
Roblox Games;Blade Ball;Rp22.900;723 terjual;Dual Aetherial Azure Katana Blade Ball;https://imgop.itemku.com/?url=https%3A%2F%2Fd1x91p7vw3vuq8.cloudfront.net%2Fitemku-upload%2F2025417%2Frziao9kaphaeflyc521a_thumbnail.jpg&w=1033&q=75;;;
Roblox Games;Blade Ball;Rp8.900;686 terjual;Prismatic Harvester;https://imgop.itemku.com/?url=https%3A%2F%2Fd1x91p7vw3vuq8.cloudfront.net%2Fitemku-upload%2F2025117%2F2gn6sxnkfl6uw9lp4c7uvs_thumbnail.jpg&w=1033&q=75;;;
Roblox Games;Blade Ball;Rp12.500;579 terjual;Nebula Blaster Blade Ball;https://imgop.itemku.com/?url=https%3A%2F%2Fd1x91p7vw3vuq8.cloudfront.net%2Fitemku-upload%2F2025417%2Fwdybe86f63red8o2ia7uwg_thumbnail.jpg&w=1033&q=75;;;
Roblox Games;Blade Ball;Rp25.000;451 terjual;Dual Blackhole Katana set;https://imgop.itemku.com/?url=https%3A%2F%2Fd1x91p7vw3vuq8.cloudfront.net%2Fitemku-upload%2F202554%2F8rhx0qfyq7hwpt64y60qhi_thumbnail.jpg&w=1033&q=75;;;
Roblox Games;Blade Ball;Rp20.000;398 terjual;Stardust Katana;https://imgop.itemku.com/?url=https%3A%2F%2Fd1x91p7vw3vuq8.cloudfront.net%2Fitemku-upload%2F20250318%2Fa1e07f3985be5a328af4ae0932_thumbnail.png&w=1033&q=75;;;
Roblox Games;Blade Ball;Rp42.000;348 terjual;Voltfire Lash;https://imgop.itemku.com/?url=https%3A%2F%2Fd1x91p7vw3vuq8.cloudfront.net%2Fitemku-upload%2F20250504%2F0c99f32c033702bac934a24635_thumbnail.png&w=1033&q=75;;;
Roblox Games;Blade Ball;Rp39.500;330 terjual;Dual Runic Blade Set (Sword, Emote, Explosion) - Blade Ball;https://imgop.itemku.com/?url=https%3A%2F%2Fd1x91p7vw3vuq8.cloudfront.net%2Fitemku-upload%2F20250318%2Ffec26725132bd1dffa3d75f963_thumbnail.png&w=1033&q=75;;;
Roblox Games;Blade Ball;Rp55.000;326 terjual;Dual Infinite Scythe Set (Sword, Emote, Explosion) - Blade Ball;https://imgop.itemku.com/?url=https%3A%2F%2Fd1x91p7vw3vuq8.cloudfront.net%2Fitemku-upload%2F2024123%2Fsc276t9xw4n5jujuv3eofi_thumbnail.jpg&w=1033&q=75;;;
Roblox Games;Blade Ball;Rp49.500;2 terjual;Heart Blade set;https://imgop.itemku.com/?url=https%3A%2F%2Fd1x91p7vw3vuq8.cloudfront.net%2Fitemku-upload%2F202571%2F6q44gyg8qsdaqx30p5j37_thumbnail.jpg&w=1033&q=75;;;
Roblox Games;Blade Ball;Rp18.800;7 terjual;Butterfly Blade;https://imgop.itemku.com/?url=https%3A%2F%2Fd1x91p7vw3vuq8.cloudfront.net%2Fitemku-upload%2F2026310%2F3v3axkctsp44v7l8n6ossh_thumbnail.jpg&w=1033&q=75;;;
Roblox Games;Blade Ball;Rp34.200;11 terjual;Dual Zephyr Blade set;https://imgop.itemku.com/?url=https%3A%2F%2Fd1x91p7vw3vuq8.cloudfront.net%2Fitemku-upload%2F2025630%2Fugro20cudg8aysrh6hwncj_thumbnail.jpg&w=1033&q=75;;;
Roblox Games;Blade Ball;Rp109.500;1 terjual;Dual Blossom Scythe set;https://imgop.itemku.com/?url=https%3A%2F%2Fd1x91p7vw3vuq8.cloudfront.net%2Fitemku-upload%2F2025728%2Fqqz29f4ojen9kktdcc9ra_thumbnail.jpg&w=1033&q=75;;;
Roblox Games;Blade Ball;Rp21.900;297 terjual;Dual Nebula Blade Blade Ball;https://imgop.itemku.com/?url=https%3A%2F%2Fd1x91p7vw3vuq8.cloudfront.net%2Fitemku-upload%2F2025121%2F2dg4ksmdgoj3utgo8ql4vi_thumbnail.jpg&w=1033&q=75;;;
Roblox Games;Blade Ball;Rp3.900;291 terjual;Cyber Scythe - Blade Ball;https://imgop.itemku.com/?url=https%3A%2F%2Fd1x91p7vw3vuq8.cloudfront.net%2Fitemku-upload%2F2025120%2Fuadk3ue621pqhftibw70a_thumbnail.jpg&w=1033&q=75;;;
Roblox Games;Blade Ball;Rp39.500;275 terjual;Dual Phantom Blade Set (Sword, Emote, Explosion) - Blade Ball;https://imgop.itemku.com/?url=https%3A%2F%2Fd1x91p7vw3vuq8.cloudfront.net%2Fitemku-upload%2F202554%2Fnyukjrteappm7gwi82p28p_thumbnail.jpg&w=1033&q=75;;;
Roblox Games;Blade Ball;Rp30.000;265 terjual;Dual Nebula Katana Blade Ball;https://imgop.itemku.com/?url=https%3A%2F%2Fd1x91p7vw3vuq8.cloudfront.net%2Fitemku-upload%2F20250318%2F2bfdd2ba4e9ed89a2dfd59b5bb_thumbnail.png&w=1033&q=75;;;
Roblox Games;Blade Ball;Rp22.500;253 terjual;Dual Hakai Blade;https://imgop.itemku.com/?url=https%3A%2F%2Fd1x91p7vw3vuq8.cloudfront.net%2Fitemku-upload%2F20250318%2F24e5a4a245227be72344ff3432_thumbnail.png&w=1033&q=75;;;
Roblox Games;Blade Ball;Rp7.000;235 terjual;Singularity Scythe;https://imgop.itemku.com/?url=https%3A%2F%2Fd1x91p7vw3vuq8.cloudfront.net%2Fitemku-upload%2F2025423%2F8kly1d5peoxaxfium66byu_thumbnail.jpg&w=1033&q=75;;;
Roblox Games;Blade Ball;Rp35.000;212 terjual;Dual Resurrection Blade Set (Sword, Emote, Explosion) - Blade Ball;https://imgop.itemku.com/?url=https%3A%2F%2Fd1x91p7vw3vuq8.cloudfront.net%2Fitemku-upload%2F202554%2Fyxnn7pbwsss6i5q758tkp_thumbnail.jpg&w=1033&q=75;;;
Roblox Games;Blade Ball;Rp15.500;206 terjual;Dual Blackhole Katana;https://imgop.itemku.com/?url=https%3A%2F%2Fd1x91p7vw3vuq8.cloudfront.net%2Fitemku-upload%2F2025116%2Fun2lvtqj0l853utz6k4zvc_thumbnail.jpg&w=1033&q=75;;;
Roblox Games;Blade Ball;Rp75.000;1 terjual;Princess Katana;https://imgop.itemku.com/?url=https%3A%2F%2Fd1x91p7vw3vuq8.cloudfront.net%2Fitemku-upload%2F202644%2Fc87kezdcyb8smnxvx27ea9_thumbnail.jpg&w=1033&q=75;;;
Roblox Games;Blade Ball;Rp16.800;;Harmonic Staff;https://imgop.itemku.com/?url=https%3A%2F%2Fd1x91p7vw3vuq8.cloudfront.net%2Fitemku-upload%2F2026314%2Fc06i0knpp7e7e2fs2xxl9r_thumbnail.jpg&w=1033&q=75;;;
Roblox Games;Blade Ball;Rp36.900;1 terjual;Butterfly Blade set;https://imgop.itemku.com/?url=https%3A%2F%2Fd1x91p7vw3vuq8.cloudfront.net%2Fitemku-upload%2F2026310%2Fzqu4nv9ssoiqo46xbykmjo_thumbnail.jpg&w=1033&q=75;;;
Roblox Games;Blade Ball;Rp43.300;2 terjual;Runic Scythe set;https://imgop.itemku.com/?url=https%3A%2F%2Fd1x91p7vw3vuq8.cloudfront.net%2Fitemku-upload%2F2026514%2Fhjkdvptpl9kv4yzp4wlc5_thumbnail.jpg&w=1033&q=75;;;
Roblox Games;Bee Swarm Simulator;Rp6.800;2690 terjual;Nebula Scythe Blade Ball;https://imgop.itemku.com/?url=https%3A%2F%2Fd1x91p7vw3vuq8.cloudfront.net%2Fitemku-upload%2F202629%2Fi0utlfg0xnkp0sypr3if_thumbnail.jpg&w=1033&q=75;;;
Roblox Games;Bee Swarm Simulator;Rp12.900;1730 terjual;Nebula's Lightning Blade Ball;https://imgop.itemku.com/?url=https%3A%2F%2Fd1x91p7vw3vuq8.cloudfront.net%2Fitemku-upload%2F202629%2F5x3ryttnw3mhk9vol3ird4_thumbnail.jpg&w=1033&q=75;;;
Roblox Games;Bee Swarm Simulator;Rp4.000;1465 terjual;Hallow's Edge Blade Ball;https://imgop.itemku.com/?url=https%3A%2F%2Fd1x91p7vw3vuq8.cloudfront.net%2Fitemku-upload%2F202629%2Flv19ze7rd7ib8g3mtjco7m_thumbnail.jpg&w=1033&q=75;;;
Roblox Games;Bee Swarm Simulator;Rp11.500;1083 terjual;Nebula Claws Blade Ball;https://imgop.itemku.com/?url=https%3A%2F%2Fd1x91p7vw3vuq8.cloudfront.net%2Fitemku-upload%2F2024103%2Fraq34xbkce6begrketp6g_thumbnail.jpg&w=1033&q=75;;;
Roblox Games;Bee Swarm Simulator;Rp41.800;2 terjual;Abyssal Shield;https://imgop.itemku.com/?url=https%3A%2F%2Fd1x91p7vw3vuq8.cloudfront.net%2Fitemku-upload%2F2025720%2Fartls20kyeihe7rni5ee_thumbnail.jpg&w=1033&q=75;;;
Roblox Games;Bee Swarm Simulator;Rp31.900;4 terjual;Heart Blade;https://imgop.itemku.com/?url=https%3A%2F%2Fd1x91p7vw3vuq8.cloudfront.net%2Fitemku-upload%2F202571%2Fp6ru1zn1xqcedhh7cgjj_thumbnail.jpg&w=1033&q=75;;;
Roblox Games;Bee Swarm Simulator;Rp32.500;10 terjual;Dual Nebula Blade set;https://imgop.itemku.com/?url=https%3A%2F%2Fd1x91p7vw3vuq8.cloudfront.net%2Fitemku-upload%2F2026414%2F7npt140ehwu2ynz5dy5hve_thumbnail.jpg&w=1033&q=75;;;
Roblox Games;Bee Swarm Simulator;Rp24.800;2 terjual;Runic Scythe;https://imgop.itemku.com/?url=https%3A%2F%2Fd1x91p7vw3vuq8.cloudfront.net%2Fitemku-upload%2F202647%2F1qnmmtg50cmhu3edbq6vf_thumbnail.jpg&w=1033&q=75;;;
Roblox Games;Bee Swarm Simulator;Rp22.900;723 terjual;Dual Aetherial Azure Katana Blade Ball;https://imgop.itemku.com/?url=https%3A%2F%2Fd1x91p7vw3vuq8.cloudfront.net%2Fitemku-upload%2F2025112%2Fggkn7rs8zcspst78ffh96r_thumbnail.jpg&w=1033&q=75;;;
Roblox Games;Bee Swarm Simulator;Rp8.900;686 terjual;Prismatic Harvester;https://imgop.itemku.com/?url=https%3A%2F%2Fd1x91p7vw3vuq8.cloudfront.net%2Fitemku-upload%2F20241231%2F8fk7t4n2phvncmw7xso95_thumbnail.jpg&w=1033&q=75;;;
Roblox Games;Bee Swarm Simulator;Rp12.500;579 terjual;Nebula Blaster Blade Ball;https://imgop.itemku.com/?url=https%3A%2F%2Fd1x91p7vw3vuq8.cloudfront.net%2Fitemku-upload%2F2024928%2Fmjht2s8gckipulc0xm205_thumbnail.jpg&w=1033&q=75;;;
Roblox Games;Bee Swarm Simulator;Rp25.000;451 terjual;Dual Blackhole Katana set;https://imgop.itemku.com/?url=https%3A%2F%2Fd1x91p7vw3vuq8.cloudfront.net%2Fitemku-upload%2F2026112%2Fp34ypftqzpbv250p1l7bd_thumbnail.jpg&w=1033&q=75;;;
Roblox Games;Bee Swarm Simulator;Rp20.000;398 terjual;Stardust Katana;https://imgop.itemku.com/?url=https%3A%2F%2Fd1x91p7vw3vuq8.cloudfront.net%2Fitemku-upload%2F2025423%2F84lcxp5pnfcr8yzy5i2e3_thumbnail.jpg&w=1033&q=75;;;
Roblox Games;Bee Swarm Simulator;Rp42.000;348 terjual;Voltfire Lash;https://imgop.itemku.com/?url=https%3A%2F%2Fd1x91p7vw3vuq8.cloudfront.net%2Fitemku-upload%2F2025112%2Fn3etjybkt6amyohxv5chi_thumbnail.jpg&w=1033&q=75;;;
Roblox Games;Bee Swarm Simulator;Rp39.500;330 terjual;Dual Runic Blade Set (Sword, Emote, Explosion) - Blade Ball;https://imgop.itemku.com/?url=https%3A%2F%2Fd1x91p7vw3vuq8.cloudfront.net%2Fitemku-upload%2F2025930%2Frm83i3ejv1dg6tsmc9a02_thumbnail.jpg&w=1033&q=75;;;
Roblox Games;Bee Swarm Simulator;Rp55.000;326 terjual;Dual Infinite Scythe Set (Sword, Emote, Explosion) - Blade Ball;https://imgop.itemku.com/?url=https%3A%2F%2Fd1x91p7vw3vuq8.cloudfront.net%2Fitemku-upload%2F2025823%2Fe0536ednt0ab9bd6w1rpmd_thumbnail.jpg&w=1033&q=75;;;
Roblox Games;Bee Swarm Simulator;Rp49.500;2 terjual;Heart Blade set;https://imgop.itemku.com/?url=https%3A%2F%2Fd1x91p7vw3vuq8.cloudfront.net%2Fitemku-upload%2F202571%2F6q44gyg8qsdaqx30p5j37_thumbnail.jpg&w=1033&q=75;;;
Roblox Games;Bee Swarm Simulator;Rp18.800;7 terjual;Butterfly Blade;https://imgop.itemku.com/?url=https%3A%2F%2Fd1x91p7vw3vuq8.cloudfront.net%2Fitemku-upload%2F2026310%2F3v3axkctsp44v7l8n6ossh_thumbnail.jpg&w=1033&q=75;;;
Roblox Games;Bee Swarm Simulator;Rp34.200;11 terjual;Dual Zephyr Blade set;https://imgop.itemku.com/?url=https%3A%2F%2Fd1x91p7vw3vuq8.cloudfront.net%2Fitemku-upload%2F2025630%2Fugro20cudg8aysrh6hwncj_thumbnail.jpg&w=1033&q=75;;;
Roblox Games;Bee Swarm Simulator;Rp109.500;1 terjual;Dual Blossom Scythe set;https://imgop.itemku.com/?url=https%3A%2F%2Fd1x91p7vw3vuq8.cloudfront.net%2Fitemku-upload%2F2025728%2Fqqz29f4ojen9kktdcc9ra_thumbnail.jpg&w=1033&q=75;;;
Roblox Games;Bee Swarm Simulator;Rp21.900;297 terjual;Dual Nebula Blade Blade Ball;https://imgop.itemku.com/?url=https%3A%2F%2Fd1x91p7vw3vuq8.cloudfront.net%2Fitemku-upload%2F2025112%2Fnctz5e71b19qr84dwxjnhk_thumbnail.jpg&w=1033&q=75;;;
Roblox Games;Bee Swarm Simulator;Rp3.900;291 terjual;Cyber Scythe - Blade Ball;https://imgop.itemku.com/?url=https%3A%2F%2Fd1x91p7vw3vuq8.cloudfront.net%2Fitemku-upload%2F2024928%2Fr4wn5t4n3fntifrxqjp8se_thumbnail.jpg&w=1033&q=75;;;
Roblox Games;Bee Swarm Simulator;Rp39.500;275 terjual;Dual Phantom Blade Set (Sword, Emote, Explosion) - Blade Ball;https://imgop.itemku.com/?url=https%3A%2F%2Fd1x91p7vw3vuq8.cloudfront.net%2Fitemku-upload%2F2026112%2Fodunxp9ninoww34m20pen7_thumbnail.jpg&w=1033&q=75;;;
Roblox Games;Bee Swarm Simulator;Rp30.000;265 terjual;Dual Nebula Katana Blade Ball;https://imgop.itemku.com/?url=https%3A%2F%2Fd1x91p7vw3vuq8.cloudfront.net%2Fitemku-upload%2F2024928%2Fsoueixssx43xyt4vs5x48_thumbnail.jpg&w=1033&q=75;;;
Roblox Games;Bee Swarm Simulator;Rp22.500;253 terjual;Dual Hakai Blade;https://imgop.itemku.com/?url=https%3A%2F%2Fd1x91p7vw3vuq8.cloudfront.net%2Fitemku-upload%2F20250318%2F185591a0e9683247296d59a104_thumbnail.png&w=1033&q=75;;;
Roblox Games;Bee Swarm Simulator;Rp7.000;235 terjual;Singularity Scythe;https://imgop.itemku.com/?url=https%3A%2F%2Fd1x91p7vw3vuq8.cloudfront.net%2Fitemku-upload%2F2024122%2Fmgkyr6xclj8nwst4xoldo_thumbnail.jpg&w=1033&q=75;;;
Roblox Games;Bee Swarm Simulator;Rp35.000;212 terjual;Dual Resurrection Blade Set (Sword, Emote, Explosion) - Blade Ball;https://imgop.itemku.com/?url=https%3A%2F%2Fd1x91p7vw3vuq8.cloudfront.net%2Fitemku-upload%2F2026117%2Fi9thbco364n05xki9s1dqlx_thumbnail.jpg&w=1033&q=75;;;
Roblox Games;Bee Swarm Simulator;Rp15.500;206 terjual;Dual Blackhole Katana;https://imgop.itemku.com/?url=https%3A%2F%2Fd1x91p7vw3vuq8.cloudfront.net%2Fitemku-upload%2F2024123%2F39gftel6464o850m7zcoff_thumbnail.jpg&w=1033&q=75;;;
Roblox Games;Bee Swarm Simulator;Rp75.000;1 terjual;Princess Katana;https://imgop.itemku.com/?url=https%3A%2F%2Fd1x91p7vw3vuq8.cloudfront.net%2Fitemku-upload%2F202644%2Fc87kezdcyb8smnxvx27ea9_thumbnail.jpg&w=1033&q=75;;;
Roblox Games;Bee Swarm Simulator;Rp16.800;;Harmonic Staff;https://imgop.itemku.com/?url=https%3A%2F%2Fd1x91p7vw3vuq8.cloudfront.net%2Fitemku-upload%2F2026314%2Fc06i0knpp7e7e2fs2xxl9r_thumbnail.jpg&w=1033&q=75;;;
Roblox Games;Bee Swarm Simulator;Rp36.900;1 terjual;Butterfly Blade set;https://imgop.itemku.com/?url=https%3A%2F%2Fd1x91p7vw3vuq8.cloudfront.net%2Fitemku-upload%2F2026310%2Fzqu4nv9ssoiqo46xbykmjo_thumbnail.jpg&w=1033&q=75;;;
Roblox Games;Bee Swarm Simulator;Rp43.300;2 terjual;Runic Scythe set;https://imgop.itemku.com/?url=https%3A%2F%2Fd1x91p7vw3vuq8.cloudfront.net%2Fitemku-upload%2F2026514%2Fhjkdvptpl9kv4yzp4wlc5_thumbnail.jpg&w=1033&q=75;;;
Roblox Games;Blox Fruits;Rp11.800;123224 terjual;Akun Blox Fruit [Level MAX];https://imgop.itemku.com/?url=https%3A%2F%2Fd1x91p7vw3vuq8.cloudfront.net%2Fitemku-upload%2F20251023%2F4sxyutrsej2k8xgiyql94_thumbnail.jpg&w=1033&q=75;;;
Roblox Games;Blox Fruits;Rp11.900;65650 terjual;Akun Blox Fruit GODHUMAN [Level MAX];https://imgop.itemku.com/?url=https%3A%2F%2Fd1x91p7vw3vuq8.cloudfront.net%2Fitemku-upload%2F20251023%2Fs7lxbsswouxmsyvs73sn8_thumbnail.jpg&w=1033&q=75;;;
Roblox Games;Blox Fruits;Rp1.700;52453 terjual;Akun Blox Fruit Level 1000! Bonus Fruit in Inventory !;https://imgop.itemku.com/?url=https%3A%2F%2Fd1x91p7vw3vuq8.cloudfront.net%2Fitemku-upload%2F2025710%2Ff0mn1u9dhza0o6j9rn477hc_thumbnail.jpg&w=1033&q=75;;;
Roblox Games;Blox Fruits;Rp21.900;34321 terjual;Akun Blox Fruit GODHUMAN+CURSED DUAL KATANA [Level MAX];https://imgop.itemku.com/?url=https%3A%2F%2Fd1x91p7vw3vuq8.cloudfront.net%2Fitemku-upload%2F2026327%2F5yr19mc8p8rgl0ldivsx8l_thumbnail.jpg&w=1033&q=75;;;
Roblox Games;Blox Fruits;Rp800.000;4 terjual;AKUN SULTAN MAKSIMAL;https://imgop.itemku.com/?url=https%3A%2F%2Fd1x91p7vw3vuq8.cloudfront.net%2Fitemku-upload%2F2026426%2Ftagemk5rfne72o646bvahh_thumbnail.jpg&w=1033&q=75;;;
Roblox Games;Blox Fruits;Rp950.000;3 terjual;AKUN PERMANENT DRAGON EASTERN & WESTERN #3;https://imgop.itemku.com/?url=https%3A%2F%2Fd1x91p7vw3vuq8.cloudfront.net%2Fitemku-upload%2F202655%2Fm5x0na1t1s4iz37ca9elt_thumbnail.jpg&w=1033&q=75;;;
Roblox Games;Blox Fruits;Rp900.000;3 terjual;AKUN PERMANENT DRAGON EASTERN & WESTERN #24;https://imgop.itemku.com/?url=https%3A%2F%2Fd1x91p7vw3vuq8.cloudfront.net%2Fitemku-upload%2F2026213%2Fsc65tw6svijieb9vixh2an_thumbnail.jpg&w=1033&q=75;;;
Roblox Games;Blox Fruits;Rp1.100.000;2 terjual;AKUN BLOX FRUIT GG;https://imgop.itemku.com/?url=https%3A%2F%2Fd1x91p7vw3vuq8.cloudfront.net%2Fitemku-upload%2F2026417%2Ffb36y8co9ulip50b3d1je8_thumbnail.jpg&w=1033&q=75;;;
Roblox Games;Blox Fruits;Rp28.900;30304 terjual;Akun Blox Fruit GODHUMAN+CURSED DUAL KATANA+SOUL GUITAR [Level MAX];https://imgop.itemku.com/?url=https%3A%2F%2Fd1x91p7vw3vuq8.cloudfront.net%2Fitemku-upload%2F20251023%2F6fwmnwy262fviuxok2jgd_thumbnail.jpg&w=1033&q=75;;;
Roblox Games;Blox Fruits;Rp44.900;23872 terjual;Akun Blox Fruit Level Max Bonus Race Awakening V4 T1 (Godhuman);https://imgop.itemku.com/?url=https%3A%2F%2Fd1x91p7vw3vuq8.cloudfront.net%2Fitemku-upload%2F202642%2Ff3ark1pfiawwolkmtnx5_thumbnail.jpg&w=1033&q=75;;;
Roblox Games;Blox Fruits;Rp48.900;20550 terjual;AKUN BLOX FRUIT RACE AWAKENING V4 T10 (FULL GEAR) [LEVEL MAX];https://imgop.itemku.com/?url=https%3A%2F%2Fd1x91p7vw3vuq8.cloudfront.net%2Fitemku-upload%2F202642%2F0zth2t5m0vhru0dtanak9f_thumbnail.jpg&w=1033&q=75;;;
Roblox Games;Blox Fruits;Rp1.600;17525 terjual;Akun Level 1000 + Bonus Fruit Di Inventory + Bonus Melee;https://imgop.itemku.com/?url=https%3A%2F%2Fd1x91p7vw3vuq8.cloudfront.net%2Fitemku-upload%2F2026219%2Fcq4eq1vde2g5jld9aalvwn_thumbnail.jpg&w=1033&q=75;;;
Roblox Games;Blox Fruits;Rp33.900;17412 terjual;Akun Blox Fruit GODHUMAN + SHARK ANCHOR [Level MAX];https://imgop.itemku.com/?url=https%3A%2F%2Fd1x91p7vw3vuq8.cloudfront.net%2Fitemku-upload%2F2026327%2Fkn2adnuvvzfjefn4utmvy_thumbnail.jpg&w=1033&q=75;;;
Roblox Games;Blox Fruits;Rp32.900;12664 terjual;Akun Blox Fruit FULL AWAKEN DOUGH [Level MAX];https://imgop.itemku.com/?url=https%3A%2F%2Fd1x91p7vw3vuq8.cloudfront.net%2Fitemku-upload%2F2026327%2Firvl1kgf7rg6agnza5lkg_thumbnail.jpg&w=1033&q=75;;;
Roblox Games;Blox Fruits;Rp15.900;11245 terjual;Akun Blox Fruit T-REX [Level MAX];https://imgop.itemku.com/?url=https%3A%2F%2Fd1x91p7vw3vuq8.cloudfront.net%2Fitemku-upload%2F2026327%2F5ieq20we08p9u1ujx2u2v_thumbnail.jpg&w=1033&q=75;;;
Roblox Games;Blox Fruits;Rp11.600;9815 terjual;Akun Blox Fruit - Level MAX - GODHUMAN - Third SEA / SEA 3;https://imgop.itemku.com/?url=https%3A%2F%2Fd1x91p7vw3vuq8.cloudfront.net%2Fitemku-upload%2F2026310%2F6jgfdkxinvk84xasih7uhn_thumbnail.jpg&w=1033&q=75;;;
Roblox Games;Blox Fruits;Rp1.000.000;1 terjual;AKUN PERMANENT DRAGON EASTERN & WESTERN #21;https://imgop.itemku.com/?url=https%3A%2F%2Fd1x91p7vw3vuq8.cloudfront.net%2Fitemku-upload%2F2026213%2F4ux1yhp0hokggenm4qarff_thumbnail.jpg&w=1033&q=75;;;
Roblox Games;Blox Fruits;Rp600.000;;AKUN PERMANENT DRAGON + GAS + DOUGH + LIGHTNING + BUDDHA ( TOTAL 9 PERMANENT );https://imgop.itemku.com/?url=https%3A%2F%2Fd1x91p7vw3vuq8.cloudfront.net%2Fitemku-upload%2F2026514%2Frd50xlr0r1vorh172srb_thumbnail.jpg&w=1033&q=75;;;
Roblox Games;Blox Fruits;Rp900.000;;AKUN PERMANENT DRAGON SULTAN #2;https://imgop.itemku.com/?url=https%3A%2F%2Fd1x91p7vw3vuq8.cloudfront.net%2Fitemku-upload%2F2026516%2Fqd56pal50p9umuk58skkm_thumbnail.jpg&w=1033&q=75;;;
Roblox Games;Blox Fruits;Rp755.000;5 terjual;AKUN BLOX FRUIT PERM DRAGON+DLL;https://imgop.itemku.com/?url=https%3A%2F%2Fd1x91p7vw3vuq8.cloudfront.net%2Fitemku-upload%2F2026426%2Fzdiota0n6f9wfgws8cg1n_thumbnail.jpg&w=1033&q=75;;;
Roblox Games;Blox Fruits;Rp7.950;9323 terjual;AKUN LEVEL MAX GODHUMAN;https://imgop.itemku.com/?url=https%3A%2F%2Fd1x91p7vw3vuq8.cloudfront.net%2Fitemku-upload%2F202647%2Fk77g93ckkk69m4wwk39h6_thumbnail.jpg&w=1033&q=75;;;
Roblox Games;Blox Fruits;Rp7.990;8343 terjual;Akun Blox Fruit Level Max - GODHUMAN;https://imgop.itemku.com/?url=https%3A%2F%2Fd1x91p7vw3vuq8.cloudfront.net%2Fitemku-upload%2F202628%2Fmc256zop7tld1mzzqnkzm_thumbnail.jpg&w=1033&q=75;;;
Roblox Games;Blox Fruits;Rp32.900;6397 terjual;Akun Blox Fruit KITSUNE [Level MAX];https://imgop.itemku.com/?url=https%3A%2F%2Fd1x91p7vw3vuq8.cloudfront.net%2Fitemku-upload%2F2026327%2F3bu95zjm1w6wtfvthlgdwf_thumbnail.jpg&w=1033&q=75;;;
Roblox Games;Blox Fruits;Rp35.900;5888 terjual;Akun Blox Fruit GODHUMAN + SHARK ANCHOR + CDK [Level MAX];https://imgop.itemku.com/?url=https%3A%2F%2Fd1x91p7vw3vuq8.cloudfront.net%2Fitemku-upload%2F2026327%2F1lf3bfvcup5z5lycfkt29_thumbnail.jpg&w=1033&q=75;;;
Roblox Games;Blox Fruits;Rp15.900;4871 terjual;Akun Blox Fruit MAMMOTH [Level MAX];https://imgop.itemku.com/?url=https%3A%2F%2Fd1x91p7vw3vuq8.cloudfront.net%2Fitemku-upload%2F2026327%2Fp3eb48vn4w9fn67scxygco_thumbnail.jpg&w=1033&q=75;;;
Roblox Games;Blox Fruits;Rp49.900;4831 terjual;Akun Blox Fruit Race Cyborg V4 Full Gear (Awakening) (Godhuman + CDK) [Level MAX];https://imgop.itemku.com/?url=https%3A%2F%2Fd1x91p7vw3vuq8.cloudfront.net%2Fitemku-upload%2F202642%2Faqpbsgl5fegzllncdeuj6_thumbnail.jpg&w=1033&q=75;;;
Roblox Games;Blox Fruits;Rp37.900;4227 terjual;Akun Blox Fruit GODHUMAN + SHARK ANCHOR + FULL AWAKEN DOUGH [Level MAX];https://imgop.itemku.com/?url=https%3A%2F%2Fd1x91p7vw3vuq8.cloudfront.net%2Fitemku-upload%2F202641%2Fm2520brtmjwn95ufx8beg_thumbnail.jpg&w=1033&q=75;;;
Roblox Games;Blox Fruits;Rp2.000;3964 terjual;PROMO AKUN BLOX FRUIT LEVEL 1000+ BONUS FRUIT;https://imgop.itemku.com/?url=https%3A%2F%2Fd1x91p7vw3vuq8.cloudfront.net%2Fitemku-upload%2F202595%2Fozwy2e9pjynelpry706ho8_thumbnail.jpg&w=1033&q=75;;;
Roblox Games;Blox Fruits;Rp550.000;;Akun Lv 2700 | 6 Permanent (DRAGON!! Kitsune, Dough) | 5 Gamepass | Rabbit V4 | Avatar Keren!! | Lihat Gambar dan Deskripsi Untuk Lebih Lengkap;https://imgop.itemku.com/?url=https%3A%2F%2Fd1x91p7vw3vuq8.cloudfront.net%2Fitemku-upload%2F2026521%2F8t3nyna2jdnw2zwbecgzuq_thumbnail.jpg&w=1033&q=75;;;
Roblox Games;Blox Fruits;Rp750.000;26 terjual;Akun Fruit Permanent - No 9;https://imgop.itemku.com/?url=https%3A%2F%2Fd1x91p7vw3vuq8.cloudfront.net%2Fitemku-upload%2F2026512%2F3ayoqnyoyxiueves9hgp1_thumbnail.jpg&w=1033&q=75;;;
Roblox Games;Blox Fruits;Rp800.000;29 terjual;Akun Fruit Permanent - No 8;https://imgop.itemku.com/?url=https%3A%2F%2Fd1x91p7vw3vuq8.cloudfront.net%2Fitemku-upload%2F202658%2F4t3x7an1ypu1bpp5o9xdou_thumbnail.jpg&w=1033&q=75;;;
Roblox Games;Blox Fruits;Rp750.000;;AKUN PERMANENT DRAGON EASTERN & WESTERN #18;https://imgop.itemku.com/?url=https%3A%2F%2Fd1x91p7vw3vuq8.cloudfront.net%2Fitemku-upload%2F202655%2F6uxj9bv4r36y9qpc0alqyp_thumbnail.jpg&w=1033&q=75;;;
Roblox Games;Escape Tsunami for Brainrots;Rp5.000;837 terjual;CELESTIAL ESOK SEKOLAH 636.23Qd/S  |  ESCAPE TSUNAMI FOR BRAINROTS;https://imgop.itemku.com/?url=https%3A%2F%2Fd1x91p7vw3vuq8.cloudfront.net%2Fitemku-upload%2F2026114%2F5q9y8mz9rrctpwocna1om_thumbnail.jpg&w=1033&q=75;;;
Roblox Games;Escape Tsunami for Brainrots;Rp14.000;415 terjual;Meta Technetta Random Mutation | Escape Tsunami For Brainrots;https://imgop.itemku.com/?url=https%3A%2F%2Fd1x91p7vw3vuq8.cloudfront.net%2Fitemku-upload%2F2026212%2Fy2eaxijmzgg0y8jm75pvrjb_thumbnail.jpg&w=1033&q=75;;;
Roblox Games;Escape Tsunami for Brainrots;Rp14.000;366 terjual;Infinity Meta Technetta | Escape Tsunami For Brainrots;https://imgop.itemku.com/?url=https%3A%2F%2Fd1x91p7vw3vuq8.cloudfront.net%2Fitemku-upload%2F202628%2Fapvvf7paln7jtlthrmz29b_thumbnail.jpg&w=1033&q=75;;;
Roblox Games;Escape Tsunami for Brainrots;Rp10.000;160 terjual;Esok Sekolah 636.23Qd/s | Escape Tsunami For Brainrots;https://imgop.itemku.com/?url=https%3A%2F%2Fd1x91p7vw3vuq8.cloudfront.net%2Fitemku-upload%2F2026118%2F5jv13dxda2te6zk2hxvnin_thumbnail.jpg&w=1033&q=75;;;
Roblox Games;Escape Tsunami for Brainrots;Rp320.000;1 terjual;Galactio Fantasma ( MAX LEVEL );https://imgop.itemku.com/?url=https%3A%2F%2Fd1x91p7vw3vuq8.cloudfront.net%2Fitemku-upload%2F2026127%2Fxlx4oaj36qbu2xqa7y00gj_thumbnail.jpg&w=1033&q=75;;;
Roblox Games;Escape Tsunami for Brainrots;Rp700;44 terjual;Esok Sekolah 5.3 Qn/s;https://imgop.itemku.com/?url=https%3A%2F%2Fd1x91p7vw3vuq8.cloudfront.net%2Fitemku-upload%2F2026221%2Fby5l84na9dt1dhtojfmi9p_thumbnail.jpg&w=1033&q=75;;;
Roblox Games;Escape Tsunami for Brainrots;Rp1.900;;Bulbito Bandito Traktorito| Random Mutation | lv.210++;https://imgop.itemku.com/?url=https%3A%2F%2Fd1x91p7vw3vuq8.cloudfront.net%2Fitemku-upload%2F202655%2Fudgsyhwjd8dzqbhdjpfju_thumbnail.jpg&w=1033&q=75;;;
Roblox Games;Escape Tsunami for Brainrots;Rp27.900;99 terjual;Meta Technetta (Infinity) Random Mutation Op Unit;https://imgop.itemku.com/?url=https%3A%2F%2Fd1x91p7vw3vuq8.cloudfront.net%2Fitemku-upload%2F2026212%2Fh6jlhmu56zp6sxt1vou_thumbnail.jpg&w=1033&q=75;;;
Roblox Games;Escape Tsunami for Brainrots;Rp2.000;157 terjual;Esok Sekolah 636.23Qd/s Celestial Electric;https://imgop.itemku.com/?url=https%3A%2F%2Fd1x91p7vw3vuq8.cloudfront.net%2Fitemku-upload%2F202629%2Fl3iq1aud417txgow1gv74_thumbnail.jpg&w=1033&q=75;;;
Roblox Games;Escape Tsunami for Brainrots;Rp850;73 terjual;Draculini Meowlini | Divine;https://imgop.itemku.com/?url=https%3A%2F%2Fd1x91p7vw3vuq8.cloudfront.net%2Fitemku-upload%2F2026223%2Fdc1ssd5urj5ymcmp6gf0hg_thumbnail.jpg&w=1033&q=75;;;
Roblox Games;Escape Tsunami for Brainrots;Rp5.000;73 terjual;FREEZETI COBRETTI MINI - COLOSSAL RANDOM  |  ESCAPE TSUNAMI FOR BRAINROTS;https://imgop.itemku.com/?url=https%3A%2F%2Fd1x91p7vw3vuq8.cloudfront.net%2Fitemku-upload%2F2026212%2F621qxbrw04i86ux4bds67q_thumbnail.jpg&w=1033&q=75;;;
Roblox Games;Escape Tsunami for Brainrots;Rp2.000;65 terjual;Esok Sekolah Mutasi Hacker 690sx;https://imgop.itemku.com/?url=https%3A%2F%2Fd1x91p7vw3vuq8.cloudfront.net%2Fitemku-upload%2F202629%2Fj4wn8oz7pwnghe6q1sgo4q_thumbnail.jpg&w=1033&q=75;;;
Roblox Games;Escape Tsunami for Brainrots;Rp2.000;58 terjual;Esok Sekolah 636qd/s;https://imgop.itemku.com/?url=https%3A%2F%2Fd1x91p7vw3vuq8.cloudfront.net%2Fitemku-upload%2F202629%2Fybkv4qh208j224dqix360z_thumbnail.jpg&w=1033&q=75;;;
Roblox Games;Escape Tsunami for Brainrots;Rp3.000;58 terjual;Anububu mutation;https://imgop.itemku.com/?url=https%3A%2F%2Fd1x91p7vw3vuq8.cloudfront.net%2Fitemku-upload%2F2026220%2Frblhs4q70uc2rcohwodiw_thumbnail.jpg&w=1033&q=75;;;
Roblox Games;Escape Tsunami for Brainrots;Rp6.300;58 terjual;Magmew;https://imgop.itemku.com/?url=https%3A%2F%2Fd1x91p7vw3vuq8.cloudfront.net%2Fitemku-upload%2F2026320%2F2v3qexn7zxstn9m4roya0l_thumbnail.jpg&w=1033&q=75;;;
Roblox Games;Escape Tsunami for Brainrots;Rp5.000;56 terjual;Esok Sekolah 636.23Qd/s;https://imgop.itemku.com/?url=https%3A%2F%2Fd1x91p7vw3vuq8.cloudfront.net%2Fitemku-upload%2F2026115%2Fctl3hj7ywchxz36xqy1ecf_thumbnail.jpg&w=1033&q=75;;;
Roblox Games;Escape Tsunami for Brainrots;Rp30.000;;Meta Technetta;https://imgop.itemku.com/?url=https%3A%2F%2Fd1x91p7vw3vuq8.cloudfront.net%2Fitemku-upload%2F2026224%2Fgiyep9xhvsqu3an6v18qy_thumbnail.jpg&w=1033&q=75;;;
Roblox Games;Escape Tsunami for Brainrots;Rp109.900;11 terjual;Colossal Meta Technetta (Infinity) Random Mutation LIMITED STOCK!!!;https://imgop.itemku.com/?url=https%3A%2F%2Fd1x91p7vw3vuq8.cloudfront.net%2Fitemku-upload%2F2026224%2F4nhbx6oo5798qztek1zrck_thumbnail.jpg&w=1033&q=75;;;
Roblox Games;Escape Tsunami for Brainrots;Rp55.000;1 terjual;La Neutron TikiTress (Infinity) Op Unit;https://imgop.itemku.com/?url=https%3A%2F%2Fd1x91p7vw3vuq8.cloudfront.net%2Fitemku-upload%2F202651%2Fjnmmeyso3h9cjx6ew1yrhv_thumbnail.jpg&w=1033&q=75;;;
Roblox Games;Escape Tsunami for Brainrots;Rp5.000;40 terjual;Burgerini Bearini Random (1.77Sp - 1.97Sp);https://imgop.itemku.com/?url=https%3A%2F%2Fd1x91p7vw3vuq8.cloudfront.net%2Fitemku-upload%2F2026117%2Fhx31w8zwnuad1a77fe2idf_thumbnail.jpg&w=1033&q=75;;;
Roblox Games;Escape Tsunami for Brainrots;Rp37.000;35 terjual;META TECHNETTA DIAMOND (infinity) MAX LEVEL;https://imgop.itemku.com/?url=https%3A%2F%2Fd1x91p7vw3vuq8.cloudfront.net%2Fitemku-upload%2F2026417%2F16aag39w6w4ejy4oxrnx9a_thumbnail.jpg&w=1033&q=75;;;
Roblox Games;Escape Tsunami for Brainrots;Rp15.000;31 terjual;Infinity Magmew Random Mutation | Escape Tsunami For Brainrots;https://imgop.itemku.com/?url=https%3A%2F%2Fd1x91p7vw3vuq8.cloudfront.net%2Fitemku-upload%2F202628%2Fdjo88dkxwo4wuu8pvbsh5m_thumbnail.jpg&w=1033&q=75;;;
Roblox Games;Escape Tsunami for Brainrots;Rp1.000;30 terjual;Freezeti Cobretti | Divine;https://imgop.itemku.com/?url=https%3A%2F%2Fd1x91p7vw3vuq8.cloudfront.net%2Fitemku-upload%2F2026212%2Fuzjkjmrb1lq8lj0kct1j57_thumbnail.jpg&w=1033&q=75;;;
Roblox Games;Escape Tsunami for Brainrots;Rp10.000;29 terjual;ANUBUBU (Infinity) Diamond Max lvl 200;https://imgop.itemku.com/?url=https%3A%2F%2Fd1x91p7vw3vuq8.cloudfront.net%2Fitemku-upload%2F2026222%2Fxq1iui14n3nfrbpt025jce_thumbnail.jpg&w=1033&q=75;;;
Roblox Games;Escape Tsunami for Brainrots;Rp25.000;25 terjual;Diamond Anububu | Infinity Lv 230+;https://imgop.itemku.com/?url=https%3A%2F%2Fd1x91p7vw3vuq8.cloudfront.net%2Fitemku-upload%2F202632%2Ff18ydmr8d1sbufy8sgs3o7_thumbnail.jpg&w=1033&q=75;;;
Roblox Games;Escape Tsunami for Brainrots;Rp4.490;22 terjual;ANUBUBU random Mutation Lvl 210++;https://imgop.itemku.com/?url=https%3A%2F%2Fd1x91p7vw3vuq8.cloudfront.net%2Fitemku-upload%2F202628%2F6gh2zbu8uc79yu3x8h1cge_thumbnail.jpg&w=1033&q=75;;;
Roblox Games;Escape Tsunami for Brainrots;Rp5.000;19 terjual;Radioactive Bulbito Bandito Traktorito Level 150 ( Max Level ) Divine $1,52Sp/S;https://imgop.itemku.com/?url=https%3A%2F%2Fd1x91p7vw3vuq8.cloudfront.net%2Fitemku-upload%2F2026218%2Fzz69qmd4qc9orxje3s9j58_thumbnail.jpg&w=1033&q=75;;;
Roblox Games;Grow A Garden;Rp1.999;2412 terjual;Pet Age 75;https://imgop.itemku.com/?url=https%3A%2F%2Fd1x91p7vw3vuq8.cloudfront.net%2Fitemku-upload%2F2025727%2Feetydp8jihb8rpcp3jihhf_thumbnail.jpg&w=1033&q=75;;;
Roblox Games;Grow A Garden;Rp400;1277 terjual;Pet Tumbal Level 45 s/d 50 - Grow A Garden;https://imgop.itemku.com/?url=https%3A%2F%2Fd1x91p7vw3vuq8.cloudfront.net%2Fitemku-upload%2F202587%2F0yyiwx5fmphq2v2w2rov4ad_thumbnail.jpg&w=1033&q=75;;;
Roblox Games;Grow A Garden;Rp2.000;1235 terjual;Dragon Fly + BONUS!! | Grow A Garden;https://imgop.itemku.com/?url=https%3A%2F%2Fd1x91p7vw3vuq8.cloudfront.net%2Fitemku-upload%2F202569%2Fugpocx84fao5zhc6imbli_thumbnail.jpg&w=1033&q=75;;;
Roblox Games;Grow A Garden;Rp3.840;1071 terjual;Grow a Garden > Dragon Fly;https://imgop.itemku.com/?url=https%3A%2F%2Fd1x91p7vw3vuq8.cloudfront.net%2Fitemku-upload%2F202564%2Ffgfmntcgttflg5b7ju2ie_thumbnail.jpg&w=1033&q=75;;;
Roblox Games;Grow A Garden;Rp39.900;2 terjual;HUGE EVERCHANTED PERYTON 60KG / EVERCHANTED HUGE PERYRON 60KG / HUGE EVERCHANTED PERYTON 61KG / EVERCHANTED HUGE PERYRON 61KG;https://imgop.itemku.com/?url=https%3A%2F%2Fd1x91p7vw3vuq8.cloudfront.net%2Fitemku-upload%2F2026515%2Frajv44bn5rr49vs3dtfw_thumbnail.jpg&w=1033&q=75;;;
Roblox Games;Grow A Garden;Rp39.900;;HUGE VENOM MIMIC OCTOPUS 60KG / VENOM HUGE MIMIC OCTOPUS 60KG / VENOM HUGE MIMIC 60KG / HUGE VENOM MIMIC 60KG;https://imgop.itemku.com/?url=https%3A%2F%2Fd1x91p7vw3vuq8.cloudfront.net%2Fitemku-upload%2F2026517%2Fqrv7ed7497eg94pdgip26_thumbnail.jpg&w=1033&q=75;;;
Roblox Games;Grow A Garden;Rp20.000;2 terjual;QUEEN BEE | GROW A GARDEN;https://imgop.itemku.com/?url=https%3A%2F%2Fd1x91p7vw3vuq8.cloudfront.net%2Fitemku-upload%2F2025815%2Fh166zxdezexmt6aripln_thumbnail.jpg&w=1033&q=75;;;
Roblox Games;Grow A Garden;Rp35.000;3 terjual;Dragonfly | Grow A Garden;https://imgop.itemku.com/?url=https%3A%2F%2Fd1x91p7vw3vuq8.cloudfront.net%2Fitemku-upload%2F2025815%2Fx8mopuoo2qt67mlwl2xjwo_thumbnail.jpg&w=1033&q=75;;;
Roblox Games;Grow A Garden;Rp3.000;976 terjual;Swan Grow A Garden;https://imgop.itemku.com/?url=https%3A%2F%2Fd1x91p7vw3vuq8.cloudfront.net%2Fitemku-upload%2F2025915%2F0opoam9cokcm3h454wcm6e_thumbnail.jpg&w=1033&q=75;;;
Roblox Games;Grow A Garden;Rp25.000;960 terjual;Mimic Octopus;https://imgop.itemku.com/?url=https%3A%2F%2Fd1x91p7vw3vuq8.cloudfront.net%2Fitemku-upload%2F2026119%2Fox9pezkowm3qajqw7mpha_thumbnail.jpg&w=1033&q=75;;;
Roblox Games;Grow A Garden;Rp23.500;959 terjual;Racoon / Raccoon / raccon | Grow a garden;https://imgop.itemku.com/?url=https%3A%2F%2Fd1x91p7vw3vuq8.cloudfront.net%2Fitemku-upload%2F202567%2F2mx3b9cizx39zhhmci0uyd_thumbnail.jpg&w=1033&q=75;;;
Roblox Games;Grow A Garden;Rp5.000;817 terjual;Dragonfly;https://imgop.itemku.com/?url=https%3A%2F%2Fd1x91p7vw3vuq8.cloudfront.net%2Fitemku-upload%2F2025731%2Fnjv8gzqh8pkrlu3nbpvk8_thumbnail.jpg&w=1033&q=75;;;
Roblox Games;Grow A Garden;Rp45.001;770 terjual;Corrupted Kitsune;https://imgop.itemku.com/?url=https%3A%2F%2Fd1x91p7vw3vuq8.cloudfront.net%2Fitemku-upload%2F2025728%2Fkwed0sonmmyyqgqmuu1y_thumbnail.jpg&w=1033&q=75;;;
Roblox Games;Grow A Garden;Rp17.993;734 terjual;Moon Cat - Grow A Garden;https://imgop.itemku.com/?url=https%3A%2F%2Fd1x91p7vw3vuq8.cloudfront.net%2Fitemku-upload%2F2025727%2Ff18cpqvgkfu6aap8nwgngr_thumbnail.jpg&w=1033&q=75;;;
Roblox Games;Grow A Garden;Rp15.000;731 terjual;T-Rex (Grow A Garden);https://imgop.itemku.com/?url=https%3A%2F%2Fd1x91p7vw3vuq8.cloudfront.net%2Fitemku-upload%2F2026428%2Fzkqs0c3w53f7m9nvx59zd_thumbnail.jpg&w=1033&q=75;;;
Roblox Games;Grow A Garden;Rp5.000;646 terjual;T-Rex Grow a Garden;https://imgop.itemku.com/?url=https%3A%2F%2Fd1x91p7vw3vuq8.cloudfront.net%2Fitemku-upload%2F202579%2F2kgw0p99pat3mp9yvfcqg4_thumbnail.jpg&w=1033&q=75;;;
Roblox Games;Grow A Garden;Rp120.000;1 terjual;Rainbow Echo Frog Grow A Garden;https://imgop.itemku.com/?url=https%3A%2F%2Fd1x91p7vw3vuq8.cloudfront.net%2Fitemku-upload%2F2025824%2F03escu3id219x9cxchaakto_thumbnail.jpg&w=1033&q=75;;;
Roblox Games;Grow A Garden;Rp120.000;;Mega Dilophosaurus Age 100 Grow A Garden;https://imgop.itemku.com/?url=https%3A%2F%2Fd1x91p7vw3vuq8.cloudfront.net%2Fitemku-upload%2F2025824%2Fs0g0on7kmpqvo2o7lz8pf_thumbnail.jpg&w=1033&q=75;;;
Roblox Games;Grow A Garden;Rp45.000;1 terjual;Aromatic Spinosaurus Grow A Garden;https://imgop.itemku.com/?url=https%3A%2F%2Fd1x91p7vw3vuq8.cloudfront.net%2Fitemku-upload%2F2025824%2Fwifg3llnbka3c4s3dtij6m_thumbnail.jpg&w=1033&q=75;;;
Roblox Games;Grow A Garden;Rp99.000;;HUGE JUMBO KITSUNE 62KG / JUMBO HUGE KITSUNE 62KG / JUMBO HUGE RED KITSUNE 62KG / HUGE JUMBO RED KITSUNE 62KG / HUGE REDKIT 62KG / JUMBO REDKIT 62KG;https://imgop.itemku.com/?url=https%3A%2F%2Fd1x91p7vw3vuq8.cloudfront.net%2Fitemku-upload%2F2026516%2Fsazkwfk27qg89gn6o9lt78_thumbnail.jpg&w=1033&q=75;;;
Roblox Games;Grow A Garden;Rp3.420;637 terjual;Golden Goose;https://imgop.itemku.com/?url=https%3A%2F%2Fd1x91p7vw3vuq8.cloudfront.net%2Fitemku-upload%2F2025820%2Fv8m2xpe0cvbqnymlh86bdl_thumbnail.jpg&w=1033&q=75;;;
Roblox Games;Grow A Garden;Rp9.990;637 terjual;Mimic Octopus;https://imgop.itemku.com/?url=https%3A%2F%2Fd1x91p7vw3vuq8.cloudfront.net%2Fitemku-upload%2F2025626%2Fo9pr6tvbmks4hrzzzm1lb3_thumbnail.jpg&w=1033&q=75;;;
Roblox Games;Grow A Garden;Rp1.500;554 terjual;Pet Tumbal Level 75 - Grow A Garden;https://imgop.itemku.com/?url=https%3A%2F%2Fd1x91p7vw3vuq8.cloudfront.net%2Fitemku-upload%2F2025810%2F60qni9gq0p5qb3zbyc9qv_thumbnail.jpg&w=1033&q=75;;;
Roblox Games;Grow A Garden;Rp20.000;535 terjual;Racoon || Grow A Garden;https://imgop.itemku.com/?url=https%3A%2F%2Fd1x91p7vw3vuq8.cloudfront.net%2Fitemku-upload%2F2025528%2Fs31d5d10gvnmlx6er9xjag_thumbnail.jpg&w=1033&q=75;;;
Roblox Games;Grow A Garden;Rp9.000;513 terjual;Praying Mantis - Grow A Garden;https://imgop.itemku.com/?url=https%3A%2F%2Fd1x91p7vw3vuq8.cloudfront.net%2Fitemku-upload%2F202558%2Fn0jb3avs2510jdm6x9usyn_thumbnail.jpg&w=1033&q=75;;;
Roblox Games;Grow A Garden;Rp11.500;489 terjual;Butterfly Grow a Garden;https://imgop.itemku.com/?url=https%3A%2F%2Fd1x91p7vw3vuq8.cloudfront.net%2Fitemku-upload%2F202568%2Fiym146set4v3v6rzioted_thumbnail.jpg&w=1033&q=75;;;
Roblox Games;Grow A Garden;Rp21.500;480 terjual;Kitsune / red kitsune (prismatic) | Grow a Garden;https://imgop.itemku.com/?url=https%3A%2F%2Fd1x91p7vw3vuq8.cloudfront.net%2Fitemku-upload%2F202583%2Fjzvlloq2h6m2f2uh6atin_thumbnail.jpg&w=1033&q=75;;;
Roblox Games;Grow A Garden;Rp8.000;459 terjual;Titan Peacock;https://imgop.itemku.com/?url=https%3A%2F%2Fd1x91p7vw3vuq8.cloudfront.net%2Fitemku-upload%2F2026425%2Frt43me19jbbigg1gtc65na_thumbnail.jpg&w=1033&q=75;;;
Roblox Games;Grow A Garden;Rp99.900;;COLOSAL NIGHTMARE ORANGE TABBY 110KG / NIGHTMARE COLOSAL ORANGE TABBY 110KG / ORANGE TABBY 5SECOND / TABBY 5S / TABBY MAX PASIF / TABBY CD 5S;https://imgop.itemku.com/?url=https%3A%2F%2Fd1x91p7vw3vuq8.cloudfront.net%2Fitemku-upload%2F2026520%2Ffo12nsgv1yognhxm4cmx_thumbnail.jpg&w=1033&q=75;;;
Roblox Games;Grow A Garden;Rp99.900;;COLOSAL MEGA CUCKOO 111KG / MEGA COLOSAL CUCKO 111KG / GODLY MEGA CUCKOO 111KG / MEGA GODLY CUCKOO 111KG;https://imgop.itemku.com/?url=https%3A%2F%2Fd1x91p7vw3vuq8.cloudfront.net%2Fitemku-upload%2F2026520%2Fxyxhu5llm899ysmf99ex6_thumbnail.jpg&w=1033&q=75;;;
Roblox Games;Grow A Garden;Rp60.000;;Mega Mooncat Grow A Garden;https://imgop.itemku.com/?url=https%3A%2F%2Fd1x91p7vw3vuq8.cloudfront.net%2Fitemku-upload%2F2025818%2Fwp3fgdyl7h8l37pmjmxtt_thumbnail.jpg&w=1033&q=75;;;
Roblox Games;Grow A Garden;Rp150.475;;Gilded Choc Peryton 38KG+;https://imgop.itemku.com/?url=https%3A%2F%2Fd1x91p7vw3vuq8.cloudfront.net%2Fitemku-upload%2F2026425%2Fx3s97y3ndmbi8fk0acl3q_thumbnail.jpg&w=1033&q=75;;;
Roblox Games;Anime Vanguards;Rp14.100;;Extra Unit Storage;https://imgop.itemku.com/?url=https%3A%2F%2Fd1x91p7vw3vuq8.cloudfront.net%2Fitem-type%2F202648%2Fjmgwpkr8ypho1wv2paxo79.webp&w=96&q=75;;;
Roblox Games;Anime Vanguards;Rp142.890;;Shiny Hunter;https://imgop.itemku.com/?url=https%3A%2F%2Fd1x91p7vw3vuq8.cloudfront.net%2Fitem-type%2F202648%2Fhq1jsaue0iaq594c76nm9.webp&w=96&q=75;;;
Roblox Games;Anime Vanguards;Rp29.900;;VIP;https://imgop.itemku.com/?url=https%3A%2F%2Fd1x91p7vw3vuq8.cloudfront.net%2Fitem-type%2F202648%2Fh5gfne4appxc9au15ixx.webp&w=96&q=75;;;
Roblox Games;Anime Vanguards;Rp65.890;;Display All Units;https://imgop.itemku.com/?url=https%3A%2F%2Fd1x91p7vw3vuq8.cloudfront.net%2Fitem-type%2F202648%2Fnbrg8vojemlgr5ikqqci.webp&w=96&q=75;;;
Roblox Games;Anime Vanguards;Rp79.101;;Premium Pass;https://imgop.itemku.com/?url=https%3A%2F%2Fd1x91p7vw3vuq8.cloudfront.net%2Fitem-type%2F202648%2F21mhycfspz58dmhn66cihp.webp&w=96&q=75;;;
Akun;Clash of Clans;Rp78.000;1087 terjual;Town Hall 11;https://imgop.itemku.com/?url=https%3A%2F%2Fd1x91p7vw3vuq8.cloudfront.net%2Fitemku-upload%2F2026520%2Fop7dse9mx5q2wbdpoexqr_thumbnail.jpg&w=1033&q=75;;;
Akun;Clash of Clans;Rp49.000;283 terjual;Town Hall 12 Donasi Murah&Aman;https://imgop.itemku.com/?url=https%3A%2F%2Fd1x91p7vw3vuq8.cloudfront.net%2Fitemku-upload%2F2026521%2Fg4h41xy6ja82o68pz6ffmx_thumbnail.jpg&w=1033&q=75;;;
Akun;Clash of Clans;Rp50.000;238 terjual;Town Hall 11 Murah & Aman;https://imgop.itemku.com/?url=https%3A%2F%2Fd1x91p7vw3vuq8.cloudfront.net%2Fitemku-upload%2F2026520%2Foyqw3winmjkrxbykfynjmn_thumbnail.jpg&w=1033&q=75;;;
Akun;Clash of Clans;Rp6.000;228 terjual;Town Hall 2 Fresh Full Max;https://imgop.itemku.com/?url=https%3A%2F%2Fd1x91p7vw3vuq8.cloudfront.net%2Fitemku-upload%2F202543%2Fu3iql32w4y9eu6wx582gyu_thumbnail.jpg&w=1033&q=75;;;
Akun;Clash of Clans;Rp5.000.000;;COC TH 18 GG Base & TROPS SIAP PAKAI Aman Supercell ID |Deff Mantap | TERLIHAT | MURAH BANGET & JOSS | IOS & ANDROID;https://imgop.itemku.com/?url=https%3A%2F%2Fd1x91p7vw3vuq8.cloudfront.net%2Fitemku-upload%2F2025129%2Fosgxfdi78zfi8utgwlmak_thumbnail.jpg&w=1033&q=75;;;
Akun;Clash of Clans;Rp3.340.000;;2 SCENERY | TH18 ALL MOST | EXP 241 | SHIVU | HERO 105 105 81 80 55 | GEMS 1417 | CN 1000;https://imgop.itemku.com/?url=https%3A%2F%2Fd1x91p7vw3vuq8.cloudfront.net%2Fitemku-upload%2F2026516%2Fl7tu8h4j008r4k39y6fv4_thumbnail.jpg&w=1033&q=75;;;
Akun;Clash of Clans;Rp1.000.000;;TH 17 XP 230 | Strong Heroes | High Hero Equipment | Medium Base | 2K Gems | Ready to Play;https://imgop.itemku.com/?url=https%3A%2F%2Fd1x91p7vw3vuq8.cloudfront.net%2Fitemku-upload%2F2026320%2Fhma5hs5lr9v400nb5tkr55_thumbnail.jpg&w=1033&q=75;;;
Akun;Clash of Clans;Rp4.000.000;;LIMITED LATAR ||5012 WAR STAR|| TH18 XP 259||5 HEROES MAXED|| EQUIPMENT EPIC MAXED ||GOOD DEFFENT AND TROOPS FOR WAR;https://imgop.itemku.com/?url=https%3A%2F%2Fd1x91p7vw3vuq8.cloudfront.net%2Fitemku-upload%2F2026510%2Fkyg85hyzwrnlmey9ivybjp_thumbnail.jpg&w=1033&q=75;;;
Akun;Clash of Clans;Rp17.000;204 terjual;Town Hall 13 | BUILDER 4;https://imgop.itemku.com/?url=https%3A%2F%2Fd1x91p7vw3vuq8.cloudfront.net%2Fitemku-upload%2F202645%2Foas56gfusv8l8o5afiyxu_thumbnail.jpg&w=1033&q=75;;;
Akun;Clash of Clans;Rp95.000;170 terjual;Town Hall 13 DONASI;https://imgop.itemku.com/?url=https%3A%2F%2Fd1x91p7vw3vuq8.cloudfront.net%2Fitemku-upload%2F2026521%2Fkj7hrqwxgguyx5aakcp2_thumbnail.jpg&w=1033&q=75;;;
Akun;Clash of Clans;Rp12.000;153 terjual;Town Hall 3 Fresh Full Max;https://imgop.itemku.com/?url=https%3A%2F%2Fd1x91p7vw3vuq8.cloudfront.net%2Fitemku-upload%2F2024626%2F2pjqlk9kxssq1bfu5agq9g_thumbnail.jpg&w=1033&q=75;;;
Akun;Clash of Clans;Rp65.000;140 terjual;TH 12 MURAH & AMAN;https://imgop.itemku.com/?url=https%3A%2F%2Fd1x91p7vw3vuq8.cloudfront.net%2Fitemku-upload%2F2026516%2Fvo8r8i2t95ell60p96dg7_thumbnail.jpg&w=1033&q=75;;;
Akun;Clash of Clans;Rp85.000;139 terjual;Town Hall 12;https://imgop.itemku.com/?url=https%3A%2F%2Fd1x91p7vw3vuq8.cloudfront.net%2Fitemku-upload%2F2026521%2Fshoivc6nx5bsbh6ztzld0p_thumbnail.jpg&w=1033&q=75;;;
Akun;Clash of Clans;Rp14.520;138 terjual;Town Hall 12-13 | 3-5 Builder - Clash Of Clan;https://imgop.itemku.com/?url=https%3A%2F%2Fd1x91p7vw3vuq8.cloudfront.net%2Fitemku-upload%2F202634%2Fudu09ma3ol1pry1yqcpn5_thumbnail.jpg&w=1033&q=75;;;
Akun;Clash of Clans;Rp2.222;119 terjual;Town Hall 2;https://imgop.itemku.com/?url=https%3A%2F%2Fd1x91p7vw3vuq8.cloudfront.net%2Fitemku-upload%2F20251118%2Fwe6vz4owcchirkji6w5al_thumbnail.jpg&w=1033&q=75;;;
Akun;Clash of Clans;Rp78.000;114 terjual;Town Hall 11 Pertahanan Bagus;https://imgop.itemku.com/?url=https%3A%2F%2Fd1x91p7vw3vuq8.cloudfront.net%2Fitemku-upload%2F2026518%2Fkv2p8a82b7hmnnncgzrxz_thumbnail.jpg&w=1033&q=75;;;
Akun;Clash of Clans;Rp1.200.000;;COC TH 14 GG ALLMAX Base & TROPS SIAP PAKAI Aman Supercell ID |Deff Mantap | TERLIHAT | MURAH BANGET & JOSS | IOS & ANDROID;https://imgop.itemku.com/?url=https%3A%2F%2Fd1x91p7vw3vuq8.cloudfront.net%2Fitemku-upload%2F2025812%2F3u88q3r2oqq1qg79gxpvdp_thumbnail.jpg&w=1033&q=75;;;
Akun;Clash of Clans;Rp500.000;;Town Hall 16 Hero Super GG / Siap War / Akun Mantap;https://imgop.itemku.com/?url=https%3A%2F%2Fd1x91p7vw3vuq8.cloudfront.net%2Fitemku-upload%2F20251214%2Fjbn81ci74yet6w4m6247ym_thumbnail.jpg&w=1033&q=75;;;
Akun;Clash of Clans;Rp500.000;1 terjual;COC TH 13 GG ALLMAX Base & TROPS SIAP PAKAI Aman Supercell ID |Deff Mantap | TERLIHAT | MURAH BANGET & JOSS | IOS & ANDROID;https://imgop.itemku.com/?url=https%3A%2F%2Fd1x91p7vw3vuq8.cloudfront.net%2Fitemku-upload%2F2025812%2Fa9n602xuzc6nt6q2h62pe_thumbnail.jpg&w=1033&q=75;;;
Akun;Clash of Clans;Rp700.000;1 terjual;Town Hall 16 Semi Max / Deff dan Pasukan GG;https://imgop.itemku.com/?url=https%3A%2F%2Fd1x91p7vw3vuq8.cloudfront.net%2Fitemku-upload%2F2026418%2Fd2eod282jbf9xq4s6m9iyi_thumbnail.jpg&w=1033&q=75;;;
Akun;Clash of Clans;Rp27.000;94 terjual;Town Hall 14;https://imgop.itemku.com/?url=https%3A%2F%2Fd1x91p7vw3vuq8.cloudfront.net%2Fitemku-upload%2F2026313%2Ftz1zl9vxo4c1sapzzyyl8_thumbnail.jpg&w=1033&q=75;;;
Akun;Clash of Clans;Rp145.000;88 terjual;TH 13 MURAH & AMAN #2;https://imgop.itemku.com/?url=https%3A%2F%2Fd1x91p7vw3vuq8.cloudfront.net%2Fitemku-upload%2F2026521%2F4whml6tea2ucx8jrp3kc1w_thumbnail.jpg&w=1033&q=75;;;
Akun;Clash of Clans;Rp165.000;64 terjual;TH 16 Donasi Pasukan Bagus - Murah & Bergaransi;https://imgop.itemku.com/?url=https%3A%2F%2Fd1x91p7vw3vuq8.cloudfront.net%2Fitemku-upload%2F2026517%2Fgnirm5lhz3rqn7ld9qjzgd_thumbnail.jpg&w=1033&q=75;;;
Akun;Clash of Clans;Rp99.000;58 terjual;TH 12 MURAH & BERKUALITAS;https://imgop.itemku.com/?url=https%3A%2F%2Fd1x91p7vw3vuq8.cloudfront.net%2Fitemku-upload%2F2026426%2Foozbdqm74xojdenvs2nh5i_thumbnail.jpg&w=1033&q=75;;;
Akun;Clash of Clans;Rp48.000;56 terjual;Town Hall 16 | BUILDER 5 | GEMS 2000;https://imgop.itemku.com/?url=https%3A%2F%2Fd1x91p7vw3vuq8.cloudfront.net%2Fitemku-upload%2F2026317%2Fdw0wfw2v0n85crvccfk5zq_thumbnail.jpg&w=1033&q=75;;;
Akun;Clash of Clans;Rp90.000;54 terjual;Town Hall 12 MURAH AJA;https://imgop.itemku.com/?url=https%3A%2F%2Fd1x91p7vw3vuq8.cloudfront.net%2Fitemku-upload%2F2026522%2Fc0ec77gapkb3yr9c5nifih_thumbnail.jpg&w=1033&q=75;;;
Akun;Clash of Clans;Rp15.000;53 terjual;Town Hall 11;https://imgop.itemku.com/?url=https%3A%2F%2Fd1x91p7vw3vuq8.cloudfront.net%2Fitemku-upload%2F2026218%2Fnm98nd5eu7sk9lxv5s3lh_thumbnail.jpg&w=1033&q=75;;;
Akun;Clash of Clans;Rp100.000;53 terjual;Town Hall 11 Max Hero 50 || 50 Murah;https://imgop.itemku.com/?url=https%3A%2F%2Fd1x91p7vw3vuq8.cloudfront.net%2Fitemku-upload%2F2026522%2F7hehtdv000vd5a4mvx1rkw_thumbnail.jpg&w=1033&q=75;;;
Akun;Clash of Clans;Rp200.000;;Town Hall 13 Hampir Max - Siap War;https://imgop.itemku.com/?url=https%3A%2F%2Fd1x91p7vw3vuq8.cloudfront.net%2Fitemku-upload%2F20251121%2Fcp7vb0ppu0k4lajemz742_thumbnail.jpg&w=1033&q=75;;;
Akun;Clash of Clans;Rp4.500.000;;COC TH 17 GG HAMPIR ALLMAX Base & TROPS SIAP PAKAI Aman Supercell ID |Deff Mantap | TERLIHAT | MURAH BANGET & JOSS | IOS & ANDROID;https://imgop.itemku.com/?url=https%3A%2F%2Fd1x91p7vw3vuq8.cloudfront.net%2Fitemku-upload%2F202589%2Fxdxd76sv9so2oxy6gtodnd_thumbnail.jpg&w=1033&q=75;;;
Akun;Clash of Clans;Rp4.500.000;;COC TH 17 GG ALLMAXX GEAR EPIC BANYAK MURAH ABIEZZ DIJAMIN AMAN 1000%;https://imgop.itemku.com/?url=https%3A%2F%2Fd1x91p7vw3vuq8.cloudfront.net%2Fitemku-upload%2F2025123%2Fgokyhmzndghhuhf9xl0w2n_thumbnail.jpg&w=1033&q=75;;;
Akun;Clash of Clans;Rp2.299.000;;MAX GUARDIANS | MAX DEFF AND WALL | TH18 SEMI MAX | EXP 231 | YAHIKO | HERO 100 105 91 80 52 9 | GEMS 308 | CN 1000;https://imgop.itemku.com/?url=https%3A%2F%2Fd1x91p7vw3vuq8.cloudfront.net%2Fitemku-upload%2F2026317%2Fft6ts0wwkc5h5eu68lg5mg_thumbnail.jpg&w=1033&q=75;;;
Akun;Roblox;Rp1.300;3385 terjual;AKUN RBL POLOSAN 13+;https://imgop.itemku.com/?url=https%3A%2F%2Fd1x91p7vw3vuq8.cloudfront.net%2Fitem-type%2F20251119%2Fra02yrofmna7s967schpm4.png&w=1033&q=75;;;
Akun;Roblox;Rp9.999;2465 terjual;AKUN RBL VOICE CHAT;https://imgop.itemku.com/?url=https%3A%2F%2Fd1x91p7vw3vuq8.cloudfront.net%2Fitem-type%2F20251119%2Fra02yrofmna7s967schpm4.png&w=1033&q=75;;;
Akun;Roblox;Rp888;1827 terjual;AKUN RBL POLOSAN 13+ ( 30 Days );https://imgop.itemku.com/?url=https%3A%2F%2Fd1x91p7vw3vuq8.cloudfront.net%2Fitem-type%2F20251119%2Fra02yrofmna7s967schpm4.png&w=1033&q=75;;;
Akun;Roblox;Rp1.500;1446 terjual;Akun Roblox Polos 13+ [Akun Tahun 2024];https://imgop.itemku.com/?url=https%3A%2F%2Fd1x91p7vw3vuq8.cloudfront.net%2Fitem-type%2F20251119%2Fra02yrofmna7s967schpm4.png&w=1033&q=75;;;
Akun;Roblox;Rp155.000;1 terjual;Akun Ro Ghoul - Max Level (Ghoul);https://imgop.itemku.com/?url=https%3A%2F%2Fd1x91p7vw3vuq8.cloudfront.net%2Fitem-type%2F20251119%2Fra02yrofmna7s967schpm4.png&w=1033&q=75;;;
Akun;Roblox;Rp2.400;593 terjual;AKUN RBL 6 DIGIT USERNAME 13+;https://imgop.itemku.com/?url=https%3A%2F%2Fd1x91p7vw3vuq8.cloudfront.net%2Fitem-type%2F20251119%2Fra02yrofmna7s967schpm4.png&w=1033&q=75;;;
Akun;Roblox;Rp240.000;;Akun Slap Battle (86K Slap);https://imgop.itemku.com/?url=https%3A%2F%2Fd1x91p7vw3vuq8.cloudfront.net%2Fitem-type%2F20251119%2Fra02yrofmna7s967schpm4.png&w=1033&q=75;;;
Akun;Roblox;Rp250.000;;Akun Ro Ghoul Max Level CCG-Ghoul;https://imgop.itemku.com/?url=https%3A%2F%2Fd1x91p7vw3vuq8.cloudfront.net%2Fitem-type%2F20251119%2Fra02yrofmna7s967schpm4.png&w=1033&q=75;;;
Akun;Roblox;Rp3.200;1314 terjual;AKUN RBL 5 DIGIT USERNAME 13+;https://imgop.itemku.com/?url=https%3A%2F%2Fd1x91p7vw3vuq8.cloudfront.net%2Fitem-type%2F20251119%2Fra02yrofmna7s967schpm4.png&w=1033&q=75;;;
Akun;Roblox;Rp10.000;1073 terjual;AKUN RBL VOICE CHAT ON 18+;https://imgop.itemku.com/?url=https%3A%2F%2Fd1x91p7vw3vuq8.cloudfront.net%2Fitem-type%2F20251119%2Fra02yrofmna7s967schpm4.png&w=1033&q=75;;;
Akun;Roblox;Rp15.000;827 terjual;Akun Roblox Voice Chat 21+ Verified;https://imgop.itemku.com/?url=https%3A%2F%2Fd1x91p7vw3vuq8.cloudfront.net%2Fitem-type%2F20251119%2Fra02yrofmna7s967schpm4.png&w=1033&q=75;;;
Akun;Roblox;Rp2.000;789 terjual;AKUN RBL 5 DIGIT USERNAME;https://imgop.itemku.com/?url=https%3A%2F%2Fd1x91p7vw3vuq8.cloudfront.net%2Fitem-type%2F20251119%2Fra02yrofmna7s967schpm4.png&w=1033&q=75;;;
Akun;Roblox;Rp1.500;782 terjual;Akun Roblox Polos 13+ [Akun Tahun 2023];https://imgop.itemku.com/?url=https%3A%2F%2Fd1x91p7vw3vuq8.cloudfront.net%2Fitem-type%2F20251119%2Fra02yrofmna7s967schpm4.png&w=1033&q=75;;;
Akun;Roblox;Rp850;771 terjual;Akun Polosan RBL 13+;https://imgop.itemku.com/?url=https%3A%2F%2Fd1x91p7vw3vuq8.cloudfront.net%2Fitem-type%2F20251119%2Fra02yrofmna7s967schpm4.png&w=1033&q=75;;;
Akun;Roblox;Rp14.500;349 terjual;Akun RBL Voice Chat;https://imgop.itemku.com/?url=https%3A%2F%2Fd1x91p7vw3vuq8.cloudfront.net%2Fitem-type%2F20251119%2Fra02yrofmna7s967schpm4.png&w=1033&q=75;;;
Akun;Roblox;Rp7.500;269 terjual;Akun Roblox 21+ Bisa Voice Chat Data Polos;https://imgop.itemku.com/?url=https%3A%2F%2Fd1x91p7vw3vuq8.cloudfront.net%2Fitem-type%2F20251119%2Fra02yrofmna7s967schpm4.png&w=1033&q=75;;;
Akun;Roblox;Rp312.500;5 terjual;Akun ROBLOX $5M Bloxburg Cash - Welcome to Bloxburg - ROBLOX;https://imgop.itemku.com/?url=https%3A%2F%2Fd1x91p7vw3vuq8.cloudfront.net%2Fitem-type%2F20251119%2Fra02yrofmna7s967schpm4.png&w=1033&q=75;;;
Akun;Roblox;Rp55.000;26 terjual;AKUN RBL 2010 MURAH;https://imgop.itemku.com/?url=https%3A%2F%2Fd1x91p7vw3vuq8.cloudfront.net%2Fitem-type%2F20251119%2Fra02yrofmna7s967schpm4.png&w=1033&q=75;;;
Akun;Roblox;Rp295.000;;Akun Slap Battle (112K Slap);https://imgop.itemku.com/?url=https%3A%2F%2Fd1x91p7vw3vuq8.cloudfront.net%2Fitem-type%2F20251119%2Fra02yrofmna7s967schpm4.png&w=1033&q=75;;;
Akun;Roblox;Rp300.000;;Akun Slap Battle (115K Slap);https://imgop.itemku.com/?url=https%3A%2F%2Fd1x91p7vw3vuq8.cloudfront.net%2Fitem-type%2F20251119%2Fra02yrofmna7s967schpm4.png&w=1033&q=75;;;
Akun;Roblox;Rp6.500;248 terjual;Akun RBL Bisa Voice+Chat 21+;https://imgop.itemku.com/?url=https%3A%2F%2Fd1x91p7vw3vuq8.cloudfront.net%2Fitem-type%2F20251119%2Fra02yrofmna7s967schpm4.png&w=1033&q=75;;;
Akun;Roblox;Rp8.500;233 terjual;AKUN POLOS TAXI BOSS 10M MONEY;https://imgop.itemku.com/?url=https%3A%2F%2Fd1x91p7vw3vuq8.cloudfront.net%2Fitem-type%2F20251119%2Fra02yrofmna7s967schpm4.png&w=1033&q=75;;;
Akun;Roblox;Rp8.250;215 terjual;AKUN RBL VOICE CHAT ON 18+ ( Termurah );https://imgop.itemku.com/?url=https%3A%2F%2Fd1x91p7vw3vuq8.cloudfront.net%2Fitem-type%2F20251119%2Fra02yrofmna7s967schpm4.png&w=1033&q=75;;;
Akun;Roblox;Rp2.000;174 terjual;AKUN RBL NAMA 6 HURUF POLOS 13+;https://imgop.itemku.com/?url=https%3A%2F%2Fd1x91p7vw3vuq8.cloudfront.net%2Fitem-type%2F20251119%2Fra02yrofmna7s967schpm4.png&w=1033&q=75;;;
Akun;Roblox;Rp30.000;141 terjual;AKUN RBL VOICE CHAT / ON MIC;https://imgop.itemku.com/?url=https%3A%2F%2Fd1x91p7vw3vuq8.cloudfront.net%2Fitem-type%2F20251119%2Fra02yrofmna7s967schpm4.png&w=1033&q=75;;;
Akun;Roblox;Rp3.000;138 terjual;Akun RBL Username 5 Digit 13+ POLOSAN;https://imgop.itemku.com/?url=https%3A%2F%2Fd1x91p7vw3vuq8.cloudfront.net%2Fitem-type%2F20251119%2Fra02yrofmna7s967schpm4.png&w=1033&q=75;;;
Akun;Roblox;Rp500.000;116 terjual;akun RBL GG #2;https://imgop.itemku.com/?url=https%3A%2F%2Fd1x91p7vw3vuq8.cloudfront.net%2Fitem-type%2F20251119%2Fra02yrofmna7s967schpm4.png&w=1033&q=75;;;
Akun;Roblox;Rp2.000;114 terjual;AKUN RBL 5 DIGIT USERNAME;https://imgop.itemku.com/?url=https%3A%2F%2Fd1x91p7vw3vuq8.cloudfront.net%2Fitem-type%2F20251119%2Fra02yrofmna7s967schpm4.png&w=1033&q=75;;;
Akun;Roblox;Rp62.500;18 terjual;Akun ROBLOX $1M Bloxburg Cash - Welcome to Bloxburg - ROBLOX;https://imgop.itemku.com/?url=https%3A%2F%2Fd1x91p7vw3vuq8.cloudfront.net%2Fitem-type%2F20251119%2Fra02yrofmna7s967schpm4.png&w=1033&q=75;;;
Akun;Roblox;Rp20.000;44 terjual;AKUN Roblox POLOS 18+ VOICE CHAT ON;https://imgop.itemku.com/?url=https%3A%2F%2Fd1x91p7vw3vuq8.cloudfront.net%2Fitem-type%2F20251119%2Fra02yrofmna7s967schpm4.png&w=1033&q=75;;;
Akun;Roblox;Rp17.500;81 terjual;AKUN Roblox POLOS 21+ VOICE CHAT ON;https://imgop.itemku.com/?url=https%3A%2F%2Fd1x91p7vw3vuq8.cloudfront.net%2Fitem-type%2F20251119%2Fra02yrofmna7s967schpm4.png&w=1033&q=75;;;
Akun;Roblox;Rp2.400;374 terjual;AKUN RBL POLOSAN 13+ (20 Days);https://imgop.itemku.com/?url=https%3A%2F%2Fd1x91p7vw3vuq8.cloudfront.net%2Fitem-type%2F20251119%2Fra02yrofmna7s967schpm4.png&w=1033&q=75;;;
Akun;Blox Fruits;Rp11.800;123224 terjual;Akun Blox Fruit [Level MAX];https://imgop.itemku.com/?url=https%3A%2F%2Fd1x91p7vw3vuq8.cloudfront.net%2Fitemku-upload%2F20251023%2F4sxyutrsej2k8xgiyql94_thumbnail.jpg&w=1033&q=75;;;
Akun;Blox Fruits;Rp11.900;65650 terjual;Akun Blox Fruit GODHUMAN [Level MAX];https://imgop.itemku.com/?url=https%3A%2F%2Fd1x91p7vw3vuq8.cloudfront.net%2Fitemku-upload%2F20251023%2Fs7lxbsswouxmsyvs73sn8_thumbnail.jpg&w=1033&q=75;;;
Akun;Blox Fruits;Rp1.700;52454 terjual;Akun Blox Fruit Level 1000! Bonus Fruit in Inventory !;https://imgop.itemku.com/?url=https%3A%2F%2Fd1x91p7vw3vuq8.cloudfront.net%2Fitemku-upload%2F2025710%2Ff0mn1u9dhza0o6j9rn477hc_thumbnail.jpg&w=1033&q=75;;;
Akun;Blox Fruits;Rp21.900;34321 terjual;Akun Blox Fruit GODHUMAN+CURSED DUAL KATANA [Level MAX];https://imgop.itemku.com/?url=https%3A%2F%2Fd1x91p7vw3vuq8.cloudfront.net%2Fitemku-upload%2F2026327%2F5yr19mc8p8rgl0ldivsx8l_thumbnail.jpg&w=1033&q=75;;;
Akun;Blox Fruits;Rp1.000.000;1 terjual;AKUN PERMANENT DRAGON EASTERN & WESTERN #21;https://imgop.itemku.com/?url=https%3A%2F%2Fd1x91p7vw3vuq8.cloudfront.net%2Fitemku-upload%2F2026213%2F4ux1yhp0hokggenm4qarff_thumbnail.jpg&w=1033&q=75;;;
Akun;Blox Fruits;Rp600.000;;AKUN PERMANENT DRAGON + GAS + DOUGH + LIGHTNING + BUDDHA ( TOTAL 9 PERMANENT );https://imgop.itemku.com/?url=https%3A%2F%2Fd1x91p7vw3vuq8.cloudfront.net%2Fitemku-upload%2F2026514%2Frd50xlr0r1vorh172srb_thumbnail.jpg&w=1033&q=75;;;
Akun;Blox Fruits;Rp900.000;;AKUN PERMANENT DRAGON SULTAN #2;https://imgop.itemku.com/?url=https%3A%2F%2Fd1x91p7vw3vuq8.cloudfront.net%2Fitemku-upload%2F2026516%2Fqd56pal50p9umuk58skkm_thumbnail.jpg&w=1033&q=75;;;
Akun;Blox Fruits;Rp755.000;5 terjual;AKUN BLOX FRUIT PERM DRAGON+DLL;https://imgop.itemku.com/?url=https%3A%2F%2Fd1x91p7vw3vuq8.cloudfront.net%2Fitemku-upload%2F2026426%2Fzdiota0n6f9wfgws8cg1n_thumbnail.jpg&w=1033&q=75;;;
Akun;Blox Fruits;Rp28.900;30304 terjual;Akun Blox Fruit GODHUMAN+CURSED DUAL KATANA+SOUL GUITAR [Level MAX];https://imgop.itemku.com/?url=https%3A%2F%2Fd1x91p7vw3vuq8.cloudfront.net%2Fitemku-upload%2F20251023%2F6fwmnwy262fviuxok2jgd_thumbnail.jpg&w=1033&q=75;;;
Akun;Blox Fruits;Rp44.900;23872 terjual;Akun Blox Fruit Level Max Bonus Race Awakening V4 T1 (Godhuman);https://imgop.itemku.com/?url=https%3A%2F%2Fd1x91p7vw3vuq8.cloudfront.net%2Fitemku-upload%2F202642%2Ff3ark1pfiawwolkmtnx5_thumbnail.jpg&w=1033&q=75;;;
Akun;Blox Fruits;Rp48.900;20550 terjual;AKUN BLOX FRUIT RACE AWAKENING V4 T10 (FULL GEAR) [LEVEL MAX];https://imgop.itemku.com/?url=https%3A%2F%2Fd1x91p7vw3vuq8.cloudfront.net%2Fitemku-upload%2F202642%2F0zth2t5m0vhru0dtanak9f_thumbnail.jpg&w=1033&q=75;;;
Akun;Blox Fruits;Rp1.600;17528 terjual;Akun Level 1000 + Bonus Fruit Di Inventory + Bonus Melee;https://imgop.itemku.com/?url=https%3A%2F%2Fd1x91p7vw3vuq8.cloudfront.net%2Fitemku-upload%2F2026219%2Fcq4eq1vde2g5jld9aalvwn_thumbnail.jpg&w=1033&q=75;;;
Akun;Blox Fruits;Rp33.900;17412 terjual;Akun Blox Fruit GODHUMAN + SHARK ANCHOR [Level MAX];https://imgop.itemku.com/?url=https%3A%2F%2Fd1x91p7vw3vuq8.cloudfront.net%2Fitemku-upload%2F2026327%2Fkn2adnuvvzfjefn4utmvy_thumbnail.jpg&w=1033&q=75;;;
Akun;Blox Fruits;Rp32.900;12664 terjual;Akun Blox Fruit FULL AWAKEN DOUGH [Level MAX];https://imgop.itemku.com/?url=https%3A%2F%2Fd1x91p7vw3vuq8.cloudfront.net%2Fitemku-upload%2F2026327%2Firvl1kgf7rg6agnza5lkg_thumbnail.jpg&w=1033&q=75;;;
Akun;Blox Fruits;Rp15.900;11245 terjual;Akun Blox Fruit T-REX [Level MAX];https://imgop.itemku.com/?url=https%3A%2F%2Fd1x91p7vw3vuq8.cloudfront.net%2Fitemku-upload%2F2026327%2F5ieq20we08p9u1ujx2u2v_thumbnail.jpg&w=1033&q=75;;;
Akun;Blox Fruits;Rp11.600;9815 terjual;Akun Blox Fruit - Level MAX - GODHUMAN - Third SEA / SEA 3;https://imgop.itemku.com/?url=https%3A%2F%2Fd1x91p7vw3vuq8.cloudfront.net%2Fitemku-upload%2F2026310%2F6jgfdkxinvk84xasih7uhn_thumbnail.jpg&w=1033&q=75;;;
Akun;Blox Fruits;Rp800.000;4 terjual;AKUN SULTAN MAKSIMAL;https://imgop.itemku.com/?url=https%3A%2F%2Fd1x91p7vw3vuq8.cloudfront.net%2Fitemku-upload%2F2026426%2Ftagemk5rfne72o646bvahh_thumbnail.jpg&w=1033&q=75;;;
Akun;Blox Fruits;Rp950.000;3 terjual;AKUN PERMANENT DRAGON EASTERN & WESTERN #3;https://imgop.itemku.com/?url=https%3A%2F%2Fd1x91p7vw3vuq8.cloudfront.net%2Fitemku-upload%2F202655%2Fm5x0na1t1s4iz37ca9elt_thumbnail.jpg&w=1033&q=75;;;
Akun;Blox Fruits;Rp900.000;3 terjual;AKUN PERMANENT DRAGON EASTERN & WESTERN #24;https://imgop.itemku.com/?url=https%3A%2F%2Fd1x91p7vw3vuq8.cloudfront.net%2Fitemku-upload%2F2026213%2Fsc65tw6svijieb9vixh2an_thumbnail.jpg&w=1033&q=75;;;
Akun;Blox Fruits;Rp1.100.000;2 terjual;AKUN BLOX FRUIT GG;https://imgop.itemku.com/?url=https%3A%2F%2Fd1x91p7vw3vuq8.cloudfront.net%2Fitemku-upload%2F2026417%2Ffb36y8co9ulip50b3d1je8_thumbnail.jpg&w=1033&q=75;;;
Akun;Blox Fruits;Rp7.950;9323 terjual;AKUN LEVEL MAX GODHUMAN;https://imgop.itemku.com/?url=https%3A%2F%2Fd1x91p7vw3vuq8.cloudfront.net%2Fitemku-upload%2F202647%2Fk77g93ckkk69m4wwk39h6_thumbnail.jpg&w=1033&q=75;;;
Akun;Blox Fruits;Rp7.990;8343 terjual;Akun Blox Fruit Level Max - GODHUMAN;https://imgop.itemku.com/?url=https%3A%2F%2Fd1x91p7vw3vuq8.cloudfront.net%2Fitemku-upload%2F202628%2Fmc256zop7tld1mzzqnkzm_thumbnail.jpg&w=1033&q=75;;;
Akun;Blox Fruits;Rp32.900;6397 terjual;Akun Blox Fruit KITSUNE [Level MAX];https://imgop.itemku.com/?url=https%3A%2F%2Fd1x91p7vw3vuq8.cloudfront.net%2Fitemku-upload%2F2026327%2F3bu95zjm1w6wtfvthlgdwf_thumbnail.jpg&w=1033&q=75;;;
Akun;Blox Fruits;Rp35.900;5888 terjual;Akun Blox Fruit GODHUMAN + SHARK ANCHOR + CDK [Level MAX];https://imgop.itemku.com/?url=https%3A%2F%2Fd1x91p7vw3vuq8.cloudfront.net%2Fitemku-upload%2F2026327%2F1lf3bfvcup5z5lycfkt29_thumbnail.jpg&w=1033&q=75;;;
Akun;Blox Fruits;Rp15.900;4871 terjual;Akun Blox Fruit MAMMOTH [Level MAX];https://imgop.itemku.com/?url=https%3A%2F%2Fd1x91p7vw3vuq8.cloudfront.net%2Fitemku-upload%2F2026327%2Fp3eb48vn4w9fn67scxygco_thumbnail.jpg&w=1033&q=75;;;
Akun;Blox Fruits;Rp49.900;4831 terjual;Akun Blox Fruit Race Cyborg V4 Full Gear (Awakening) (Godhuman + CDK) [Level MAX];https://imgop.itemku.com/?url=https%3A%2F%2Fd1x91p7vw3vuq8.cloudfront.net%2Fitemku-upload%2F202642%2Faqpbsgl5fegzllncdeuj6_thumbnail.jpg&w=1033&q=75;;;
Akun;Blox Fruits;Rp37.900;4227 terjual;Akun Blox Fruit GODHUMAN + SHARK ANCHOR + FULL AWAKEN DOUGH [Level MAX];https://imgop.itemku.com/?url=https%3A%2F%2Fd1x91p7vw3vuq8.cloudfront.net%2Fitemku-upload%2F202641%2Fm2520brtmjwn95ufx8beg_thumbnail.jpg&w=1033&q=75;;;
Akun;Blox Fruits;Rp2.000;3964 terjual;PROMO AKUN BLOX FRUIT LEVEL 1000+ BONUS FRUIT;https://imgop.itemku.com/?url=https%3A%2F%2Fd1x91p7vw3vuq8.cloudfront.net%2Fitemku-upload%2F202595%2Fozwy2e9pjynelpry706ho8_thumbnail.jpg&w=1033&q=75;;;
Akun;Blox Fruits;Rp550.000;;Akun Lv 2700 | 6 Permanent (DRAGON!! Kitsune, Dough) | 5 Gamepass | Rabbit V4 | Avatar Keren!! | Lihat Gambar dan Deskripsi Untuk Lebih Lengkap;https://imgop.itemku.com/?url=https%3A%2F%2Fd1x91p7vw3vuq8.cloudfront.net%2Fitemku-upload%2F2026521%2F8t3nyna2jdnw2zwbecgzuq_thumbnail.jpg&w=1033&q=75;;;
Akun;Blox Fruits;Rp750.000;26 terjual;Akun Fruit Permanent - No 9;https://imgop.itemku.com/?url=https%3A%2F%2Fd1x91p7vw3vuq8.cloudfront.net%2Fitemku-upload%2F2026512%2F3ayoqnyoyxiueves9hgp1_thumbnail.jpg&w=1033&q=75;;;
Akun;Blox Fruits;Rp800.000;29 terjual;Akun Fruit Permanent - No 8;https://imgop.itemku.com/?url=https%3A%2F%2Fd1x91p7vw3vuq8.cloudfront.net%2Fitemku-upload%2F202658%2F4t3x7an1ypu1bpp5o9xdou_thumbnail.jpg&w=1033&q=75;;;
Akun;Blox Fruits;Rp750.000;;AKUN PERMANENT DRAGON EASTERN & WESTERN #18;https://imgop.itemku.com/?url=https%3A%2F%2Fd1x91p7vw3vuq8.cloudfront.net%2Fitemku-upload%2F202655%2F6uxj9bv4r36y9qpc0alqyp_thumbnail.jpg&w=1033&q=75;;;
Akun;Dead Rails;Rp20.000;1045 terjual;Akun All Class - Dead Rails;https://imgop.itemku.com/?url=https%3A%2F%2Fd1x91p7vw3vuq8.cloudfront.net%2Fitemku-upload%2F2026421%2Fu90wx9eks4nf589c6hn3_thumbnail.jpg&w=1033&q=75;;;
Akun;Dead Rails;Rp30.000;209 terjual;Akun Dead Rails 15k Bonds;https://imgop.itemku.com/?url=https%3A%2F%2Fd1x91p7vw3vuq8.cloudfront.net%2Fitemku-upload%2F2025523%2Fggrl5jlxqe7k8twbuqx7z_thumbnail.jpg&w=1033&q=75;;;
Akun;Dead Rails;Rp20.500;176 terjual;AKUN DEAD RAILS 1000 BOND;https://imgop.itemku.com/?url=https%3A%2F%2Fd1x91p7vw3vuq8.cloudfront.net%2Fitemku-upload%2F2025423%2F1aa50cl8rwgftusxzdcq95_thumbnail.jpg&w=1033&q=75;;;
Akun;Dead Rails;Rp10.000;136 terjual;Akun Dead Rails 5k Bonds;https://imgop.itemku.com/?url=https%3A%2F%2Fd1x91p7vw3vuq8.cloudfront.net%2Fitemku-upload%2F2026418%2F5y4uobb7576tqc8j60m5d_thumbnail.jpg&w=1033&q=75;;;
Akun;Dead Rails;Rp4.000;90 terjual;Akun 1K+ Bond | Dead Rails;https://imgop.itemku.com/?url=https%3A%2F%2Fd1x91p7vw3vuq8.cloudfront.net%2Fitemku-upload%2F2026421%2F593p62i2qu2gqsx2n6mrn_thumbnail.jpg&w=1033&q=75;;;
Akun;Dead Rails;Rp6.000;85 terjual;Akun 2K+ Bond | Dead Rails;https://imgop.itemku.com/?url=https%3A%2F%2Fd1x91p7vw3vuq8.cloudfront.net%2Fitemku-upload%2F2026421%2F4mcxwiorz12p9ydfdek6i8_thumbnail.jpg&w=1033&q=75;;;
Akun;Dead Rails;Rp20.000;64 terjual;Akun Dead Rails 10k Bonds;https://imgop.itemku.com/?url=https%3A%2F%2Fd1x91p7vw3vuq8.cloudfront.net%2Fitemku-upload%2F202645%2Fonwe3jvtz0d20718mcvem8_thumbnail.jpg&w=1033&q=75;;;
Akun;Dead Rails;Rp41.000;52 terjual;AKUN DEAD RAILS 2000 BOND;https://imgop.itemku.com/?url=https%3A%2F%2Fd1x91p7vw3vuq8.cloudfront.net%2Fitemku-upload%2F202554%2Fvltqkmxbbc550rnz8k683_thumbnail.jpg&w=1033&q=75;;;
Akun;Dead Rails;Rp31.000;47 terjual;AKUN DEAD RAILS 1500 BOND;https://imgop.itemku.com/?url=https%3A%2F%2Fd1x91p7vw3vuq8.cloudfront.net%2Fitemku-upload%2F202551%2Frktjtmpb1qhmciv37pqdq_thumbnail.jpg&w=1033&q=75;;;
Akun;Dead Rails;Rp11.000;42 terjual;AKUN DEAD RAILS 500 BOND;https://imgop.itemku.com/?url=https%3A%2F%2Fd1x91p7vw3vuq8.cloudfront.net%2Fitemku-upload%2F2025423%2Fg2fcblmd0d86dzvuxsljlg_thumbnail.jpg&w=1033&q=75;;;
Akun;Dead Rails;Rp61.000;40 terjual;AKUN DEAD RAILS 3000 BOND;https://imgop.itemku.com/?url=https%3A%2F%2Fd1x91p7vw3vuq8.cloudfront.net%2Fitemku-upload%2F202557%2Fxsq6nuygsv3avi3m548b7_thumbnail.jpg&w=1033&q=75;;;
Akun;Dead Rails;Rp6.000;33 terjual;Akun Dead Rails 3k Bonds;https://imgop.itemku.com/?url=https%3A%2F%2Fd1x91p7vw3vuq8.cloudfront.net%2Fitemku-upload%2F202653%2Fc6sbwxysodfy73zf4r4hd_thumbnail.jpg&w=1033&q=75;;;
Akun;Dead Rails;Rp3.500;28 terjual;Akun Dead Rails  | ✔️Extra Bonus✔️;https://imgop.itemku.com/?url=https%3A%2F%2Fd1x91p7vw3vuq8.cloudfront.net%2Fitemku-upload%2F202659%2F7ducijdghegzlrh4juasmh_thumbnail.jpg&w=1033&q=75;;;
Akun;Dead Rails;Rp18.000;24 terjual;AKUN POLOSAN 1200 BONDS (BONUS) - DEAD RAILS;https://imgop.itemku.com/?url=https%3A%2F%2Fd1x91p7vw3vuq8.cloudfront.net%2Fitemku-upload%2F2026410%2Fqiaa8ij10srx4rkkbxpk_thumbnail.jpg&w=1033&q=75;;;
Akun;Dead Rails;Rp2.000;20 terjual;Akun Dead Rails 1k Bonds;https://imgop.itemku.com/?url=https%3A%2F%2Fd1x91p7vw3vuq8.cloudfront.net%2Fitemku-upload%2F202653%2Fauvadq5bijhsz76if3tqmb_thumbnail.jpg&w=1033&q=75;;;
Akun;Dead Rails;Rp15.750;17 terjual;Akun Class Krampus;https://imgop.itemku.com/?url=https%3A%2F%2Fd1x91p7vw3vuq8.cloudfront.net%2Fitemku-upload%2F202643%2Fz0bypz4u0a8bc7lg856gn7_thumbnail.jpg&w=1033&q=75;;;
Akun;Dead Rails;Rp101.000;16 terjual;AKUN DEAD RAILS 5000 BOND;https://imgop.itemku.com/?url=https%3A%2F%2Fd1x91p7vw3vuq8.cloudfront.net%2Fitemku-upload%2F20251015%2Fl6vn6u5wob5j0kxvf1cr6_thumbnail.jpg&w=1033&q=75;;;
Akun;Dead Rails;Rp8.000;14 terjual;Akun 3K+ Bond | Dead Rails;https://imgop.itemku.com/?url=https%3A%2F%2Fd1x91p7vw3vuq8.cloudfront.net%2Fitemku-upload%2F2026423%2Faqds1u93zcp1tly747ld47_thumbnail.jpg&w=1033&q=75;;;
Akun;Dead Rails;Rp14.000;13 terjual;Akun Dead Rails 7k Bonds;https://imgop.itemku.com/?url=https%3A%2F%2Fd1x91p7vw3vuq8.cloudfront.net%2Fitemku-upload%2F202653%2Fwhgy99gfkdhprvnnwhty9_thumbnail.jpg&w=1033&q=75;;;
Akun;Dead Rails;Rp10.000;12 terjual;Akun 4K+ Bond | Dead Rails;https://imgop.itemku.com/?url=https%3A%2F%2Fd1x91p7vw3vuq8.cloudfront.net%2Fitemku-upload%2F2026423%2Fjbdy0ds7b7hshhl17ihsu_thumbnail.jpg&w=1033&q=75;;;
Akun;Steal A Brainrot;Rp9.000;3084 terjual;Akun Secret Termurah;https://imgop.itemku.com/?url=https%3A%2F%2Fd1x91p7vw3vuq8.cloudfront.net%2Fitemku-upload%2F2025117%2Fzh4a4irt88217f4ocybq_thumbnail.jpg&w=1033&q=75;;;
Akun;Steal A Brainrot;Rp1.800;1639 terjual;Account Steal A Brainrot;https://imgop.itemku.com/?url=https%3A%2F%2Fd1x91p7vw3vuq8.cloudfront.net%2Fitemku-upload%2F2026117%2F35bztsz2onk5gfh9w707y8_thumbnail.jpg&w=1033&q=75;;;
Akun;Steal A Brainrot;Rp350.000;905 terjual;Akun Steal A Brainrot Termurah;https://imgop.itemku.com/?url=https%3A%2F%2Fd1x91p7vw3vuq8.cloudfront.net%2Fitemku-upload%2F2026326%2F8xo4wk4lowddju76ok8k7_thumbnail.jpg&w=1033&q=75;;;
Akun;Steal A Brainrot;Rp65.000;590 terjual;Account Steal A Brainrot Starter;https://imgop.itemku.com/?url=https%3A%2F%2Fd1x91p7vw3vuq8.cloudfront.net%2Fitemku-upload%2F202638%2F5w8l3y1q64unh6ede2s4rb_thumbnail.jpg&w=1033&q=75;;;
Akun;Steal A Brainrot;Rp72.000;29 terjual;REBITH 17 (3 SKIN BASE) | SAB;https://imgop.itemku.com/?url=https%3A%2F%2Fd1x91p7vw3vuq8.cloudfront.net%2Fitemku-upload%2F2026512%2Fbl6elrzkhhmktx1vagw7yl_thumbnail.jpg&w=1033&q=75;;;
Akun;Steal A Brainrot;Rp100.000;1 terjual;Account Rebith 15 / Rebirth 15 / Free Random Brainrot Secret;https://imgop.itemku.com/?url=https%3A%2F%2Fd1x91p7vw3vuq8.cloudfront.net%2Fitemku-upload%2F2026514%2Frzp2sts72j49kxugrrsu1_thumbnail.jpg&w=1033&q=75;;;
Akun;Steal A Brainrot;Rp50.000;5 terjual;REBITH 16 (AQUATIC BASE) | SAB;https://imgop.itemku.com/?url=https%3A%2F%2Fd1x91p7vw3vuq8.cloudfront.net%2Fitemku-upload%2F2026427%2Fx35tdlvpmdn46f4jlg0hsl_thumbnail.jpg&w=1033&q=75;;;
Akun;Steal A Brainrot;Rp65.000;1 terjual;Akun starter Brainrot secret 100m/s-3b/s (Wajib baca Deskripsi!);https://imgop.itemku.com/?url=https%3A%2F%2Fd1x91p7vw3vuq8.cloudfront.net%2Fitemku-upload%2F2026429%2F5lzfhvyg2sveiuhsiaa1c_thumbnail.jpg&w=1033&q=75;;;
Akun;Steal A Brainrot;Rp32.000;427 terjual;Rebirth 10 - Akun Steal a Brainrot (Bonus Brainrot God/Secret);https://imgop.itemku.com/?url=https%3A%2F%2Fd1x91p7vw3vuq8.cloudfront.net%2Fitemku-upload%2F20251121%2Frs7sh6yznxo0u9dtm0l79g9_thumbnail.jpg&w=1033&q=75;;;
Akun;Steal A Brainrot;Rp100.000;259 terjual;Akun Steal A Brainrot Termurah;https://imgop.itemku.com/?url=https%3A%2F%2Fd1x91p7vw3vuq8.cloudfront.net%2Fitemku-upload%2F2026414%2Fjmya9u89cqa0d1wmjersrz_thumbnail.jpg&w=1033&q=75;;;
Akun;Steal A Brainrot;Rp19.000;138 terjual;AKUN SECRET VALUE 100M+ - STEAL A BRAINROT;https://imgop.itemku.com/?url=https%3A%2F%2Fd1x91p7vw3vuq8.cloudfront.net%2Fitemku-upload%2F20251217%2Fnyaqnkrvgyld2pf4fp3d2i_thumbnail.jpg&w=1033&q=75;;;
Akun;Steal A Brainrot;Rp33.000;112 terjual;Akun [Rebirth 10] | Steal A Brainrot | Full Access;https://imgop.itemku.com/?url=https%3A%2F%2Fd1x91p7vw3vuq8.cloudfront.net%2Fitemku-upload%2F2025118%2Ft6lvtlcthn91u5hqqtuod_thumbnail.jpg&w=1033&q=75;;;
Akun;Steal A Brainrot;Rp18.000;99 terjual;AKUN SECRET 20M+/SECOND - STEAL A BRAINROT;https://imgop.itemku.com/?url=https%3A%2F%2Fd1x91p7vw3vuq8.cloudfront.net%2Fitemku-upload%2F2025107%2F0uorv1kbbfshzir7fhobr_thumbnail.jpg&w=1033&q=75;;;
Akun;Steal A Brainrot;Rp25.000;89 terjual;Account Steal A Brainrot Termurah / Cheapest;https://imgop.itemku.com/?url=https%3A%2F%2Fd1x91p7vw3vuq8.cloudfront.net%2Fitemku-upload%2F2026226%2Fuzo91zogq3jqxyafcz7n8_thumbnail.jpg&w=1033&q=75;;;
Akun;Steal A Brainrot;Rp30.000;81 terjual;AKUN SECRET 100M+/SECOND - STEAL A BRAINROT;https://imgop.itemku.com/?url=https%3A%2F%2Fd1x91p7vw3vuq8.cloudfront.net%2Fitemku-upload%2F20251015%2F5wlcz4t8gg6oov0hspy1y_thumbnail.jpg&w=1033&q=75;;;
Akun;Steal A Brainrot;Rp55.000;68 terjual;Account Steal A Brainrot Termurah / Cheapest;https://imgop.itemku.com/?url=https%3A%2F%2Fd1x91p7vw3vuq8.cloudfront.net%2Fitemku-upload%2F202638%2Fcaccbbvm6ft4ka82umaps_thumbnail.jpg&w=1033&q=75;;;
Akun;Steal A Brainrot;Rp40.000;2 terjual;Akun starter Brainrot secret 100m/s-1b/s (Wajib baca Deskripsi!);https://imgop.itemku.com/?url=https%3A%2F%2Fd1x91p7vw3vuq8.cloudfront.net%2Fitemku-upload%2F2026429%2Fr1yffcgbgoy4shleewx8_thumbnail.jpg&w=1033&q=75;;;
Akun;Steal A Brainrot;Rp80.000;;Akun starter Brainrot secret 100m/s-5b/s (wajib baca deskripsi!);https://imgop.itemku.com/?url=https%3A%2F%2Fd1x91p7vw3vuq8.cloudfront.net%2Fitemku-upload%2F2026429%2F6xpi6puxdlqyt2syo5hun_thumbnail.jpg&w=1033&q=75;;;
Akun;Steal A Brainrot;Rp52.000;8 terjual;REBITH 16 (CHRISTMAS BASE) | SAB;https://imgop.itemku.com/?url=https%3A%2F%2Fd1x91p7vw3vuq8.cloudfront.net%2Fitemku-upload%2F2026427%2Ffcr9fshhpax7fu3dzwuys_thumbnail.jpg&w=1033&q=75;;;
Akun;Steal A Brainrot;Rp52.000;6 terjual;REBITH 16 (HALLOWEEN BASE) | SAB;https://imgop.itemku.com/?url=https%3A%2F%2Fd1x91p7vw3vuq8.cloudfront.net%2Fitemku-upload%2F2026427%2Fa0kh10ct6ywbitb9wml4d_thumbnail.jpg&w=1033&q=75;;;
Akun;Steal A Brainrot;Rp7.000;65 terjual;Account Steal A Brainrot Termurah / Cheapest;https://imgop.itemku.com/?url=https%3A%2F%2Fd1x91p7vw3vuq8.cloudfront.net%2Fitemku-upload%2F2026310%2Fo2dbyoi6lzltkxn88q0o3_thumbnail.jpg&w=1033&q=75;;;
Akun;Steal A Brainrot;Rp40.000;63 terjual;AKUN SECRET 150M+/SECOND - STEAL A BRAINROT;https://imgop.itemku.com/?url=https%3A%2F%2Fd1x91p7vw3vuq8.cloudfront.net%2Fitemku-upload%2F20251019%2Fpxlhd3u56j7fk2a7np1it_thumbnail.jpg&w=1033&q=75;;;
Akun;Steal A Brainrot;Rp4.000;61 terjual;Account Steal A Brainrot Termurah / Cheapest;https://imgop.itemku.com/?url=https%3A%2F%2Fd1x91p7vw3vuq8.cloudfront.net%2Fitemku-upload%2F2026429%2Fdkxzptg9yvhyal33eezm_thumbnail.jpg&w=1033&q=75;;;
Akun;Steal A Brainrot;Rp13.000;60 terjual;Account Steal A Brainrot Termurah / Cheapest;https://imgop.itemku.com/?url=https%3A%2F%2Fd1x91p7vw3vuq8.cloudfront.net%2Fitemku-upload%2F2026318%2Fly0pnzviu3n6gjpm5cmvk_thumbnail.jpg&w=1033&q=75;;;
Akun;Steal A Brainrot;Rp45.000;41 terjual;Account Steal A Brainrot Termurah;https://imgop.itemku.com/?url=https%3A%2F%2Fd1x91p7vw3vuq8.cloudfront.net%2Fitemku-upload%2F202637%2Fdwzmshan8ft9u4kah0pf7w_thumbnail.jpg&w=1033&q=75;;;
Akun;Steal A Brainrot;Rp3.000;39 terjual;AKUN 3 LUCKY BLOCK TACO (RANDOM MUTASI) | AKUN STATRER (POLOS) | STEAL A BRAINROT;https://imgop.itemku.com/?url=https%3A%2F%2Fd1x91p7vw3vuq8.cloudfront.net%2Fitemku-upload%2F202596%2Fpkhia1gakcllk9c5c5snll_thumbnail.jpg&w=1033&q=75;;;
Akun;Steal A Brainrot;Rp30.000;37 terjual;AKUN SECRET 50M+/SECOND - STEAL A BRAINROT;https://imgop.itemku.com/?url=https%3A%2F%2Fd1x91p7vw3vuq8.cloudfront.net%2Fitemku-upload%2F20251018%2F5na5wgr1ir6bt8xh6reobk_thumbnail.jpg&w=1033&q=75;;;
Akun;Steal A Brainrot;Rp30.000;32 terjual;AKUN SECRET 75M+/SECOND - STEAL A BRAINROT;https://imgop.itemku.com/?url=https%3A%2F%2Fd1x91p7vw3vuq8.cloudfront.net%2Fitemku-upload%2F20251018%2Fmdks5hznux9k8x3vo4t2ll_thumbnail.jpg&w=1033&q=75;;;
Akun;Steal A Brainrot;Rp25.000;6 terjual;Akun 1 Brainrot secret (wajib baca deskripsi);https://imgop.itemku.com/?url=https%3A%2F%2Fd1x91p7vw3vuq8.cloudfront.net%2Fitemku-upload%2F2026415%2Fhv5h7nlvcsubg2ulo6tkf5_thumbnail.jpg&w=1033&q=75;;;
Akun;Steal A Brainrot;Rp180.000;2 terjual;akun 10 secret op (wajib baca deskripsi!!);https://imgop.itemku.com/?url=https%3A%2F%2Fd1x91p7vw3vuq8.cloudfront.net%2Fitemku-upload%2F2026416%2Foeuq38kt7johdbnbuzrb1u_thumbnail.jpg&w=1033&q=75;;;
Akun;Steal A Brainrot;Rp55.000;21 terjual;AKUN STARTER 3 BRAINROT (MYSTERY BOX) WAJIB BACA DESKRIPSI!!;https://imgop.itemku.com/?url=https%3A%2F%2Fd1x91p7vw3vuq8.cloudfront.net%2Fitemku-upload%2F202641%2F8bzr1he11whar66betn5e6_thumbnail.jpg&w=1033&q=75;;;
Akun;Steal A Brainrot;Rp140.000;1 terjual;akun 7 secret (WAJIB BACA DESKRIPSI!!);https://imgop.itemku.com/?url=https%3A%2F%2Fd1x91p7vw3vuq8.cloudfront.net%2Fitemku-upload%2F2026415%2Fml2pw9t4yyq82gxus3o8l6_thumbnail.jpg&w=1033&q=75;;;
Akun;Garena Free Fire;Rp400.000;141 terjual;Akun Free Fire Newbie Level 20 Aman & Terpercaya 100%;https://imgop.itemku.com/?url=https%3A%2F%2Fd1x91p7vw3vuq8.cloudfront.net%2Fitemku-upload%2F2026521%2F77f5kbkzhcxmnxa9v1g5pe_thumbnail.jpg&w=1033&q=75;;;
Akun;Garena Free Fire;Rp281.000;110 terjual;AKUN FREE FIRE NEWBIE MURAH DAN AMAN 100%;https://imgop.itemku.com/?url=https%3A%2F%2Fd1x91p7vw3vuq8.cloudfront.net%2Fitemku-upload%2F2026522%2Fhpzz4c17qr1s8hvdb1q5t_thumbnail.jpg&w=1033&q=75;;;
Akun;Garena Free Fire;Rp250.000;44 terjual;akun sultan sg2 lobby on anti hackback sesuai gambar dan deskripsi #5;https://imgop.itemku.com/?url=https%3A%2F%2Fd1x91p7vw3vuq8.cloudfront.net%2Fitemku-upload%2F2026521%2F7ohg9bh6tag2m6fklt8ph2_thumbnail.jpg&w=1033&q=75;;;
Akun;Garena Free Fire;Rp270.000;40 terjual;AKUN MURAH ANTI HACKBACK SESUAI GAMBAR DAN DESKRIPSI #1;https://imgop.itemku.com/?url=https%3A%2F%2Fd1x91p7vw3vuq8.cloudfront.net%2Fitemku-upload%2F2026522%2Fo70hi09w1nkjl0fe5bmwj_thumbnail.jpg&w=1033&q=75;;;
Akun;Garena Free Fire;Rp2.350.000;;PRIME 7 | EVOGUN 9+ARTIFACT 1 (10) + SG REPPER;https://imgop.itemku.com/?url=https%3A%2F%2Fd1x91p7vw3vuq8.cloudfront.net%2Fitemku-upload%2F2026512%2Fk3pbybqxbnpmjrwmbmbpm9_thumbnail.jpg&w=1033&q=75;;;
Akun;Garena Free Fire;Rp1.500.000;;AKUN SG OPM+REPPER;https://imgop.itemku.com/?url=https%3A%2F%2Fd1x91p7vw3vuq8.cloudfront.net%2Fitemku-upload%2F2026516%2Fo9ul6xj19qnnmli3p11gtb_thumbnail.jpg&w=1033&q=75;;;
Akun;Garena Free Fire;Rp4.000.000;;AKUN PRIME 7 | S1 ELITE PASS S,5,8,9,10,12,13,14,dst;https://imgop.itemku.com/?url=https%3A%2F%2Fd1x91p7vw3vuq8.cloudfront.net%2Fitemku-upload%2F2026517%2F9rdqhrn3lkro00dluh9el_thumbnail.jpg&w=1033&q=75;;;
Akun;Garena Free Fire;Rp1.150.000;2 terjual;AKUN FF GG EVO GUN MAX+SG LOBBY;https://imgop.itemku.com/?url=https%3A%2F%2Fd1x91p7vw3vuq8.cloudfront.net%2Fitemku-upload%2F202657%2Fy9702ux0tukei6l3i9ax_thumbnail.jpg&w=1033&q=75;;;
Akun;Garena Free Fire;Rp250.000;39 terjual;Akun Baru Level 20+ Produk Termurah;https://imgop.itemku.com/?url=https%3A%2F%2Fd1x91p7vw3vuq8.cloudfront.net%2Fitemku-upload%2F2026516%2Fbuyshvqnne659ic4gdnvtt_thumbnail.jpg&w=1033&q=75;;;
Akun;Garena Free Fire;Rp180.000;31 terjual;AKUN MURAH ANTI HACKBACK SESUAI GAMBAR DAN DESKRIPSI #2;https://imgop.itemku.com/?url=https%3A%2F%2Fd1x91p7vw3vuq8.cloudfront.net%2Fitemku-upload%2F2026516%2Fv39xs1f1boczlayl66xeu_thumbnail.jpg&w=1033&q=75;;;
Akun;Garena Free Fire;Rp180.000;30 terjual;akun sultan bundle mewah anti hackback sesuai gambar dan deskripsi #3;https://imgop.itemku.com/?url=https%3A%2F%2Fd1x91p7vw3vuq8.cloudfront.net%2Fitemku-upload%2F2026515%2Fol95uctmv9k8f1i4yn8bbh_thumbnail.jpg&w=1033&q=75;;;
Akun;Garena Free Fire;Rp200.000;27 terjual;Akun Free Fire Spek Keren & Bergaransi;https://imgop.itemku.com/?url=https%3A%2F%2Fd1x91p7vw3vuq8.cloudfront.net%2Fitemku-upload%2F2026414%2Fhot9bp7pcmeusszp9olic_thumbnail.jpg&w=1033&q=75;;;
Akun;Garena Free Fire;Rp130.000;27 terjual;Akun Free Fire Bagus;https://imgop.itemku.com/?url=https%3A%2F%2Fd1x91p7vw3vuq8.cloudfront.net%2Fitemku-upload%2F2026520%2Fzi0ksifxdo9srljlshif9m_thumbnail.jpg&w=1033&q=75;;;
Akun;Garena Free Fire;Rp450.000;26 terjual;STOK AKUN FF #1;https://imgop.itemku.com/?url=https%3A%2F%2Fd1x91p7vw3vuq8.cloudfront.net%2Fitemku-upload%2F2026522%2F696q7gzsf0hj2n19s2jpcm_thumbnail.jpg&w=1033&q=75;;;
Akun;Garena Free Fire;Rp171.000;26 terjual;Akun Free Fire Log Google;https://imgop.itemku.com/?url=https%3A%2F%2Fd1x91p7vw3vuq8.cloudfront.net%2Fitemku-upload%2F2026521%2Fmsqherq7rh9i0cljfvnpj_thumbnail.jpg&w=1033&q=75;;;
Akun;Garena Free Fire;Rp60.000;22 terjual;AKUN BARU FRESH BISA MAIN RANKED;https://imgop.itemku.com/?url=https%3A%2F%2Fd1x91p7vw3vuq8.cloudfront.net%2Fitemku-upload%2F2026510%2Ftemcr8ziwugnuxm7lldaf9_thumbnail.jpg&w=1033&q=75;;;
Akun;Garena Free Fire;Rp4.500.000;;akun evo 12 max 9 otw 10 f joker sg 4 rasa tas bunny pink akun super old;https://imgop.itemku.com/?url=https%3A%2F%2Fd1x91p7vw3vuq8.cloudfront.net%2Fitemku-upload%2F2026518%2Fhuiy0gdaonsen9j3ns8jnr_thumbnail.jpg&w=1033&q=75;;;
Akun;Garena Free Fire;Rp2.825.000;;EVOGUN 10 MAX 4 OTW 5 MAX SG RAPPER,LUMUT,GURUN PASIR VAULT 472 EMOTE 73 ANIMASI 4 FIST 1 TAS 101 SKYWING 3 SENJATA 463;https://imgop.itemku.com/?url=https%3A%2F%2Fd1x91p7vw3vuq8.cloudfront.net%2Fitemku-upload%2F2026513%2Fj5vlv6oatfwqv7u547igi_thumbnail.jpg&w=1033&q=75;;;
Akun;Garena Free Fire;Rp1.200.000;3 terjual;AKUN FF SG EVOUGUN MAX ON & CELANA ANGEL AMAN ANTI HACK BACK BERGARANSI 1000 % MURAH BANGET;https://imgop.itemku.com/?url=https%3A%2F%2Fd1x91p7vw3vuq8.cloudfront.net%2Fitemku-upload%2F20251212%2Fn2su0vvy4gqv61ye9d4fqd_thumbnail.jpg&w=1033&q=75;;;
Akun;Garena Free Fire;Rp1.450.000;2 terjual;AKUN FF SG 2 SKIN ON, EVOUGUN ON, BERGARANSI AKUN ANTI HACK BACK, KE HB = UANG KEMBALI dari Garena Free Fire 1000% AMAN;https://imgop.itemku.com/?url=https%3A%2F%2Fd1x91p7vw3vuq8.cloudfront.net%2Fitemku-upload%2F202649%2F3zwh1qnirxhjnnl96d7ub_thumbnail.jpg&w=1033&q=75;;;
Akun;Garena Free Fire;Rp250.000;22 terjual;akun sg2 terompet bergaransi #12;https://imgop.itemku.com/?url=https%3A%2F%2Fd1x91p7vw3vuq8.cloudfront.net%2Fitemku-upload%2F2026521%2F3s6pdtus9r34xeqmr7xfov_thumbnail.jpg&w=1033&q=75;;;
Akun;Garena Free Fire;Rp220.000;21 terjual;akun sultan bundle mewah evougun on anti hackback sesuai gambar dan deskripsi #6;https://imgop.itemku.com/?url=https%3A%2F%2Fd1x91p7vw3vuq8.cloudfront.net%2Fitemku-upload%2F2026521%2Fuxp84xsjuwcqopt3dvqb7_thumbnail.jpg&w=1033&q=75;;;
Akun;Garena Free Fire;Rp285.000;19 terjual;Akun Level 50-60 | 1 EVO GUN | 100+ Costume | 20+ Bundle | Up to 100 Weapon | Termurah - Free Fire;https://imgop.itemku.com/?url=https%3A%2F%2Fd1x91p7vw3vuq8.cloudfront.net%2Fitemku-upload%2F20260326%2F2b9e3383d56949d7cfb28f4baa_thumbnail.png&w=1033&q=75;;;
Akun;Garena Free Fire;Rp300.000;17 terjual;STOK AKUN FF #5;https://imgop.itemku.com/?url=https%3A%2F%2Fd1x91p7vw3vuq8.cloudfront.net%2Fitemku-upload%2F2026521%2Fgrd62l8a226yftfhkvey8o_thumbnail.jpg&w=1033&q=75;;;
Akun;Garena Free Fire;Rp1.299.000;16 terjual;Akun Level 60-70 | 4+ EVO GUN | 400+ Weapon | 400+ Costume | Termurah - Free Fire;https://imgop.itemku.com/?url=https%3A%2F%2Fd1x91p7vw3vuq8.cloudfront.net%2Fitemku-upload%2F20260326%2F8253ee3bb51dd27ff3890b41ae_thumbnail.png&w=1033&q=75;;;
Akun;Garena Free Fire;Rp499.000;16 terjual;Akun Level 50+ | Up to 4 EVO GUN | 150+ Costume | 1 Set Bundle | 100+ Weapon | Termurah - Free Fire;https://imgop.itemku.com/?url=https%3A%2F%2Fd1x91p7vw3vuq8.cloudfront.net%2Fitemku-upload%2F20260326%2Fa3a1187c7d0d63b4e736afdcb3_thumbnail.png&w=1033&q=75;;;
Akun;Garena Free Fire;Rp200.000;16 terjual;AKUN POLOSAN BER SKIN SG 2,MURAH MERIAH;https://imgop.itemku.com/?url=https%3A%2F%2Fd1x91p7vw3vuq8.cloudfront.net%2Fitemku-upload%2F2026522%2Ff3fc3fdn5kuthitvvs3x3_thumbnail.jpg&w=1033&q=75;;;
Akun;Garena Free Fire;Rp2.145.000;15 terjual;Akun Level 60+ | 5 EVO GUN MAX | 300+ Weapon | 200+ Costume | 100+ Bundle | Termurah - Free Fire;https://imgop.itemku.com/?url=https%3A%2F%2Fd1x91p7vw3vuq8.cloudfront.net%2Fitemku-upload%2F20260326%2F2a3aba396039ce2b1bd2fdbe12_thumbnail.png&w=1033&q=75;;;
Akun;Garena Free Fire;Rp1.600.000;;AKUN FF SG LOBBY + EVO GUN MAX (PRIME 5-8);https://imgop.itemku.com/?url=https%3A%2F%2Fd1x91p7vw3vuq8.cloudfront.net%2Fitemku-upload%2F2026514%2Fhawrg0b3hgkrc7x399mplr_thumbnail.jpg&w=1033&q=75;;;
Akun;Garena Free Fire;Rp650.000;;AKUN FF SG HAND OF HOPE (LUMUT) & VAULT GAGAH ON AMAN ANTI HACK BACK BERGARANSI 1000 % MURAH BANGET;https://imgop.itemku.com/?url=https%3A%2F%2Fd1x91p7vw3vuq8.cloudfront.net%2Fitemku-upload%2F202657%2F2471mp0g6pmnvlecw8yqmq_thumbnail.jpg&w=1033&q=75;;;
Akun;Garena Free Fire;Rp550.000;;AKUN FF SG 2 METEOR & VAULT GAGAH AMAN ANTI HACK BACK BERGARANSI 1000 % MURAH BANGET;https://imgop.itemku.com/?url=https%3A%2F%2Fd1x91p7vw3vuq8.cloudfront.net%2Fitemku-upload%2F202657%2F4a6foi954q22wj3mjew4m7_thumbnail.jpg&w=1033&q=75;;;
Akun;Garena Free Fire;Rp300.000;;AKUN FF VAULT GAGAH & EVOUGUN ON AMAN ANTI HACK BACK BERGARANSI 1000 % MURAH BANGET;https://imgop.itemku.com/?url=https%3A%2F%2Fd1x91p7vw3vuq8.cloudfront.net%2Fitemku-upload%2F202657%2F402ur3o9g1tlmx8pwwv5qt_thumbnail.jpg&w=1033&q=75;;;
Akun;Honkai: Star Rail;Rp210.000;397 terjual;Akun Reroll HSR Honkai Star Rail [ASIA];https://imgop.itemku.com/?url=https%3A%2F%2Fd1x91p7vw3vuq8.cloudfront.net%2Fitemku-upload%2F2026514%2Fkaru2y5dk1bnl6ydvbwyc_thumbnail.jpg&w=1033&q=75;;;
Akun;Honkai: Star Rail;Rp275.000;326 terjual;Akun Honkai Star Rail HSR-3;https://imgop.itemku.com/?url=https%3A%2F%2Fd1x91p7vw3vuq8.cloudfront.net%2Fitemku-upload%2F202653%2Fdfbyg8h9c7fxh3upnvmvnl_thumbnail.jpg&w=1033&q=75;;;
Akun;Honkai: Star Rail;Rp275.000;243 terjual;Akun Honkai Star Rail HSR-4;https://imgop.itemku.com/?url=https%3A%2F%2Fd1x91p7vw3vuq8.cloudfront.net%2Fitemku-upload%2F202653%2Fr4aj5ca2s5vemntywemec_thumbnail.jpg&w=1033&q=75;;;
Akun;Honkai: Star Rail;Rp520.000;217 terjual;Akun Honkai Star Rail HSR-6;https://imgop.itemku.com/?url=https%3A%2F%2Fd1x91p7vw3vuq8.cloudfront.net%2Fitemku-upload%2F2026516%2Fwsmisfimbjbhuwophxe2s_thumbnail.jpg&w=1033&q=75;;;
Akun;Honkai: Star Rail;Rp200.000;;AKUN STARTER - BONUS 10397 STELLAR JADES - SILVER WOLF + BRONYA || GALLAGHER E1 + HERTA E1 [ASIA];https://imgop.itemku.com/?url=https%3A%2F%2Fd1x91p7vw3vuq8.cloudfront.net%2Fitemku-upload%2F2026516%2Fqj08hcj0zjsxd6s11656k_thumbnail.jpg&w=1033&q=75;;;
Akun;Honkai: Star Rail;Rp175.000;;AKUN MIDGAME - EVANESCIA (SIGNATURE) + SEELE + HUOHUO + SPARKLE || LENGKAPNYA CEK DESKRIPSI [ASIA];https://imgop.itemku.com/?url=https%3A%2F%2Fd1x91p7vw3vuq8.cloudfront.net%2Fitemku-upload%2F2026516%2Fkntog1rp6sdvjpo2ewvmu_thumbnail.jpg&w=1033&q=75;;;
Akun;Honkai: Star Rail;Rp800.000;;( 15 LIMIT SSR + 7 NORMAL SSR ) Evernight + Yao Guang + Seele + Sign + Kafka + Sign + Acheron + Sign + Himeko + Sign TL 70 SERVER ASIA;https://imgop.itemku.com/?url=https%3A%2F%2Fd1x91p7vw3vuq8.cloudfront.net%2Fitemku-upload%2F2026220%2F0jc7w0m00blupjzzm975gy_thumbnail.jpg&w=1033&q=75;;;
Akun;Honkai: Star Rail;Rp680.000;;ASIA TL65+ SW999 E2 + Sign , Dahlia + Sign R2 , Evanescia , Firefly , Sparkle , Wolf , Houhou , Danheng ETC Sesuai Screenshot;https://imgop.itemku.com/?url=https%3A%2F%2Fd1x91p7vw3vuq8.cloudfront.net%2Fitemku-upload%2F2026513%2Fhpdb6rshu5smacyotmakz_thumbnail.jpg&w=1033&q=75;;;
Akun;Honkai: Star Rail;Rp520.000;112 terjual;Akun Honkai Star Rail HSR-7;https://imgop.itemku.com/?url=https%3A%2F%2Fd1x91p7vw3vuq8.cloudfront.net%2Fitemku-upload%2F2026516%2Fcwn09cif0wk8x08w1tztmc_thumbnail.jpg&w=1033&q=75;;;
Akun;Honkai: Star Rail;Rp45.000;104 terjual;[ Server Asia ] Akun Starter Banyak Karakter ( Dengan Karakter Bintang 5 );https://imgop.itemku.com/?url=https%3A%2F%2Fd1x91p7vw3vuq8.cloudfront.net%2Fitemku-upload%2F202517%2Fb6v8rb2p4b7v4h3qlfzzt_thumbnail.jpg&w=1033&q=75;;;
Akun;Honkai: Star Rail;Rp49.900;38 terjual;[ Semua Server ] Akun Baru Pra-Register 100000 Koin 20 Star Rail Pass Karakter Serval ( Ambil Hadiah Di Pesan );https://imgop.itemku.com/?url=https%3A%2F%2Fd1x91p7vw3vuq8.cloudfront.net%2Fitemku-upload%2F2025531%2Fb381q207oetqoezu4nw6x9_thumbnail.jpg&w=1033&q=75;;;
Akun;Honkai: Star Rail;Rp100.000;24 terjual;[ Server Asia ] Akun Starter Banyak Karakter ( Dengan 2 Karakter Bintang 5 );https://imgop.itemku.com/?url=https%3A%2F%2Fd1x91p7vw3vuq8.cloudfront.net%2Fitemku-upload%2F2025217%2Fs13rlyhn23l8k84r2qa09r_thumbnail.jpg&w=1033&q=75;;;
Akun;Honkai: Star Rail;Rp19.000;16 terjual;[Asia] Akun Starter | Fresh Account | Full Access | Temurah - Honkai: Star Rail;https://imgop.itemku.com/?url=https%3A%2F%2Fd1x91p7vw3vuq8.cloudfront.net%2Fitemku-upload%2F202649%2Fmooo6zdk7w2d4578zyx9x_thumbnail.jpg&w=1033&q=75;;;
Akun;Honkai: Star Rail;Rp120.000;14 terjual;[ Server Asia ] Akun Starter Banyak Karakter ( Dengan 3 Karakter Bintang 5 );https://imgop.itemku.com/?url=https%3A%2F%2Fd1x91p7vw3vuq8.cloudfront.net%2Fitemku-upload%2F202542%2F66fhxhjj3bqr3it5vek83_thumbnail.jpg&w=1033&q=75;;;
Akun;Honkai: Star Rail;Rp79.000;13 terjual;[Asia] Akun Starter TL 20+ | 3-4 Limited | Take Mail - Honkai: Star Rail;https://imgop.itemku.com/?url=https%3A%2F%2Fd1x91p7vw3vuq8.cloudfront.net%2Fitemku-upload%2F20260409%2F437d87ae997ef0bb978d6384eb_thumbnail.png&w=1033&q=75;;;
Akun;Honkai: Star Rail;Rp145.000;10 terjual;[Asia] Akun TL 60+ | 20+ Characters | 5+ 5-Star | Take Mail - Honkai: Star Rail;https://imgop.itemku.com/?url=https%3A%2F%2Fd1x91p7vw3vuq8.cloudfront.net%2Fitemku-upload%2F20260409%2F52728b1210e0d48d57c2ac5a6c_thumbnail.png&w=1033&q=75;;;
Akun;Honkai: Star Rail;Rp220.000;;Akun Murah TL35 Seele, Bronya, Archer [Honkai: Star Rail];https://imgop.itemku.com/?url=https%3A%2F%2Fd1x91p7vw3vuq8.cloudfront.net%2Fitemku-upload%2F2025723%2Fnlgu6972e2phgik02h4k1s_thumbnail.jpg&w=1033&q=75;;;
Akun;Honkai: Star Rail;Rp5.000.000;;HSR | ASIA — Endgame Accounts + Limited Char (1);https://imgop.itemku.com/?url=https%3A%2F%2Fd1x91p7vw3vuq8.cloudfront.net%2Fitemku-upload%2F2026510%2Fzag7o9n1lwj8sv6drpmz_thumbnail.jpg&w=1033&q=75;;;
Akun;Honkai: Star Rail;Rp135.000;;AKUN STARTER - BONUS 33 SPECIAL PASS - ASHVEIL + SPARKLE + CLARA + BAILU || LENGKAPNYA CEK DESKRIPSI [ASIA];https://imgop.itemku.com/?url=https%3A%2F%2Fd1x91p7vw3vuq8.cloudfront.net%2Fitemku-upload%2F202654%2Fidkt8ztwuu8bxd01irol_thumbnail.jpg&w=1033&q=75;;;
Akun;Honkai: Star Rail;Rp130.000;;AKUN STARTER - SILVER WOLF LV.999 + ACHERON + DAN HENG PT || TINGYUN E2 [ASIA];https://imgop.itemku.com/?url=https%3A%2F%2Fd1x91p7vw3vuq8.cloudfront.net%2Fitemku-upload%2F202654%2Fzinlw6wtgx3sj8nyenzhw_thumbnail.jpg&w=1033&q=75;;;
Akun;Honkai: Star Rail;Rp235.000;9 terjual;[Asia] Akun TL 50+ | 6-8 Limited | Take Mail - Honkai: Star Rail;https://imgop.itemku.com/?url=https%3A%2F%2Fd1x91p7vw3vuq8.cloudfront.net%2Fitemku-upload%2F20260409%2Fdfe6fae2259a9ad093f97275c2_thumbnail.png&w=1033&q=75;;;
Akun;Honkai: Star Rail;Rp115.000;9 terjual;[Asia] Akun TL 30+ | 3-5 Limited | Take Mail - Honkai: Star Rail;https://imgop.itemku.com/?url=https%3A%2F%2Fd1x91p7vw3vuq8.cloudfront.net%2Fitemku-upload%2F20260409%2F33fee69651c2b4e1394de5582b_thumbnail.png&w=1033&q=75;;;
Akun;Honkai: Star Rail;Rp269.000;6 terjual;[Asia] Akun 56000 - 60000 Stellar Jades | 110+ Star Pass | 5 Special Pass | Take Mail - Honkai: Star Rail;https://imgop.itemku.com/?url=https%3A%2F%2Fd1x91p7vw3vuq8.cloudfront.net%2Fitemku-upload%2F20260409%2F114c0ee9d8a5eedfab41244300_thumbnail.png&w=1033&q=75;;;
Akun;Honkai: Star Rail;Rp849.000;6 terjual;[Asia] Akun Endgame Level 60+ | 5+ Limited | 3+ Signature | | Full Access - Honkai: Star Rail;https://imgop.itemku.com/?url=https%3A%2F%2Fd1x91p7vw3vuq8.cloudfront.net%2Fitemku-upload%2F20260409%2F6484a0e5196c59d2f9aa0753cc_thumbnail.png&w=1033&q=75;;;
Akun;Honkai: Star Rail;Rp539.000;6 terjual;[Asia] Akun Endgame Level 50-60 | Full Access - Honkai: Star Rail;https://imgop.itemku.com/?url=https%3A%2F%2Fd1x91p7vw3vuq8.cloudfront.net%2Fitemku-upload%2F20260409%2Fe1600ac3ac62290c1ddb980f88_thumbnail.png&w=1033&q=75;;;
Akun;Honkai: Star Rail;Rp385.000;6 terjual;[Asia] Akun TL 40-50 | 5-Star Character x15 | 4-Star Characters | Gold Star x14 | Stellar Jades x 2000+ | Take Mail - Honkai: Star Rail;https://imgop.itemku.com/?url=https%3A%2F%2Fd1x91p7vw3vuq8.cloudfront.net%2Fitemku-upload%2F20260409%2Fabb821ec50248ada00c66bf80a_thumbnail.png&w=1033&q=75;;;
Akun;Honkai: Star Rail;Rp749.000;5 terjual;Akun ENDGAME MEDIUM GG [server ASIA];https://imgop.itemku.com/?url=https%3A%2F%2Fd1x91p7vw3vuq8.cloudfront.net%2Fitemku-upload%2F2026517%2F7kb9kx8t99nz7s5w0ham9m_thumbnail.jpg&w=1033&q=75;;;
Akun;Honkai: Star Rail;Rp50.000;4 terjual;Akun Timbunan Stellar Jade #1;https://imgop.itemku.com/?url=https%3A%2F%2Fd1x91p7vw3vuq8.cloudfront.net%2Fitemku-upload%2F2026516%2Fpzmr06oznmo9gida3pszef_thumbnail.jpg&w=1033&q=75;;;
Akun;Honkai: Star Rail;Rp135.000;;AKUN STARTER - KAFKA + LINGSHA + RUAN MEI + DAN HENG PT || LENGKAPNYA CEK DESKRIPSI [ASIA];https://imgop.itemku.com/?url=https%3A%2F%2Fd1x91p7vw3vuq8.cloudfront.net%2Fitemku-upload%2F202635%2Fdtr56r9bpu7fkvciesr1xf_thumbnail.jpg&w=1033&q=75;;;
Akun;Honkai: Star Rail;Rp140.000;;AKUN STARTER - SILVER WOLF LV.999 + DAN HENG PT || GALLAGHER E2 + MOZE [ASIA];https://imgop.itemku.com/?url=https%3A%2F%2Fd1x91p7vw3vuq8.cloudfront.net%2Fitemku-upload%2F2026515%2Ff6fvcivx3864tdo1ki15in_thumbnail.jpg&w=1033&q=75;;;
Akun;Honkai: Star Rail;Rp500.000;;[Stelle] The Dahlia E1 (Sign) + Firefly (Sign) + Phainon (Sign) + Archer (Sign) + Ruan Mei E1 + DHPT + Blade | All Unset;https://imgop.itemku.com/?url=https%3A%2F%2Fd1x91p7vw3vuq8.cloudfront.net%2Fitemku-upload%2F20251227%2Fqigtb8mg4t8syd12cdgbkp_thumbnail.jpg&w=1033&q=75;;;
Akun;Honkai: Star Rail;Rp500.000;;[Stelle] Cyrene E2 (Sign) + Hyacine + Mydei + DHPT + Ruan Mei + Blade E1 + Archer + Bailu (Sign) + Gepard (Sign) | All Unset;https://imgop.itemku.com/?url=https%3A%2F%2Fd1x91p7vw3vuq8.cloudfront.net%2Fitemku-upload%2F20251225%2Fpe5cvzj78y93mvcaexlhff_thumbnail.jpg&w=1033&q=75;;;
Akun;Mobile Legends;Rp8.000;9354 terjual;Smurf BP Banyak GG Parah!!!;https://imgop.itemku.com/?url=https%3A%2F%2Fd1x91p7vw3vuq8.cloudfront.net%2Fitemku-upload%2F2026121%2Fs9bbaqfgpa8p56x51u2xyf_thumbnail.jpg&w=1033&q=75;;;
Akun;Mobile Legends;Rp11.900;8623 terjual;Akun Smurf Sultan BP 64K + GRATIS PILIH 1 HERO;https://imgop.itemku.com/?url=https%3A%2F%2Fd1x91p7vw3vuq8.cloudfront.net%2Fitemku-upload%2F2026516%2F5xpvj29iud8zcvrqvf55e_thumbnail.jpg&w=1033&q=75;;;
Akun;Mobile Legends;Rp17.900;4210 terjual;Akun Smurft BP Banyak;https://imgop.itemku.com/?url=https%3A%2F%2Fd1x91p7vw3vuq8.cloudfront.net%2Fitemku-upload%2F2025116%2F2j4o23ysbsu3f5vches7rd_thumbnail.jpg&w=1033&q=75;;;
Akun;Mobile Legends;Rp15.900;3632 terjual;Akun Smurf BP Banyak ++;https://imgop.itemku.com/?url=https%3A%2F%2Fd1x91p7vw3vuq8.cloudfront.net%2Fitemku-upload%2F2026515%2F605tmirrnid952nvqilm5a_thumbnail.jpg&w=1033&q=75;;;
Akun;Mobile Legends;Rp500.000;;#107 AKUN MOBILE LEGENDS MURAH;https://imgop.itemku.com/?url=https%3A%2F%2Fd1x91p7vw3vuq8.cloudfront.net%2Fitemku-upload%2F2025102%2Fc6jo3wv25bo9tt96dfthqj_thumbnail.jpg&w=1033&q=75;;;
Akun;Mobile Legends;Rp500.000;;AKUN ML PALING AMAN TERMURAH!!!;https://imgop.itemku.com/?url=https%3A%2F%2Fd1x91p7vw3vuq8.cloudfront.net%2Fitemku-upload%2F2026512%2F9clsw1po1ri8jceq36477l_thumbnail.jpg&w=1033&q=75;;;
Akun;Mobile Legends;Rp500.000;;#104 AKUN MOBILE LEGENDS MURAH;https://imgop.itemku.com/?url=https%3A%2F%2Fd1x91p7vw3vuq8.cloudfront.net%2Fitemku-upload%2F2025102%2F4m9rczj12vg1ot137zg6f6_thumbnail.jpg&w=1033&q=75;;;
Akun;Mobile Legends;Rp500.000;8 terjual;#106 AKUN MOBILE LEGENDS MURAH;https://imgop.itemku.com/?url=https%3A%2F%2Fd1x91p7vw3vuq8.cloudfront.net%2Fitemku-upload%2F202658%2F722yvmqzlaqfoqly7sdnxu_thumbnail.jpg&w=1033&q=75;;;
Akun;Mobile Legends;Rp2.800;2790 terjual;Akun baru fresh Cheap;https://imgop.itemku.com/?url=https%3A%2F%2Fd1x91p7vw3vuq8.cloudfront.net%2Fitemku-upload%2F2026415%2F0ovo1jwpgaprfjjl569ayu_thumbnail.jpg&w=1033&q=75;;;
Akun;Mobile Legends;Rp2.500;2610 terjual;Akun Mobile Legends Baru Termurah Bergaransi;https://imgop.itemku.com/?url=https%3A%2F%2Fd1x91p7vw3vuq8.cloudfront.net%2Fitemku-upload%2F202648%2F1uda1jptwsaju4qfjnt1am_thumbnail.jpg&w=1033&q=75;;;
Akun;Mobile Legends;Rp20.000;2070 terjual;AKUN MURAH MERIAH & AMAN;https://imgop.itemku.com/?url=https%3A%2F%2Fd1x91p7vw3vuq8.cloudfront.net%2Fitemku-upload%2F20251126%2Fh1foi8k1qw3iwubqmvli_thumbnail.jpg&w=1033&q=75;;;
Akun;Mobile Legends;Rp12.000;1759 terjual;Akun Siap Ranked Level 8;https://imgop.itemku.com/?url=https%3A%2F%2Fd1x91p7vw3vuq8.cloudfront.net%2Fitemku-upload%2F202475%2Fldbo1n44f7elr2y19a485_thumbnail.jpg&w=1033&q=75;;;
Akun;Mobile Legends;Rp6.000;1645 terjual;Akun Smurf Fresh Level 3;https://imgop.itemku.com/?url=https%3A%2F%2Fd1x91p7vw3vuq8.cloudfront.net%2Fitemku-upload%2F202496%2Factkcvnr452hrkhvtt4vg_thumbnail.jpg&w=1033&q=75;;;
Akun;Mobile Legends;Rp5.500;1521 terjual;Akun Fresh Murah Berkualitas;https://imgop.itemku.com/?url=https%3A%2F%2Fd1x91p7vw3vuq8.cloudfront.net%2Fitemku-upload%2F2026326%2Fy1p7btewwmdon9kxs1bdd_thumbnail.jpg&w=1033&q=75;;;
Akun;Mobile Legends;Rp38.900;1336 terjual;Akun Smurf BP Banyak;https://imgop.itemku.com/?url=https%3A%2F%2Fd1x91p7vw3vuq8.cloudfront.net%2Fitemku-upload%2F2026521%2Fdbu1bn80gj6yc7qpqant1h_thumbnail.jpg&w=1033&q=75;;;
Akun;Mobile Legends;Rp13.000;1166 terjual;Advance Server Mobile Legends;https://imgop.itemku.com/?url=https%3A%2F%2Fd1x91p7vw3vuq8.cloudfront.net%2Fitemku-upload%2F2026224%2Fnu5xo83c56rxccq27z9sn_thumbnail.jpg&w=1033&q=75;;;
Akun;Mobile Legends;Rp500.000;6 terjual;#105 AKUN MOBILE LEGENDS MURAH;https://imgop.itemku.com/?url=https%3A%2F%2Fd1x91p7vw3vuq8.cloudfront.net%2Fitemku-upload%2F2026513%2Fzkwylo0v0kiilu6dzp75_thumbnail.jpg&w=1033&q=75;;;
Akun;Mobile Legends;Rp500.000;5 terjual;#103 AKUN MOBILE LEGENDS MURAH;https://imgop.itemku.com/?url=https%3A%2F%2Fd1x91p7vw3vuq8.cloudfront.net%2Fitemku-upload%2F2026414%2Fzs9y3jroxtg0dq8he09iu8f_thumbnail.jpg&w=1033&q=75;;;
Akun;Mobile Legends;Rp500.000;5 terjual;#102 AKUN MOBILE LEGENDS MURAH;https://imgop.itemku.com/?url=https%3A%2F%2Fd1x91p7vw3vuq8.cloudfront.net%2Fitemku-upload%2F2026428%2Fwqudzevdsvh7h2sm3v2gj_thumbnail.jpg&w=1033&q=75;;;
Akun;Mobile Legends;Rp500.000;1 terjual;#101 AKUN MOBILE LEGENDS MURAH;https://imgop.itemku.com/?url=https%3A%2F%2Fd1x91p7vw3vuq8.cloudfront.net%2Fitemku-upload%2F2026125%2Fl216iin8tqnys22bow7fml_thumbnail.jpg&w=1033&q=75;;;
Akun;Mobile Legends;Rp17.000;806 terjual;Akun Smurf + Advance Server Mobile Legends;https://imgop.itemku.com/?url=https%3A%2F%2Fd1x91p7vw3vuq8.cloudfront.net%2Fitemku-upload%2F2026224%2Fo76j4qb6h5d8mb0jgqa9q8_thumbnail.jpg&w=1033&q=75;;;
Akun;Mobile Legends;Rp25.000;629 terjual;Akun Mobile legend Murah Berkualitas;https://imgop.itemku.com/?url=https%3A%2F%2Fd1x91p7vw3vuq8.cloudfront.net%2Fitemku-upload%2F2026421%2F0pyqbwfd39z2fa515vyx5b_thumbnail.jpg&w=1033&q=75;;;
Akun;Mobile Legends;Rp5.000;618 terjual;Akun Mobile Legends Termurah Siap Ranked;https://imgop.itemku.com/?url=https%3A%2F%2Fd1x91p7vw3vuq8.cloudfront.net%2Fitemku-upload%2F202648%2Fru1dz1dmeuatrz3jzpxfpb_thumbnail.jpg&w=1033&q=75;;;
Akun;Mobile Legends;Rp17.000;551 terjual;Akun Rank Master Mantap;https://imgop.itemku.com/?url=https%3A%2F%2Fd1x91p7vw3vuq8.cloudfront.net%2Fitemku-upload%2F2026329%2F1h0ankfmr1ytp5rh55yh2j_thumbnail.jpg&w=1033&q=75;;;
Akun;Mobile Legends;Rp1.650;451 terjual;Akun Baru ML Lv3 Banyak Hero Gratis;https://imgop.itemku.com/?url=https%3A%2F%2Fd1x91p7vw3vuq8.cloudfront.net%2Fitemku-upload%2F20251012%2F43m5tt0r47ypea33sfhdzc_thumbnail.jpg&w=1033&q=75;;;
Akun;Mobile Legends;Rp18.000;311 terjual;Akun Baru Ready Rank Murah;https://imgop.itemku.com/?url=https%3A%2F%2Fd1x91p7vw3vuq8.cloudfront.net%2Fitemku-upload%2F2026329%2F7m1h191xxw4qhifb3pfbh8_thumbnail.jpg&w=1033&q=75;;;
Akun;Mobile Legends;Rp72.900;292 terjual;Akun Smurf BP Banyak;https://imgop.itemku.com/?url=https%3A%2F%2Fd1x91p7vw3vuq8.cloudfront.net%2Fitemku-upload%2F2026520%2F0wt7a5ugstvq3yhean9ilo2_thumbnail.jpg&w=1033&q=75;;;
Akun;Mobile Legends;Rp6.500;225 terjual;AKUN SMURF FRESH SIAP RANKED;https://imgop.itemku.com/?url=https%3A%2F%2Fd1x91p7vw3vuq8.cloudfront.net%2Fitemku-upload%2F20251217%2Fl3jc4ti9s18ng0p8u6p36r_thumbnail.jpg&w=1033&q=75;;;
Akun;Mobile Legends;Rp500.000;3 terjual;#100 AKUN MOBILE LEGENDS MURAH;https://imgop.itemku.com/?url=https%3A%2F%2Fd1x91p7vw3vuq8.cloudfront.net%2Fitemku-upload%2F2026428%2Fc0fq6ax64wfv6cv05p3afi_thumbnail.jpg&w=1033&q=75;;;
Akun;Mobile Legends;Rp515.000;3 terjual;AKUN ML GG (SESUAI FOTO +DESKRIPSI);https://imgop.itemku.com/?url=https%3A%2F%2Fd1x91p7vw3vuq8.cloudfront.net%2Fitemku-upload%2F2026426%2Fmg5gszzyfur7lmlgyun0rs_thumbnail.jpg&w=1033&q=75;;;
Akun;Mobile Legends;Rp2.300.000;;Mobile Legends Account with Legend Skin;https://imgop.itemku.com/?url=https%3A%2F%2Fd1x91p7vw3vuq8.cloudfront.net%2Fitemku-upload%2F2026425%2Fex0ikh1o2ldimigh0cw3a_thumbnail.jpg&w=1033&q=75;;;
Akun;Mobile Legends;Rp1.495.000;;SKIN ZENITH VEXANA,STARWARS ALUCARD | 370 SKIN+DLL;https://imgop.itemku.com/?url=https%3A%2F%2Fd1x91p7vw3vuq8.cloudfront.net%2Fitemku-upload%2F2026413%2Fwdqdt2pporcubr0xydqk5_thumbnail.jpg&w=1033&q=75;;;
Akun;Genshin Impact;Rp280.000;1695 terjual;Akun Reroll AR 45 Female [ASIA] 370-400x Gacha;https://imgop.itemku.com/?url=https%3A%2F%2Fd1x91p7vw3vuq8.cloudfront.net%2Fitem-type%2F20251020%2F1t1hqgmm26yt4uktuh017s.png&w=1033&q=75;;;
Akun;Genshin Impact;Rp280.000;1096 terjual;Akun Reroll AR 45 Male [ASIA] 370-400x Gacha;https://imgop.itemku.com/?url=https%3A%2F%2Fd1x91p7vw3vuq8.cloudfront.net%2Fitem-type%2F20251020%2F1t1hqgmm26yt4uktuh017s.png&w=1033&q=75;;;
Akun;Genshin Impact;Rp49.900;673 terjual;[ Server Asia ] Akun Starter Banyak Karakter ( Dengan Karakter Bintang 5 );https://imgop.itemku.com/?url=https%3A%2F%2Fd1x91p7vw3vuq8.cloudfront.net%2Fitem-type%2F20251020%2F1t1hqgmm26yt4uktuh017s.png&w=1033&q=75;;;
Akun;Genshin Impact;Rp317.000;408 terjual;Akun 55000 primogem IF 64 AF 127 ASIA;https://imgop.itemku.com/?url=https%3A%2F%2Fd1x91p7vw3vuq8.cloudfront.net%2Fitem-type%2F20251020%2F1t1hqgmm26yt4uktuh017s.png&w=1033&q=75;;;
Akun;Genshin Impact;Rp1.050.000;;[12] GG 37B5 FREE HSR,HI DILUC SKIN, C1 CHILDE, ZIBAI, FURINA SIGN, CHIORI SIGN, KOKOMI SIGN, XIAO SIGN, AYAKA, CLORINDE [BACADESK];https://imgop.itemku.com/?url=https%3A%2F%2Fd1x91p7vw3vuq8.cloudfront.net%2Fitem-type%2F20251020%2F1t1hqgmm26yt4uktuh017s.png&w=1033&q=75;;;
Akun;Genshin Impact;Rp3.200.000;;[17] AKUN SULTAN TOTAL 79B5 FULL ARCHON 20SIGN C3 CHILDE, C2 FURINA, C1 EULA, MAVUIKA, NEUVILLETE, HUTAO, AYAKA, CHASCA, KAZUHA, YELAN [BACADESKRIPSI];https://imgop.itemku.com/?url=https%3A%2F%2Fd1x91p7vw3vuq8.cloudfront.net%2Fitem-type%2F20251020%2F1t1hqgmm26yt4uktuh017s.png&w=1033&q=75;;;
Akun;Genshin Impact;Rp1.500.000;;[19] GG WELLBUILD 45B5, 5 ARCHON, C1 ARLECCHINO SIGN, C1 HUTAO SIGN, C1 RAIDEN, C1 ITTO, C1 AYATO, NEUVILLETE, MAVUIKA, AYAKA [BACADESKRIPSI];https://imgop.itemku.com/?url=https%3A%2F%2Fd1x91p7vw3vuq8.cloudfront.net%2Fitem-type%2F20251020%2F1t1hqgmm26yt4uktuh017s.png&w=1033&q=75;;;
Akun;Genshin Impact;Rp2.200.000;;[26] GG WELLBUILD TOTAL 50B5 C2 FURINA, LINNEA, SKIRK SIGN, CITLALI, COLUMBINA, MAVUIKA, ARLECCHINO, RAIDEN SIGN, KAZUHA SIGN [BACADESKRIPSI];https://imgop.itemku.com/?url=https%3A%2F%2Fd1x91p7vw3vuq8.cloudfront.net%2Fitem-type%2F20251020%2F1t1hqgmm26yt4uktuh017s.png&w=1033&q=75;;;
Akun;Genshin Impact;Rp262.000;265 terjual;Akun 55000 primogem IF 64 AF 126 AMERIKA;https://imgop.itemku.com/?url=https%3A%2F%2Fd1x91p7vw3vuq8.cloudfront.net%2Fitem-type%2F20251020%2F1t1hqgmm26yt4uktuh017s.png&w=1033&q=75;;;
Akun;Genshin Impact;Rp76.700;224 terjual;AKUN PRIMOGEM GENSHIN IMPACT #1;https://imgop.itemku.com/?url=https%3A%2F%2Fd1x91p7vw3vuq8.cloudfront.net%2Fitem-type%2F20251020%2F1t1hqgmm26yt4uktuh017s.png&w=1033&q=75;;;
Akun;Genshin Impact;Rp145.000;193 terjual;[ Server Asia ] Akun Starter Banyak Karakter ( Dengan 2 Karakter Bintang 5 );https://imgop.itemku.com/?url=https%3A%2F%2Fd1x91p7vw3vuq8.cloudfront.net%2Fitem-type%2F20251020%2F1t1hqgmm26yt4uktuh017s.png&w=1033&q=75;;;
Akun;Genshin Impact;Rp83.800;189 terjual;Akun Gacha Reroll Puluhan Ribu Primogem + 1X Karakter Bintang 5 Aman Bergaransi.;https://imgop.itemku.com/?url=https%3A%2F%2Fd1x91p7vw3vuq8.cloudfront.net%2Fitem-type%2F20251020%2F1t1hqgmm26yt4uktuh017s.png&w=1033&q=75;;;
Akun;Genshin Impact;Rp57.400;170 terjual;{ASIA] Akun Reroll Starter Genshin Impact +1X karakter Bintang 5;https://imgop.itemku.com/?url=https%3A%2F%2Fd1x91p7vw3vuq8.cloudfront.net%2Fitem-type%2F20251020%2F1t1hqgmm26yt4uktuh017s.png&w=1033&q=75;;;
Akun;Genshin Impact;Rp262.000;142 terjual;Akun Starter Qiqi Asia AR 10;https://imgop.itemku.com/?url=https%3A%2F%2Fd1x91p7vw3vuq8.cloudfront.net%2Fitem-type%2F20251020%2F1t1hqgmm26yt4uktuh017s.png&w=1033&q=75;;;
Akun;Genshin Impact;Rp33.600;118 terjual;[Server Asia] Akun Starter Fresh + 1X Karakter Bintang 5;https://imgop.itemku.com/?url=https%3A%2F%2Fd1x91p7vw3vuq8.cloudfront.net%2Fitem-type%2F20251020%2F1t1hqgmm26yt4uktuh017s.png&w=1033&q=75;;;
Akun;Genshin Impact;Rp262.000;109 terjual;Akun Starter Shenhe Asia AR 10;https://imgop.itemku.com/?url=https%3A%2F%2Fd1x91p7vw3vuq8.cloudfront.net%2Fitem-type%2F20251020%2F1t1hqgmm26yt4uktuh017s.png&w=1033&q=75;;;
Akun;Genshin Impact;Rp1.350.000;;[21] GG WELLBUILD 30B5 HUTAO SKIN, AYAKA SKIN, SHENHE SKIN, NEUVILLETE, ARLECCHINO, SKIRK, COLUMBINA, RAIDEN, ZHONGLI [BACADESKRIPSI];https://imgop.itemku.com/?url=https%3A%2F%2Fd1x91p7vw3vuq8.cloudfront.net%2Fitem-type%2F20251020%2F1t1hqgmm26yt4uktuh017s.png&w=1033&q=75;;;
Akun;Genshin Impact;Rp1.700.000;;Asia | Endgame | 20 Limit + 7 Standard + 17 5Star Weapon | Ayaka Skin + Keqing Skin |;https://imgop.itemku.com/?url=https%3A%2F%2Fd1x91p7vw3vuq8.cloudfront.net%2Fitem-type%2F20251020%2F1t1hqgmm26yt4uktuh017s.png&w=1033&q=75;;;
Akun;Genshin Impact;Rp510.000;;( ASIA )  XIAO HUTAO ZIBAI NAHIDA ALOY CITLALI / SSR STANDAR KEQING DILUC QIQI ( 6 LIMIT + 3 STANDR + 1B5 LOST PLAYER ) LVL 53 | MC AETHER | SIAP MAIN;https://imgop.itemku.com/?url=https%3A%2F%2Fd1x91p7vw3vuq8.cloudfront.net%2Fitem-type%2F20251020%2F1t1hqgmm26yt4uktuh017s.png&w=1033&q=75;;;
Akun;Genshin Impact;Rp950.000;;[26 B5][20 Limit] Akun Super GG / OTW End Game / Akun Siap Pakai [Well Build];https://imgop.itemku.com/?url=https%3A%2F%2Fd1x91p7vw3vuq8.cloudfront.net%2Fitem-type%2F20251020%2F1t1hqgmm26yt4uktuh017s.png&w=1033&q=75;;;
Akun;Genshin Impact;Rp13.900;95 terjual;[SERVER ASIA] Starter Akun DILUC Siap Explore;https://imgop.itemku.com/?url=https%3A%2F%2Fd1x91p7vw3vuq8.cloudfront.net%2Fitem-type%2F20251020%2F1t1hqgmm26yt4uktuh017s.png&w=1033&q=75;;;
Akun;Genshin Impact;Rp262.000;74 terjual;Akun Klee Starter [ASIA];https://imgop.itemku.com/?url=https%3A%2F%2Fd1x91p7vw3vuq8.cloudfront.net%2Fitem-type%2F20251020%2F1t1hqgmm26yt4uktuh017s.png&w=1033&q=75;;;
Akun;Genshin Impact;Rp75.000;71 terjual;[ Server Asia ] Akun Diluc Starter;https://imgop.itemku.com/?url=https%3A%2F%2Fd1x91p7vw3vuq8.cloudfront.net%2Fitem-type%2F20251020%2F1t1hqgmm26yt4uktuh017s.png&w=1033&q=75;;;
Akun;Genshin Impact;Rp28.700;67 terjual;[Server Asia] Akun Starter Banyak Karakter Termasuk Karakter Bintang 5 Aman Bergaransi;https://imgop.itemku.com/?url=https%3A%2F%2Fd1x91p7vw3vuq8.cloudfront.net%2Fitem-type%2F20251020%2F1t1hqgmm26yt4uktuh017s.png&w=1033&q=75;;;
Akun;Genshin Impact;Rp188.000;55 terjual;[ Server Asia ] Akun Limited Banyak Karakter ( Dengan 4 Karakter Bintang 5 );https://imgop.itemku.com/?url=https%3A%2F%2Fd1x91p7vw3vuq8.cloudfront.net%2Fitem-type%2F20251020%2F1t1hqgmm26yt4uktuh017s.png&w=1033&q=75;;;
Akun;Genshin Impact;Rp75.000;51 terjual;[ Server Asia ] Akun Keqing Starter;https://imgop.itemku.com/?url=https%3A%2F%2Fd1x91p7vw3vuq8.cloudfront.net%2Fitem-type%2F20251020%2F1t1hqgmm26yt4uktuh017s.png&w=1033&q=75;;;
Akun;Genshin Impact;Rp199.000;44 terjual;[ Server Asia ]  Akun Neuvillette Starter;https://imgop.itemku.com/?url=https%3A%2F%2Fd1x91p7vw3vuq8.cloudfront.net%2Fitem-type%2F20251020%2F1t1hqgmm26yt4uktuh017s.png&w=1033&q=75;;;
Akun;Genshin Impact;Rp262.000;43 terjual;Akun Starter Itto Asia AR 10;https://imgop.itemku.com/?url=https%3A%2F%2Fd1x91p7vw3vuq8.cloudfront.net%2Fitem-type%2F20251020%2F1t1hqgmm26yt4uktuh017s.png&w=1033&q=75;;;
Akun;Genshin Impact;Rp700.000;;[19 B5][14 Limit] Mid Game Super GG Akun Siap Pakai [Well Build];https://imgop.itemku.com/?url=https%3A%2F%2Fd1x91p7vw3vuq8.cloudfront.net%2Fitem-type%2F20251020%2F1t1hqgmm26yt4uktuh017s.png&w=1033&q=75;;;
Akun;Genshin Impact;Rp550.000;;[16 B5][11 Limit] Ayaka Ayato Cyno Furina Ganyu Kazuha Nahida Raiden  Tartaglia Xiao Yelan Akun Siap Pakai [Well Build];https://imgop.itemku.com/?url=https%3A%2F%2Fd1x91p7vw3vuq8.cloudfront.net%2Fitem-type%2F20251020%2F1t1hqgmm26yt4uktuh017s.png&w=1033&q=75;;;
Akun;Genshin Impact;Rp720.000;;[11 Limit] Arlecchino C1 + Sign, Hu Tao C1, Kinich, Chasca, Kazuha, Zhongli, Xiao, Ganyu, Ayato, Childe, Nahida Well Build ~ [AR 58, FR 14];https://imgop.itemku.com/?url=https%3A%2F%2Fd1x91p7vw3vuq8.cloudfront.net%2Fitem-type%2F20251020%2F1t1hqgmm26yt4uktuh017s.png&w=1033&q=75;;;
Akun;Genshin Impact;Rp600.000;;[Good Acc] [AR 57, FR 31] [9 Limit Char] Zibai, Columbina, Escoffier, Neuvillette, Furina, Arlecchino C1 + Sign, Zhongli, Kazuha, Yelan Well Build;https://imgop.itemku.com/?url=https%3A%2F%2Fd1x91p7vw3vuq8.cloudfront.net%2Fitem-type%2F20251020%2F1t1hqgmm26yt4uktuh017s.png&w=1033&q=75;;;
Akun;One Piece Bounty Rush;Rp43.000;7470 terjual;Akun OPBR ONE PIECE Bounty Rush-3;https://imgop.itemku.com/?url=https%3A%2F%2Fd1x91p7vw3vuq8.cloudfront.net%2Fitemku-upload%2F2026521%2Fycedpf5g78cwhgxsm6wcp_thumbnail.jpg&w=1033&q=75;;;
Akun;One Piece Bounty Rush;Rp99.000;4389 terjual;Akun OPBR ONE PIECE Bounty Rush-2;https://imgop.itemku.com/?url=https%3A%2F%2Fd1x91p7vw3vuq8.cloudfront.net%2Fitemku-upload%2F2026521%2Fe7x6vmdaj45l4xl4b3156p_thumbnail.jpg&w=1033&q=75;;;
Akun;One Piece Bounty Rush;Rp8.800;2976 terjual;Akun OPBR ONE PIECE Bounty Rush-8;https://imgop.itemku.com/?url=https%3A%2F%2Fd1x91p7vw3vuq8.cloudfront.net%2Fitemku-upload%2F2026521%2Fvrxvt0z5a5sxw9qtgxyhs_thumbnail.jpg&w=1033&q=75;;;
Akun;One Piece Bounty Rush;Rp55.000;2769 terjual;Akun OPBR ONE PIECE Bounty Rush-5;https://imgop.itemku.com/?url=https%3A%2F%2Fd1x91p7vw3vuq8.cloudfront.net%2Fitemku-upload%2F2026521%2F1eqq3eurx9b8n83w235do_thumbnail.jpg&w=1033&q=75;;;
Akun;One Piece Bounty Rush;Rp40.000;7 terjual;Akun gacha one piece bounty rush Global Android 20;https://imgop.itemku.com/?url=https%3A%2F%2Fd1x91p7vw3vuq8.cloudfront.net%2Fitemku-upload%2F2026427%2Fam7q5y1x11qr1w3dunube_thumbnail.jpg&w=1033&q=75;;;
Akun;One Piece Bounty Rush;Rp5.500;16 terjual;Akun Gacha One piece Bounty Rush Global IOS lite;https://imgop.itemku.com/?url=https%3A%2F%2Fd1x91p7vw3vuq8.cloudfront.net%2Fitemku-upload%2F2026518%2Fcr5h0k41i2jtwbaxnh7tqa_thumbnail.jpg&w=1033&q=75;;;
Akun;One Piece Bounty Rush;Rp23.000;166 terjual;Akun One piece Bounty Rush Global-15;https://imgop.itemku.com/?url=https%3A%2F%2Fd1x91p7vw3vuq8.cloudfront.net%2Fitemku-upload%2F2026417%2F6d7et83w6fu6v5sa77jlc7_thumbnail.jpg&w=1033&q=75;;;
Akun;One Piece Bounty Rush;Rp69.000;34 terjual;Akun One piece Bounty rush Android;https://imgop.itemku.com/?url=https%3A%2F%2Fd1x91p7vw3vuq8.cloudfront.net%2Fitemku-upload%2F2026423%2Flfv0p8bsnlihuupy2eu6v_thumbnail.jpg&w=1033&q=75;;;
Akun;One Piece Bounty Rush;Rp13.500;1415 terjual;Akun OPBR ONE PIECE Bounty Rush-i2;https://imgop.itemku.com/?url=https%3A%2F%2Fd1x91p7vw3vuq8.cloudfront.net%2Fitemku-upload%2F2026329%2Fj4ftxliohtjg118932o8wm_thumbnail.jpg&w=1033&q=75;;;
Akun;One Piece Bounty Rush;Rp12.000;1073 terjual;Akun Starter One Piece Bounty Rush 1000 RD;https://imgop.itemku.com/?url=https%3A%2F%2Fd1x91p7vw3vuq8.cloudfront.net%2Fitemku-upload%2F2024824%2Ffwv8ohjsq4rlduvtugy6bl_thumbnail.jpg&w=1033&q=75;;;
Akun;One Piece Bounty Rush;Rp8.600;935 terjual;Akun Reroll ONE PIECE Bounty Rush [Android] - 2;https://imgop.itemku.com/?url=https%3A%2F%2Fd1x91p7vw3vuq8.cloudfront.net%2Fitemku-upload%2F2026415%2F03633xwvrkcvhrop545j9pg_thumbnail.jpg&w=1033&q=75;;;
Akun;One Piece Bounty Rush;Rp18.500;863 terjual;Akun Reroll ONE PIECE Bounty Rush [IOS] - 2;https://imgop.itemku.com/?url=https%3A%2F%2Fd1x91p7vw3vuq8.cloudfront.net%2Fitemku-upload%2F2026220%2Fjt5f1ru2cin7l7da7d3vbq_thumbnail.jpg&w=1033&q=75;;;
Akun;One Piece Bounty Rush;Rp250.000;760 terjual;Akun OPBR ONE PIECE Bounty Rush-14;https://imgop.itemku.com/?url=https%3A%2F%2Fd1x91p7vw3vuq8.cloudfront.net%2Fitemku-upload%2F2026521%2Fxoejwdpykhr9r8smqyh2vh_thumbnail.jpg&w=1033&q=75;;;
Akun;One Piece Bounty Rush;Rp62.800;688 terjual;Akun OPBR ONE PIECE Bounty Rush-16;https://imgop.itemku.com/?url=https%3A%2F%2Fd1x91p7vw3vuq8.cloudfront.net%2Fitemku-upload%2F2026430%2F4raj94ea34c0iaa2xpcool_thumbnail.jpg&w=1033&q=75;;;
Akun;One Piece Bounty Rush;Rp41.500;686 terjual;Account One Piece Bounty Rush OPBR Series A;https://imgop.itemku.com/?url=https%3A%2F%2Fd1x91p7vw3vuq8.cloudfront.net%2Fitemku-upload%2F2026513%2F4qhok78cr6qiegx2tiznh9_thumbnail.jpg&w=1033&q=75;;;
Akun;One Piece Bounty Rush;Rp16.000;585 terjual;Akun Reroll ONE PIECE Bounty Rush [Android] - 4;https://imgop.itemku.com/?url=https%3A%2F%2Fd1x91p7vw3vuq8.cloudfront.net%2Fitemku-upload%2F2026427%2Fv0itqfrxgaodpnqfoa40f_thumbnail.jpg&w=1033&q=75;;;
Akun;One Piece Bounty Rush;Rp16.900;159 terjual;Akun One Piece Bounty Rush Global-10;https://imgop.itemku.com/?url=https%3A%2F%2Fd1x91p7vw3vuq8.cloudfront.net%2Fitemku-upload%2F202643%2F9o54xkd1cnl3ogauamn6nr_thumbnail.jpg&w=1033&q=75;;;
Akun;One Piece Bounty Rush;Rp145.000;7 terjual;Akun Gacha One Piece Bounty Rush ios-6;https://imgop.itemku.com/?url=https%3A%2F%2Fd1x91p7vw3vuq8.cloudfront.net%2Fitemku-upload%2F2026413%2Fwhlchmg1vecisi50kw5wv_thumbnail.jpg&w=1033&q=75;;;
Akun;One Piece Bounty Rush;Rp145.000;4 terjual;Akun Gacha One piece Bounty Rush ios-5;https://imgop.itemku.com/?url=https%3A%2F%2Fd1x91p7vw3vuq8.cloudfront.net%2Fitemku-upload%2F2026413%2F8o5pe5pxnk43e3l0dzlw_thumbnail.jpg&w=1033&q=75;;;
Akun;One Piece Bounty Rush;Rp145.000;1 terjual;Akun Gacha One Piece Bounty Rush ios-4;https://imgop.itemku.com/?url=https%3A%2F%2Fd1x91p7vw3vuq8.cloudfront.net%2Fitemku-upload%2F2026413%2Fdujygiq03gkm4aan0474n_thumbnail.jpg&w=1033&q=75;;;
Akun;One Piece Bounty Rush;Rp41.500;499 terjual;Akun Reroll ONE PIECE Bounty Rush [Android] - 1;https://imgop.itemku.com/?url=https%3A%2F%2Fd1x91p7vw3vuq8.cloudfront.net%2Fitemku-upload%2F2026511%2Fhlm07q5tzyqfr8yt4puis_thumbnail.jpg&w=1033&q=75;;;
Akun;One Piece Bounty Rush;Rp30.000;407 terjual;Akun Reroll ONE PIECE Bounty Rush [Android] - 3;https://imgop.itemku.com/?url=https%3A%2F%2Fd1x91p7vw3vuq8.cloudfront.net%2Fitemku-upload%2F2026322%2Fvz16nilquh8yu9a5t023d_thumbnail.jpg&w=1033&q=75;;;
Akun;One Piece Bounty Rush;Rp42.000;345 terjual;Akun Reroll ONE PIECE Bounty Rush [IOS] - 1;https://imgop.itemku.com/?url=https%3A%2F%2Fd1x91p7vw3vuq8.cloudfront.net%2Fitemku-upload%2F2026427%2Fgjf9xferognrgesaa8u9m_thumbnail.jpg&w=1033&q=75;;;
Akun;One Piece Bounty Rush;Rp10.000;268 terjual;Akun One Piece Bounty Rush;https://imgop.itemku.com/?url=https%3A%2F%2Fd1x91p7vw3vuq8.cloudfront.net%2Fitemku-upload%2F2026518%2Fez2hg5d0rv7ea9czs6u8ce_thumbnail.jpg&w=1033&q=75;;;
Akun;One Piece Bounty Rush;Rp10.000;252 terjual;Akun Global ios One piece Bounty Rush-4;https://imgop.itemku.com/?url=https%3A%2F%2Fd1x91p7vw3vuq8.cloudfront.net%2Fitemku-upload%2F202639%2Fmf3tq2qqt1b3trvd21p00p_thumbnail.jpg&w=1033&q=75;;;
Akun;One Piece Bounty Rush;Rp12.000;233 terjual;Akun Reroll ONE PIECE Bounty Rush [IOS] - 3;https://imgop.itemku.com/?url=https%3A%2F%2Fd1x91p7vw3vuq8.cloudfront.net%2Fitemku-upload%2F2026415%2Fmmdbdhe1tkk9b75zd87tms_thumbnail.jpg&w=1033&q=75;;;
Akun;One Piece Bounty Rush;Rp29.800;213 terjual;Akun OPBR ONE PIECE Bounty Rush-17;https://imgop.itemku.com/?url=https%3A%2F%2Fd1x91p7vw3vuq8.cloudfront.net%2Fitemku-upload%2F202647%2Firptyamwo09mk7lkmt8u9_thumbnail.jpg&w=1033&q=75;;;
Akun;One Piece Bounty Rush;Rp110.000;187 terjual;Akun Reroll ONE PIECE Bounty Rush [Android] - 6;https://imgop.itemku.com/?url=https%3A%2F%2Fd1x91p7vw3vuq8.cloudfront.net%2Fitemku-upload%2F2026124%2Fd8lxahqgd5ekrzyvppf8zh_thumbnail.jpg&w=1033&q=75;;;
Akun;One Piece Bounty Rush;Rp145.000;15 terjual;Akun Gacha One Piece Bounty Rush ios-3;https://imgop.itemku.com/?url=https%3A%2F%2Fd1x91p7vw3vuq8.cloudfront.net%2Fitemku-upload%2F2026410%2F8kckqc3duz50zx95rtcvtfn_thumbnail.jpg&w=1033&q=75;;;
Akun;One Piece Bounty Rush;Rp145.000;22 terjual;Akun Gacha One piece Bounty Rush ios Global;https://imgop.itemku.com/?url=https%3A%2F%2Fd1x91p7vw3vuq8.cloudfront.net%2Fitemku-upload%2F2026410%2F9wq8skck3htv2cg87jewt_thumbnail.jpg&w=1033&q=75;;;
Akun;One Piece Bounty Rush;Rp145.000;3 terjual;Akun Gacha One piece Bounty Rush Global;https://imgop.itemku.com/?url=https%3A%2F%2Fd1x91p7vw3vuq8.cloudfront.net%2Fitemku-upload%2F2026410%2F0gqr9n82pm9rvk2fonl6k0j_thumbnail.jpg&w=1033&q=75;;;
Akun;One Piece Bounty Rush;Rp17.900;123 terjual;Akun one piece bounty rush Android only;https://imgop.itemku.com/?url=https%3A%2F%2Fd1x91p7vw3vuq8.cloudfront.net%2Fitemku-upload%2F2026512%2F0gzmm3lh76dowq8zcn83qd8_thumbnail.jpg&w=1033&q=75;;;
Voucher;Steam;Rp6.199;;IDR 6.000;https://imgop.itemku.com/?url=https%3A%2F%2Fd1x91p7vw3vuq8.cloudfront.net%2Fimage_upload%2F2025831%2Fz7wzvdnqwenu4cvffxqcw.png&w=96&q=75;;;
Voucher;Steam;Rp7.999;;IDR 8.000;https://imgop.itemku.com/?url=https%3A%2F%2Fd1x91p7vw3vuq8.cloudfront.net%2Fimage_upload%2F2025831%2Fz7wzvdnqwenu4cvffxqcw.png&w=96&q=75;;;
Voucher;Steam;Rp12.099;;IDR 10.000;https://imgop.itemku.com/?url=https%3A%2F%2Fd1x91p7vw3vuq8.cloudfront.net%2Fimage_upload%2F2025831%2Fz7wzvdnqwenu4cvffxqcw.png&w=96&q=75;;;
Voucher;Steam;Rp11.800;;IDR 12.000;https://imgop.itemku.com/?url=https%3A%2F%2Fd1x91p7vw3vuq8.cloudfront.net%2Fimage_upload%2F2025831%2Fz7wzvdnqwenu4cvffxqcw.png&w=96&q=75;;;
Voucher;Steam;Rp44.000;;IDR 45.000;https://imgop.itemku.com/?url=https%3A%2F%2Fd1x91p7vw3vuq8.cloudfront.net%2Fimage_upload%2F2025831%2Fz7wzvdnqwenu4cvffxqcw.png&w=96&q=75;;;
Voucher;Steam;Rp59.119;;IDR 60.000;https://imgop.itemku.com/?url=https%3A%2F%2Fd1x91p7vw3vuq8.cloudfront.net%2Fimage_upload%2F2025831%2Fz7wzvdnqwenu4cvffxqcw.png&w=96&q=75;;;
Voucher;Steam;Rp88.090;;IDR 90.000;https://imgop.itemku.com/?url=https%3A%2F%2Fd1x91p7vw3vuq8.cloudfront.net%2Fimage_upload%2F2025831%2Fz7wzvdnqwenu4cvffxqcw.png&w=96&q=75;;;
Voucher;Steam;Rp119.143;;IDR 120.000;https://imgop.itemku.com/?url=https%3A%2F%2Fd1x91p7vw3vuq8.cloudfront.net%2Fimage_upload%2F2025831%2Fz7wzvdnqwenu4cvffxqcw.png&w=96&q=75;;;
Voucher;Steam;Rp246.800;;IDR 250.000;https://imgop.itemku.com/?url=https%3A%2F%2Fd1x91p7vw3vuq8.cloudfront.net%2Fimage_upload%2F2025831%2Fz7wzvdnqwenu4cvffxqcw.png&w=96&q=75;;;
Voucher;Steam;Rp404.000;;IDR 400.000;https://imgop.itemku.com/?url=https%3A%2F%2Fd1x91p7vw3vuq8.cloudfront.net%2Fimage_upload%2F2025831%2Fz7wzvdnqwenu4cvffxqcw.png&w=96&q=75;;;
Voucher;Steam;Rp594.498;;IDR 600.000;https://imgop.itemku.com/?url=https%3A%2F%2Fd1x91p7vw3vuq8.cloudfront.net%2Fimage_upload%2F2025831%2Fz7wzvdnqwenu4cvffxqcw.png&w=96&q=75;;;
Voucher;ExitLag;Rp89.780;;1 Bulan;https://imgop.itemku.com/?url=https%3A%2F%2Fd1x91p7vw3vuq8.cloudfront.net%2Fitem-type%2F2025825%2Fnaf8bzlll49wio25e3x3cb.jpg&w=48&q=75;;;
Voucher;ExitLag;Rp260.000;;3 Bulan;https://imgop.itemku.com/?url=https%3A%2F%2Fd1x91p7vw3vuq8.cloudfront.net%2Fitem-type%2F2025825%2F3dqu15k1pm6lgqj4nsbgom.jpg&w=48&q=75;;;
Voucher;Nintendo;Rp84.086;;USD $5;https://imgop.itemku.com/?url=https%3A%2F%2Fd1x91p7vw3vuq8.cloudfront.net%2Fimage_upload%2F2025831%2Fim3jgcqkysrj32vw4a9ws.png&w=96&q=75;;;
Voucher;Nintendo;Rp152.000;;USD $10;https://imgop.itemku.com/?url=https%3A%2F%2Fd1x91p7vw3vuq8.cloudfront.net%2Fimage_upload%2F2025831%2Fim3jgcqkysrj32vw4a9ws.png&w=96&q=75;;;
Voucher;Nintendo;Rp305.900;;USD $20;https://imgop.itemku.com/?url=https%3A%2F%2Fd1x91p7vw3vuq8.cloudfront.net%2Fimage_upload%2F2025831%2Fim3jgcqkysrj32vw4a9ws.png&w=96&q=75;;;
Voucher;Nintendo;Rp452.952;;USD $25;https://imgop.itemku.com/?url=https%3A%2F%2Fd1x91p7vw3vuq8.cloudfront.net%2Fimage_upload%2F2025831%2Fim3jgcqkysrj32vw4a9ws.png&w=96&q=75;;;
Voucher;Nintendo;Rp535.000;;USD $35;https://imgop.itemku.com/?url=https%3A%2F%2Fd1x91p7vw3vuq8.cloudfront.net%2Fimage_upload%2F2025831%2Fim3jgcqkysrj32vw4a9ws.png&w=96&q=75;;;
Voucher;Nintendo;Rp700.000;;USD $45;https://imgop.itemku.com/?url=https%3A%2F%2Fd1x91p7vw3vuq8.cloudfront.net%2Fimage_upload%2F2025831%2Fim3jgcqkysrj32vw4a9ws.png&w=96&q=75;;;
Voucher;Nintendo;Rp772.140;;USD $50;https://imgop.itemku.com/?url=https%3A%2F%2Fd1x91p7vw3vuq8.cloudfront.net%2Fimage_upload%2F2025831%2Fim3jgcqkysrj32vw4a9ws.png&w=96&q=75;;;
Voucher;Nintendo;Rp1.094.081;;USD $70;https://imgop.itemku.com/?url=https%3A%2F%2Fd1x91p7vw3vuq8.cloudfront.net%2Fimage_upload%2F2025831%2Fim3jgcqkysrj32vw4a9ws.png&w=96&q=75;;;
Voucher;Nintendo;Rp1.565.000;;USD $99;https://imgop.itemku.com/?url=https%3A%2F%2Fd1x91p7vw3vuq8.cloudfront.net%2Fimage_upload%2F2025831%2Fim3jgcqkysrj32vw4a9ws.png&w=96&q=75;;;
Voucher;Redfinger;Rp19.036;;VIP 7 Day;https://imgop.itemku.com/?url=https%3A%2F%2Fd1x91p7vw3vuq8.cloudfront.net%2Fitem-type%2F20251030%2F8m7zpphxedioa0blprguh.webp&w=96&q=75;;;
Voucher;Redfinger;Rp32.630;;KVIP 7 Day;https://imgop.itemku.com/?url=https%3A%2F%2Fd1x91p7vw3vuq8.cloudfront.net%2Fitem-type%2F20251030%2F38ihjsz3oig0p0ds8euea6i.webp&w=96&q=75;;;
Voucher;Redfinger;Rp57.499;;VIP 30 Day;https://imgop.itemku.com/?url=https%3A%2F%2Fd1x91p7vw3vuq8.cloudfront.net%2Fitem-type%2F20251030%2Fpijzv8s4gdcmasdlsfkpe.webp&w=96&q=75;;;
Voucher;Redfinger;Rp96.838;;KVIP 30 Day;https://imgop.itemku.com/?url=https%3A%2F%2Fd1x91p7vw3vuq8.cloudfront.net%2Fitem-type%2F20251030%2Fb3hvlcexf1ecwp9fmn0sgo.webp&w=96&q=75;;;
Voucher;Redfinger;Rp41.616;;SVIP 7 Day;https://imgop.itemku.com/?url=https%3A%2F%2Fd1x91p7vw3vuq8.cloudfront.net%2Fitem-type%2F20251030%2Fq21fvm32bbob7fd1g85js.webp&w=96&q=75;;;
Voucher;Redfinger;Rp129.780;;SVIP 30 Day;https://imgop.itemku.com/?url=https%3A%2F%2Fd1x91p7vw3vuq8.cloudfront.net%2Fitem-type%2F20251030%2Fn2h5e04j4vgu7fctjnrs.webp&w=96&q=75;;;
Voucher;Redfinger;Rp96.500;;XVIP 7 Day;https://imgop.itemku.com/?url=https%3A%2F%2Fd1x91p7vw3vuq8.cloudfront.net%2Fitem-type%2F2025114%2F8805l30n133ub4dy70lut.webp&w=96&q=75;;;
Voucher;Redfinger;Rp290.000;;XVIP 30 Day;https://imgop.itemku.com/?url=https%3A%2F%2Fd1x91p7vw3vuq8.cloudfront.net%2Fitem-type%2F2025114%2Fr5qu5gdfcnhvteujnu73jd.webp&w=96&q=75;;;
Voucher;Roblox;Rp48.299;;100 Robux;https://d1x91p7vw3vuq8.cloudfront.net/item-type/2025410/ld1lyl93o9bskakhfa41qf.svg;;;
Voucher;Roblox;Rp48.299;;200 Robux;https://d1x91p7vw3vuq8.cloudfront.net/item-type/2025410/2gjhm25dvyfg3uu1ui2l6.svg;;;
Voucher;Roblox;Rp47.899;;250 Robux;https://imgop.itemku.com/?url=https%3A%2F%2Fd1x91p7vw3vuq8.cloudfront.net%2Fitem-info%2F20251030%2Fk1y8y53sx0a5zg8jvss84m.jpg&w=96&q=75;;;
Voucher;Roblox;Rp79.000;;400 Robux;https://d1x91p7vw3vuq8.cloudfront.net/item-type/2025410/k0g41g2zuwqbozml31gau5.svg;;;
Voucher;Roblox;Rp93.000;;500 Robux;https://imgop.itemku.com/?url=https%3A%2F%2Fd1x91p7vw3vuq8.cloudfront.net%2Fitem-type%2F2025618%2Fk1vr5du4edffss9jsq1t.jpg&w=96&q=75;;;
Voucher;Roblox;Rp147.990;;800 Robux;https://d1x91p7vw3vuq8.cloudfront.net/item-type/2025410/m34qitbwv7q8ohyxzn281l.svg;;;
Voucher;Roblox;Rp185.000;;1000 Robux;https://d1x91p7vw3vuq8.cloudfront.net/item-type/2025410/zttcu6042ohsqb9qqul8v.svg;;;
Voucher;Roblox;Rp229.990;;1200 Robux;https://d1x91p7vw3vuq8.cloudfront.net/item-type/2025410/01tn04sqdk9n07aqn0lc2qbk.svg;;;
Voucher;Roblox;Rp279.990;;1500 Robux;https://d1x91p7vw3vuq8.cloudfront.net/item-type/2025410/23atjih2yf1nppohjks9wp.svg;;;
Voucher;Roblox;Rp294.000;;1600 Robux;https://d1x91p7vw3vuq8.cloudfront.net/item-type/2025410/euiafuzkfvhj81h0gbsbll.svg;;;
Voucher;Roblox;Rp315.000;;1700 Robux;https://d1x91p7vw3vuq8.cloudfront.net/item-type/2025410/bq4ctic4idnqf7fubq9o8.svg;;;
Voucher;Roblox;Rp369.990;;2000 Robux;https://d1x91p7vw3vuq8.cloudfront.net/item-type/2025410/d768ke2mmiv5hdxyjdb5js.svg;;;
Voucher;Roblox;Rp395.000;;2200 Robux;https://d1x91p7vw3vuq8.cloudfront.net/item-type/2025410/mtje9l0l3lglo8tthifydj.svg;;;
Voucher;Roblox;Rp420.000;;2500 Robux;https://d1x91p7vw3vuq8.cloudfront.net/item-type/2025410/dg2x5wpoqnacdka2tn15mb.svg;;;
Voucher;Roblox;Rp486.300;;2700 Robux;https://d1x91p7vw3vuq8.cloudfront.net/item-type/2025410/9q582hyp6cl1ku9yw4micf.svg;;;
Voucher;Roblox;Rp503.320;;3000 Robux;https://d1x91p7vw3vuq8.cloudfront.net/item-type/2025410/ki444u2zthip60o3l7dglm.svg;;;
Voucher;Roblox;Rp689.999;;3600 Robux;https://d1x91p7vw3vuq8.cloudfront.net/item-type/2025410/sqwibkcquom9r3qpn6twqn.svg;;;
Voucher;Roblox;Rp750.000;;4000 Robux;https://d1x91p7vw3vuq8.cloudfront.net/item-type/2025410/enedd88neplbp32ex6ulq.svg;;;
Voucher;Roblox;Rp789.990;;4500 Robux;https://d1x91p7vw3vuq8.cloudfront.net/item-type/2025410/db1oprjvuuourn1p2uajtp.svg;;;
Voucher;Roblox;Rp910.000;;5250 Robux;https://d1x91p7vw3vuq8.cloudfront.net/item-type/2025410/bvguoyyto2tzsskijd3d5n.svg;;;
Voucher;Roblox;Rp1.300.000;;7000 Robux;https://d1x91p7vw3vuq8.cloudfront.net/item-type/2025410/raq2ad0y0cjfo8s57hu31.svg;;;
Voucher;Roblox;Rp1.480.090;;8000 Robux;https://d1x91p7vw3vuq8.cloudfront.net/item-type/2025410/84oxiiwaxraaz5lh723pv8.svg;;;
Voucher;Roblox;Rp1.701.183;;10000 Robux;https://d1x91p7vw3vuq8.cloudfront.net/item-type/2025410/cg3n78q3kcmf7qy849t6ni.svg;;;
Voucher;Roblox;Rp1.870.000;;11000 Robux;https://d1x91p7vw3vuq8.cloudfront.net/item-type/2025410/5iln5ogoazusawei5uiaie.svg;;;
Voucher;Roblox;Rp2.100.000;;13000 Robux;https://d1x91p7vw3vuq8.cloudfront.net/item-type/2025410/cmkfgiwkgjbgv0c33ck7zt.svg;;;
Voucher;Roblox;Rp2.432.499;;14000 Robux;https://d1x91p7vw3vuq8.cloudfront.net/item-type/2025410/ndzablmqlm03rr6laft58f.svg;;;
Voucher;Roblox;Rp3.177.490;;16000 Robux;https://d1x91p7vw3vuq8.cloudfront.net/item-type/2025410/i665oeh8t91ini9kbhnyz.svg;;;
Voucher;Roblox;Rp3.542.790;;17000 Robux;https://d1x91p7vw3vuq8.cloudfront.net/item-type/2025410/juz0zfhg8gj6e74k0upaqk.svg;;;
Voucher;Roblox;Rp3.700.000;;22500 Robux;https://d1x91p7vw3vuq8.cloudfront.net/item-type/2025410/jg2o9cey8wrxqfoxmhksed.svg;;;
Voucher;Roblox;Rp4.000.000;;24000 Robux;https://d1x91p7vw3vuq8.cloudfront.net/item-type/2025410/3qi43fsby1tg8ays8xehge.svg;;;
Voucher;Roblox;Rp5.859.190;;34000 Robux;https://d1x91p7vw3vuq8.cloudfront.net/item-type/2025410/5l7hbd3et9nhvg38txtfg.svg;;;
Voucher;Roblox;Rp8.947.090;;36000 Robux;https://d1x91p7vw3vuq8.cloudfront.net/item-type/2025410/7zn2ikuglwtseaxl7xadxd.svg;;;
Voucher;Roblox;Rp11.861.590;;48000 Robux;https://d1x91p7vw3vuq8.cloudfront.net/item-type/2025410/9awesqgi2eou4tsl64geik.svg;;;
Voucher;PlayStation Gift Card;Rp96.995;;IDR 100.000;https://imgop.itemku.com/?url=https%3A%2F%2Fd1x91p7vw3vuq8.cloudfront.net%2Fimage_upload%2F2025828%2F45zf6yzk3gs6o1ek2cibnh.png&w=48&q=75;;;
Voucher;PlayStation Gift Card;Rp198.300;;IDR 200.000;https://imgop.itemku.com/?url=https%3A%2F%2Fd1x91p7vw3vuq8.cloudfront.net%2Fimage_upload%2F2025828%2F45zf6yzk3gs6o1ek2cibnh.png&w=48&q=75;;;
Voucher;PlayStation Gift Card;Rp223.057;;IDR 225.000;https://imgop.itemku.com/?url=https%3A%2F%2Fd1x91p7vw3vuq8.cloudfront.net%2Fimage_upload%2F2025828%2F45zf6yzk3gs6o1ek2cibnh.png&w=48&q=75;;;
Voucher;PlayStation Gift Card;Rp290.000;;IDR 300.000;https://imgop.itemku.com/?url=https%3A%2F%2Fd1x91p7vw3vuq8.cloudfront.net%2Fimage_upload%2F2025828%2F45zf6yzk3gs6o1ek2cibnh.png&w=48&q=75;;;
Voucher;PlayStation Gift Card;Rp401.500;;IDR 400.000;https://imgop.itemku.com/?url=https%3A%2F%2Fd1x91p7vw3vuq8.cloudfront.net%2Fimage_upload%2F2025828%2F45zf6yzk3gs6o1ek2cibnh.png&w=48&q=75;;;
Voucher;PlayStation Gift Card;Rp500.000;;IDR 500.000;https://imgop.itemku.com/?url=https%3A%2F%2Fd1x91p7vw3vuq8.cloudfront.net%2Fimage_upload%2F2025828%2F45zf6yzk3gs6o1ek2cibnh.png&w=48&q=75;;;
Voucher;PlayStation Gift Card;Rp581.900;;IDR 600.000;https://imgop.itemku.com/?url=https%3A%2F%2Fd1x91p7vw3vuq8.cloudfront.net%2Fimage_upload%2F2025828%2F45zf6yzk3gs6o1ek2cibnh.png&w=48&q=75;;;
Voucher;PlayStation Gift Card;Rp979.905;;IDR 1.000.000;https://imgop.itemku.com/?url=https%3A%2F%2Fd1x91p7vw3vuq8.cloudfront.net%2Fimage_upload%2F2025828%2F45zf6yzk3gs6o1ek2cibnh.png&w=48&q=75;;;
Voucher;PlayStation Gift Card;Rp1.481.275;;IDR 1.500.000;https://imgop.itemku.com/?url=https%3A%2F%2Fd1x91p7vw3vuq8.cloudfront.net%2Fimage_upload%2F2025828%2F45zf6yzk3gs6o1ek2cibnh.png&w=48&q=75;;;
Voucher;Razer Gold;Rp9.800;;IDR 10000;https://d1x91p7vw3vuq8.cloudfront.net/image_upload/2025421/mphigtw0ocyhnxe2v8qd.svg;;;
Voucher;Razer Gold;Rp19.860;;IDR 20000;https://d1x91p7vw3vuq8.cloudfront.net/image_upload/2025421/mphigtw0ocyhnxe2v8qd.svg;;;
Voucher;Razer Gold;Rp48.900;;IDR 50000;https://d1x91p7vw3vuq8.cloudfront.net/image_upload/2025421/mphigtw0ocyhnxe2v8qd.svg;;;
Voucher;Razer Gold;Rp99.400;;IDR 100000;https://d1x91p7vw3vuq8.cloudfront.net/image_upload/2025421/6017bs2ks8oe5axh53qah.svg;;;
Voucher;Razer Gold;Rp198.700;;IDR 200000;https://d1x91p7vw3vuq8.cloudfront.net/image_upload/2025421/6017bs2ks8oe5axh53qah.svg;;;
Voucher;Razer Gold;Rp496.601;;IDR 500000;https://d1x91p7vw3vuq8.cloudfront.net/image_upload/2025421/bncdrd4clkefli3usveg79.svg;;;
Voucher;Razer Gold;Rp993.201;;IDR 1000000;https://d1x91p7vw3vuq8.cloudfront.net/image_upload/2025421/bncdrd4clkefli3usveg79.svg;;;
Voucher;VSPhone;Rp85.000;;SVIP 30 Days;https://imgop.itemku.com/?url=https%3A%2F%2Fd1x91p7vw3vuq8.cloudfront.net%2Fitem-type%2F2025116%2Fgwj6lhdn9xeavnmz85s73v.png&w=96&q=75;;;
Voucher;VSPhone;Rp3.748;;VIP 1 Day;https://imgop.itemku.com/?url=https%3A%2F%2Fd1x91p7vw3vuq8.cloudfront.net%2Fitem-type%2F2025116%2Fqcgvidkofdk8qve8shf8.png&w=96&q=75;;;
Voucher;VSPhone;Rp132.000;;XVIP 30 Days;https://imgop.itemku.com/?url=https%3A%2F%2Fd1x91p7vw3vuq8.cloudfront.net%2Fitem-type%2F2025116%2Fvwh9oso30tg7yvrowqpdih.png&w=96&q=75;;;
Voucher;VSPhone;Rp7.090;;SVIP 1 Day;https://imgop.itemku.com/?url=https%3A%2F%2Fd1x91p7vw3vuq8.cloudfront.net%2Fitem-type%2F2025116%2Fbacmw0qrx4dbdb0bs63fao.png&w=96&q=75;;;
Voucher;VSPhone;Rp4.659;;KVIP 1 Day;https://imgop.itemku.com/?url=https%3A%2F%2Fd1x91p7vw3vuq8.cloudfront.net%2Fitem-type%2F2025116%2Fen2vbxjmki6vf22g45prde.png&w=96&q=75;;;
Voucher;VSPhone;Rp12.910;;Basic 7 Days;https://imgop.itemku.com/?url=https%3A%2F%2Fd1x91p7vw3vuq8.cloudfront.net%2Fitem-info%2F202647%2Fwrw6c76gr4i7mkep07lexw.png&w=96&q=75;;;
Voucher;VSPhone;Rp8.740;;XVIP 1 Day;https://imgop.itemku.com/?url=https%3A%2F%2Fd1x91p7vw3vuq8.cloudfront.net%2Fitem-type%2F2025116%2Fm700smmrroozxf01momvfn.png&w=96&q=75;;;
Voucher;VSPhone;Rp27.000;;SVIP 7 Days;https://imgop.itemku.com/?url=https%3A%2F%2Fd1x91p7vw3vuq8.cloudfront.net%2Fitem-info%2F2025123%2F6avrzdff6udqg5reeoxdm.png&w=96&q=75;;;
Voucher;VSPhone;Rp18.300;;KVIP 7 Days;https://imgop.itemku.com/?url=https%3A%2F%2Fd1x91p7vw3vuq8.cloudfront.net%2Fitem-info%2F2025123%2Fatwwthm2ph72s4y349379l.png&w=96&q=75;;;
Voucher;VSPhone;Rp15.800;;MVIP 1 Days;https://imgop.itemku.com/?url=https%3A%2F%2Fd1x91p7vw3vuq8.cloudfront.net%2Fitem-type%2F202647%2Fq6ona1ncnlmndo3kvfs1c.png&w=96&q=75;;;
Voucher;VSPhone;Rp49.000;;XVIP 7 Days;https://imgop.itemku.com/?url=https%3A%2F%2Fd1x91p7vw3vuq8.cloudfront.net%2Fitem-info%2F2025123%2Fsi5ja18lx7wexsviinylj.png&w=96&q=75;;;
Voucher;VSPhone;Rp68.000;;MVIP 7 Days;https://imgop.itemku.com/?url=https%3A%2F%2Fd1x91p7vw3vuq8.cloudfront.net%2Fitem-type%2F202647%2Fyg7zn7i92hnft1btt7rw4u.png&w=96&q=75;;;
Voucher;VSPhone;Rp249.999;;MVIP 30 Days;https://imgop.itemku.com/?url=https%3A%2F%2Fd1x91p7vw3vuq8.cloudfront.net%2Fitem-type%2F202647%2Fpg8ytzhgi1afh3wdfs843n.png&w=96&q=75;;;
Voucher;VSPhone;Rp2.770;;Basic 1 Day;https://imgop.itemku.com/?url=https%3A%2F%2Fd1x91p7vw3vuq8.cloudfront.net%2Fitem-info%2F202647%2Fz3q7b88e8nopagegupau.png&w=96&q=75;;;
Voucher;VSPhone;Rp79.500;;KVIP 30 Days;https://imgop.itemku.com/?url=https%3A%2F%2Fd1x91p7vw3vuq8.cloudfront.net%2Fitem-type%2F2025116%2Fo2zo8707sfnafamgsnorod.png&w=96&q=75;;;
Voucher;VSPhone;Rp14.777;;VIP 7 Days;https://imgop.itemku.com/?url=https%3A%2F%2Fd1x91p7vw3vuq8.cloudfront.net%2Fitem-info%2F2025123%2Fmpi3vyavdidg1la6wmes9.png&w=96&q=75;;;
Voucher;VSPhone;Rp53.490;;VIP 30 Days;https://imgop.itemku.com/?url=https%3A%2F%2Fd1x91p7vw3vuq8.cloudfront.net%2Fitem-type%2F2025116%2Fkzamo2y98cz5r0bpu4pio.png&w=96&q=75;;;
Voucher;VSPhone;Rp49.500;;Basic 30 Days;https://imgop.itemku.com/?url=https%3A%2F%2Fd1x91p7vw3vuq8.cloudfront.net%2Fitem-info%2F202647%2F3azkyytfjflahoc4pkwyvn.png&w=96&q=75;;;
Voucher;Google Play;Rp4.600;;IDR 5.000;https://imgop.itemku.com/?url=https%3A%2F%2Fd1x91p7vw3vuq8.cloudfront.net%2Fimage_upload%2F2025828%2Fy5f7668swpofsnm2dcvtdr.png&w=96&q=75;;;
Voucher;Google Play;Rp9.849;;IDR 10.000;https://imgop.itemku.com/?url=https%3A%2F%2Fd1x91p7vw3vuq8.cloudfront.net%2Fimage_upload%2F2025828%2Fy5f7668swpofsnm2dcvtdr.png&w=96&q=75;;;
Voucher;Google Play;Rp16.399;;IDR 16.000;https://imgop.itemku.com/?url=https%3A%2F%2Fd1x91p7vw3vuq8.cloudfront.net%2Fimage_upload%2F2025828%2Fy5f7668swpofsnm2dcvtdr.png&w=96&q=75;;;
Voucher;Google Play;Rp19.499;;IDR 20.000;https://imgop.itemku.com/?url=https%3A%2F%2Fd1x91p7vw3vuq8.cloudfront.net%2Fimage_upload%2F2025828%2Fy5f7668swpofsnm2dcvtdr.png&w=96&q=75;;;
Voucher;Google Play;Rp35.800;;IDR 35.000;https://imgop.itemku.com/?url=https%3A%2F%2Fd1x91p7vw3vuq8.cloudfront.net%2Fimage_upload%2F2025828%2Fy5f7668swpofsnm2dcvtdr.png&w=96&q=75;;;
Voucher;Google Play;Rp49.900;;IDR 49.000;https://imgop.itemku.com/?url=https%3A%2F%2Fd1x91p7vw3vuq8.cloudfront.net%2Fimage_upload%2F2025828%2Fy5f7668swpofsnm2dcvtdr.png&w=96&q=75;;;
Voucher;Google Play;Rp49.500;;IDR 50.000;https://imgop.itemku.com/?url=https%3A%2F%2Fd1x91p7vw3vuq8.cloudfront.net%2Fimage_upload%2F2025828%2Fy5f7668swpofsnm2dcvtdr.png&w=96&q=75;;;
Voucher;Google Play;Rp66.500;;IDR 65.000;https://imgop.itemku.com/?url=https%3A%2F%2Fd1x91p7vw3vuq8.cloudfront.net%2Fimage_upload%2F2025828%2Fy5f7668swpofsnm2dcvtdr.png&w=96&q=75;;;
Voucher;Google Play;Rp79.899;;IDR 79.000;https://imgop.itemku.com/?url=https%3A%2F%2Fd1x91p7vw3vuq8.cloudfront.net%2Fimage_upload%2F2025828%2Fy5f7668swpofsnm2dcvtdr.png&w=96&q=75;;;
Voucher;Google Play;Rp99.000;;IDR 100.000;https://imgop.itemku.com/?url=https%3A%2F%2Fd1x91p7vw3vuq8.cloudfront.net%2Fimage_upload%2F2025828%2Fy5f7668swpofsnm2dcvtdr.png&w=96&q=75;;;
Voucher;Google Play;Rp131.200;;IDR 129.000;https://imgop.itemku.com/?url=https%3A%2F%2Fd1x91p7vw3vuq8.cloudfront.net%2Fimage_upload%2F2025828%2Fy5f7668swpofsnm2dcvtdr.png&w=96&q=75;;;
Voucher;Google Play;Rp147.839;;IDR 150.000;https://imgop.itemku.com/?url=https%3A%2F%2Fd1x91p7vw3vuq8.cloudfront.net%2Fimage_upload%2F2025828%2Fy5f7668swpofsnm2dcvtdr.png&w=96&q=75;;;
Voucher;Google Play;Rp149.000;;IDR 159.000;https://imgop.itemku.com/?url=https%3A%2F%2Fd1x91p7vw3vuq8.cloudfront.net%2Fimage_upload%2F2025828%2Fy5f7668swpofsnm2dcvtdr.png&w=96&q=75;;;
Voucher;Google Play;Rp254.000;;IDR 249.000;https://imgop.itemku.com/?url=https%3A%2F%2Fd1x91p7vw3vuq8.cloudfront.net%2Fimage_upload%2F2025828%2Fy5f7668swpofsnm2dcvtdr.png&w=96&q=75;;;
Voucher;Google Play;Rp295.000;;IDR 300.000;https://imgop.itemku.com/?url=https%3A%2F%2Fd1x91p7vw3vuq8.cloudfront.net%2Fimage_upload%2F2025828%2Fy5f7668swpofsnm2dcvtdr.png&w=96&q=75;;;
Voucher;Google Play;Rp333.900;;IDR 329.000;https://imgop.itemku.com/?url=https%3A%2F%2Fd1x91p7vw3vuq8.cloudfront.net%2Fimage_upload%2F2025828%2Fy5f7668swpofsnm2dcvtdr.png&w=96&q=75;;;
Voucher;Google Play;Rp404.900;;IDR 399.000;https://imgop.itemku.com/?url=https%3A%2F%2Fd1x91p7vw3vuq8.cloudfront.net%2Fimage_upload%2F2025828%2Fy5f7668swpofsnm2dcvtdr.png&w=96&q=75;;;
Voucher;Google Play;Rp489.984;;IDR 500.000;https://imgop.itemku.com/?url=https%3A%2F%2Fd1x91p7vw3vuq8.cloudfront.net%2Fimage_upload%2F2025828%2Fy5f7668swpofsnm2dcvtdr.png&w=96&q=75;;;
Voucher;Google Play;Rp666.800;;IDR 649.000;https://imgop.itemku.com/?url=https%3A%2F%2Fd1x91p7vw3vuq8.cloudfront.net%2Fimage_upload%2F2025828%2Fy5f7668swpofsnm2dcvtdr.png&w=96&q=75;;;
Voucher;Google Play;Rp758.000;;IDR 750.000;https://imgop.itemku.com/?url=https%3A%2F%2Fd1x91p7vw3vuq8.cloudfront.net%2Fimage_upload%2F2025828%2Fy5f7668swpofsnm2dcvtdr.png&w=96&q=75;;;
Voucher;Google Play;Rp812.995;;IDR 799.000;https://imgop.itemku.com/?url=https%3A%2F%2Fd1x91p7vw3vuq8.cloudfront.net%2Fimage_upload%2F2025828%2Fy5f7668swpofsnm2dcvtdr.png&w=96&q=75;;;
Voucher;Google Play;Rp1.000.000;;IDR 1.000.000;https://imgop.itemku.com/?url=https%3A%2F%2Fd1x91p7vw3vuq8.cloudfront.net%2Fimage_upload%2F2025828%2Fy5f7668swpofsnm2dcvtdr.png&w=96&q=75;;;
Voucher;Google Play;Rp1.314.300;;IDR 1.299.000;https://imgop.itemku.com/?url=https%3A%2F%2Fd1x91p7vw3vuq8.cloudfront.net%2Fimage_upload%2F2025828%2Fy5f7668swpofsnm2dcvtdr.png&w=96&q=75;;;
Voucher;Google Play;Rp1.516.000;;IDR 1.500.000;https://imgop.itemku.com/?url=https%3A%2F%2Fd1x91p7vw3vuq8.cloudfront.net%2Fimage_upload%2F2025828%2Fy5f7668swpofsnm2dcvtdr.png&w=96&q=75;;;
Voucher;Google Play;Rp1.615.807;;IDR 1.599.000;https://imgop.itemku.com/?url=https%3A%2F%2Fd1x91p7vw3vuq8.cloudfront.net%2Fimage_upload%2F2025828%2Fy5f7668swpofsnm2dcvtdr.png&w=96&q=75;;;
Voucher;Cherry Credits;Rp68.490;;5.000 CC;https://imgop.itemku.com/?url=https%3A%2F%2Fd1x91p7vw3vuq8.cloudfront.net%2Fitem-type%2F2025826%2F20gte2l1yyro5tvljqo8j.png&w=96&q=75;;;
Voucher;Cherry Credits;Rp137.400;;10.000 CC;https://imgop.itemku.com/?url=https%3A%2F%2Fd1x91p7vw3vuq8.cloudfront.net%2Fitem-type%2F2025826%2Fxma4bu6adddi0hc9og2c0a.png&w=96&q=75;;;
Voucher;Cherry Credits;Rp213.080;;15.000 CC;https://imgop.itemku.com/?url=https%3A%2F%2Fd1x91p7vw3vuq8.cloudfront.net%2Fitem-type%2F2025826%2F6x76cwxgzk7ov89u8bj94e.png&w=96&q=75;;;
Voucher;Cherry Credits;Rp416.000;;30.000 CC;https://imgop.itemku.com/?url=https%3A%2F%2Fd1x91p7vw3vuq8.cloudfront.net%2Fitem-type%2F2025826%2F8e3so8883kr79cl31noh9j.png&w=96&q=75;;;
Voucher;Cherry Credits;Rp692.500;;50.000 CC;https://imgop.itemku.com/?url=https%3A%2F%2Fd1x91p7vw3vuq8.cloudfront.net%2Fitem-type%2F2025826%2Fhwyfvtks2tduj16t4c3j1k.png&w=96&q=75;;;
Voucher;Cherry Credits;Rp1.385.000;;100.000 CC;https://imgop.itemku.com/?url=https%3A%2F%2Fd1x91p7vw3vuq8.cloudfront.net%2Fitem-type%2F2025826%2F5s3o9q455p8blb0qkv64f.png&w=96&q=75;;;
Voucher;Valorant;Rp42.949;;375 Points (region Indonesia);https://imgop.itemku.com/?url=https%3A%2F%2Fd1x91p7vw3vuq8.cloudfront.net%2Fimage_upload%2F20251122%2Fhtz1d2izpua9f9zqf41f.png&w=96&q=75;;;
Voucher;Valorant;Rp85.800;;650 Points (region Indonesia);https://imgop.itemku.com/?url=https%3A%2F%2Fd1x91p7vw3vuq8.cloudfront.net%2Fimage_upload%2F20251122%2Ftthg4hy2x1390t2bo0u3k.png&w=96&q=75;;;
Voucher;Valorant;Rp139.143;;1350 Points (region Indonesia);https://imgop.itemku.com/?url=https%3A%2F%2Fd1x91p7vw3vuq8.cloudfront.net%2Fimage_upload%2F20251122%2F1h1s71pkkq7i4j6udm7bv.png&w=96&q=75;;;
Voucher;Valorant;Rp237.250;;2100 Points (region Indonesia);https://imgop.itemku.com/?url=https%3A%2F%2Fd1x91p7vw3vuq8.cloudfront.net%2Fimage_upload%2F20251122%2Fkqx8h4jmlohgwrzl4b6s.png&w=96&q=75;;;
Voucher;Valorant;Rp374.444;;3600 Points (region Indonesia);https://imgop.itemku.com/?url=https%3A%2F%2Fd1x91p7vw3vuq8.cloudfront.net%2Fimage_upload%2F20251122%2Feaply6ap3eo2wtk8nusct.png&w=96&q=75;;;
Voucher;Valorant;Rp744.444;;7500 Points (region Indonesia);https://imgop.itemku.com/?url=https%3A%2F%2Fd1x91p7vw3vuq8.cloudfront.net%2Fimage_upload%2F20251122%2Fmpq9xpvo9bhc4f9jih77c.png&w=96&q=75;;;
Voucher;Point Blank Beyond Limits;Rp9.165;;PB Cash 1200;https://imgop.itemku.com/?url=https%3A%2F%2Fd1x91p7vw3vuq8.cloudfront.net%2Fitem-type%2F2025421%2Fl167mbnaj7b84yrtsdjscj.webp&w=96&q=75;;;
Voucher;Point Blank Beyond Limits;Rp18.289;;PB Cash 2400;https://imgop.itemku.com/?url=https%3A%2F%2Fd1x91p7vw3vuq8.cloudfront.net%2Fitem-type%2F2025421%2Frcioiuf9k3ae2ehmvtuju.webp&w=96&q=75;;;
Voucher;Point Blank Beyond Limits;Rp45.980;;PB Cash 6000;https://imgop.itemku.com/?url=https%3A%2F%2Fd1x91p7vw3vuq8.cloudfront.net%2Fitem-type%2F2025421%2Fs94nvtcr1gis9gybeu0ofc.webp&w=96&q=75;;;
Voucher;Point Blank Beyond Limits;Rp91.790;;PB Cash 12000;https://imgop.itemku.com/?url=https%3A%2F%2Fd1x91p7vw3vuq8.cloudfront.net%2Fitem-type%2F2025421%2Frfatqs1kn3sq7jepesdof.webp&w=96&q=75;;;
Voucher;Point Blank Beyond Limits;Rp183.490;;PB Cash 24000;https://imgop.itemku.com/?url=https%3A%2F%2Fd1x91p7vw3vuq8.cloudfront.net%2Fitem-type%2F2025421%2Fb3dob9esjt4itkpuscstyj.webp&w=96&q=75;;;
Voucher;Point Blank Beyond Limits;Rp275.563;;PB Cash 36000;https://imgop.itemku.com/?url=https%3A%2F%2Fd1x91p7vw3vuq8.cloudfront.net%2Fitem-type%2F2025421%2F574xaxh6kpcqu9twafqbzq.webp&w=96&q=75;;;
Voucher;Point Blank Beyond Limits;Rp458.700;;PB Cash 60000;https://imgop.itemku.com/?url=https%3A%2F%2Fd1x91p7vw3vuq8.cloudfront.net%2Fitem-type%2F2025421%2Fzviho9dkff05lroo7i5l5e.webp&w=96&q=75;;;
Koin Game;Growtopia;Rp220;;Diamond Lock;https://imgop.itemku.com/?url=https%3A%2F%2Fd1x91p7vw3vuq8.cloudfront.net%2Fitem-type%2F2025626%2Flm1tkoeo53bp25rpd5tz3a.png&w=48&q=75;;;
Koin Game;Growtopia;Rp4;;World Lock;https://imgop.itemku.com/?url=https%3A%2F%2Fd1x91p7vw3vuq8.cloudfront.net%2Fitem-type%2F2025626%2Fsw0ttmps2etryovt685ft.png&w=48&q=75;;;
Koin Game;Growtopia;Rp20.190;;Blue Gem Lock;https://imgop.itemku.com/?url=https%3A%2F%2Fd1x91p7vw3vuq8.cloudfront.net%2Fitem-type%2F2025626%2F56n04xzckwjefsucwsnxjo.png&w=48&q=75;;;
Koin Game;Growtopia;Rp4.179.000;;Royal Lock;https://imgop.itemku.com/?url=https%3A%2F%2Fd1x91p7vw3vuq8.cloudfront.net%2Fitem-type%2F2025626%2Fc54tucowl7eb65zqrjfcp.png&w=48&q=75;;;
Koin Game;Growtopia;Rp1.000;;Bunny Lock;https://imgop.itemku.com/?url=https%3A%2F%2Fd1x91p7vw3vuq8.cloudfront.net%2Fitem-type%2F2025626%2Fb54z9853zc5n5pviub084.png&w=48&q=75;;;
Koin Game;Growtopia;Rp2.799;;Legendary Lock;https://imgop.itemku.com/?url=https%3A%2F%2Fd1x91p7vw3vuq8.cloudfront.net%2Fitem-type%2F2025626%2Fpw9oniy4t8x2gadiq1tff.png&w=48&q=75;;;
Koin Game;Growtopia;Rp1.000;;Builder Lock;https://imgop.itemku.com/?url=https%3A%2F%2Fd1x91p7vw3vuq8.cloudfront.net%2Fitem-type%2F2025626%2F22ksebiykhzhlkr7r27rur.png&w=48&q=75;;;
Koin Game;Roblox;Rp120;;1 Robux;https://imgop.itemku.com/?url=https%3A%2F%2Fd1x91p7vw3vuq8.cloudfront.net%2Fitem-type%2F2025618%2Fxr1gayk11k57c29k7hjz9.png&w=96&q=75;;;
Koin Game;Roblox;Rp12.000;;100 Robux;https://imgop.itemku.com/?url=https%3A%2F%2Fd1x91p7vw3vuq8.cloudfront.net%2Fitem-type%2F2025618%2Fo36s21ul51as2a4oznihw9.png&w=96&q=75;;;
Koin Game;Roblox;Rp65.000;;500 Robux;https://imgop.itemku.com/?url=https%3A%2F%2Fd1x91p7vw3vuq8.cloudfront.net%2Fitem-type%2F2025618%2Fy6wnxkkplb5vjr7sx937m.png&w=96&q=75;;;
Koin Game;Roblox;Rp120.000;;1000 Robux;https://imgop.itemku.com/?url=https%3A%2F%2Fd1x91p7vw3vuq8.cloudfront.net%2Fitem-type%2F2025618%2F601xf5c7qgnlb1felhxzql.png&w=96&q=75;;;
Koin Game;Roblox;Rp188.000;;1500 Robux;https://imgop.itemku.com/?url=https%3A%2F%2Fd1x91p7vw3vuq8.cloudfront.net%2Fitem-type%2F2025618%2F9nv3c8smk5qvyss2rhgz5.png&w=96&q=75;;;
Koin Game;Roblox;Rp240.000;;2000 Robux;https://imgop.itemku.com/?url=https%3A%2F%2Fd1x91p7vw3vuq8.cloudfront.net%2Fitem-type%2F2025618%2Fsvcgeojjg5n5c5zu67s9.png&w=96&q=75;;;
Koin Game;Roblox;Rp383.990;;3000 Robux;https://imgop.itemku.com/?url=https%3A%2F%2Fd1x91p7vw3vuq8.cloudfront.net%2Fitem-type%2F2025618%2Ff0sv5x3ebuxgiu26u6qri.png&w=96&q=75;;;
Koin Game;Roblox;Rp459.600;;4000 Robux;https://imgop.itemku.com/?url=https%3A%2F%2Fd1x91p7vw3vuq8.cloudfront.net%2Fitem-type%2F2025618%2F334ua6q0kt50vt4jbkrkfu.png&w=96&q=75;;;
Koin Game;Roblox;Rp574.500;;5000 Robux;https://imgop.itemku.com/?url=https%3A%2F%2Fd1x91p7vw3vuq8.cloudfront.net%2Fitem-type%2F2025618%2Fxk6o2p4nlaahcq89jen9gt.png&w=96&q=75;;;
Koin Game;Roblox;Rp689.400;;6000 Robux;https://imgop.itemku.com/?url=https%3A%2F%2Fd1x91p7vw3vuq8.cloudfront.net%2Fitem-type%2F2025618%2Fm6wdfddp07si1vrnhurvig.png&w=96&q=75;;;
Koin Game;Roblox;Rp804.300;;7000 Robux;https://imgop.itemku.com/?url=https%3A%2F%2Fd1x91p7vw3vuq8.cloudfront.net%2Fitem-type%2F2025618%2Fcjyjcmtyklwkq3z3fgn7lq.png&w=96&q=75;;;
Koin Game;Roblox;Rp919.200;;8000 Robux;https://imgop.itemku.com/?url=https%3A%2F%2Fd1x91p7vw3vuq8.cloudfront.net%2Fitem-type%2F2025618%2Fvs3m4xxa16cdsd6w58p84.png&w=96&q=75;;;
Koin Game;Roblox;Rp1.034.100;;9000 Robux;https://imgop.itemku.com/?url=https%3A%2F%2Fd1x91p7vw3vuq8.cloudfront.net%2Fitem-type%2F2025618%2Foth7yluko0rukawa2dewse.png&w=96&q=75;;;
Koin Game;Roblox;Rp1.149.000;;10000 Robux;https://imgop.itemku.com/?url=https%3A%2F%2Fd1x91p7vw3vuq8.cloudfront.net%2Fitem-type%2F2025618%2Fvea75m8c7ao81w8z1tj86e.png&w=96&q=75;;;
Koin Game;Grow A Garden;Rp100;;1M Coins;https://imgop.itemku.com/?url=https%3A%2F%2Fd1x91p7vw3vuq8.cloudfront.net%2Fitem-type%2F2026310%2Fgkvflgd8ywok57u3fkx1d.webp&w=96&q=75;;;
Koin Game;Grow A Garden;Rp1.000;;100T Coins;https://imgop.itemku.com/?url=https%3A%2F%2Fd1x91p7vw3vuq8.cloudfront.net%2Fitem-type%2F2026310%2F1eqefynmtq3uclgtxlftjg.webp&w=96&q=75;;;
Koin Game;Grow A Garden;Rp1.000;;1T Coins;https://imgop.itemku.com/?url=https%3A%2F%2Fd1x91p7vw3vuq8.cloudfront.net%2Fitem-type%2F2026310%2F7x1uj6kupdpejr5w0636hr.webp&w=96&q=75;;;
Koin Game;Grow A Garden;Rp2.000;;1Qi Coins;https://imgop.itemku.com/?url=https%3A%2F%2Fd1x91p7vw3vuq8.cloudfront.net%2Fitem-type%2F2026310%2Fghaby1nlp2n7obot5om6ge.webp&w=96&q=75;;;
Koin Game;Grow A Garden;Rp500;;1Q Coins;https://imgop.itemku.com/?url=https%3A%2F%2Fd1x91p7vw3vuq8.cloudfront.net%2Fitem-type%2F2026310%2Ftjzye0vx1ro8h07e0j7ooq.webp&w=96&q=75;;;
Koin Game;Grow A Garden;Rp1.000;;100Qi Coins;https://imgop.itemku.com/?url=https%3A%2F%2Fd1x91p7vw3vuq8.cloudfront.net%2Fitem-type%2F2026310%2Fvho9r8i6wharz00znbib.webp&w=96&q=75;;;
Koin Game;Fisch;Rp116.600;;10K Money;https://imgop.itemku.com/?url=https%3A%2F%2Fd1x91p7vw3vuq8.cloudfront.net%2Fitem-type%2F202635%2F9gmn35jxbhcnzbdojidl3i.jpg&w=96&q=75;;;
Koin Game;Fisch;Rp100;;100K Money;https://imgop.itemku.com/?url=https%3A%2F%2Fd1x91p7vw3vuq8.cloudfront.net%2Fitem-type%2F202635%2Frla8ia98b6ivd8g8xi9yia.jpg&w=96&q=75;;;
Koin Game;Fisch;Rp200;;200K Money;https://imgop.itemku.com/?url=https%3A%2F%2Fd1x91p7vw3vuq8.cloudfront.net%2Fitem-type%2F202635%2Fy1ic22rxyn64yc0gzhnns.jpg&w=96&q=75;;;
Koin Game;Fisch;Rp500;;500K Money;https://imgop.itemku.com/?url=https%3A%2F%2Fd1x91p7vw3vuq8.cloudfront.net%2Fitem-type%2F202635%2F5guhojnxwcjhc5539kutbk.jpg&w=96&q=75;;;
Koin Game;Fisch;Rp50;;1M Money;https://imgop.itemku.com/?url=https%3A%2F%2Fd1x91p7vw3vuq8.cloudfront.net%2Fitem-type%2F202635%2F44dcdllmzh7s6wd7qlwi9.jpg&w=96&q=75;;;
Koin Game;Fisch;Rp2.900;;5M Money;https://imgop.itemku.com/?url=https%3A%2F%2Fd1x91p7vw3vuq8.cloudfront.net%2Fitem-type%2F202635%2Fqooclh2ldflhft1f198ai.jpg&w=96&q=75;;;
Koin Game;Fisch;Rp200;;10M Money;https://imgop.itemku.com/?url=https%3A%2F%2Fd1x91p7vw3vuq8.cloudfront.net%2Fitem-type%2F202635%2Fs0raliggw5lyd67zhascna.jpg&w=96&q=75;;;
Koin Game;Fisch;Rp1.500;;100M Money;https://imgop.itemku.com/?url=https%3A%2F%2Fd1x91p7vw3vuq8.cloudfront.net%2Fitem-info%2F2026430%2F5yytrgoqssjntkhvi6dgrb.jpg&w=96&q=75;;;
Koin Game;Fisch;Rp5.500;;500M Money;https://imgop.itemku.com/?url=https%3A%2F%2Fd1x91p7vw3vuq8.cloudfront.net%2Fitem-info%2F2026430%2Fg2x8dlcj1ewk68u2r3uuwe.jpg&w=96&q=75;;;
Koin Game;Fisch;Rp9.200;;1B Money;https://imgop.itemku.com/?url=https%3A%2F%2Fd1x91p7vw3vuq8.cloudfront.net%2Fitem-info%2F2026430%2Fgjqiymlgritxik3mjsh5b.jpg&w=96&q=75;;;
Koin Game;Fisch;Rp5.000;;C$ 500;https://imgop.itemku.com/?url=https%3A%2F%2Fd1x91p7vw3vuq8.cloudfront.net%2Fitem-type%2F202635%2Fy56h39ay5xsx43skpp7vb.jpg&w=96&q=75;;;
Koin Game;Fisch;Rp25.000;;C$ 2,500;https://imgop.itemku.com/?url=https%3A%2F%2Fd1x91p7vw3vuq8.cloudfront.net%2Fitem-type%2F202635%2Fzk3z4utv7nazqro7atu5l.jpg&w=96&q=75;;;
Koin Game;Fisch;Rp44.000;;C$ 5,000;https://imgop.itemku.com/?url=https%3A%2F%2Fd1x91p7vw3vuq8.cloudfront.net%2Fitem-type%2F202635%2Ftjiebx6z4pjsd6rko2aj1k.jpg&w=96&q=75;;;
Koin Game;Fisch;Rp78.000;;C$ 10,000;https://imgop.itemku.com/?url=https%3A%2F%2Fd1x91p7vw3vuq8.cloudfront.net%2Fitem-type%2F202635%2Fuowhbr5q1st5j0va8gf6p.jpg&w=96&q=75;;;
Koin Game;Seal Online Blades of Destiny;Rp11.300;9173 terjual;Cegel;https://imgop.itemku.com/?url=https%3A%2F%2Fd1x91p7vw3vuq8.cloudfront.net%2F20181128%2F5bfdac150aabe_thumb.jpg&w=1033&q=75;;;
Koin Game;Seal Online Blades of Destiny;Rp11.299;2289 terjual;Cegel;https://imgop.itemku.com/?url=https%3A%2F%2Fd1x91p7vw3vuq8.cloudfront.net%2Fitemku-upload%2F2021730%2Fyc3kqy56isskes9jkt32_thumbnail.jpg&w=1033&q=75;;;
Koin Game;Seal Online Blades of Destiny;Rp11.500;398 terjual;Cegel;https://imgop.itemku.com/?url=https%3A%2F%2Fd1x91p7vw3vuq8.cloudfront.net%2Fitemku-upload%2F2025827%2Fmyres7dc859y60z3nz42i_thumbnail.jpg&w=1033&q=75;;;
Koin Game;Seal Online Blades of Destiny;Rp11.500;384 terjual;Cegel;https://imgop.itemku.com/?url=https%3A%2F%2Fd1x91p7vw3vuq8.cloudfront.net%2Fitemku-upload%2F202542%2Fujkif2rid8kwi9znxylw_thumbnail.jpg&w=1033&q=75;;;
Koin Game;Seal Online Blades of Destiny;Rp123.000;35 terjual;Cegel;https://imgop.itemku.com/?url=https%3A%2F%2Fd1x91p7vw3vuq8.cloudfront.net%2Fitemku-upload%2F202631%2F2yw7rpx0wq5mndhvv7op4s_thumbnail.jpg&w=1033&q=75;;;
Koin Game;Seal Online Blades of Destiny;Rp12.000;26 terjual;Cegel;https://imgop.itemku.com/?url=https%3A%2F%2Fd1x91p7vw3vuq8.cloudfront.net%2Fitemku-upload%2F2026215%2Fac0gr6b2tr98l3d37hu1h9_thumbnail.jpg&w=1033&q=75;;;
Koin Game;Seal Online Blades of Destiny;Rp28.800;15 terjual;Cegel;https://imgop.itemku.com/?url=https%3A%2F%2Fd1x91p7vw3vuq8.cloudfront.net%2Fitemku-upload%2F2023730%2F9x3h853331vaqsheowki3p_thumbnail.jpg&w=1033&q=75;;;
Koin Game;Seal Online Blades of Destiny;Rp12.000;14 terjual;Cegel;https://imgop.itemku.com/?url=https%3A%2F%2Fd1x91p7vw3vuq8.cloudfront.net%2Fitemku-upload%2F2026222%2Fdc2f5a04tcw8o2yk67stnu_thumbnail.jpg&w=1033&q=75;;;
Koin Game;Albion Online;Rp4.000;;Silver;https://imgop.itemku.com/?url=https%3A%2F%2Fd1x91p7vw3vuq8.cloudfront.net%2Fitem-type%2F202598%2F41xk2jlobca5srppg5svvl.png&w=48&q=75;;;
Koin Game;Blade Ball;Rp6.500;1000 Coins;80 terjual;https://imgop.itemku.com/?url=https%3A%2F%2Fd1x91p7vw3vuq8.cloudfront.net%2Fitem-type%2F2024215%2Ffa40p2o4p0n4wmrhrerviq.png&w=1033&q=75;;;
Koin Game;Blade Ball;Rp38.000;8000 Coins;64 terjual;https://imgop.itemku.com/?url=https%3A%2F%2Fd1x91p7vw3vuq8.cloudfront.net%2Fitem-type%2F2024215%2Ffa40p2o4p0n4wmrhrerviq.png&w=1033&q=75;;;
Koin Game;Blade Ball;Rp19.000;3750 Coins;56 terjual;https://imgop.itemku.com/?url=https%3A%2F%2Fd1x91p7vw3vuq8.cloudfront.net%2Fitem-type%2F2024215%2Ffa40p2o4p0n4wmrhrerviq.png&w=1033&q=75;;;
Koin Game;Blade Ball;Rp14.800;3750 Coins;48 terjual;https://imgop.itemku.com/?url=https%3A%2F%2Fd1x91p7vw3vuq8.cloudfront.net%2Fitem-type%2F2024215%2Ffa40p2o4p0n4wmrhrerviq.png&w=1033&q=75;;;
Koin Game;Blade Ball;Rp4.850;1000 Coins;121 terjual;https://imgop.itemku.com/?url=https%3A%2F%2Fd1x91p7vw3vuq8.cloudfront.net%2Fitem-type%2F2024215%2Ffa40p2o4p0n4wmrhrerviq.png&w=1033&q=75;;;
Koin Game;Blade Ball;Rp79.200;24000 Coins;41 terjual;https://imgop.itemku.com/?url=https%3A%2F%2Fd1x91p7vw3vuq8.cloudfront.net%2Fitem-type%2F2024215%2Ffa40p2o4p0n4wmrhrerviq.png&w=1033&q=75;;;
Koin Game;Blade Ball;Rp64.000;14500 Coins;24 terjual;https://imgop.itemku.com/?url=https%3A%2F%2Fd1x91p7vw3vuq8.cloudfront.net%2Fitem-type%2F2024215%2Ffa40p2o4p0n4wmrhrerviq.png&w=1033&q=75;;;
Koin Game;Blade Ball;Rp31.600;8000 Coins;20 terjual;https://imgop.itemku.com/?url=https%3A%2F%2Fd1x91p7vw3vuq8.cloudfront.net%2Fitem-type%2F2024215%2Ffa40p2o4p0n4wmrhrerviq.png&w=1033&q=75;;;
Koin Game;Blade Ball;Rp5.400;1000 Coins;18 terjual;https://imgop.itemku.com/?url=https%3A%2F%2Fd1x91p7vw3vuq8.cloudfront.net%2Fitem-type%2F2024215%2Ffa40p2o4p0n4wmrhrerviq.png&w=1033&q=75;;;
Koin Game;Blade Ball;Rp52.800;14500 Coins;15 terjual;https://imgop.itemku.com/?url=https%3A%2F%2Fd1x91p7vw3vuq8.cloudfront.net%2Fitem-type%2F2024215%2Ffa40p2o4p0n4wmrhrerviq.png&w=1033&q=75;;;
Koin Game;Blade Ball;Rp96.000;24000 Coins;7 terjual;https://imgop.itemku.com/?url=https%3A%2F%2Fd1x91p7vw3vuq8.cloudfront.net%2Fitem-type%2F2024215%2Ffa40p2o4p0n4wmrhrerviq.png&w=1033&q=75;;;
Koin Game;Blade Ball;Rp106.300;24000 Coins;6 terjual;https://imgop.itemku.com/?url=https%3A%2F%2Fd1x91p7vw3vuq8.cloudfront.net%2Fitem-type%2F2024215%2Ffa40p2o4p0n4wmrhrerviq.png&w=1033&q=75;;;
Koin Game;Blade Ball;Rp35.510;8000 Coins;5 terjual;https://imgop.itemku.com/?url=https%3A%2F%2Fd1x91p7vw3vuq8.cloudfront.net%2Fitem-type%2F2024215%2Ffa40p2o4p0n4wmrhrerviq.png&w=1033&q=75;;;
Koin Game;Blade Ball;Rp88.780;24000 Coins;4 terjual;https://imgop.itemku.com/?url=https%3A%2F%2Fd1x91p7vw3vuq8.cloudfront.net%2Fitem-type%2F2024215%2Ffa40p2o4p0n4wmrhrerviq.png&w=1033&q=75;;;
Koin Game;Blade Ball;Rp20.500;3750 Coins;4 terjual;https://imgop.itemku.com/?url=https%3A%2F%2Fd1x91p7vw3vuq8.cloudfront.net%2Fitem-type%2F2024215%2Ffa40p2o4p0n4wmrhrerviq.png&w=1033&q=75;;;
Koin Game;Blade Ball;Rp14.700;3750 Coins;3 terjual;https://imgop.itemku.com/?url=https%3A%2F%2Fd1x91p7vw3vuq8.cloudfront.net%2Fitem-type%2F2024215%2Ffa40p2o4p0n4wmrhrerviq.png&w=1033&q=75;;;
Koin Game;Blade Ball;Rp4.840;1000 Coins;3 terjual;https://imgop.itemku.com/?url=https%3A%2F%2Fd1x91p7vw3vuq8.cloudfront.net%2Fitem-type%2F2024215%2Ffa40p2o4p0n4wmrhrerviq.png&w=1033&q=75;;;
Koin Game;Blade Ball;Rp59.180;14500 Coins;2 terjual;https://imgop.itemku.com/?url=https%3A%2F%2Fd1x91p7vw3vuq8.cloudfront.net%2Fitem-type%2F2024215%2Ffa40p2o4p0n4wmrhrerviq.png&w=1033&q=75;;;
Koin Game;Blade Ball;Rp66.500;14500 Coins;2 terjual;https://imgop.itemku.com/?url=https%3A%2F%2Fd1x91p7vw3vuq8.cloudfront.net%2Fitem-type%2F2024215%2Ffa40p2o4p0n4wmrhrerviq.png&w=1033&q=75;;;
Koin Game;Blade Ball;Rp90.000;24000 Coins;1 terjual;https://imgop.itemku.com/?url=https%3A%2F%2Fd1x91p7vw3vuq8.cloudfront.net%2Fitem-type%2F2024215%2Ffa40p2o4p0n4wmrhrerviq.png&w=1033&q=75;;;
Koin Game;Blade Ball;Rp99.500;24000 Coins;1 terjual;https://imgop.itemku.com/?url=https%3A%2F%2Fd1x91p7vw3vuq8.cloudfront.net%2Fitem-type%2F2024215%2Ffa40p2o4p0n4wmrhrerviq.png&w=1033&q=75;;;
Koin Game;Toram Online;Rp370;;Spina;https://imgop.itemku.com/?url=https%3A%2F%2Fd1x91p7vw3vuq8.cloudfront.net%2Fitem-type%2F2025914%2Fw29e67bgces6wuej925mhr.png&w=48&q=75;;;
Koin Game;Pet Simulator 99!;Rp100;;100,000 Gems;https://imgop.itemku.com/?url=https%3A%2F%2Fd1x91p7vw3vuq8.cloudfront.net%2Fitem-type%2F2026311%2F3bea1v9ouy45l51539enih.jpg&w=96&q=75;;;
Koin Game;Pet Simulator 99!;Rp100;;500,000 Gems;https://imgop.itemku.com/?url=https%3A%2F%2Fd1x91p7vw3vuq8.cloudfront.net%2Fitem-type%2F2026311%2Fbp4nzhvritpuhzh4d4y8q.jpg&w=96&q=75;;;
Koin Game;Pet Simulator 99!;Rp100;;1,000,000 Gems;https://imgop.itemku.com/?url=https%3A%2F%2Fd1x91p7vw3vuq8.cloudfront.net%2Fitem-type%2F2026311%2Fvvuool4c94h8pcxxsfydqw.jpg&w=96&q=75;;;
Koin Game;Pet Simulator 99!;Rp150;;5,000,000 Gems;https://imgop.itemku.com/?url=https%3A%2F%2Fd1x91p7vw3vuq8.cloudfront.net%2Fitem-type%2F2026311%2Frrygr9tn6iorm9kpgwzm0q.jpg&w=96&q=75;;;
Koin Game;Pet Simulator 99!;Rp300;;10,000,000 Gems;https://imgop.itemku.com/?url=https%3A%2F%2Fd1x91p7vw3vuq8.cloudfront.net%2Fitem-type%2F2026311%2Fygi10arzcvilyn5h9rl1q.jpg&w=96&q=75;;;
Koin Game;Pet Simulator 99!;Rp2.800;;100,000,000 Gems;https://imgop.itemku.com/?url=https%3A%2F%2Fd1x91p7vw3vuq8.cloudfront.net%2Fitem-type%2F2026311%2F57lmqyfgtfkq2cm9x1khf.jpg&w=96&q=75;;;
Koin Game;Pet Simulator 99!;Rp26.500;;1,000,000,000 Gems;https://imgop.itemku.com/?url=https%3A%2F%2Fd1x91p7vw3vuq8.cloudfront.net%2Fitem-type%2F2026311%2Ff634jjcp58sjmhdk21i5wr.jpg&w=96&q=75;;;
Koin Game;Pet Simulator 99!;Rp284.043;;10,000,000,000 Gems;https://imgop.itemku.com/?url=https%3A%2F%2Fd1x91p7vw3vuq8.cloudfront.net%2Fitem-type%2F2026311%2F78z5iptbwpbjtc4xmteotp.jpg&w=96&q=75;;;
Koin Game;Dragon Nest Classic Sea;Rp87;;Gold + Geraint;https://imgop.itemku.com/?url=https%3A%2F%2Fd1x91p7vw3vuq8.cloudfront.net%2Fitem-type%2F202596%2F3qrsmw53nzjh4sqpu5qi64.png&w=48&q=75;;;
Koin Game;Dragon Nest Classic Sea;Rp77;;Gold + Argenta;https://imgop.itemku.com/?url=https%3A%2F%2Fd1x91p7vw3vuq8.cloudfront.net%2Fitem-type%2F202596%2F3qrsmw53nzjh4sqpu5qi64.png&w=48&q=75;;;
Item;Dota 2;Rp48.200;1503 terjual;Weather Spring (Weather);https://imgop.itemku.com/?url=https%3A%2F%2Fd1x91p7vw3vuq8.cloudfront.net%2Fitemku-upload%2F2023113%2Fgagrtsfrcrsbtlfuyaka_thumbnail.jpg&w=1033&q=75;;;
Item;Dota 2;Rp368.000;1443 terjual;Exalted Bladeform Legacy (Arcana Juggernaut);https://imgop.itemku.com/?url=https%3A%2F%2Fd1x91p7vw3vuq8.cloudfront.net%2Fitemku-upload%2F2024620%2Fjatvjcohu8df53gn6x5qw_thumbnail.jpg&w=1033&q=75;;;
Item;Dota 2;Rp6.000;1379 terjual;Bindings of the Battleranger (Windranger Set);https://imgop.itemku.com/?url=https%3A%2F%2Fd1x91p7vw3vuq8.cloudfront.net%2Fitemku-upload%2F20251015%2Fu43pvps61ahp4yvqbfgcnj_thumbnail.jpg&w=1033&q=75;;;
Item;Dota 2;Rp409.900;1061 terjual;Exalted Manifold Paradox (Arcana Phantom Assassin);https://imgop.itemku.com/?url=https%3A%2F%2Fd1x91p7vw3vuq8.cloudfront.net%2Fitemku-upload%2F2024610%2Fdhbv4v2zgcdi1fezbms5l_thumbnail.jpg&w=1033&q=75;;;
Item;Dota 2;Rp755.000;;Sylvan Vedette (Immortal Windranger);https://imgop.itemku.com/?url=https%3A%2F%2Fd1x91p7vw3vuq8.cloudfront.net%2Fitemku-upload%2F2026422%2F6hkb5ept3mno6t6hdyws3c_thumbnail.jpg&w=1033&q=75;;;
Item;Dota 2;Rp27.900;983 terjual;Weather Aurora (Weather);https://imgop.itemku.com/?url=https%3A%2F%2Fd1x91p7vw3vuq8.cloudfront.net%2Fitemku-upload%2F2023113%2Fv1u0lsdj879wtlw0gwlpub_thumbnail.jpg&w=1033&q=75;;;
Item;Dota 2;Rp4.990;839 terjual;Smeevil's Penance FULL UNLOCKED (Ward);https://imgop.itemku.com/?url=https%3A%2F%2Fd1x91p7vw3vuq8.cloudfront.net%2Fitemku-upload%2F20170314%2F58c78ac945d55_thumb.jpg&w=1033&q=75;;;
Item;Dota 2;Rp38.500;827 terjual;Mantle of the Whispered Bond (Imo Templar Assassin;https://imgop.itemku.com/?url=https%3A%2F%2Fd1x91p7vw3vuq8.cloudfront.net%2Fitemku-upload%2F2023121%2F70ai6tn2ff4e8pmjmy4l76_thumbnail.jpg&w=1033&q=75;;;
Item;Dota 2;Rp125.500;714 terjual;Genuine Weather Rain (Weather);https://imgop.itemku.com/?url=https%3A%2F%2Fd1x91p7vw3vuq8.cloudfront.net%2Fitemku-upload%2F2023113%2Fkb6luk0dv9p1qewpxwbcp_thumbnail.jpg&w=1033&q=75;;;
Item;Dota 2;Rp27.500;701 terjual;Genuine Weather Harvest (Weather);https://imgop.itemku.com/?url=https%3A%2F%2Fd1x91p7vw3vuq8.cloudfront.net%2Fitemku-upload%2F2023113%2Fezhfctrny7t7kgm80g9qd_thumbnail.jpg&w=1033&q=75;;;
Item;Dota 2;Rp15.500;700 terjual;Blastforge Exhaler (Immortal TI7 Bristleback);https://imgop.itemku.com/?url=https%3A%2F%2Fd1x91p7vw3vuq8.cloudfront.net%2Fitemku-upload%2F2023119%2Fdulmgjd7y3ms6v9rp9w5rl_thumbnail.jpg&w=1033&q=75;;;
Item;Dota 2;Rp2.900;653 terjual;Elemental Ice Infusion (Tiny Set);https://imgop.itemku.com/?url=https%3A%2F%2Fd1x91p7vw3vuq8.cloudfront.net%2Fitemku-upload%2F20170317%2F58cc055b113e9_thumb.jpg&w=1033&q=75;;;
Item;Dota 2;Rp13.000;644 terjual;Scavenging Guttleslug (Immortal TI7 Pudge);https://imgop.itemku.com/?url=https%3A%2F%2Fd1x91p7vw3vuq8.cloudfront.net%2Fitemku-upload%2F202325%2Fl69tdw431ml481zme29l7u_thumbnail.jpg&w=1033&q=75;;;
Item;Dota 2;Rp24.400;633 terjual;Genuine Weather Pestilence (Weather);https://imgop.itemku.com/?url=https%3A%2F%2Fd1x91p7vw3vuq8.cloudfront.net%2Fitemku-upload%2F2023113%2Fs56gtkr2ajzed76ilcp7_thumbnail.jpg&w=1033&q=75;;;
Item;Dota 2;Rp23.500;631 terjual;Black Nihility (Immortal Night Stalker Set);https://imgop.itemku.com/?url=https%3A%2F%2Fd1x91p7vw3vuq8.cloudfront.net%2Fitemku-upload%2F202324%2Fmfdyyf7ke8gwm5xok0k94g_thumbnail.jpg&w=1033&q=75;;;
Item;Dota 2;Rp57.900;625 terjual;Apogee of the Guardian Flame (Immortal TI9 Ember Spirit);https://imgop.itemku.com/?url=https%3A%2F%2Fd1x91p7vw3vuq8.cloudfront.net%2Fitemku-upload%2F2023119%2Fk30008g97wk37c15m1urpa_thumbnail.jpg&w=1033&q=75;;;
Item;Dota 2;Rp77.500;617 terjual;Crux of Perplex (Immortal Rubick);https://imgop.itemku.com/?url=https%3A%2F%2Fd1x91p7vw3vuq8.cloudfront.net%2Fitemku-upload%2F2023122%2Fv3yaz0abm6h1m2bqvbrfkq_thumbnail.jpg&w=1033&q=75;;;
Item;Dota 2;Rp53.900;614 terjual;Hydrakan Latch (Immortal Slark);https://imgop.itemku.com/?url=https%3A%2F%2Fd1x91p7vw3vuq8.cloudfront.net%2Fitemku-upload%2F2023119%2Fuxxwuymfb98g4vtemrri26_thumbnail.jpg&w=1033&q=75;;;
Item;Dota 2;Rp19.100;608 terjual;Inscribed Jewel of Aeons (Immortal Faceless Void);https://imgop.itemku.com/?url=https%3A%2F%2Fd1x91p7vw3vuq8.cloudfront.net%2Fitemku-upload%2F2023119%2F8beoltoc5esb92fzxbv8r4_thumbnail.jpg&w=1033&q=75;;;
Item;Dota 2;Rp8.900;606 terjual;Sanguine Royalty (Queen of Pain Set);https://imgop.itemku.com/?url=https%3A%2F%2Fd1x91p7vw3vuq8.cloudfront.net%2Fitemku-upload%2F20170305%2F58bc3dc65f289_thumb.jpg&w=1033&q=75;;;
Item;Dota 2;Rp6.100;584 terjual;Staff of Gun-Yu (Immortal TI7 Monkey King);https://imgop.itemku.com/?url=https%3A%2F%2Fd1x91p7vw3vuq8.cloudfront.net%2Fitemku-upload%2F2023120%2Flovv9gcl0zhuwz96q5fsm_thumbnail.jpg&w=1033&q=75;;;
Item;Dota 2;Rp62.000;932 terjual;DOTA PLUS 1 BULAN (Dota);https://imgop.itemku.com/?url=https%3A%2F%2Fd1x91p7vw3vuq8.cloudfront.net%2Fitemku-upload%2F202467%2F0t7gxag16p15sbguh3eifj_thumbnail.jpg&w=1033&q=75;;;
Item;Dota 2;Rp349.000;75 terjual;DOTA PLUS 6 BULAN (Dota);https://imgop.itemku.com/?url=https%3A%2F%2Fd1x91p7vw3vuq8.cloudfront.net%2Fitemku-upload%2F202467%2Ft64m1lhb3sihmgufdi6dq_thumbnail.jpg&w=1033&q=75;;;
Item;Dota 2;Rp95.000;43 terjual;Fowl Omen;https://imgop.itemku.com/?url=https%3A%2F%2Fd1x91p7vw3vuq8.cloudfront.net%2F20190813%2F5d528cfd55e47_thumb.jpg&w=1033&q=75;;;
Item;Dota 2;Rp90.000;41 terjual;Velveteen Vanquisher (Pudge Set) Collector Cache 2024 Crownfall Dan Persona;https://imgop.itemku.com/?url=https%3A%2F%2Fd1x91p7vw3vuq8.cloudfront.net%2Fitemku-upload%2F20241219%2Fuslygptz7rrbc3bpeaxzz_thumbnail.jpg&w=1033&q=75;;;
Item;Dota 2;Rp126.000;5 terjual;Rose of Moira (Bundle Muerta Winter 2024 Heroes Hoard);https://imgop.itemku.com/?url=https%3A%2F%2Fd1x91p7vw3vuq8.cloudfront.net%2Fitemku-upload%2F2025216%2Fmrvwt7vph38vyznidbvtm_thumbnail.jpg&w=1033&q=75;;;
Item;Dota 2;Rp68.600;1 terjual;Faithful Fortune (Bundle Marci Crownfall Act III and Collector's Cache);https://imgop.itemku.com/?url=https%3A%2F%2Fd1x91p7vw3vuq8.cloudfront.net%2Fitemku-upload%2F2024928%2Fidc37k0guusjwf8bexsfp_thumbnail.jpg&w=1033&q=75;;;
Item;Dota 2;Rp68.600;1 terjual;Mecha Nyx (Bundle Nyx AssassinCrownfall Act III and Collector's Cache);https://imgop.itemku.com/?url=https%3A%2F%2Fd1x91p7vw3vuq8.cloudfront.net%2Fitemku-upload%2F2024928%2F3ziat7yvi2baua3o5plrxg_thumbnail.jpg&w=1033&q=75;;;
Item;Dota 2;Rp20.000;40 terjual;Dread of Night ( Night stalker set);https://imgop.itemku.com/?url=https%3A%2F%2Fd1x91p7vw3vuq8.cloudfront.net%2Fitemku-upload%2F2024714%2Fdp39bpafrmm7lh5ueqygpn_thumbnail.jpg&w=1033&q=75;;;
Item;Dota 2;Rp35.000;38 terjual;Darkblade Adept (Bundle Templar Assassin Collector's Cache);https://imgop.itemku.com/?url=https%3A%2F%2Fd1x91p7vw3vuq8.cloudfront.net%2Fitemku-upload%2F2024710%2F58li83hkjdlyf7luh59th_thumbnail.jpg&w=1033&q=75;;;
Item;Dota 2;Rp250.000;36 terjual;Souls Tyrant;https://imgop.itemku.com/?url=https%3A%2F%2Fd1x91p7vw3vuq8.cloudfront.net%2F20190813%2F5d528a6326e27_thumb.jpg&w=1033&q=75;;;
Item;Dota 2;Rp13.000;36 terjual;Foreseen Horizons (Oracle Set);https://imgop.itemku.com/?url=https%3A%2F%2Fd1x91p7vw3vuq8.cloudfront.net%2Fitemku-upload%2F20241219%2F1954a9rn2mha0d8evh230f_thumbnail.jpg&w=1033&q=75;;;
Item;Dota 2;Rp75.000;33 terjual;Chrononaut Continuum (Faceless Void Set) Collector Cosmic 2025 Heroes Hoard;https://imgop.itemku.com/?url=https%3A%2F%2Fd1x91p7vw3vuq8.cloudfront.net%2Fitemku-upload%2F2025917%2Furax290ipwmlmy9z0keum_thumbnail.jpg&w=1033&q=75;;;
Item;Dota 2;Rp185.000;33 terjual;Endless Night (Abaddon Set);https://imgop.itemku.com/?url=https%3A%2F%2Fd1x91p7vw3vuq8.cloudfront.net%2Fitemku-upload%2F2023117%2Fzpbw4h9jq2k1zuckhjvz3yj_thumbnail.jpg&w=1033&q=75;;;
Item;Dota 2;Rp35.000;33 terjual;Faithful Fortune (Marci set);https://imgop.itemku.com/?url=https%3A%2F%2Fd1x91p7vw3vuq8.cloudfront.net%2Fitemku-upload%2F2024714%2Fy18dupqu0i6ps2hyr3i4_thumbnail.jpg&w=1033&q=75;;;
Item;Dota 2;Rp90.000;33 terjual;Velveteen Vanquisher + Persona pudge (Pudge set);https://imgop.itemku.com/?url=https%3A%2F%2Fd1x91p7vw3vuq8.cloudfront.net%2Fitemku-upload%2F20241219%2Fskusiq36ymcx59m6ei1ca_thumbnail.jpg&w=1033&q=75;;;
Item;Dota 2;Rp198.000;32 terjual;Spoils of the Shadowveil (Spectre 2022);https://imgop.itemku.com/?url=https%3A%2F%2Fd1x91p7vw3vuq8.cloudfront.net%2Fitemku-upload%2F2024114%2Ftae4ambna5qalrzv9dqrf_thumbnail.jpg&w=1033&q=75;;;
Item;Dota 2;Rp149.000;31 terjual;Proselyte of the Sakura Clan (Anti-Mage Set) Collector Cache 2024 Crownfall Dan Persona;https://imgop.itemku.com/?url=https%3A%2F%2Fd1x91p7vw3vuq8.cloudfront.net%2Fitemku-upload%2F2024710%2Fw8gbsnbn9qc960oyx9ycsf_thumbnail.jpg&w=1033&q=75;;;
Item;Dota 2;Rp3.900;31 terjual;IMMORTAL RANDOM;https://imgop.itemku.com/?url=https%3A%2F%2Fd1x91p7vw3vuq8.cloudfront.net%2Fitemku-upload%2F2022823%2Fuiq0yfzzfoasrgy5xt1x4d_thumbnail.jpg&w=1033&q=75;;;
Item;Dota 2;Rp179.000;30 terjual;Urchin of Kazim (Invoker Set) Spring 2025 Heroes Hoard Include Persona;https://imgop.itemku.com/?url=https%3A%2F%2Fd1x91p7vw3vuq8.cloudfront.net%2Fitemku-upload%2F2025523%2Fkgya2vh7r9j664hpo5hmo_thumbnail.jpg&w=1033&q=75;;;
Item;Dota 2;Rp240.000;29 terjual;Starlorn Adjudicator (Dawnbreaker Set) Collector Cache TI11;https://imgop.itemku.com/?url=https%3A%2F%2Fd1x91p7vw3vuq8.cloudfront.net%2Fitemku-upload%2F2023123%2Fmzvojlrtxlfz4azc7qu11_thumbnail.jpg&w=1033&q=75;;;
Item;Dota 2;Rp655.000;28 terjual;DOTA PLUS 12 BULAN (Dota);https://imgop.itemku.com/?url=https%3A%2F%2Fd1x91p7vw3vuq8.cloudfront.net%2Fitemku-upload%2F202467%2F7j13hnp9qe8i1fp421ck3_thumbnail.jpg&w=1033&q=75;;;
Item;Dota 2;Rp59.000;27 terjual;Ardalan Arms Race (Snapfire Set) Collector Cache 2024 Crownfall;https://imgop.itemku.com/?url=https%3A%2F%2Fd1x91p7vw3vuq8.cloudfront.net%2Fitemku-upload%2F2024710%2Fsne47o6m98ypw2vkeod5s_thumbnail.jpg&w=1033&q=75;;;
Item;Dota 2;Rp240.000;27 terjual;Blue Horizons (Marci Set) Collector Cache TI11;https://imgop.itemku.com/?url=https%3A%2F%2Fd1x91p7vw3vuq8.cloudfront.net%2Fitemku-upload%2F2023123%2Fuemab74wo384d9dhbyfkl_thumbnail.jpg&w=1033&q=75;;;
Item;Dota 2;Rp9.500;143 terjual;INFUSED Blade of Prismatic Grace (Naga Siren);https://imgop.itemku.com/?url=https%3A%2F%2Fd1x91p7vw3vuq8.cloudfront.net%2Fitemku-upload%2F20211019%2Fv8y74wr0jplfd6dgcetfv7_thumbnail.png&w=1033&q=75;;;
Item;Dota 2;Rp16.000;62 terjual;Kinetic: Trapper's Treachery (Gem) Pudge Kinetic;https://imgop.itemku.com/?url=https%3A%2F%2Fd1x91p7vw3vuq8.cloudfront.net%2Fitemku-upload%2F20211019%2Farl113vgx4iply7qr1tae_thumbnail.png&w=1033&q=75;;;
Item;Dota 2;Rp11.000;55 terjual;Kinetic: Bladekeeper's Bladefury (Gem) Juggernaut;https://imgop.itemku.com/?url=https%3A%2F%2Fd1x91p7vw3vuq8.cloudfront.net%2Fitemku-upload%2F20211019%2Fqot8ptl8loc3kl7x5qa6ck_thumbnail.png&w=1033&q=75;;;
Item;Dota 2;Rp44.000;55 terjual;Spirit of Calm (Lone Druid);https://imgop.itemku.com/?url=https%3A%2F%2Fd1x91p7vw3vuq8.cloudfront.net%2Fweb%2F20200627%2Fb7b56b3c23a53e4683813005aed9eab9c65839d8758fc8cb8e430be77056dc47_thumb.jpg&w=1033&q=75;;;
Item;Dota 2;Rp13.000;49 terjual;Kinetic: Bladekeeper's Omnislash (Gem) Juggernaut;https://imgop.itemku.com/?url=https%3A%2F%2Fd1x91p7vw3vuq8.cloudfront.net%2Fitemku-upload%2F20211019%2Fm5tiy5ed3eekefkz2g19_thumbnail.png&w=1033&q=75;;;
Item;Dota 2;Rp16.000;47 terjual;Kinetic: Bladekeeper's Blade Dance (Gem) Juggernaut;https://imgop.itemku.com/?url=https%3A%2F%2Fd1x91p7vw3vuq8.cloudfront.net%2Fitemku-upload%2F20211019%2F3vgz1hlp79ekc5t8v2a6h_thumbnail.png&w=1033&q=75;;;
Item;Dota 2;Rp10.000;33 terjual;Kinetic: Torrent of the Divine Anchor (Kunkka Gem);https://imgop.itemku.com/?url=https%3A%2F%2Fd1x91p7vw3vuq8.cloudfront.net%2Fitemku-upload%2F20211019%2F351ij94byslt6g8ee8uw0k_thumbnail.png&w=1033&q=75;;;
Item;Dota 2;Rp12.000;29 terjual;Kinetic: Mark of the Divine Anchor (Gem) Kunkka;https://imgop.itemku.com/?url=https%3A%2F%2Fd1x91p7vw3vuq8.cloudfront.net%2Fitemku-upload%2F20211019%2F3fpr74tn191jts6c75v5y8_thumbnail.png&w=1033&q=75;;;
Item;Dota 2;Rp9.500;23 terjual;Kinetic: Tidebringer of the Divine Anchor (Kunkka);https://imgop.itemku.com/?url=https%3A%2F%2Fd1x91p7vw3vuq8.cloudfront.net%2Fitemku-upload%2F20211019%2F15hu91jhl07fmlqmrekhr7_thumbnail.png&w=1033&q=75;;;
Item;Dota 2;Rp264.900;22 terjual;The King's New Journey (Terrain);https://imgop.itemku.com/?url=https%3A%2F%2Fd1x91p7vw3vuq8.cloudfront.net%2Fitemku-upload%2F2021727%2Fgebikyleoes6urys07n7a_thumbnail.jpg&w=1033&q=75;;;
Item;Dota 2;Rp25.000;21 terjual;Kinetic: Crow's Feet (Pudge Taunt);https://imgop.itemku.com/?url=https%3A%2F%2Fd1x91p7vw3vuq8.cloudfront.net%2Fitemku-upload%2F20211019%2Fpbyu6usv53lkts0r3tt5_thumbnail.png&w=1033&q=75;;;
Item;Dota 2;Rp2.500;19 terjual;Kraken Shell (Tidehunter);https://imgop.itemku.com/?url=https%3A%2F%2Fd1x91p7vw3vuq8.cloudfront.net%2Fitemku-upload%2F20211121%2F35funrr6u0oatq0onul3dg_thumbnail.png&w=1033&q=75;;;
Item;Dota 2;Rp2.067.000;16 terjual;Disciple of the Wyrmwrought Flame (Immortal Lina);https://imgop.itemku.com/?url=https%3A%2F%2Fd1x91p7vw3vuq8.cloudfront.net%2Fitemku-upload%2F2021726%2Fhh1rv3jcfse5lu3g0xof5p_thumbnail.jpg&w=1033&q=75;;;
Item;Dota 2;Rp458.500;9 terjual;Concord Reversion (Phantom Lancer Set Diretide 2020);https://imgop.itemku.com/?url=https%3A%2F%2Fd1x91p7vw3vuq8.cloudfront.net%2Fitemku-upload%2F20231229%2Fa2iqvcfm53t9vxdtgh0m_thumbnail.jpg&w=1033&q=75;;;
Item;Dota 2;Rp543.000;8 terjual;Avowance of the Veiled Ones (Phantom Assassin Set Diretide 2020);https://imgop.itemku.com/?url=https%3A%2F%2Fd1x91p7vw3vuq8.cloudfront.net%2Fitemku-upload%2F2021725%2Fc7dnp2egknn1hiw6j4ee0d_thumbnail.jpg&w=1033&q=75;;;
Item;Dota 2;Rp700;6 terjual;Form of the Great Grey (Lycan Form);https://imgop.itemku.com/?url=https%3A%2F%2Fd1x91p7vw3vuq8.cloudfront.net%2Fitemku-upload%2F202139%2F6ijjcybxbmu458feglyzz2_thumbnail.png&w=1033&q=75;;;
Item;Dota 2;Rp191.800;6 terjual;Hidden Vector (Void Spirit Set Nemestice 2021);https://imgop.itemku.com/?url=https%3A%2F%2Fd1x91p7vw3vuq8.cloudfront.net%2Fitemku-upload%2F2021724%2F2xypummirmmxtwgq0owpj9_thumbnail.png&w=1033&q=75;;;
Item;Dota 2;Rp1.156.000;5 terjual;Axia of Metira (Immortal Mirana);https://imgop.itemku.com/?url=https%3A%2F%2Fd1x91p7vw3vuq8.cloudfront.net%2Fitemku-upload%2F2021725%2Fdibryrltgbdy7peos5u5_thumbnail.jpg&w=1033&q=75;;;
Item;Dota 2;Rp940.000;4 terjual;Fractal Horns of Inner Abysm (Arcana Terrorblade) Vermillion Renewal;https://imgop.itemku.com/?url=https%3A%2F%2Fd1x91p7vw3vuq8.cloudfront.net%2Fitemku-upload%2F202211%2Fcwzqonz160406q98d7gvyqo_thumbnail.jpg&w=1033&q=75;;;
Item;Dota 2;Rp8.000;4 terjual;The Pirate's Booty (Tidehunter Set);https://imgop.itemku.com/?url=https%3A%2F%2Fd1x91p7vw3vuq8.cloudfront.net%2Fweb%2F20200812%2Fb9ea1b69307dda85efecafa794088988caf8ba2d1f27f69e0529686c885a8b2b_thumb.jpg&w=1033&q=75;;;
Item;Dota 2;Rp32.800;91 terjual;10 IMMORTAL RANDOM;https://imgop.itemku.com/?url=https%3A%2F%2Fd1x91p7vw3vuq8.cloudfront.net%2Fitemku-upload%2F2023130%2F1a7cxt2zlhqgr7puf9omz_thumbnail.jpg&w=1033&q=75;;;
Item;Dota 2;Rp14.900;76 terjual;Paket 3 Immortal RANDOM;https://imgop.itemku.com/?url=https%3A%2F%2Fd1x91p7vw3vuq8.cloudfront.net%2Fitemku-upload%2F2023129%2Fouzkxhd2f6dey9t2g5c9ng_thumbnail.jpg&w=1033&q=75;;;
Item;Dota 2;Rp55.000;3 terjual;PAKET ALL IN;https://imgop.itemku.com/?url=https%3A%2F%2Fd1x91p7vw3vuq8.cloudfront.net%2Fitemku-upload%2F2025611%2F7fobbbepfkbii3j8o1zch_thumbnail.jpg&w=1033&q=75;;;
Item;Dota 2;Rp550.000;1 terjual;Paket Arcana Legion Commander (LC);https://imgop.itemku.com/?url=https%3A%2F%2Fd1x91p7vw3vuq8.cloudfront.net%2F20180502%2F5ae98774bc96e_thumb.jpg&w=1033&q=75;;;
Item;Dota 2;Rp10.000;;Paket Gem;https://imgop.itemku.com/?url=https%3A%2F%2Fd1x91p7vw3vuq8.cloudfront.net%2Fitemku-upload%2F2025618%2Fh6ihe0zka2k2z9dyo7x9yo_thumbnail.jpg&w=1033&q=75;;;
Item;Dota 2;Rp5.000;78 terjual;Item Batch;https://imgop.itemku.com/?url=https%3A%2F%2Fd1x91p7vw3vuq8.cloudfront.net%2F20170804%2F5983ceace015a_thumb.jpg&w=1033&q=75;;;
Item;Dota 2;Rp500;30 terjual;Item Batch;https://imgop.itemku.com/?url=https%3A%2F%2Fd1x91p7vw3vuq8.cloudfront.net%2Fitemku-upload%2F202162%2Fejq7yiiw3nl7gm47bmv2cr_thumbnail.jpg&w=1033&q=75;;;
Item;Dota 2;Rp500;15 terjual;Item Batch;https://imgop.itemku.com/?url=https%3A%2F%2Fd1x91p7vw3vuq8.cloudfront.net%2Fitemku-upload%2F2024317%2F8i4pdvzug2tatwwk7pj1x9_thumbnail.jpg&w=1033&q=75;;;
Item;Dota 2;Rp300;3 terjual;Item Batch;https://imgop.itemku.com/?url=https%3A%2F%2Fd1x91p7vw3vuq8.cloudfront.net%2Fitemku-upload%2F202513%2Fjev5honx1g7az3d5jm787_thumbnail.jpg&w=1033&q=75;;;
Item;Dota 2;Rp499;1 terjual;Item Batch;https://imgop.itemku.com/?url=https%3A%2F%2Fd1x91p7vw3vuq8.cloudfront.net%2Fitemku-upload%2F2026117%2Frs1sudqtlf54m2wkqromn_thumbnail.jpg&w=1033&q=75;;;
Item;Dota 2;Rp32.800;91 terjual;10 IMMORTAL RANDOM;https://imgop.itemku.com/?url=https%3A%2F%2Fd1x91p7vw3vuq8.cloudfront.net%2Fitemku-upload%2F2023130%2F1a7cxt2zlhqgr7puf9omz_thumbnail.jpg&w=1033&q=75;;;
Item;Dota 2;Rp14.900;76 terjual;Paket 3 Immortal RANDOM;https://imgop.itemku.com/?url=https%3A%2F%2Fd1x91p7vw3vuq8.cloudfront.net%2Fitemku-upload%2F2023129%2Fouzkxhd2f6dey9t2g5c9ng_thumbnail.jpg&w=1033&q=75;;;
Item;Dota 2;Rp55.000;3 terjual;PAKET ALL IN;https://imgop.itemku.com/?url=https%3A%2F%2Fd1x91p7vw3vuq8.cloudfront.net%2Fitemku-upload%2F2025611%2F7fobbbepfkbii3j8o1zch_thumbnail.jpg&w=1033&q=75;;;
Item;Dota 2;Rp550.000;1 terjual;Paket Arcana Legion Commander (LC);https://imgop.itemku.com/?url=https%3A%2F%2Fd1x91p7vw3vuq8.cloudfront.net%2F20180502%2F5ae98774bc96e_thumb.jpg&w=1033&q=75;;;
Item;Dota 2;Rp10.000;;Paket Gem;https://imgop.itemku.com/?url=https%3A%2F%2Fd1x91p7vw3vuq8.cloudfront.net%2Fitemku-upload%2F2025618%2Fh6ihe0zka2k2z9dyo7x9yo_thumbnail.jpg&w=1033&q=75;;;
Item;Dota 2;Rp170.000;48 terjual;[TBD] [RANK] [HIGH BEHAVIOR];https://imgop.itemku.com/?url=https%3A%2F%2Fd1x91p7vw3vuq8.cloudfront.net%2Fitem-type%2F2025930%2Fofxitf8jxnbv05i1zt4u9.webp&w=1033&q=75;;;
Item;Dota 2;Rp175.000;9 terjual;[RANKED [FIRST EMAIL] [TBD] [10K++ BEHAVIOR];https://imgop.itemku.com/?url=https%3A%2F%2Fd1x91p7vw3vuq8.cloudfront.net%2Fitem-type%2F2025930%2Fofxitf8jxnbv05i1zt4u9.webp&w=1033&q=75;;;
Item;Dota 2;Rp155.000;9 terjual;[ARCANA JUGGERNAUT] [TBD] [FRESH ACCOUNT];https://imgop.itemku.com/?url=https%3A%2F%2Fd1x91p7vw3vuq8.cloudfront.net%2Fitem-type%2F2025930%2Fofxitf8jxnbv05i1zt4u9.webp&w=1033&q=75;;;
Item;Dota 2;Rp235.000;9 terjual;[TBD] [EX ARCHON] [8000+ BEHAVIOR];https://imgop.itemku.com/?url=https%3A%2F%2Fd1x91p7vw3vuq8.cloudfront.net%2Fitem-type%2F2025930%2Fofxitf8jxnbv05i1zt4u9.webp&w=1033&q=75;;;
Item;Dota 2;Rp3.500.000;;ID Dota 2 Premium Limited;https://imgop.itemku.com/?url=https%3A%2F%2Fd1x91p7vw3vuq8.cloudfront.net%2Fitem-type%2F2025930%2Fofxitf8jxnbv05i1zt4u9.webp&w=1033&q=75;;;
Item;Dota 2;Rp300.000;8 terjual;[TBD] [EX LEGEND] [10++ BEHAVIOR];https://imgop.itemku.com/?url=https%3A%2F%2Fd1x91p7vw3vuq8.cloudfront.net%2Fitem-type%2F2025930%2Fofxitf8jxnbv05i1zt4u9.webp&w=1033&q=75;;;
Item;Dota 2;Rp295.000;8 terjual;[TBD] [EX ANCIENT] [10K++ BEHAVIOR];https://imgop.itemku.com/?url=https%3A%2F%2Fd1x91p7vw3vuq8.cloudfront.net%2Fitem-type%2F2025930%2Fofxitf8jxnbv05i1zt4u9.webp&w=1033&q=75;;;
Item;Dota 2;Rp140.000;7 terjual;[ARCANA CM] [TBD] [FRESH ACCOUNT];https://imgop.itemku.com/?url=https%3A%2F%2Fd1x91p7vw3vuq8.cloudfront.net%2Fitem-type%2F2025930%2Fofxitf8jxnbv05i1zt4u9.webp&w=1033&q=75;;;
Item;Dota 2;Rp140.000;5 terjual;[ARCANA ZEUZ] [TBD] [FRESH ACCOUNT];https://imgop.itemku.com/?url=https%3A%2F%2Fd1x91p7vw3vuq8.cloudfront.net%2Fitem-type%2F2025930%2Fofxitf8jxnbv05i1zt4u9.webp&w=1033&q=75;;;
Item;Dota 2;Rp200.000;4 terjual;[ARCHON] [FIRST EMAIL] [TBD] [10K++ BEHAVIOR];https://imgop.itemku.com/?url=https%3A%2F%2Fd1x91p7vw3vuq8.cloudfront.net%2Fitem-type%2F2025930%2Fofxitf8jxnbv05i1zt4u9.webp&w=1033&q=75;;;
Item;Dota 2;Rp140.000;4 terjual;[ARCANA OGRE] [TBD] [FRESH ACCOUNT];https://imgop.itemku.com/?url=https%3A%2F%2Fd1x91p7vw3vuq8.cloudfront.net%2Fitem-type%2F2025930%2Fofxitf8jxnbv05i1zt4u9.webp&w=1033&q=75;;;
Item;Dota 2;Rp170.000;3 terjual;[FIRST EMAIL] [GUARDIAN] [TBD] [10K++ BEHAVIOR];https://imgop.itemku.com/?url=https%3A%2F%2Fd1x91p7vw3vuq8.cloudfront.net%2Fitem-type%2F2025930%2Fofxitf8jxnbv05i1zt4u9.webp&w=1033&q=75;;;
Item;Dota 2;Rp140.000;3 terjual;[ARCANA LC] [TBD] [FRESH ACCOUNT];https://imgop.itemku.com/?url=https%3A%2F%2Fd1x91p7vw3vuq8.cloudfront.net%2Fitem-type%2F2025930%2Fofxitf8jxnbv05i1zt4u9.webp&w=1033&q=75;;;
Item;Dota 2;Rp200.000;3 terjual;[TBD] [EX CRUSSADER] [5000+ BEHAVIOR];https://imgop.itemku.com/?url=https%3A%2F%2Fd1x91p7vw3vuq8.cloudfront.net%2Fitem-type%2F2025930%2Fofxitf8jxnbv05i1zt4u9.webp&w=1033&q=75;;;
Item;Dota 2;Rp250.000;3 terjual;[TBD] [EX LEGEND] [MIDDLE BEHAVIOR];https://imgop.itemku.com/?url=https%3A%2F%2Fd1x91p7vw3vuq8.cloudfront.net%2Fitem-type%2F2025930%2Fofxitf8jxnbv05i1zt4u9.webp&w=1033&q=75;;;
Item;Dota 2;Rp150.000;2 terjual;[TBD] [EX CRUSSADER] [7000+ BEHAVIOR];https://imgop.itemku.com/?url=https%3A%2F%2Fd1x91p7vw3vuq8.cloudfront.net%2Fitem-type%2F2025930%2Fofxitf8jxnbv05i1zt4u9.webp&w=1033&q=75;;;
Item;Dota 2;Rp310.000;1 terjual;[FIRST EMAIL] [LEGEND] [TBD] [10K++ BEHAVIOR];https://imgop.itemku.com/?url=https%3A%2F%2Fd1x91p7vw3vuq8.cloudfront.net%2Fitem-type%2F2025930%2Fofxitf8jxnbv05i1zt4u9.webp&w=1033&q=75;;;
Item;Dota 2;Rp285.000;1 terjual;[TBD] [ANCIENT] [8k++ BEHAVIOR];https://imgop.itemku.com/?url=https%3A%2F%2Fd1x91p7vw3vuq8.cloudfront.net%2Fitem-type%2F2025930%2Fofxitf8jxnbv05i1zt4u9.webp&w=1033&q=75;;;
Item;Dota 2;Rp380.000;;[ARCANA PA] [TBD] [CRUSSADER] [10K++ BEHAVIOR];https://imgop.itemku.com/?url=https%3A%2F%2Fd1x91p7vw3vuq8.cloudfront.net%2Fitem-type%2F2025930%2Fofxitf8jxnbv05i1zt4u9.webp&w=1033&q=75;;;
Item;Dota 2;Rp380.000;;[ARCANA PA [TBD] [HERALD] [10K++ BEHAVIOR];https://imgop.itemku.com/?url=https%3A%2F%2Fd1x91p7vw3vuq8.cloudfront.net%2Fitem-type%2F2025930%2Fofxitf8jxnbv05i1zt4u9.webp&w=1033&q=75;;;
Item;Dota 2;Rp350.000;;[ARCANA TB] [FIRST EMAIL] [HERALD] [TBD] [10K++ BEHAVIOR];https://imgop.itemku.com/?url=https%3A%2F%2Fd1x91p7vw3vuq8.cloudfront.net%2Fitem-type%2F2025930%2Fofxitf8jxnbv05i1zt4u9.webp&w=1033&q=75;;;
Item;Dota 2;IDR 1.093.593;197 terjual;[Calibration] 4000-5000 MMR (Previous Season MMR) | [Price for FULL CALIBRATION] [SAFE+FAST] Chat With Us;https://imgop.itemku.com/?url=https%3A%2F%2Ffiles.itemku.com%2Fillustration%2Fitemku%2Forder%2Fproduct%2Fno-product-image-1080px.png&w=1033&q=75;;;
Item;Dota 2;IDR 90.966;197 terjual;[Party Boosting] 1-2000 MMR Boost | Price Per 1 Win [SAFE+FAST] Chat With Us;https://imgop.itemku.com/?url=https%3A%2F%2Ffiles.itemku.com%2Fillustration%2Fitemku%2Forder%2Fproduct%2Fno-product-image-1080px.png&w=1033&q=75;;;
Item;Dota 2;IDR 273.262;193 terjual;[Party Boosting] 5500-6000 MMR Boost | Price Per 1 Win [SAFE+FAST] Chat With Us;https://imgop.itemku.com/?url=https%3A%2F%2Ffiles.itemku.com%2Fillustration%2Fitemku%2Forder%2Fproduct%2Fno-product-image-1080px.png&w=1033&q=75;;;
Item;Dota 2;IDR 346.180;189 terjual;[Party Boosting] 6500-7000 MMR Boost | Price Per 1 Win [SAFE+FAST] Chat With Us;https://imgop.itemku.com/?url=https%3A%2F%2Ffiles.itemku.com%2Fillustration%2Fitemku%2Forder%2Fproduct%2Fno-product-image-1080px.png&w=1033&q=75;;;
Item;Dota 2;Rp45.000;;teman boost mmr;https://imgop.itemku.com/?url=https%3A%2F%2Fd1x91p7vw3vuq8.cloudfront.net%2Fitemku-upload%2F2026514%2Fm9to9d7rz4e8y69g4j1l8_thumbnail.jpg&w=1033&q=75;;;
Item;Dota 2;Rp50.000;1 terjual;Joki MMR Dota 2 & Jasa mabar;https://imgop.itemku.com/?url=https%3A%2F%2Fd1x91p7vw3vuq8.cloudfront.net%2Fitemku-upload%2F2026323%2Fc2f7bxlhu7lvdmzr9lua2_thumbnail.jpg&w=1033&q=75;;;
Item;Dota 2;Rp730.000;;boost mmr 500 dota 2;https://imgop.itemku.com/?url=https%3A%2F%2Fd1x91p7vw3vuq8.cloudfront.net%2Fitemku-upload%2F2026514%2Fkipuhrzjmhc6ubyzl5h8xa_thumbnail.jpg&w=1033&q=75;;;
Item;Dota 2;Rp60.000;;boost mmr;https://imgop.itemku.com/?url=https%3A%2F%2Fd1x91p7vw3vuq8.cloudfront.net%2Fitemku-upload%2F202654%2Ffhyjwytbxnrmdvj9qvidj8_thumbnail.jpg&w=1033&q=75;;;
Item;Dota 2;Rp145.655;188 terjual;[Party Boosting] 3500-4000 MMR Boost | Price Per 1 Win [SAFE+FAST] Chat With Us;https://imgop.itemku.com/?url=https%3A%2F%2Ffiles.itemku.com%2Fillustration%2Fitemku%2Forder%2Fproduct%2Fno-product-image-1080px.png&w=1033&q=75;;;
Item;Dota 2;Rp729.001;186 terjual;[Calibration] 2000-3000 MMR (Previous Season MMR) | [Price for FULL CALIBRATION] [SAFE+FAST] Chat With Us;https://imgop.itemku.com/?url=https%3A%2F%2Ffiles.itemku.com%2Fillustration%2Fitemku%2Forder%2Fproduct%2Fno-product-image-1080px.png&w=1033&q=75;;;
Item;Dota 2;Rp1.367.036;176 terjual;[Hours Boosting to Unlock Calibration] Price For 30 Hours [SAFE+FAST] Chat With Us;https://imgop.itemku.com/?url=https%3A%2F%2Ffiles.itemku.com%2Fillustration%2Fitemku%2Forder%2Fproduct%2Fno-product-image-1080px.png&w=1033&q=75;;;
Item;Dota 2;Rp78.205;163 terjual;[SOLO Boosting] 2000-3000 MMR Boost | Price Per 1 Win [SAFE+FAST] Chat With Us;https://imgop.itemku.com/?url=https%3A%2F%2Ffiles.itemku.com%2Fillustration%2Fitemku%2Forder%2Fproduct%2Fno-product-image-1080px.png&w=1033&q=75;;;
Item;Dota 2;Rp3.645.733;157 terjual;[Hours Boosting to Unlock Calibration] Price For 80 Hours [SAFE+FAST] Chat With Us;https://imgop.itemku.com/?url=https%3A%2F%2Ffiles.itemku.com%2Fillustration%2Fitemku%2Forder%2Fproduct%2Fno-product-image-1080px.png&w=1033&q=75;;;
Item;Dota 2;Rp455.558;156 terjual;[Hours Boosting to Unlock Calibration] Price For 10 Hours [SAFE+FAST] Chat With Us;https://imgop.itemku.com/?url=https%3A%2F%2Ffiles.itemku.com%2Fillustration%2Fitemku%2Forder%2Fproduct%2Fno-product-image-1080px.png&w=1033&q=75;;;
Item;Dota 2;Rp1.822.775;146 terjual;[Hours Boosting to Unlock Calibration] Price For 40 Hours [SAFE+FAST] Chat With Us;https://imgop.itemku.com/?url=https%3A%2F%2Ffiles.itemku.com%2Fillustration%2Fitemku%2Forder%2Fproduct%2Fno-product-image-1080px.png&w=1033&q=75;;;
Item;Dota 2;Rp81.851;143 terjual;[LP Removal][5000-6000MMR] Price For 1 LP [SAFE+FAST] Chat With Us;https://imgop.itemku.com/?url=https%3A%2F%2Ffiles.itemku.com%2Fillustration%2Fitemku%2Forder%2Fproduct%2Fno-product-image-1080px.png&w=1033&q=75;;;
Item;Dota 2;Rp150.000;;BOOST 100 MMR;https://imgop.itemku.com/?url=https%3A%2F%2Fd1x91p7vw3vuq8.cloudfront.net%2Fitemku-upload%2F202644%2Fqz6kddwd2lk6h3jydo0kqd_thumbnail.jpg&w=1033&q=75;;;
Item;Dota 2;Rp650.000;;UNCALIBRATED MMR DARI HERALD - IMORTAL;https://imgop.itemku.com/?url=https%3A%2F%2Fd1x91p7vw3vuq8.cloudfront.net%2Fitemku-upload%2F2026330%2F59blj95ymbg5qqhq60rsba_thumbnail.jpg&w=1033&q=75;;;
Item;Dota 2;Rp1.350.000;;BOOST MMR 1000;https://imgop.itemku.com/?url=https%3A%2F%2Fd1x91p7vw3vuq8.cloudfront.net%2Fitemku-upload%2F202644%2Fnqyam08p72d8e9dv6md88k_thumbnail.jpg&w=1033&q=75;;;
Item;Dota 2;Rp1.000.000;;Joki mmr dan temen mabar;https://imgop.itemku.com/?url=https%3A%2F%2Fd1x91p7vw3vuq8.cloudfront.net%2Fitemku-upload%2F2026323%2Ftqfugcr63izqrgehs02i_thumbnail.jpg&w=1033&q=75;;;
Item;Dota 2;Rp1.458.184;143 terjual;[Calibration] 6000-7000 MMR (Previous Season MMR) | [Price for FULL CALIBRATION] [SAFE+FAST] Chat With Us;https://imgop.itemku.com/?url=https%3A%2F%2Ffiles.itemku.com%2Fillustration%2Fitemku%2Forder%2Fproduct%2Fno-product-image-1080px.png&w=1033&q=75;;;
Item;Dota 2;Rp127.425;125 terjual;[SOLO Boosting] 4500-5000 MMR Boost | Price Per 1 Win [SAFE+FAST] Chat With Us;https://imgop.itemku.com/?url=https%3A%2F%2Ffiles.itemku.com%2Fillustration%2Fitemku%2Forder%2Fproduct%2Fno-product-image-1080px.png&w=1033&q=75;;;
Item;Dota 2;Rp127.425;124 terjual;[Party Boosting] 3000-3500 MMR Boost | Price Per 1 Win [SAFE+FAST] Chat With Us;https://imgop.itemku.com/?url=https%3A%2F%2Ffiles.itemku.com%2Fillustration%2Fitemku%2Forder%2Fproduct%2Fno-product-image-1080px.png&w=1033&q=75;;;
Item;Dota 2;Rp87.320;124 terjual;[SOLO Boosting] 3000-3500 MMR Boost | Price Per 1 Win [SAFE+FAST] Chat With Us;https://imgop.itemku.com/?url=https%3A%2F%2Ffiles.itemku.com%2Fillustration%2Fitemku%2Forder%2Fproduct%2Fno-product-image-1080px.png&w=1033&q=75;;;
Item;Dota 2;Rp911.297;112 terjual;[Hours Boosting to Unlock Calibration] Price For 20 Hours [SAFE+FAST] Chat With Us;https://imgop.itemku.com/?url=https%3A%2F%2Ffiles.itemku.com%2Fillustration%2Fitemku%2Forder%2Fproduct%2Fno-product-image-1080px.png&w=1033&q=75;;;
Item;Dota 2;Rp3.189.993;103 terjual;[Hours Boosting to Unlock Calibration] Price For 70 Hours [SAFE+FAST] Chat With Us;https://imgop.itemku.com/?url=https%3A%2F%2Ffiles.itemku.com%2Fillustration%2Fitemku%2Forder%2Fproduct%2Fno-product-image-1080px.png&w=1033&q=75;;;
Item;Dota 2;Rp78.205;103 terjual;[LP Removal][3000-4000MMR] Price For 1 LP [SAFE+FAST] Chat With Us;https://imgop.itemku.com/?url=https%3A%2F%2Ffiles.itemku.com%2Fillustration%2Fitemku%2Forder%2Fproduct%2Fno-product-image-1080px.png&w=1033&q=75;;;
Item;Dota 2;Rp4.101.472;96 terjual;[Hours Boosting to Unlock Calibration] Price For 90 Hours [SAFE+FAST] Chat With Us;https://imgop.itemku.com/?url=https%3A%2F%2Ffiles.itemku.com%2Fillustration%2Fitemku%2Forder%2Fproduct%2Fno-product-image-1080px.png&w=1033&q=75;;;
Item;Grow A Garden;Rp1.250;;10T Coins;https://imgop.itemku.com/?url=https%3A%2F%2Fd1x91p7vw3vuq8.cloudfront.net%2Fitem-type%2F2026310%2Ftnfuokfbl0j3ez1r9xgx9z.webp&w=96&q=75;;;
Item;Grow A Garden;Rp1.000;;1T Coins;https://imgop.itemku.com/?url=https%3A%2F%2Fd1x91p7vw3vuq8.cloudfront.net%2Fitem-type%2F2026310%2F7x1uj6kupdpejr5w0636hr.webp&w=96&q=75;;;
Item;Grow A Garden;Rp500;;1Q Coins;https://imgop.itemku.com/?url=https%3A%2F%2Fd1x91p7vw3vuq8.cloudfront.net%2Fitem-type%2F2026310%2Ftjzye0vx1ro8h07e0j7ooq.webp&w=96&q=75;;;
Item;Grow A Garden;Rp1.000;;100T Coins;https://imgop.itemku.com/?url=https%3A%2F%2Fd1x91p7vw3vuq8.cloudfront.net%2Fitem-type%2F2026310%2F1eqefynmtq3uclgtxlftjg.webp&w=96&q=75;;;
Item;Grow A Garden;Rp250;;10M Coins;https://imgop.itemku.com/?url=https%3A%2F%2Fd1x91p7vw3vuq8.cloudfront.net%2Fitem-type%2F2026310%2Fs5n2ps5e2vy5vyl1ud2ge.webp&w=96&q=75;;;
Item;Grow A Garden;Rp5.000;;10Qi Coins;https://imgop.itemku.com/?url=https%3A%2F%2Fd1x91p7vw3vuq8.cloudfront.net%2Fitem-type%2F2026310%2Fkgkf7e509w8tu46nm2g15.webp&w=96&q=75;;;
Item;Grow A Garden;Rp400;;1B coins;https://imgop.itemku.com/?url=https%3A%2F%2Fd1x91p7vw3vuq8.cloudfront.net%2Fitem-type%2F2026310%2F31gv3ht79ttk4vegjfbhd.webp&w=96&q=75;;;
Item;Grow A Garden;Rp1.000;;100Qi Coins;https://imgop.itemku.com/?url=https%3A%2F%2Fd1x91p7vw3vuq8.cloudfront.net%2Fitem-type%2F2026310%2Fvho9r8i6wharz00znbib.webp&w=96&q=75;;;
Item;Grow A Garden;Rp600;;100B Coins;https://imgop.itemku.com/?url=https%3A%2F%2Fd1x91p7vw3vuq8.cloudfront.net%2Fitem-type%2F2026310%2F7t9k6ydmlfv28tv16y8vfn.webp&w=96&q=75;;;
Item;Grow A Garden;Rp2.000;;1Qi Coins;https://imgop.itemku.com/?url=https%3A%2F%2Fd1x91p7vw3vuq8.cloudfront.net%2Fitem-type%2F2026310%2Fghaby1nlp2n7obot5om6ge.webp&w=96&q=75;;;
Item;Grow A Garden;Rp500;;10B Coins;https://imgop.itemku.com/?url=https%3A%2F%2Fd1x91p7vw3vuq8.cloudfront.net%2Fitem-type%2F2026310%2Fb41santh3vaxw6xj1tyb9n.webp&w=96&q=75;;;
Item;Grow A Garden;Rp2.250;;100Q Coins;https://imgop.itemku.com/?url=https%3A%2F%2Fd1x91p7vw3vuq8.cloudfront.net%2Fitem-type%2F2026310%2Fd83s77695kqk0j60p6w4c.webp&w=96&q=75;;;
Item;Grow A Garden;Rp300;;100M Coins;https://imgop.itemku.com/?url=https%3A%2F%2Fd1x91p7vw3vuq8.cloudfront.net%2Fitem-type%2F2026310%2Ftt6ewxt9ut1k9dmo1vwqh.webp&w=96&q=75;;;
Item;Grow A Garden;Rp2.000;;10Q Coins;https://imgop.itemku.com/?url=https%3A%2F%2Fd1x91p7vw3vuq8.cloudfront.net%2Fitem-type%2F2026310%2F7ukw2n1raq9iucqfomrrjr.webp&w=96&q=75;;;
Item;Grow A Garden;Rp100;;1M Coins;https://imgop.itemku.com/?url=https%3A%2F%2Fd1x91p7vw3vuq8.cloudfront.net%2Fitem-type%2F2026310%2Fgkvflgd8ywok57u3fkx1d.webp&w=96&q=75;;;
Item;Grow A Garden;Rp155.000;;10000 Token;https://imgop.itemku.com/?url=https%3A%2F%2Fd1x91p7vw3vuq8.cloudfront.net%2Fitem-type%2F2026310%2Fzvta9v461ru0op969ywzk.jpg&w=48&q=75;;;
Item;Grow A Garden;Rp22;;1 Token;https://imgop.itemku.com/?url=https%3A%2F%2Fd1x91p7vw3vuq8.cloudfront.net%2Fitem-type%2F2026310%2Fzvta9v461ru0op969ywzk.jpg&w=48&q=75;;;
Item;Grow A Garden;Rp168;;10 Token;https://imgop.itemku.com/?url=https%3A%2F%2Fd1x91p7vw3vuq8.cloudfront.net%2Fitem-type%2F2026310%2Fzvta9v461ru0op969ywzk.jpg&w=48&q=75;;;
Item;Grow A Garden;Rp2.250;;100 Token;https://imgop.itemku.com/?url=https%3A%2F%2Fd1x91p7vw3vuq8.cloudfront.net%2Fitem-type%2F2026310%2Fzvta9v461ru0op969ywzk.jpg&w=48&q=75;;;
Item;Grow A Garden;Rp21.500;;1000 Token;https://imgop.itemku.com/?url=https%3A%2F%2Fd1x91p7vw3vuq8.cloudfront.net%2Fitem-type%2F2026310%2Fzvta9v461ru0op969ywzk.jpg&w=48&q=75;;;
Item;Grow A Garden;Rp1.600.000;;100000 Token;https://imgop.itemku.com/?url=https%3A%2F%2Fd1x91p7vw3vuq8.cloudfront.net%2Fitem-type%2F2026310%2Fzvta9v461ru0op969ywzk.jpg&w=48&q=75;;;
Item;Grow A Garden;Rp20.000;4076 terjual;Candy Blossom Besar;https://imgop.itemku.com/?url=https%3A%2F%2Fd1x91p7vw3vuq8.cloudfront.net%2Fitemku-upload%2F2025916%2Fley238qvusslx5kqj7rng_thumbnail.jpg&w=1033&q=75;;;
Item;Grow A Garden;Rp3.000;749 terjual;175M COIN CHOC Easter Egg Fruit SUPERR;https://imgop.itemku.com/?url=https%3A%2F%2Fd1x91p7vw3vuq8.cloudfront.net%2Fitemku-upload%2F2026426%2F0u3cfumr4nmj47up582eza9_thumbnail.jpg&w=1033&q=75;;;
Item;Grow A Garden;Rp20.000;442 terjual;Buah Ukuran Super Besar;https://imgop.itemku.com/?url=https%3A%2F%2Fd1x91p7vw3vuq8.cloudfront.net%2Fitemku-upload%2F2026412%2Fqppxh5eeuqqww72pzumx3_thumbnail.jpg&w=1033&q=75;;;
Item;Grow A Garden;Rp3.000;271 terjual;1 B + / Chocolate Coins - Via Fruit;https://imgop.itemku.com/?url=https%3A%2F%2Fd1x91p7vw3vuq8.cloudfront.net%2Fitemku-upload%2F2026418%2Fc5iebhljd76a3hjvwop41a_thumbnail.jpg&w=1033&q=75;;;
Item;Grow A Garden;Rp600;3 terjual;Honey Coin (Honey Dew Fruit);https://imgop.itemku.com/?url=https%3A%2F%2Fd1x91p7vw3vuq8.cloudfront.net%2Fitemku-upload%2F2026514%2Fh6hxshxhq9fokeh3nfp5c_thumbnail.jpg&w=1033&q=75;;;
Item;Grow A Garden;Rp450;74 terjual;pollinated fruit (honey dew);https://imgop.itemku.com/?url=https%3A%2F%2Fd1x91p7vw3vuq8.cloudfront.net%2Fitemku-upload%2F2026511%2Fx01jev4v6fpfjxiucb35c5_thumbnail.jpg&w=1033&q=75;;;
Item;Grow A Garden;Rp900;;Pollinated Fruit;https://imgop.itemku.com/?url=https%3A%2F%2Fd1x91p7vw3vuq8.cloudfront.net%2Fitemku-upload%2F2026514%2Fmefdh8p58qem7ip0m2jes_thumbnail.jpg&w=1033&q=75;;;
Item;Grow A Garden;Rp900;2 terjual;Honey Coin (Honey Dew Fruit);https://imgop.itemku.com/?url=https%3A%2F%2Fd1x91p7vw3vuq8.cloudfront.net%2Fitemku-upload%2F2026514%2Fldws1tsnamntm7gzqskr_thumbnail.jpg&w=1033&q=75;;;
Item;Grow A Garden;Rp200;260 terjual;Levelup Lollipop | Grow A Garden;https://imgop.itemku.com/?url=https%3A%2F%2Fd1x91p7vw3vuq8.cloudfront.net%2Fitemku-upload%2F20251115%2Fukmxgv0xppk1jxbbfeufip_thumbnail.jpg&w=1033&q=75;;;
Item;Grow A Garden;Rp900;251 terjual;Pollinated Fruit - Grow A Garden (Random Size);https://imgop.itemku.com/?url=https%3A%2F%2Fd1x91p7vw3vuq8.cloudfront.net%2Fitemku-upload%2F202561%2Fj3cpwq5ug9gyt38rqilj3i_thumbnail.jpg&w=1033&q=75;;;
Item;Grow A Garden;Rp100;229 terjual;Levelup Lollipop - Grow A Garden;https://imgop.itemku.com/?url=https%3A%2F%2Fd1x91p7vw3vuq8.cloudfront.net%2Fitemku-upload%2F202599%2Fzmgiaqvjh62rf6q7cr5mc_thumbnail.jpg&w=1033&q=75;;;
Item;Grow A Garden;Rp2.000;218 terjual;Master Sprinkler | Planting Gear for Your Garden | Grow A Garden;https://imgop.itemku.com/?url=https%3A%2F%2Fd1x91p7vw3vuq8.cloudfront.net%2Fitemku-upload%2F202559%2Foy39o5taljmd2kgmiouora_thumbnail.jpg&w=1033&q=75;;;
Item;Grow A Garden;Rp7.000;206 terjual;Night Owl | Trade Pet | Grow A Garden;https://imgop.itemku.com/?url=https%3A%2F%2Fd1x91p7vw3vuq8.cloudfront.net%2Fitemku-upload%2F2025516%2F2y3qv8gwi2jf0okfgx4ic_thumbnail.jpg&w=1033&q=75;;;
Item;Grow A Garden;Rp12.500;199 terjual;Blood Owl | Trade Pet | Grow A Garden;https://imgop.itemku.com/?url=https%3A%2F%2Fd1x91p7vw3vuq8.cloudfront.net%2Fitemku-upload%2F2025518%2Fvsaqsgjozqwqkpgsgmi2_thumbnail.jpg&w=1033&q=75;;;
Item;Grow A Garden;Rp400.000;198 terjual;Raccoon ( Pet Grow A Garden ) - Rakun - Racoon - Raccon - Raaccoon );https://imgop.itemku.com/?url=https%3A%2F%2Fd1x91p7vw3vuq8.cloudfront.net%2Fitemku-upload%2F2025522%2Fw5loa2d0j7o9uzufm055g_thumbnail.jpg&w=1033&q=75;;;
Item;Grow A Garden;Rp20.000;181 terjual;Bone Blossom Besar;https://imgop.itemku.com/?url=https%3A%2F%2Fd1x91p7vw3vuq8.cloudfront.net%2Fitemku-upload%2F2025916%2Fwh5i4lkefbpvbxob3g4fx_thumbnail.jpg&w=1033&q=75;;;
Item;Grow A Garden;Rp5.500;101 terjual;Pet Shard HYPER HUNGER Grow a garden;https://imgop.itemku.com/?url=https%3A%2F%2Fd1x91p7vw3vuq8.cloudfront.net%2Fitemku-upload%2F202617%2Fxhdxvjgspftrzwy9abp2f_thumbnail.jpg&w=1033&q=75;;;
Item;Grow A Garden;Rp500;38 terjual;pollinated godly honey dew 1 fruit;https://imgop.itemku.com/?url=https%3A%2F%2Fd1x91p7vw3vuq8.cloudfront.net%2Fitemku-upload%2F2026511%2Fdj60svyrbkg7bfqtjyrcp3_thumbnail.jpg&w=1033&q=75;;;
Item;Grow A Garden;Rp600;28 terjual;Pollinated Fruit Random;https://imgop.itemku.com/?url=https%3A%2F%2Fd1x91p7vw3vuq8.cloudfront.net%2Fitemku-upload%2F2026514%2F8cg4cff7xstq3cr82ld4r_thumbnail.jpg&w=1033&q=75;;;
Item;Grow A Garden;Rp600;3 terjual;Pollinated Fruit;https://imgop.itemku.com/?url=https%3A%2F%2Fd1x91p7vw3vuq8.cloudfront.net%2Fitemku-upload%2F2026514%2Fggiyxz02o7b32xh7a4vqpk_thumbnail.jpg&w=1033&q=75;;;
Item;Grow A Garden;Rp3.500;170 terjual;Master Sprinkler;https://imgop.itemku.com/?url=https%3A%2F%2Fd1x91p7vw3vuq8.cloudfront.net%2Fitemku-upload%2F2025613%2Fi2cwexdr8dg25ty4oiqjf_thumbnail.jpg&w=1033&q=75;;;
Item;Grow A Garden;Rp500;166 terjual;Grandmaster Sprinkler - Grow A Garden;https://imgop.itemku.com/?url=https%3A%2F%2Fd1x91p7vw3vuq8.cloudfront.net%2Fitemku-upload%2F2025109%2Fk4juxgl7ipk7g77fyz42gw_thumbnail.jpg&w=1033&q=75;;;
Item;Grow A Garden;Rp199.999;163 terjual;Scooter Artichoke;https://imgop.itemku.com/?url=https%3A%2F%2Fd1x91p7vw3vuq8.cloudfront.net%2Fitemku-upload%2F2025816%2Fwx2l7esblnni7hd9kf76sa_thumbnail.jpg&w=1033&q=75;;;
Item;Grow A Garden;Rp200.000;163 terjual;Red Fox - Grow A Garden - Pet Red fox;https://imgop.itemku.com/?url=https%3A%2F%2Fd1x91p7vw3vuq8.cloudfront.net%2Fitemku-upload%2F2025518%2F12uzkpi2p5pkcz4mybbhd9_thumbnail.jpg&w=1033&q=75;;;
Item;Grow A Garden;Rp200;161 terjual;Bone Blossom Fruit (1pcs);https://imgop.itemku.com/?url=https%3A%2F%2Fd1x91p7vw3vuq8.cloudfront.net%2Fitemku-upload%2F202584%2Fdmisxsxoxztbiiajusf0lp_thumbnail.jpg&w=1033&q=75;;;
Item;Grow A Garden;Rp200.000;159 terjual;Chicken Zombie - Grow A Garden - Chicken Jockey;https://imgop.itemku.com/?url=https%3A%2F%2Fd1x91p7vw3vuq8.cloudfront.net%2Fitemku-upload%2F2025518%2F1j6lot8uf1i5ekrnd9o60n_thumbnail.jpg&w=1033&q=75;;;
Item;Grow A Garden;Rp20.100;142 terjual;Buah Ukuran Titan;https://imgop.itemku.com/?url=https%3A%2F%2Fd1x91p7vw3vuq8.cloudfront.net%2Fitemku-upload%2F2026412%2F8pa84rkwq2qayz61sr1w_thumbnail.jpg&w=1033&q=75;;;
Item;Grow A Garden;Rp4.000;139 terjual;2.699B COIN CHOC Easter Egg Fruit SUPERR;https://imgop.itemku.com/?url=https%3A%2F%2Fd1x91p7vw3vuq8.cloudfront.net%2Fitemku-upload%2F2026427%2F567b9e85a15sjgjovsnf7m_thumbnail.jpg&w=1033&q=75;;;
Item;Grow A Garden;Rp3.500;9 terjual;Pollinated Fruit 3000KG/Madu/Honey;https://imgop.itemku.com/?url=https%3A%2F%2Fd1x91p7vw3vuq8.cloudfront.net%2Fitemku-upload%2F202655%2Fsqheha4h31pfkjm1l6r35_thumbnail.jpg&w=1033&q=75;;;
Item;Grow A Garden;Rp350;160 terjual;Honey Coin (Alien Apple) - Grow a Garden;https://imgop.itemku.com/?url=https%3A%2F%2Fd1x91p7vw3vuq8.cloudfront.net%2Fitemku-upload%2F2026511%2Flehh6m1xqdfqj0q2i0pxl_thumbnail.jpg&w=1033&q=75;;;
Item;Grow A Garden;Rp599;1 terjual;Pollinated Fruit - Grow A Garden;https://imgop.itemku.com/?url=https%3A%2F%2Fd1x91p7vw3vuq8.cloudfront.net%2Fitemku-upload%2F202651%2Fz7dye6lent4zxtqetdtgn_thumbnail.jpg&w=1033&q=75;;;
Item;Grow A Garden;Rp2.000;1 terjual;Pollinated Fruit 50Kg;https://imgop.itemku.com/?url=https%3A%2F%2Fd1x91p7vw3vuq8.cloudfront.net%2Fitemku-upload%2F202652%2Fzobb7mj0mipi7ug6n4r59j_thumbnail.jpg&w=1033&q=75;;;
Item;Grow A Garden;Rp39.900;2582 terjual;Raccoon (Devine Pet);https://imgop.itemku.com/?url=https%3A%2F%2Fd1x91p7vw3vuq8.cloudfront.net%2Fitemku-upload%2F2025526%2F4281h5lcfhusc3cj0jv1lh_thumbnail.jpg&w=1033&q=75;;;
Item;Grow A Garden;Rp5.000;1537 terjual;Mimic Octopus;https://imgop.itemku.com/?url=https%3A%2F%2Fd1x91p7vw3vuq8.cloudfront.net%2Fitemku-upload%2F202651%2F1durt561199x0u87p478bl_thumbnail.jpg&w=1033&q=75;;;
Item;Grow A Garden;Rp5.900;1298 terjual;Red Fox;https://imgop.itemku.com/?url=https%3A%2F%2Fd1x91p7vw3vuq8.cloudfront.net%2Fitemku-upload%2F2025530%2Fq0ry7z32ywcpfgwd3rum_thumbnail.jpg&w=1033&q=75;;;
Item;Grow A Garden;Rp400;1284 terjual;Pet Tumbal Level 45 s/d 50 - Grow A Garden;https://imgop.itemku.com/?url=https%3A%2F%2Fd1x91p7vw3vuq8.cloudfront.net%2Fitemku-upload%2F202587%2F0yyiwx5fmphq2v2w2rov4ad_thumbnail.jpg&w=1033&q=75;;;
Item;Grow A Garden;Rp75.000;;COLOSAL NIGHTMARE PIG 110KG / NIGHTMARE COLOSAL PIG 110KG / GODLY NIGHTMARE PIG 110KG / NIGHTMARE GODLY PIG 110KG / PIG MAX PASIF / PIG CD 5SECOND;https://imgop.itemku.com/?url=https%3A%2F%2Fd1x91p7vw3vuq8.cloudfront.net%2Fitemku-upload%2F2026522%2Fpptkmoyp3yb37pp3yfxtba_thumbnail.jpg&w=1033&q=75;;;
Item;Grow A Garden;Rp39.900;3 terjual;HUGE EVERCHANTED PERYTON 60KG / EVERCHANTED HUGE PERYRON 60KG / HUGE EVERCHANTED PERYTON 61KG / EVERCHANTED HUGE PERYRON 61KG;https://imgop.itemku.com/?url=https%3A%2F%2Fd1x91p7vw3vuq8.cloudfront.net%2Fitemku-upload%2F2026515%2Frajv44bn5rr49vs3dtfw_thumbnail.jpg&w=1033&q=75;;;
Item;Grow A Garden;Rp39.900;;HUGE VENOM MIMIC OCTOPUS 60KG / VENOM HUGE MIMIC OCTOPUS 60KG / VENOM HUGE MIMIC 60KG / HUGE VENOM MIMIC 60KG;https://imgop.itemku.com/?url=https%3A%2F%2Fd1x91p7vw3vuq8.cloudfront.net%2Fitemku-upload%2F2026517%2Fqrv7ed7497eg94pdgip26_thumbnail.jpg&w=1033&q=75;;;
Item;Grow A Garden;Rp39.900;;HUGE VENOM FRENCH FRY FERRET 61KG / VENOM HUGE FRENCH FRY FERRET 61KG / HUGE FFF 61KG / HUGE FERRET 61KG / FFF 20 MINUTE / FFF CD 20M;https://imgop.itemku.com/?url=https%3A%2F%2Fd1x91p7vw3vuq8.cloudfront.net%2Fitemku-upload%2F2026524%2F09fqtmbuzcff3o2jhzulpjw_thumbnail.jpg&w=1033&q=75;;;
Item;Grow A Garden;Rp2.000;1239 terjual;Dragon Fly + BONUS!! | Grow A Garden;https://imgop.itemku.com/?url=https%3A%2F%2Fd1x91p7vw3vuq8.cloudfront.net%2Fitemku-upload%2F202569%2Fugpocx84fao5zhc6imbli_thumbnail.jpg&w=1033&q=75;;;
Item;Grow A Garden;Rp800;1213 terjual;Pet Tumbal Level 60 - Grow A Garden;https://imgop.itemku.com/?url=https%3A%2F%2Fd1x91p7vw3vuq8.cloudfront.net%2Fitemku-upload%2F202589%2Frcn8j9zxmp3szhskl7mx3_thumbnail.jpg&w=1033&q=75;;;
Item;Grow A Garden;Rp4.490;1071 terjual;Grow a Garden > Dragon Fly;https://imgop.itemku.com/?url=https%3A%2F%2Fd1x91p7vw3vuq8.cloudfront.net%2Fitemku-upload%2F202564%2Ffgfmntcgttflg5b7ju2ie_thumbnail.jpg&w=1033&q=75;;;
Item;Grow A Garden;Rp3.000;976 terjual;Swan Grow A Garden;https://imgop.itemku.com/?url=https%3A%2F%2Fd1x91p7vw3vuq8.cloudfront.net%2Fitemku-upload%2F2025915%2F0opoam9cokcm3h454wcm6e_thumbnail.jpg&w=1033&q=75;;;
Item;Grow A Garden;Rp25.000;963 terjual;Mimic Octopus;https://imgop.itemku.com/?url=https%3A%2F%2Fd1x91p7vw3vuq8.cloudfront.net%2Fitemku-upload%2F2026119%2Fox9pezkowm3qajqw7mpha_thumbnail.jpg&w=1033&q=75;;;
Item;Grow A Garden;Rp12.000;925 terjual;Dragon Fly (Devine Pet);https://imgop.itemku.com/?url=https%3A%2F%2Fd1x91p7vw3vuq8.cloudfront.net%2Fitemku-upload%2F2025527%2Fa0o95qwtpvw8p8d5za6z6q_thumbnail.jpg&w=1033&q=75;;;
Item;Grow A Garden;Rp6.900;913 terjual;Dragonfly / Capung;https://imgop.itemku.com/?url=https%3A%2F%2Fd1x91p7vw3vuq8.cloudfront.net%2Fitemku-upload%2F2025624%2Fmbv3djobxpn9rm9eiy8k0a_thumbnail.jpg&w=1033&q=75;;;
Item;Grow A Garden;Rp5.000;818 terjual;Dragonfly;https://imgop.itemku.com/?url=https%3A%2F%2Fd1x91p7vw3vuq8.cloudfront.net%2Fitemku-upload%2F2025731%2Fnjv8gzqh8pkrlu3nbpvk8_thumbnail.jpg&w=1033&q=75;;;
Item;Grow A Garden;Rp20.000;2 terjual;QUEEN BEE | GROW A GARDEN;https://imgop.itemku.com/?url=https%3A%2F%2Fd1x91p7vw3vuq8.cloudfront.net%2Fitemku-upload%2F2025815%2Fh166zxdezexmt6aripln_thumbnail.jpg&w=1033&q=75;;;
Item;Grow A Garden;Rp85.000;;NIGHTMARE HUGE RAINBOW STAG BEETLE / HUGE NIGHTMARE RAINBOW STAG BEETLE / HUGE NIGHTMARE RBH STAG BEETLE / HUGE  RAINBOW HATCH STAG BEETLE;https://imgop.itemku.com/?url=https%3A%2F%2Fd1x91p7vw3vuq8.cloudfront.net%2Fitemku-upload%2F2026523%2Fea29e4nuuak5seikzn4hdm_thumbnail.jpg&w=1033&q=75;;;
Item;Grow A Garden;Rp85.000;;NIGHTMARE RAINBOW MIZUCHI / NIGHTMARE RBH MIZUCHI / NIGHTMARE RAINBOW HATCH MIZUCHI;https://imgop.itemku.com/?url=https%3A%2F%2Fd1x91p7vw3vuq8.cloudfront.net%2Fitemku-upload%2F2026523%2F4t0is32zkzlqz040ce818_thumbnail.jpg&w=1033&q=75;;;
Item;Grow A Garden;Rp35.000;3 terjual;Dragonfly | Grow A Garden;https://imgop.itemku.com/?url=https%3A%2F%2Fd1x91p7vw3vuq8.cloudfront.net%2Fitemku-upload%2F2025815%2Fx8mopuoo2qt67mlwl2xjwo_thumbnail.jpg&w=1033&q=75;;;
Item;Grow A Garden;Rp3.500;778 terjual;Lobster Thermidor || Grow A Garden;https://imgop.itemku.com/?url=https%3A%2F%2Fd1x91p7vw3vuq8.cloudfront.net%2Fitemku-upload%2F2025817%2Fpx2mwbbb44psol87d0s5m_thumbnail.jpg&w=1033&q=75;;;
Item;Grow A Garden;Rp45.001;770 terjual;Corrupted Kitsune;https://imgop.itemku.com/?url=https%3A%2F%2Fd1x91p7vw3vuq8.cloudfront.net%2Fitemku-upload%2F2025728%2Fkwed0sonmmyyqgqmuu1y_thumbnail.jpg&w=1033&q=75;;;
Item;Grow A Garden;Rp17.993;734 terjual;Moon Cat - Grow A Garden;https://imgop.itemku.com/?url=https%3A%2F%2Fd1x91p7vw3vuq8.cloudfront.net%2Fitemku-upload%2F2025727%2Ff18cpqvgkfu6aap8nwgngr_thumbnail.jpg&w=1033&q=75;;;
Item;Grow A Garden;Rp5.000;646 terjual;T-Rex Grow a Garden;https://imgop.itemku.com/?url=https%3A%2F%2Fd1x91p7vw3vuq8.cloudfront.net%2Fitemku-upload%2F202579%2F2kgw0p99pat3mp9yvfcqg4_thumbnail.jpg&w=1033&q=75;;;
Item;Grow A Garden;Rp3.890;638 terjual;Golden Goose;https://imgop.itemku.com/?url=https%3A%2F%2Fd1x91p7vw3vuq8.cloudfront.net%2Fitemku-upload%2F2025820%2Fv8m2xpe0cvbqnymlh86bdl_thumbnail.jpg&w=1033&q=75;;;
Item;Grow A Garden;Rp11.490;637 terjual;Mimic Octopus;https://imgop.itemku.com/?url=https%3A%2F%2Fd1x91p7vw3vuq8.cloudfront.net%2Fitemku-upload%2F2025626%2Fo9pr6tvbmks4hrzzzm1lb3_thumbnail.jpg&w=1033&q=75;;;
Item;Grow A Garden;Rp30.000;608 terjual;Disco Bee (Devine Pet);https://imgop.itemku.com/?url=https%3A%2F%2Fd1x91p7vw3vuq8.cloudfront.net%2Fitemku-upload%2F2025612%2Fikvvsav6kuoiaylrc6m7g_thumbnail.jpg&w=1033&q=75;;;
Item;Grow A Garden;Rp1.500;557 terjual;Pet Tumbal Level 75 - Grow A Garden;https://imgop.itemku.com/?url=https%3A%2F%2Fd1x91p7vw3vuq8.cloudfront.net%2Fitemku-upload%2F2025810%2F60qni9gq0p5qb3zbyc9qv_thumbnail.jpg&w=1033&q=75;;;
Item;Grow A Garden;Rp89.900;;NIGHTMARE RAINBOW FROST DRAGON / NIGHTMARE RBH FROST DRAGON / NIGHTMARE RAINBOW HATCH FORST DRAGON / NM RBH FROST DRAGON;https://imgop.itemku.com/?url=https%3A%2F%2Fd1x91p7vw3vuq8.cloudfront.net%2Fitemku-upload%2F2026518%2F27ltav2md83pjz33ipwnq_thumbnail.jpg&w=1033&q=75;;;
Item;Grow A Garden;Rp89.900;;HUGE NIGHTMARE RAINBOW HAZEHOUND 60KG / NIGHTMARE HUGE HAZEHOUND 60KG / HUGE NIGHTMARE RBH HAZEHOUND 60KG / RAINBOW HATCH HAZEHOUND 60KG;https://imgop.itemku.com/?url=https%3A%2F%2Fd1x91p7vw3vuq8.cloudfront.net%2Fitemku-upload%2F2026523%2Fes0cl6ktmd6p1nyrux647_thumbnail.jpg&w=1033&q=75;;;
Item;Grow A Garden;Rp89.900;;HUGE NIGHTMARE RAINBOW BLACK BIRD 61KG / NIGHTMARE HUGE RAINBOW BLACK BIRD 61KG / HUGE NIGHTMARE RBH BLACK BIRD 61KG / RAINBOW HATCH BLACK BIRD 61KG;https://imgop.itemku.com/?url=https%3A%2F%2Fd1x91p7vw3vuq8.cloudfront.net%2Fitemku-upload%2F2026523%2Fqomxnsgs0hsx5e7qm9rvi_thumbnail.jpg&w=1033&q=75;;;
Item;Grow A Garden;Rp120.000;1 terjual;Rainbow Echo Frog Grow A Garden;https://imgop.itemku.com/?url=https%3A%2F%2Fd1x91p7vw3vuq8.cloudfront.net%2Fitemku-upload%2F2025824%2F03escu3id219x9cxchaakto_thumbnail.jpg&w=1033&q=75;;;
Item;Grow A Garden;Rp1.000;671 terjual;Joki Afk Mutation Per Jam | Grow A Garden;https://imgop.itemku.com/?url=https%3A%2F%2Fd1x91p7vw3vuq8.cloudfront.net%2Fitemku-upload%2F202584%2F683wnhcbajih0z8wp7qc2j_thumbnail.jpg&w=1033&q=75;;;
Item;Grow A Garden;Rp2.000;505 terjual;Joki Grinding & Farming Per Jam | Grow A Garden;https://imgop.itemku.com/?url=https%3A%2F%2Fd1x91p7vw3vuq8.cloudfront.net%2Fitemku-upload%2F20251022%2Fc9l531eklrgcneux22ptu7_thumbnail.jpg&w=1033&q=75;;;
Item;Grow A Garden;Rp14.000;338 terjual;Joki Grinding & Farming Per 12 Jam | Grow A Garden;https://imgop.itemku.com/?url=https%3A%2F%2Fd1x91p7vw3vuq8.cloudfront.net%2Fitemku-upload%2F20251022%2Fjn0r3ubyh9bqwtwg86fwxe_thumbnail.jpg&w=1033&q=75;;;
Item;Grow A Garden;Rp22.000;320 terjual;Joki Grinding & Farming Per 24 Jam | Grow A Garden;https://imgop.itemku.com/?url=https%3A%2F%2Fd1x91p7vw3vuq8.cloudfront.net%2Fitemku-upload%2F20251022%2F8v5mef31yyx7noxomsgdl5_thumbnail.jpg&w=1033&q=75;;;
Item;Grow A Garden;Rp8.000;;Joki Age Pet 100 Level;https://imgop.itemku.com/?url=https%3A%2F%2Fd1x91p7vw3vuq8.cloudfront.net%2Fitemku-upload%2F2026426%2Fu5018t40uwiq8qfecd04mg_thumbnail.jpg&w=1033&q=75;;;
Item;Grow A Garden;Rp24.000;;Joki Up Base Kg Pet;https://imgop.itemku.com/?url=https%3A%2F%2Fd1x91p7vw3vuq8.cloudfront.net%2Fitemku-upload%2F2026518%2Fuwep2al3xcfxjwcmwkk04d_thumbnail.jpg&w=1033&q=75;;;
Item;Grow A Garden;Rp25.000;;Joki Up Kg Pet + Level 100;https://imgop.itemku.com/?url=https%3A%2F%2Fd1x91p7vw3vuq8.cloudfront.net%2Fitemku-upload%2F2026518%2Fhf87x5gx4ctmjhqrxlbzk_thumbnail.jpg&w=1033&q=75;;;
Item;Grow A Garden;Rp1.000;286 terjual;Joki Afk Farm | Grow A Garden;https://imgop.itemku.com/?url=https%3A%2F%2Fd1x91p7vw3vuq8.cloudfront.net%2Fitemku-upload%2F202577%2Fvzqkp1k5gdfghafa6h1lwe_thumbnail.jpg&w=1033&q=75;;;
Item;Grow A Garden;Rp10.000;257 terjual;Joki Afk Mutation Per 12 Jam | Grow A Garden;https://imgop.itemku.com/?url=https%3A%2F%2Fd1x91p7vw3vuq8.cloudfront.net%2Fitemku-upload%2F202584%2Fb4wre2bkp3v932adedtgtr_thumbnail.jpg&w=1033&q=75;;;
Item;Grow A Garden;Rp3.000;233 terjual;Joki Nigtmare | Grow a Garden | RBL;https://imgop.itemku.com/?url=https%3A%2F%2Fd1x91p7vw3vuq8.cloudfront.net%2Fitemku-upload%2F20251121%2Faa3arnimpz7xd0ln1pvwdm_thumbnail.jpg&w=1033&q=75;;;
Item;Grow A Garden;Rp15.000;231 terjual;JOKI AFK 24 JAM GROW A GARDEN;https://imgop.itemku.com/?url=https%3A%2F%2Fd1x91p7vw3vuq8.cloudfront.net%2Fitemku-upload%2F202581%2Fbectq28pd2if3xveidfuqp_thumbnail.jpg&w=1033&q=75;;;
Item;Grow A Garden;Rp15.000;113 terjual;Joki Afk Mutation Per 24 Jam | Grow A Garden;https://imgop.itemku.com/?url=https%3A%2F%2Fd1x91p7vw3vuq8.cloudfront.net%2Fitemku-upload%2F202584%2Fapxj92esanxoyn9ycyghk_thumbnail.jpg&w=1033&q=75;;;
Item;Grow A Garden;Rp28.000;102 terjual;Joki AFK Bebas Request;https://imgop.itemku.com/?url=https%3A%2F%2Fd1x91p7vw3vuq8.cloudfront.net%2Fitemku-upload%2F202597%2Fwapqn6wbscdo0a86lg4ilf_thumbnail.jpg&w=1033&q=75;;;
Item;Grow A Garden;Rp50;80 terjual;Joki Age Pet 1 Level (No Scam);https://imgop.itemku.com/?url=https%3A%2F%2Fd1x91p7vw3vuq8.cloudfront.net%2Fitemku-upload%2F20251121%2Fus74895dq9gxm75ynckhv_thumbnail.jpg&w=1033&q=75;;;
Item;Grow A Garden;Rp14.000;62 terjual;Joki Event Per 12 Jam | Grow A Garden;https://imgop.itemku.com/?url=https%3A%2F%2Fd1x91p7vw3vuq8.cloudfront.net%2Fitemku-upload%2F2025914%2F48hb3kt4dzm42vc7vfxxyc_thumbnail.jpg&w=1033&q=75;;;
Item;Grow A Garden;Rp2.400;61 terjual;JOKI AGE PET 50 LEVEL || GROW A GARDEN (NO SCAM);https://imgop.itemku.com/?url=https%3A%2F%2Fd1x91p7vw3vuq8.cloudfront.net%2Fitemku-upload%2F20251027%2Fxqqcgjcu6ifyaffl239g9q_thumbnail.jpg&w=1033&q=75;;;
Item;Grow A Garden;Rp2.300;58 terjual;JOKI AFK 1 JAM GROW A GARDEN;https://imgop.itemku.com/?url=https%3A%2F%2Fd1x91p7vw3vuq8.cloudfront.net%2Fitemku-upload%2F2025725%2Fs87gbra68srzl08471tbv_thumbnail.jpg&w=1033&q=75;;;
Item;Grow A Garden;Rp24.000;56 terjual;Joki Event Per 24 Jam | Grow A Garden;https://imgop.itemku.com/?url=https%3A%2F%2Fd1x91p7vw3vuq8.cloudfront.net%2Fitemku-upload%2F2025914%2Fqa3x8q6skxe49fp7t91l_thumbnail.jpg&w=1033&q=75;;;
Item;Grow A Garden;Rp3.000;25 terjual;JOKI AFK AUTO BUY;https://imgop.itemku.com/?url=https%3A%2F%2Fd1x91p7vw3vuq8.cloudfront.net%2Fitemku-upload%2F2025612%2F34vbixtoscobesn9gsv0mf_thumbnail.jpg&w=1033&q=75;;;
Item;Grow A Garden;Rp100;22 terjual;JOKI AGE PET | TERCEPAT;https://imgop.itemku.com/?url=https%3A%2F%2Fd1x91p7vw3vuq8.cloudfront.net%2Fitemku-upload%2F20251115%2Fm1xcl0713lhqxw7vnezlq_thumbnail.jpg&w=1033&q=75;;;
Item;Grow A Garden;Rp800;21 terjual;Jasa Joki AFK Mutation 1 Hour - Grow A Garden;https://imgop.itemku.com/?url=https%3A%2F%2Fd1x91p7vw3vuq8.cloudfront.net%2Fitemku-upload%2F202592%2Fbprmyi4asvv21ehs77xi6c_thumbnail.jpg&w=1033&q=75;;;
Item;Grow A Garden;Rp16.500;19 terjual;Joki Nigtmare + Level 100 | Grow a Garden | RBL;https://imgop.itemku.com/?url=https%3A%2F%2Fd1x91p7vw3vuq8.cloudfront.net%2Fitemku-upload%2F20251121%2Fr3doyeqtnw5o5dygu6c2n_thumbnail.jpg&w=1033&q=75;;;
Item;Grow A Garden;Rp2.000;18 terjual;Joki Event Per Jam | Grow A Garden;https://imgop.itemku.com/?url=https%3A%2F%2Fd1x91p7vw3vuq8.cloudfront.net%2Fitemku-upload%2F2025914%2Fvwx2gz26eye82p7ret9hna_thumbnail.jpg&w=1033&q=75;;;
Item;Grow A Garden;Rp17.000;1831 terjual;Akun Grow A garden 700T coin 3 Candy blossom Fruit Bonus 3 Random pet;https://imgop.itemku.com/?url=https%3A%2F%2Fd1x91p7vw3vuq8.cloudfront.net%2Fitemku-upload%2F202646%2Fo7m01dhjm4am7uul9n94_thumbnail.jpg&w=1033&q=75;;;
Item;Grow A Garden;Rp10.900;555 terjual;Account Grow A Garden | Pengiriman Instan #4;https://imgop.itemku.com/?url=https%3A%2F%2Fd1x91p7vw3vuq8.cloudfront.net%2Fitemku-upload%2F2026513%2Fyvb1xaxs8jisypq5rcvxgn_thumbnail.jpg&w=1033&q=75;;;
Item;Grow A Garden;Rp384.000;156 terjual;Account Grow A Garden | Pengiriman Instan #20;https://imgop.itemku.com/?url=https%3A%2F%2Fd1x91p7vw3vuq8.cloudfront.net%2Fitemku-upload%2F202656%2F1yi2mx25y4g1scbllhoyk7_thumbnail.jpg&w=1033&q=75;;;
Item;Grow A Garden;Rp534.000;117 terjual;Account Grow A Garden | Pengiriman Instan #25;https://imgop.itemku.com/?url=https%3A%2F%2Fd1x91p7vw3vuq8.cloudfront.net%2Fitemku-upload%2F202658%2Frfhr5525r9tw2rf5z9ihh_thumbnail.jpg&w=1033&q=75;;;
Item;Grow A Garden;Rp239.000;90 terjual;Account Grow A Garden | Pengiriman Instan #14;https://imgop.itemku.com/?url=https%3A%2F%2Fd1x91p7vw3vuq8.cloudfront.net%2Fitemku-upload%2F2026515%2F2psxhbfk0xquhmjxmnav2_thumbnail.jpg&w=1033&q=75;;;
Item;Grow A Garden;Rp309.000;89 terjual;Account Grow A Garden | Pengiriman Instan #17;https://imgop.itemku.com/?url=https%3A%2F%2Fd1x91p7vw3vuq8.cloudfront.net%2Fitemku-upload%2F202656%2F4r77kls0jqbr7xqiu6v7pr_thumbnail.jpg&w=1033&q=75;;;
Item;Grow A Garden;Rp219.000;78 terjual;Account Grow A Garden | Pengiriman Instan #13;https://imgop.itemku.com/?url=https%3A%2F%2Fd1x91p7vw3vuq8.cloudfront.net%2Fitemku-upload%2F202656%2F9jivdcdc9jnp1nb3mcwnpo_thumbnail.jpg&w=1033&q=75;;;
Item;Grow A Garden;Rp334.000;72 terjual;Account Grow A Garden | Pengiriman Instan #18;https://imgop.itemku.com/?url=https%3A%2F%2Fd1x91p7vw3vuq8.cloudfront.net%2Fitemku-upload%2F202656%2F9opoe7cbrgez3w5r907sa_thumbnail.jpg&w=1033&q=75;;;
Item;Grow A Garden;Rp125.000;71 terjual;Akun Grow A Garden 1 Candy Blossom Tree;https://imgop.itemku.com/?url=https%3A%2F%2Fd1x91p7vw3vuq8.cloudfront.net%2Fitemku-upload%2F2026413%2Fkdnzhh44unky9hp5xu140i_thumbnail.jpg&w=1033&q=75;;;
Item;Grow A Garden;Rp25.000;39 terjual;Account Starter With 50 New Seed Pack And 50T Sheckles - Grow a Garden;https://imgop.itemku.com/?url=https%3A%2F%2Fd1x91p7vw3vuq8.cloudfront.net%2Fitemku-upload%2F2025817%2Fcq7mripa8mr9ebl1frwz0t_thumbnail.jpg&w=1033&q=75;;;
Item;Grow A Garden;Rp20.000;31 terjual;Account Starter With 50x Culinarian Chest + 20T++ (100% Trusted And Guaranted;https://imgop.itemku.com/?url=https%3A%2F%2Fd1x91p7vw3vuq8.cloudfront.net%2Fitemku-upload%2F2025814%2Fbozsf0m25ellrv2336pks_thumbnail.jpg&w=1033&q=75;;;
Item;Grow A Garden;Rp444.000;26 terjual;Account Grow A Garden | Pengiriman Instan #22;https://imgop.itemku.com/?url=https%3A%2F%2Fd1x91p7vw3vuq8.cloudfront.net%2Fitemku-upload%2F202656%2Fd5zsetuta3oookatv5n5_thumbnail.jpg&w=1033&q=75;;;
Item;Grow A Garden;Rp20.000;23 terjual;Account Starter With 200x Sprout Pack + 40+ Sprout Egg + 50T++ (100% Trusted And Guaranted);https://imgop.itemku.com/?url=https%3A%2F%2Fd1x91p7vw3vuq8.cloudfront.net%2Fitemku-upload%2F2025821%2Fkip9zo9kxmghgwz2l4area_thumbnail.jpg&w=1033&q=75;;;
Item;Grow A Garden;Rp30.000;7 terjual;Account Starter With 100x Enchanted Seed Pack + 100T++ (100% Trusted And Guaranted);https://imgop.itemku.com/?url=https%3A%2F%2Fd1x91p7vw3vuq8.cloudfront.net%2Fitemku-upload%2F2025910%2F6vg6j610qpl9430rl20nc_thumbnail.jpg&w=1033&q=75;;;
Item;Grow A Garden;Rp90.000;6 terjual;ACCOUNT BONE BLOSSOM;https://imgop.itemku.com/?url=https%3A%2F%2Fd1x91p7vw3vuq8.cloudfront.net%2Fitemku-upload%2F2026430%2Fccayyglxnxhexomp6e8jn_thumbnail.jpg&w=1033&q=75;;;
Item;Grow A Garden;Rp20.000;6 terjual;Account Starter With 100x Gardener Seed Pack + 10+ Exotic Gardener Seed Pack +4Q++ (100% Trusted And Guaranted);https://imgop.itemku.com/?url=https%3A%2F%2Fd1x91p7vw3vuq8.cloudfront.net%2Fitemku-upload%2F2025102%2Fklieur7fhsmaq3d3eyn6ge_thumbnail.jpg&w=1033&q=75;;;
Item;Grow A Garden;Rp79.000;6 terjual;Akun Starter Grow A Garden | Isi 5 Bald Eagle | Coin 10T–20T+ | Slot Pet 5 | Kolektor Pet Langka;https://imgop.itemku.com/?url=https%3A%2F%2Fd1x91p7vw3vuq8.cloudfront.net%2Fitemku-upload%2F2025729%2Fuesui9ukpjr92wcmt1sky_thumbnail.jpg&w=1033&q=75;;;
Item;Grow A Garden;Rp150.000;5 terjual;AKUN BONE BLOSSOM;https://imgop.itemku.com/?url=https%3A%2F%2Fd1x91p7vw3vuq8.cloudfront.net%2Fitemku-upload%2F202653%2F9eskiosclvski5ops2qht_thumbnail.jpg&w=1033&q=75;;;
Item;Grow A Garden;Rp20.000;5 terjual;Account Starter With 50x Sprout Seed Pack + 10-100T++ (100% Trusted And Guaranted);https://imgop.itemku.com/?url=https%3A%2F%2Fd1x91p7vw3vuq8.cloudfront.net%2Fitemku-upload%2F2025819%2F28zo7d7gbokipgyhlrn1ud_thumbnail.jpg&w=1033&q=75;;;
Item;Grow A Garden;Rp50.000;4 terjual;Akun Grow A Garden 1 Trilion Money | RBL;https://imgop.itemku.com/?url=https%3A%2F%2Fd1x91p7vw3vuq8.cloudfront.net%2Fitemku-upload%2F2025531%2Fqu2hhq6ea7ksp7jw6hvzyq_thumbnail.jpg&w=1033&q=75;;;
Item;Murder Mystery 2;Rp58.824;1165 terjual;Icepiercer;https://imgop.itemku.com/?url=https%3A%2F%2Fd1x91p7vw3vuq8.cloudfront.net%2Fitemku-upload%2F202645%2Fflyc9f08q5nbvbajlsg6_thumbnail.jpg&w=1033&q=75;;;
Item;Murder Mystery 3;Rp79.108;1047 terjual;Harvester;https://imgop.itemku.com/?url=https%3A%2F%2Fd1x91p7vw3vuq8.cloudfront.net%2Fitemku-upload%2F202645%2Fie2y9uip09diyoeh7xvz2m_thumbnail.jpg&w=1033&q=75;;;
Item;Murder Mystery 4;Rp37.420;625 terjual;Bat;https://imgop.itemku.com/?url=https%3A%2F%2Fd1x91p7vw3vuq8.cloudfront.net%2Fitemku-upload%2F202645%2Fvq9l6uiir8f3pdit71qb53_thumbnail.jpg&w=1033&q=75;;;
Item;Murder Mystery 5;Rp6.085;468 terjual;Icewing;https://imgop.itemku.com/?url=https%3A%2F%2Fd1x91p7vw3vuq8.cloudfront.net%2Fitemku-upload%2F202645%2Fkl36c33zmi13ua0smhrydb_thumbnail.jpg&w=1033&q=75;;;
Item;Murder Mystery 6;Rp1.150;9 terjual;Splash (Gun);https://imgop.itemku.com/?url=https%3A%2F%2Fd1x91p7vw3vuq8.cloudfront.net%2Fitemku-upload%2F2026522%2Fx2jg9c5v1wojoekr3cdesa_thumbnail.jpg&w=1033&q=75;;;
Item;Murder Mystery 7;Rp550.000;35 terjual;Small set (106 items) - Murder Mystery 2;https://imgop.itemku.com/?url=https%3A%2F%2Fd1x91p7vw3vuq8.cloudfront.net%2Fitemku-upload%2F2026422%2Fftdc5q83gibx43p1ih2u9k_thumbnail.jpg&w=1033&q=75;;;
Item;Murder Mystery 8;Rp2.000.000;;Chroma Sweet - Murder Mystery 2;https://imgop.itemku.com/?url=https%3A%2F%2Fd1x91p7vw3vuq8.cloudfront.net%2Fitemku-upload%2F2026329%2F9z5fbt3oq4rgodnzg4e7fg_thumbnail.jpg&w=1033&q=75;;;
Item;Murder Mystery 9;Rp3.000;13 terjual;Ghostblade;https://imgop.itemku.com/?url=https%3A%2F%2Fd1x91p7vw3vuq8.cloudfront.net%2Fitemku-upload%2F2025522%2F2llldg7ponp5ps0fs5yomm_thumbnail.jpg&w=1033&q=75;;;
Item;Murder Mystery 10;Rp23.666;309 terjual;Icebreaker;https://imgop.itemku.com/?url=https%3A%2F%2Fd1x91p7vw3vuq8.cloudfront.net%2Fitemku-upload%2F202646%2Fn06ta339x5ohz3xjlhu0fu_thumbnail.jpg&w=1033&q=75;;;
Item;Murder Mystery 11;Rp13.148;276 terjual;Batwing;https://imgop.itemku.com/?url=https%3A%2F%2Fd1x91p7vw3vuq8.cloudfront.net%2Fitemku-upload%2F202645%2Fdmwdvm7fiys4ifefmc3gp7_thumbnail.jpg&w=1033&q=75;;;
Item;Murder Mystery 12;Rp30.341;180 terjual;Candy;https://imgop.itemku.com/?url=https%3A%2F%2Fd1x91p7vw3vuq8.cloudfront.net%2Fitemku-upload%2F202645%2Fjpdn99gcrmfwoiw4ixk7ff_thumbnail.jpg&w=1033&q=75;;;
Item;Murder Mystery 13;Rp11.125;139 terjual;Iceblaster;https://imgop.itemku.com/?url=https%3A%2F%2Fd1x91p7vw3vuq8.cloudfront.net%2Fitemku-upload%2F202645%2Fn9nnyk4m25n81ysdtxsm_thumbnail.jpg&w=1033&q=75;;;
Item;Murder Mystery 14;Rp13.148;138 terjual;Luger;https://imgop.itemku.com/?url=https%3A%2F%2Fd1x91p7vw3vuq8.cloudfront.net%2Fitemku-upload%2F202645%2Fdxsx7o4i7o8xcf8k4nbmh_thumbnail.jpg&w=1033&q=75;;;
Item;Murder Mystery 15;Rp22.250;130 terjual;Heartblade;https://imgop.itemku.com/?url=https%3A%2F%2Fd1x91p7vw3vuq8.cloudfront.net%2Fitemku-upload%2F202645%2F1ynta3710l4x3w7stj966_thumbnail.jpg&w=1033&q=75;;;
Item;Murder Mystery 16;Rp149.682;123 terjual;Corrupt;https://imgop.itemku.com/?url=https%3A%2F%2Fd1x91p7vw3vuq8.cloudfront.net%2Fitemku-upload%2F202646%2Fbtqgbq0n804k5f6bpod1z_thumbnail.jpg&w=1033&q=75;;;
Item;Murder Mystery 17;Rp11.125;113 terjual;Sugar;https://imgop.itemku.com/?url=https%3A%2F%2Fd1x91p7vw3vuq8.cloudfront.net%2Fitemku-upload%2F202645%2F0p7xybbzsb56bdg90pvnho_thumbnail.jpg&w=1033&q=75;;;
Item;Murder Mystery 18;Rp3.000;17 terjual;Ice Shard;https://imgop.itemku.com/?url=https%3A%2F%2Fd1x91p7vw3vuq8.cloudfront.net%2Fitemku-upload%2F2025522%2Fnfuptuxzrzfj5jh0pdlh1_thumbnail.jpg&w=1033&q=75;;;
Item;Murder Mystery 19;Rp3.000;17 terjual;Saw;https://imgop.itemku.com/?url=https%3A%2F%2Fd1x91p7vw3vuq8.cloudfront.net%2Fitemku-upload%2F2025522%2Fd0e49xaxt0mb73q8nkx11w_thumbnail.jpg&w=1033&q=75;;;
Item;Murder Mystery 20;Rp4.000;24 terjual;Hallow's Edge;https://imgop.itemku.com/?url=https%3A%2F%2Fd1x91p7vw3vuq8.cloudfront.net%2Fitemku-upload%2F2025530%2Fli5pi3qy8a9apfz8j0lofp_thumbnail.jpg&w=1033&q=75;;;
Item;Murder Mystery 21;Rp60.000;;Sugar Murder Mystery 2;https://imgop.itemku.com/?url=https%3A%2F%2Fd1x91p7vw3vuq8.cloudfront.net%2Fitemku-upload%2F2025824%2Fa9oy7u31z0onwqkl0ei07r_thumbnail.jpg&w=1033&q=75;;;
Item;Murder Mystery 22;Rp141.591;112 terjual;Heart Wand;https://imgop.itemku.com/?url=https%3A%2F%2Fd1x91p7vw3vuq8.cloudfront.net%2Fitemku-upload%2F202645%2F4t3h1oiyk2m3jx0wiobyfu_thumbnail.jpg&w=1033&q=75;;;
Item;Murder Mystery 23;Rp11.125;109 terjual;Darkbringer;https://imgop.itemku.com/?url=https%3A%2F%2Fd1x91p7vw3vuq8.cloudfront.net%2Fitemku-upload%2F202647%2Fgq7sofydyg4ltc87ly5gcs_thumbnail.jpg&w=1033&q=75;;;
Item;Murder Mystery 24;Rp78.200;99 terjual;Harvester;https://imgop.itemku.com/?url=https%3A%2F%2Fd1x91p7vw3vuq8.cloudfront.net%2Fitemku-upload%2F2026426%2Fc9yzz1qd7q9y3rm8horms_thumbnail.jpg&w=1033&q=75;;;
Item;Murder Mystery 25;Rp114.000;90 terjual;Rainbow Gun - (Murder Mystery 2);https://imgop.itemku.com/?url=https%3A%2F%2Fd1x91p7vw3vuq8.cloudfront.net%2Fitemku-upload%2F202386%2F5uku1k1rtbhv7rp6ogvbo_thumbnail.jpg&w=1033&q=75;;;
Item;Murder Mystery 26;Rp10.000;75 terjual;Prismatic;https://imgop.itemku.com/?url=https%3A%2F%2Fd1x91p7vw3vuq8.cloudfront.net%2Fitemku-upload%2F20241113%2Fglzjtcc8uhjas8nckpwcw_thumbnail.jpg&w=1033&q=75;;;
Item;Murder Mystery 27;Rp420.000;67 terjual;Raygun mm2;https://imgop.itemku.com/?url=https%3A%2F%2Fd1x91p7vw3vuq8.cloudfront.net%2Fitemku-upload%2F20251021%2Fxsbtlgpyc6wjte7ksgnt_thumbnail.jpg&w=1033&q=75;;;
Item;Murder Mystery 28;Rp37.200;66 terjual;Bat;https://imgop.itemku.com/?url=https%3A%2F%2Fd1x91p7vw3vuq8.cloudfront.net%2Fitemku-upload%2F2026426%2Fyhf3bnsyupsoajvtunmm_thumbnail.jpg&w=1033&q=75;;;
Item;Murder Mystery 29;Rp29.500;58 terjual;Chroma Darkbringer;https://imgop.itemku.com/?url=https%3A%2F%2Fd1x91p7vw3vuq8.cloudfront.net%2Fitemku-upload%2F2026326%2Fzllqmb32w33ixosrxij9p_thumbnail.jpg&w=1033&q=75;;;
Item;Murder Mystery 30;Rp44.000;115 terjual;Ice Set;https://imgop.itemku.com/?url=https%3A%2F%2Fd1x91p7vw3vuq8.cloudfront.net%2Fitemku-upload%2F202595%2F7tf2kcshtfqfvyenqllsp_thumbnail.jpg&w=1033&q=75;;;
Item;Murder Mystery 31;Rp42.000;113 terjual;Candy Set;https://imgop.itemku.com/?url=https%3A%2F%2Fd1x91p7vw3vuq8.cloudfront.net%2Fitemku-upload%2F202595%2F2tvsiw0d7fhrngep8vuu3_thumbnail.jpg&w=1033&q=75;;;
Item;Murder Mystery 32;Rp33.000;105 terjual;Full Swirly Set;https://imgop.itemku.com/?url=https%3A%2F%2Fd1x91p7vw3vuq8.cloudfront.net%2Fitemku-upload%2F202595%2F8rseg2uxipyblqhx1uncts_thumbnail.jpg&w=1033&q=75;;;
Item;Murder Mystery 33;Rp18.000;83 terjual;Hallow Set;https://imgop.itemku.com/?url=https%3A%2F%2Fd1x91p7vw3vuq8.cloudfront.net%2Fitemku-upload%2F202644%2Fo0y7r5ibbt8g4ihyg4z_thumbnail.jpg&w=1033&q=75;;;
Item;Murder Mystery 34;Rp37.000;79 terjual;Elderwood Set;https://imgop.itemku.com/?url=https%3A%2F%2Fd1x91p7vw3vuq8.cloudfront.net%2Fitemku-upload%2F202553%2Fwj5tnoi8niv5ya1au9ub_thumbnail.jpg&w=1033&q=75;;;
Item;Murder Mystery 35;Rp34.000;75 terjual;Ice Set;https://imgop.itemku.com/?url=https%3A%2F%2Fd1x91p7vw3vuq8.cloudfront.net%2Fitemku-upload%2F2026330%2Fk5ho78lv5or3o7rdzol5p_thumbnail.jpg&w=1033&q=75;;;
Item;Murder Mystery 36;Rp26.000;71 terjual;Elderwood Set;https://imgop.itemku.com/?url=https%3A%2F%2Fd1x91p7vw3vuq8.cloudfront.net%2Fitemku-upload%2F2026330%2F2tw0mwfa084jq1hfvgaop_thumbnail.jpg&w=1033&q=75;;;
Item;Murder Mystery 37;Rp230.000;67 terjual;Chroma set (15 weapons 7 pets) - Murder Mystery 2;https://imgop.itemku.com/?url=https%3A%2F%2Fd1x91p7vw3vuq8.cloudfront.net%2Fitemku-upload%2F2026422%2F6q83syetspmpmj03ihxnv_thumbnail.jpg&w=1033&q=75;;;
Item;Murder Mystery 38;Rp230.000;47 terjual;Bloom Set ( Bloom + Flora );https://imgop.itemku.com/?url=https%3A%2F%2Fd1x91p7vw3vuq8.cloudfront.net%2Fitemku-upload%2F202595%2F7e4y5p5ctarhrk23wgl_thumbnail.jpg&w=1033&q=75;;;
Item;Murder Mystery 39;Rp499.000;36 terjual;Sunset Set;https://imgop.itemku.com/?url=https%3A%2F%2Fd1x91p7vw3vuq8.cloudfront.net%2Fitemku-upload%2F202595%2F8xij607jni5gzc4zup6lp_thumbnail.jpg&w=1033&q=75;;;
Item;Murder Mystery 40;Rp395.000;32 terjual;Snowcannon Set (Snowcannon + Snow Dagger) - Murder Mystery 2;https://imgop.itemku.com/?url=https%3A%2F%2Fd1x91p7vw3vuq8.cloudfront.net%2Fitemku-upload%2F20251216%2Fd22ts96cigmi061kigx4ph_thumbnail.jpg&w=1033&q=75;;;
Item;Murder Mystery 41;Rp28.000;28 terjual;Spectre Set;https://imgop.itemku.com/?url=https%3A%2F%2Fd1x91p7vw3vuq8.cloudfront.net%2Fitemku-upload%2F2026330%2Fgbgtyu93joi1sonfld7333_thumbnail.jpg&w=1033&q=75;;;
Item;Murder Mystery 42;Rp1.305.000;28 terjual;Raygun Set / Alien set - Murder Mystery 2;https://imgop.itemku.com/?url=https%3A%2F%2Fd1x91p7vw3vuq8.cloudfront.net%2Fitemku-upload%2F2025117%2Fhnk4ve5fazt86igjjaplo_thumbnail.jpg&w=1033&q=75;;;
Item;Murder Mystery 43;Rp9.000;27 terjual;Frostfade Set (Frostfade + Frostfade Gun);https://imgop.itemku.com/?url=https%3A%2F%2Fd1x91p7vw3vuq8.cloudfront.net%2Fitemku-upload%2F202446%2Fvw2b33go2y1u5wr1qdxpo_thumbnail.jpg&w=1033&q=75;;;
Item;Murder Mystery 44;Rp8.800;26 terjual;Overseer Set (Overseer + Overseer Gun);https://imgop.itemku.com/?url=https%3A%2F%2Fd1x91p7vw3vuq8.cloudfront.net%2Fitemku-upload%2F202446%2Fa7cnu4esxboy8ahftk984_thumbnail.jpg&w=1033&q=75;;;
Item;Murder Mystery 45;Rp30.000;25 terjual;Spectre Set;https://imgop.itemku.com/?url=https%3A%2F%2Fd1x91p7vw3vuq8.cloudfront.net%2Fitemku-upload%2F202595%2Fbk7x6uksipr32cdr08dolx_thumbnail.jpg&w=1033&q=75;;;
Item;Murder Mystery 46;Rp42.100;24 terjual;Candy Set;https://imgop.itemku.com/?url=https%3A%2F%2Fd1x91p7vw3vuq8.cloudfront.net%2Fitemku-upload%2F2026426%2Fm54wj7vr1izgnjr1vccv_thumbnail.jpg&w=1033&q=75;;;
Item;Murder Mystery 47;Rp9.000;24 terjual;Spectral Set (Spectral + Spectral Gun);https://imgop.itemku.com/?url=https%3A%2F%2Fd1x91p7vw3vuq8.cloudfront.net%2Fitemku-upload%2F202449%2Fpjpdahot2ojwmmg5uwmyq_thumbnail.jpg&w=1033&q=75;;;
Item;Murder Mystery 48;Rp700.000;24 terjual;Vampire Set;https://imgop.itemku.com/?url=https%3A%2F%2Fd1x91p7vw3vuq8.cloudfront.net%2Fitemku-upload%2F202595%2Fyhwdig4255cls0myytc0v_thumbnail.jpg&w=1033&q=75;;;
Item;Murder Mystery 49;Rp850.000;24 terjual;Dark Set;https://imgop.itemku.com/?url=https%3A%2F%2Fd1x91p7vw3vuq8.cloudfront.net%2Fitemku-upload%2F2025725%2Fax4zo4mo5h6269qwvh06cs_thumbnail.jpg&w=1033&q=75;;;
Item;Murder Mystery 50;Rp1.900;62 terjual;Fire Bat - (Murder Mystery 2);https://imgop.itemku.com/?url=https%3A%2F%2Fd1x91p7vw3vuq8.cloudfront.net%2Fitemku-upload%2F202386%2Fljns3ex1euf60qtsjgii4g_thumbnail.jpg&w=1033&q=75;;;
Item;Murder Mystery 51;Rp7.000;47 terjual;Deathspeaker;https://imgop.itemku.com/?url=https%3A%2F%2Fd1x91p7vw3vuq8.cloudfront.net%2Fitemku-upload%2F202443%2Fehba6w7poci5gne2xvymoy_thumbnail.jpg&w=1033&q=75;;;
Item;Murder Mystery 52;Rp1.500;34 terjual;Fire Bunny - (Murder Mystery 2);https://imgop.itemku.com/?url=https%3A%2F%2Fd1x91p7vw3vuq8.cloudfront.net%2Fitemku-upload%2F202386%2Fdxsd6jwdol8qdptd1bc7ip_thumbnail.jpg&w=1033&q=75;;;
Item;Murder Mystery 53;Rp4.900;30 terjual;Chroma Fire Pig - (Murder Mystery 2);https://imgop.itemku.com/?url=https%3A%2F%2Fd1x91p7vw3vuq8.cloudfront.net%2Fitemku-upload%2F202386%2Ff4wuxjwk9co3kr090tax42_thumbnail.jpg&w=1033&q=75;;;
Item;Murder Mystery 54;Rp1.900;30 terjual;Fire Cat - (Murder Mystery 2);https://imgop.itemku.com/?url=https%3A%2F%2Fd1x91p7vw3vuq8.cloudfront.net%2Fitemku-upload%2F202386%2Fqp5l8kvjupsjw7ullwclc_thumbnail.jpg&w=1033&q=75;;;
Item;Murder Mystery 55;Rp1.900;28 terjual;Fire Fox - (Murder Mystery 2);https://imgop.itemku.com/?url=https%3A%2F%2Fd1x91p7vw3vuq8.cloudfront.net%2Fitemku-upload%2F202386%2F0e7mnwcskhpkapmxjie8fw_thumbnail.jpg&w=1033&q=75;;;
Item;Murder Mystery 56;Rp1.900;23 terjual;Fire Bear - (Murder Mystery 2);https://imgop.itemku.com/?url=https%3A%2F%2Fd1x91p7vw3vuq8.cloudfront.net%2Fitemku-upload%2F202386%2Fau9adfueprf0c5ay8wsk2rb_thumbnail.jpg&w=1033&q=75;;;
Item;Murder Mystery 57;Rp1.900;22 terjual;Fire Pig - (Murder Mystery 2);https://imgop.itemku.com/?url=https%3A%2F%2Fd1x91p7vw3vuq8.cloudfront.net%2Fitemku-upload%2F202386%2Fgp7rib2vmugm6aqzorxzq_thumbnail.jpg&w=1033&q=75;;;
Item;Murder Mystery 58;Rp4.400;20 terjual;Chroma Fire Dog - (Murder Mystery 2);https://imgop.itemku.com/?url=https%3A%2F%2Fd1x91p7vw3vuq8.cloudfront.net%2Fitemku-upload%2F202386%2Fhfllltqd7vc2ddkoevaccj_thumbnail.jpg&w=1033&q=75;;;
Item;Murder Mystery 59;Rp1.900;20 terjual;Fire Dog - (Murder Mystery 2);https://imgop.itemku.com/?url=https%3A%2F%2Fd1x91p7vw3vuq8.cloudfront.net%2Fitemku-upload%2F202383%2Ftuxctdnndcpp3gxdz8ciui_thumbnail.jpg&w=1033&q=75;;;
Item;Murder Mystery 60;Rp5.000;5 terjual;Chroma Fire Fox;https://imgop.itemku.com/?url=https%3A%2F%2Fd1x91p7vw3vuq8.cloudfront.net%2Fitemku-upload%2F2026326%2Fcxsigrg2tmrwd876i3zmcs_thumbnail.jpg&w=1033&q=75;;;
Item;Murder Mystery 61;Rp5.000;4 terjual;Chroma Fire Pig;https://imgop.itemku.com/?url=https%3A%2F%2Fd1x91p7vw3vuq8.cloudfront.net%2Fitemku-upload%2F2026326%2F6r6ktzgyth9bs20sk3vgn_thumbnail.jpg&w=1033&q=75;;;
Item;Murder Mystery 62;Rp15.000;3 terjual;Pumpkin (Pet) Murder Mystery 2 - AdoptmeStore14;https://imgop.itemku.com/?url=https%3A%2F%2Fd1x91p7vw3vuq8.cloudfront.net%2Fitemku-upload%2F2026416%2Fdorzyc7eedllrse6n9p72q_thumbnail.jpg&w=1033&q=75;;;
Item;Murder Mystery 63;Rp25.000;2 terjual;Elitey (Pet) Murder Mystery 2 - AdoptmeStore14;https://imgop.itemku.com/?url=https%3A%2F%2Fd1x91p7vw3vuq8.cloudfront.net%2Fitemku-upload%2F2026128%2F84lrgn0psqvwrjfo7cr8b_thumbnail.jpg&w=1033&q=75;;;
Item;Murder Mystery 64;Rp5.000;2 terjual;Chroma Fire Bunny;https://imgop.itemku.com/?url=https%3A%2F%2Fd1x91p7vw3vuq8.cloudfront.net%2Fitemku-upload%2F2026326%2Fen0s7m0fdy7ifjt4n8jlv_thumbnail.jpg&w=1033&q=75;;;
Item;Murder Mystery 65;Rp9.200;1 terjual;Elitey;https://imgop.itemku.com/?url=https%3A%2F%2Fd1x91p7vw3vuq8.cloudfront.net%2Fitemku-upload%2F202653%2F0g7dze5zf6bex0g3fv9a7q_thumbnail.jpg&w=1033&q=75;;;
Item;Murder Mystery 66;Rp5.000;1 terjual;Chroma Fire Bear;https://imgop.itemku.com/?url=https%3A%2F%2Fd1x91p7vw3vuq8.cloudfront.net%2Fitemku-upload%2F2026326%2Frjylmskogxdrkgsq1ldf_thumbnail.jpg&w=1033&q=75;;;
Item;Murder Mystery 67;Rp5.000;1 terjual;Chroma Fire Cat;https://imgop.itemku.com/?url=https%3A%2F%2Fd1x91p7vw3vuq8.cloudfront.net%2Fitemku-upload%2F2026326%2Fmxvtjlkcjssu82u9vh1o3q_thumbnail.jpg&w=1033&q=75;;;
Item;Murder Mystery 68;Rp5.000;1 terjual;Chroma Fire Dog;https://imgop.itemku.com/?url=https%3A%2F%2Fd1x91p7vw3vuq8.cloudfront.net%2Fitemku-upload%2F2026326%2Fu5rogpnr64y627qxr0r9l_thumbnail.jpg&w=1033&q=75;;;
Item;Murder Mystery 69;Rp25.000;1 terjual;Heart pet / <3 pet  - murder mystery 2;https://imgop.itemku.com/?url=https%3A%2F%2Fd1x91p7vw3vuq8.cloudfront.net%2Fitemku-upload%2F202647%2Ftj2oz5s1l8d0uz8eq6f41he_thumbnail.jpg&w=1033&q=75;;;
Item;Murder Mystery 70;Rp5.000;49 terjual;Murder Mystery 2 Account | In-Game Bonus;https://imgop.itemku.com/?url=https%3A%2F%2Fd1x91p7vw3vuq8.cloudfront.net%2Fitemku-upload%2F202656%2F54yybtvow3r5195bnyxsp_thumbnail.jpg&w=1033&q=75;;;
Item;Murder Mystery 71;Rp300.000;3 terjual;Akun Murder Mystery 2 | ✔️ Full Chroma Set x15 | ✔️ Bonus Pet;https://imgop.itemku.com/?url=https%3A%2F%2Fd1x91p7vw3vuq8.cloudfront.net%2Fitemku-upload%2F2026116%2Fz6pwz3k9cyq1f971dlm83r_thumbnail.jpg&w=1033&q=75;;;
Item;Murder Mystery 72;Rp6.900;138 terjual;akun 6k coin polos Murah;https://imgop.itemku.com/?url=https%3A%2F%2Fd1x91p7vw3vuq8.cloudfront.net%2Fitemku-upload%2F2025210%2Fgwmklpb3pqcv0pjx7sq_thumbnail.jpg&w=1033&q=75;;;
Item;Murder Mystery 73;Rp9.500;26 terjual;akun 8k coin polos murah;https://imgop.itemku.com/?url=https%3A%2F%2Fd1x91p7vw3vuq8.cloudfront.net%2Fitemku-upload%2F2026124%2F16mtc1eo1k4dn7hwjr053w_thumbnail.jpg&w=1033&q=75;;;
Item;Murder Mystery 74;Rp118.000;6 terjual;akun 51k coin polos Murah;https://imgop.itemku.com/?url=https%3A%2F%2Fd1x91p7vw3vuq8.cloudfront.net%2Fitemku-upload%2F2026213%2Ftkk2yye7ullge99l7qi2_thumbnail.jpg&w=1033&q=75;;;
Item;Murder Mystery 75;Rp265.000;37 terjual;Soul Set (Soul & Spirit);https://imgop.itemku.com/?url=https%3A%2F%2Fd1x91p7vw3vuq8.cloudfront.net%2Fitemku-upload%2F2025214%2Fu33g575kephixilht0xaw_thumbnail.jpg&w=1033&q=75;;;
Item;Murder Mystery 76;Rp72.000;13 terjual;Borealis Set (Borealis & Australis);https://imgop.itemku.com/?url=https%3A%2F%2Fd1x91p7vw3vuq8.cloudfront.net%2Fitemku-upload%2F2025214%2Frtheyb9frvwt1wx4czx2_thumbnail.jpg&w=1033&q=75;;;
Item;Murder Mystery 77;Rp50.000;13 terjual;Pearl Set (Pearl & Pearlshine);https://imgop.itemku.com/?url=https%3A%2F%2Fd1x91p7vw3vuq8.cloudfront.net%2Fitemku-upload%2F2025214%2F6v97uhws55fl8kmz47c3np_thumbnail.jpg&w=1033&q=75;;;
Item;Murder Mystery 78;Rp15.000;;Candies (Item2017) Murder Mystery 2 - AdoptmeStore14;https://imgop.itemku.com/?url=https%3A%2F%2Fd1x91p7vw3vuq8.cloudfront.net%2Fitemku-upload%2F2026423%2Fw0atvjlulh3clotwqi9p_thumbnail.jpg&w=1033&q=75;;;
Item;Blue Lock Rivals;Rp14.000;4001 terjual;Style Slot;https://imgop.itemku.com/?url=https%3A%2F%2Fd1x91p7vw3vuq8.cloudfront.net%2Fitemku-upload%2F202548%2F8j80hoixekhoj6sx64tqsi_thumbnail.jpg&w=1033&q=75;;;
Item;Blue Lock Rivals;Rp16.500;1732 terjual;Second Style Slot;https://imgop.itemku.com/?url=https%3A%2F%2Fd1x91p7vw3vuq8.cloudfront.net%2Fitemku-upload%2F202533%2Fmhgg0xies1m4j53jqmvw9_thumbnail.jpg&w=1033&q=75;;;
Item;Blue Lock Rivals;Rp16.500;1706 terjual;Second Style Slot;https://imgop.itemku.com/?url=https%3A%2F%2Fd1x91p7vw3vuq8.cloudfront.net%2Fitemku-upload%2F202539%2F3cidibdm7vaq1zbq91foi9_thumbnail.jpg&w=1033&q=75;;;
Item;Blue Lock Rivals;Rp28.200;1200 terjual;Third Style Slot;https://imgop.itemku.com/?url=https%3A%2F%2Fd1x91p7vw3vuq8.cloudfront.net%2Fitemku-upload%2F2025221%2Fp6cnxg5tejah6nl5pi54je_thumbnail.jpg&w=1033&q=75;;;
Item;Blue Lock Rivals;Rp16.900;1064 terjual;Goal Sound;https://imgop.itemku.com/?url=https%3A%2F%2Fd1x91p7vw3vuq8.cloudfront.net%2Fitemku-upload%2F2025226%2F3ywvxeo0on55dvo7my3ve2_thumbnail.jpg&w=1033&q=75;;;
Item;Blue Lock Rivals;Rp16.900;895 terjual;Ankle Breaker Sound;https://imgop.itemku.com/?url=https%3A%2F%2Fd1x91p7vw3vuq8.cloudfront.net%2Fitemku-upload%2F2025226%2F57rrfjes0dxhof49puwmm_thumbnail.jpg&w=1033&q=75;;;
Item;Blue Lock Rivals;Rp14.000;772 terjual;Goal Sound;https://imgop.itemku.com/?url=https%3A%2F%2Fd1x91p7vw3vuq8.cloudfront.net%2Fitemku-upload%2F2025221%2F94emkwq9qhsk5h3uxgjzuc_thumbnail.jpg&w=1033&q=75;;;
Item;Blue Lock Rivals;Rp14.000;769 terjual;Flow Slot;https://imgop.itemku.com/?url=https%3A%2F%2Fd1x91p7vw3vuq8.cloudfront.net%2Fitemku-upload%2F202548%2F9zbcouu4mxmsvohxs64zf_thumbnail.jpg&w=1033&q=75;;;
Item;Blue Lock Rivals;Rp9.405;757 terjual;Private Server;https://imgop.itemku.com/?url=https%3A%2F%2Fd1x91p7vw3vuq8.cloudfront.net%2Fitemku-upload%2F2025222%2F2d4x2dv1i4ngafw166s22v_thumbnail.jpg&w=1033&q=75;;;
Item;Blue Lock Rivals;Rp9.405;700 terjual;Skip Spins;https://imgop.itemku.com/?url=https%3A%2F%2Fd1x91p7vw3vuq8.cloudfront.net%2Fitemku-upload%2F2025222%2Fmwvricx9wxztel5kasisk_thumbnail.jpg&w=1033&q=75;;;
Item;Blue Lock Rivals;Rp28.200;687 terjual;Limited Goal Effect;https://imgop.itemku.com/?url=https%3A%2F%2Fd1x91p7vw3vuq8.cloudfront.net%2Fitemku-upload%2F2026524%2Fkrwoqwnomnspydbkophjni_thumbnail.jpg&w=1033&q=75;;;
Item;Blue Lock Rivals;Rp33.000;560 terjual;Third Style Slot;https://imgop.itemku.com/?url=https%3A%2F%2Fd1x91p7vw3vuq8.cloudfront.net%2Fitemku-upload%2F202533%2Fuezmnunpl9tpj2bf9ja3e_thumbnail.jpg&w=1033&q=75;;;
Item;Blue Lock Rivals;Rp9.300;547 terjual;Skip Spins;https://imgop.itemku.com/?url=https%3A%2F%2Fd1x91p7vw3vuq8.cloudfront.net%2Fitemku-upload%2F2025221%2Flue1yqby9t9mtmaqpstdr_thumbnail.jpg&w=1033&q=75;;;
Item;Blue Lock Rivals;Rp37.700;484 terjual;4th Style Slot;https://imgop.itemku.com/?url=https%3A%2F%2Fd1x91p7vw3vuq8.cloudfront.net%2Fitemku-upload%2F2025221%2Fev3aeovcoqu97vq7e24uc4_thumbnail.jpg&w=1033&q=75;;;
Item;Blue Lock Rivals;Rp14.000;470 terjual;Ankle Breaker Sound;https://imgop.itemku.com/?url=https%3A%2F%2Fd1x91p7vw3vuq8.cloudfront.net%2Fitemku-upload%2F2025221%2F49gyrbhqm2thjzt0go1fjv_thumbnail.jpg&w=1033&q=75;;;
Item;Blue Lock Rivals;Rp16.500;448 terjual;Second Flow Slot;https://imgop.itemku.com/?url=https%3A%2F%2Fd1x91p7vw3vuq8.cloudfront.net%2Fitemku-upload%2F202539%2Fb2z1kmsnx1oqiik1m7bk7k_thumbnail.jpg&w=1033&q=75;;;
Item;Blue Lock Rivals;Rp9.300;416 terjual;Private Server;https://imgop.itemku.com/?url=https%3A%2F%2Fd1x91p7vw3vuq8.cloudfront.net%2Fitemku-upload%2F2025221%2Fipzjyo9dwx695jmhony3f_thumbnail.jpg&w=1033&q=75;;;
Item;Blue Lock Rivals;Rp54.500;416 terjual;VIP;https://imgop.itemku.com/?url=https%3A%2F%2Fd1x91p7vw3vuq8.cloudfront.net%2Fitemku-upload%2F20241215%2F5zoqwc2hcxpgxyi4d91cql_thumbnail.jpg&w=1033&q=75;;;
Item;Blue Lock Rivals;Rp16.500;404 terjual;Flow Slot;https://imgop.itemku.com/?url=https%3A%2F%2Fd1x91p7vw3vuq8.cloudfront.net%2Fitemku-upload%2F202539%2Fvaod5gw65gghc95fken80a_thumbnail.jpg&w=1033&q=75;;;
Item;Blue Lock Rivals;Rp10.880;359 terjual;Skip Spins;https://imgop.itemku.com/?url=https%3A%2F%2Fd1x91p7vw3vuq8.cloudfront.net%2Fitemku-upload%2F2025217%2Fgfyc8xo7jf4hyjw1ofm5jr_thumbnail.jpg&w=1033&q=75;;;
Item;Blue Lock Rivals;Rp5.560;236 terjual;$4,000;https://imgop.itemku.com/?url=https%3A%2F%2Fd1x91p7vw3vuq8.cloudfront.net%2Fitemku-upload%2F20241215%2Fjo32r7kxsf5l53k2l8q6v_thumbnail.jpg&w=1033&q=75;;;
Item;Blue Lock Rivals;Rp4.600;122 terjual;$4,000;https://imgop.itemku.com/?url=https%3A%2F%2Fd1x91p7vw3vuq8.cloudfront.net%2Fitemku-upload%2F2025221%2Fz9zglv09f1ig07hnrxodj_thumbnail.jpg&w=1033&q=75;;;
Item;Blue Lock Rivals;Rp44.870;39 terjual;$32,000;https://imgop.itemku.com/?url=https%3A%2F%2Fd1x91p7vw3vuq8.cloudfront.net%2Fitemku-upload%2F20241215%2F7q4714jk9okpkzxnlnl4a_thumbnail.jpg&w=1033&q=75;;;
Item;Blue Lock Rivals;Rp113.850;25 terjual;$99,000;https://imgop.itemku.com/?url=https%3A%2F%2Fd1x91p7vw3vuq8.cloudfront.net%2Fitemku-upload%2F20241217%2Fal9ttz55nlqi8cehbok1g_thumbnail.jpg&w=1033&q=75;;;
Item;Blue Lock Rivals;Rp22.350;25 terjual;$15,000;https://imgop.itemku.com/?url=https%3A%2F%2Fd1x91p7vw3vuq8.cloudfront.net%2Fitemku-upload%2F20241215%2F3qznopaxeiyrypdfpk29k_thumbnail.jpg&w=1033&q=75;;;
Item;Blue Lock Rivals;Rp4.490;23 terjual;$4,000;https://imgop.itemku.com/?url=https%3A%2F%2Fd1x91p7vw3vuq8.cloudfront.net%2Fitemku-upload%2F2025312%2Fn9313lzb52pxcv3348f89_thumbnail.jpg&w=1033&q=75;;;
Item;Blue Lock Rivals;Rp18.800;23 terjual;$15,000;https://imgop.itemku.com/?url=https%3A%2F%2Fd1x91p7vw3vuq8.cloudfront.net%2Fitemku-upload%2F2025221%2F1aplosaaocwrbhw8xb3ei_thumbnail.jpg&w=1033&q=75;;;
Item;Blue Lock Rivals;Rp64.690;23 terjual;$50,000;https://imgop.itemku.com/?url=https%3A%2F%2Fd1x91p7vw3vuq8.cloudfront.net%2Fitemku-upload%2F20241215%2F2qcbk35yj0ifjjfyj1w2pd_thumbnail.jpg&w=1033&q=75;;;
Item;Blue Lock Rivals;Rp37.700;18 terjual;$32,000;https://imgop.itemku.com/?url=https%3A%2F%2Fd1x91p7vw3vuq8.cloudfront.net%2Fitemku-upload%2F2025221%2F3qelq6kszemjkbwvdxpoor_thumbnail.jpg&w=1033&q=75;;;
Item;Blue Lock Rivals;Rp4.500;15 terjual;$4,000;https://imgop.itemku.com/?url=https%3A%2F%2Fd1x91p7vw3vuq8.cloudfront.net%2Fitemku-upload%2F2025112%2Fpak7oy38osz971ujjvh7_thumbnail.jpg&w=1033&q=75;;;
Item;Blue Lock Rivals;Rp4.920;8 terjual;$4,000;https://imgop.itemku.com/?url=https%3A%2F%2Fd1x91p7vw3vuq8.cloudfront.net%2Fitemku-upload%2F2025522%2F8z2hn93ruqbhbd3ot3lf78_thumbnail.jpg&w=1033&q=75;;;
Item;Blue Lock Rivals;Rp56.600;7 terjual;$50,000;https://imgop.itemku.com/?url=https%3A%2F%2Fd1x91p7vw3vuq8.cloudfront.net%2Fitemku-upload%2F2025221%2F836bxdwtl6h29b2cqokigz_thumbnail.jpg&w=1033&q=75;;;
Item;Blue Lock Rivals;Rp94.400;7 terjual;$99,000;https://imgop.itemku.com/?url=https%3A%2F%2Fd1x91p7vw3vuq8.cloudfront.net%2Fitemku-upload%2F2025312%2F8tsattxngapf3rh0jtjfwf_thumbnail.jpg&w=1033&q=75;;;
Item;Blue Lock Rivals;Rp54.500;3 terjual;$50,000;https://imgop.itemku.com/?url=https%3A%2F%2Fd1x91p7vw3vuq8.cloudfront.net%2Fitemku-upload%2F2025112%2Fgywo0ext0veybjvvxg9it_thumbnail.jpg&w=1033&q=75;;;
Item;Blue Lock Rivals;Rp64.500;2 terjual;$50,000;https://imgop.itemku.com/?url=https%3A%2F%2Fd1x91p7vw3vuq8.cloudfront.net%2Fitemku-upload%2F2025812%2Flq87zdxxydesp0ax8j2m_thumbnail.jpg&w=1033&q=75;;;
Item;Blue Lock Rivals;Rp54.490;1 terjual;$50,000;https://imgop.itemku.com/?url=https%3A%2F%2Fd1x91p7vw3vuq8.cloudfront.net%2Fitemku-upload%2F2025312%2Fhwepurva9raklwu2xlkjy9_thumbnail.jpg&w=1033&q=75;;;
Item;Blue Lock Rivals;Rp36.490;1 terjual;$32,000;https://imgop.itemku.com/?url=https%3A%2F%2Fd1x91p7vw3vuq8.cloudfront.net%2Fitemku-upload%2F2025312%2Fsct71aj2m6kuqmjby2oa0f_thumbnail.jpg&w=1033&q=75;;;
Item;Blue Lock Rivals;Rp17.990;1 terjual;$15,000;https://imgop.itemku.com/?url=https%3A%2F%2Fd1x91p7vw3vuq8.cloudfront.net%2Fitemku-upload%2F2025312%2F3k455f7nnk6oubqunw13z_thumbnail.jpg&w=1033&q=75;;;
Item;Blue Lock Rivals;Rp36.500;1 terjual;$32,000;https://imgop.itemku.com/?url=https%3A%2F%2Fd1x91p7vw3vuq8.cloudfront.net%2Fitemku-upload%2F2025522%2Fg5qlpj57blxbp59z3bkdt_thumbnail.jpg&w=1033&q=75;;;
Item;Blue Lock Rivals;Rp19.500;1 terjual;$15,000;https://imgop.itemku.com/?url=https%3A%2F%2Fd1x91p7vw3vuq8.cloudfront.net%2Fitemku-upload%2F2025522%2Fdfupkntgdte2ohksv9a67v_thumbnail.jpg&w=1033&q=75;;;
Item;Blue Lock Rivals;Rp14.500;1580 terjual;Slot Style 2;https://imgop.itemku.com/?url=https%3A%2F%2Fd1x91p7vw3vuq8.cloudfront.net%2Fitemku-upload%2F2025314%2Fi6k2jmuy1x80qh3qee56b6_thumbnail.jpg&w=1033&q=75;;;
Item;Blue Lock Rivals;Rp13.450;774 terjual;Style Slot 2;https://imgop.itemku.com/?url=https%3A%2F%2Fd1x91p7vw3vuq8.cloudfront.net%2Fitemku-upload%2F2025311%2Fbffx6tzu2wurqcgfzonmq_thumbnail.jpg&w=1033&q=75;;;
Item;Blue Lock Rivals;Rp26.980;659 terjual;Style Slot 3;https://imgop.itemku.com/?url=https%3A%2F%2Fd1x91p7vw3vuq8.cloudfront.net%2Fitemku-upload%2F2025311%2F2y06lpc3fyol9vyubpud5s_thumbnail.jpg&w=1033&q=75;;;
Item;Blue Lock Rivals;Rp13.450;488 terjual;Goal Sound;https://imgop.itemku.com/?url=https%3A%2F%2Fd1x91p7vw3vuq8.cloudfront.net%2Fitemku-upload%2F2025312%2Ffes4cgef5ak8u3m4nqxq8n_thumbnail.jpg&w=1033&q=75;;;
Item;Blue Lock Rivals;Rp29.000;305 terjual;Slot Style 3;https://imgop.itemku.com/?url=https%3A%2F%2Fd1x91p7vw3vuq8.cloudfront.net%2Fitemku-upload%2F2025120%2Fdzkvb6aivwml1qvwzton_thumbnail.jpg&w=1033&q=75;;;
Item;Blue Lock Rivals;Rp36.000;294 terjual;Style Slot 4;https://imgop.itemku.com/?url=https%3A%2F%2Fd1x91p7vw3vuq8.cloudfront.net%2Fitemku-upload%2F2025311%2Frnrmfy4qfn6ch2diky9r3_thumbnail.jpg&w=1033&q=75;;;
Item;Blue Lock Rivals;Rp17.000;283 terjual;Slot Style 2;https://imgop.itemku.com/?url=https%3A%2F%2Fd1x91p7vw3vuq8.cloudfront.net%2Fitemku-upload%2F2025430%2Fkw54dkouirdthf1r5dikp_thumbnail.jpg&w=1033&q=75;;;
Item;Blue Lock Rivals;Rp13.450;275 terjual;Flow Slot 2;https://imgop.itemku.com/?url=https%3A%2F%2Fd1x91p7vw3vuq8.cloudfront.net%2Fitemku-upload%2F2025312%2Fgpqql7fvftkoqepzygj94a_thumbnail.jpg&w=1033&q=75;;;
Item;Blue Lock Rivals;Rp13.450;204 terjual;Ankle Breaker Sound;https://imgop.itemku.com/?url=https%3A%2F%2Fd1x91p7vw3vuq8.cloudfront.net%2Fitemku-upload%2F2025312%2Faug1xit5q4b2jwi177p1zy_thumbnail.jpg&w=1033&q=75;;;
Item;Blue Lock Rivals;Rp14.500;168 terjual;Slot Flow 2;https://imgop.itemku.com/?url=https%3A%2F%2Fd1x91p7vw3vuq8.cloudfront.net%2Fitemku-upload%2F2025317%2Fr5v3wjr71b2s50pa3hwhs_thumbnail.jpg&w=1033&q=75;;;
Item;Blue Lock Rivals;Rp45.030;104 terjual;Style Slot 5;https://imgop.itemku.com/?url=https%3A%2F%2Fd1x91p7vw3vuq8.cloudfront.net%2Fitemku-upload%2F2025311%2Fg2ggkjtrpsqfwkad65npdn_thumbnail.jpg&w=1033&q=75;;;
Item;Blue Lock Rivals;Rp17.960;84 terjual;Limited Emote;https://imgop.itemku.com/?url=https%3A%2F%2Fd1x91p7vw3vuq8.cloudfront.net%2Fitemku-upload%2F2025312%2Fqcdzrlt7ytgehutrcu4zb_thumbnail.jpg&w=1033&q=75;;;
Item;Blue Lock Rivals;Rp74.990;84 terjual;Premium Battlepass;https://imgop.itemku.com/?url=https%3A%2F%2Fd1x91p7vw3vuq8.cloudfront.net%2Fitemku-upload%2F202615%2F8i349kp6yohwuz9eph5d1_thumbnail.jpg&w=1033&q=75;;;
Item;Blue Lock Rivals;Rp10.000;80 terjual;Private Server +;https://imgop.itemku.com/?url=https%3A%2F%2Fd1x91p7vw3vuq8.cloudfront.net%2Fitemku-upload%2F2025216%2Fe9mse7bzpwaymev5v2g6p_thumbnail.jpg&w=1033&q=75;;;
Item;Blue Lock Rivals;Rp26.980;69 terjual;Flow Slot 3;https://imgop.itemku.com/?url=https%3A%2F%2Fd1x91p7vw3vuq8.cloudfront.net%2Fitemku-upload%2F2025312%2Ffugy55t0evgm7yz7jte44_thumbnail.jpg&w=1033&q=75;;;
Item;Blue Lock Rivals;Rp39.000;64 terjual;Slot Style 4;https://imgop.itemku.com/?url=https%3A%2F%2Fd1x91p7vw3vuq8.cloudfront.net%2Fitemku-upload%2F2025120%2F0h09usmd73bhrg60t8w957_thumbnail.jpg&w=1033&q=75;;;
Item;Blue Lock Rivals;Rp54.050;39 terjual;Style Slot 6;https://imgop.itemku.com/?url=https%3A%2F%2Fd1x91p7vw3vuq8.cloudfront.net%2Fitemku-upload%2F2025311%2Fns784nsfce1dbpdxy0yp6_thumbnail.jpg&w=1033&q=75;;;
Item;Blue Lock Rivals;Rp36.000;33 terjual;Limited Cosmetic;https://imgop.itemku.com/?url=https%3A%2F%2Fd1x91p7vw3vuq8.cloudfront.net%2Fitemku-upload%2F2025312%2F6bqow470v5ux1r2otv9zgq_thumbnail.jpg&w=1033&q=75;;;
Item;Blue Lock Rivals;Rp40.520;32 terjual;50 Spins Styles;https://imgop.itemku.com/?url=https%3A%2F%2Fd1x91p7vw3vuq8.cloudfront.net%2Fitemku-upload%2F2025312%2Fgakzrnc3fts127he5a3u_thumbnail.jpg&w=1033&q=75;;;
Item;Blue Lock Rivals;Rp34.000;30 terjual;Slot Style 3;https://imgop.itemku.com/?url=https%3A%2F%2Fd1x91p7vw3vuq8.cloudfront.net%2Fitemku-upload%2F2025430%2F0yt7710emyflc80xjya4sgf_thumbnail.jpg&w=1033&q=75;;;
Item;Blue Lock Rivals;Rp1.000;57 terjual;Joki Afk World Per Jam | Blue Lock Rivals;https://imgop.itemku.com/?url=https%3A%2F%2Fd1x91p7vw3vuq8.cloudfront.net%2Fitemku-upload%2F2025615%2F6xxnf3v7tkq6nef1rhtke5_thumbnail.jpg&w=1033&q=75;;;
Item;Blue Lock Rivals;Rp12.000;44 terjual;Joki Afk World Per 24 Jam | Blue Lock Rivals;https://imgop.itemku.com/?url=https%3A%2F%2Fd1x91p7vw3vuq8.cloudfront.net%2Fitemku-upload%2F2025624%2F7i9ss1beqkphnnf80qfomk_thumbnail.jpg&w=1033&q=75;;;
Item;Blue Lock Rivals;Rp8.000;15 terjual;Joki Afk World Per 12 Jam | Blue Lock Rivals;https://imgop.itemku.com/?url=https%3A%2F%2Fd1x91p7vw3vuq8.cloudfront.net%2Fitemku-upload%2F2025624%2Fcwa33xhreei3ha57ehwhaf_thumbnail.jpg&w=1033&q=75;;;
Item;Blue Lock Rivals;Rp8.000;5 terjual;AFK WORLD 12 HOURS;https://imgop.itemku.com/?url=https%3A%2F%2Fd1x91p7vw3vuq8.cloudfront.net%2Fitemku-upload%2F2025714%2F6g3an5rd9vmucc8o31xr7j_thumbnail.jpg&w=1033&q=75;;;
Item;Blue Lock Rivals;Rp15.000;2 terjual;AFK WORLD 24 HOURS;https://imgop.itemku.com/?url=https%3A%2F%2Fd1x91p7vw3vuq8.cloudfront.net%2Fitemku-upload%2F2025714%2Ftqflfuby1k9ey6gmpwim6b_thumbnail.jpg&w=1033&q=75;;;
Item;Blue Lock Rivals;Rp6.000;98 terjual;AKUN BLUE LOCK RIVALS - OTOYA STYLE;https://imgop.itemku.com/?url=https%3A%2F%2Fd1x91p7vw3vuq8.cloudfront.net%2Fitemku-upload%2F202536%2F20d8zetyk4t129xkmunhmuk_thumbnail.jpg&w=1033&q=75;;;
Item;Blue Lock Rivals;Rp75.000;97 terjual;100 Lucky Spin - Akun Blue Lock Rivals;https://imgop.itemku.com/?url=https%3A%2F%2Fd1x91p7vw3vuq8.cloudfront.net%2Fitemku-upload%2F2025615%2Fojjxmfip9w7za4rr7xkc9_thumbnail.jpg&w=1033&q=75;;;
Item;Blue Lock Rivals;Rp4.000;95 terjual;AKUN BLUE LOCK RIVALS - GAGAMARU STYLE;https://imgop.itemku.com/?url=https%3A%2F%2Fd1x91p7vw3vuq8.cloudfront.net%2Fitemku-upload%2F202536%2Fgmd3ycex72gj7ya6r28bao_thumbnail.jpg&w=1033&q=75;;;
Item;Blue Lock Rivals;Rp5.000;60 terjual;AKUN BLUE LOCK RIVALS - KARASU STYLE;https://imgop.itemku.com/?url=https%3A%2F%2Fd1x91p7vw3vuq8.cloudfront.net%2Fitemku-upload%2F202536%2Ffusxo4vlijorph9avqynq_thumbnail.jpg&w=1033&q=75;;;
Item;Blue Lock Rivals;Rp48.000;47 terjual;Nel Bachira Style - Akun Blue Lock Rivals (Bonus Lucky Spin);https://imgop.itemku.com/?url=https%3A%2F%2Fd1x91p7vw3vuq8.cloudfront.net%2Fitemku-upload%2F202619%2Fe41wej4x70daxhdz77412t_thumbnail.jpg&w=1033&q=75;;;
Item;Blue Lock Rivals;Rp24.000;46 terjual;Kunigami Style - Akun Blue lock Rivals (Bonus Lucky Spin);https://imgop.itemku.com/?url=https%3A%2F%2Fd1x91p7vw3vuq8.cloudfront.net%2Fitemku-upload%2F2025420%2Fss2d5g49cxsu8msmwb91om_thumbnail.jpg&w=1033&q=75;;;
Item;Blue Lock Rivals;Rp50.000;46 terjual;Don Lorenzo - Akun Blue Lock Rivals (Bonus Lucky Spin);https://imgop.itemku.com/?url=https%3A%2F%2Fd1x91p7vw3vuq8.cloudfront.net%2Fitemku-upload%2F2025430%2Fgt1vrote60q1g783vj1fiy_thumbnail.jpg&w=1033&q=75;;;
Item;Blue Lock Rivals;Rp48.000;45 terjual;Nel Isagi style - Akun Blue Lock Rivals (Bonus Lucky Spin);https://imgop.itemku.com/?url=https%3A%2F%2Fd1x91p7vw3vuq8.cloudfront.net%2Fitemku-upload%2F2025514%2F52e497vps0t3ynq0xkee66_thumbnail.jpg&w=1033&q=75;;;
Item;Blue Lock Rivals;Rp68.000;45 terjual;Kaiser Style - Akun Blue Lock Rivals (Bonus Lucky Spin);https://imgop.itemku.com/?url=https%3A%2F%2Fd1x91p7vw3vuq8.cloudfront.net%2Fitemku-upload%2F2025427%2Fruh6gbhpk3rw8syyum8b1p_thumbnail.jpg&w=1033&q=75;;;
Item;Blue Lock Rivals;Rp24.000;41 terjual;Aiku Style - Akun Bluelock Rivals (Bonus Lucky Spin);https://imgop.itemku.com/?url=https%3A%2F%2Fd1x91p7vw3vuq8.cloudfront.net%2Fitemku-upload%2F202561%2F96k6iqdouuf5z2rpqw00gq_thumbnail.jpg&w=1033&q=75;;;
Item;Blue Lock Rivals;Rp62.000;39 terjual;Nel Rin Style - Akun Blue Lock Rivals (Bonus Lucky Spin);https://imgop.itemku.com/?url=https%3A%2F%2Fd1x91p7vw3vuq8.cloudfront.net%2Fitemku-upload%2F2025511%2Fc3wx1wezwebp84cigr0ir_thumbnail.jpg&w=1033&q=75;;;
Item;Blue Lock Rivals;Rp48.000;25 terjual;50 Lucky Spin - Akun Blue Lock Rivals;https://imgop.itemku.com/?url=https%3A%2F%2Fd1x91p7vw3vuq8.cloudfront.net%2Fitemku-upload%2F2025511%2Ftrfxbwnp8yg32bngcjp711_thumbnail.jpg&w=1033&q=75;;;
Item;Blue Lock Rivals;Rp35.000;24 terjual;Akun Sae Polosan (Blue Lock Rivals);https://imgop.itemku.com/?url=https%3A%2F%2Fd1x91p7vw3vuq8.cloudfront.net%2Fitemku-upload%2F202565%2F6fgj1y188dhpmd3ih6nlrm_thumbnail.jpg&w=1033&q=75;;;
Item;Blue Lock Rivals;Rp48.000;16 terjual;Nel Nagi Style - Akun Blue Lock Rivals (Bonus Lucky Spin);https://imgop.itemku.com/?url=https%3A%2F%2Fd1x91p7vw3vuq8.cloudfront.net%2Fitemku-upload%2F202615%2Fywoardcce4f8558omh9wd7_thumbnail.jpg&w=1033&q=75;;;
Item;Blue Lock Rivals;Rp14.000;13 terjual;Akun Aiku Polosan (Blue Lock Rivals);https://imgop.itemku.com/?url=https%3A%2F%2Fd1x91p7vw3vuq8.cloudfront.net%2Fitemku-upload%2F2025530%2Fpu9elxjdgvglkxw0ifjyo_thumbnail.jpg&w=1033&q=75;;;
Item;Blue Lock Rivals;Rp82.000;7 terjual;Kaiser Style + Destructive Impulses - Akun Blue Lock Rivals (Bonus Lucky Spin);https://imgop.itemku.com/?url=https%3A%2F%2Fd1x91p7vw3vuq8.cloudfront.net%2Fitemku-upload%2F202561%2Fcubmm8xuu84wztnqdxutl_thumbnail.jpg&w=1033&q=75;;;
Item;Blue Lock Rivals;Rp182.000;4 terjual;Loki Style - Akun Blue Lock Rivals (Bonus Lucky Spin);https://imgop.itemku.com/?url=https%3A%2F%2Fd1x91p7vw3vuq8.cloudfront.net%2Fitemku-upload%2F2025615%2Fm09bcu44b7nlfu07jkjr_thumbnail.jpg&w=1033&q=75;;;
Item;Blue Lock Rivals;Rp55.000;2 terjual;Nel Isagi + Demon King - Akun Blue Lock Rivals (Bonus Lucky Spin);https://imgop.itemku.com/?url=https%3A%2F%2Fd1x91p7vw3vuq8.cloudfront.net%2Fitemku-upload%2F2026215%2Fcy1rau8w3jfvdhtqd6560p_thumbnail.jpg&w=1033&q=75;;;
Item;Blue Lock Rivals;Rp48.000;3 terjual;Nel Chigiri Style - Akun Blue Lock Rivals(Bonus Lucky Spin);https://imgop.itemku.com/?url=https%3A%2F%2Fd1x91p7vw3vuq8.cloudfront.net%2Fitemku-upload%2F2026510%2Fdf0b87w6rqnq6pwjhhe0yr_thumbnail.jpg&w=1033&q=75;;;
Item;Blue Lock Rivals;Rp20.000;1 terjual;Akun Kunigami+Destructive Impulse (Blue Lock Rivals);https://imgop.itemku.com/?url=https%3A%2F%2Fd1x91p7vw3vuq8.cloudfront.net%2Fitemku-upload%2F2025619%2Fd13rbcf9z1s1f7iclkacj_thumbnail.jpg&w=1033&q=75;;;
Item;Roblox;Rp120;;1 Robux;https://imgop.itemku.com/?url=https%3A%2F%2Fd1x91p7vw3vuq8.cloudfront.net%2Fitem-type%2F2025618%2Fxr1gayk11k57c29k7hjz9.png&w=96&q=75;;;
Item;Roblox;Rp11.500;;100 Robux;https://imgop.itemku.com/?url=https%3A%2F%2Fd1x91p7vw3vuq8.cloudfront.net%2Fitem-type%2F2025618%2Fo36s21ul51as2a4oznihw9.png&w=96&q=75;;;
Item;Roblox;Rp57.500;;500 Robux;https://imgop.itemku.com/?url=https%3A%2F%2Fd1x91p7vw3vuq8.cloudfront.net%2Fitem-type%2F2025618%2Fy6wnxkkplb5vjr7sx937m.png&w=96&q=75;;;
Item;Roblox;Rp115.000;;1000 Robux;https://imgop.itemku.com/?url=https%3A%2F%2Fd1x91p7vw3vuq8.cloudfront.net%2Fitem-type%2F2025618%2F601xf5c7qgnlb1felhxzql.png&w=96&q=75;;;
Item;Roblox;Rp188.000;;1500 Robux;https://imgop.itemku.com/?url=https%3A%2F%2Fd1x91p7vw3vuq8.cloudfront.net%2Fitem-type%2F2025618%2F9nv3c8smk5qvyss2rhgz5.png&w=96&q=75;;;
Item;Roblox;Rp240.000;;2000 Robux;https://imgop.itemku.com/?url=https%3A%2F%2Fd1x91p7vw3vuq8.cloudfront.net%2Fitem-type%2F2025618%2Fsvcgeojjg5n5c5zu67s9.png&w=96&q=75;;;
Item;Roblox;Rp424.990;;3000 Robux;https://imgop.itemku.com/?url=https%3A%2F%2Fd1x91p7vw3vuq8.cloudfront.net%2Fitem-type%2F2025618%2Ff0sv5x3ebuxgiu26u6qri.png&w=96&q=75;;;
Item;Roblox;Rp459.600;;4000 Robux;https://imgop.itemku.com/?url=https%3A%2F%2Fd1x91p7vw3vuq8.cloudfront.net%2Fitem-type%2F2025618%2F334ua6q0kt50vt4jbkrkfu.png&w=96&q=75;;;
Item;Roblox;Rp574.500;;5000 Robux;https://imgop.itemku.com/?url=https%3A%2F%2Fd1x91p7vw3vuq8.cloudfront.net%2Fitem-type%2F2025618%2Fxk6o2p4nlaahcq89jen9gt.png&w=96&q=75;;;
Item;Roblox;Rp689.400;;6000 Robux;https://imgop.itemku.com/?url=https%3A%2F%2Fd1x91p7vw3vuq8.cloudfront.net%2Fitem-type%2F2025618%2Fm6wdfddp07si1vrnhurvig.png&w=96&q=75;;;
Item;Roblox;Rp804.300;;7000 Robux;https://imgop.itemku.com/?url=https%3A%2F%2Fd1x91p7vw3vuq8.cloudfront.net%2Fitem-type%2F2025618%2Fcjyjcmtyklwkq3z3fgn7lq.png&w=96&q=75;;;
Item;Roblox;Rp919.200;;8000 Robux;https://imgop.itemku.com/?url=https%3A%2F%2Fd1x91p7vw3vuq8.cloudfront.net%2Fitem-type%2F2025618%2Fvs3m4xxa16cdsd6w58p84.png&w=96&q=75;;;
Item;Roblox;Rp1.034.100;;9000 Robux;https://imgop.itemku.com/?url=https%3A%2F%2Fd1x91p7vw3vuq8.cloudfront.net%2Fitem-type%2F2025618%2Foth7yluko0rukawa2dewse.png&w=96&q=75;;;
Item;Roblox;Rp1.149.000;;10000 Robux;https://imgop.itemku.com/?url=https%3A%2F%2Fd1x91p7vw3vuq8.cloudfront.net%2Fitem-type%2F2025618%2Fvea75m8c7ao81w8z1tj86e.png&w=96&q=75;;;
Item;Roblox;Rp200;;1 Robux before Tax;https://imgop.itemku.com/?url=https%3A%2F%2Fd1x91p7vw3vuq8.cloudfront.net%2Fitem-type%2F2025618%2Fzw8tzf7v5dk5x2r6xwet1n.png&w=96&q=75;;;
Item;Roblox;Rp10.000;;100 Robux before Tax;https://imgop.itemku.com/?url=https%3A%2F%2Fd1x91p7vw3vuq8.cloudfront.net%2Fitem-type%2F2025618%2F06kuzw99klrcodwqfdpod7.png&w=96&q=75;;;
Item;Roblox;Rp50.000;;500 Robux before Tax;https://imgop.itemku.com/?url=https%3A%2F%2Fd1x91p7vw3vuq8.cloudfront.net%2Fitem-type%2F2025618%2Fp5bbjf5hmzagr4y1lsmfa.png&w=96&q=75;;;
Item;Roblox;Rp95.000;;1000 Robux before Tax;https://imgop.itemku.com/?url=https%3A%2F%2Fd1x91p7vw3vuq8.cloudfront.net%2Fitem-type%2F2025618%2F1dbzeg2i4phbifxx4cq52j.png&w=96&q=75;;;
Item;Roblox;Rp150.000;;1500 Robux before Tax;https://imgop.itemku.com/?url=https%3A%2F%2Fd1x91p7vw3vuq8.cloudfront.net%2Fitem-type%2F2025618%2Fsspw31c9c0pmrgae7typ58.png&w=96&q=75;;;
Item;Roblox;Rp200.000;;2000 Robux before Tax;https://imgop.itemku.com/?url=https%3A%2F%2Fd1x91p7vw3vuq8.cloudfront.net%2Fitem-type%2F2025618%2F8w5t0q02g11newobxe6pg.png&w=96&q=75;;;
Item;Roblox;Rp300.000;;3000 Robux before Tax;https://imgop.itemku.com/?url=https%3A%2F%2Fd1x91p7vw3vuq8.cloudfront.net%2Fitem-type%2F2025618%2F4v1ajrv7xqr6a8eh1pp2qw.png&w=96&q=75;;;
Item;Roblox;Rp400.000;;4000 Robux before Tax;https://imgop.itemku.com/?url=https%3A%2F%2Fd1x91p7vw3vuq8.cloudfront.net%2Fitem-type%2F2025618%2Fvx7ft7x5yredr0dcaeeuj.png&w=96&q=75;;;
Item;Roblox;Rp474.990;;5000 Robux before Tax;https://imgop.itemku.com/?url=https%3A%2F%2Fd1x91p7vw3vuq8.cloudfront.net%2Fitem-type%2F2025618%2Fxyjjii9oomqnmbfz9a2dt8.png&w=96&q=75;;;
Item;Roblox;Rp564.990;;6000 Robux before Tax;https://imgop.itemku.com/?url=https%3A%2F%2Fd1x91p7vw3vuq8.cloudfront.net%2Fitem-type%2F2025618%2Fxgbxvsm1vj6nfh9e560iy.png&w=96&q=75;;;
Item;Roblox;Rp791.000;;7000 Robux before Tax;https://imgop.itemku.com/?url=https%3A%2F%2Fd1x91p7vw3vuq8.cloudfront.net%2Fitem-type%2F2025618%2F25l3kbnxw2bjuejgvryjt9.png&w=96&q=75;;;
Item;Roblox;Rp904.000;;8000 Robux before Tax;https://imgop.itemku.com/?url=https%3A%2F%2Fd1x91p7vw3vuq8.cloudfront.net%2Fitem-type%2F2025618%2F7pb2ab6k3c5yb3fji77wj.png&w=96&q=75;;;
Item;Roblox;Rp1.017.000;;9000 Robux before Tax;https://imgop.itemku.com/?url=https%3A%2F%2Fd1x91p7vw3vuq8.cloudfront.net%2Fitem-type%2F2025618%2Fbtbkhurhsfs0md4th3yt2wb.png&w=96&q=75;;;
Item;Roblox;Rp949.990;;10000 Robux before Tax;https://imgop.itemku.com/?url=https%3A%2F%2Fd1x91p7vw3vuq8.cloudfront.net%2Fitem-type%2F2025618%2F6frew787xzhahegkdxo2va.png&w=96&q=75;;;
Item;Roblox;Rp47.899;;100 Robux;https://d1x91p7vw3vuq8.cloudfront.net/item-type/2025410/ld1lyl93o9bskakhfa41qf.svg;;;
Item;Roblox;Rp47.899;;200 Robux;https://d1x91p7vw3vuq8.cloudfront.net/item-type/2025410/2gjhm25dvyfg3uu1ui2l6.svg;;;
Item;Roblox;Rp47.749;;250 Robux;https://imgop.itemku.com/?url=https%3A%2F%2Fd1x91p7vw3vuq8.cloudfront.net%2Fitem-info%2F20251030%2Fk1y8y53sx0a5zg8jvss84m.jpg&w=96&q=75;;;
Item;Roblox;Rp82.515;;400 Robux;https://d1x91p7vw3vuq8.cloudfront.net/item-type/2025410/k0g41g2zuwqbozml31gau5.svg;;;
Item;Roblox;Rp92.500;;500 Robux;https://imgop.itemku.com/?url=https%3A%2F%2Fd1x91p7vw3vuq8.cloudfront.net%2Fitem-type%2F2025618%2Fk1vr5du4edffss9jsq1t.jpg&w=96&q=75;;;
Item;Roblox;Rp150.000;;800 Robux;https://d1x91p7vw3vuq8.cloudfront.net/item-type/2025410/m34qitbwv7q8ohyxzn281l.svg;;;
Item;Roblox;Rp180.000;;1000 Robux;https://d1x91p7vw3vuq8.cloudfront.net/item-type/2025410/zttcu6042ohsqb9qqul8v.svg;;;
Item;Roblox;Rp229.990;;1200 Robux;https://d1x91p7vw3vuq8.cloudfront.net/item-type/2025410/01tn04sqdk9n07aqn0lc2qbk.svg;;;
Item;Roblox;Rp274.990;;1500 Robux;https://d1x91p7vw3vuq8.cloudfront.net/item-type/2025410/23atjih2yf1nppohjks9wp.svg;;;
Item;Roblox;Rp290.690;;1600 Robux;https://d1x91p7vw3vuq8.cloudfront.net/item-type/2025410/euiafuzkfvhj81h0gbsbll.svg;;;
Item;Roblox;Rp315.000;;1700 Robux;https://d1x91p7vw3vuq8.cloudfront.net/item-type/2025410/bq4ctic4idnqf7fubq9o8.svg;;;
Item;Roblox;Rp369.980;;2000 Robux;https://d1x91p7vw3vuq8.cloudfront.net/item-type/2025410/d768ke2mmiv5hdxyjdb5js.svg;;;
Item;Roblox;Rp395.000;;2200 Robux;https://d1x91p7vw3vuq8.cloudfront.net/item-type/2025410/mtje9l0l3lglo8tthifydj.svg;;;
Item;Roblox;Rp439.990;;2500 Robux;https://d1x91p7vw3vuq8.cloudfront.net/item-type/2025410/dg2x5wpoqnacdka2tn15mb.svg;;;
Item;Roblox;Rp476.890;;2700 Robux;https://d1x91p7vw3vuq8.cloudfront.net/item-type/2025410/9q582hyp6cl1ku9yw4micf.svg;;;
Item;Roblox;Rp501.100;;3000 Robux;https://d1x91p7vw3vuq8.cloudfront.net/item-type/2025410/ki444u2zthip60o3l7dglm.svg;;;
Item;Roblox;Rp689.999;;3600 Robux;https://d1x91p7vw3vuq8.cloudfront.net/item-type/2025410/sqwibkcquom9r3qpn6twqn.svg;;;
Item;Roblox;Rp750.000;;4000 Robux;https://d1x91p7vw3vuq8.cloudfront.net/item-type/2025410/enedd88neplbp32ex6ulq.svg;;;
Item;Roblox;Rp789.990;;4500 Robux;https://d1x91p7vw3vuq8.cloudfront.net/item-type/2025410/db1oprjvuuourn1p2uajtp.svg;;;
Item;Roblox;Rp910.000;;5250 Robux;https://d1x91p7vw3vuq8.cloudfront.net/item-type/2025410/bvguoyyto2tzsskijd3d5n.svg;;;
Item;Roblox;Rp1.300.000;;7000 Robux;https://d1x91p7vw3vuq8.cloudfront.net/item-type/2025410/raq2ad0y0cjfo8s57hu31.svg;;;
Item;Roblox;Rp1.467.490;;8000 Robux;https://d1x91p7vw3vuq8.cloudfront.net/item-type/2025410/84oxiiwaxraaz5lh723pv8.svg;;;
Item;Roblox;Rp1.701.183;;10000 Robux;https://d1x91p7vw3vuq8.cloudfront.net/item-type/2025410/cg3n78q3kcmf7qy849t6ni.svg;;;
Item;Roblox;Rp1.870.000;;11000 Robux;https://d1x91p7vw3vuq8.cloudfront.net/item-type/2025410/5iln5ogoazusawei5uiaie.svg;;;
Item;Roblox;Rp2.100.000;;13000 Robux;https://d1x91p7vw3vuq8.cloudfront.net/item-type/2025410/cmkfgiwkgjbgv0c33ck7zt.svg;;;
Item;Roblox;Rp2.432.499;;14000 Robux;https://d1x91p7vw3vuq8.cloudfront.net/item-type/2025410/ndzablmqlm03rr6laft58f.svg;;;
Item;Roblox;Rp3.165.190;;16000 Robux;https://d1x91p7vw3vuq8.cloudfront.net/item-type/2025410/i665oeh8t91ini9kbhnyz.svg;;;
Item;Roblox;Rp3.530.790;;17000 Robux;https://d1x91p7vw3vuq8.cloudfront.net/item-type/2025410/juz0zfhg8gj6e74k0upaqk.svg;;;
Item;Roblox;Rp3.700.000;;22500 Robux;https://d1x91p7vw3vuq8.cloudfront.net/item-type/2025410/jg2o9cey8wrxqfoxmhksed.svg;;;
Item;Roblox;Rp5.925.390;;24000 Robux;https://d1x91p7vw3vuq8.cloudfront.net/item-type/2025410/3qi43fsby1tg8ays8xehge.svg;;;
Item;Roblox;Rp5.861.890;;34000 Robux;https://d1x91p7vw3vuq8.cloudfront.net/item-type/2025410/5l7hbd3et9nhvg38txtfg.svg;;;
Item;Roblox;Rp8.935.390;;36000 Robux;https://d1x91p7vw3vuq8.cloudfront.net/item-type/2025410/7zn2ikuglwtseaxl7xadxd.svg;;;
Item;Roblox;Rp11.849.590;;48000 Robux;https://d1x91p7vw3vuq8.cloudfront.net/item-type/2025410/9awesqgi2eou4tsl64geik.svg;;;
Item;Roblox;Rp46.155;;IDR Rp50K;https://imgop.itemku.com/?url=https%3A%2F%2Fd1x91p7vw3vuq8.cloudfront.net%2Fimage_upload%2F2025911%2Fxm040j6ho4sbijg65orug9.png&w=96&q=75;;;
Item;Roblox;Rp61.424;;IDR Rp65K;https://imgop.itemku.com/?url=https%3A%2F%2Fd1x91p7vw3vuq8.cloudfront.net%2Fimage_upload%2F2025911%2Fxm040j6ho4sbijg65orug9.png&w=96&q=75;;;
Item;Roblox;Rp87.000;;IDR Rp83K;https://imgop.itemku.com/?url=https%3A%2F%2Fd1x91p7vw3vuq8.cloudfront.net%2Fitem-info%2F20251017%2F641ner1mpbqbquohpvthzl.webp&w=96&q=75;;;
Item;Roblox;Rp94.700;;IDR Rp100K;https://imgop.itemku.com/?url=https%3A%2F%2Fd1x91p7vw3vuq8.cloudfront.net%2Fimage_upload%2F2025911%2Fxm040j6ho4sbijg65orug9.png&w=96&q=75;;;
Item;Roblox;Rp174.490;;IDR Rp180K;https://imgop.itemku.com/?url=https%3A%2F%2Fd1x91p7vw3vuq8.cloudfront.net%2Fitem-info%2F2025103%2Ffmy5gfo8jsqjpguyabrvh8.webp&w=96&q=75;;;
Item;Roblox;Rp190.000;;IDR Rp200K;https://imgop.itemku.com/?url=https%3A%2F%2Fd1x91p7vw3vuq8.cloudfront.net%2Fimage_upload%2F2025911%2Fxm040j6ho4sbijg65orug9.png&w=96&q=75;;;
Item;Roblox;Rp289.000;;IDR Rp300K;https://imgop.itemku.com/?url=https%3A%2F%2Fd1x91p7vw3vuq8.cloudfront.net%2Fimage_upload%2F2025911%2Fxm040j6ho4sbijg65orug9.png&w=96&q=75;;;
Item;Roblox;Rp379.990;;IDR Rp375K;https://imgop.itemku.com/?url=https%3A%2F%2Fd1x91p7vw3vuq8.cloudfront.net%2Fitem-info%2F2025922%2F7y4xrre9lu3a3t7muvyyq.webp&w=96&q=75;;;
Item;Roblox;Rp379.990;;IDR Rp378K;https://imgop.itemku.com/?url=https%3A%2F%2Fd1x91p7vw3vuq8.cloudfront.net%2Fitem-info%2F2025922%2Fh1f6aftsgon6ua4dd3dpb7.webp&w=96&q=75;;;
Item;Roblox;Rp465.000;;IDR Rp500K;https://imgop.itemku.com/?url=https%3A%2F%2Fd1x91p7vw3vuq8.cloudfront.net%2Fimage_upload%2F2025911%2Fxm040j6ho4sbijg65orug9.png&w=96&q=75;;;
Item;Roblox;Rp948.789;;IDR Rp950K;https://imgop.itemku.com/?url=https%3A%2F%2Fd1x91p7vw3vuq8.cloudfront.net%2Fitem-info%2F2025922%2F4z4ts43o7o7jnmonvk4bjn.webp&w=96&q=75;;;
Item;Roblox;Rp1.200;2181 terjual;250.000 Car Dealership Tycoon;https://imgop.itemku.com/?url=https%3A%2F%2Fd1x91p7vw3vuq8.cloudfront.net%2Fitem-type%2F2026417%2Fdurzw4048il74020hpo1jx.png&w=1033&q=75;;;
Item;Roblox;Rp7.000;1229 terjual;100 RBL Follower;https://imgop.itemku.com/?url=https%3A%2F%2Fd1x91p7vw3vuq8.cloudfront.net%2Fitem-type%2F2026417%2Fdurzw4048il74020hpo1jx.png&w=1033&q=75;;;
Item;Roblox;Rp5.500;368 terjual;South Bronx 10K Money | South Bronx The Trenches;https://imgop.itemku.com/?url=https%3A%2F%2Fd1x91p7vw3vuq8.cloudfront.net%2Fitem-type%2F2026417%2Fdurzw4048il74020hpo1jx.png&w=1033&q=75;;;
Item;Roblox;Rp55.000;323 terjual;South Bronx 100K Money | South Bronx The Trenches;https://imgop.itemku.com/?url=https%3A%2F%2Fd1x91p7vw3vuq8.cloudfront.net%2Fitem-type%2F2026417%2Fdurzw4048il74020hpo1jx.png&w=1033&q=75;;;
Item;Roblox;Rp900.000;;8-Bit Tabby Cat Item Limited - Roblox;https://imgop.itemku.com/?url=https%3A%2F%2Fd1x91p7vw3vuq8.cloudfront.net%2Fitem-type%2F2026417%2Fdurzw4048il74020hpo1jx.png&w=1033&q=75;;;
Item;Roblox;Rp7.500;6 terjual;DoomBringer | Noob Tower Defense;https://imgop.itemku.com/?url=https%3A%2F%2Fd1x91p7vw3vuq8.cloudfront.net%2Fitem-type%2F2026417%2Fdurzw4048il74020hpo1jx.png&w=1033&q=75;;;
Item;Roblox;Rp15.000;1 terjual;Brickbattler | Noob Tower Defense;https://imgop.itemku.com/?url=https%3A%2F%2Fd1x91p7vw3vuq8.cloudfront.net%2Fitem-type%2F2026417%2Fdurzw4048il74020hpo1jx.png&w=1033&q=75;;;
Item;Roblox;Rp65.000;1 terjual;Apex Juggernaut | Noob Tower Defense;https://imgop.itemku.com/?url=https%3A%2F%2Fd1x91p7vw3vuq8.cloudfront.net%2Fitem-type%2F2026417%2Fdurzw4048il74020hpo1jx.png&w=1033&q=75;;;
Item;Roblox;Rp71.350;256 terjual;All Star Tower Defense X > Max Game Speed (PERM) [799R];https://imgop.itemku.com/?url=https%3A%2F%2Fd1x91p7vw3vuq8.cloudfront.net%2Fitem-type%2F2026417%2Fdurzw4048il74020hpo1jx.png&w=1033&q=75;;;
Item;Roblox;Rp18.050;241 terjual;10K Trading Tokens Car Dealership Tycoon;https://imgop.itemku.com/?url=https%3A%2F%2Fd1x91p7vw3vuq8.cloudfront.net%2Fitem-type%2F2026417%2Fdurzw4048il74020hpo1jx.png&w=1033&q=75;;;
Item;Roblox;Rp52.300;236 terjual;Malvus Set;https://imgop.itemku.com/?url=https%3A%2F%2Fd1x91p7vw3vuq8.cloudfront.net%2Fitem-type%2F2026417%2Fdurzw4048il74020hpo1jx.png&w=1033&q=75;;;
Item;Roblox;Rp7.000;228 terjual;100 RBL Follower;https://imgop.itemku.com/?url=https%3A%2F%2Fd1x91p7vw3vuq8.cloudfront.net%2Fitem-type%2F2026417%2Fdurzw4048il74020hpo1jx.png&w=1033&q=75;;;
Item;Roblox;Rp100;225 terjual;Pickaxe Simulator - 1M Gems;https://imgop.itemku.com/?url=https%3A%2F%2Fd1x91p7vw3vuq8.cloudfront.net%2Fitem-type%2F2026417%2Fdurzw4048il74020hpo1jx.png&w=1033&q=75;;;
Item;Roblox;Rp2.600;224 terjual;Money 1M || sneaker Reseller;https://imgop.itemku.com/?url=https%3A%2F%2Fd1x91p7vw3vuq8.cloudfront.net%2Fitem-type%2F2026417%2Fdurzw4048il74020hpo1jx.png&w=1033&q=75;;;
Item;Roblox;Rp210.000;187 terjual;RBL Delinquent Demon Prime Gaming;https://imgop.itemku.com/?url=https%3A%2F%2Fd1x91p7vw3vuq8.cloudfront.net%2Fitem-type%2F2026417%2Fdurzw4048il74020hpo1jx.png&w=1033&q=75;;;
Item;Roblox;Rp2.000;154 terjual;Own a Fish Pond - 10 Millions Money;https://imgop.itemku.com/?url=https%3A%2F%2Fd1x91p7vw3vuq8.cloudfront.net%2Fitem-type%2F2026417%2Fdurzw4048il74020hpo1jx.png&w=1033&q=75;;;
Item;Roblox;Rp100.000;;100.000 Gems | Noob Tower Defense;https://imgop.itemku.com/?url=https%3A%2F%2Fd1x91p7vw3vuq8.cloudfront.net%2Fitem-type%2F2026417%2Fdurzw4048il74020hpo1jx.png&w=1033&q=75;;;
Item;Roblox;Rp55.000;5 terjual;King Unit | Noob Tower Defense;https://imgop.itemku.com/?url=https%3A%2F%2Fd1x91p7vw3vuq8.cloudfront.net%2Fitem-type%2F2026417%2Fdurzw4048il74020hpo1jx.png&w=1033&q=75;;;
Item;Roblox;Rp3.999;;Slime RNG | Private Server 1 Bulan/Month ( NO SHARING );https://imgop.itemku.com/?url=https%3A%2F%2Fd1x91p7vw3vuq8.cloudfront.net%2Fitem-type%2F2026417%2Fdurzw4048il74020hpo1jx.png&w=1033&q=75;;;
Item;Roblox;Rp4.000;1 terjual;Retro Catalyst | Noob Tower Defense;https://imgop.itemku.com/?url=https%3A%2F%2Fd1x91p7vw3vuq8.cloudfront.net%2Fitem-type%2F2026417%2Fdurzw4048il74020hpo1jx.png&w=1033&q=75;;;
Item;Roblox;Rp130.000;151 terjual;Uang (Money) Midnight Chasers $10M | $10.000.000;https://imgop.itemku.com/?url=https%3A%2F%2Fd1x91p7vw3vuq8.cloudfront.net%2Fitem-type%2F2026417%2Fdurzw4048il74020hpo1jx.png&w=1033&q=75;;;
Item;Roblox;Rp44.050;149 terjual;Bizarre Lineage > 1 Stand Storage > 398R;https://imgop.itemku.com/?url=https%3A%2F%2Fd1x91p7vw3vuq8.cloudfront.net%2Fitem-type%2F2026417%2Fdurzw4048il74020hpo1jx.png&w=1033&q=75;;;
Item;Roblox;Rp200;136 terjual;Dark Revelations Titan Secret Orb Pet - Ninja Legends 2;https://imgop.itemku.com/?url=https%3A%2F%2Fd1x91p7vw3vuq8.cloudfront.net%2Fitem-type%2F2026417%2Fdurzw4048il74020hpo1jx.png&w=1033&q=75;;;
Item;Roblox;Rp61.000;132 terjual;1000 Follower;https://imgop.itemku.com/?url=https%3A%2F%2Fd1x91p7vw3vuq8.cloudfront.net%2Fitem-type%2F2026417%2Fdurzw4048il74020hpo1jx.png&w=1033&q=75;;;
Item;Roblox;Rp1.000;130 terjual;Pickaxe Simulator - Pet Baby Divinity Fish 2M;https://imgop.itemku.com/?url=https%3A%2F%2Fd1x91p7vw3vuq8.cloudfront.net%2Fitem-type%2F2026417%2Fdurzw4048il74020hpo1jx.png&w=1033&q=75;;;
Item;Roblox;Rp140.000;130 terjual;RBL Prime Gaming Flaming Hot Chip Head;https://imgop.itemku.com/?url=https%3A%2F%2Fd1x91p7vw3vuq8.cloudfront.net%2Fitem-type%2F2026417%2Fdurzw4048il74020hpo1jx.png&w=1033&q=75;;;
Item;Roblox;Rp1.000;125 terjual;10k BloxBurg Cash (FREE BONUS);https://imgop.itemku.com/?url=https%3A%2F%2Fd1x91p7vw3vuq8.cloudfront.net%2Fitem-type%2F2026417%2Fdurzw4048il74020hpo1jx.png&w=1033&q=75;;;
Item;Roblox;Rp99;123 terjual;Oil Empire 5.000.000 Gasoline (Via Rob) (Private Server);https://imgop.itemku.com/?url=https%3A%2F%2Fd1x91p7vw3vuq8.cloudfront.net%2Fitem-type%2F2026417%2Fdurzw4048il74020hpo1jx.png&w=1033&q=75;;;
Item;Roblox;Rp3.000;11 terjual;Quantara Primus 1 x9500 Luck [MYTHIC] My Tycoon |Dental Store| Bonus++;https://imgop.itemku.com/?url=https%3A%2F%2Fd1x91p7vw3vuq8.cloudfront.net%2Fitem-type%2F2026417%2Fdurzw4048il74020hpo1jx.png&w=1033&q=75;;;
Item;Roblox;Rp12.000;9 terjual;10.000 Gems | Noob Tower Defense;https://imgop.itemku.com/?url=https%3A%2F%2Fd1x91p7vw3vuq8.cloudfront.net%2Fitem-type%2F2026417%2Fdurzw4048il74020hpo1jx.png&w=1033&q=75;;;
Item;Roblox;Rp1.500;17 terjual;1000 Gems | Noob Tower Defense;https://imgop.itemku.com/?url=https%3A%2F%2Fd1x91p7vw3vuq8.cloudfront.net%2Fitem-type%2F2026417%2Fdurzw4048il74020hpo1jx.png&w=1033&q=75;;;
Item;Roblox;Rp15.000;1 terjual;Shiny Retro Pyromancer | Noob Tower Defense;https://imgop.itemku.com/?url=https%3A%2F%2Fd1x91p7vw3vuq8.cloudfront.net%2Fitem-type%2F2026417%2Fdurzw4048il74020hpo1jx.png&w=1033&q=75;;;
Item;Roblox;Rp1.300;3429 terjual;AKUN RBL POLOSAN 13+;https://imgop.itemku.com/?url=https%3A%2F%2Fd1x91p7vw3vuq8.cloudfront.net%2Fitem-type%2F20251119%2Fra02yrofmna7s967schpm4.png&w=1033&q=75;;;
Item;Roblox;Rp888;1898 terjual;AKUN RBL POLOSAN 13+ ( 30 Days );https://imgop.itemku.com/?url=https%3A%2F%2Fd1x91p7vw3vuq8.cloudfront.net%2Fitem-type%2F20251119%2Fra02yrofmna7s967schpm4.png&w=1033&q=75;;;
Item;Roblox;Rp1.500;1477 terjual;Akun Roblox Polos 13+ [Akun Tahun 2024];https://imgop.itemku.com/?url=https%3A%2F%2Fd1x91p7vw3vuq8.cloudfront.net%2Fitem-type%2F20251119%2Fra02yrofmna7s967schpm4.png&w=1033&q=75;;;
Item;Roblox;Rp3.200;1322 terjual;AKUN RBL 5 DIGIT USERNAME 13+;https://imgop.itemku.com/?url=https%3A%2F%2Fd1x91p7vw3vuq8.cloudfront.net%2Fitem-type%2F20251119%2Fra02yrofmna7s967schpm4.png&w=1033&q=75;;;
Item;Roblox;Rp155.000;1 terjual;Akun Ro Ghoul - Max Level (Ghoul);https://imgop.itemku.com/?url=https%3A%2F%2Fd1x91p7vw3vuq8.cloudfront.net%2Fitem-type%2F20251119%2Fra02yrofmna7s967schpm4.png&w=1033&q=75;;;
Item;Roblox;Rp240.000;;Akun Slap Battle (86K Slap);https://imgop.itemku.com/?url=https%3A%2F%2Fd1x91p7vw3vuq8.cloudfront.net%2Fitem-type%2F20251119%2Fra02yrofmna7s967schpm4.png&w=1033&q=75;;;
Item;Roblox;Rp250.000;;Akun Ro Ghoul Max Level CCG-Ghoul;https://imgop.itemku.com/?url=https%3A%2F%2Fd1x91p7vw3vuq8.cloudfront.net%2Fitem-type%2F20251119%2Fra02yrofmna7s967schpm4.png&w=1033&q=75;;;
Item;Roblox;Rp312.500;5 terjual;Akun ROBLOX $5M Bloxburg Cash - Welcome to Bloxburg - ROBLOX;https://imgop.itemku.com/?url=https%3A%2F%2Fd1x91p7vw3vuq8.cloudfront.net%2Fitem-type%2F20251119%2Fra02yrofmna7s967schpm4.png&w=1033&q=75;;;
Item;Roblox;Rp10.000;1178 terjual;AKUN RBL VOICE CHAT ON 18+;https://imgop.itemku.com/?url=https%3A%2F%2Fd1x91p7vw3vuq8.cloudfront.net%2Fitem-type%2F20251119%2Fra02yrofmna7s967schpm4.png&w=1033&q=75;;;
Item;Roblox;Rp26.000;1042 terjual;AKUN RBL 2009 | Username Biasa;https://imgop.itemku.com/?url=https%3A%2F%2Fd1x91p7vw3vuq8.cloudfront.net%2Fitem-type%2F20251119%2Fra02yrofmna7s967schpm4.png&w=1033&q=75;;;
Item;Roblox;Rp16.000;878 terjual;Akun Roblox Voice Chat 21+ Verified;https://imgop.itemku.com/?url=https%3A%2F%2Fd1x91p7vw3vuq8.cloudfront.net%2Fitem-type%2F20251119%2Fra02yrofmna7s967schpm4.png&w=1033&q=75;;;
Item;Roblox;Rp1.500;812 terjual;Akun Roblox Polos 13+ [Akun Tahun 2023];https://imgop.itemku.com/?url=https%3A%2F%2Fd1x91p7vw3vuq8.cloudfront.net%2Fitem-type%2F20251119%2Fra02yrofmna7s967schpm4.png&w=1033&q=75;;;
Item;Roblox;Rp2.000;802 terjual;AKUN RBL 5 DIGIT USERNAME;https://imgop.itemku.com/?url=https%3A%2F%2Fd1x91p7vw3vuq8.cloudfront.net%2Fitem-type%2F20251119%2Fra02yrofmna7s967schpm4.png&w=1033&q=75;;;
Item;Roblox;Rp850;778 terjual;Akun Polosan RBL 13+;https://imgop.itemku.com/?url=https%3A%2F%2Fd1x91p7vw3vuq8.cloudfront.net%2Fitem-type%2F20251119%2Fra02yrofmna7s967schpm4.png&w=1033&q=75;;;
Item;Roblox;Rp2.400;597 terjual;AKUN RBL 6 DIGIT USERNAME 13+;https://imgop.itemku.com/?url=https%3A%2F%2Fd1x91p7vw3vuq8.cloudfront.net%2Fitem-type%2F20251119%2Fra02yrofmna7s967schpm4.png&w=1033&q=75;;;
Item;Roblox;Rp12.000;449 terjual;AKUN VOICE CHAT 21+ UDAH UNLOCK ALL FITUR;https://imgop.itemku.com/?url=https%3A%2F%2Fd1x91p7vw3vuq8.cloudfront.net%2Fitem-type%2F20251119%2Fra02yrofmna7s967schpm4.png&w=1033&q=75;;;
Item;Roblox;Rp55.000;27 terjual;AKUN RBL 2010 MURAH;https://imgop.itemku.com/?url=https%3A%2F%2Fd1x91p7vw3vuq8.cloudfront.net%2Fitem-type%2F20251119%2Fra02yrofmna7s967schpm4.png&w=1033&q=75;;;
Item;Roblox;Rp295.000;;Akun Slap Battle (112K Slap);https://imgop.itemku.com/?url=https%3A%2F%2Fd1x91p7vw3vuq8.cloudfront.net%2Fitem-type%2F20251119%2Fra02yrofmna7s967schpm4.png&w=1033&q=75;;;
Item;Roblox;Rp300.000;;Akun Slap Battle (115K Slap);https://imgop.itemku.com/?url=https%3A%2F%2Fd1x91p7vw3vuq8.cloudfront.net%2Fitem-type%2F20251119%2Fra02yrofmna7s967schpm4.png&w=1033&q=75;;;
Item;Roblox;Rp62.500;19 terjual;Akun ROBLOX $1M Bloxburg Cash - Welcome to Bloxburg - ROBLOX;https://imgop.itemku.com/?url=https%3A%2F%2Fd1x91p7vw3vuq8.cloudfront.net%2Fitem-type%2F20251119%2Fra02yrofmna7s967schpm4.png&w=1033&q=75;;;
Item;Roblox;Rp6.500;382 terjual;Akun RBL Bisa Voice+Chat 21+;https://imgop.itemku.com/?url=https%3A%2F%2Fd1x91p7vw3vuq8.cloudfront.net%2Fitem-type%2F20251119%2Fra02yrofmna7s967schpm4.png&w=1033&q=75;;;
Item;Roblox;Rp2.400;374 terjual;AKUN RBL POLOSAN 13+ (20 Days);https://imgop.itemku.com/?url=https%3A%2F%2Fd1x91p7vw3vuq8.cloudfront.net%2Fitem-type%2F20251119%2Fra02yrofmna7s967schpm4.png&w=1033&q=75;;;
Item;Roblox;Rp14.500;350 terjual;Akun RBL Voice Chat;https://imgop.itemku.com/?url=https%3A%2F%2Fd1x91p7vw3vuq8.cloudfront.net%2Fitem-type%2F20251119%2Fra02yrofmna7s967schpm4.png&w=1033&q=75;;;
Item;Roblox;Rp24.000;306 terjual;AKUN RBL BERISI RBX 100+;https://imgop.itemku.com/?url=https%3A%2F%2Fd1x91p7vw3vuq8.cloudfront.net%2Fitem-type%2F20251119%2Fra02yrofmna7s967schpm4.png&w=1033&q=75;;;
Item;Roblox;Rp8.500;234 terjual;AKUN POLOS TAXI BOSS 10M MONEY;https://imgop.itemku.com/?url=https%3A%2F%2Fd1x91p7vw3vuq8.cloudfront.net%2Fitem-type%2F20251119%2Fra02yrofmna7s967schpm4.png&w=1033&q=75;;;
Item;Roblox;Rp48.000;191 terjual;AKUN RBL BERISI RBX 200+;https://imgop.itemku.com/?url=https%3A%2F%2Fd1x91p7vw3vuq8.cloudfront.net%2Fitem-type%2F20251119%2Fra02yrofmna7s967schpm4.png&w=1033&q=75;;;
Item;Roblox;Rp2.000;178 terjual;AKUN RBL NAMA 6 HURUF POLOS 13+;https://imgop.itemku.com/?url=https%3A%2F%2Fd1x91p7vw3vuq8.cloudfront.net%2Fitem-type%2F20251119%2Fra02yrofmna7s967schpm4.png&w=1033&q=75;;;
Item;Roblox;Rp3.000;141 terjual;Akun RBL Username 5 Digit 13+ POLOSAN;https://imgop.itemku.com/?url=https%3A%2F%2Fd1x91p7vw3vuq8.cloudfront.net%2Fitem-type%2F20251119%2Fra02yrofmna7s967schpm4.png&w=1033&q=75;;;
Item;Roblox;Rp120.000;3 terjual;Akun Murah Mythic Okkotsu Clan (Yuta Okkotsu Skill) + Bonus Lucky Spins | Kaizen Roblox;https://imgop.itemku.com/?url=https%3A%2F%2Fd1x91p7vw3vuq8.cloudfront.net%2Fitem-type%2F20251119%2Fra02yrofmna7s967schpm4.png&w=1033&q=75;;;
Item;Roblox;Rp235.000;3 terjual;4 Huruf/Letter Username | Roblox Account;https://imgop.itemku.com/?url=https%3A%2F%2Fd1x91p7vw3vuq8.cloudfront.net%2Fitem-type%2F20251119%2Fra02yrofmna7s967schpm4.png&w=1033&q=75;;;
Item;Roblox;Rp50.000;2 terjual;Akun Murah Special Grade Overcharged, Mythic Mahito Clan + Bonus Lucky Spins | Kaizen Roblox;https://imgop.itemku.com/?url=https%3A%2F%2Fd1x91p7vw3vuq8.cloudfront.net%2Fitem-type%2F20251119%2Fra02yrofmna7s967schpm4.png&w=1033&q=75;;;
Item;Roblox;Rp7.500;370 terjual;Akun Roblox 21+ Bisa Voice Chat Data Polos;https://imgop.itemku.com/?url=https%3A%2F%2Fd1x91p7vw3vuq8.cloudfront.net%2Fitem-type%2F20251119%2Fra02yrofmna7s967schpm4.png&w=1033&q=75;;;
Item;Roblox;Rp19.900;154 terjual;Hungry Orca;https://imgop.itemku.com/?url=https%3A%2F%2Fd1x91p7vw3vuq8.cloudfront.net%2Fitemku-upload%2F20251120%2F7d1vlrlh023exws3bq4z7b_thumbnail.jpg&w=1033&q=75;;;
Item;Roblox;Rp12.300;116 terjual;Freaky Fly Face;https://imgop.itemku.com/?url=https%3A%2F%2Fd1x91p7vw3vuq8.cloudfront.net%2Fitemku-upload%2F2025115%2Fble3gjho3ki93wd35we87b_thumbnail.jpg&w=1033&q=75;;;
Item;Roblox;Rp150.000;114 terjual;Delinquent Demon;https://imgop.itemku.com/?url=https%3A%2F%2Fd1x91p7vw3vuq8.cloudfront.net%2Fitemku-upload%2F20251120%2F77cfs43t65rc6fb7kuze0n_thumbnail.jpg&w=1033&q=75;;;
Item;Roblox;Rp19.000;110 terjual;Raven Hunter Hood;https://imgop.itemku.com/?url=https%3A%2F%2Fd1x91p7vw3vuq8.cloudfront.net%2Fitemku-upload%2F20251120%2Fl7hiabff295stxz0ua0y7_thumbnail.jpg&w=1033&q=75;;;
Item;Roblox;Rp13.900;73 terjual;Void Sheep Shoulder Pet;https://imgop.itemku.com/?url=https%3A%2F%2Fd1x91p7vw3vuq8.cloudfront.net%2Fitemku-upload%2F2025115%2Fe0g9kxkofm8thj1uark27_thumbnail.jpg&w=1033&q=75;;;
Item;Roblox;Rp107.000;65 terjual;Flaming Hot Chip Head;https://imgop.itemku.com/?url=https%3A%2F%2Fd1x91p7vw3vuq8.cloudfront.net%2Fitemku-upload%2F20251120%2F3syesygcrm4dx70uk43d56_thumbnail.jpg&w=1033&q=75;;;
Item;Roblox;Rp12.299;63 terjual;Freaky Fly Face;https://imgop.itemku.com/?url=https%3A%2F%2Fd1x91p7vw3vuq8.cloudfront.net%2Fitemku-upload%2F20251120%2Fm38y92z606qcrnqzyx3i_thumbnail.jpg&w=1033&q=75;;;
Item;Roblox;Rp16.399;60 terjual;Clutch Missile Launcher;https://imgop.itemku.com/?url=https%3A%2F%2Fd1x91p7vw3vuq8.cloudfront.net%2Fitemku-upload%2F20251120%2Fnswe1muxh7b97y1jtfabsv_thumbnail.jpg&w=1033&q=75;;;
Item;Roblox;Rp79.000;36 terjual;Mardi Gras Steampunk Mask;https://imgop.itemku.com/?url=https%3A%2F%2Fd1x91p7vw3vuq8.cloudfront.net%2Fitemku-upload%2F20251120%2F7mfeh9hu5oafu0xqedadw_thumbnail.jpg&w=1033&q=75;;;
Item;Roblox;Rp16.900;30 terjual;Virtual Nomad Bundle;https://imgop.itemku.com/?url=https%3A%2F%2Fd1x91p7vw3vuq8.cloudfront.net%2Fitemku-upload%2F20251120%2Fdeowa87moi603t8hglr0frh_thumbnail.jpg&w=1033&q=75;;;
Item;Roblox;Rp249.000;13 terjual;Plasma Wings;https://imgop.itemku.com/?url=https%3A%2F%2Fd1x91p7vw3vuq8.cloudfront.net%2Fitemku-upload%2F20251120%2Fem4ls1itqslq7cgfm7unrp_thumbnail.jpg&w=1033&q=75;;;
Item;Roblox;Rp16.400;11 terjual;Void Sheep Shoulder Pet;https://imgop.itemku.com/?url=https%3A%2F%2Fd1x91p7vw3vuq8.cloudfront.net%2Fitemku-upload%2F20251120%2Fxqqu8spofjejfq9zgyakvs_thumbnail.jpg&w=1033&q=75;;;
Item;Roblox;Rp100.000;;Tiki Shoulder Buddy;https://imgop.itemku.com/?url=https%3A%2F%2Fd1x91p7vw3vuq8.cloudfront.net%2Fitemku-upload%2F2025115%2Fgknd3u6394beugrms7ff6j_thumbnail.jpg&w=1033&q=75;;;
Item;Roblox;Rp115.000;;Tech-Head Hat;https://imgop.itemku.com/?url=https%3A%2F%2Fd1x91p7vw3vuq8.cloudfront.net%2Fitemku-upload%2F2025115%2Fxiahpr0jgcjcly4n075zld_thumbnail.jpg&w=1033&q=75;;;
Item;Roblox;Rp1.270.000;266 terjual;Hovering UFO;https://imgop.itemku.com/?url=https%3A%2F%2Fd1x91p7vw3vuq8.cloudfront.net%2Fitemku-upload%2F2025115%2Fazr3npyfjqsfcuo4mnciwn_thumbnail.jpg&w=1033&q=75;;;
Item;Roblox;IDR 23.657;109 terjual;[Case Paradise] 100k Networth | 100 000$;https://imgop.itemku.com/?url=https%3A%2F%2Fd1x91p7vw3vuq8.cloudfront.net%2Fitemku-upload%2F2026218%2Fgfjiv9un2mtlke0jlr2kv8_thumbnail.jpg&w=1033&q=75;;;
Item;Roblox;Rp140.000;52 terjual;Delinquent Demon;https://imgop.itemku.com/?url=https%3A%2F%2Fd1x91p7vw3vuq8.cloudfront.net%2Fitemku-upload%2F2025122%2F7trz177ho07sz3fq7oocrj_thumbnail.jpg&w=1033&q=75;;;
Item;Roblox;Rp120.000;37 terjual;Evil Clown Mask;https://imgop.itemku.com/?url=https%3A%2F%2Fd1x91p7vw3vuq8.cloudfront.net%2Fitemku-upload%2F2026227%2F2d9ohjr36qng2pou2nmod5_thumbnail.jpg&w=1033&q=75;;;
Item;Roblox;IDR 38.630;25 terjual;[Case Paradise] Titan HOLO | 140 000$;https://imgop.itemku.com/?url=https%3A%2F%2Fd1x91p7vw3vuq8.cloudfront.net%2Fitemku-upload%2F202623%2F72k4rly7vnbazjmjxo7vq_thumbnail.jpg&w=1033&q=75;;;
Item;Roblox;Rp54.500;25 terjual;Doggy Backpack;https://imgop.itemku.com/?url=https%3A%2F%2Fd1x91p7vw3vuq8.cloudfront.net%2Fitemku-upload%2F2025122%2Fve1tosntk6mjjpl04v3ze_thumbnail.jpg&w=1033&q=75;;;
Item;Bubble Gem Simulator Infinity;Rp18.900;212 terjual;Premium Bubble Pass;https://imgop.itemku.com/?url=https%3A%2F%2Fd1x91p7vw3vuq8.cloudfront.net%2Fitemku-upload%2F202557%2Fk18lu6ncpabjlg8h723gd_thumbnail.jpg&w=1033&q=75;;;
Item;Bubble Gem Simulator Infinity;Rp49.890;134 terjual;Double Luck;https://imgop.itemku.com/?url=https%3A%2F%2Fd1x91p7vw3vuq8.cloudfront.net%2Fitemku-upload%2F2025428%2F4xyf9spl3slq9f68i8gok_thumbnail.jpg&w=1033&q=75;;;
Item;Bubble Gem Simulator Infinity;Rp51.800;127 terjual;Triple Hatch;https://imgop.itemku.com/?url=https%3A%2F%2Fd1x91p7vw3vuq8.cloudfront.net%2Fitemku-upload%2F20250423%2F1fbf05cb078c1663e430f3b681_thumbnail.png&w=1033&q=75;;;
Item;Bubble Gem Simulator Infinity;Rp51.790;119 terjual;Triple Hatch;https://imgop.itemku.com/?url=https%3A%2F%2Fd1x91p7vw3vuq8.cloudfront.net%2Fitemku-upload%2F2025428%2Fe3bhqf1y62sgbnnf1mnu_thumbnail.jpg&w=1033&q=75;;;
Item;Bubble Gem Simulator Infinity;Rp28.200;119 terjual;Fast Hatch;https://imgop.itemku.com/?url=https%3A%2F%2Fd1x91p7vw3vuq8.cloudfront.net%2Fitemku-upload%2F20250423%2Fd7ed14daf3727a853a85f73182_thumbnail.png&w=1033&q=75;;;
Item;Bubble Gem Simulator Infinity;Rp28.200;95 terjual;Extra Equips;https://imgop.itemku.com/?url=https%3A%2F%2Fd1x91p7vw3vuq8.cloudfront.net%2Fitemku-upload%2F20250423%2Ff4cbc2ffd9205a3a222e6b7e7a_thumbnail.png&w=1033&q=75;;;
Item;Bubble Gem Simulator Infinity;Rp60.900;93 terjual;Triple Hatch;https://imgop.itemku.com/?url=https%3A%2F%2Fd1x91p7vw3vuq8.cloudfront.net%2Fitemku-upload%2F2025421%2Fw0w6n8qwnx9ugt04h75pp_thumbnail.jpg&w=1033&q=75;;;
Item;Bubble Gem Simulator Infinity;Rp38.990;80 terjual;Fast Hatch;https://imgop.itemku.com/?url=https%3A%2F%2Fd1x91p7vw3vuq8.cloudfront.net%2Fitemku-upload%2F2025428%2F7qybr96vq9hc0kdfferw5c_thumbnail.jpg&w=1033&q=75;;;
Item;Bubble Gem Simulator Infinity;Rp49.900;79 terjual;Double Luck;https://imgop.itemku.com/?url=https%3A%2F%2Fd1x91p7vw3vuq8.cloudfront.net%2Fitemku-upload%2F20250423%2F74f8be8a1bcccfe5329604a638_thumbnail.png&w=1033&q=75;;;
Item;Bubble Gem Simulator Infinity;Rp58.200;75 terjual;Double Luck;https://imgop.itemku.com/?url=https%3A%2F%2Fd1x91p7vw3vuq8.cloudfront.net%2Fitemku-upload%2F2025421%2Foqwkvfldqfsw7h3bpy996_thumbnail.jpg&w=1033&q=75;;;
Item;Bubble Gem Simulator Infinity;Rp18.800;65 terjual;Double Gems;https://imgop.itemku.com/?url=https%3A%2F%2Fd1x91p7vw3vuq8.cloudfront.net%2Fitemku-upload%2F20250423%2F3fc7be2715f39486bff1ccdd34_thumbnail.png&w=1033&q=75;;;
Item;Bubble Gem Simulator Infinity;Rp37.700;63 terjual;Double Coin;https://imgop.itemku.com/?url=https%3A%2F%2Fd1x91p7vw3vuq8.cloudfront.net%2Fitemku-upload%2F2025427%2Fm5mrtlba9wupy907ngnpj_thumbnail.jpg&w=1033&q=75;;;
Item;Bubble Gem Simulator Infinity;Rp75.500;56 terjual;Infinity Gum;https://imgop.itemku.com/?url=https%3A%2F%2Fd1x91p7vw3vuq8.cloudfront.net%2Fitemku-upload%2F20250423%2F545b5a5c8624771e1396d35cc5_thumbnail.png&w=1033&q=75;;;
Item;Bubble Gem Simulator Infinity;Rp28.190;55 terjual;Extra Equips;https://imgop.itemku.com/?url=https%3A%2F%2Fd1x91p7vw3vuq8.cloudfront.net%2Fitemku-upload%2F2025428%2Fd321gnfj1j8q386c47rqa_thumbnail.jpg&w=1033&q=75;;;
Item;Bubble Gem Simulator Infinity;Rp61.300;49 terjual;Digital Storage;https://imgop.itemku.com/?url=https%3A%2F%2Fd1x91p7vw3vuq8.cloudfront.net%2Fitemku-upload%2F20250423%2Ffec8bd06d20ed990f33263a3b6_thumbnail.png&w=1033&q=75;;;
Item;Bubble Gem Simulator Infinity;Rp32.800;49 terjual;Extra Equips;https://imgop.itemku.com/?url=https%3A%2F%2Fd1x91p7vw3vuq8.cloudfront.net%2Fitemku-upload%2F2025421%2Fblq96zjn3zo8jp17yyporp_thumbnail.jpg&w=1033&q=75;;;
Item;Bubble Gem Simulator Infinity;Rp23.500;42 terjual;VIP;https://imgop.itemku.com/?url=https%3A%2F%2Fd1x91p7vw3vuq8.cloudfront.net%2Fitemku-upload%2F20250423%2F56f1402017ce0aecd50a656922_thumbnail.png&w=1033&q=75;;;
Item;Bubble Gem Simulator Infinity;Rp18.790;36 terjual;Double Gems;https://imgop.itemku.com/?url=https%3A%2F%2Fd1x91p7vw3vuq8.cloudfront.net%2Fitemku-upload%2F2025428%2Fgi9eqxof62nyjoqogy6jko_thumbnail.jpg&w=1033&q=75;;;
Item;Bubble Gem Simulator Infinity;Rp37.690;32 terjual;Double Coin;https://imgop.itemku.com/?url=https%3A%2F%2Fd1x91p7vw3vuq8.cloudfront.net%2Fitemku-upload%2F2025424%2Fy4en6co9vhrzalpvi4adgi_thumbnail.jpg&w=1033&q=75;;;
Item;Bubble Gem Simulator Infinity;Rp43.800;32 terjual;Fast Hatch;https://imgop.itemku.com/?url=https%3A%2F%2Fd1x91p7vw3vuq8.cloudfront.net%2Fitemku-upload%2F2025421%2Fepk1iw61r6r7jasqjvapdv_thumbnail.jpg&w=1033&q=75;;;
Item;Bubble Gem Simulator Infinity;Rp69.273;;Bubble Gum Simulator INFINITY - Fragment Starter Bundle【549R】;https://imgop.itemku.com/?url=https%3A%2F%2Fd1x91p7vw3vuq8.cloudfront.net%2Fitemku-upload%2F2026414%2Fvicgpccfavnspjaawu0buo_thumbnail.jpg&w=1033&q=75;;;
Item;Bubble Gem Simulator Infinity;Rp58.335;;Bubble Gum Simulator INFINITY - Rune Pack【449R】;https://imgop.itemku.com/?url=https%3A%2F%2Fd1x91p7vw3vuq8.cloudfront.net%2Fitemku-upload%2F2026414%2F9c1el1l64b07uai2cinhme_thumbnail.jpg&w=1033&q=75;;;
Item;Bubble Gem Simulator Infinity;Rp27.345;;Bubble Gum Simulator INFINITY - Double Easter Eggs【199R】;https://imgop.itemku.com/?url=https%3A%2F%2Fd1x91p7vw3vuq8.cloudfront.net%2Fitemku-upload%2F2026414%2Fuw3vtw7wvps789iwzzw7_thumbnail.jpg&w=1033&q=75;;;
Item;Bubble Gem Simulator Infinity;Rp52.866;;Bubble Gum Simulator INFINITY - Diamond Tamer Bundle【399R】;https://imgop.itemku.com/?url=https%3A%2F%2Fd1x91p7vw3vuq8.cloudfront.net%2Fitemku-upload%2F2026414%2Fycw8gsehzwqhgw00s7bddn_thumbnail.jpg&w=1033&q=75;;;
Item;Bubble Gem Simulator Infinity;Rp200.526;;Bubble Gum Simulator INFINITY - Mega Anniversary Bundle【1499R】;https://imgop.itemku.com/?url=https%3A%2F%2Fd1x91p7vw3vuq8.cloudfront.net%2Fitemku-upload%2F2026414%2F43b2fir3w3dfcza24h3j2_thumbnail.jpg&w=1033&q=75;;;
Item;Bubble Gem Simulator Infinity;Rp4.000;7 terjual;NULLVoid;https://imgop.itemku.com/?url=https%3A%2F%2Fd1x91p7vw3vuq8.cloudfront.net%2Fitemku-upload%2F2025430%2Fpenj57ki77ibfz8hrdg7av_thumbnail.jpg&w=600&q=75;;;
Item;Bubble Gem Simulator Infinity;Rp35.000;4 terjual;Shiny Dual Corn;https://imgop.itemku.com/?url=https%3A%2F%2Fd1x91p7vw3vuq8.cloudfront.net%2Fitemku-upload%2F2025428%2F47d1rl8ou3kbm5q8mc635p_thumbnail.jpg&w=600&q=75;;;
Item;Bubble Gem Simulator Infinity;Rp20.000;3 terjual;Easter Dualcorn;https://imgop.itemku.com/?url=https%3A%2F%2Fd1x91p7vw3vuq8.cloudfront.net%2Fitemku-upload%2F2025424%2Fa2lh74mowdjge54sqbmojf_thumbnail.jpg&w=600&q=75;;;
Item;Bubble Gem Simulator Infinity;Rp94.000;3 terjual;Dowodle;https://imgop.itemku.com/?url=https%3A%2F%2Fd1x91p7vw3vuq8.cloudfront.net%2Fitemku-upload%2F202551%2F1tv7pnth7v2i92n46brijpg_thumbnail.jpg&w=600&q=75;;;
Item;Bubble Gem Simulator Infinity;Rp4.500;3 terjual;Shiny Dual Corn;https://imgop.itemku.com/?url=https%3A%2F%2Fd1x91p7vw3vuq8.cloudfront.net%2Fitemku-upload%2F202551%2F8q0cjbknqxsjas4c8q03d_thumbnail.jpg&w=140&q=75;;;
Item;Bubble Gem Simulator Infinity;Rp25.000;2 terjual;Shiny Sunburst;https://imgop.itemku.com/?url=https%3A%2F%2Fd1x91p7vw3vuq8.cloudfront.net%2Fitemku-upload%2F2025430%2Foauwss47snehpfx6vn2mlr_thumbnail.jpg&w=140&q=75;;;
Item;Bubble Gem Simulator Infinity;Rp12.500;2 terjual;Mythic Dual Corn;https://imgop.itemku.com/?url=https%3A%2F%2Fd1x91p7vw3vuq8.cloudfront.net%2Fitemku-upload%2F202553%2F8h02hw0bw5kb5yib76fv5h_thumbnail.jpg&w=140&q=75;;;
Item;Bubble Gem Simulator Infinity;Rp30.000;3 terjual;Easter Dualcorn;https://imgop.itemku.com/?url=https%3A%2F%2Fd1x91p7vw3vuq8.cloudfront.net%2Fitemku-upload%2F2025428%2Fjlnykuhxyj8i3ycagthq5d_thumbnail.jpg&w=140&q=75;;;
Item;Bubble Gem Simulator Infinity;Rp5.000;3 terjual;Ring Master;https://imgop.itemku.com/?url=https%3A%2F%2Fd1x91p7vw3vuq8.cloudfront.net%2Fitemku-upload%2F2026422%2F62ciu2g1kvd5iwnc2kqcqw_thumbnail.jpg&w=140&q=75;;;
Item;Bubble Gem Simulator Infinity;Rp25.000;2 terjual;Shiny King Pufferfish;https://imgop.itemku.com/?url=https%3A%2F%2Fd1x91p7vw3vuq8.cloudfront.net%2Fitemku-upload%2F202559%2Fjpl1wnv83iemi3ef617mo_thumbnail.jpg&w=140&q=75;;;
Item;Bubble Gem Simulator Infinity;Rp35.000;2 terjual;Shiny Mythic Neon Elemental;https://imgop.itemku.com/?url=https%3A%2F%2Fd1x91p7vw3vuq8.cloudfront.net%2Fitemku-upload%2F2025428%2Fy2coscjo15rc9k6y7ew3c_thumbnail.jpg&w=140&q=75;;;
Item;Bubble Gem Simulator Infinity;Rp8.000;1 terjual;LUNAR DEITY MAX LVL ENCHANT TEAM UP IV-V - Bubble Gum Infinity Simulator;https://imgop.itemku.com/?url=https%3A%2F%2Fd1x91p7vw3vuq8.cloudfront.net%2Fitemku-upload%2F2025422%2Fy4pf3l3kubc7lhttu0gc3o_thumbnail.jpg&w=140&q=75;;;
Item;Bubble Gem Simulator Infinity;Rp5.000;1 terjual;MOONBURST MAX LVL ENCHANT TEAM UP IV-V - Bubble Gum Infinity Simulator;https://imgop.itemku.com/?url=https%3A%2F%2Fd1x91p7vw3vuq8.cloudfront.net%2Fitemku-upload%2F2025422%2F3pjm1qgjkt3dk9s0v02rae_thumbnail.jpg&w=140&q=75;;;
Item;Bubble Gem Simulator Infinity;Rp11.900;1 terjual;Mythic Game Master;https://imgop.itemku.com/?url=https%3A%2F%2Fd1x91p7vw3vuq8.cloudfront.net%2Fitemku-upload%2F202558%2Fntzon6h9bigzwi0z73va_thumbnail.jpg&w=140&q=75;;;
Item;Bubble Gem Simulator Infinity;Rp20.000;1 terjual;Dragon Plushie;https://imgop.itemku.com/?url=https%3A%2F%2Fd1x91p7vw3vuq8.cloudfront.net%2Fitemku-upload%2F202557%2Fkfvd3h7xcyfk4cazu7879_thumbnail.jpg&w=140&q=75;;;
Item;Bubble Gem Simulator Infinity;Rp3.000;1 terjual;Bionic Shard;https://imgop.itemku.com/?url=https%3A%2F%2Fd1x91p7vw3vuq8.cloudfront.net%2Fitemku-upload%2F202557%2F3yskn94rcd3g032arpulx_thumbnail.jpg&w=140&q=75;;;
Item;Bubble Gem Simulator Infinity;Rp40.000;1 terjual;Shiny Moonburst;https://imgop.itemku.com/?url=https%3A%2F%2Fd1x91p7vw3vuq8.cloudfront.net%2Fitemku-upload%2F202551%2F32tgiigb0u513at8rcg349_thumbnail.jpg&w=140&q=75;;;
Item;Bubble Gem Simulator Infinity;Rp200.000;1 terjual;Mythic NULLVoid;https://imgop.itemku.com/?url=https%3A%2F%2Fd1x91p7vw3vuq8.cloudfront.net%2Fitemku-upload%2F202551%2Fz1o9sbz1qmgmkc6hjcq4ug_thumbnail.jpg&w=140&q=75;;;
Item;Bubble Gem Simulator Infinity;Rp4.000;1 terjual;Shiny Hexarium;https://imgop.itemku.com/?url=https%3A%2F%2Fd1x91p7vw3vuq8.cloudfront.net%2Fitemku-upload%2F202553%2Ft8a73tyfe7ikfja3jhyvx_thumbnail.jpg&w=140&q=75;;;
Item;Bubble Gem Simulator Infinity;Rp11.900;1 terjual;Cardinal Bunny;https://imgop.itemku.com/?url=https%3A%2F%2Fd1x91p7vw3vuq8.cloudfront.net%2Fitemku-upload%2F202552%2Fnbpkrdrnrwla515bacxog6_thumbnail.jpg&w=140&q=75;;;
Item;Adopt Me Trading Hub;Rp700;771 terjual;Retired Egg;https://imgop.itemku.com/?url=https%3A%2F%2Fd1x91p7vw3vuq8.cloudfront.net%2Fitemku-upload%2F20251222%2Ftyumqlnnn0j7gnvwnk0bsl_thumbnail.jpg&w=1033&q=75;;;
Item;Adopt Me Trading Hub;Rp1.000;494 terjual;Crystal Egg;https://imgop.itemku.com/?url=https%3A%2F%2Fd1x91p7vw3vuq8.cloudfront.net%2Fitemku-upload%2F2026123%2Fldr334p1f4mkzrs0o7yrv_thumbnail.jpg&w=1033&q=75;;;
Item;Adopt Me Trading Hub;Rp460;420 terjual;Retired egg;https://imgop.itemku.com/?url=https%3A%2F%2Fd1x91p7vw3vuq8.cloudfront.net%2Fitemku-upload%2F2025425%2Ffjou3ttxfyua018ing82_thumbnail.jpg&w=1033&q=75;;;
Item;Adopt Me Trading Hub;Rp3.900;257 terjual;GARDEN EGG - ADOPT ME;https://imgop.itemku.com/?url=https%3A%2F%2Fd1x91p7vw3vuq8.cloudfront.net%2Fitemku-upload%2F20241011%2Fg3v40cve9jkbkqui5q1gj_thumbnail.jpg&w=1033&q=75;;;
Item;Adopt Me Trading Hub;Rp684.500;;Puffin MFR;https://imgop.itemku.com/?url=https%3A%2F%2Fd1x91p7vw3vuq8.cloudfront.net%2Fitemku-upload%2F2026217%2F6xd7v24uskduq5clqogmne_thumbnail.jpg&w=1033&q=75;;;
Item;Adopt Me Trading Hub;Rp1.200;365 terjual;Royal Egg;https://imgop.itemku.com/?url=https%3A%2F%2Fd1x91p7vw3vuq8.cloudfront.net%2Fitemku-upload%2F2025716%2Fagcx0sd6x4ny0jomi8vyyn_thumbnail.jpg&w=1033&q=75;;;
Item;Adopt Me Trading Hub;Rp534.500;3 terjual;Blazing Lion;https://imgop.itemku.com/?url=https%3A%2F%2Fd1x91p7vw3vuq8.cloudfront.net%2Fitemku-upload%2F2026317%2Fspiw0ny8qtbkzt7kiqzlen_thumbnail.jpg&w=1033&q=75;;;
Item;Adopt Me Trading Hub;Rp700;47 terjual;Endangered Egg;https://imgop.itemku.com/?url=https%3A%2F%2Fd1x91p7vw3vuq8.cloudfront.net%2Fitemku-upload%2F202638%2F7qpoehgzmiwus1jc5f4a5m_thumbnail.jpg&w=1033&q=75;;;
Item;Adopt Me Trading Hub;Rp205.000;208 terjual;Strawberry Shortcake Bat Dragon;https://imgop.itemku.com/?url=https%3A%2F%2Fd1x91p7vw3vuq8.cloudfront.net%2Fitemku-upload%2F2025624%2Fi8bnjblgdzlbqg22zquy8o_thumbnail.jpg&w=1033&q=75;;;
Item;Adopt Me Trading Hub;Rp110.000;166 terjual;Unicorn NFR > pet Adopt me;https://imgop.itemku.com/?url=https%3A%2F%2Fd1x91p7vw3vuq8.cloudfront.net%2Fitemku-upload%2F20241129%2Fv47ted52ucn3dz6zxgjhaa_thumbnail.jpg&w=1033&q=75;;;
Item;Adopt Me Trading Hub;Rp205.000;161 terjual;Strawberry Shortcake Bat Dragon;https://imgop.itemku.com/?url=https%3A%2F%2Fd1x91p7vw3vuq8.cloudfront.net%2Fitemku-upload%2F2025927%2Fxpnu8ayjv1c2u3tnhdoiu_thumbnail.jpg&w=1033&q=75;;;
Item;Adopt Me Trading Hub;Rp120.000;148 terjual;Fairy Bat Dragon (FBD) FR - Adopt Me;https://imgop.itemku.com/?url=https%3A%2F%2Fd1x91p7vw3vuq8.cloudfront.net%2Fitemku-upload%2F202576%2Fyv9pq9pgz2r2sw1frvijr_thumbnail.jpg&w=1033&q=75;;;
Item;Adopt Me Trading Hub;IDR 1.794;127 terjual;Mochi Meow;https://imgop.itemku.com/?url=https%3A%2F%2Fd1x91p7vw3vuq8.cloudfront.net%2Fitemku-upload%2F2026321%2Fn31dc30lr0mhpl4vs7n9hp_thumbnail.jpg&w=1033&q=75;;;
Item;Adopt Me Trading Hub;Rp200.000;126 terjual;Strawberry Shortcake Bat Dragon FR > pet Adopt me;https://imgop.itemku.com/?url=https%3A%2F%2Fd1x91p7vw3vuq8.cloudfront.net%2Fitemku-upload%2F20241216%2Fda78lhnzxonufr190f7c5j_thumbnail.jpg&w=1033&q=75;;;
Item;Adopt Me Trading Hub;Rp115.000;119 terjual;Unicorn NFR - Adopt Me;https://imgop.itemku.com/?url=https%3A%2F%2Fd1x91p7vw3vuq8.cloudfront.net%2Fitemku-upload%2F2025623%2F5z1zyw54o9yu2ak3d9zp8f_thumbnail.jpg&w=1033&q=75;;;
Item;Adopt Me Trading Hub;Rp5.000;117 terjual;Dragon;https://imgop.itemku.com/?url=https%3A%2F%2Fd1x91p7vw3vuq8.cloudfront.net%2Fitemku-upload%2F20251228%2Fjdf5yet64vgjrguvfmdabb_thumbnail.jpg&w=1033&q=75;;;
Item;Adopt Me Trading Hub;Rp500;158 terjual;Cracked egg;https://imgop.itemku.com/?url=https%3A%2F%2Fd1x91p7vw3vuq8.cloudfront.net%2Fitemku-upload%2F2025628%2Fjicvf6dy8svcybvp0lqeo_thumbnail.jpg&w=1033&q=75;;;
Item;Adopt Me Trading Hub;Rp14.000;;Strawberry Shortcake ducky;https://imgop.itemku.com/?url=https%3A%2F%2Fd1x91p7vw3vuq8.cloudfront.net%2Fitemku-upload%2F2026524%2Fz3rxi3fnqjg6fs9rjlf7t_thumbnail.jpg&w=1033&q=75;;;
Item;Adopt Me Trading Hub;Rp84.500;2 terjual;Sea Turtle MFR;https://imgop.itemku.com/?url=https%3A%2F%2Fd1x91p7vw3vuq8.cloudfront.net%2Fitemku-upload%2F2026322%2Flttf3vy7byvpe1uxw6vys_thumbnail.jpg&w=1033&q=75;;;
Item;Adopt Me Trading Hub;Rp84.500;1 terjual;Ancient Dragon;https://imgop.itemku.com/?url=https%3A%2F%2Fd1x91p7vw3vuq8.cloudfront.net%2Fitemku-upload%2F2026117%2F6o9k72dy76c2w56wfdwino_thumbnail.jpg&w=1033&q=75;;;
Item;Adopt Me Trading Hub;Rp84.500;116 terjual;Unicorn NFR - adopt me RBL;https://imgop.itemku.com/?url=https%3A%2F%2Fd1x91p7vw3vuq8.cloudfront.net%2Fitemku-upload%2F202519%2F3ivhtxqhpi4nzn2fxpctqr_thumbnail.jpg&w=1033&q=75;;;
Item;Adopt Me Trading Hub;Rp137.000;114 terjual;Kangaroo FR > pet Adopt me;https://imgop.itemku.com/?url=https%3A%2F%2Fd1x91p7vw3vuq8.cloudfront.net%2Fitemku-upload%2F20241129%2F3sog4g3w80y2myedz7lmbj_thumbnail.jpg&w=1033&q=75;;;
Item;Adopt Me Trading Hub;Rp170;114 terjual;Endangered Egg;https://imgop.itemku.com/?url=https%3A%2F%2Fd1x91p7vw3vuq8.cloudfront.net%2Fitemku-upload%2F202636%2Ficg5hd8zhvvqy7x1wgi_thumbnail.jpg&w=1033&q=75;;;
Item;Adopt Me Trading Hub;Rp1.250;113 terjual;Alicorn;https://imgop.itemku.com/?url=https%3A%2F%2Fd1x91p7vw3vuq8.cloudfront.net%2Fitemku-upload%2F2026412%2Fsz2t2ak1gk1l8p63b7osp_thumbnail.jpg&w=1033&q=75;;;
Item;Adopt Me Trading Hub;Rp21.000;105 terjual;Mega Mochi Meow;https://imgop.itemku.com/?url=https%3A%2F%2Fd1x91p7vw3vuq8.cloudfront.net%2Fitemku-upload%2F202642%2F1vuujrvkyc8uw9xvidhvke_thumbnail.jpg&w=1033&q=75;;;
Item;Adopt Me Trading Hub;Rp185.000;102 terjual;Turtle FR > pet Adopt me;https://imgop.itemku.com/?url=https%3A%2F%2Fd1x91p7vw3vuq8.cloudfront.net%2Fitemku-upload%2F20241130%2Fsr27c5n7lwzi3bko9k6u_thumbnail.jpg&w=1033&q=75;;;
Item;Adopt Me Trading Hub;Rp245.000;99 terjual;Cow;https://imgop.itemku.com/?url=https%3A%2F%2Fd1x91p7vw3vuq8.cloudfront.net%2Fitemku-upload%2F2025927%2F89jo7nmhi36db71dauqv1b_thumbnail.jpg&w=1033&q=75;;;
Item;Adopt Me Trading Hub;Rp18.888;97 terjual;Dango Penguins;https://imgop.itemku.com/?url=https%3A%2F%2Fd1x91p7vw3vuq8.cloudfront.net%2Fitemku-upload%2F2026311%2Fcppfidqsasqr0vn2al5drq_thumbnail.jpg&w=1033&q=75;;;
Item;Adopt Me Trading Hub;Rp64.500;7 terjual;Pig;https://imgop.itemku.com/?url=https%3A%2F%2Fd1x91p7vw3vuq8.cloudfront.net%2Fitemku-upload%2F2026217%2F723gbtr1efw0k65bjlawwy6_thumbnail.jpg&w=1033&q=75;;;
Item;Adopt Me Trading Hub;Rp184.500;;Shiver Wolf;https://imgop.itemku.com/?url=https%3A%2F%2Fd1x91p7vw3vuq8.cloudfront.net%2Fitemku-upload%2F2026118%2F8kyxfdmhwdefpmfr9sgxto_thumbnail.jpg&w=1033&q=75;;;
Item;Adopt Me Trading Hub;Rp34.100;7 terjual;Mega Mochi Meow - Adopt Me;https://imgop.itemku.com/?url=https%3A%2F%2Fd1x91p7vw3vuq8.cloudfront.net%2Fitemku-upload%2F2026329%2F1okv991icfshlc51ton16_thumbnail.jpg&w=1033&q=75;;;
Item;Adopt Me Trading Hub;Rp75.000;;Blue Whale Mega;https://imgop.itemku.com/?url=https%3A%2F%2Fd1x91p7vw3vuq8.cloudfront.net%2Fitemku-upload%2F202654%2Fpil2jav7ekiyi9x338vojo_thumbnail.jpg&w=1033&q=75;;;
Item;Adopt Me Trading Hub;Rp10.300;645 terjual;Ride potion;https://imgop.itemku.com/?url=https%3A%2F%2Fd1x91p7vw3vuq8.cloudfront.net%2Fitemku-upload%2F2025224%2Fs33y6ipniptagmbqgpx19_thumbnail.jpg&w=1033&q=75;;;
Item;Adopt Me Trading Hub;Rp11.000;592 terjual;ride potion;https://imgop.itemku.com/?url=https%3A%2F%2Fd1x91p7vw3vuq8.cloudfront.net%2Fitemku-upload%2F2025611%2Ft0uzwpt8b5ku3ru8qycpl_thumbnail.jpg&w=1033&q=75;;;
Item;Adopt Me Trading Hub;Rp29.900;460 terjual;Fly and Ride Potion - adopt me RBL;https://imgop.itemku.com/?url=https%3A%2F%2Fd1x91p7vw3vuq8.cloudfront.net%2Fitemku-upload%2F20241226%2Fm484czdqefwiqnjmhl9b_thumbnail.jpg&w=1033&q=75;;;
Item;Adopt Me Trading Hub;Rp21.300;440 terjual;Fly Potion | gothicRBL;https://imgop.itemku.com/?url=https%3A%2F%2Fd1x91p7vw3vuq8.cloudfront.net%2Fitemku-upload%2F2025327%2Fxveaxhxrle90fmcodi2mhb_thumbnail.jpg&w=1033&q=75;;;
Item;Adopt Me Trading Hub;Rp240;1 terjual;Rubber Ducky Box;https://imgop.itemku.com/?url=https%3A%2F%2Fd1x91p7vw3vuq8.cloudfront.net%2Fitemku-upload%2F2026524%2Frjbc7u6ck0jlf8bdqca8ud_thumbnail.jpg&w=1033&q=75;;;
Item;Adopt Me Trading Hub;Rp450;6 terjual;Age Up Potion;https://imgop.itemku.com/?url=https%3A%2F%2Fd1x91p7vw3vuq8.cloudfront.net%2Fitemku-upload%2F2026513%2F4gg03kj41tqu99yfi0u38_thumbnail.jpg&w=1033&q=75;;;
Item;Adopt Me Trading Hub;Rp174.500;2 terjual;Unicorn Horn;https://imgop.itemku.com/?url=https%3A%2F%2Fd1x91p7vw3vuq8.cloudfront.net%2Fitemku-upload%2F2026110%2Fzxqq1vpntydktl4ql5naea_thumbnail.jpg&w=1033&q=75;;;
Item;Adopt Me Trading Hub;Rp490;;Rubber Ducky Box;https://imgop.itemku.com/?url=https%3A%2F%2Fd1x91p7vw3vuq8.cloudfront.net%2Fitemku-upload%2F2026524%2Fm9rso8yhnx17lcoopdlxt_thumbnail.jpg&w=1033&q=75;;;
Item;Adopt Me Trading Hub;Rp21.595;405 terjual;pet certificate / pet handler;https://imgop.itemku.com/?url=https%3A%2F%2Fd1x91p7vw3vuq8.cloudfront.net%2Fitemku-upload%2F20251023%2Fl6fka7o4pode1e78q4bg7_thumbnail.jpg&w=1033&q=75;;;
Item;Adopt Me Trading Hub;Rp10.500;358 terjual;Ride potion adopt me;https://imgop.itemku.com/?url=https%3A%2F%2Fd1x91p7vw3vuq8.cloudfront.net%2Fitemku-upload%2F20251024%2Fv4b8pdumhi9iarbg8qqt_thumbnail.jpg&w=1033&q=75;;;
Item;Adopt Me Trading Hub;Rp700;247 terjual;Massive Gift;https://imgop.itemku.com/?url=https%3A%2F%2Fd1x91p7vw3vuq8.cloudfront.net%2Fitemku-upload%2F202464%2Fieoregbpshoia2hy6hfnrg_thumbnail.jpg&w=1033&q=75;;;
Item;Adopt Me Trading Hub;Rp20.800;229 terjual;FLY POTION - ADOPT ME;https://imgop.itemku.com/?url=https%3A%2F%2Fd1x91p7vw3vuq8.cloudfront.net%2Fitemku-upload%2F202619%2Fqtgj8qtcegml7w2yjt61ps_thumbnail.jpg&w=1033&q=75;;;
Item;Adopt Me Trading Hub;Rp25.500;162 terjual;Fly Potion;https://imgop.itemku.com/?url=https%3A%2F%2Fd1x91p7vw3vuq8.cloudfront.net%2Fitemku-upload%2F2025927%2Fl6xfpzd1bex0mn37l51gq_thumbnail.jpg&w=1033&q=75;;;
Item;Adopt Me Trading Hub;Rp1.320;158 terjual;Crystal Egg;https://imgop.itemku.com/?url=https%3A%2F%2Fd1x91p7vw3vuq8.cloudfront.net%2Fitemku-upload%2F2026215%2F9ewxiyjsc0in8anwt3w4m7_thumbnail.jpg&w=1033&q=75;;;
Item;Adopt Me Trading Hub;IDR 420;154 terjual;Endangered Egg;https://imgop.itemku.com/?url=https%3A%2F%2Fd1x91p7vw3vuq8.cloudfront.net%2Fitemku-upload%2F202631%2Fj050se0zyedv5wyc3qr5_thumbnail.jpg&w=1033&q=75;;;
Item;Adopt Me Trading Hub;Rp22.000;151 terjual;Pet Handler Pro Certificate | gothicRBL;https://imgop.itemku.com/?url=https%3A%2F%2Fd1x91p7vw3vuq8.cloudfront.net%2Fitemku-upload%2F2025327%2Fv3c5k760ptrh2hembyhv_thumbnail.jpg&w=1033&q=75;;;
Item;Adopt Me Trading Hub;Rp2.500;6 terjual;Chocobunny Box;https://imgop.itemku.com/?url=https%3A%2F%2Fd1x91p7vw3vuq8.cloudfront.net%2Fitemku-upload%2F2026430%2Fum91atnyejap0ou4tftph_thumbnail.jpg&w=1033&q=75;;;
Item;Adopt Me Trading Hub;Rp550.000;;Water Walking Potion - Adopt me;https://imgop.itemku.com/?url=https%3A%2F%2Fd1x91p7vw3vuq8.cloudfront.net%2Fitemku-upload%2F2026420%2F56pmieu4ht637in9hjtbcg_thumbnail.jpg&w=1033&q=75;;;
Item;Adopt Me Trading Hub;Rp444.500;5 terjual;Rainbow Maker;https://imgop.itemku.com/?url=https%3A%2F%2Fd1x91p7vw3vuq8.cloudfront.net%2Fitemku-upload%2F20251228%2F6ou9ttmfu5i9zeedkm0uzh_thumbnail.jpg&w=1033&q=75;;;
Item;Adopt Me Trading Hub;Rp22.500;15 terjual;Pet Handler Pro Certificate;https://imgop.itemku.com/?url=https%3A%2F%2Fd1x91p7vw3vuq8.cloudfront.net%2Fitemku-upload%2F20251212%2Fxt74g4xrpcaztcq6otfcy_thumbnail.jpg&w=1033&q=75;;;
Item;Adopt Me Trading Hub;IDR 1.049;129 terjual;Crystal Egg;https://imgop.itemku.com/?url=https%3A%2F%2Fd1x91p7vw3vuq8.cloudfront.net%2Fitemku-upload%2F2026225%2Fg2lcyqdshw9n0ihwjfam_thumbnail.jpg&w=1033&q=75;;;
Item;Adopt Me Trading Hub;Rp14.400;123 terjual;CELESTIAL CARRIER - ADOPT ME;https://imgop.itemku.com/?url=https%3A%2F%2Fd1x91p7vw3vuq8.cloudfront.net%2Fitemku-upload%2F20241017%2Fs87w2197y57kmhu7e8grb_thumbnail.jpg&w=1033&q=75;;;
Item;Adopt Me Trading Hub;Rp1.050;120 terjual;GALAXY EXPLORER HELMET - ADOPT ME;https://imgop.itemku.com/?url=https%3A%2F%2Fd1x91p7vw3vuq8.cloudfront.net%2Fitemku-upload%2F20241016%2F05t04v4h26nhhir661tzm_thumbnail.jpg&w=1033&q=75;;;
Item;Adopt Me Trading Hub;Rp21.500;110 terjual;Fly Potion - adopt me roblox;https://imgop.itemku.com/?url=https%3A%2F%2Fd1x91p7vw3vuq8.cloudfront.net%2Fitemku-upload%2F20241121%2F1idftaphalkjuahc7rh_thumbnail.jpg&w=1033&q=75;;;
Item;Adopt Me Trading Hub;Rp1.100;105 terjual;WITCH'S CARAVAN - ADOPT ME;https://imgop.itemku.com/?url=https%3A%2F%2Fd1x91p7vw3vuq8.cloudfront.net%2Fitemku-upload%2F20241016%2Ffog5v72lvpo4t7svm0ikot_thumbnail.jpg&w=1033&q=75;;;
Item;Adopt Me Trading Hub;Rp3.900;92 terjual;ROCKET RACER - ADOPT ME;https://imgop.itemku.com/?url=https%3A%2F%2Fd1x91p7vw3vuq8.cloudfront.net%2Fitemku-upload%2F20241024%2Fjys1evu0sgvv5i2l8o4e_thumbnail.jpg&w=1033&q=75;;;
Item;Adopt Me Trading Hub;Rp12.000;91 terjual;10000 Bucks + Bonus;https://imgop.itemku.com/?url=https%3A%2F%2Fd1x91p7vw3vuq8.cloudfront.net%2Fitemku-upload%2F2026222%2F8dniqhn4h7obj3t8wjtec_thumbnail.jpg&w=1033&q=75;;;
Item;Adopt Me Trading Hub;Rp24.400;85 terjual;MAGIC HOUSE DOOR - ADOPT ME;https://imgop.itemku.com/?url=https%3A%2F%2Fd1x91p7vw3vuq8.cloudfront.net%2Fitemku-upload%2F20241016%2F00o2sv9q0xhup1jwdysa2z7q_thumbnail.jpg&w=1033&q=75;;;
Item;Adopt Me Trading Hub;Rp750;31 terjual;Massive Gift - Adopt me;https://imgop.itemku.com/?url=https%3A%2F%2Fd1x91p7vw3vuq8.cloudfront.net%2Fitemku-upload%2F202559%2Fwbq5cgqsbmbjgkwe0cwn2_thumbnail.jpg&w=1033&q=75;;;
Item;Adopt Me Trading Hub;Rp2.500;998 terjual;1000 Bucks;https://imgop.itemku.com/?url=https%3A%2F%2Fd1x91p7vw3vuq8.cloudfront.net%2Fitemku-upload%2F2025423%2Fi5px7p7s7qmlvkasclnd8_thumbnail.jpg&w=1033&q=75;;;
Item;Adopt Me Trading Hub;Rp9.500;709 terjual;Ride potion > Adopt me;https://imgop.itemku.com/?url=https%3A%2F%2Fd1x91p7vw3vuq8.cloudfront.net%2Fitemku-upload%2F20241129%2Fh7yf9x2tqp6zdowrt55z1i_thumbnail.jpg&w=1033&q=75;;;
Item;Adopt Me Trading Hub;Rp19.500;571 terjual;Fly potion > Adopt me;https://imgop.itemku.com/?url=https%3A%2F%2Fd1x91p7vw3vuq8.cloudfront.net%2Fitemku-upload%2F20241129%2Flz8rie9941nfz6svp2f2iu_thumbnail.jpg&w=1033&q=75;;;
Item;Adopt Me Trading Hub;Rp36.000;408 terjual;Map Khusus Roblox;https://imgop.itemku.com/?url=https%3A%2F%2Fd1x91p7vw3vuq8.cloudfront.net%2Fitemku-upload%2F20241010%2Ftzzr85jea5al6i92ukz5l_thumbnail.jpg&w=1033&q=75;;;
Item;Adopt Me Trading Hub;Rp40.000;20 terjual;bat dragon glitch house;https://imgop.itemku.com/?url=https%3A%2F%2Fd1x91p7vw3vuq8.cloudfront.net%2Fitemku-upload%2F2025510%2Fvnkscsudm4tfa2qwfoty_thumbnail.jpg&w=1033&q=75;;;
Item;Adopt Me Trading Hub;Rp150.000;1 terjual;Big forest castle village;https://imgop.itemku.com/?url=https%3A%2F%2Fd1x91p7vw3vuq8.cloudfront.net%2Fitemku-upload%2F202637%2Fshyhmxerbqpcht54k2x3xq_thumbnail.jpg&w=1033&q=75;;;
Item;Adopt Me Trading Hub;Rp15.000;1 terjual;Huge cake house;https://imgop.itemku.com/?url=https%3A%2F%2Fd1x91p7vw3vuq8.cloudfront.net%2Fitemku-upload%2F202652%2Fk5fgo8vu4ckr05j8ojzx_thumbnail.jpg&w=1033&q=75;;;
Item;Adopt Me Trading Hub;Rp80.000;2 terjual;Sanrio themepark island house;https://imgop.itemku.com/?url=https%3A%2F%2Fd1x91p7vw3vuq8.cloudfront.net%2Fitemku-upload%2F2026311%2Fiviumiq13ip5ralms1jlir_thumbnail.jpg&w=1033&q=75;;;
Item;Adopt Me Trading Hub;Rp25.000;261 terjual;Pet Handler Pro Certificate > Adopt me;https://imgop.itemku.com/?url=https%3A%2F%2Fd1x91p7vw3vuq8.cloudfront.net%2Fitemku-upload%2F202563%2Fkon15pr0ndbsc0jiijv3b_thumbnail.jpg&w=1033&q=75;;;
Item;Adopt Me Trading Hub;Rp22.000;229 terjual;San-X Rilakkuma Tiny Grinding House Adopt Me;https://imgop.itemku.com/?url=https%3A%2F%2Fd1x91p7vw3vuq8.cloudfront.net%2Fitemku-upload%2F2025614%2F1yd88eifb8i62xf87lxuwq_thumbnail.jpg&w=1033&q=75;;;
Item;Adopt Me Trading Hub;Rp6.100;208 terjual;Royal Place (No Decorated);https://imgop.itemku.com/?url=https%3A%2F%2Fd1x91p7vw3vuq8.cloudfront.net%2Fitemku-upload%2F202498%2F1qp1mmpc64iltzgtzhczdh_thumbnail.jpg&w=1033&q=75;;;
Item;Adopt Me Trading Hub;Rp15.000;180 terjual;Cutecore Pink Tiny House with Duck Pond Adopt Me;https://imgop.itemku.com/?url=https%3A%2F%2Fd1x91p7vw3vuq8.cloudfront.net%2Fitemku-upload%2F2025614%2Fy8q1cf03igrllotijqwaes_thumbnail.jpg&w=1033&q=75;;;
Item;Adopt Me Trading Hub;Rp25.000;170 terjual;Cute Overgrown Pink Cottage House Adopt Me;https://imgop.itemku.com/?url=https%3A%2F%2Fd1x91p7vw3vuq8.cloudfront.net%2Fitemku-upload%2F2025718%2F0hwaru575uywcww6nsiuibh_thumbnail.jpg&w=1033&q=75;;;
Item;Adopt Me Trading Hub;Rp120.000;145 terjual;VIP MAP FUN!;https://imgop.itemku.com/?url=https%3A%2F%2Fd1x91p7vw3vuq8.cloudfront.net%2Fitemku-upload%2F2025419%2F2y0mthp5lafssq7y9q7d9l_thumbnail.jpg&w=1033&q=75;;;
Item;Adopt Me Trading Hub;Rp30.000;96 terjual;ancient ruins abyys;https://imgop.itemku.com/?url=https%3A%2F%2Fd1x91p7vw3vuq8.cloudfront.net%2Fitemku-upload%2F2025621%2F6u6l933z2qni5ocof33b39_thumbnail.jpg&w=1033&q=75;;;
Item;Adopt Me Trading Hub;Rp15.000;94 terjual;Melody grinding house;https://imgop.itemku.com/?url=https%3A%2F%2Fd1x91p7vw3vuq8.cloudfront.net%2Fitemku-upload%2F2025628%2F1lx79axjrpvy81qildxewc_thumbnail.jpg&w=1033&q=75;;;
Item;Adopt Me Trading Hub;Rp29.000;39 terjual;Dark forest house;https://imgop.itemku.com/?url=https%3A%2F%2Fd1x91p7vw3vuq8.cloudfront.net%2Fitemku-upload%2F202613%2Fs2rnmubkp7m0jc6hl6izxs_thumbnail.jpg&w=1033&q=75;;;
Item;Adopt Me Trading Hub;Rp90.000;5 terjual;space ship house;https://imgop.itemku.com/?url=https%3A%2F%2Fd1x91p7vw3vuq8.cloudfront.net%2Fitemku-upload%2F202566%2Fc3xgs3na2cnombgv6jape8_thumbnail.jpg&w=1033&q=75;;;
Item;Adopt Me Trading Hub;Rp35.000;8 terjual;little cute island;https://imgop.itemku.com/?url=https%3A%2F%2Fd1x91p7vw3vuq8.cloudfront.net%2Fitemku-upload%2F20251130%2Fzvdpou6qbkfqlx8caaahb_thumbnail.jpg&w=1033&q=75;;;
Item;Adopt Me Trading Hub;Rp49.000;9 terjual;Cutecore cryptid house;https://imgop.itemku.com/?url=https%3A%2F%2Fd1x91p7vw3vuq8.cloudfront.net%2Fitemku-upload%2F2026315%2Fijvorbzhsb1m6nfgwfuxh_thumbnail.jpg&w=1033&q=75;;;
Item;Adopt Me Trading Hub;Rp40.000;86 terjual;library house;https://imgop.itemku.com/?url=https%3A%2F%2Fd1x91p7vw3vuq8.cloudfront.net%2Fitemku-upload%2F2025512%2F42t7p56sypxph3yr6zrc4k_thumbnail.jpg&w=1033&q=75;;;
Item;Adopt Me Trading Hub;Rp4.500;84 terjual;Queenslander House (No Decorated);https://imgop.itemku.com/?url=https%3A%2F%2Fd1x91p7vw3vuq8.cloudfront.net%2Fitemku-upload%2F2024827%2Fawvfyca4wdusxkqn1dsiqs_thumbnail.jpg&w=1033&q=75;;;
Item;Adopt Me Trading Hub;Rp45.500;74 terjual;Cutegore Themed House Adopt Me;https://imgop.itemku.com/?url=https%3A%2F%2Fd1x91p7vw3vuq8.cloudfront.net%2Fitemku-upload%2F2025107%2Fdrthp8ly7gd3kfhxr4tlz9_thumbnail.jpg&w=1033&q=75;;;
Item;Adopt Me Trading Hub;Rp90.000;74 terjual;adopt me Royal suit hotel Paris in eiffel view (tinny house);https://imgop.itemku.com/?url=https%3A%2F%2Fd1x91p7vw3vuq8.cloudfront.net%2Fitemku-upload%2F2026310%2Fdud65v4rilw9kq3500z835_thumbnail.jpg&w=1033&q=75;;;
Item;Adopt Me Trading Hub;Rp30.000;73 terjual;Pink Molang Queenslander House Adopt Me;https://imgop.itemku.com/?url=https%3A%2F%2Fd1x91p7vw3vuq8.cloudfront.net%2Fitemku-upload%2F20251221%2Fzlz5vivotygkc4ghplq16s_thumbnail.jpg&w=1033&q=75;;;
Item;Adopt Me Trading Hub;IDR 29.646;71 terjual;Molang Queenslander Cute Pink House;https://imgop.itemku.com/?url=https%3A%2F%2Fd1x91p7vw3vuq8.cloudfront.net%2Fitemku-upload%2F202635%2F833ffcgxwlqhtqjgc744vh_thumbnail.jpg&w=1033&q=75;;;
Item;Adopt Me Trading Hub;Rp40.000;67 terjual;adopt me japan street in tinny house;https://imgop.itemku.com/?url=https%3A%2F%2Fd1x91p7vw3vuq8.cloudfront.net%2Fitemku-upload%2F2026215%2Fuikwaetno8q182z82o78mz_thumbnail.jpg&w=1033&q=75;;;
Item;Adopt Me Trading Hub;Rp55.000;61 terjual;pink castle victoria house;https://imgop.itemku.com/?url=https%3A%2F%2Fd1x91p7vw3vuq8.cloudfront.net%2Fitemku-upload%2F20251030%2Fkdh0svv825681120yqgdf_thumbnail.jpg&w=1033&q=75;;;
Item;Adopt Me Trading Hub;Rp50.000;17 terjual;Moonlit Ocean Ambience;https://imgop.itemku.com/?url=https%3A%2F%2Fd1x91p7vw3vuq8.cloudfront.net%2Fitemku-upload%2F2026316%2Fj8whb4qsojaoz535t3ahll_thumbnail.jpg&w=1033&q=75;;;
Item;Adopt Me Trading Hub;Rp50.000;5 terjual;Cookie run kingdom house;https://imgop.itemku.com/?url=https%3A%2F%2Fd1x91p7vw3vuq8.cloudfront.net%2Fitemku-upload%2F2026125%2Flgx1shdxq6a6nr025kienl_thumbnail.jpg&w=1033&q=75;;;
Item;Adopt Me Trading Hub;Rp100.000;;mega mansion;https://imgop.itemku.com/?url=https%3A%2F%2Fd1x91p7vw3vuq8.cloudfront.net%2Fitemku-upload%2F20251130%2Fjhnmfsb4qzy2x4duoy7lm_thumbnail.jpg&w=1033&q=75;;;
Item;Adopt Me Trading Hub;Rp25.000;26 terjual;cute shop house;https://imgop.itemku.com/?url=https%3A%2F%2Fd1x91p7vw3vuq8.cloudfront.net%2Fitemku-upload%2F202565%2F64hqxnr515axj2fhp8podl_thumbnail.jpg&w=1033&q=75;;;
Item;Adopt Me Trading Hub;Rp39.000;2082 terjual;Akun Adopt Me Bonus Banyak Potions + Banyak Bucks;https://imgop.itemku.com/?url=https%3A%2F%2Fd1x91p7vw3vuq8.cloudfront.net%2Fitemku-upload%2F2026524%2F5lv9qmyjt53pjlsfbblv98_thumbnail.jpg&w=1033&q=75;;;
Item;Adopt Me Trading Hub;Rp58.000;1633 terjual;Akun Adopt Me Bonus Bucks + Bonus Age-Up potions;https://imgop.itemku.com/?url=https%3A%2F%2Fd1x91p7vw3vuq8.cloudfront.net%2Fitemku-upload%2F2026524%2Fl6djboj2na7yh7is1zua_thumbnail.jpg&w=1033&q=75;;;
Item;Adopt Me Trading Hub;Rp37.000;558 terjual;Akun Adopt Me Bonus 200+ Potions + Bonus Bucks;https://imgop.itemku.com/?url=https%3A%2F%2Fd1x91p7vw3vuq8.cloudfront.net%2Fitemku-upload%2F2026524%2F0e3pqbyik8jugsuwl3pljeu_thumbnail.jpg&w=1033&q=75;;;
Item;Adopt Me Trading Hub;Rp38.000;224 terjual;Akun Adopt Me Bonus Potions + Bucks + Bonus Pets;https://imgop.itemku.com/?url=https%3A%2F%2Fd1x91p7vw3vuq8.cloudfront.net%2Fitemku-upload%2F2026524%2Fiq5jasidkva8em9l4v1tft_thumbnail.jpg&w=1033&q=75;;;
Item;Adopt Me Trading Hub;Rp11.000;15 terjual;Akun Adopt Me (Bonus Age Potions);https://imgop.itemku.com/?url=https%3A%2F%2Fd1x91p7vw3vuq8.cloudfront.net%2Fitemku-upload%2F202654%2F70j2y4brt6vtud75hcyg3r_thumbnail.jpg&w=1033&q=75;;;
Item;Adopt Me Trading Hub;Rp65.000;82 terjual;Akun Adopt Me! 280K+ Bucks | 400 Age-Up Potions;https://imgop.itemku.com/?url=https%3A%2F%2Fd1x91p7vw3vuq8.cloudfront.net%2Fitemku-upload%2F2026523%2Fqk9tndlx3ysd0q6skyz56s_thumbnail.jpg&w=1033&q=75;;;
Item;Adopt Me Trading Hub;Rp37.500;78 terjual;Akun Adopt Me! 140K+ Bucks | 200 Age-Up Potions;https://imgop.itemku.com/?url=https%3A%2F%2Fd1x91p7vw3vuq8.cloudfront.net%2Fitemku-upload%2F2026523%2Fssunq6k7f1lib8f0whadjk_thumbnail.jpg&w=1033&q=75;;;
Item;Adopt Me Trading Hub;Rp61.000;66 terjual;Akun Adopt Me | Bonus Age Potions | Banyak Bucks | Sesuai Gambar;https://imgop.itemku.com/?url=https%3A%2F%2Fd1x91p7vw3vuq8.cloudfront.net%2Fitemku-upload%2F2026524%2Folburnqspm0hfoijig3vlf_thumbnail.jpg&w=1033&q=75;;;
Item;Adopt Me Trading Hub;Rp36.600;47 terjual;Akun Adopt Me | Bonus Age Potions | Banyak Bucks | Sesuai Gambar;https://imgop.itemku.com/?url=https%3A%2F%2Fd1x91p7vw3vuq8.cloudfront.net%2Fitemku-upload%2F2026524%2F27d0nev5ujpvw1lmjlt10q_thumbnail.jpg&w=1033&q=75;;;
Item;Adopt Me Trading Hub;Rp650.000;7 terjual;AKUN Adopt Me;https://imgop.itemku.com/?url=https%3A%2F%2Fd1x91p7vw3vuq8.cloudfront.net%2Fitemku-upload%2F2026419%2F2q54d9dpzgotzily03a5r_thumbnail.jpg&w=1033&q=75;;;
Item;Adopt Me Trading Hub;Rp150.000;7 terjual;AKUN MURAH SESUAI GAMBAR;https://imgop.itemku.com/?url=https%3A%2F%2Fd1x91p7vw3vuq8.cloudfront.net%2Fitemku-upload%2F2026516%2F14skavdkcq5eqq8jd2kvr_thumbnail.jpg&w=1033&q=75;;;
Item;Adopt Me Trading Hub;Rp599.000;5 terjual;AKUN MURAH SESUAI GAMBAR *2*;https://imgop.itemku.com/?url=https%3A%2F%2Fd1x91p7vw3vuq8.cloudfront.net%2Fitemku-upload%2F202647%2F58cd2tijkkoizwkvaljj3_thumbnail.jpg&w=1033&q=75;;;
Item;Adopt Me Trading Hub;Rp350.000;4 terjual;AKUN MURAH SESUAI GAMBAR *1*;https://imgop.itemku.com/?url=https%3A%2F%2Fd1x91p7vw3vuq8.cloudfront.net%2Fitemku-upload%2F202621%2Fcf3ylofnww71b67ifrw6cx_thumbnail.jpg&w=1033&q=75;;;
Item;Adopt Me Trading Hub;Rp399.000;2 terjual;AKUN Adopt Me SESUAI GAMBAR *5*;https://imgop.itemku.com/?url=https%3A%2F%2Fd1x91p7vw3vuq8.cloudfront.net%2Fitemku-upload%2F2025718%2Fjbykrxspd27p4apsqg61s_thumbnail.jpg&w=1033&q=75;;;
Item;Adopt Me Trading Hub;Rp799.000;2 terjual;AKUN Adopt Me SESUAI GAMBAR *4*;https://imgop.itemku.com/?url=https%3A%2F%2Fd1x91p7vw3vuq8.cloudfront.net%2Fitemku-upload%2F2025326%2Fyn057hgshtqds84bov2ibs_thumbnail.jpg&w=1033&q=75;;;
Item;Adopt Me Trading Hub;Rp3.500.000;1 terjual;AKUN Adopt Me SESUAI GAMBAR *3*;https://imgop.itemku.com/?url=https%3A%2F%2Fd1x91p7vw3vuq8.cloudfront.net%2Fitemku-upload%2F2025222%2F9340oxjkblt4ttxw0t8rlj_thumbnail.jpg&w=1033&q=75;;;
Item;Adopt Me Trading Hub;Rp20.000;8 terjual;Akun Adopt Me - 200 Age Up Potion;https://imgop.itemku.com/?url=https%3A%2F%2Fd1x91p7vw3vuq8.cloudfront.net%2Fitemku-upload%2F202636%2Fezxs0h7kcj68nhw7jfr3h5_thumbnail.jpg&w=1033&q=75;;;
Item;Adopt Me Trading Hub;Rp22.000;1 terjual;Akun Adopt Me 200 Age-Up Potions;https://imgop.itemku.com/?url=https%3A%2F%2Fd1x91p7vw3vuq8.cloudfront.net%2Fitemku-upload%2F2026424%2Fwqlce2s99tlik8aw2auun_thumbnail.jpg&w=1033&q=75;;;
Item;Adopt Me Trading Hub;Rp550.000;1 terjual;AKUN ADOPT ME - PAKET 6 (BACA DESKRIPSI);https://imgop.itemku.com/?url=https%3A%2F%2Fd1x91p7vw3vuq8.cloudfront.net%2Fitemku-upload%2F2026325%2Ftdaomud8ojnvom7umzm2yc_thumbnail.jpg&w=1033&q=75;;;
Item;Adopt Me Trading Hub;Rp890.000;;AKUN ADOPT ME - PAKET 5 (BACA DESKRIPSI);https://imgop.itemku.com/?url=https%3A%2F%2Fd1x91p7vw3vuq8.cloudfront.net%2Fitemku-upload%2F2026325%2Fmll4bjsgimpnjpfa4jtamc_thumbnail.jpg&w=1033&q=75;;;
Item;Adopt Me Trading Hub;Rp2.000;;Boosting / Joki Full Grown Legendary Pet;https://imgop.itemku.com/?url=https%3A%2F%2Fd1x91p7vw3vuq8.cloudfront.net%2Fitemku-upload%2F2026420%2Fyek48d3npbel4dc9h74b_thumbnail.jpg&w=1033&q=75;;;
Item;Adopt Me Trading Hub;Rp1.500;;Boosting / Joki Full Grown Ultra Rare Pet;https://imgop.itemku.com/?url=https%3A%2F%2Fd1x91p7vw3vuq8.cloudfront.net%2Fitemku-upload%2F2026420%2Fk5tp1rxxxxjpwvkjkzxx8_thumbnail.jpg&w=1033&q=75;;;
Item;Adopt Me Trading Hub;Rp1.000;;Boosting / Joki Full Grown Rare Pet;https://imgop.itemku.com/?url=https%3A%2F%2Fd1x91p7vw3vuq8.cloudfront.net%2Fitemku-upload%2F2026420%2Fwlkdc4p82pqeywoknjjed_thumbnail.jpg&w=1033&q=75;;;
Item;Adopt Me Trading Hub;Rp1.000;;Boosting / Joki Full Grown Uncommon Pet;https://imgop.itemku.com/?url=https%3A%2F%2Fd1x91p7vw3vuq8.cloudfront.net%2Fitemku-upload%2F2026420%2Ffbn9b9jx88fxv3nni8htc_thumbnail.jpg&w=1033&q=75;;;
Item;Adopt Me Trading Hub;Rp500;;Boosting / Joki Full Grown Common Pet;https://imgop.itemku.com/?url=https%3A%2F%2Fd1x91p7vw3vuq8.cloudfront.net%2Fitemku-upload%2F2026420%2Fikkjozrnseduz8kdiclkdd_thumbnail.jpg&w=1033&q=75;;;
Item;Blox Fruits;Rp141.000;;2x EXP Boosts (24 Jam);https://imgop.itemku.com/?url=https%3A%2F%2Fd1x91p7vw3vuq8.cloudfront.net%2Fitem-type%2F202648%2Fv6fc8mh3smq8j7ubjx4lr.webp&w=96&q=75;;;
Item;Blox Fruits;Rp79.900;;2x EXP Boosts (12 Jam);https://imgop.itemku.com/?url=https%3A%2F%2Fd1x91p7vw3vuq8.cloudfront.net%2Fitem-type%2F202648%2Fwpwbp7q9ticansxkp0l24.webp&w=96&q=75;;;
Item;Blox Fruits;Rp42.300;;2x EXP Boosts (6 Jam);https://imgop.itemku.com/?url=https%3A%2F%2Fd1x91p7vw3vuq8.cloudfront.net%2Fitem-type%2F202648%2Ffjn2w8196lw7p1oad3apqm.webp&w=96&q=75;;;
Item;Blox Fruits;Rp9.400;;2x EXP Boosts (1 Jam);https://imgop.itemku.com/?url=https%3A%2F%2Fd1x91p7vw3vuq8.cloudfront.net%2Fitem-type%2F202648%2Fcd0utxy10l4kvoe5843d6d.webp&w=96&q=75;;;
Item;Blox Fruits;Rp2.900;;2x EXP Boosts (15 Menit);https://imgop.itemku.com/?url=https%3A%2F%2Fd1x91p7vw3vuq8.cloudfront.net%2Fitem-type%2F202648%2Ftlw9lp9jnao5bct3skej3w.webp&w=96&q=75;;;
Item;Blox Fruits;Rp253.800;;Fruit Notifier;https://imgop.itemku.com/?url=https%3A%2F%2Fd1x91p7vw3vuq8.cloudfront.net%2Fitem-type%2F202648%2F7jj21256gngtl799odts48.webp&w=96&q=75;;;
Item;Blox Fruits;Rp112.800;;Dark Blade;https://imgop.itemku.com/?url=https%3A%2F%2Fd1x91p7vw3vuq8.cloudfront.net%2Fitem-type%2F202648%2Foc6obnhwvf9v6w82tu0eq.webp&w=96&q=75;;;
Item;Blox Fruits;Rp42.300;;2x Mastery;https://imgop.itemku.com/?url=https%3A%2F%2Fd1x91p7vw3vuq8.cloudfront.net%2Fitem-type%2F202648%2Fjhzt1d4jck6e7bkmuey5n.webp&w=96&q=75;;;
Item;Blox Fruits;Rp42.300;;2x Money;https://imgop.itemku.com/?url=https%3A%2F%2Fd1x91p7vw3vuq8.cloudfront.net%2Fitem-type%2F202648%2Fpon6jqkk3dohm0xd4lii9.webp&w=96&q=75;;;
Item;Blox Fruits;Rp32.900;;Fast Boats;https://imgop.itemku.com/?url=https%3A%2F%2Fd1x91p7vw3vuq8.cloudfront.net%2Fitem-type%2F202648%2F48i21zc2cm4fug4fcukmcg.webp&w=96&q=75;;;
Item;Blox Fruits;Rp32.900;;2x Drop Chance;https://imgop.itemku.com/?url=https%3A%2F%2Fd1x91p7vw3vuq8.cloudfront.net%2Fitem-type%2F202648%2Fqiy3whht1h9wuk569nuqt.webp&w=96&q=75;;;
Item;Blox Fruits;Rp4.600;;$10K Money;https://imgop.itemku.com/?url=https%3A%2F%2Fd1x91p7vw3vuq8.cloudfront.net%2Fitem-type%2F202648%2Fu33dm2kci4fzezyxlr7zk.webp&w=96&q=75;;;
Item;Blox Fruits;Rp18.308;;$50K Money;https://imgop.itemku.com/?url=https%3A%2F%2Fd1x91p7vw3vuq8.cloudfront.net%2Fitem-type%2F202648%2Fujatt46yl3dlt6sv2l026.webp&w=96&q=75;;;
Item;Blox Fruits;Rp45.908;;$135K Money;https://imgop.itemku.com/?url=https%3A%2F%2Fd1x91p7vw3vuq8.cloudfront.net%2Fitem-type%2F202648%2Fuud8kt6vlyqr5da06kfeq.webp&w=96&q=75;;;
Item;Blox Fruits;Rp116.000;;$300K Money;https://imgop.itemku.com/?url=https%3A%2F%2Fd1x91p7vw3vuq8.cloudfront.net%2Fitem-type%2F202648%2F248kk6f7yb9xqm42aot33l.webp&w=96&q=75;;;
Item;Blox Fruits;Rp174.000;;$500K Money;https://imgop.itemku.com/?url=https%3A%2F%2Fd1x91p7vw3vuq8.cloudfront.net%2Fitem-type%2F202648%2Fayfh551fj3437w6c27l2cs.webp&w=96&q=75;;;
Item;Blox Fruits;Rp36.800;;Fruit Storage;https://imgop.itemku.com/?url=https%3A%2F%2Fd1x91p7vw3vuq8.cloudfront.net%2Fitem-info%2F202648%2F1bqdgg5i7z4xpi2oximrdk.webp&w=96&q=75;;;
Item;Blox Fruits;Rp11.800;123389 terjual;Akun Blox Fruit [Level MAX];https://imgop.itemku.com/?url=https%3A%2F%2Fd1x91p7vw3vuq8.cloudfront.net%2Fitemku-upload%2F20251023%2F4sxyutrsej2k8xgiyql94_thumbnail.jpg&w=1033&q=75;;;
Item;Blox Fruits;Rp11.900;65832 terjual;Akun Blox Fruit GODHUMAN [Level MAX];https://imgop.itemku.com/?url=https%3A%2F%2Fd1x91p7vw3vuq8.cloudfront.net%2Fitemku-upload%2F20251023%2Fs7lxbsswouxmsyvs73sn8_thumbnail.jpg&w=1033&q=75;;;
Item;Blox Fruits;Rp1.700;53056 terjual;Akun Blox Fruit Level 1000! Bonus Fruit in Inventory !;https://imgop.itemku.com/?url=https%3A%2F%2Fd1x91p7vw3vuq8.cloudfront.net%2Fitemku-upload%2F2025710%2Ff0mn1u9dhza0o6j9rn477hc_thumbnail.jpg&w=1033&q=75;;;
Item;Blox Fruits;Rp21.900;34397 terjual;Akun Blox Fruit GODHUMAN+CURSED DUAL KATANA [Level MAX];https://imgop.itemku.com/?url=https%3A%2F%2Fd1x91p7vw3vuq8.cloudfront.net%2Fitemku-upload%2F2026327%2F5yr19mc8p8rgl0ldivsx8l_thumbnail.jpg&w=1033&q=75;;;
Item;Blox Fruits;Rp900.000;;AKUN PERMANENT DRAGON SULTAN #3;https://imgop.itemku.com/?url=https%3A%2F%2Fd1x91p7vw3vuq8.cloudfront.net%2Fitemku-upload%2F2026522%2Fb6unvw4uemd9dhu6v2yee_thumbnail.jpg&w=1033&q=75;;;
Item;Blox Fruits;Rp1.100.000;2 terjual;AKUN BLOX FRUIT GG;https://imgop.itemku.com/?url=https%3A%2F%2Fd1x91p7vw3vuq8.cloudfront.net%2Fitemku-upload%2F2026417%2Ffb36y8co9ulip50b3d1je8_thumbnail.jpg&w=1033&q=75;;;
Item;Blox Fruits;Rp1.000.000;1 terjual;AKUN PERMANENT DRAGON EASTERN & WESTERN #21;https://imgop.itemku.com/?url=https%3A%2F%2Fd1x91p7vw3vuq8.cloudfront.net%2Fitemku-upload%2F2026213%2F4ux1yhp0hokggenm4qarff_thumbnail.jpg&w=1033&q=75;;;
Item;Blox Fruits;Rp2.000.000;;AKUN SULTAN RATA KANAN;https://imgop.itemku.com/?url=https%3A%2F%2Fd1x91p7vw3vuq8.cloudfront.net%2Fitemku-upload%2F202649%2Fvia2av6jolzo1450xdv5_thumbnail.jpg&w=1033&q=75;;;
Item;Blox Fruits;Rp28.900;30380 terjual;Akun Blox Fruit GODHUMAN+CURSED DUAL KATANA+SOUL GUITAR [Level MAX];https://imgop.itemku.com/?url=https%3A%2F%2Fd1x91p7vw3vuq8.cloudfront.net%2Fitemku-upload%2F20251023%2F6fwmnwy262fviuxok2jgd_thumbnail.jpg&w=1033&q=75;;;
Item;Blox Fruits;Rp44.900;23920 terjual;Akun Blox Fruit Level Max Bonus Race Awakening V4 T1 (Godhuman);https://imgop.itemku.com/?url=https%3A%2F%2Fd1x91p7vw3vuq8.cloudfront.net%2Fitemku-upload%2F202642%2Ff3ark1pfiawwolkmtnx5_thumbnail.jpg&w=1033&q=75;;;
Item;Blox Fruits;Rp48.900;20604 terjual;AKUN BLOX FRUIT RACE AWAKENING V4 T10 (FULL GEAR) [LEVEL MAX];https://imgop.itemku.com/?url=https%3A%2F%2Fd1x91p7vw3vuq8.cloudfront.net%2Fitemku-upload%2F202642%2F0zth2t5m0vhru0dtanak9f_thumbnail.jpg&w=1033&q=75;;;
Item;Blox Fruits;Rp1.600;17872 terjual;Akun Level 1000 + Bonus Fruit Di Inventory + Bonus Melee;https://imgop.itemku.com/?url=https%3A%2F%2Fd1x91p7vw3vuq8.cloudfront.net%2Fitemku-upload%2F2026219%2Fcq4eq1vde2g5jld9aalvwn_thumbnail.jpg&w=1033&q=75;;;
Item;Blox Fruits;Rp33.900;17425 terjual;Akun Blox Fruit GODHUMAN + SHARK ANCHOR [Level MAX];https://imgop.itemku.com/?url=https%3A%2F%2Fd1x91p7vw3vuq8.cloudfront.net%2Fitemku-upload%2F2026327%2Fkn2adnuvvzfjefn4utmvy_thumbnail.jpg&w=1033&q=75;;;
Item;Blox Fruits;Rp32.900;12683 terjual;Akun Blox Fruit FULL AWAKEN DOUGH [Level MAX];https://imgop.itemku.com/?url=https%3A%2F%2Fd1x91p7vw3vuq8.cloudfront.net%2Fitemku-upload%2F2026327%2Firvl1kgf7rg6agnza5lkg_thumbnail.jpg&w=1033&q=75;;;
Item;Blox Fruits;Rp15.900;11286 terjual;Akun Blox Fruit T-REX [Level MAX];https://imgop.itemku.com/?url=https%3A%2F%2Fd1x91p7vw3vuq8.cloudfront.net%2Fitemku-upload%2F2026327%2F5ieq20we08p9u1ujx2u2v_thumbnail.jpg&w=1033&q=75;;;
Item;Blox Fruits;Rp11.600;9867 terjual;Akun Blox Fruit - Level MAX - GODHUMAN - Third SEA / SEA 3;https://imgop.itemku.com/?url=https%3A%2F%2Fd1x91p7vw3vuq8.cloudfront.net%2Fitemku-upload%2F2026310%2F6jgfdkxinvk84xasih7uhn_thumbnail.jpg&w=1033&q=75;;;
Item;Blox Fruits;Rp800.000;4 terjual;AKUN SULTAN MAKSIMAL;https://imgop.itemku.com/?url=https%3A%2F%2Fd1x91p7vw3vuq8.cloudfront.net%2Fitemku-upload%2F2026426%2Ftagemk5rfne72o646bvahh_thumbnail.jpg&w=1033&q=75;;;
Item;Blox Fruits;Rp950.000;3 terjual;AKUN PERMANENT DRAGON EASTERN & WESTERN #3;https://imgop.itemku.com/?url=https%3A%2F%2Fd1x91p7vw3vuq8.cloudfront.net%2Fitemku-upload%2F202655%2Fm5x0na1t1s4iz37ca9elt_thumbnail.jpg&w=1033&q=75;;;
Item;Blox Fruits;Rp900.000;3 terjual;AKUN PERMANENT DRAGON EASTERN & WESTERN #24;https://imgop.itemku.com/?url=https%3A%2F%2Fd1x91p7vw3vuq8.cloudfront.net%2Fitemku-upload%2F2026213%2Fsc65tw6svijieb9vixh2an_thumbnail.jpg&w=1033&q=75;;;
Item;Blox Fruits;Rp900.000;;AKUN PERMANENT DRAGON SULTAN #2;https://imgop.itemku.com/?url=https%3A%2F%2Fd1x91p7vw3vuq8.cloudfront.net%2Fitemku-upload%2F2026516%2Fqd56pal50p9umuk58skkm_thumbnail.jpg&w=1033&q=75;;;
Item;Blox Fruits;Rp7.950;9457 terjual;AKUN LEVEL MAX GODHUMAN;https://imgop.itemku.com/?url=https%3A%2F%2Fd1x91p7vw3vuq8.cloudfront.net%2Fitemku-upload%2F202647%2Fk77g93ckkk69m4wwk39h6_thumbnail.jpg&w=1033&q=75;;;
Item;Blox Fruits;Rp7.490;8393 terjual;Akun Blox Fruit Level Max - GODHUMAN;https://imgop.itemku.com/?url=https%3A%2F%2Fd1x91p7vw3vuq8.cloudfront.net%2Fitemku-upload%2F202628%2Fmc256zop7tld1mzzqnkzm_thumbnail.jpg&w=1033&q=75;;;
Item;Blox Fruits;Rp32.900;6462 terjual;Akun Blox Fruit KITSUNE [Level MAX];https://imgop.itemku.com/?url=https%3A%2F%2Fd1x91p7vw3vuq8.cloudfront.net%2Fitemku-upload%2F2026327%2F3bu95zjm1w6wtfvthlgdwf_thumbnail.jpg&w=1033&q=75;;;
Item;Blox Fruits;Rp35.900;5899 terjual;Akun Blox Fruit GODHUMAN + SHARK ANCHOR + CDK [Level MAX];https://imgop.itemku.com/?url=https%3A%2F%2Fd1x91p7vw3vuq8.cloudfront.net%2Fitemku-upload%2F2026327%2F1lf3bfvcup5z5lycfkt29_thumbnail.jpg&w=1033&q=75;;;
Item;Blox Fruits;Rp15.900;4877 terjual;Akun Blox Fruit MAMMOTH [Level MAX];https://imgop.itemku.com/?url=https%3A%2F%2Fd1x91p7vw3vuq8.cloudfront.net%2Fitemku-upload%2F2026327%2Fp3eb48vn4w9fn67scxygco_thumbnail.jpg&w=1033&q=75;;;
Item;Blox Fruits;Rp49.900;4857 terjual;Akun Blox Fruit Race Cyborg V4 Full Gear (Awakening) (Godhuman + CDK) [Level MAX];https://imgop.itemku.com/?url=https%3A%2F%2Fd1x91p7vw3vuq8.cloudfront.net%2Fitemku-upload%2F202642%2Faqpbsgl5fegzllncdeuj6_thumbnail.jpg&w=1033&q=75;;;
Item;Blox Fruits;Rp52.900;4388 terjual;Akun Blox Fruit Race Ghoul V4 Full Gear (Awakening) (Godhuman + CDK + Soul Gitar) [Level MAX];https://imgop.itemku.com/?url=https%3A%2F%2Fd1x91p7vw3vuq8.cloudfront.net%2Fitemku-upload%2F202642%2F6w3ekb5jlitpkwzsdyn0qb_thumbnail.jpg&w=1033&q=75;;;
Item;Blox Fruits;Rp37.900;4238 terjual;Akun Blox Fruit GODHUMAN + SHARK ANCHOR + FULL AWAKEN DOUGH [Level MAX];https://imgop.itemku.com/?url=https%3A%2F%2Fd1x91p7vw3vuq8.cloudfront.net%2Fitemku-upload%2F202641%2Fm2520brtmjwn95ufx8beg_thumbnail.jpg&w=1033&q=75;;;
Item;Blox Fruits;Rp600.000;58 terjual;Akun Fruit Permanent - No 3;https://imgop.itemku.com/?url=https%3A%2F%2Fd1x91p7vw3vuq8.cloudfront.net%2Fitemku-upload%2F2026522%2Fu4709c1ocqo535iwcxb5l8_thumbnail.jpg&w=1033&q=75;;;
Item;Blox Fruits;Rp750.000;29 terjual;Akun Fruit Permanent - No 8;https://imgop.itemku.com/?url=https%3A%2F%2Fd1x91p7vw3vuq8.cloudfront.net%2Fitemku-upload%2F202658%2F4t3x7an1ypu1bpp5o9xdou_thumbnail.jpg&w=1033&q=75;;;
Item;Blox Fruits;Rp750.000;;AKUN PERMANENT DRAGON EASTERN & WESTERN #18;https://imgop.itemku.com/?url=https%3A%2F%2Fd1x91p7vw3vuq8.cloudfront.net%2Fitemku-upload%2F202655%2F6uxj9bv4r36y9qpc0alqyp_thumbnail.jpg&w=1033&q=75;;;
Item;Blox Fruits;Rp800.000;1 terjual;AKUN PERMANENT DRAGON EASTERN & WESTERN #28;https://imgop.itemku.com/?url=https%3A%2F%2Fd1x91p7vw3vuq8.cloudfront.net%2Fitemku-upload%2F2026316%2Fufirjcnjqpxf82eszusx_thumbnail.jpg&w=1033&q=75;;;
Item;Blox Fruits;Rp155.100;6238 terjual;Human: Buddha (Beast);https://imgop.itemku.com/?url=https%3A%2F%2Fd1x91p7vw3vuq8.cloudfront.net%2Fitemku-upload%2F20221216%2Fwgrjshqn8ujow6m7tyr5la_thumbnail.jpg&w=1033&q=75;;;
Item;Blox Fruits;Rp425.000;3486 terjual;Dragon (Permanent);https://imgop.itemku.com/?url=https%3A%2F%2Fd1x91p7vw3vuq8.cloudfront.net%2Fitemku-upload%2F20241215%2Ffvlcbr0rtne3665e2mh6ik_thumbnail.jpg&w=1033&q=75;;;
Item;Blox Fruits;Rp188.000;2894 terjual;Portal (Natural);https://imgop.itemku.com/?url=https%3A%2F%2Fd1x91p7vw3vuq8.cloudfront.net%2Fitemku-upload%2F20221226%2Fm9cab7545amfz9dzkuk2ih_thumbnail.jpg&w=1033&q=75;;;
Item;Blox Fruits;Rp15.200;2725 terjual;Control;https://imgop.itemku.com/?url=https%3A%2F%2Fd1x91p7vw3vuq8.cloudfront.net%2Fitemku-upload%2F20251223%2Fe1snzkrm8lp7dthcq21y5d_thumbnail.jpg&w=1033&q=75;;;
Item;Blox Fruits;Rp17.000;153 terjual;Mammoth (Beast);https://imgop.itemku.com/?url=https%3A%2F%2Fd1x91p7vw3vuq8.cloudfront.net%2Fitemku-upload%2F2026212%2Ft8xd894rqyqcw160bhw6l_thumbnail.jpg&w=1033&q=75;;;
Item;Blox Fruits;Rp557.000;1 terjual;Dragon (Permanent);https://imgop.itemku.com/?url=https%3A%2F%2Fd1x91p7vw3vuq8.cloudfront.net%2Fitemku-upload%2F202614%2Fwcht64ggp366pumtovyct_thumbnail.jpg&w=1033&q=75;;;
Item;Blox Fruits;Rp375.000;;Purple Lightning;https://imgop.itemku.com/?url=https%3A%2F%2Fd1x91p7vw3vuq8.cloudfront.net%2Fitemku-upload%2F2026518%2Fujezazto6uf16hqo3uyq3r_thumbnail.jpg&w=1033&q=75;;;
Item;Blox Fruits;Rp7.900;4 terjual;Shadow;https://imgop.itemku.com/?url=https%3A%2F%2Fd1x91p7vw3vuq8.cloudfront.net%2Fitemku-upload%2F2026523%2Fgd2g24r32kuyk5athexz_thumbnail.jpg&w=1033&q=75;;;
Item;Blox Fruits;Rp14.200;2658 terjual;Tiger;https://imgop.itemku.com/?url=https%3A%2F%2Fd1x91p7vw3vuq8.cloudfront.net%2Fitemku-upload%2F20251031%2Fuctjkdd5mpa0w7lv6atw1lf_thumbnail.jpg&w=1033&q=75;;;
Item;Blox Fruits;Rp225.600;2624 terjual;Dough (Elemental);https://imgop.itemku.com/?url=https%3A%2F%2Fd1x91p7vw3vuq8.cloudfront.net%2Fitemku-upload%2F20221216%2Fpr8szlvfd3jimq8il0hyjk_thumbnail.jpg&w=1033&q=75;;;
Item;Blox Fruits;Rp5.000;2348 terjual;Rocket (Permanent);https://imgop.itemku.com/?url=https%3A%2F%2Fd1x91p7vw3vuq8.cloudfront.net%2Fitemku-upload%2F20241213%2F0aebd87766da4f8c02132aff5b_thumbnail.png&w=1033&q=75;;;
Item;Blox Fruits;Rp122.200;2289 terjual;Magma (Elemental);https://imgop.itemku.com/?url=https%3A%2F%2Fd1x91p7vw3vuq8.cloudfront.net%2Fitemku-upload%2F20221216%2F963ag2odxz8bym2iqgyp4s_thumbnail.jpg&w=1033&q=75;;;
Item;Blox Fruits;Rp470.000;2060 terjual;Dragon (Permanent);https://imgop.itemku.com/?url=https%3A%2F%2Fd1x91p7vw3vuq8.cloudfront.net%2Fitemku-upload%2F20241215%2Fw2vvyz3kceivr0xrewkx_thumbnail.jpg&w=1033&q=75;;;
Item;Blox Fruits;Rp14.200;2012 terjual;Yeti;https://imgop.itemku.com/?url=https%3A%2F%2Fd1x91p7vw3vuq8.cloudfront.net%2Fitemku-upload%2F2026316%2Fgygyb4ux0n8o5661mow5i_thumbnail.jpg&w=1033&q=75;;;
Item;Blox Fruits;Rp9.800;1900 terjual;Dough;https://imgop.itemku.com/?url=https%3A%2F%2Fd1x91p7vw3vuq8.cloudfront.net%2Fitemku-upload%2F2025130%2F1cmutrebtvmyts4ukzdwy8_thumbnail.jpg&w=1033&q=75;;;
Item;Blox Fruits;Rp70.500;1738 terjual;Ice (Elemental);https://imgop.itemku.com/?url=https%3A%2F%2Fd1x91p7vw3vuq8.cloudfront.net%2Fitemku-upload%2F20221217%2Fybk6khs1uras31yluwiy8_thumbnail.jpg&w=1033&q=75;;;
Item;Blox Fruits;Rp230.000;;Spider (Permanent);https://imgop.itemku.com/?url=https%3A%2F%2Fd1x91p7vw3vuq8.cloudfront.net%2Fitemku-upload%2F2026122%2Fgqnteozuo47dc0lfb6k0kk_thumbnail.jpg&w=1033&q=75;;;
Item;Blox Fruits;Rp20.000;1 terjual;Gas;https://imgop.itemku.com/?url=https%3A%2F%2Ffiles.itemku.com%2Fillustration%2Fitemku%2Forder%2Fproduct%2Fno-product-image-1080px.png&w=1033&q=75;;;
Item;Blox Fruits;Rp4.900;14 terjual;Pain;https://imgop.itemku.com/?url=https%3A%2F%2Fd1x91p7vw3vuq8.cloudfront.net%2Fitemku-upload%2F2026523%2Fyyu3njhmz3portys047i_thumbnail.jpg&w=1033&q=75;;;
Item;Blox Fruits;Rp4.900;4 terjual;Portal;https://imgop.itemku.com/?url=https%3A%2F%2Fd1x91p7vw3vuq8.cloudfront.net%2Fitemku-upload%2F2026518%2F1cxo2pasp35u7mcb1ybqq_thumbnail.jpg&w=1033&q=75;;;
Item;Blox Fruits;Rp13.200;1624 terjual;Gas;https://imgop.itemku.com/?url=https%3A%2F%2Fd1x91p7vw3vuq8.cloudfront.net%2Fitemku-upload%2F2025130%2Fm4g3zqmoj1rm5w03233ygb_thumbnail.jpg&w=1033&q=75;;;
Item;Blox Fruits;Rp376.000;1618 terjual;Kitsune (Beast);https://imgop.itemku.com/?url=https%3A%2F%2Fd1x91p7vw3vuq8.cloudfront.net%2Fitemku-upload%2F20231215%2F6jjtqq3crwrclty2ipzxea_thumbnail.jpg&w=1033&q=75;;;
Item;Blox Fruits;Rp9.500;1591 terjual;Chop (Permanent);https://imgop.itemku.com/?url=https%3A%2F%2Fd1x91p7vw3vuq8.cloudfront.net%2Fitemku-upload%2F20241213%2F26f90bbe69a6c34385a7a68901_thumbnail.png&w=1033&q=75;;;
Item;Blox Fruits;Rp43.200;1542 terjual;Kitsune;https://imgop.itemku.com/?url=https%3A%2F%2Fd1x91p7vw3vuq8.cloudfront.net%2Fitemku-upload%2F2025130%2Fcr6g6oe13ups91gtqaod99_thumbnail.jpg&w=1033&q=75;;;
Item;Blox Fruits;Rp12.900;1390 terjual;Yeti;https://imgop.itemku.com/?url=https%3A%2F%2Fd1x91p7vw3vuq8.cloudfront.net%2Fitemku-upload%2F2026212%2F48dy566odnyvia01omzkw_thumbnail.jpg&w=1033&q=75;;;
Item;Blox Fruits;Rp10.500;1369 terjual;Gas;https://imgop.itemku.com/?url=https%3A%2F%2Fd1x91p7vw3vuq8.cloudfront.net%2Fitemku-upload%2F2026212%2F9i6lg4k8c8aigzv4g0ou6_thumbnail.jpg&w=1033&q=75;;;
Item;Blox Fruits;Rp4.500;1335 terjual;Human: Buddha;https://imgop.itemku.com/?url=https%3A%2F%2Fd1x91p7vw3vuq8.cloudfront.net%2Fitemku-upload%2F2025623%2Fuycki6l6349pmnlgpe79g_thumbnail.jpg&w=1033&q=75;;;
Item;Blox Fruits;Rp282.000;1327 terjual;Tiger (Permanent);https://imgop.itemku.com/?url=https%3A%2F%2Fd1x91p7vw3vuq8.cloudfront.net%2Fitemku-upload%2F20251118%2Fd5ghv6u2hbut9jrifj0lwr_thumbnail.jpg&w=1033&q=75;;;
Item;Blox Fruits;Rp4.900;9 terjual;Budha;https://imgop.itemku.com/?url=https%3A%2F%2Fd1x91p7vw3vuq8.cloudfront.net%2Fitemku-upload%2F2026518%2Fqyqxud7hson9l7x7uwgenk_thumbnail.jpg&w=1033&q=75;;;
Item;Blox Fruits;Rp4.900;;Blizzard;https://imgop.itemku.com/?url=https%3A%2F%2Fd1x91p7vw3vuq8.cloudfront.net%2Fitemku-upload%2F2026522%2Fzie9zlncd5met37pwyp5p_thumbnail.jpg&w=1033&q=75;;;
Item;Blox Fruits;Rp14.900;2 terjual;Control;https://imgop.itemku.com/?url=https%3A%2F%2Fd1x91p7vw3vuq8.cloudfront.net%2Fitemku-upload%2F2025125%2F8iivauaepuklviyw3lbb4a_thumbnail.jpg&w=1033&q=75;;;
Item;Blox Fruits;Rp400.000;1 terjual;Yeti (Permanent);https://imgop.itemku.com/?url=https%3A%2F%2Fd1x91p7vw3vuq8.cloudfront.net%2Fitemku-upload%2F202614%2F3y9lrrbhyl8x1zqjj1nep8_thumbnail.jpg&w=1033&q=75;;;
Item;Blox Fruits;Rp3.900;1105 terjual;Private Server Permanent (Sharing);https://imgop.itemku.com/?url=https%3A%2F%2Fd1x91p7vw3vuq8.cloudfront.net%2Fitemku-upload%2F2025126%2Fkhq1648ewxg3gxzvrah2fp_thumbnail.jpg&w=1033&q=75;;;
Item;Blox Fruits;Rp2.900;718 terjual;Private Server 1 Tahun;https://imgop.itemku.com/?url=https%3A%2F%2Fd1x91p7vw3vuq8.cloudfront.net%2Fitemku-upload%2F2025210%2Fz5t7966axce8b33kubig9b_thumbnail.jpg&w=1033&q=75;;;
Item;Blox Fruits;Rp950;636 terjual;Gacha Random Fruit || Blox Fruit (SEA 2);https://imgop.itemku.com/?url=https%3A%2F%2Fd1x91p7vw3vuq8.cloudfront.net%2Fitemku-upload%2F202518%2Fieubo5rtllvdeky8cdrwe_thumbnail.jpg&w=1033&q=75;;;
Item;Blox Fruits;Rp2.300;587 terjual;Jasa Carry Raid 1x;https://imgop.itemku.com/?url=https%3A%2F%2Fd1x91p7vw3vuq8.cloudfront.net%2Fitemku-upload%2F2025919%2Fxzdch2b6m6po3001u9g9_thumbnail.jpg&w=1033&q=75;;;
Item;Blox Fruits;Rp4.500;11 terjual;Get 5 Fruit Raid / Tumbal Trade Blox fruit SEA 2;https://imgop.itemku.com/?url=https%3A%2F%2Fd1x91p7vw3vuq8.cloudfront.net%2Fitemku-upload%2F2026512%2Fn7nyrywxc4ft71f4zwwokh_thumbnail.jpg&w=1033&q=75;;;
Item;Blox Fruits;Rp9.500;7 terjual;Get 10 Fruit Raid / Tumbal Trade Blox fruit SEA 2;https://imgop.itemku.com/?url=https%3A%2F%2Fd1x91p7vw3vuq8.cloudfront.net%2Fitemku-upload%2F2026512%2Fetwdqkriefbpazmpsajf6_thumbnail.jpg&w=1033&q=75;;;
Item;Blox Fruits;Rp7.123;189 terjual;Private Server VIP (Sharing) Jaminan sepi;https://imgop.itemku.com/?url=https%3A%2F%2Fd1x91p7vw3vuq8.cloudfront.net%2Fitemku-upload%2F2025619%2F8ei8i114u5neyg2dygmmsc_thumbnail.jpg&w=1033&q=75;;;
Item;Blox Fruits;Rp1.200;103 terjual;3/3 Bounty;https://imgop.itemku.com/?url=https%3A%2F%2Fd1x91p7vw3vuq8.cloudfront.net%2Fitemku-upload%2F2025520%2Fzsj1n1fp4e49qwnzdojco_thumbnail.jpg&w=1033&q=75;;;
Item;Blox Fruits;Rp1.500;540 terjual;Private Sharing 30 Days;https://imgop.itemku.com/?url=https%3A%2F%2Fd1x91p7vw3vuq8.cloudfront.net%2Fitemku-upload%2F2026421%2F0u0iesnhfuerz8u0yft4oa_thumbnail.jpg&w=1033&q=75;;;
Item;Blox Fruits;Rp3.500;428 terjual;Jasa Carry Raid Buddha;https://imgop.itemku.com/?url=https%3A%2F%2Fd1x91p7vw3vuq8.cloudfront.net%2Fitemku-upload%2F2025920%2Fs6s9ekltj5fdvmx0yky9fk_thumbnail.jpg&w=1033&q=75;;;
Item;Blox Fruits;Rp9.500;363 terjual;Gacha Random Fruit || Blox Fruit (SEA 2);https://imgop.itemku.com/?url=https%3A%2F%2Fd1x91p7vw3vuq8.cloudfront.net%2Fitemku-upload%2F202518%2Fwcp646v7lxj4eu2ckptrh3_thumbnail.jpg&w=1033&q=75;;;
Item;Blox Fruits;Rp15.000;359 terjual;Fruit Zioles 15X sea 2 - 100% Magma Via Trade;https://imgop.itemku.com/?url=https%3A%2F%2Fd1x91p7vw3vuq8.cloudfront.net%2Fitemku-upload%2F202518%2Fg1r5rfcaoxfq7lgn509e3h_thumbnail.jpg&w=1033&q=75;;;
Item;Blox Fruits;Rp2.500;227 terjual;Private server;https://imgop.itemku.com/?url=https%3A%2F%2Fd1x91p7vw3vuq8.cloudfront.net%2Fitemku-upload%2F202619%2Fv5mymu6jmoma8x7t2x83i_thumbnail.jpg&w=1033&q=75;;;
Item;Blox Fruits;Rp5.000;202 terjual;Jasa Carry Dough Raid 1x;https://imgop.itemku.com/?url=https%3A%2F%2Fd1x91p7vw3vuq8.cloudfront.net%2Fitemku-upload%2F2025919%2Fcbdkua19lwusqxlnwprq3_thumbnail.jpg&w=1033&q=75;;;
Item;Blox Fruits;Rp4.900;200 terjual;Private server premium;https://imgop.itemku.com/?url=https%3A%2F%2Fd1x91p7vw3vuq8.cloudfront.net%2Fitemku-upload%2F202632%2Frtcg8drjudl68j7slqylwg_thumbnail.jpg&w=1033&q=75;;;
Item;Blox Fruits;Rp2.500;173 terjual;Private server Permanen;https://imgop.itemku.com/?url=https%3A%2F%2Fd1x91p7vw3vuq8.cloudfront.net%2Fitemku-upload%2F202632%2Fyumabxdugho5h8xu23rl_thumbnail.jpg&w=1033&q=75;;;
Item;Blox Fruits;Rp10.000;149 terjual;30/30 Bounty;https://imgop.itemku.com/?url=https%3A%2F%2Fd1x91p7vw3vuq8.cloudfront.net%2Fitemku-upload%2F2025520%2F9i8w1dqro6hbogqsbbxv4_thumbnail.jpg&w=1033&q=75;;;
Item;Blox Fruits;Rp900;130 terjual;1x Gacha Fruit;https://imgop.itemku.com/?url=https%3A%2F%2Fd1x91p7vw3vuq8.cloudfront.net%2Fitemku-upload%2F202633%2Fny5ud1zn19idfuzdmgyu2g_thumbnail.jpg&w=1033&q=75;;;
Item;Blox Fruits;Rp4.800;172 terjual;Gacha Random Fruit || Blox Fruit (SEA 2);https://imgop.itemku.com/?url=https%3A%2F%2Fd1x91p7vw3vuq8.cloudfront.net%2Fitemku-upload%2F202518%2F40b9mbljuz9qk6fb6pods_thumbnail.jpg&w=1033&q=75;;;
Item;Blox Fruits;Rp8.700;103 terjual;Private Server Permanent!!;https://imgop.itemku.com/?url=https%3A%2F%2Fd1x91p7vw3vuq8.cloudfront.net%2Fitemku-upload%2F2026321%2Fcmlu5iej73syotvzva7l4q_thumbnail.jpg&w=1033&q=75;;;
Item;Blox Fruits;Rp1.900;102 terjual;3/3 Bounty;https://imgop.itemku.com/?url=https%3A%2F%2Fd1x91p7vw3vuq8.cloudfront.net%2Fitemku-upload%2F2025430%2Fw7hiwx5563ltryar0jm6h_thumbnail.jpg&w=1033&q=75;;;
Item;Blox Fruits;Rp10.000;46 terjual;Prehistoric Island;https://imgop.itemku.com/?url=https%3A%2F%2Fd1x91p7vw3vuq8.cloudfront.net%2Fitemku-upload%2F2025418%2Fqps73coalo8skrf49adcr_thumbnail.jpg&w=1033&q=75;;;
Item;Blox Fruits;Rp1.300;45 terjual;Jasa Raid Normal (Selain Buddha);https://imgop.itemku.com/?url=https%3A%2F%2Fd1x91p7vw3vuq8.cloudfront.net%2Fitemku-upload%2F2026424%2Fgjl6a0oem1mx8q7r5a9tdl_thumbnail.jpg&w=1033&q=75;;;
Item;Blox Fruits;Rp1.600;41 terjual;RAID LAW BLOX FRUITS;https://imgop.itemku.com/?url=https%3A%2F%2Fd1x91p7vw3vuq8.cloudfront.net%2Fitemku-upload%2F20251118%2F5mrzwbd2cd337662pvavn8_thumbnail.jpg&w=1033&q=75;;;
Item;Blox Fruits;Rp1.500;40 terjual;Jasa Carry Puzzle Haki Rip Indra;https://imgop.itemku.com/?url=https%3A%2F%2Fd1x91p7vw3vuq8.cloudfront.net%2Fitemku-upload%2F20241123%2Foj46gssl0cf375zvl1o84h_thumbnail.jpg&w=1033&q=75;;;
Item;Blox Fruits;Rp5.000;22 terjual;Blox Fruits Private Server 1 Bulan Termurah;https://imgop.itemku.com/?url=https%3A%2F%2Fd1x91p7vw3vuq8.cloudfront.net%2Fitemku-upload%2F202651%2Fs7h355556ciwfoocqo48k_thumbnail.jpg&w=1033&q=75;;;
Item;Blox Fruits;Rp2.500;14478 terjual;Joki Mastery By Req;https://imgop.itemku.com/?url=https%3A%2F%2Fd1x91p7vw3vuq8.cloudfront.net%2Fitemku-upload%2F2024119%2Fumy1xqre999mperhis3vqa_thumbnail.jpg&w=1033&q=75;;;
Item;Blox Fruits;Rp1.800;5537 terjual;Mastery Sword/Melee;https://imgop.itemku.com/?url=https%3A%2F%2Fd1x91p7vw3vuq8.cloudfront.net%2Fitemku-upload%2F2024119%2F94y3xqffntdkfcfij3qle_thumbnail.jpg&w=1033&q=75;;;
Item;Blox Fruits;Rp1.200;4718 terjual;Joki per raid/fragment by Req;https://imgop.itemku.com/?url=https%3A%2F%2Fd1x91p7vw3vuq8.cloudfront.net%2Fitemku-upload%2F202516%2F0mf6xftuvyaynfr601s6n_thumbnail.jpg&w=1033&q=75;;;
Item;Blox Fruits;Rp6.200;3514 terjual;Jasa Pull Lever;https://imgop.itemku.com/?url=https%3A%2F%2Fd1x91p7vw3vuq8.cloudfront.net%2Fitemku-upload%2F2024119%2Fnnsfrhilv68gdael5371eb_thumbnail.jpg&w=1033&q=75;;;
Item;Blox Fruits;Rp1.000;384 terjual;Fragments 1000;https://imgop.itemku.com/?url=https%3A%2F%2Fd1x91p7vw3vuq8.cloudfront.net%2Fitemku-upload%2F2025923%2Ffw05204iab9jf3zipgqi0m_thumbnail.jpg&w=1033&q=75;;;
Item;Blox Fruits;Rp5.000;71 terjual;Awakending | Buddha;https://imgop.itemku.com/?url=https%3A%2F%2Fd1x91p7vw3vuq8.cloudfront.net%2Fitemku-upload%2F2025930%2Fheuhhvljifhfs8nuk0dz5_thumbnail.jpg&w=1033&q=75;;;
Item;Blox Fruits;Rp1.150;361 terjual;Leveling Sea by Request;https://imgop.itemku.com/?url=https%3A%2F%2Fd1x91p7vw3vuq8.cloudfront.net%2Fitemku-upload%2F202587%2Fobfb68y6qfci0glndoa2r_thumbnail.jpg&w=1033&q=75;;;
Item;Blox Fruits;Rp30.000;11 terjual;Hallow Scythe;https://imgop.itemku.com/?url=https%3A%2F%2Fd1x91p7vw3vuq8.cloudfront.net%2Fitemku-upload%2F2026330%2Fgq6ktiokm071737270c5ax_thumbnail.jpg&w=1033&q=75;;;
Item;Blox Fruits;Rp3.999;3026 terjual;Jasa Race V4;https://imgop.itemku.com/?url=https%3A%2F%2Fd1x91p7vw3vuq8.cloudfront.net%2Fitemku-upload%2F20241120%2Fxveiwx44qxkwif3m467htk_thumbnail.jpg&w=1033&q=75;;;
Item;Blox Fruits;Rp1.300;2428 terjual;Belly;https://imgop.itemku.com/?url=https%3A%2F%2Fd1x91p7vw3vuq8.cloudfront.net%2Fitemku-upload%2F2025430%2Ff3yemxtd4n64crkpt7d36n_thumbnail.jpg&w=1033&q=75;;;
Item;Blox Fruits;Rp5.500;2405 terjual;Mastery Fruit/Gun;https://imgop.itemku.com/?url=https%3A%2F%2Fd1x91p7vw3vuq8.cloudfront.net%2Fitemku-upload%2F20231129%2Flsjon8i7cn6nazrbe1lz9_thumbnail.jpg&w=1033&q=75;;;
Item;Blox Fruits;Rp6.200;2337 terjual;Leveling Sea by Request;https://imgop.itemku.com/?url=https%3A%2F%2Fd1x91p7vw3vuq8.cloudfront.net%2Fitemku-upload%2F2024119%2Fbe1xxiwytiiauc8w84t5ld_thumbnail.jpg&w=1033&q=75;;;
Item;Blox Fruits;Rp2.400;1828 terjual;Leveling Sea by Request;https://imgop.itemku.com/?url=https%3A%2F%2Fd1x91p7vw3vuq8.cloudfront.net%2Fitemku-upload%2F20251019%2Fgzf7mtqmt9abas2hqaxeg7_thumbnail.jpg&w=1033&q=75;;;
Item;Blox Fruits;Rp4.200;1729 terjual;Joki per raid/fragment by Req;https://imgop.itemku.com/?url=https%3A%2F%2Fd1x91p7vw3vuq8.cloudfront.net%2Fitemku-upload%2F202516%2F89h0y1xokpotrzi7yjigvq_thumbnail.jpg&w=1033&q=75;;;
Item;Blox Fruits;Rp2.400;1696 terjual;Joki Mastery By Req;https://imgop.itemku.com/?url=https%3A%2F%2Fd1x91p7vw3vuq8.cloudfront.net%2Fitemku-upload%2F20251019%2Fvd1m7h628de49ebkrmydt_thumbnail.jpg&w=1033&q=75;;;
Item;Blox Fruits;Rp12.000;1556 terjual;PRIVATE SERVER (SHARING) PERMANEN;https://imgop.itemku.com/?url=https%3A%2F%2Fd1x91p7vw3vuq8.cloudfront.net%2Fitemku-upload%2F2024119%2Fjyji7gfqasaxazhy3vov3h_thumbnail.jpg&w=1033&q=75;;;
Item;Blox Fruits;Rp30.000;3 terjual;Race Ghoul;https://imgop.itemku.com/?url=https%3A%2F%2Fd1x91p7vw3vuq8.cloudfront.net%2Fitemku-upload%2F2026330%2F0vrpquhh3nto90qpz8umgmv_thumbnail.jpg&w=1033&q=75;;;
Item;Blox Fruits;Rp2.500;83 terjual;Leveling 3rd Sea;https://imgop.itemku.com/?url=https%3A%2F%2Fd1x91p7vw3vuq8.cloudfront.net%2Fitemku-upload%2F2026210%2Fv4eki641mm8efcdy0vhke_thumbnail.jpg&w=1033&q=75;;;
Item;Blox Fruits;Rp22.000;31 terjual;Jasa Race V4 FullGear;https://imgop.itemku.com/?url=https%3A%2F%2Fd1x91p7vw3vuq8.cloudfront.net%2Fitemku-upload%2F2025227%2F54x2401pps1wbzwpikxqh_thumbnail.jpg&w=1033&q=75;;;
Item;Blox Fruits;Rp2.500;2767 terjual;Joki Per Level By Req;https://imgop.itemku.com/?url=https%3A%2F%2Fd1x91p7vw3vuq8.cloudfront.net%2Fitemku-upload%2F2024616%2Fwt5fxozy4zsgbz2acp15a_thumbnail.jpg&w=1033&q=75;;;
Item;Blox Fruits;Rp3.200;1545 terjual;Belly;https://imgop.itemku.com/?url=https%3A%2F%2Fd1x91p7vw3vuq8.cloudfront.net%2Fitemku-upload%2F2024119%2F8h5j9bfymm6qjfokfn39x_thumbnail.jpg&w=1033&q=75;;;
Item;Blox Fruits;Rp1.300;1521 terjual;Mastery Sword/Melee;https://imgop.itemku.com/?url=https%3A%2F%2Fd1x91p7vw3vuq8.cloudfront.net%2Fitemku-upload%2F2025430%2Fzw64i6n3qu95ogstaguw4r_thumbnail.jpg&w=1033&q=75;;;
Item;Blox Fruits;Rp3.700;1380 terjual;Mastery Fruit/Gun;https://imgop.itemku.com/?url=https%3A%2F%2Fd1x91p7vw3vuq8.cloudfront.net%2Fitemku-upload%2F202439%2F4j5t1u7e7dv1oiwnivh5sv_thumbnail.jpg&w=1033&q=75;;;
Item;Blox Fruits;Rp6.000;1370 terjual;Fragments;https://imgop.itemku.com/?url=https%3A%2F%2Fd1x91p7vw3vuq8.cloudfront.net%2Fitemku-upload%2F202516%2F5otbcjkqbwia4ghf0ht3o4_thumbnail.jpg&w=1033&q=75;;;
Item;Blox Fruits;Rp27.000;1225 terjual;Fighting Style - Sanguine Art;https://imgop.itemku.com/?url=https%3A%2F%2Fd1x91p7vw3vuq8.cloudfront.net%2Fitemku-upload%2F2024927%2Fu0vg5ko6qkk7o5tfhlab8_thumbnail.jpg&w=1033&q=75;;;
Item;Blox Fruits;Rp1.000;1217 terjual;Joki per raid/fragment by Req;https://imgop.itemku.com/?url=https%3A%2F%2Fd1x91p7vw3vuq8.cloudfront.net%2Fitemku-upload%2F2024615%2Fjmdluuyrul8pwcteylgo3m_thumbnail.jpg&w=1033&q=75;;;
Item;Blox Fruits;Rp3.200;1167 terjual;Get Legendary Sword;https://imgop.itemku.com/?url=https%3A%2F%2Fd1x91p7vw3vuq8.cloudfront.net%2Fitemku-upload%2F2024119%2Fgpfe20zcl4qrhwzj1hh3pa_thumbnail.jpg&w=1033&q=75;;;
Item;Blox Fruits;Rp1.200;1080 terjual;Mastery Sword/Melee;https://imgop.itemku.com/?url=https%3A%2F%2Fd1x91p7vw3vuq8.cloudfront.net%2Fitemku-upload%2F2025925%2Fzd7xr13cdxeu2una01z9vm_thumbnail.jpg&w=1033&q=75;;;
Item;Blox Fruits;Rp1.500;236 terjual;JOKI 1M MONEY/BELLY;https://imgop.itemku.com/?url=https%3A%2F%2Fd1x91p7vw3vuq8.cloudfront.net%2Fitemku-upload%2F2026210%2Fh2ypaybjrnq7wi5gcg6oxx_thumbnail.jpg&w=1033&q=75;;;
Item;Blox Fruits;Rp1.500;7 terjual;Mastery Sword/Melee;https://imgop.itemku.com/?url=https%3A%2F%2Fd1x91p7vw3vuq8.cloudfront.net%2Fitemku-upload%2F2025923%2Fob5pk7mepirmvblhs51rl_thumbnail.jpg&w=1033&q=75;;;
Item;Blox Fruits;Rp20.000;1 terjual;Tushita;https://imgop.itemku.com/?url=https%3A%2F%2Fd1x91p7vw3vuq8.cloudfront.net%2Fitemku-upload%2F2026330%2Fvixve743thhp9tldtbqij_thumbnail.jpg&w=1033&q=75;;;
Item;Blox Fruits;Rp20.000;;Midnight Blade;https://imgop.itemku.com/?url=https%3A%2F%2Fd1x91p7vw3vuq8.cloudfront.net%2Fitemku-upload%2F2026330%2F1gsmqagte9k089qzllczi_thumbnail.jpg&w=1033&q=75;;;
Item;Blox Fruits;Rp11.999;1556 terjual;Leviathan Heart;https://imgop.itemku.com/?url=https%3A%2F%2Fd1x91p7vw3vuq8.cloudfront.net%2Fitemku-upload%2F20241031%2Fin4w759b5vluxzij8mfx_thumbnail.jpg&w=1033&q=75;;;
Item;Blox Fruits;Rp20.000;710 terjual;Freezing Hydra Island;https://imgop.itemku.com/?url=https%3A%2F%2Fd1x91p7vw3vuq8.cloudfront.net%2Fitemku-upload%2F2025114%2Fl2e44jpry9jh7tf26q6pew_thumbnail.jpg&w=1033&q=75;;;
Item;Blox Fruits;Rp12.500;675 terjual;JOKI KIL DOUGH KING/GET MIROR FRACTAL;https://imgop.itemku.com/?url=https%3A%2F%2Fd1x91p7vw3vuq8.cloudfront.net%2Fitemku-upload%2F202525%2Fndu6cbl6v4jtdwu458bay_thumbnail.jpg&w=1033&q=75;;;
Item;Blox Fruits;Rp9.000;595 terjual;KIL RIP INDRA;https://imgop.itemku.com/?url=https%3A%2F%2Fd1x91p7vw3vuq8.cloudfront.net%2Fitemku-upload%2F202479%2Fcshdam30hufxgjuzdmk98_thumbnail.jpg&w=1033&q=75;;;
Item;Blox Fruits;Rp25.000;265 terjual;Joki Full V4 Gear free 3000 Fragment;https://imgop.itemku.com/?url=https%3A%2F%2Fd1x91p7vw3vuq8.cloudfront.net%2Fitemku-upload%2F20241123%2Fqasitozicldw7933iz5uh_thumbnail.jpg&w=1033&q=75;;;
Item;Blox Fruits;Rp25.000;9 terjual;Joki Gravity V2;https://imgop.itemku.com/?url=https%3A%2F%2Fd1x91p7vw3vuq8.cloudfront.net%2Fitemku-upload%2F2025510%2F9d408bg06v9ykshbk1qwr_thumbnail.jpg&w=1033&q=75;;;
Item;Blox Fruits;Rp20.000;11 terjual;Paket Leveling Sea 1;https://imgop.itemku.com/?url=https%3A%2F%2Fd1x91p7vw3vuq8.cloudfront.net%2Fitemku-upload%2F2025213%2Fja1uhhwr8uzpv00bvlij_thumbnail.jpg&w=1033&q=75;;;
Item;Blox Fruits;Rp10.000;13 terjual;Get Skull Gitar;https://imgop.itemku.com/?url=https%3A%2F%2Fd1x91p7vw3vuq8.cloudfront.net%2Fitemku-upload%2F2025113%2Fg1nup4lpfemwn8xpp0vq6_thumbnail.jpg&w=1033&q=75;;;
Item;Blox Fruits;Rp3.500;391 terjual;Dough Raid;https://imgop.itemku.com/?url=https%3A%2F%2Fd1x91p7vw3vuq8.cloudfront.net%2Fitemku-upload%2F2024128%2F4tzhyz22b4qvy36i26zgx_thumbnail.jpg&w=1033&q=75;;;
Item;Blox Fruits;Rp6.000;173 terjual;Trial Race V4 Draco;https://imgop.itemku.com/?url=https%3A%2F%2Fd1x91p7vw3vuq8.cloudfront.net%2Fitemku-upload%2F2025210%2Fzritgqq31hlgtltu9uwcon_thumbnail.jpg&w=1033&q=75;;;
Item;Blox Fruits;Rp1.200;173 terjual;Ectoplasm;https://imgop.itemku.com/?url=https%3A%2F%2Fd1x91p7vw3vuq8.cloudfront.net%2Fitemku-upload%2F20241020%2F76vlr668wrw9dow8n6mnse_thumbnail.jpg&w=1033&q=75;;;
Item;Blox Fruits;Rp5.000;143 terjual;Get 25 Azure Ember;https://imgop.itemku.com/?url=https%3A%2F%2Fd1x91p7vw3vuq8.cloudfront.net%2Fitemku-upload%2F2024430%2Fyuszhyrvb71p6vagzllcz_thumbnail.jpg&w=1033&q=75;;;
Item;Blox Fruits;Rp5.000;136 terjual;MATERIAL 10 RADIOACTIVE;https://imgop.itemku.com/?url=https%3A%2F%2Fd1x91p7vw3vuq8.cloudfront.net%2Fitemku-upload%2F20241223%2F1e8s2767zt8hgpfgomt0z9_thumbnail.jpg&w=1033&q=75;;;
Item;Blox Fruits;Rp22.000;130 terjual;BLACK BELT;https://imgop.itemku.com/?url=https%3A%2F%2Fd1x91p7vw3vuq8.cloudfront.net%2Fitemku-upload%2F20241227%2F04npoo12rsgphmvt8muft08_thumbnail.jpg&w=1033&q=75;;;
Item;Blox Fruits;Rp20.000;107 terjual;Get Skull Gitar / Soul Gitar;https://imgop.itemku.com/?url=https%3A%2F%2Fd1x91p7vw3vuq8.cloudfront.net%2Fitemku-upload%2F202594%2F1b3o7k9oqbzi279231wu3l_thumbnail.jpg&w=1033&q=75;;;
Item;Blox Fruits;Rp40.000;102 terjual;Upgrade V4 Draco;https://imgop.itemku.com/?url=https%3A%2F%2Fd1x91p7vw3vuq8.cloudfront.net%2Fitemku-upload%2F20241225%2Fd5zmya8dujq8ux8dfb5sbn_thumbnail.jpg&w=1033&q=75;;;
Item;Blox Fruits;Rp8.000;15 terjual;Joki Get Red Belt;https://imgop.itemku.com/?url=https%3A%2F%2Fd1x91p7vw3vuq8.cloudfront.net%2Fitemku-upload%2F2025104%2Fodsmzd8tg88lsenyuetv0l_thumbnail.jpg&w=1033&q=75;;;
Item;Blox Fruits;Rp8.500;15 terjual;Get Draco;https://imgop.itemku.com/?url=https%3A%2F%2Fd1x91p7vw3vuq8.cloudfront.net%2Fitemku-upload%2F20251025%2F82qli0ucubhcpepxy5wlh_thumbnail.jpg&w=1033&q=75;;;
Item;Blox Fruits;Rp35.000;12 terjual;Joki All Dojo Belt;https://imgop.itemku.com/?url=https%3A%2F%2Fd1x91p7vw3vuq8.cloudfront.net%2Fitemku-upload%2F202592%2Fdi2obikwjv470h8d2pqtdy_thumbnail.jpg&w=1033&q=75;;;
Item;Blox Fruits;Rp4.500;130 terjual;Dragon Egg;https://imgop.itemku.com/?url=https%3A%2F%2Fd1x91p7vw3vuq8.cloudfront.net%2Fitemku-upload%2F20251025%2Fg86v2ixiyzgx8enyta28p_thumbnail.jpg&w=1033&q=75;;;
Item;Blox Fruits;Rp22.900;102 terjual;BOUNTY 1M BLOX FRUIT;https://imgop.itemku.com/?url=https%3A%2F%2Fd1x91p7vw3vuq8.cloudfront.net%2Fitemku-upload%2F20241118%2F8rytmfpaia2gys7oo2io2i_thumbnail.jpg&w=1033&q=75;;;
Item;Blox Fruits;Rp35.000;92 terjual;joki belt white - black (full);https://imgop.itemku.com/?url=https%3A%2F%2Fd1x91p7vw3vuq8.cloudfront.net%2Fitemku-upload%2F202539%2Fbjqst35ytvf1ne3wmdxw13_thumbnail.jpg&w=1033&q=75;;;
Item;Blox Fruits;Rp15.000;87 terjual;Get Sword Cdk;https://imgop.itemku.com/?url=https%3A%2F%2Fd1x91p7vw3vuq8.cloudfront.net%2Fitemku-upload%2F2025120%2F0qbk6vuh5ukc19n8nhdz8yr_thumbnail.jpg&w=1033&q=75;;;
Item;Blox Fruits;Rp24.900;86 terjual;AUTO V4;https://imgop.itemku.com/?url=https%3A%2F%2Fd1x91p7vw3vuq8.cloudfront.net%2Fitemku-upload%2F2025419%2Fov2uctefzwud2wbtij9w_thumbnail.jpg&w=1033&q=75;;;
Item;Blox Fruits;Rp20.000;84 terjual;Get Leviathan Hearth;https://imgop.itemku.com/?url=https%3A%2F%2Fd1x91p7vw3vuq8.cloudfront.net%2Fitemku-upload%2F2026123%2Fgsdjbi3vcpqi71f97u0af_thumbnail.jpg&w=1033&q=75;;;
Item;Blox Fruits;Rp22.000;82 terjual;TRUE TRIPLE KATANA;https://imgop.itemku.com/?url=https%3A%2F%2Fd1x91p7vw3vuq8.cloudfront.net%2Fitemku-upload%2F202582%2Feunbl4ddaesv6b2rhaytcr_thumbnail.jpg&w=1033&q=75;;;
Item;Blox Fruits;Rp6.000;78 terjual;get dark fragment;https://imgop.itemku.com/?url=https%3A%2F%2Fd1x91p7vw3vuq8.cloudfront.net%2Fitemku-upload%2F2026219%2Fipj822eihkqursi7qhawho_thumbnail.jpg&w=1033&q=75;;;
Item;Blox Fruits;Rp12.000;75 terjual;DRACO V2;https://imgop.itemku.com/?url=https%3A%2F%2Fd1x91p7vw3vuq8.cloudfront.net%2Fitemku-upload%2F20241227%2Fomdubsrh89led1au4lja6v_thumbnail.jpg&w=1033&q=75;;;
Item;Blox Fruits;Rp6.500;60 terjual;Get Ghoul;https://imgop.itemku.com/?url=https%3A%2F%2Fd1x91p7vw3vuq8.cloudfront.net%2Fitemku-upload%2F20251025%2Fqortziwze2rptb7k6n5ral_thumbnail.jpg&w=1033&q=75;;;
Item;Blox Fruits;Rp50.000;41 terjual;Joki V4 Full Pack;https://imgop.itemku.com/?url=https%3A%2F%2Fd1x91p7vw3vuq8.cloudfront.net%2Fitemku-upload%2F2025104%2Fsme8956rswvx75893jhy_thumbnail.jpg&w=1033&q=75;;;
Item;Blox Fruits;Rp25.000;22 terjual;Paket Leveling Sea 2;https://imgop.itemku.com/?url=https%3A%2F%2Fd1x91p7vw3vuq8.cloudfront.net%2Fitemku-upload%2F2025213%2Fwk0k9q8njj2cy62bpergb_thumbnail.jpg&w=1033&q=75;;;
Item;Blox Fruits;Rp10.000;1 terjual;Fire Feather;https://imgop.itemku.com/?url=https%3A%2F%2Fd1x91p7vw3vuq8.cloudfront.net%2Fitemku-upload%2F2025106%2F2gn4727hd0kx8g9g9q87n_thumbnail.jpg&w=1033&q=75;;;
Item;Survive The Killer;Rp14.500;1529 terjual;Voldar's Light Sword | Survive The Killer (STK);https://imgop.itemku.com/?url=https%3A%2F%2Fd1x91p7vw3vuq8.cloudfront.net%2Fitemku-upload%2F2023521%2Fjeca9klnh1k300391sca1i_thumbnail.jpg&w=1033&q=75;;;
Item;Survive The Killer;Rp9.500;886 terjual;Malvus' Grandmaster Wand | Survive The Killer (STK);https://imgop.itemku.com/?url=https%3A%2F%2Fd1x91p7vw3vuq8.cloudfront.net%2Fitemku-upload%2F2023521%2F6jkyrp4m28uo2q7ybq3yu_thumbnail.jpg&w=1033&q=75;;;
Item;Survive The Killer;Rp15.500;558 terjual;Grimsley's Buster | Survive The Killer (STK);https://imgop.itemku.com/?url=https%3A%2F%2Fd1x91p7vw3vuq8.cloudfront.net%2Fitemku-upload%2F2023410%2Fogfq5e5eezgkr68a4ognf9_thumbnail.jpg&w=1033&q=75;;;
Item;Survive The Killer;Rp60.000;536 terjual;Shamrock Scimitar | Survive The Killer (STK);https://imgop.itemku.com/?url=https%3A%2F%2Fd1x91p7vw3vuq8.cloudfront.net%2Fitemku-upload%2F2025312%2F4jywgksflvw3pmpdgxzjom_thumbnail.jpg&w=1033&q=75;;;
Item;Survive The Killer;Rp24.000;452 terjual;Voldar Sword;https://imgop.itemku.com/?url=https%3A%2F%2Fd1x91p7vw3vuq8.cloudfront.net%2Fitemku-upload%2F2023117%2F4iivwc1pjxq6xf22d0szgs_thumbnail.jpg&w=1033&q=75;;;
Item;Survive The Killer;Rp21.900;389 terjual;Voldar Light Sword - Survive The Killer (STK);https://imgop.itemku.com/?url=https%3A%2F%2Fd1x91p7vw3vuq8.cloudfront.net%2Fitemku-upload%2F20251120%2Fadvy4wqfd36xqst9bcwik_thumbnail.jpg&w=1033&q=75;;;
Item;Survive The Killer;Rp365.000;380 terjual;Axe Of The Reaper | Survive The Killer (STK);https://imgop.itemku.com/?url=https%3A%2F%2Fd1x91p7vw3vuq8.cloudfront.net%2Fitemku-upload%2F202318%2F34o75bupyes6vlyyycmpp8_thumbnail.jpg&w=1033&q=75;;;
Item;Survive The Killer;Rp110.000;244 terjual;Poltergeist Scythe;https://imgop.itemku.com/?url=https%3A%2F%2Fd1x91p7vw3vuq8.cloudfront.net%2Fitemku-upload%2F2025512%2Fbagq5tryhvt5x1xoedjvqs_thumbnail.jpg&w=1033&q=75;;;
Item;Survive The Killer;Rp14.500;243 terjual;Voldar Knife;https://imgop.itemku.com/?url=https%3A%2F%2Fd1x91p7vw3vuq8.cloudfront.net%2Fitemku-upload%2F2025125%2F7si0e6uj2c0awkwhw5vzc8_thumbnail.jpg&w=1033&q=75;;;
Item;Survive The Killer;Rp10.500;232 terjual;Smouldered Katana | Survive The Killer (STK);https://imgop.itemku.com/?url=https%3A%2F%2Fd1x91p7vw3vuq8.cloudfront.net%2Fitemku-upload%2F2023119%2F6r1iwbse9pk96xcqwnya9s_thumbnail.jpg&w=1033&q=75;;;
Item;Survive The Killer;Rp100.000;224 terjual;Permafrost | Survive The Killer (STK);https://imgop.itemku.com/?url=https%3A%2F%2Fd1x91p7vw3vuq8.cloudfront.net%2Fitemku-upload%2F2023222%2Fxnk71zk4mo2mrrstbsy3p_thumbnail.jpg&w=1033&q=75;;;
Item;Survive The Killer;Rp35.000;208 terjual;Cold Heart | Survive The Killer (STK);https://imgop.itemku.com/?url=https%3A%2F%2Fd1x91p7vw3vuq8.cloudfront.net%2Fitemku-upload%2F2023215%2Fzadi70mlbeqk6suf9qwcxg_thumbnail.jpg&w=1033&q=75;;;
Item;Survive The Killer;Rp12.500;150 terjual;Malvus Knife;https://imgop.itemku.com/?url=https%3A%2F%2Fd1x91p7vw3vuq8.cloudfront.net%2Fitemku-upload%2F2025126%2F4p0e8vryqv6puw84gqm7v_thumbnail.jpg&w=1033&q=75;;;
Item;Survive The Killer;Rp137.000;148 terjual;grimsley & buster grimsley;https://imgop.itemku.com/?url=https%3A%2F%2Fd1x91p7vw3vuq8.cloudfront.net%2Fitemku-upload%2F202569%2Fnxhcemem077628ax1abbft_thumbnail.jpg&w=1033&q=75;;;
Item;Survive The Killer;Rp19.900;122 terjual;Malvus Grandmaster Wand - Survive The Killer (STK);https://imgop.itemku.com/?url=https%3A%2F%2Fd1x91p7vw3vuq8.cloudfront.net%2Fitemku-upload%2F202482%2Fvtjxxdcarm77pa06ifai8_thumbnail.jpg&w=1033&q=75;;;
Item;Survive The Killer;Rp35.000;118 terjual;Claumh Glas | Survive The Killer (STK);https://imgop.itemku.com/?url=https%3A%2F%2Fd1x91p7vw3vuq8.cloudfront.net%2Fitemku-upload%2F2023325%2Fvr0k98iynfecrw9fion9f_thumbnail.jpg&w=1033&q=75;;;
Item;Survive The Killer;Rp55.000;113 terjual;Cold-Hearted Cupid's Bow | Survive The Killer (STK);https://imgop.itemku.com/?url=https%3A%2F%2Fd1x91p7vw3vuq8.cloudfront.net%2Fitemku-upload%2F2023216%2F4wnkcaj12vq2jnq6s0dos8_thumbnail.jpg&w=1033&q=75;;;
Item;Survive The Killer;Rp320.000;109 terjual;Deadly Dark Scythe;https://imgop.itemku.com/?url=https%3A%2F%2Fd1x91p7vw3vuq8.cloudfront.net%2Fitemku-upload%2F2023117%2Fq7vwknw7c7f5wnqub52mrn_thumbnail.jpg&w=1033&q=75;;;
Item;Survive The Killer;Rp32.000;105 terjual;Cherised Heartblade | Survive The Killer (STK);https://imgop.itemku.com/?url=https%3A%2F%2Fd1x91p7vw3vuq8.cloudfront.net%2Fitemku-upload%2F2024222%2Fmpnsorflcqozqhejf561a_thumbnail.jpg&w=1033&q=75;;;
Item;Survive The Killer;Rp299.900;103 terjual;Deadly Dark Scythe (DDS) + Bonus 3 Knife Spectrum;https://imgop.itemku.com/?url=https%3A%2F%2Fd1x91p7vw3vuq8.cloudfront.net%2Fitemku-upload%2F2024428%2Fmuv6ldc7lizce7b6ojv3_thumbnail.jpg&w=1033&q=75;;;
Item;Survive The Killer;Rp32.000;676 terjual;Double Jump | Survive The Killer (STK);https://imgop.itemku.com/?url=https%3A%2F%2Fd1x91p7vw3vuq8.cloudfront.net%2Fitemku-upload%2F202476%2Ftsigv2v56ah2v6pkxzvx4_thumbnail.jpg&w=1033&q=75;;;
Item;Survive The Killer;Rp40.000;380 terjual;Double Jump (Survivor);https://imgop.itemku.com/?url=https%3A%2F%2Fd1x91p7vw3vuq8.cloudfront.net%2Fitemku-upload%2F202585%2F7xhh10s02bjqriwgoqxuk_thumbnail.jpg&w=1033&q=75;;;
Item;Survive The Killer;Rp78.900;253 terjual;Voldar Bundle Survive The Killer;https://imgop.itemku.com/?url=https%3A%2F%2Fd1x91p7vw3vuq8.cloudfront.net%2Fitemku-upload%2F2022716%2Frrny1t18ksfhfk76ucj3yh_thumbnail.jpg&w=1033&q=75;;;
Item;Survive The Killer;Rp69.500;179 terjual;Malvus Bundle Survive The Killer;https://imgop.itemku.com/?url=https%3A%2F%2Fd1x91p7vw3vuq8.cloudfront.net%2Fitemku-upload%2F2022716%2F5a8mdx7lg9jv86tb78qwod_thumbnail.jpg&w=1033&q=75;;;
Item;Survive The Killer;Rp32.000;107 terjual;Trading Vip Voucher | Survive The Killer (STK);https://imgop.itemku.com/?url=https%3A%2F%2Fd1x91p7vw3vuq8.cloudfront.net%2Fitemku-upload%2F2024628%2Fq6he17jv3iobpzeczpiw15_thumbnail.jpg&w=1033&q=75;;;
Item;Survive The Killer;Rp46.990;99 terjual;Double Jump (Survivor) - Survive the killer;https://imgop.itemku.com/?url=https%3A%2F%2Fd1x91p7vw3vuq8.cloudfront.net%2Fitemku-upload%2F2025328%2Fdhrhox3e8dnn7ai3t3f3s_thumbnail.jpg&w=1033&q=75;;;
Item;Survive The Killer;Rp40.000;75 terjual;Legendary VIP;https://imgop.itemku.com/?url=https%3A%2F%2Fd1x91p7vw3vuq8.cloudfront.net%2Fitemku-upload%2F2025721%2F5oih9d4hxl4p2ox73kk34d_thumbnail.jpg&w=1033&q=75;;;
Item;Survive The Killer;Rp45.900;64 terjual;Vip Voucher - Survive The Killer (STK);https://imgop.itemku.com/?url=https%3A%2F%2Fd1x91p7vw3vuq8.cloudfront.net%2Fitemku-upload%2F2024930%2F4rohvtgykq5rrvpsnijdzi_thumbnail.jpg&w=1033&q=75;;;
Item;Survive The Killer;Rp35.000;64 terjual;Voldar Bundle;https://imgop.itemku.com/?url=https%3A%2F%2Fd1x91p7vw3vuq8.cloudfront.net%2Fitemku-upload%2F202596%2Fib89gvrq4ehqm1isxv7a5_thumbnail.jpg&w=1033&q=75;;;
Item;Survive The Killer;Rp45.900;59 terjual;Trading Vip Voucher - Survive The Killer (STK);https://imgop.itemku.com/?url=https%3A%2F%2Fd1x91p7vw3vuq8.cloudfront.net%2Fitemku-upload%2F2024926%2Fwj2i4a414ohf1x2qnth01v_thumbnail.jpg&w=1033&q=75;;;
Item;Survive The Killer;Rp39.900;60 terjual;Double Jump (Survivor);https://imgop.itemku.com/?url=https%3A%2F%2Fd1x91p7vw3vuq8.cloudfront.net%2Fitemku-upload%2F202533%2Fruoo5p2vdrnvqx9o31wgkm_thumbnail.jpg&w=1033&q=75;;;
Item;Survive The Killer;Rp36.000;53 terjual;Malvus Bundle;https://imgop.itemku.com/?url=https%3A%2F%2Fd1x91p7vw3vuq8.cloudfront.net%2Fitemku-upload%2F202596%2Fs22bc3s2wna52v6an8syco_thumbnail.jpg&w=1033&q=75;;;
Item;Survive The Killer;Rp78.000;50 terjual;3x Killer Chance;https://imgop.itemku.com/?url=https%3A%2F%2Fd1x91p7vw3vuq8.cloudfront.net%2Fitemku-upload%2F20241214%2Fpzypmxbvt6bc5i9nbquvz_thumbnail.jpg&w=1033&q=75;;;
Item;Survive The Killer;Rp59.000;47 terjual;3x Killer Chance;https://imgop.itemku.com/?url=https%3A%2F%2Fd1x91p7vw3vuq8.cloudfront.net%2Fitemku-upload%2F2025727%2F5hhp1gqg3xtmm33hxa5v5_thumbnail.jpg&w=1033&q=75;;;
Item;Survive The Killer;Rp69.500;37 terjual;Dread Bundle Survive The Killer;https://imgop.itemku.com/?url=https%3A%2F%2Fd1x91p7vw3vuq8.cloudfront.net%2Fitemku-upload%2F2022716%2Fu1wqwxhjr8rdwh2xo1l9lp_thumbnail.jpg&w=1033&q=75;;;
Item;Survive The Killer;Rp39.500;36 terjual;TRADING VIP;https://imgop.itemku.com/?url=https%3A%2F%2Fd1x91p7vw3vuq8.cloudfront.net%2Fitemku-upload%2F2025721%2Fye9js9yojmy4lnn6o2zqe_thumbnail.jpg&w=1033&q=75;;;
Item;Survive The Killer;Rp69.900;34 terjual;3X Killer Voucher - Survive The Killer (STK);https://imgop.itemku.com/?url=https%3A%2F%2Fd1x91p7vw3vuq8.cloudfront.net%2Fitemku-upload%2F202515%2Fozkc0k2cqeclctqq2yb6ib_thumbnail.jpg&w=1033&q=75;;;
Item;Survive The Killer;Rp8.000;21 terjual;80 Gems;https://imgop.itemku.com/?url=https%3A%2F%2Fd1x91p7vw3vuq8.cloudfront.net%2Fitemku-upload%2F2025226%2Fnmkle8fh0upndqcgdzlji_thumbnail.jpg&w=1033&q=75;;;
Item;Survive The Killer;Rp50.000;15 terjual;Grimsley Bundle;https://imgop.itemku.com/?url=https%3A%2F%2Fd1x91p7vw3vuq8.cloudfront.net%2Fitemku-upload%2F2026417%2Fgyeqgxj2mgqclcsp3duh3m_thumbnail.jpg&w=1033&q=75;;;
Item;Survive The Killer;Rp179.900;15 terjual;Cosmic Grimsley + Axecution Bundle/Set;https://imgop.itemku.com/?url=https%3A%2F%2Fd1x91p7vw3vuq8.cloudfront.net%2Fitemku-upload%2F2025512%2Fdho3jv687mbk7cmeqjirke_thumbnail.jpg&w=1033&q=75;;;
Item;Survive The Killer;Rp30.000;438 terjual;Grimsley Killer | Survive The Killer (STK);https://imgop.itemku.com/?url=https%3A%2F%2Fd1x91p7vw3vuq8.cloudfront.net%2Fitemku-upload%2F2023410%2Frc4m6fyj86rr27m3lumwg_thumbnail.jpg&w=1033&q=75;;;
Item;Survive The Killer;Rp23.900;214 terjual;Malvus The Magician - Survive The Killer (STK);https://imgop.itemku.com/?url=https%3A%2F%2Fd1x91p7vw3vuq8.cloudfront.net%2Fitemku-upload%2F2024813%2Fublrtj44wzcp7wdiixe0j_thumbnail.jpg&w=1033&q=75;;;
Item;Survive The Killer;Rp38.000;174 terjual;Grimsley;https://imgop.itemku.com/?url=https%3A%2F%2Fd1x91p7vw3vuq8.cloudfront.net%2Fitemku-upload%2F2025513%2Flpxlvhizymx858c8l5xnh_thumbnail.jpg&w=1033&q=75;;;
Item;Survive The Killer;Rp22.900;166 terjual;Voldar Killer - Survive The Killer (STK);https://imgop.itemku.com/?url=https%3A%2F%2Fd1x91p7vw3vuq8.cloudfront.net%2Fitemku-upload%2F20251120%2F3mvmq2ibdlot84w4ne303_thumbnail.jpg&w=1033&q=75;;;
Item;Survive The Killer;Rp65.000;132 terjual;Santa Roni| Survive The Killer (STK);https://imgop.itemku.com/?url=https%3A%2F%2Fd1x91p7vw3vuq8.cloudfront.net%2Fitemku-upload%2F20221230%2Fbe7jr3n90ydui7kqnfihna_thumbnail.jpg&w=1033&q=75;;;
Item;Survive The Killer;Rp29.900;120 terjual;Paparoni - Survive The Killer (STK);https://imgop.itemku.com/?url=https%3A%2F%2Fd1x91p7vw3vuq8.cloudfront.net%2Fitemku-upload%2F202485%2Ftrgkcgvkksqdo1num24lur_thumbnail.jpg&w=1033&q=75;;;
Item;Survive The Killer;Rp53.900;105 terjual;Grimsley - Survive The Killer (STK);https://imgop.itemku.com/?url=https%3A%2F%2Fd1x91p7vw3vuq8.cloudfront.net%2Fitemku-upload%2F2024930%2F5gpwmfjn1haj84olc47o3_thumbnail.jpg&w=1033&q=75;;;
Item;Survive The Killer;Rp43.900;84 terjual;Grimsley Killer + Bonus 3 Knife Spectrum;https://imgop.itemku.com/?url=https%3A%2F%2Fd1x91p7vw3vuq8.cloudfront.net%2Fitemku-upload%2F2024430%2Fwg0lzotqtnwrlj9lgv_thumbnail.jpg&w=1033&q=75;;;
Item;Survive The Killer;Rp21.900;75 terjual;Dread Killer - Survive The Killer (STK);https://imgop.itemku.com/?url=https%3A%2F%2Fd1x91p7vw3vuq8.cloudfront.net%2Fitemku-upload%2F202486%2F0u31u7kfn2or3m4l1gseml_thumbnail.jpg&w=1033&q=75;;;
Item;Survive The Killer;Rp37.000;70 terjual;Grimsley;https://imgop.itemku.com/?url=https%3A%2F%2Fd1x91p7vw3vuq8.cloudfront.net%2Fitemku-upload%2F2025126%2Fvdaxumy7p9wigxp8t1ae_thumbnail.jpg&w=1033&q=75;;;
Item;Survive The Killer;Rp39.000;50 terjual;Malvus the Magician - Survive The Killer (STK);https://imgop.itemku.com/?url=https%3A%2F%2Fd1x91p7vw3vuq8.cloudfront.net%2Fitemku-upload%2F202426%2Fjg7qi6qklw3c4nmpvlp6s_thumbnail.jpg&w=1033&q=75;;;
Item;Survive The Killer;Rp20.900;45 terjual;Layfa Ashwell - Survive The Killer (STK);https://imgop.itemku.com/?url=https%3A%2F%2Fd1x91p7vw3vuq8.cloudfront.net%2Fitemku-upload%2F2024911%2F1fcorrjpknkzx3h3qgjv3c_thumbnail.jpg&w=1033&q=75;;;
Item;Survive The Killer;Rp279.900;42 terjual;Ghost Grimsley - Survive The Killer (STK);https://imgop.itemku.com/?url=https%3A%2F%2Fd1x91p7vw3vuq8.cloudfront.net%2Fitemku-upload%2F2024115%2Fglzpu0xdl6o1rg46u3q176_thumbnail.jpg&w=1033&q=75;;;
Item;Survive The Killer;Rp99.000;42 terjual;Cosmic Grimsley;https://imgop.itemku.com/?url=https%3A%2F%2Fd1x91p7vw3vuq8.cloudfront.net%2Fitemku-upload%2F202577%2Fue841vq705ziocgxsxr2_thumbnail.jpg&w=1033&q=75;;;
Item;Survive The Killer;Rp25.000;36 terjual;Lucia The lucky | Survive The Killer (STK);https://imgop.itemku.com/?url=https%3A%2F%2Fd1x91p7vw3vuq8.cloudfront.net%2Fitemku-upload%2F2023126%2Fogqixny1x2edworkw66kiu_thumbnail.jpg&w=1033&q=75;;;
Item;Survive The Killer;Rp233.900;35 terjual;Poltergeist Killer - Survive The Killer (STK);https://imgop.itemku.com/?url=https%3A%2F%2Fd1x91p7vw3vuq8.cloudfront.net%2Fitemku-upload%2F20241127%2F3pmgiwz8c1h699eog1e15k_thumbnail.jpg&w=1033&q=75;;;
Item;Survive The Killer;Rp20.900;31 terjual;Scraphos The Searing - Survive The Killer (STK);https://imgop.itemku.com/?url=https%3A%2F%2Fd1x91p7vw3vuq8.cloudfront.net%2Fitemku-upload%2F202489%2F5sjl0ntx3f2o63e4x2kmxd_thumbnail.jpg&w=1033&q=75;;;
Item;Survive The Killer;Rp98.000;30 terjual;Polter-Clucky;https://imgop.itemku.com/?url=https%3A%2F%2Fd1x91p7vw3vuq8.cloudfront.net%2Fitemku-upload%2F2025513%2Fixnp3jbcw8lyk4uxxgrf_thumbnail.jpg&w=1033&q=75;;;
Item;Survive The Killer;Rp28.000;30 terjual;Scarlett the cursed (STK);https://imgop.itemku.com/?url=https%3A%2F%2Fd1x91p7vw3vuq8.cloudfront.net%2Fitemku-upload%2F20231030%2Fbdyft9xf6qxsp7qvo1p7s_thumbnail.jpg&w=1033&q=75;;;
Item;Survive The Killer;Rp230.000;28 terjual;Ghost Grimsley;https://imgop.itemku.com/?url=https%3A%2F%2Fd1x91p7vw3vuq8.cloudfront.net%2Fitemku-upload%2F202574%2Fbd9uep4brx41k4cpgwpq4o_thumbnail.jpg&w=1033&q=75;;;
Item;Survive The Killer;Rp28.900;92 terjual;Gingerbread Cabin - Survive The Killer (STK);https://imgop.itemku.com/?url=https%3A%2F%2Fd1x91p7vw3vuq8.cloudfront.net%2Fitemku-upload%2F2024812%2Fwkutnm0s8scwnqhwi7c8g_thumbnail.jpg&w=1033&q=75;;;
Item;Survive The Killer;Rp33.900;79 terjual;WatchTower Cabin - Survive The Killer (STK);https://imgop.itemku.com/?url=https%3A%2F%2Fd1x91p7vw3vuq8.cloudfront.net%2Fitemku-upload%2F2024821%2Fk4v8ck9oyovcnd0lpav2g_thumbnail.jpg&w=1033&q=75;;;
Item;Survive The Killer;Rp33.900;66 terjual;Victorian Cabin - Survive The Killer (STK);https://imgop.itemku.com/?url=https%3A%2F%2Fd1x91p7vw3vuq8.cloudfront.net%2Fitemku-upload%2F2024814%2Fuqv92vnbgecgidtjijm68_thumbnail.jpg&w=1033&q=75;;;
Item;Survive The Killer;Rp48.000;31 terjual;Victoria Cabin (STK);https://imgop.itemku.com/?url=https%3A%2F%2Fd1x91p7vw3vuq8.cloudfront.net%2Fitemku-upload%2F20231124%2Fus1jkhq73hqrwb9kzt8bu_thumbnail.jpg&w=1033&q=75;;;
Item;Survive The Killer;Rp19.900;30 terjual;Northern Cabin - Survive The Killer (STK);https://imgop.itemku.com/?url=https%3A%2F%2Fd1x91p7vw3vuq8.cloudfront.net%2Fitemku-upload%2F2024829%2Fvhgmuultg6hxzw53p8p0x_thumbnail.jpg&w=1033&q=75;;;
Item;Survive The Killer;Rp99.000;27 terjual;Haunted Manor - Survive The Killer (STK);https://imgop.itemku.com/?url=https%3A%2F%2Fd1x91p7vw3vuq8.cloudfront.net%2Fitemku-upload%2F20241125%2Fllqfd650sbg25qqy6llfma_thumbnail.jpg&w=1033&q=75;;;
Item;Survive The Killer;Rp29.900;18 terjual;Gingerbread Cabin Survive The Killer;https://imgop.itemku.com/?url=https%3A%2F%2Fd1x91p7vw3vuq8.cloudfront.net%2Fitemku-upload%2F2024422%2F3l0lxnepqjhru50wr1zdx_thumbnail.jpg&w=1033&q=75;;;
Item;Survive The Killer;Rp29.900;17 terjual;Victoria Cabin Survive The Killer;https://imgop.itemku.com/?url=https%3A%2F%2Fd1x91p7vw3vuq8.cloudfront.net%2Fitemku-upload%2F2024422%2Ff1vr7auy039ar48acjuqhn_thumbnail.jpg&w=1033&q=75;;;
Item;Survive The Killer;Rp150.000;15 terjual;Direwick Tent (STK);https://imgop.itemku.com/?url=https%3A%2F%2Fd1x91p7vw3vuq8.cloudfront.net%2Fitemku-upload%2F20231030%2Fdtmehwz4hva2463sw5g8ly_thumbnail.jpg&w=1033&q=75;;;
Item;Survive The Killer;Rp89.900;14 terjual;Krampus Workshop;https://imgop.itemku.com/?url=https%3A%2F%2Fd1x91p7vw3vuq8.cloudfront.net%2Fitemku-upload%2F2025118%2Fpcahci5zxegmhex9ez69kc_thumbnail.jpg&w=1033&q=75;;;
Item;Survive The Killer;Rp119.900;13 terjual;Direwick Tent - Survive The Killer (STK);https://imgop.itemku.com/?url=https%3A%2F%2Fd1x91p7vw3vuq8.cloudfront.net%2Fitemku-upload%2F2024123%2Foourdxb050j2jzxycqqvhi_thumbnail.jpg&w=1033&q=75;;;
Item;Survive The Killer;Rp420.000;10 terjual;Snow Castle;https://imgop.itemku.com/?url=https%3A%2F%2Fd1x91p7vw3vuq8.cloudfront.net%2Fitemku-upload%2F20241216%2Fai0zwch8qdnv6nn11dpqo_thumbnail.jpg&w=1033&q=75;;;
Item;Survive The Killer;Rp69.000;9 terjual;Watchtower Cabin Survive The Killer;https://imgop.itemku.com/?url=https%3A%2F%2Fd1x91p7vw3vuq8.cloudfront.net%2Fitemku-upload%2F202423%2Fcftk13o0xbmvpsgfs4s55p_thumbnail.jpg&w=1033&q=75;;;
Item;Survive The Killer;Rp419.900;8 terjual;Snowcastle - Survive The Killer (STK);https://imgop.itemku.com/?url=https%3A%2F%2Fd1x91p7vw3vuq8.cloudfront.net%2Fitemku-upload%2F20241030%2Fy240ip7d6tlto1xa9epn5t_thumbnail.jpg&w=1033&q=75;;;
Item;Survive The Killer;Rp519.000;6 terjual;Snow Castle - Survive The Killer (STK);https://imgop.itemku.com/?url=https%3A%2F%2Fd1x91p7vw3vuq8.cloudfront.net%2Fitemku-upload%2F202423%2Fmsi2yk25q2hkiq6rby24s_thumbnail.jpg&w=1033&q=75;;;
Item;Survive The Killer;Rp124.900;6 terjual;Direwick Tent - Survive The Killer (STK);https://imgop.itemku.com/?url=https%3A%2F%2Fd1x91p7vw3vuq8.cloudfront.net%2Fitemku-upload%2F202423%2F68jc3bdvz5ytblab3b6y3c_thumbnail.jpg&w=1033&q=75;;;
Item;Survive The Killer;Rp36.900;5 terjual;Mineshaft Cabin;https://imgop.itemku.com/?url=https%3A%2F%2Fd1x91p7vw3vuq8.cloudfront.net%2Fitemku-upload%2F2025118%2Fbrtvgbpfwn8g1r46csh7d_thumbnail.jpg&w=1033&q=75;;;
Item;Survive The Killer;Rp44.900;4 terjual;North Pole Station - Survive The Killer;https://imgop.itemku.com/?url=https%3A%2F%2Fd1x91p7vw3vuq8.cloudfront.net%2Fitemku-upload%2F20251221%2F9g5lzxze3kvmij4zideuv_thumbnail.jpg&w=1033&q=75;;;
Item;Survive The Killer;Rp77.000;4 terjual;Ginger Cabin;https://imgop.itemku.com/?url=https%3A%2F%2Fd1x91p7vw3vuq8.cloudfront.net%2Fitemku-upload%2F2024331%2Fyd3l8m7g85bj0zmn3fvi_thumbnail.jpg&w=1033&q=75;;;
Item;Survive The Killer;Rp55.000;3 terjual;North Pole Station;https://imgop.itemku.com/?url=https%3A%2F%2Fd1x91p7vw3vuq8.cloudfront.net%2Fitemku-upload%2F20251215%2Fgscmyshbqwn05sza47v2kud_thumbnail.jpg&w=1033&q=75;;;
Item;Survive The Killer;Rp363.000;;Survive the Killer Account 726K+ Coin Lv 100;https://imgop.itemku.com/?url=https%3A%2F%2Fd1x91p7vw3vuq8.cloudfront.net%2Fitemku-upload%2F202624%2F8gf3o1mmkl96u4x5js6bs4_thumbnail.jpg&w=1033&q=75;;;
Item;Survive The Killer;Rp384.000;;Survive the Killer Account 769K+ Coin Lv 85;https://imgop.itemku.com/?url=https%3A%2F%2Fd1x91p7vw3vuq8.cloudfront.net%2Fitemku-upload%2F2026319%2Fk7qv52x9usabmy1fu6nei9_thumbnail.jpg&w=1033&q=75;;;
Item;Survive The Killer;Rp353.000;;Survive the Killer Account 706K+ Coin Lv 83;https://imgop.itemku.com/?url=https%3A%2F%2Fd1x91p7vw3vuq8.cloudfront.net%2Fitemku-upload%2F2026319%2Fsjnm219xbcieclnsgh9g2v_thumbnail.jpg&w=1033&q=75;;;
Item;Survive The Killer;Rp378.500;;ACCOUNT STK GOLD 757K+ LV 79 | BONUS 200+CHEST;https://imgop.itemku.com/?url=https%3A%2F%2Fd1x91p7vw3vuq8.cloudfront.net%2Fitemku-upload%2F2026319%2F38339i5bf1mwbqpdvqwj1_thumbnail.jpg&w=1033&q=75;;;
Item;Survive The Killer;Rp505.000;;Account Survive The Killer | Level 100 | 1m Coins;https://imgop.itemku.com/?url=https%3A%2F%2Fd1x91p7vw3vuq8.cloudfront.net%2Fitemku-upload%2F2026523%2Fi7qhk8w22bdmrqpr4g8xs_thumbnail.jpg&w=1033&q=75;;;
Item;Survive The Killer;Rp76.500;;Account Survive The Killer | Level 100 | 153k Coins;https://imgop.itemku.com/?url=https%3A%2F%2Fd1x91p7vw3vuq8.cloudfront.net%2Fitemku-upload%2F2026524%2F0maq3dh9ey8csez9rq51s6_thumbnail.jpg&w=1033&q=75;;;
Item;Survive The Killer;Rp192.500;;Account Survive The Killer | Level 100 | 385k Coins;https://imgop.itemku.com/?url=https%3A%2F%2Fd1x91p7vw3vuq8.cloudfront.net%2Fitemku-upload%2F2026520%2Fcz6yw0cul64rwq3iy4m3lb_thumbnail.jpg&w=1033&q=75;;;
Item;Survive The Killer;Rp353.500;;Survive the Killer Account 707K+ Coin Lv 100;https://imgop.itemku.com/?url=https%3A%2F%2Fd1x91p7vw3vuq8.cloudfront.net%2Fitemku-upload%2F2026319%2Fr8i1pgvga6l54lwrcuta_thumbnail.jpg&w=1033&q=75;;;
Item;Survive The Killer;Rp352.500;;Survive the Killer Account 705K+ Coin Lv 95;https://imgop.itemku.com/?url=https%3A%2F%2Fd1x91p7vw3vuq8.cloudfront.net%2Fitemku-upload%2F2026319%2Fhtbq5f2z55pn9gj42a4b5f_thumbnail.jpg&w=1033&q=75;;;
Item;Survive The Killer;Rp397.000;;Survive the Killer Account 794K+ Coin Lv 80;https://imgop.itemku.com/?url=https%3A%2F%2Fd1x91p7vw3vuq8.cloudfront.net%2Fitemku-upload%2F2026319%2Fbjzosn4f0pdqpporzwbhfk_thumbnail.jpg&w=1033&q=75;;;
Item;Survive The Killer;Rp310.500;;Survive the Killer Account 621K+ Coin Lv 74;https://imgop.itemku.com/?url=https%3A%2F%2Fd1x91p7vw3vuq8.cloudfront.net%2Fitemku-upload%2F2026319%2F3d4zmfv5jfb55eru3xbq5q_thumbnail.jpg&w=1033&q=75;;;
Item;Survive The Killer;Rp255.000;;Survive the Killer Account 510K+ Coin Lv 70;https://imgop.itemku.com/?url=https%3A%2F%2Fd1x91p7vw3vuq8.cloudfront.net%2Fitemku-upload%2F2026319%2F442ihktvlcn2h3jnu0uhnw_thumbnail.jpg&w=1033&q=75;;;
Item;Survive The Killer;Rp214.000;;Survive the Killer Account 428K+ Coin Lv 66;https://imgop.itemku.com/?url=https%3A%2F%2Fd1x91p7vw3vuq8.cloudfront.net%2Fitemku-upload%2F2026319%2F5uzorxxhsj82byfibz0o3a_thumbnail.jpg&w=1033&q=75;;;
Item;Survive The Killer;Rp184.500;;Survive the Killer Account 369K+ Coin Lv 53;https://imgop.itemku.com/?url=https%3A%2F%2Fd1x91p7vw3vuq8.cloudfront.net%2Fitemku-upload%2F2026319%2Ffuforpl2je6890tkiuprs_thumbnail.jpg&w=1033&q=75;;;
Item;Survive The Killer;Rp137.000;;Survive the Killer Account 274K+ Coin Lv 55;https://imgop.itemku.com/?url=https%3A%2F%2Fd1x91p7vw3vuq8.cloudfront.net%2Fitemku-upload%2F2026319%2Fj4p7zxzgvnl4cfzwz7acdd_thumbnail.jpg&w=1033&q=75;;;
Item;Fisch;Rp116.600;;10K Money;https://imgop.itemku.com/?url=https%3A%2F%2Fd1x91p7vw3vuq8.cloudfront.net%2Fitem-type%2F202635%2F9gmn35jxbhcnzbdojidl3i.jpg&w=96&q=75;;;
Item;Fisch;Rp1.200;;100K Money;https://imgop.itemku.com/?url=https%3A%2F%2Fd1x91p7vw3vuq8.cloudfront.net%2Fitem-type%2F202635%2Frla8ia98b6ivd8g8xi9yia.jpg&w=96&q=75;;;
Item;Fisch;Rp159;;200K Money;https://imgop.itemku.com/?url=https%3A%2F%2Fd1x91p7vw3vuq8.cloudfront.net%2Fitem-type%2F202635%2Fy1ic22rxyn64yc0gzhnns.jpg&w=96&q=75;;;
Item;Fisch;Rp2.500;;500K Money;https://imgop.itemku.com/?url=https%3A%2F%2Fd1x91p7vw3vuq8.cloudfront.net%2Fitem-type%2F202635%2F5guhojnxwcjhc5539kutbk.jpg&w=96&q=75;;;
Item;Fisch;Rp1.500;;1M Money;https://imgop.itemku.com/?url=https%3A%2F%2Fd1x91p7vw3vuq8.cloudfront.net%2Fitem-type%2F202635%2F44dcdllmzh7s6wd7qlwi9.jpg&w=96&q=75;;;
Item;Fisch;Rp10.000;;5M Money;https://imgop.itemku.com/?url=https%3A%2F%2Fd1x91p7vw3vuq8.cloudfront.net%2Fitem-type%2F202635%2Fqooclh2ldflhft1f198ai.jpg&w=96&q=75;;;
Item;Fisch;Rp2.000;;10M Money;https://imgop.itemku.com/?url=https%3A%2F%2Fd1x91p7vw3vuq8.cloudfront.net%2Fitem-type%2F202635%2Fs0raliggw5lyd67zhascna.jpg&w=96&q=75;;;
Item;Fisch;Rp1.890;;100M Money;https://imgop.itemku.com/?url=https%3A%2F%2Fd1x91p7vw3vuq8.cloudfront.net%2Fitem-info%2F2026430%2F5yytrgoqssjntkhvi6dgrb.jpg&w=96&q=75;;;
Item;Fisch;Rp250.000;;500M Money;https://imgop.itemku.com/?url=https%3A%2F%2Fd1x91p7vw3vuq8.cloudfront.net%2Fitem-info%2F2026430%2Fg2x8dlcj1ewk68u2r3uuwe.jpg&w=96&q=75;;;
Item;Fisch;Rp10.000;;1B Money;https://imgop.itemku.com/?url=https%3A%2F%2Fd1x91p7vw3vuq8.cloudfront.net%2Fitem-info%2F2026430%2Fgjqiymlgritxik3mjsh5b.jpg&w=96&q=75;;;
Item;Fisch;Rp12.000;;C$ 10,000;https://imgop.itemku.com/?url=https%3A%2F%2Fd1x91p7vw3vuq8.cloudfront.net%2Fitem-type%2F202635%2Fuowhbr5q1st5j0va8gf6p.jpg&w=48&q=75;;;
Item;Fisch;Rp249;1717 terjual;Private Server Aurora Totem 24 Hours;https://imgop.itemku.com/?url=https%3A%2F%2Fd1x91p7vw3vuq8.cloudfront.net%2Fitemku-upload%2F2025122%2Fubtcenw83nr6ofw80aybk_thumbnail.jpg&w=1033&q=75;;;
Item;Fisch;Rp7.500;774 terjual;Shrouded Golden Sea Pearl | Shrouded GSP | Fast Delivery - FISCH;https://imgop.itemku.com/?url=https%3A%2F%2Fd1x91p7vw3vuq8.cloudfront.net%2Fitemku-upload%2F20251114%2Fw11m62eaitbuzd4490t3_thumbnail.jpg&w=1033&q=75;;;
Item;Fisch;Rp550;617 terjual;golden sea pearl (GSP);https://imgop.itemku.com/?url=https%3A%2F%2Fd1x91p7vw3vuq8.cloudfront.net%2Fitemku-upload%2F2025417%2Fhyjr71881ag1fw6s6u20b1_thumbnail.jpg&w=1033&q=75;;;
Item;Fisch;Rp1.400;582 terjual;atlantean emperor jellyfish & atlantean barbed shark;https://imgop.itemku.com/?url=https%3A%2F%2Fd1x91p7vw3vuq8.cloudfront.net%2Fitemku-upload%2F2025926%2Frqje14xq6zwqlkvwtyoa_thumbnail.jpg&w=1033&q=75;;;
Item;Fisch;Rp2.500;32 terjual;Mutated Shark Random KG;https://imgop.itemku.com/?url=https%3A%2F%2Fd1x91p7vw3vuq8.cloudfront.net%2Fitemku-upload%2F2024122%2F3j3l6t3avfsj2m3eu4i3pl_thumbnail.jpg&w=1033&q=75;;;
Item;Fisch;Rp1.000;181 terjual;The depth key fisch;https://imgop.itemku.com/?url=https%3A%2F%2Fd1x91p7vw3vuq8.cloudfront.net%2Fitemku-upload%2F2024121%2F8r5ynn91f3fhuhn8slnnf_thumbnail.jpg&w=1033&q=75;;;
Item;Fisch;Rp2.000;24 terjual;isonade Fisch (Random KG);https://imgop.itemku.com/?url=https%3A%2F%2Fd1x91p7vw3vuq8.cloudfront.net%2Fitemku-upload%2F2024123%2F030m7c9ozojdptaih00jdyo_thumbnail.jpg&w=1033&q=75;;;
Item;Fisch;Rp2.500;3 terjual;Nautilus Fisch (Random KG Mutation);https://imgop.itemku.com/?url=https%3A%2F%2Fd1x91p7vw3vuq8.cloudfront.net%2Fitemku-upload%2F2024123%2Fko7o4grv3ktlzrzthc6clh_thumbnail.jpg&w=1033&q=75;;;
Item;Fisch;Rp166;569 terjual;Private Server Aurora Totem 24 Jam;https://imgop.itemku.com/?url=https%3A%2F%2Fd1x91p7vw3vuq8.cloudfront.net%2Fitemku-upload%2F2025122%2Fhfc73a7az3pzoerpomv92_thumbnail.jpg&w=1033&q=75;;;
Item;Fisch;Rp3.000;526 terjual;Divine Secret | Fast Delivery - FISCH |;https://imgop.itemku.com/?url=https%3A%2F%2Fd1x91p7vw3vuq8.cloudfront.net%2Fitemku-upload%2F202622%2F55f1m2j3d05n60w20czjcg_thumbnail.jpg&w=1033&q=75;;;
Item;Fisch;Rp500;500 terjual;COSMIC RELIC FISCH;https://imgop.itemku.com/?url=https%3A%2F%2Fd1x91p7vw3vuq8.cloudfront.net%2Fitemku-upload%2F2025928%2F22hdyjnjo1gfvq4kxx20pr_thumbnail.jpg&w=1033&q=75;;;
Item;Fisch;Rp7.999;471 terjual;shrouded golden sea pearl;https://imgop.itemku.com/?url=https%3A%2F%2Fd1x91p7vw3vuq8.cloudfront.net%2Fitemku-upload%2F20251017%2Fnsbxfnidjeriksm3ugcrjl_thumbnail.jpg&w=1033&q=75;;;
Item;Fisch;Rp1.200;451 terjual;Inferno Wood - Fisch;https://imgop.itemku.com/?url=https%3A%2F%2Fd1x91p7vw3vuq8.cloudfront.net%2Fitemku-upload%2F20241225%2F8sh4fb5bukkgqy9t6wwyn5_thumbnail.jpg&w=1033&q=75;;;
Item;Fisch;Rp8.400;447 terjual;Tranquility Rod Set;https://imgop.itemku.com/?url=https%3A%2F%2Fd1x91p7vw3vuq8.cloudfront.net%2Fitemku-upload%2F2026320%2Fo9p7840fk2f589s8zhckz_thumbnail.jpg&w=1033&q=75;;;
Item;Fisch;Rp1.450;435 terjual;shiny king's blessing pufferfish;https://imgop.itemku.com/?url=https%3A%2F%2Fd1x91p7vw3vuq8.cloudfront.net%2Fitemku-upload%2F20251017%2Fwwsmzqyjxx8weprmad0a3_thumbnail.jpg&w=1033&q=75;;;
Item;Fisch;Rp3.500;395 terjual;Bundle calm zone puzzle (Magma Leviathan,Frozen Leviatan And Crowned Anglerfish;https://imgop.itemku.com/?url=https%3A%2F%2Fd1x91p7vw3vuq8.cloudfront.net%2Fitemku-upload%2F2025223%2Fjpt4nzav2bvbfgzo6y4c8_thumbnail.jpg&w=1033&q=75;;;
Item;Fisch;Rp2.000;14 terjual;SIRENS SPITE GIANT COLOSSAL BLUE DRAGON - FISCH;https://imgop.itemku.com/?url=https%3A%2F%2Fd1x91p7vw3vuq8.cloudfront.net%2Fitemku-upload%2F2025109%2Fizbsykmzzp6fghmika7r9_thumbnail.jpg&w=1033&q=75;;;
Item;Fisch;Rp2.500;9 terjual;SIREN`S SPITE  GIANT MOSSLURKER - FISCH;https://imgop.itemku.com/?url=https%3A%2F%2Fd1x91p7vw3vuq8.cloudfront.net%2Fitemku-upload%2F20251015%2Ftl476mqdooeb84bfkt7gzk_thumbnail.jpg&w=1033&q=75;;;
Item;Fisch;Rp5.000;;MOON - FISCH;https://imgop.itemku.com/?url=https%3A%2F%2Fd1x91p7vw3vuq8.cloudfront.net%2Fitemku-upload%2F20251019%2Fa087pc6n4agsq65e5lk0t_thumbnail.jpg&w=1033&q=75;;;
Item;Fisch;Rp10.000;1 terjual;Skeletal Nessie - FISCH;https://imgop.itemku.com/?url=https%3A%2F%2Fd1x91p7vw3vuq8.cloudfront.net%2Fitemku-upload%2F20251025%2Fcnsixw828vcvqzbtjebr2_thumbnail.jpg&w=1033&q=75;;;
Item;Fisch;Rp10.000;375 terjual;Shiny King'S Blessing Pufferfish;https://imgop.itemku.com/?url=https%3A%2F%2Fd1x91p7vw3vuq8.cloudfront.net%2Fitemku-upload%2F2026111%2F5i11s0lxfp43t7d4ofnznn_thumbnail.jpg&w=1033&q=75;;;
Item;Fisch;Rp2.300;348 terjual;Magical Set Mystic Mirror - Fisch;https://imgop.itemku.com/?url=https%3A%2F%2Fd1x91p7vw3vuq8.cloudfront.net%2Fitemku-upload%2F2025122%2Fas2mgfsv3a76y1fkrgx6qe_thumbnail.jpg&w=1033&q=75;;;
Item;Fisch;Rp11.000;347 terjual;Onirifalx Set - Fisch;https://imgop.itemku.com/?url=https%3A%2F%2Fd1x91p7vw3vuq8.cloudfront.net%2Fitemku-upload%2F20251010%2Fuv2k5dfvguqwb7u7nrznj_thumbnail.jpg&w=1033&q=75;;;
Item;Fisch;Rp999.999;344 terjual;(LIMITED) Sparkling Shiny Giant Mythical Phantom Megalodon (SSGM) Fisch RBL;https://imgop.itemku.com/?url=https%3A%2F%2Fd1x91p7vw3vuq8.cloudfront.net%2Fitemku-upload%2F20241223%2F7cn0voa86oxzx68isfgai_thumbnail.jpg&w=1033&q=75;;;
Item;Fisch;Rp1.000;319 terjual;Chaotic Enchant Relic - FISCH;https://imgop.itemku.com/?url=https%3A%2F%2Fd1x91p7vw3vuq8.cloudfront.net%2Fitemku-upload%2F20251225%2Flcpn47hidyf8fr691iyvzk_thumbnail.jpg&w=1033&q=75;;;
Item;Fisch;Rp4.000;312 terjual;Shiny Blessed Whale Shark;https://imgop.itemku.com/?url=https%3A%2F%2Fd1x91p7vw3vuq8.cloudfront.net%2Fitemku-upload%2F20251029%2Fa1y7nhxn1rk37agk3d9b_thumbnail.jpg&w=1033&q=75;;;
Item;Fisch;Rp9.000;310 terjual;Atlantean Emperor Jellyfish & Atlantean Barbed Shark - Vimble's Fragment Quest;https://imgop.itemku.com/?url=https%3A%2F%2Fd1x91p7vw3vuq8.cloudfront.net%2Fitemku-upload%2F2025921%2Ficiapn5yy4pd0epf865rd_thumbnail.jpg&w=1033&q=75;;;
Item;Fisch;Rp1.800;303 terjual;Wrath Scylla (Bahan Untuk Onirifalx);https://imgop.itemku.com/?url=https%3A%2F%2Fd1x91p7vw3vuq8.cloudfront.net%2Fitemku-upload%2F2025819%2F4zg4keytao5nkm96qs60tj_thumbnail.jpg&w=1033&q=75;;;
Item;Fisch;Rp2.000;39 terjual;COLOSSAL ETHREAL DRAGON - FISCH RBL;https://imgop.itemku.com/?url=https%3A%2F%2Fd1x91p7vw3vuq8.cloudfront.net%2Fitemku-upload%2F2025108%2Fzr1kn282gbcvcmtqie3rn_thumbnail.jpg&w=1033&q=75;;;
Item;Fisch;Rp5.000;4 terjual;MASTERED SUPERSIZE BLOOPFISH - FISCH;https://imgop.itemku.com/?url=https%3A%2F%2Fd1x91p7vw3vuq8.cloudfront.net%2Fitemku-upload%2F20251019%2F7c002248yvgtes81ussgub_thumbnail.jpg&w=1033&q=75;;;
Item;Fisch;Rp1.500;9 terjual;Tartaruga (Random Mutation) -Fisch;https://imgop.itemku.com/?url=https%3A%2F%2Fd1x91p7vw3vuq8.cloudfront.net%2Fitemku-upload%2F202544%2F4pzoef53mafcj5u5eq8qyd_thumbnail.jpg&w=1033&q=75;;;
Item;Fisch;Rp2.000;47 terjual;Crystallized Seadragon BIG SIZE-FISCH;https://imgop.itemku.com/?url=https%3A%2F%2Fd1x91p7vw3vuq8.cloudfront.net%2Fitemku-upload%2F2025328%2Fsinezvfg52ege18g2f5nv_thumbnail.jpg&w=1033&q=75;;;
Item;Fisch;Rp22.705;6691 terjual;Double XP;https://imgop.itemku.com/?url=https%3A%2F%2Fd1x91p7vw3vuq8.cloudfront.net%2Fitemku-upload%2F20241112%2F1s9ppen2la9dyw9c0twh8n_thumbnail.jpg&w=1033&q=75;;;
Item;Fisch;Rp23.900;6299 terjual;Double XP;https://imgop.itemku.com/?url=https%3A%2F%2Fd1x91p7vw3vuq8.cloudfront.net%2Fitemku-upload%2F20241128%2Fb868e171b319c1a16019f1af6b_thumbnail.png&w=1033&q=75;;;
Item;Fisch;Rp9.900;3338 terjual;Emote Pack;https://imgop.itemku.com/?url=https%3A%2F%2Fd1x91p7vw3vuq8.cloudfront.net%2Fitemku-upload%2F20241128%2Fc0344e3fbc84f5fe952d705fb6_thumbnail.png&w=1033&q=75;;;
Item;Fisch;Rp16.900;1506 terjual;Supporter;https://imgop.itemku.com/?url=https%3A%2F%2Fd1x91p7vw3vuq8.cloudfront.net%2Fitemku-upload%2F20241128%2F23198c6c267e5bdbe738ac0274_thumbnail.png&w=1033&q=75;;;
Item;Fisch;Rp47.405;1440 terjual;Appraisers Luck;https://imgop.itemku.com/?url=https%3A%2F%2Fd1x91p7vw3vuq8.cloudfront.net%2Fitemku-upload%2F20241112%2Frckz1v7urh90tgdzq0i1s_thumbnail.jpg&w=1033&q=75;;;
Item;Fisch;Rp9.405;1032 terjual;Emote Pack;https://imgop.itemku.com/?url=https%3A%2F%2Fd1x91p7vw3vuq8.cloudfront.net%2Fitemku-upload%2F20241112%2Ff0y3yq9foyfhl45xhc6wg_thumbnail.jpg&w=1033&q=75;;;
Item;Fisch;Rp49.900;853 terjual;Appraisers Luck;https://imgop.itemku.com/?url=https%3A%2F%2Fd1x91p7vw3vuq8.cloudfront.net%2Fitemku-upload%2F20241128%2Fb170ebaa330c486fc6251332a7_thumbnail.png&w=1033&q=75;;;
Item;Fisch;Rp16.055;819 terjual;Supporter;https://imgop.itemku.com/?url=https%3A%2F%2Fd1x91p7vw3vuq8.cloudfront.net%2Fitemku-upload%2F20241112%2F1xn4tp6vj9d40ojsfcut4c_thumbnail.jpg&w=1033&q=75;;;
Item;Fisch;Rp29.900;588 terjual;Spawn Boat Anywhere;https://imgop.itemku.com/?url=https%3A%2F%2Fd1x91p7vw3vuq8.cloudfront.net%2Fitemku-upload%2F2024128%2Fom1dyqsfm3p73is17pumao_thumbnail.jpg&w=1033&q=75;;;
Item;Fisch;Rp37.905;581 terjual;Sell Anywhere;https://imgop.itemku.com/?url=https%3A%2F%2Fd1x91p7vw3vuq8.cloudfront.net%2Fitemku-upload%2F20241112%2F1r88i2qhhqvq4ebplqq5l_thumbnail.jpg&w=1033&q=75;;;
Item;Fisch;Rp9.900;539 terjual;Bobber Pack;https://imgop.itemku.com/?url=https%3A%2F%2Fd1x91p7vw3vuq8.cloudfront.net%2Fitemku-upload%2F20241128%2Fba4aa4f74cd46dc578436245c3_thumbnail.png&w=1033&q=75;;;
Item;Fisch;Rp23.900;492 terjual;Enchant Anywhere;https://imgop.itemku.com/?url=https%3A%2F%2Fd1x91p7vw3vuq8.cloudfront.net%2Fitemku-upload%2F2025812%2Fi2934py9vlzfgqwkp1emi_thumbnail.jpg&w=1033&q=75;;;
Item;Fisch;Rp39.900;438 terjual;Sell Anywhere;https://imgop.itemku.com/?url=https%3A%2F%2Fd1x91p7vw3vuq8.cloudfront.net%2Fitemku-upload%2F20241128%2F3e6f334bdea7a84b84d1ca6549_thumbnail.png&w=1033&q=75;;;
Item;Fisch;Rp9.405;392 terjual;Bobber Pack;https://imgop.itemku.com/?url=https%3A%2F%2Fd1x91p7vw3vuq8.cloudfront.net%2Fitemku-upload%2F20241115%2Fh4zaphw09fo6qv3pvvd0q4_thumbnail.jpg&w=1033&q=75;;;
Item;Fisch;Rp49.900;325 terjual;Appraise Anywhere;https://imgop.itemku.com/?url=https%3A%2F%2Fd1x91p7vw3vuq8.cloudfront.net%2Fitemku-upload%2F2024128%2Fby6zzoipno6aos65ewm6d_thumbnail.jpg&w=1033&q=75;;;
Item;Fisch;Rp75.900;263 terjual;Limited Item (Boat 1);https://imgop.itemku.com/?url=https%3A%2F%2Fd1x91p7vw3vuq8.cloudfront.net%2Fitemku-upload%2F2026524%2F74m8ndwd2rfq0qpmhj0r6c_thumbnail.jpg&w=1033&q=75;;;
Item;Fisch;Rp17.000;245 terjual;Limited Item (Rod 1);https://imgop.itemku.com/?url=https%3A%2F%2Fd1x91p7vw3vuq8.cloudfront.net%2Fitemku-upload%2F2026524%2Fbzw04ibq3aazwsgb5rdqk_thumbnail.jpg&w=1033&q=75;;;
Item;Fisch;Rp28.405;151 terjual;Spawn Boat Anywhere;https://imgop.itemku.com/?url=https%3A%2F%2Fd1x91p7vw3vuq8.cloudfront.net%2Fitemku-upload%2F20241212%2Flnh3ijc7p59p2bo3yb0u4n_thumbnail.jpg&w=1033&q=75;;;
Item;Fisch;Rp142.400;128 terjual;Limited Item (Rod 3);https://imgop.itemku.com/?url=https%3A%2F%2Fd1x91p7vw3vuq8.cloudfront.net%2Fitemku-upload%2F2026524%2Fl0pzvsopmonc6p7ul1a09t_thumbnail.jpg&w=1033&q=75;;;
Item;Fisch;Rp218.000;126 terjual;Malevolence;https://imgop.itemku.com/?url=https%3A%2F%2Fd1x91p7vw3vuq8.cloudfront.net%2Fitemku-upload%2F2026314%2Flkwp0p6210as0eamsdrc4a_thumbnail.jpg&w=1033&q=75;;;
Item;Fisch;Rp80;1590 terjual;JOKI LEVEL 1 - MAX (BACA DESKRIPSI);https://imgop.itemku.com/?url=https%3A%2F%2Fd1x91p7vw3vuq8.cloudfront.net%2Fitemku-upload%2F2025330%2Fkxfyavpdxsqkr05c7fbvs_thumbnail.jpg&w=1033&q=75;;;
Item;Fisch;Rp200;1101 terjual;Joki All Level (Per Level);https://imgop.itemku.com/?url=https%3A%2F%2Fd1x91p7vw3vuq8.cloudfront.net%2Fitemku-upload%2F202613%2F5p3wox43ilhvx3d30bqk28_thumbnail.jpg&w=1033&q=75;;;
Item;Fisch;Rp100;1018 terjual;Joki Fisch All level;https://imgop.itemku.com/?url=https%3A%2F%2Fd1x91p7vw3vuq8.cloudfront.net%2Fitemku-upload%2F2025119%2Famxrnc2qqxu3k9im1y6tjm_thumbnail.jpg&w=1033&q=75;;;
Item;Fisch;Rp80;759 terjual;JOKI PER LEVEL FISCH 1 - MAX;https://imgop.itemku.com/?url=https%3A%2F%2Fd1x91p7vw3vuq8.cloudfront.net%2Fitemku-upload%2F20251113%2Ftbuvj6rwrih3d27dxjrz_thumbnail.jpg&w=1033&q=75;;;
Item;Fisch;Rp1.500;61 terjual;Joki Mancing Durasi 1 Jam [Fisch];https://imgop.itemku.com/?url=https%3A%2F%2Fd1x91p7vw3vuq8.cloudfront.net%2Fitemku-upload%2F202597%2F6kjio4oe72p97f9hcy23ml_thumbnail.jpg&w=1033&q=75;;;
Item;Fisch;Rp700;27 terjual;JOKI FISCH PER 1 LV;https://imgop.itemku.com/?url=https%3A%2F%2Fd1x91p7vw3vuq8.cloudfront.net%2Fitemku-upload%2F2024121%2Fg13ahl6191m0biara9ih_thumbnail.jpg&w=1033&q=75;;;
Item;Fisch;Rp100.000;11 terjual;Joki Wrath of Olympus;https://imgop.itemku.com/?url=https%3A%2F%2Fd1x91p7vw3vuq8.cloudfront.net%2Fitemku-upload%2F2026516%2Fyb337ddnz7ljjozpgdmz6_thumbnail.jpg&w=1033&q=75;;;
Item;Fisch;Rp120.000;12 terjual;Joki Fisch Level 1 - Max;https://imgop.itemku.com/?url=https%3A%2F%2Fd1x91p7vw3vuq8.cloudfront.net%2Fitemku-upload%2F2026213%2Fkq1el3nz02dh5vx2pif8q8_thumbnail.jpg&w=1033&q=75;;;
Item;Fisch;Rp60.000;599 terjual;Joki No-Life Rod | Check Description;https://imgop.itemku.com/?url=https%3A%2F%2Fd1x91p7vw3vuq8.cloudfront.net%2Fitemku-upload%2F202514%2Fy4p6g12wu7bq1jmoz69b7c_thumbnail.jpg&w=1033&q=75;;;
Item;Fisch;Rp90;529 terjual;Joki Level Fisch Lv. 1-1000 (per-level);https://imgop.itemku.com/?url=https%3A%2F%2Fd1x91p7vw3vuq8.cloudfront.net%2Fitemku-upload%2F2025819%2F9oo87b7b04vt7hkqhiw4c_thumbnail.jpg&w=1033&q=75;;;
Item;Fisch;Rp5.000;380 terjual;Joki Cerulean Fang Rod;https://imgop.itemku.com/?url=https%3A%2F%2Fd1x91p7vw3vuq8.cloudfront.net%2Fitemku-upload%2F2025102%2Fyke5xos86vo0vt0po6di7wi_thumbnail.jpg&w=1033&q=75;;;
Item;Fisch;Rp10.000;376 terjual;JOKI ROD OF THE DEPTH - FISCH;https://imgop.itemku.com/?url=https%3A%2F%2Fd1x91p7vw3vuq8.cloudfront.net%2Fitemku-upload%2F20241127%2Fwkouv1uehmgyrkmhhq2d8b_thumbnail.jpg&w=1033&q=75;;;
Item;Fisch;Rp100;336 terjual;JOKI LEVEL 1-100;https://imgop.itemku.com/?url=https%3A%2F%2Fd1x91p7vw3vuq8.cloudfront.net%2Fitemku-upload%2F202619%2Fdxvvwjs0ru21pmovrnzvw_thumbnail.jpg&w=1033&q=75;;;
Item;Fisch;Rp15.000;326 terjual;JOKI TRYHARD ROD QUEST 2 3 - FISCH;https://imgop.itemku.com/?url=https%3A%2F%2Fd1x91p7vw3vuq8.cloudfront.net%2Fitemku-upload%2F20251216%2Fiusfz5wwc2i7khybscrvlj_thumbnail.jpg&w=1033&q=75;;;
Item;Fisch;Rp7.500;291 terjual;Joki Pinion's Aria Rod Quest - Fisch;https://imgop.itemku.com/?url=https%3A%2F%2Fd1x91p7vw3vuq8.cloudfront.net%2Fitemku-upload%2F2026222%2F9v87baauqv9hj4iu5qyg1e_thumbnail.jpg&w=1033&q=75;;;
Item;Fisch;Rp3.500;275 terjual;Joki Durasi Mancing 1 Jam (Fisch);https://imgop.itemku.com/?url=https%3A%2F%2Fd1x91p7vw3vuq8.cloudfront.net%2Fitemku-upload%2F2025219%2Fk5lvz07cmb56u8ypsjgj8_thumbnail.jpg&w=1033&q=75;;;
Item;Fisch;Rp80;804 terjual;Joki Fisch Per Level;https://imgop.itemku.com/?url=https%3A%2F%2Fd1x91p7vw3vuq8.cloudfront.net%2Fitemku-upload%2F2026210%2Fybd6fedw0akradvv19nusm_thumbnail.jpg&w=1033&q=75;;;
Item;Fisch;Rp80;397 terjual;Joki Fisch Per Level 1 - 1500;https://imgop.itemku.com/?url=https%3A%2F%2Fd1x91p7vw3vuq8.cloudfront.net%2Fitemku-upload%2F20251015%2F8obbdbo71b3x8ro5ggq3t_thumbnail.jpg&w=1033&q=75;;;
Item;Fisch;Rp80;28 terjual;Joki Fisch Per Level (Baca Deskripsi);https://imgop.itemku.com/?url=https%3A%2F%2Fd1x91p7vw3vuq8.cloudfront.net%2Fitemku-upload%2F202629%2Fsgo0jt1e99usrjsg9tbg9_thumbnail.jpg&w=1033&q=75;;;
Item;Fisch;Rp80.000;14 terjual;Joki Fisch Level 1 - 1500 (Max);https://imgop.itemku.com/?url=https%3A%2F%2Fd1x91p7vw3vuq8.cloudfront.net%2Fitemku-upload%2F20251015%2F44esagqbc5bagk1o4xqv6j_thumbnail.jpg&w=1033&q=75;;;
Item;Fisch;Rp23.000;255 terjual;Joki Ruinous Oath Rod (bestiary only);https://imgop.itemku.com/?url=https%3A%2F%2Fd1x91p7vw3vuq8.cloudfront.net%2Fitemku-upload%2F2026312%2Fyu007xhnsvpjaqmh8laqxf_thumbnail.jpg&w=1033&q=75;;;
Item;Fisch;Rp5.000;226 terjual;Joki Heaven's Rod;https://imgop.itemku.com/?url=https%3A%2F%2Fd1x91p7vw3vuq8.cloudfront.net%2Fitemku-upload%2F2025819%2Faayadt1bdva1axirupub3g_thumbnail.jpg&w=1033&q=75;;;
Item;Fisch;Rp100;189 terjual;Joki ALL LEVEL (Cek Deskripsi);https://imgop.itemku.com/?url=https%3A%2F%2Fd1x91p7vw3vuq8.cloudfront.net%2Fitemku-upload%2F2025416%2F4ekukuvrzwayrhpiz8h6lb_thumbnail.jpg&w=1033&q=75;;;
Item;Fisch;Rp11.900;188 terjual;Joki Plaguereaver Rod | Last Quest;https://imgop.itemku.com/?url=https%3A%2F%2Fd1x91p7vw3vuq8.cloudfront.net%2Fitemku-upload%2F2026317%2Fvzyb9ep86yqryj6tmuto3_thumbnail.jpg&w=1033&q=75;;;
Item;Fisch;Rp7.500;188 terjual;Joki Ethereal Prism Rod;https://imgop.itemku.com/?url=https%3A%2F%2Fd1x91p7vw3vuq8.cloudfront.net%2Fitemku-upload%2F2025819%2Fdp981azrd1lis0btu7d3r_thumbnail.jpg&w=1033&q=75;;;
Item;Fisch;Rp85.000;161 terjual;Joki Level 500-1000 | CHECK DESCRIPTION;https://imgop.itemku.com/?url=https%3A%2F%2Fd1x91p7vw3vuq8.cloudfront.net%2Fitemku-upload%2F2025127%2Fi16xnif9uzl7tbrnnr3bsx_thumbnail.jpg&w=1033&q=75;;;
Item;Fisch;Rp5.900;146 terjual;Joki unlock TRIDENT ROD - Fisch RBL;https://imgop.itemku.com/?url=https%3A%2F%2Fd1x91p7vw3vuq8.cloudfront.net%2Fitemku-upload%2F20241116%2F20zcwcgphxxn3lf5yhlwfi_thumbnail.jpg&w=1033&q=75;;;
Item;Fisch;Rp25.000;146 terjual;Joki Ancient Archives Fish;https://imgop.itemku.com/?url=https%3A%2F%2Fd1x91p7vw3vuq8.cloudfront.net%2Fitemku-upload%2F20241230%2Fclgip27eypgmmir6qh2pm_thumbnail.jpg&w=1033&q=75;;;
Item;Fisch;Rp10.000;7 terjual;Joki Heaven's Rod Fisch;https://imgop.itemku.com/?url=https%3A%2F%2Fd1x91p7vw3vuq8.cloudfront.net%2Fitemku-upload%2F20241223%2Fphklhd8d6j6wkrzvja02k_thumbnail.jpg&w=1033&q=75;;;
Item;Fisch;Rp7.000;2 terjual;Leveling By Request | Up +100 Level;https://imgop.itemku.com/?url=https%3A%2F%2Fd1x91p7vw3vuq8.cloudfront.net%2Fitemku-upload%2F2026225%2Fs5wnlirznvivedus9sd5i_thumbnail.jpg&w=1033&q=75;;;
Item;Fisch;Rp50.000;1 terjual;Joki Fisch Per 100 Lv;https://imgop.itemku.com/?url=https%3A%2F%2Fd1x91p7vw3vuq8.cloudfront.net%2Fitemku-upload%2F2024121%2Fn5vp5yx2sfpxwmrmrq5wgo_thumbnail.jpg&w=1033&q=75;;;
Item;Fisch;Rp5.000;44 terjual;JOKI FISCH SELAMA 1 JAM NONSTOP;https://imgop.itemku.com/?url=https%3A%2F%2Fd1x91p7vw3vuq8.cloudfront.net%2Fitemku-upload%2F20241223%2Fd075golkm8dkxqft7g48cp_thumbnail.jpg&w=1033&q=75;;;
Item;Fisch;Rp129.999;76 terjual;Akun / Account Fisch LIMITED + LEVEL 1000 + BONUS++;https://imgop.itemku.com/?url=https%3A%2F%2Fd1x91p7vw3vuq8.cloudfront.net%2Fitemku-upload%2F20251216%2Fk5yjh3qqc44q6d19e1pp_thumbnail.jpg&w=1033&q=75;;;
Item;Fisch;IDR 121.001;73 terjual;Lv1 + Fabulous Rod + Original no life rod;https://imgop.itemku.com/?url=https%3A%2F%2Fd1x91p7vw3vuq8.cloudfront.net%2Fitemku-upload%2F20251225%2Fj42w2qj2juo4lctg9sp8np_thumbnail.jpg&w=1033&q=75;;;
Item;Fisch;IDR 103.715;60 terjual;Lv1 + NateBlade + Original no life rod;https://imgop.itemku.com/?url=https%3A%2F%2Fd1x91p7vw3vuq8.cloudfront.net%2Fitemku-upload%2F20251228%2F3n57lbkixfozvxo44fbvd_thumbnail.jpg&w=1033&q=75;;;
Item;Fisch;Rp85.000;57 terjual;Akun Fisch (Rod of the depths / Trident / King, dll ) lvl 100 - 150 / Money 1m-2m;https://imgop.itemku.com/?url=https%3A%2F%2Fd1x91p7vw3vuq8.cloudfront.net%2Fitemku-upload%2F20241124%2Fi523vzwkvzcj7bnmym0kr_thumbnail.jpg&w=1033&q=75;;;
Item;Fisch;Rp80.000;36 terjual;AKUN LEVEL 1000+ GACOR;https://imgop.itemku.com/?url=https%3A%2F%2Fd1x91p7vw3vuq8.cloudfront.net%2Fitemku-upload%2F20251229%2Fhsq2bfu47aitdydee539e_thumbnail.jpg&w=1033&q=75;;;
Item;Fisch;Rp110.000;31 terjual;AKUN ONIRIFALX SPEK GACOR;https://imgop.itemku.com/?url=https%3A%2F%2Fd1x91p7vw3vuq8.cloudfront.net%2Fitemku-upload%2F20251229%2F4kaun39mpwywsm1brspsy_thumbnail.jpg&w=1033&q=75;;;
Item;Fisch;IDR 121.001;42 terjual;Lv1 + Polaris + Original no life rod;https://imgop.itemku.com/?url=https%3A%2F%2Fd1x91p7vw3vuq8.cloudfront.net%2Fitemku-upload%2F20251225%2F3v4vmih25p25mylnque7f_thumbnail.jpg&w=1033&q=75;;;
Item;Fisch;IDR 380.287;28 terjual;Fisch Account Lv2000+ With 55+ Good Rod;https://imgop.itemku.com/?url=https%3A%2F%2Fd1x91p7vw3vuq8.cloudfront.net%2Fitemku-upload%2F2026121%2Flgbgj7olgcjtaubjbjjbs_thumbnail.jpg&w=1033&q=75;;;
Item;Fisch;Rp70.000;20 terjual;Akun Fisch Level 1000+ | Info selengkapnya Cek Deskripsi !!!;https://imgop.itemku.com/?url=https%3A%2F%2Fd1x91p7vw3vuq8.cloudfront.net%2Fitemku-upload%2F20251215%2F6ibanvlnqfb2cu4agk7sc_thumbnail.jpg&w=1033&q=75;;;
Item;Fisch;IDR 52.895;14 terjual;Lv1 + Wingripper + Original no life rod;https://imgop.itemku.com/?url=https%3A%2F%2Fd1x91p7vw3vuq8.cloudfront.net%2Fitemku-upload%2F20251226%2F03kzdgxv55khw4hy3dkomr_thumbnail.jpg&w=1033&q=75;;;
Item;Fisch;IDR 52.895;9 terjual;Lv1 + Chrysalis + Original no life rod;https://imgop.itemku.com/?url=https%3A%2F%2Fd1x91p7vw3vuq8.cloudfront.net%2Fitemku-upload%2F20251225%2Fzg9jtdlzt0dqkr0ehvznoa_thumbnail.jpg&w=1033&q=75;;;
Item;Fisch;IDR 52.895;7 terjual;Lv1 + Wind Elemental + Original no life rod;https://imgop.itemku.com/?url=https%3A%2F%2Fd1x91p7vw3vuq8.cloudfront.net%2Fitemku-upload%2F20251229%2Fh3uhiaeq3xaslqx17ir7n_thumbnail.jpg&w=1033&q=75;;;
Item;Fisch;IDR 691.430;7 terjual;Lv1 + Wingripper + Original no life rod;https://imgop.itemku.com/?url=https%3A%2F%2Fd1x91p7vw3vuq8.cloudfront.net%2Fitemku-upload%2F20251227%2F7dgaq68t406hhe9sf0cd8_thumbnail.jpg&w=1033&q=75;;;
Item;Fisch;Rp259.999;6 terjual;Akun / Account Fisch MAX LEVEL + LIMITED + BONUS++;https://imgop.itemku.com/?url=https%3A%2F%2Fd1x91p7vw3vuq8.cloudfront.net%2Fitemku-upload%2F2025129%2F1vuulvcg54707k7slfuz2k7_thumbnail.jpg&w=1033&q=75;;;
Item;Fisch;Rp350.000;4 terjual;Akun level 500 Rod of the depth + No life rod + 200m money | Fisch;https://imgop.itemku.com/?url=https%3A%2F%2Fd1x91p7vw3vuq8.cloudfront.net%2Fitemku-upload%2F2024125%2Fxxfj1r7fkjq76l2wkmmlm_thumbnail.jpg&w=1033&q=75;;;
Item;Fisch;IDR 69.144;2 terjual;Lv1 +  Bat Whisperer Rod + Original no life rod;https://imgop.itemku.com/?url=https%3A%2F%2Fd1x91p7vw3vuq8.cloudfront.net%2Fitemku-upload%2F20251227%2Ff2nibj336posf83bgf9mqi_thumbnail.jpg&w=1033&q=75;;;
Item;Fisch;Rp190.000;1 terjual;Akun Aurora Totem & Poseidon Wrath Totem (Data Polos) CEK DESKRIPSI;https://imgop.itemku.com/?url=https%3A%2F%2Fd1x91p7vw3vuq8.cloudfront.net%2Fitemku-upload%2F2026226%2Fjfmc9at4tah5l9z2h0jel_thumbnail.jpg&w=1033&q=75;;;
Item;Fisch;IDR 138.287;;Sailor Account - Ice Queen;https://imgop.itemku.com/?url=https%3A%2F%2Fd1x91p7vw3vuq8.cloudfront.net%2Fitemku-upload%2F202649%2Fa8esi0g9f9uuyu6a8ungdg_thumbnail.jpg&w=1033&q=75;;;
Item;Fisch;IDR 2.420.006;;End Game Account;https://imgop.itemku.com/?url=https%3A%2F%2Fd1x91p7vw3vuq8.cloudfront.net%2Fitemku-upload%2F202623%2F2eem5lx5akv3y5hsc0qslo_thumbnail.jpg&w=1033&q=75;;;
Item;Fisch;Rp1.500.000;;Akun Onirifalx+Wind Elemental+Rod Limited;https://imgop.itemku.com/?url=https%3A%2F%2Fd1x91p7vw3vuq8.cloudfront.net%2Fitemku-upload%2F202625%2Fa1fpilsa91g7n6xxm93w_thumbnail.jpg&w=1033&q=75;;;
Item;Fisch;IDR 186.687;;Level 25+ 1B money $ account;https://imgop.itemku.com/?url=https%3A%2F%2Fd1x91p7vw3vuq8.cloudfront.net%2Fitemku-upload%2F2026524%2Fvzfsuo138vab1xvrz8yj0u_thumbnail.jpg&w=1033&q=75;;;
Item;Fisch;Rp85.000;128 terjual;AKUN LEVEL 1000+ SPEK GG;https://imgop.itemku.com/?url=https%3A%2F%2Fd1x91p7vw3vuq8.cloudfront.net%2Fitemku-upload%2F20251121%2Fr0ftlpxbzfww4x1m7085_thumbnail.jpg&w=1033&q=75;;;
Item;Fisch;Rp19.500;2553 terjual;Private Server Fisch 1 Bulan;https://imgop.itemku.com/?url=https%3A%2F%2Fd1x91p7vw3vuq8.cloudfront.net%2Fitemku-upload%2F2025118%2Fhvcg5rxe41eeeirp19eru6_thumbnail.jpg&w=1033&q=75;;;
Item;Fisch;Rp2.500;2051 terjual;Chaotic Enchant Relic | FISCH;https://imgop.itemku.com/?url=https%3A%2F%2Fd1x91p7vw3vuq8.cloudfront.net%2Fitemku-upload%2F2025915%2Fajd25jbhif5tdyayc8it38_thumbnail.jpg&w=1033&q=75;;;
Item;Fisch;Rp75;1772 terjual;Exalted Relic;https://imgop.itemku.com/?url=https%3A%2F%2Fd1x91p7vw3vuq8.cloudfront.net%2Fitemku-upload%2F202613%2Fkx4cw5m3xjf7kroznzcllq_thumbnail.jpg&w=1033&q=75;;;
Item;Fisch;Rp80;1748 terjual;Enchanted Relic Fisch;https://imgop.itemku.com/?url=https%3A%2F%2Fd1x91p7vw3vuq8.cloudfront.net%2Fitemku-upload%2F20241229%2Flocprjqeb9qu9h0zp870e_thumbnail.jpg&w=1033&q=75;;;
Item;Fisch;Rp15;428 terjual;Enchant Relics;https://imgop.itemku.com/?url=https%3A%2F%2Fd1x91p7vw3vuq8.cloudfront.net%2Fitemku-upload%2F2024128%2Flophdkvbcnq4hn7fmvt5_thumbnail.jpg&w=1033&q=75;;;
Item;Fisch;Rp80;425 terjual;Exalted Relic;https://imgop.itemku.com/?url=https%3A%2F%2Fd1x91p7vw3vuq8.cloudfront.net%2Fitemku-upload%2F202648%2Fj3fnw00i7nh4pj77bqn9yb_thumbnail.jpg&w=1033&q=75;;;
Item;Fisch;Rp80;5 terjual;Enchant Relic;https://imgop.itemku.com/?url=https%3A%2F%2Fd1x91p7vw3vuq8.cloudfront.net%2Fitemku-upload%2F202637%2Fvc12pmdkohhipj55yj2v8_thumbnail.jpg&w=1033&q=75;;;
Item;Fisch;Rp5.000;19 terjual;YELLOW ENERGY CRYSTAL- ITEM FISCH TO GET HEAVEN'S ROD;https://imgop.itemku.com/?url=https%3A%2F%2Fd1x91p7vw3vuq8.cloudfront.net%2Fitemku-upload%2F20241224%2Fkgfqycj6zwkhdktaf43a_thumbnail.jpg&w=1033&q=75;;;
Item;Fisch;Rp150;1659 terjual;EXALTED RELIC;https://imgop.itemku.com/?url=https%3A%2F%2Fd1x91p7vw3vuq8.cloudfront.net%2Fitemku-upload%2F2026123%2F80fymuy1ls9g7cnj8wxwt_thumbnail.jpg&w=1033&q=75;;;
Item;Fisch;Rp1.120;1589 terjual;Festive Relic | Fisch;https://imgop.itemku.com/?url=https%3A%2F%2Fd1x91p7vw3vuq8.cloudfront.net%2Fitemku-upload%2F20251217%2F9fk3150sjyie8h8su0oi_thumbnail.jpg&w=1033&q=75;;;
Item;Fisch;Rp2.500;1232 terjual;Aurora Totem;https://imgop.itemku.com/?url=https%3A%2F%2Fd1x91p7vw3vuq8.cloudfront.net%2Fitemku-upload%2F20241212%2Fx116dyqtc8dmpdtv92jqsi_thumbnail.jpg&w=1033&q=75;;;
Item;Fisch;Rp74;1108 terjual;Exalted Relic - FISCH;https://imgop.itemku.com/?url=https%3A%2F%2Fd1x91p7vw3vuq8.cloudfront.net%2Fitemku-upload%2F20251114%2Fl7wb6caw6ondj9uirt88_thumbnail.jpg&w=1033&q=75;;;
Item;Fisch;Rp2.500;943 terjual;paket ikan rod onirifalx (bundle fish for Onirifalx Rod);https://imgop.itemku.com/?url=https%3A%2F%2Fd1x91p7vw3vuq8.cloudfront.net%2Fitemku-upload%2F2025624%2Fkagx27higtcgufzm7jfi7_thumbnail.jpg&w=1033&q=75;;;
Item;Fisch;Rp10.000;923 terjual;Charred Boot;https://imgop.itemku.com/?url=https%3A%2F%2Fd1x91p7vw3vuq8.cloudfront.net%2Fitemku-upload%2F20251013%2Fnreti2oa86ckjytamvcj6r_thumbnail.jpg&w=1033&q=75;;;
Item;Fisch;Rp249;798 terjual;Private Server Aurora Totem 24 Hours;https://imgop.itemku.com/?url=https%3A%2F%2Fd1x91p7vw3vuq8.cloudfront.net%2Fitemku-upload%2F2025122%2Frh4lceq7m3rb3yyiy7hxks_thumbnail.jpg&w=1033&q=75;;;
Item;Fisch;Rp1.000;793 terjual;Resin | Fisch;https://imgop.itemku.com/?url=https%3A%2F%2Fd1x91p7vw3vuq8.cloudfront.net%2Fitemku-upload%2F20251019%2F1yo888obmk1zv13sxxq7bk_thumbnail.jpg&w=1033&q=75;;;
Item;Fisch;Rp5.000;9 terjual;BLUE ENERGY CRYSTAL- ITEM FISCH TO GET HEAVEN'S ROD;https://imgop.itemku.com/?url=https%3A%2F%2Fd1x91p7vw3vuq8.cloudfront.net%2Fitemku-upload%2F20241224%2Fuc9pxci7e6jhxkkux3dz3w_thumbnail.jpg&w=1033&q=75;;;
Item;Fisch;Rp5.000;23 terjual;RED ENERGY CRYSTAL TO GET HEAVEN'S ROD;https://imgop.itemku.com/?url=https%3A%2F%2Fd1x91p7vw3vuq8.cloudfront.net%2Fitemku-upload%2F20241224%2Fmwyun7yipefrc6b6011ou_thumbnail.jpg&w=1033&q=75;;;
Item;Fisch;Rp5.000;9 terjual;GREEN ENERGY CRYSTAL- ITEM FISCH TO GET HEAVEN'S ROD;https://imgop.itemku.com/?url=https%3A%2F%2Fd1x91p7vw3vuq8.cloudfront.net%2Fitemku-upload%2F20241224%2Fxhjocoq4fr30wfsg8vtd4_thumbnail.jpg&w=1033&q=75;;;
Item;Fisch;Rp1.000;5 terjual;COSMIC RELIC - FISCH;https://imgop.itemku.com/?url=https%3A%2F%2Fd1x91p7vw3vuq8.cloudfront.net%2Fitemku-upload%2F2025928%2Fyndrrdyb32gx6agd7v0qs_thumbnail.jpg&w=1033&q=75;;;
Item;Fisch;Rp14.800;725 terjual;Spooky Relic - Fisch;https://imgop.itemku.com/?url=https%3A%2F%2Fd1x91p7vw3vuq8.cloudfront.net%2Fitemku-upload%2F20251029%2Fwum7zja1opdypdujk4zsg_thumbnail.jpg&w=1033&q=75;;;
Item;Fisch;Rp15.000;680 terjual;Festive Relic;https://imgop.itemku.com/?url=https%3A%2F%2Fd1x91p7vw3vuq8.cloudfront.net%2Fitemku-upload%2F20251220%2Furrzyu0q5ko9ngtvka7f_thumbnail.jpg&w=1033&q=75;;;
Item;Fisch;Rp6.000;636 terjual;Fisch Onirifalx Rod Set;https://imgop.itemku.com/?url=https%3A%2F%2Fd1x91p7vw3vuq8.cloudfront.net%2Fitemku-upload%2F20251015%2Fzdxwd1atxdnav2kxwqy5_thumbnail.jpg&w=1033&q=75;;;
Item;Fisch;Rp170;590 terjual;cosmic relic;https://imgop.itemku.com/?url=https%3A%2F%2Fd1x91p7vw3vuq8.cloudfront.net%2Fitemku-upload%2F20251017%2Ft8fhl8ja6f09qy42yje6wy_thumbnail.jpg&w=1033&q=75;;;
Item;Fisch;Rp500;570 terjual;Aurora Totem (Aurora Borealis);https://imgop.itemku.com/?url=https%3A%2F%2Fd1x91p7vw3vuq8.cloudfront.net%2Fitemku-upload%2F2024124%2Fnd4yzmsdpqfgqsqismrfa_thumbnail.jpg&w=1033&q=75;;;
Item;Fisch;Rp85;554 terjual;exalted relic;https://imgop.itemku.com/?url=https%3A%2F%2Fd1x91p7vw3vuq8.cloudfront.net%2Fitemku-upload%2F2025217%2Fldwdy5ibk4rjps7wrgpvze_thumbnail.jpg&w=1033&q=75;;;
Item;Fisch;Rp80;532 terjual;Enchant Relic;https://imgop.itemku.com/?url=https%3A%2F%2Fd1x91p7vw3vuq8.cloudfront.net%2Fitemku-upload%2F2024123%2Flz7yhatqcpk723hxk0mqo_thumbnail.jpg&w=1033&q=75;;;
Item;Fisch;Rp9.900;501 terjual;Paket Rod Onirifalx Fisch;https://imgop.itemku.com/?url=https%3A%2F%2Fd1x91p7vw3vuq8.cloudfront.net%2Fitemku-upload%2F2025626%2Fkcdeppc638z2gv0qvpmd_thumbnail.jpg&w=1033&q=75;;;
Item;Fisch;Rp110;733 terjual;COSMIC RELIC;https://imgop.itemku.com/?url=https%3A%2F%2Fd1x91p7vw3vuq8.cloudfront.net%2Fitemku-upload%2F2025108%2Frioyzu9lnsbs8evcpxd9dh_thumbnail.jpg&w=1033&q=75;;;
Item;Fisch;Rp22.500;13 terjual;1000 Enchant Relics | Fisch ~ RBLX;https://imgop.itemku.com/?url=https%3A%2F%2Fd1x91p7vw3vuq8.cloudfront.net%2Fitemku-upload%2F2025412%2Flx21scgs6lgjztyzakvsa_thumbnail.jpg&w=1033&q=75;;;
Item;Fisch;Rp35;24 terjual;Enchant Relic | Fisch ~ RBLX;https://imgop.itemku.com/?url=https%3A%2F%2Fd1x91p7vw3vuq8.cloudfront.net%2Fitemku-upload%2F202589%2Flccv6jjlwiui9md63a3zm_thumbnail.jpg&w=1033&q=75;;;
Item;Fisch;Rp3.500;8 terjual;100 Enchant Relics MURAHH;https://imgop.itemku.com/?url=https%3A%2F%2Fd1x91p7vw3vuq8.cloudfront.net%2Fitemku-upload%2F2025117%2Ffyww8o2kd3pqcvu97yrn_thumbnail.jpg&w=1033&q=75;;;
Joki;Mobile Legends;Rp6.000;934 terjual;Legend Per Bintang;https://imgop.itemku.com/?url=https%3A%2F%2Fd1x91p7vw3vuq8.cloudfront.net%2Fitemku-upload%2F2024102%2Fnr4skfxwceop63gcipkc8_thumbnail.jpg&w=1033&q=75;;;
Joki;Mobile Legends;Rp10.000;416 terjual;Mythic Per Bintang;https://imgop.itemku.com/?url=https%3A%2F%2Fd1x91p7vw3vuq8.cloudfront.net%2Fitemku-upload%2F2024102%2Fv2ey88mn80sih91mlzqfgo_thumbnail.jpg&w=1033&q=75;;;
Joki;Mobile Legends;Rp4.000;397 terjual;Epic Per Bintang;https://imgop.itemku.com/?url=https%3A%2F%2Fd1x91p7vw3vuq8.cloudfront.net%2Fitemku-upload%2F2024102%2Fsik1kve9umii21ja27sehm_thumbnail.jpg&w=1033&q=75;;;
Joki;Mobile Legends;Rp15.000;344 terjual;Mythic Honor Per Bintang;https://imgop.itemku.com/?url=https%3A%2F%2Fd1x91p7vw3vuq8.cloudfront.net%2Fitemku-upload%2F2024102%2Flst40qfugoiqzspuekuxh_thumbnail.jpg&w=1033&q=75;;;
Joki;Mobile Legends;Rp400;369 terjual;Grandmaster Per Bintang;https://imgop.itemku.com/?url=https%3A%2F%2Fd1x91p7vw3vuq8.cloudfront.net%2Fitemku-upload%2F202447%2Fivw58g3nc7rbl1qr15nyl_thumbnail.jpg&w=1033&q=75;;;
Joki;Mobile Legends;Rp1.900;787 terjual;Epic Per Bintang;https://imgop.itemku.com/?url=https%3A%2F%2Fd1x91p7vw3vuq8.cloudfront.net%2Fitemku-upload%2F202448%2Fxx25zmatyykw70jh5g46gh_thumbnail.jpg&w=1033&q=75;;;
Joki;Mobile Legends;Rp1.800;4 terjual;Epic Per Bintang;https://imgop.itemku.com/?url=https%3A%2F%2Fd1x91p7vw3vuq8.cloudfront.net%2Fitemku-upload%2F2026429%2Fclk6icdyd1ldq1z12kk7wt_thumbnail.jpg&w=1033&q=75;;;
Joki;Mobile Legends;Rp3.600;5 terjual;Legend Per Bintang;https://imgop.itemku.com/?url=https%3A%2F%2Fd1x91p7vw3vuq8.cloudfront.net%2Fitemku-upload%2F2026511%2Fqnf8qeynqmn9wlfxqo7h6_thumbnail.jpg&w=1033&q=75;;;
Joki;Mobile Legends;Rp2.999;309 terjual;Legend Per Bintang;https://imgop.itemku.com/?url=https%3A%2F%2Fd1x91p7vw3vuq8.cloudfront.net%2Fitemku-upload%2F202578%2F3cttycx7878clytq1zjwko_thumbnail.jpg&w=1033&q=75;;;
Joki;Mobile Legends;Rp6.500;294 terjual;Mythic Honor Per Bintang;https://imgop.itemku.com/?url=https%3A%2F%2Fd1x91p7vw3vuq8.cloudfront.net%2Fitemku-upload%2F2024530%2Fpegatr822itohibh03ok_thumbnail.jpg&w=1033&q=75;;;
Joki;Mobile Legends;Rp8.000;289 terjual;Mythic Glory 50+ Per Bintang;https://imgop.itemku.com/?url=https%3A%2F%2Fd1x91p7vw3vuq8.cloudfront.net%2Fitemku-upload%2F2024819%2F7xrdyrjpgy5ugt2hfihby_thumbnail.jpg&w=1033&q=75;;;
Joki;Mobile Legends;Rp5.500;203 terjual;Mythic Per Bintang;https://imgop.itemku.com/?url=https%3A%2F%2Fd1x91p7vw3vuq8.cloudfront.net%2Fitemku-upload%2F2024530%2Fjubzjfsgg68yn3r2r50x4_thumbnail.jpg&w=1033&q=75;;;
Joki;Mobile Legends;Rp4.000;198 terjual;Legend Per Bintang;https://imgop.itemku.com/?url=https%3A%2F%2Fd1x91p7vw3vuq8.cloudfront.net%2Fitemku-upload%2F2024213%2Fwl2roxioet10mvetbiisif_thumbnail.jpg&w=1033&q=75;;;
Joki;Mobile Legends;Rp5.000;166 terjual;Mythic Honor Per Bintang;https://imgop.itemku.com/?url=https%3A%2F%2Fd1x91p7vw3vuq8.cloudfront.net%2Fitemku-upload%2F2026331%2F7t50gfngwcar8hyo96ggng_thumbnail.jpg&w=1033&q=75;;;
Joki;Mobile Legends;Rp8.500;145 terjual;Mythic Glory 50+ Per Bintang;https://imgop.itemku.com/?url=https%3A%2F%2Fd1x91p7vw3vuq8.cloudfront.net%2Fitemku-upload%2F2024915%2Fm4v2ctaizg8tofocgqiajp_thumbnail.jpg&w=1033&q=75;;;
Joki;Mobile Legends;Rp12.000;143 terjual;Mythic Glory 50+ Per Bintang;https://imgop.itemku.com/?url=https%3A%2F%2Fd1x91p7vw3vuq8.cloudfront.net%2Fitemku-upload%2F2025315%2Frnwdvgfoitfsu1l6u1h52f_thumbnail.jpg&w=1033&q=75;;;
Joki;Mobile Legends;Rp2.500;5 terjual;Legend Per Bintang;https://imgop.itemku.com/?url=https%3A%2F%2Fd1x91p7vw3vuq8.cloudfront.net%2Fitemku-upload%2F2026429%2Ft6s1ilaox3mts0jzb5xbg7_thumbnail.jpg&w=1033&q=75;;;
Joki;Mobile Legends;Rp5.900;4 terjual;Mythic Per Bintang;https://imgop.itemku.com/?url=https%3A%2F%2Fd1x91p7vw3vuq8.cloudfront.net%2Fitemku-upload%2F2026511%2Ffotcsc4jrmepkqnbdxuorm_thumbnail.jpg&w=1033&q=75;;;
Joki;Mobile Legends;Rp999.000;;Paket Rank Mythic 1-Mythic 100;https://imgop.itemku.com/?url=https%3A%2F%2Fd1x91p7vw3vuq8.cloudfront.net%2Fitemku-upload%2F202631%2Fgrx7yyaaentk1kyhyu5pcf_thumbnail.jpg&w=1033&q=75;;;
Joki;Mobile Legends;Rp6.800;318 terjual;Mythic Honor Per Bintang;https://imgop.itemku.com/?url=https%3A%2F%2Fd1x91p7vw3vuq8.cloudfront.net%2Fitemku-upload%2F202448%2F4yj6cgh87jemc93l2lsgx_thumbnail.jpg&w=1033&q=75;;;
Joki;Mobile Legends;Rp2.599;142 terjual;Epic Per Bintang;https://imgop.itemku.com/?url=https%3A%2F%2Fd1x91p7vw3vuq8.cloudfront.net%2Fitemku-upload%2F2025628%2F55dbqh2nuww73eaz6x70n3_thumbnail.jpg&w=1033&q=75;;;
Joki;Mobile Legends;Rp6.500;136 terjual;Mythic Glory 50+ Per Bintang;https://imgop.itemku.com/?url=https%3A%2F%2Fd1x91p7vw3vuq8.cloudfront.net%2Fitemku-upload%2F2026331%2Fi3wcl6arfy55jchgnfubv_thumbnail.jpg&w=1033&q=75;;;
Joki;Mobile Legends;Rp4.500;131 terjual;Legend Per Bintang;https://imgop.itemku.com/?url=https%3A%2F%2Fd1x91p7vw3vuq8.cloudfront.net%2Fitemku-upload%2F2024530%2Ftprr68vbnt1owmre79rlh_thumbnail.jpg&w=1033&q=75;;;
Joki;Mobile Legends;Rp4.999;126 terjual;Mythic Per Bintang;https://imgop.itemku.com/?url=https%3A%2F%2Fd1x91p7vw3vuq8.cloudfront.net%2Fitemku-upload%2F2024112%2Fe23ttq39aaat2oxa1rfumo_thumbnail.jpg&w=1033&q=75;;;
Joki;Mobile Legends;Rp4.599;113 terjual;Mythic Per Bintang;https://imgop.itemku.com/?url=https%3A%2F%2Fd1x91p7vw3vuq8.cloudfront.net%2Fitemku-upload%2F202576%2Fvpii1xd8pu9nuqo53hlqtb_thumbnail.jpg&w=1033&q=75;;;
Joki;Mobile Legends;Rp7.100;110 terjual;Mythic Glory 50+ Per Bintang;https://imgop.itemku.com/?url=https%3A%2F%2Fd1x91p7vw3vuq8.cloudfront.net%2Fitemku-upload%2F2026515%2F3lk493f16ujzxfvx5ekor_thumbnail.jpg&w=1033&q=75;;;
Joki;Mobile Legends;Rp3.000;104 terjual;Epic Per Bintang;https://imgop.itemku.com/?url=https%3A%2F%2Fd1x91p7vw3vuq8.cloudfront.net%2Fitemku-upload%2F2024129%2F6b7acx791cl6z5booqwqx2_thumbnail.jpg&w=1033&q=75;;;
Joki;Mobile Legends;Rp4.000;92 terjual;Mythic Per Bintang;https://imgop.itemku.com/?url=https%3A%2F%2Fd1x91p7vw3vuq8.cloudfront.net%2Fitemku-upload%2F2026331%2Fbdzsteexqg55rtjtrg9qh_thumbnail.jpg&w=1033&q=75;;;
Joki;Mobile Legends;Rp550.000;;Paket Rank Mythic 50-Mythic 100;https://imgop.itemku.com/?url=https%3A%2F%2Fd1x91p7vw3vuq8.cloudfront.net%2Fitemku-upload%2F2026322%2F7rihiis403hoivelf9aobl_thumbnail.jpg&w=1033&q=75;;;
Joki;Mobile Legends;Rp7.100;2 terjual;Mythic Honor Per Bintang;https://imgop.itemku.com/?url=https%3A%2F%2Fd1x91p7vw3vuq8.cloudfront.net%2Fitemku-upload%2F2026511%2Fc1t3asj60wjrhrgerybtjf_thumbnail.jpg&w=1033&q=75;;;
Joki;Mobile Legends;Rp6.750;;Mythic Per Bintang;https://imgop.itemku.com/?url=https%3A%2F%2Fd1x91p7vw3vuq8.cloudfront.net%2Fitemku-upload%2F2026227%2F6ubzyhlsuzanh1bnvy7xq_thumbnail.jpg&w=1033&q=75;;;
Joki;Mobile Legends;Rp8.300;5 terjual;Mythic Glory 50+ Per Bintang;https://imgop.itemku.com/?url=https%3A%2F%2Fd1x91p7vw3vuq8.cloudfront.net%2Fitemku-upload%2F2026511%2Fvg65lgpqbhmsko0nkbfo8_thumbnail.jpg&w=1033&q=75;;;
Joki;Honkai: Star Rail;Rp65.000;84 terjual;Trailblaze Mission;https://imgop.itemku.com/?url=https%3A%2F%2Fd1x91p7vw3vuq8.cloudfront.net%2Fitem-type%2F20251020%2Fq83emd4vnghx3rq8gn9xv.png&w=1033&q=75;;;
Joki;Honkai: Star Rail;Rp2.000;64 terjual;Rawat Akun Harian;https://imgop.itemku.com/?url=https%3A%2F%2Fd1x91p7vw3vuq8.cloudfront.net%2Fitem-type%2F20251020%2Fq83emd4vnghx3rq8gn9xv.png&w=1033&q=75;;;
Joki;Honkai: Star Rail;Rp5.000;54 terjual;Trailblaze Mission;https://imgop.itemku.com/?url=https%3A%2F%2Fd1x91p7vw3vuq8.cloudfront.net%2Fitem-type%2F20251020%2Fq83emd4vnghx3rq8gn9xv.png&w=1033&q=75;;;
Joki;Honkai: Star Rail;Rp20.000;54 terjual;Joki 1000 Stellar Jade Baca Deskripsi;https://imgop.itemku.com/?url=https%3A%2F%2Fd1x91p7vw3vuq8.cloudfront.net%2Fitem-type%2F20251020%2Fq83emd4vnghx3rq8gn9xv.png&w=1033&q=75;;;
Joki;Honkai: Star Rail;Rp25.000;6 terjual;Open Treasure;https://imgop.itemku.com/?url=https%3A%2F%2Fd1x91p7vw3vuq8.cloudfront.net%2Fitem-type%2F20251020%2Fq83emd4vnghx3rq8gn9xv.png&w=1033&q=75;;;
Joki;Honkai: Star Rail;Rp10.000;1 terjual;Trailblaze Mission;https://imgop.itemku.com/?url=https%3A%2F%2Fd1x91p7vw3vuq8.cloudfront.net%2Fitem-type%2F20251020%2Fq83emd4vnghx3rq8gn9xv.png&w=1033&q=75;;;
Joki;Honkai: Star Rail;Rp18.000;;Paket Boosting Penacony 3.8 [ST];https://imgop.itemku.com/?url=https%3A%2F%2Fd1x91p7vw3vuq8.cloudfront.net%2Fitem-type%2F20251020%2Fq83emd4vnghx3rq8gn9xv.png&w=1033&q=75;;;
Joki;Honkai: Star Rail;Rp22.000;;Boosting 1.600 Stellar Jade [Lite];https://imgop.itemku.com/?url=https%3A%2F%2Fd1x91p7vw3vuq8.cloudfront.net%2Fitem-type%2F20251020%2Fq83emd4vnghx3rq8gn9xv.png&w=1033&q=75;;;
Joki;Honkai: Star Rail;Rp250.000;51 terjual;Open Treasure;https://imgop.itemku.com/?url=https%3A%2F%2Fd1x91p7vw3vuq8.cloudfront.net%2Fitem-type%2F20251020%2Fq83emd4vnghx3rq8gn9xv.png&w=1033&q=75;;;
Joki;Honkai: Star Rail;Rp2.000;51 terjual;Rawat Akun Harian;https://imgop.itemku.com/?url=https%3A%2F%2Fd1x91p7vw3vuq8.cloudfront.net%2Fitem-type%2F20251020%2Fq83emd4vnghx3rq8gn9xv.png&w=1033&q=75;;;
Joki;Honkai: Star Rail;Rp250.000;43 terjual;Trailblaze Mission;https://imgop.itemku.com/?url=https%3A%2F%2Fd1x91p7vw3vuq8.cloudfront.net%2Fitem-type%2F20251020%2Fq83emd4vnghx3rq8gn9xv.png&w=1033&q=75;;;
Joki;Honkai: Star Rail;Rp65.000;31 terjual;Joki Event;https://imgop.itemku.com/?url=https%3A%2F%2Fd1x91p7vw3vuq8.cloudfront.net%2Fitem-type%2F20251020%2Fq83emd4vnghx3rq8gn9xv.png&w=1033&q=75;;;
Joki;Honkai: Star Rail;Rp5.000;30 terjual;Adventure Mission;https://imgop.itemku.com/?url=https%3A%2F%2Fd1x91p7vw3vuq8.cloudfront.net%2Fitem-type%2F20251020%2Fq83emd4vnghx3rq8gn9xv.png&w=1033&q=75;;;
Joki;Honkai: Star Rail;Rp42.000;28 terjual;Open Treasure;https://imgop.itemku.com/?url=https%3A%2F%2Fd1x91p7vw3vuq8.cloudfront.net%2Fitem-type%2F20251020%2Fq83emd4vnghx3rq8gn9xv.png&w=1033&q=75;;;
Joki;Honkai: Star Rail;Rp70.000;21 terjual;Gold and Gears;https://imgop.itemku.com/?url=https%3A%2F%2Fd1x91p7vw3vuq8.cloudfront.net%2Fitem-type%2F20251020%2Fq83emd4vnghx3rq8gn9xv.png&w=1033&q=75;;;
Joki;Honkai: Star Rail;Rp1.000;20 terjual;Rawat Akun Harian;https://imgop.itemku.com/?url=https%3A%2F%2Fd1x91p7vw3vuq8.cloudfront.net%2Fitem-type%2F20251020%2Fq83emd4vnghx3rq8gn9xv.png&w=1033&q=75;;;
Joki;Honkai: Star Rail;Rp148.000;;Rawat Akun Bulanan Plus;https://imgop.itemku.com/?url=https%3A%2F%2Fd1x91p7vw3vuq8.cloudfront.net%2Fitem-type%2F20251020%2Fq83emd4vnghx3rq8gn9xv.png&w=1033&q=75;;;
Joki;Honkai: Star Rail;Rp1.000;1 terjual;Rawat Akun Harian;https://imgop.itemku.com/?url=https%3A%2F%2Fd1x91p7vw3vuq8.cloudfront.net%2Fitem-type%2F20251020%2Fq83emd4vnghx3rq8gn9xv.png&w=1033&q=75;;;
Joki;Honkai: Star Rail;Rp30.000;;Paket Boosting Planarcadia 4.2 [ST];https://imgop.itemku.com/?url=https%3A%2F%2Fd1x91p7vw3vuq8.cloudfront.net%2Fitem-type%2F20251020%2Fq83emd4vnghx3rq8gn9xv.png&w=1033&q=75;;;
Joki;Honkai: Star Rail;Rp10.000;;Materials;https://imgop.itemku.com/?url=https%3A%2F%2Fd1x91p7vw3vuq8.cloudfront.net%2Fitem-type%2F20251020%2Fq83emd4vnghx3rq8gn9xv.png&w=1033&q=75;;;
Joki;Honkai: Star Rail;Rp260.000;18 terjual;Rawat Akun Bulanan VIP;https://imgop.itemku.com/?url=https%3A%2F%2Fd1x91p7vw3vuq8.cloudfront.net%2Fitem-type%2F20251020%2Fq83emd4vnghx3rq8gn9xv.png&w=1033&q=75;;;
Joki;Honkai: Star Rail;Rp75.000;16 terjual;Swamp Disaster;https://imgop.itemku.com/?url=https%3A%2F%2Fd1x91p7vw3vuq8.cloudfront.net%2Fitem-type%2F20251020%2Fq83emd4vnghx3rq8gn9xv.png&w=1033&q=75;;;
Joki;Honkai: Star Rail;Rp295.000;14 terjual;Rawat Akun Premium;https://imgop.itemku.com/?url=https%3A%2F%2Fd1x91p7vw3vuq8.cloudfront.net%2Fitem-type%2F20251020%2Fq83emd4vnghx3rq8gn9xv.png&w=1033&q=75;;;
Joki;Honkai: Star Rail;Rp150.000;14 terjual;Build Character;https://imgop.itemku.com/?url=https%3A%2F%2Fd1x91p7vw3vuq8.cloudfront.net%2Fitem-type%2F20251020%2Fq83emd4vnghx3rq8gn9xv.png&w=1033&q=75;;;
Joki;Honkai: Star Rail;Rp159.000;13 terjual;Open Treasure;https://imgop.itemku.com/?url=https%3A%2F%2Fd1x91p7vw3vuq8.cloudfront.net%2Fitem-type%2F20251020%2Fq83emd4vnghx3rq8gn9xv.png&w=1033&q=75;;;
Joki;Honkai: Star Rail;Rp44.000;12 terjual;Event;https://imgop.itemku.com/?url=https%3A%2F%2Fd1x91p7vw3vuq8.cloudfront.net%2Fitem-type%2F20251020%2Fq83emd4vnghx3rq8gn9xv.png&w=1033&q=75;;;
Joki;Honkai: Star Rail;Rp500;12 terjual;Calyx (Golden);https://imgop.itemku.com/?url=https%3A%2F%2Fd1x91p7vw3vuq8.cloudfront.net%2Fitem-type%2F20251020%2Fq83emd4vnghx3rq8gn9xv.png&w=1033&q=75;;;
Joki;Honkai: Star Rail;Rp500;12 terjual;Calyx (Crimson);https://imgop.itemku.com/?url=https%3A%2F%2Fd1x91p7vw3vuq8.cloudfront.net%2Fitem-type%2F20251020%2Fq83emd4vnghx3rq8gn9xv.png&w=1033&q=75;;;
Joki;Honkai: Star Rail;Rp1.500;;Calyx (Golden);https://imgop.itemku.com/?url=https%3A%2F%2Fd1x91p7vw3vuq8.cloudfront.net%2Fitem-type%2F20251020%2Fq83emd4vnghx3rq8gn9xv.png&w=1033&q=75;;;
Joki;Honkai: Star Rail;Rp1.500;;Calyx (Crimson);https://imgop.itemku.com/?url=https%3A%2F%2Fd1x91p7vw3vuq8.cloudfront.net%2Fitem-type%2F20251020%2Fq83emd4vnghx3rq8gn9xv.png&w=1033&q=75;;;
Joki;Honkai: Star Rail;Rp30.000;;Paket Boosting Planarcadia 4.1 [ST];https://imgop.itemku.com/?url=https%3A%2F%2Fd1x91p7vw3vuq8.cloudfront.net%2Fitem-type%2F20251020%2Fq83emd4vnghx3rq8gn9xv.png&w=1033&q=75;;;
Joki;Honkai: Star Rail;Rp50.000;;Paket Boosting Planarcadia 4.0 [ST];https://imgop.itemku.com/?url=https%3A%2F%2Fd1x91p7vw3vuq8.cloudfront.net%2Fitem-type%2F20251020%2Fq83emd4vnghx3rq8gn9xv.png&w=1033&q=75;;;
Joki;Sol's RNG;Rp8.000;431 terjual;AFK - 24 jam;https://imgop.itemku.com/?url=https%3A%2F%2Fd1x91p7vw3vuq8.cloudfront.net%2Fitemku-upload%2F2026115%2Fvdoxnq4xsom51w0od3zji_thumbnail.jpg&w=1033&q=75;;;
Joki;Sol's RNG;Rp5.000;207 terjual;AFK - 12 Jam;https://imgop.itemku.com/?url=https%3A%2F%2Fd1x91p7vw3vuq8.cloudfront.net%2Fitemku-upload%2F2026115%2Frwflucr3w9lqbs3y0ri1k8_thumbnail.jpg&w=1033&q=75;;;
Joki;Sol's RNG;Rp480;144 terjual;AFK - 1 jam;https://imgop.itemku.com/?url=https%3A%2F%2Fd1x91p7vw3vuq8.cloudfront.net%2Fitemku-upload%2F2026115%2Fsor85jgoxnsd1tye2f8to_thumbnail.jpg&w=1033&q=75;;;
Joki;Sol's RNG;Rp10.000;122 terjual;AFK -24 JAM (Dunia Boosting);https://imgop.itemku.com/?url=https%3A%2F%2Fd1x91p7vw3vuq8.cloudfront.net%2Fitemku-upload%2F2025225%2Fvjs01waabsqk7tq4cpaz_thumbnail.jpg&w=1033&q=75;;;
Joki;Sol's RNG;Rp400;54 terjual;AFK - 1 jam;https://imgop.itemku.com/?url=https%3A%2F%2Fd1x91p7vw3vuq8.cloudfront.net%2Fitemku-upload%2F202625%2Fhllz3zej3omoiqvyi93z_thumbnail.jpg&w=1033&q=75;;;
Joki;Sol's RNG;Rp15.000;45 terjual;AFK 12 Jam Grinding Event Ester EGG;https://imgop.itemku.com/?url=https%3A%2F%2Fd1x91p7vw3vuq8.cloudfront.net%2Fitemku-upload%2F2026421%2Farhpu54to8i7tty1kwxc73_thumbnail.jpg&w=1033&q=75;;;
Joki;Sol's RNG;Rp28.000;40 terjual;AFK 24 Jam Grinding Event Ester EGG;https://imgop.itemku.com/?url=https%3A%2F%2Fd1x91p7vw3vuq8.cloudfront.net%2Fitemku-upload%2F2026421%2Fw32nwpdi6990zmvho5db8ko_thumbnail.jpg&w=1033&q=75;;;
Joki;Sol's RNG;Rp1.500;34 terjual;AFK 1 Jam Grinding Event Ester EGG;https://imgop.itemku.com/?url=https%3A%2F%2Fd1x91p7vw3vuq8.cloudfront.net%2Fitemku-upload%2F2026421%2F8bkyi6dg1fclheb22u950s_thumbnail.jpg&w=1033&q=75;;;
Joki;Sol's RNG;Rp8.500;17 terjual;AFK - 24 jam;https://imgop.itemku.com/?url=https%3A%2F%2Fd1x91p7vw3vuq8.cloudfront.net%2Fitemku-upload%2F202625%2Fux2jw1dgauit5n6996v3cs_thumbnail.jpg&w=1033&q=75;;;
Joki;Sol's RNG;Rp4.500;11 terjual;AFK - 12 Jam;https://imgop.itemku.com/?url=https%3A%2F%2Fd1x91p7vw3vuq8.cloudfront.net%2Fitemku-upload%2F202625%2Fw36uw3cri8cbe8d976hoal_thumbnail.jpg&w=1033&q=75;;;
Joki;Sol's RNG;Rp700;1 terjual;AFK - 1 jam;https://imgop.itemku.com/?url=https%3A%2F%2Fd1x91p7vw3vuq8.cloudfront.net%2Fitemku-upload%2F202621%2Fhckxe7mxp1eh79nba212l_thumbnail.jpg&w=1033&q=75;;;
Joki;Sol's RNG;Rp10.000;;AFK - 24 jam;https://imgop.itemku.com/?url=https%3A%2F%2Fd1x91p7vw3vuq8.cloudfront.net%2Fitemku-upload%2F202621%2F8i7eausg91oyxyg4kuri6_thumbnail.jpg&w=1033&q=75;;;
Joki;Jujutsu Infinite;Rp2.500;14 terjual;Joki Per 1 Level | Jujutsu infinite;https://imgop.itemku.com/?url=https%3A%2F%2Fd1x91p7vw3vuq8.cloudfront.net%2Fitemku-upload%2F2025513%2Fwvskx5r6mb8qnd9llhgybn_thumbnail.jpg&w=1000&q=75;;;
Joki;Jujutsu Infinite;Rp200;4 terjual;Joki Per Leveling Per 1 Level | Jujutsu Infinite;https://imgop.itemku.com/?url=https%3A%2F%2Fd1x91p7vw3vuq8.cloudfront.net%2Fitemku-upload%2F2026415%2Fj12snwbmab7bmcicnr19nk_thumbnail.jpg&w=1000&q=75;;;
Joki;Genshin Impact;Rp12.500;414 terjual;Jasa Archon Quest (Main Quest);https://imgop.itemku.com/?url=https%3A%2F%2Fd1x91p7vw3vuq8.cloudfront.net%2Fitem-type%2F20251020%2Fh3gpoaesqiog9eph7pnji.png&w=1033&q=75;;;
Joki;Genshin Impact;Rp56.000;126 terjual;Explore Map Natlan 100%;https://imgop.itemku.com/?url=https%3A%2F%2Fd1x91p7vw3vuq8.cloudfront.net%2Fitem-type%2F20251020%2Ftztoz7bequcmtr0qacfjm.png&w=1033&q=75;;;
Joki;Genshin Impact;Rp1.000;101 terjual;Custom Ascend by request;https://imgop.itemku.com/?url=https%3A%2F%2Fd1x91p7vw3vuq8.cloudfront.net%2Fitem-type%2F20251020%2Fmgrpkdmfrsg89zh4x3cfji.png&w=1033&q=75;;;
Joki;Genshin Impact;Rp13.000;93 terjual;Jasa Archon Quest (Main Quest);https://imgop.itemku.com/?url=https%3A%2F%2Fd1x91p7vw3vuq8.cloudfront.net%2Fitem-type%2F20251020%2Fh3gpoaesqiog9eph7pnji.png&w=1033&q=75;;;
Joki;Genshin Impact;Rp60.000;4 terjual;Explore Map Dragonspine;https://imgop.itemku.com/?url=https%3A%2F%2Fd1x91p7vw3vuq8.cloudfront.net%2Fitem-type%2F20251020%2Fmve5hqdzwn1y2oidamark.png&w=1033&q=75;;;
Joki;Genshin Impact;Rp70.000;1 terjual;Explore Map Chasm;https://imgop.itemku.com/?url=https%3A%2F%2Fd1x91p7vw3vuq8.cloudfront.net%2Fitem-type%2F20251020%2F21bx8d6lfaiebx731qrcf.png&w=1033&q=75;;;
Joki;Genshin Impact;Rp80.000;;Explore Map Enkanomiya;https://imgop.itemku.com/?url=https%3A%2F%2Fd1x91p7vw3vuq8.cloudfront.net%2Fitem-type%2F20251020%2Fj6fq0f0bj4legs8olzeaj.png&w=1033&q=75;;;
Joki;Genshin Impact;Rp200.000;2 terjual;Explore Map Inazuma 100%;https://imgop.itemku.com/?url=https%3A%2F%2Fd1x91p7vw3vuq8.cloudfront.net%2Fitem-type%2F20251020%2F9feqwalgulioo3vsntwi4n.png&w=1033&q=75;;;
Joki;Genshin Impact;Rp9.500;75 terjual;Jasa Quest Dunia / World Quest;https://imgop.itemku.com/?url=https%3A%2F%2Fd1x91p7vw3vuq8.cloudfront.net%2Fitem-type%2F20251020%2Fyib10bfl484bpvubkasg4.png&w=1033&q=75;;;
Joki;Genshin Impact;Rp9.000;73 terjual;Jasa Quest Dunia / World Quest;https://imgop.itemku.com/?url=https%3A%2F%2Fd1x91p7vw3vuq8.cloudfront.net%2Fitem-type%2F20251020%2Fyib10bfl484bpvubkasg4.png&w=1033&q=75;;;
Joki;Genshin Impact;Rp15.000;57 terjual;Char Ascend 70 - 80;https://imgop.itemku.com/?url=https%3A%2F%2Fd1x91p7vw3vuq8.cloudfront.net%2Fitem-type%2F20251020%2Fmgrpkdmfrsg89zh4x3cfji.png&w=1033&q=75;;;
Joki;Genshin Impact;Rp50.000;54 terjual;Explore Map Fountaine 100%;https://imgop.itemku.com/?url=https%3A%2F%2Fd1x91p7vw3vuq8.cloudfront.net%2Fitem-type%2F20251020%2F4ey9iy0490b7i5d33a4lfi.png&w=1033&q=75;;;
Joki;Genshin Impact;Rp70.000;51 terjual;Rawat Akun Bulanan;https://imgop.itemku.com/?url=https%3A%2F%2Fd1x91p7vw3vuq8.cloudfront.net%2Fitem-type%2F20251020%2Fmgrpkdmfrsg89zh4x3cfji.png&w=1033&q=75;;;
Joki;Genshin Impact;Rp12.000;51 terjual;Char Ascend 60 - 70;https://imgop.itemku.com/?url=https%3A%2F%2Fd1x91p7vw3vuq8.cloudfront.net%2Fitem-type%2F20251020%2Fmgrpkdmfrsg89zh4x3cfji.png&w=1033&q=75;;;
Joki;Genshin Impact;Rp9.000;46 terjual;Char Ascend 50 - 60;https://imgop.itemku.com/?url=https%3A%2F%2Fd1x91p7vw3vuq8.cloudfront.net%2Fitem-type%2F20251020%2Fmgrpkdmfrsg89zh4x3cfji.png&w=1033&q=75;;;
Joki;Genshin Impact;Rp5.000;46 terjual;Char Ascend 40 - 50;https://imgop.itemku.com/?url=https%3A%2F%2Fd1x91p7vw3vuq8.cloudfront.net%2Fitem-type%2F20251020%2Fmgrpkdmfrsg89zh4x3cfji.png&w=1033&q=75;;;
Joki;Genshin Impact;Rp45.000;;Custom Req per AR;https://imgop.itemku.com/?url=https%3A%2F%2Fd1x91p7vw3vuq8.cloudfront.net%2Fitem-type%2F20251020%2Fmgrpkdmfrsg89zh4x3cfji.png&w=1033&q=75;;;
Joki;Genshin Impact;Rp45.000;6 terjual;Explore Map Fountaine 100%;https://imgop.itemku.com/?url=https%3A%2F%2Fd1x91p7vw3vuq8.cloudfront.net%2Fitem-type%2F20251020%2F4ey9iy0490b7i5d33a4lfi.png&w=1033&q=75;;;
Joki;Genshin Impact;Rp45.000;14 terjual;Rawat Akun Bulanan;https://imgop.itemku.com/?url=https%3A%2F%2Fd1x91p7vw3vuq8.cloudfront.net%2Fitem-type%2F20251020%2Fmgrpkdmfrsg89zh4x3cfji.png&w=1033&q=75;;;
Joki;Genshin Impact;Rp530.000;;Explore Full Map Sumeru 100%;https://imgop.itemku.com/?url=https%3A%2F%2Fd1x91p7vw3vuq8.cloudfront.net%2Fitem-type%2F20251020%2Fmgrpkdmfrsg89zh4x3cfji.png&w=1033&q=75;;;
Joki;Genshin Impact;Rp1.000;44 terjual;Open Map by Req;https://imgop.itemku.com/?url=https%3A%2F%2Fd1x91p7vw3vuq8.cloudfront.net%2Fitem-type%2F20251020%2Fxohl8cczs4sr5y5kqdb2.png&w=1033&q=75;;;
Joki;Genshin Impact;Rp8.500;43 terjual;Jasa Quest Character;https://imgop.itemku.com/?url=https%3A%2F%2Fd1x91p7vw3vuq8.cloudfront.net%2Fitem-type%2F20251020%2Ffyqvwr7rjwvjcn774r6ea.png&w=1033&q=75;;;
Joki;Genshin Impact;Rp20.000;42 terjual;Char Ascend 80 - 90;https://imgop.itemku.com/?url=https%3A%2F%2Fd1x91p7vw3vuq8.cloudfront.net%2Fitem-type%2F20251020%2Fmgrpkdmfrsg89zh4x3cfji.png&w=1033&q=75;;;
Joki;Genshin Impact;Rp600;39 terjual;Artifact Collectible;https://imgop.itemku.com/?url=https%3A%2F%2Fd1x91p7vw3vuq8.cloudfront.net%2Fitem-type%2F20251020%2Fmgrpkdmfrsg89zh4x3cfji.png&w=1033&q=75;;;
Joki;Genshin Impact;Rp285.000;38 terjual;Explore Map Natlan 100%;https://imgop.itemku.com/?url=https%3A%2F%2Fd1x91p7vw3vuq8.cloudfront.net%2Fitem-type%2F20251020%2Ftztoz7bequcmtr0qacfjm.png&w=1033&q=75;;;
Joki;Genshin Impact;Rp80.000;34 terjual;Rawat Akun Bulanan;https://imgop.itemku.com/?url=https%3A%2F%2Fd1x91p7vw3vuq8.cloudfront.net%2Fitem-type%2F20251020%2Fmgrpkdmfrsg89zh4x3cfji.png&w=1033&q=75;;;
Joki;Genshin Impact;Rp19.999;33 terjual;Rawat Akun Mingguan;https://imgop.itemku.com/?url=https%3A%2F%2Fd1x91p7vw3vuq8.cloudfront.net%2Fitem-type%2F20251020%2Fmgrpkdmfrsg89zh4x3cfji.png&w=1033&q=75;;;
Joki;Genshin Impact;Rp310.000;30 terjual;Explore Map Fountaine 100%;https://imgop.itemku.com/?url=https%3A%2F%2Fd1x91p7vw3vuq8.cloudfront.net%2Fitem-type%2F20251020%2F4ey9iy0490b7i5d33a4lfi.png&w=1033&q=75;;;
Joki;Genshin Impact;Rp90.000;3 terjual;Explore Map Enkanomiya;https://imgop.itemku.com/?url=https%3A%2F%2Fd1x91p7vw3vuq8.cloudfront.net%2Fitem-type%2F20251020%2Fj6fq0f0bj4legs8olzeaj.png&w=1033&q=75;;;
Joki;Genshin Impact;Rp7.500;3 terjual;Anemoculus Completion;https://imgop.itemku.com/?url=https%3A%2F%2Fd1x91p7vw3vuq8.cloudfront.net%2Fitem-type%2F20251020%2Fm9l3cjws3mg43rlt3eryfb.png&w=1033&q=75;;;
Joki;Genshin Impact;Rp30.000;;Custom Req Talent Ascend;https://imgop.itemku.com/?url=https%3A%2F%2Fd1x91p7vw3vuq8.cloudfront.net%2Fitem-type%2F20251020%2Fmgrpkdmfrsg89zh4x3cfji.png&w=1033&q=75;;;
Joki;Genshin Impact;Rp50.000;2 terjual;Explore Map Dragonspine;https://imgop.itemku.com/?url=https%3A%2F%2Fd1x91p7vw3vuq8.cloudfront.net%2Fitem-type%2F20251020%2Fmve5hqdzwn1y2oidamark.png&w=1033&q=75;;;
Joki;Anime Adventures;Rp2.000;158 terjual;Joki Per 1 Level (1-40);https://imgop.itemku.com/?url=https%3A%2F%2Fd1x91p7vw3vuq8.cloudfront.net%2Fitemku-upload%2F20241227%2Fsj02d5jny2kuqcu7xaxe_thumbnail.jpg&w=1033&q=75;;;
Joki;Anime Adventures;Rp50.000;27 terjual;Mage Mark 400x;https://imgop.itemku.com/?url=https%3A%2F%2Fd1x91p7vw3vuq8.cloudfront.net%2Fitemku-upload%2F2025112%2Fecf56cvl4mmawl4qp29o29_thumbnail.jpg&w=1033&q=75;;;
Joki;Anime Adventures;Rp30.000;15 terjual;Joki 10k Gems;https://imgop.itemku.com/?url=https%3A%2F%2Fd1x91p7vw3vuq8.cloudfront.net%2Fitemku-upload%2F20241227%2F3u1ske2b6st291stfjfb6_thumbnail.jpg&w=1033&q=75;;;
Joki;Anime Adventures;Rp3.500;14 terjual;Joki Per 1 Level (40-70);https://imgop.itemku.com/?url=https%3A%2F%2Fd1x91p7vw3vuq8.cloudfront.net%2Fitemku-upload%2F20241227%2Fidhqah0bxvgn46448mnk9n_thumbnail.jpg&w=1033&q=75;;;
Joki;Anime Adventures;Rp40.000;6 terjual;150 Ninja Scroll;https://imgop.itemku.com/?url=https%3A%2F%2Fd1x91p7vw3vuq8.cloudfront.net%2Fitemku-upload%2F20241230%2F174by4ilejalwb3ky68jx_thumbnail.jpg&w=1033&q=75;;;
Joki;Anime Adventures;Rp6.000;2 terjual;Joki Per 1 Level (70-100);https://imgop.itemku.com/?url=https%3A%2F%2Fd1x91p7vw3vuq8.cloudfront.net%2Fitemku-upload%2F20241227%2Fau7odbtviiuijzenekpqk_thumbnail.jpg&w=1033&q=75;;;
Joki;Anime Adventures;Rp322.000;;350K Holiday Stars ( Anime Adventure );https://imgop.itemku.com/?url=https%3A%2F%2Fd1x91p7vw3vuq8.cloudfront.net%2Fitemku-upload%2F202524%2Fzry00rj7cz1m1lg0bx0jb_thumbnail.jpg&w=1033&q=75;;;
Joki;Anime Adventures;Rp225.000;;250K Holiday Stars ( Anime Adventure );https://imgop.itemku.com/?url=https%3A%2F%2Fd1x91p7vw3vuq8.cloudfront.net%2Fitemku-upload%2F202524%2Fmchpuzwltthfrozy76fst_thumbnail.jpg&w=1033&q=75;;;
Joki;Fisch;Rp80;1590 terjual;JOKI LEVEL 1 - MAX (BACA DESKRIPSI);https://imgop.itemku.com/?url=https%3A%2F%2Fd1x91p7vw3vuq8.cloudfront.net%2Fitemku-upload%2F2025330%2Fkxfyavpdxsqkr05c7fbvs_thumbnail.jpg&w=1033&q=75;;;
Joki;Fisch;Rp200;1101 terjual;Joki All Level (Per Level);https://imgop.itemku.com/?url=https%3A%2F%2Fd1x91p7vw3vuq8.cloudfront.net%2Fitemku-upload%2F202613%2F5p3wox43ilhvx3d30bqk28_thumbnail.jpg&w=1033&q=75;;;
Joki;Fisch;Rp100;1018 terjual;Joki Fisch All level;https://imgop.itemku.com/?url=https%3A%2F%2Fd1x91p7vw3vuq8.cloudfront.net%2Fitemku-upload%2F2025119%2Famxrnc2qqxu3k9im1y6tjm_thumbnail.jpg&w=1033&q=75;;;
Joki;Fisch;Rp80;759 terjual;JOKI PER LEVEL FISCH 1 - MAX;https://imgop.itemku.com/?url=https%3A%2F%2Fd1x91p7vw3vuq8.cloudfront.net%2Fitemku-upload%2F20251113%2Ftbuvj6rwrih3d27dxjrz_thumbnail.jpg&w=1033&q=75;;;
Joki;Fisch;Rp80;804 terjual;Joki Fisch Per Level;https://imgop.itemku.com/?url=https%3A%2F%2Fd1x91p7vw3vuq8.cloudfront.net%2Fitemku-upload%2F2026210%2Fybd6fedw0akradvv19nusm_thumbnail.jpg&w=1033&q=75;;;
Joki;Fisch;Rp80;397 terjual;Joki Fisch Per Level 1 - 1500;https://imgop.itemku.com/?url=https%3A%2F%2Fd1x91p7vw3vuq8.cloudfront.net%2Fitemku-upload%2F20251015%2F8obbdbo71b3x8ro5ggq3t_thumbnail.jpg&w=1033&q=75;;;
Joki;Fisch;Rp80;28 terjual;Joki Fisch Per Level (Baca Deskripsi);https://imgop.itemku.com/?url=https%3A%2F%2Fd1x91p7vw3vuq8.cloudfront.net%2Fitemku-upload%2F202629%2Fsgo0jt1e99usrjsg9tbg9_thumbnail.jpg&w=1033&q=75;;;
Joki;Fisch;Rp80.000;14 terjual;Joki Fisch Level 1 - 1500 (Max);https://imgop.itemku.com/?url=https%3A%2F%2Fd1x91p7vw3vuq8.cloudfront.net%2Fitemku-upload%2F20251015%2F44esagqbc5bagk1o4xqv6j_thumbnail.jpg&w=1033&q=75;;;
Joki;Fisch;Rp60.000;599 terjual;Joki No-Life Rod | Check Description;https://imgop.itemku.com/?url=https%3A%2F%2Fd1x91p7vw3vuq8.cloudfront.net%2Fitemku-upload%2F202514%2Fy4p6g12wu7bq1jmoz69b7c_thumbnail.jpg&w=1033&q=75;;;
Joki;Fisch;Rp90;529 terjual;Joki Level Fisch Lv. 1-1000 (per-level);https://imgop.itemku.com/?url=https%3A%2F%2Fd1x91p7vw3vuq8.cloudfront.net%2Fitemku-upload%2F2025819%2F9oo87b7b04vt7hkqhiw4c_thumbnail.jpg&w=1033&q=75;;;
Joki;Fisch;Rp5.000;380 terjual;Joki Cerulean Fang Rod;https://imgop.itemku.com/?url=https%3A%2F%2Fd1x91p7vw3vuq8.cloudfront.net%2Fitemku-upload%2F2025102%2Fyke5xos86vo0vt0po6di7wi_thumbnail.jpg&w=1033&q=75;;;
Joki;Fisch;Rp10.000;376 terjual;JOKI ROD OF THE DEPTH - FISCH;https://imgop.itemku.com/?url=https%3A%2F%2Fd1x91p7vw3vuq8.cloudfront.net%2Fitemku-upload%2F20241127%2Fwkouv1uehmgyrkmhhq2d8b_thumbnail.jpg&w=1033&q=75;;;
Joki;Fisch;Rp100;336 terjual;JOKI LEVEL 1-100;https://imgop.itemku.com/?url=https%3A%2F%2Fd1x91p7vw3vuq8.cloudfront.net%2Fitemku-upload%2F202619%2Fdxvvwjs0ru21pmovrnzvw_thumbnail.jpg&w=1033&q=75;;;
Joki;Fisch;Rp15.000;327 terjual;JOKI TRYHARD ROD QUEST 2 3 - FISCH;https://imgop.itemku.com/?url=https%3A%2F%2Fd1x91p7vw3vuq8.cloudfront.net%2Fitemku-upload%2F20251216%2Fiusfz5wwc2i7khybscrvlj_thumbnail.jpg&w=1033&q=75;;;
Joki;Fisch;Rp7.500;291 terjual;Joki Pinion's Aria Rod Quest - Fisch;https://imgop.itemku.com/?url=https%3A%2F%2Fd1x91p7vw3vuq8.cloudfront.net%2Fitemku-upload%2F2026222%2F9v87baauqv9hj4iu5qyg1e_thumbnail.jpg&w=1033&q=75;;;
Joki;Fisch;Rp3.500;275 terjual;Joki Durasi Mancing 1 Jam (Fisch);https://imgop.itemku.com/?url=https%3A%2F%2Fd1x91p7vw3vuq8.cloudfront.net%2Fitemku-upload%2F2025219%2Fk5lvz07cmb56u8ypsjgj8_thumbnail.jpg&w=1033&q=75;;;
Joki;Fisch;Rp1.500;61 terjual;Joki Mancing Durasi 1 Jam [Fisch];https://imgop.itemku.com/?url=https%3A%2F%2Fd1x91p7vw3vuq8.cloudfront.net%2Fitemku-upload%2F202597%2F6kjio4oe72p97f9hcy23ml_thumbnail.jpg&w=1033&q=75;;;
Joki;Fisch;Rp700;27 terjual;JOKI FISCH PER 1 LV;https://imgop.itemku.com/?url=https%3A%2F%2Fd1x91p7vw3vuq8.cloudfront.net%2Fitemku-upload%2F2024121%2Fg13ahl6191m0biara9ih_thumbnail.jpg&w=1033&q=75;;;
Joki;Fisch;Rp100.000;11 terjual;Joki Wrath of Olympus;https://imgop.itemku.com/?url=https%3A%2F%2Fd1x91p7vw3vuq8.cloudfront.net%2Fitemku-upload%2F2026516%2Fyb337ddnz7ljjozpgdmz6_thumbnail.jpg&w=1033&q=75;;;
Joki;Fisch;Rp120.000;12 terjual;Joki Fisch Level 1 - Max;https://imgop.itemku.com/?url=https%3A%2F%2Fd1x91p7vw3vuq8.cloudfront.net%2Fitemku-upload%2F2026213%2Fkq1el3nz02dh5vx2pif8q8_thumbnail.jpg&w=1033&q=75;;;
Joki;Fisch;Rp23.000;255 terjual;Joki Ruinous Oath Rod (bestiary only);https://imgop.itemku.com/?url=https%3A%2F%2Fd1x91p7vw3vuq8.cloudfront.net%2Fitemku-upload%2F2026312%2Fyu007xhnsvpjaqmh8laqxf_thumbnail.jpg&w=1033&q=75;;;
Joki;Fisch;Rp5.000;226 terjual;Joki Heaven's Rod;https://imgop.itemku.com/?url=https%3A%2F%2Fd1x91p7vw3vuq8.cloudfront.net%2Fitemku-upload%2F2025819%2Faayadt1bdva1axirupub3g_thumbnail.jpg&w=1033&q=75;;;
Joki;Fisch;Rp100;189 terjual;Joki ALL LEVEL (Cek Deskripsi);https://imgop.itemku.com/?url=https%3A%2F%2Fd1x91p7vw3vuq8.cloudfront.net%2Fitemku-upload%2F2025416%2F4ekukuvrzwayrhpiz8h6lb_thumbnail.jpg&w=1033&q=75;;;
Joki;Fisch;Rp11.900;188 terjual;Joki Plaguereaver Rod | Last Quest;https://imgop.itemku.com/?url=https%3A%2F%2Fd1x91p7vw3vuq8.cloudfront.net%2Fitemku-upload%2F2026317%2Fvzyb9ep86yqryj6tmuto3_thumbnail.jpg&w=1033&q=75;;;
Joki;Fisch;Rp7.500;188 terjual;Joki Ethereal Prism Rod;https://imgop.itemku.com/?url=https%3A%2F%2Fd1x91p7vw3vuq8.cloudfront.net%2Fitemku-upload%2F2025819%2Fdp981azrd1lis0btu7d3r_thumbnail.jpg&w=1033&q=75;;;
Joki;Fisch;Rp85.000;161 terjual;Joki Level 500-1000 | CHECK DESCRIPTION;https://imgop.itemku.com/?url=https%3A%2F%2Fd1x91p7vw3vuq8.cloudfront.net%2Fitemku-upload%2F2025127%2Fi16xnif9uzl7tbrnnr3bsx_thumbnail.jpg&w=1033&q=75;;;
Joki;Fisch;Rp5.900;146 terjual;Joki unlock TRIDENT ROD - Fisch RBL;https://imgop.itemku.com/?url=https%3A%2F%2Fd1x91p7vw3vuq8.cloudfront.net%2Fitemku-upload%2F20241116%2F20zcwcgphxxn3lf5yhlwfi_thumbnail.jpg&w=1033&q=75;;;
Joki;Fisch;Rp25.000;146 terjual;Joki Ancient Archives Fish;https://imgop.itemku.com/?url=https%3A%2F%2Fd1x91p7vw3vuq8.cloudfront.net%2Fitemku-upload%2F20241230%2Fclgip27eypgmmir6qh2pm_thumbnail.jpg&w=1033&q=75;;;
Joki;Fisch;Rp10.000;7 terjual;Joki Heaven's Rod Fisch;https://imgop.itemku.com/?url=https%3A%2F%2Fd1x91p7vw3vuq8.cloudfront.net%2Fitemku-upload%2F20241223%2Fphklhd8d6j6wkrzvja02k_thumbnail.jpg&w=1033&q=75;;;
Joki;Fisch;Rp7.000;2 terjual;Leveling By Request | Up +100 Level;https://imgop.itemku.com/?url=https%3A%2F%2Fd1x91p7vw3vuq8.cloudfront.net%2Fitemku-upload%2F2026225%2Fs5wnlirznvivedus9sd5i_thumbnail.jpg&w=1033&q=75;;;
Joki;Fisch;Rp50.000;1 terjual;Joki Fisch Per 100 Lv;https://imgop.itemku.com/?url=https%3A%2F%2Fd1x91p7vw3vuq8.cloudfront.net%2Fitemku-upload%2F2024121%2Fn5vp5yx2sfpxwmrmrq5wgo_thumbnail.jpg&w=1033&q=75;;;
Joki;Fisch;Rp5.000;44 terjual;JOKI FISCH SELAMA 1 JAM NONSTOP;https://imgop.itemku.com/?url=https%3A%2F%2Fd1x91p7vw3vuq8.cloudfront.net%2Fitemku-upload%2F20241223%2Fd075golkm8dkxqft7g48cp_thumbnail.jpg&w=1033&q=75;;;
Joki;Blox Fruits;Rp11.999;1559 terjual;Leviathan Heart;https://imgop.itemku.com/?url=https%3A%2F%2Fd1x91p7vw3vuq8.cloudfront.net%2Fitemku-upload%2F20241031%2Fin4w759b5vluxzij8mfx_thumbnail.jpg&w=1033&q=75;;;
Joki;Blox Fruits;Rp20.000;711 terjual;Freezing Hydra Island;https://imgop.itemku.com/?url=https%3A%2F%2Fd1x91p7vw3vuq8.cloudfront.net%2Fitemku-upload%2F2025114%2Fl2e44jpry9jh7tf26q6pew_thumbnail.jpg&w=1033&q=75;;;
Joki;Blox Fruits;Rp12.500;675 terjual;JOKI KIL DOUGH KING/GET MIROR FRACTAL;https://imgop.itemku.com/?url=https%3A%2F%2Fd1x91p7vw3vuq8.cloudfront.net%2Fitemku-upload%2F202525%2Fndu6cbl6v4jtdwu458bay_thumbnail.jpg&w=1033&q=75;;;
Joki;Blox Fruits;Rp9.000;595 terjual;KIL RIP INDRA;https://imgop.itemku.com/?url=https%3A%2F%2Fd1x91p7vw3vuq8.cloudfront.net%2Fitemku-upload%2F202479%2Fcshdam30hufxgjuzdmk98_thumbnail.jpg&w=1033&q=75;;;
Joki;Blox Fruits;Rp8.000;15 terjual;Joki Get Red Belt;https://imgop.itemku.com/?url=https%3A%2F%2Fd1x91p7vw3vuq8.cloudfront.net%2Fitemku-upload%2F2025104%2Fodsmzd8tg88lsenyuetv0l_thumbnail.jpg&w=1033&q=75;;;
Joki;Blox Fruits;Rp8.500;15 terjual;Get Draco;https://imgop.itemku.com/?url=https%3A%2F%2Fd1x91p7vw3vuq8.cloudfront.net%2Fitemku-upload%2F20251025%2F82qli0ucubhcpepxy5wlh_thumbnail.jpg&w=1033&q=75;;;
Joki;Blox Fruits;Rp35.000;12 terjual;Joki All Dojo Belt;https://imgop.itemku.com/?url=https%3A%2F%2Fd1x91p7vw3vuq8.cloudfront.net%2Fitemku-upload%2F202592%2Fdi2obikwjv470h8d2pqtdy_thumbnail.jpg&w=1033&q=75;;;
Joki;Blox Fruits;Rp4.500;130 terjual;Dragon Egg;https://imgop.itemku.com/?url=https%3A%2F%2Fd1x91p7vw3vuq8.cloudfront.net%2Fitemku-upload%2F20251025%2Fg86v2ixiyzgx8enyta28p_thumbnail.jpg&w=1033&q=75;;;
Joki;Blox Fruits;Rp3.500;391 terjual;Dough Raid;https://imgop.itemku.com/?url=https%3A%2F%2Fd1x91p7vw3vuq8.cloudfront.net%2Fitemku-upload%2F2024128%2F4tzhyz22b4qvy36i26zgx_thumbnail.jpg&w=1033&q=75;;;
Joki;Blox Fruits;Rp6.000;174 terjual;Trial Race V4 Draco;https://imgop.itemku.com/?url=https%3A%2F%2Fd1x91p7vw3vuq8.cloudfront.net%2Fitemku-upload%2F2025210%2Fzritgqq31hlgtltu9uwcon_thumbnail.jpg&w=1033&q=75;;;
Joki;Blox Fruits;Rp1.200;173 terjual;Ectoplasm;https://imgop.itemku.com/?url=https%3A%2F%2Fd1x91p7vw3vuq8.cloudfront.net%2Fitemku-upload%2F20241020%2F76vlr668wrw9dow8n6mnse_thumbnail.jpg&w=1033&q=75;;;
Joki;Blox Fruits;Rp5.000;136 terjual;MATERIAL 10 RADIOACTIVE;https://imgop.itemku.com/?url=https%3A%2F%2Fd1x91p7vw3vuq8.cloudfront.net%2Fitemku-upload%2F20241223%2F1e8s2767zt8hgpfgomt0z9_thumbnail.jpg&w=1033&q=75;;;
Joki;Blox Fruits;Rp22.000;130 terjual;BLACK BELT;https://imgop.itemku.com/?url=https%3A%2F%2Fd1x91p7vw3vuq8.cloudfront.net%2Fitemku-upload%2F20241227%2F04npoo12rsgphmvt8muft08_thumbnail.jpg&w=1033&q=75;;;
Joki;Blox Fruits;Rp20.000;107 terjual;Get Skull Gitar / Soul Gitar;https://imgop.itemku.com/?url=https%3A%2F%2Fd1x91p7vw3vuq8.cloudfront.net%2Fitemku-upload%2F202594%2F1b3o7k9oqbzi279231wu3l_thumbnail.jpg&w=1033&q=75;;;
Joki;Blox Fruits;Rp40.000;102 terjual;Upgrade V4 Draco;https://imgop.itemku.com/?url=https%3A%2F%2Fd1x91p7vw3vuq8.cloudfront.net%2Fitemku-upload%2F20241225%2Fd5zmya8dujq8ux8dfb5sbn_thumbnail.jpg&w=1033&q=75;;;
Joki;Blox Fruits;Rp22.900;102 terjual;BOUNTY 1M BLOX FRUIT;https://imgop.itemku.com/?url=https%3A%2F%2Fd1x91p7vw3vuq8.cloudfront.net%2Fitemku-upload%2F20241118%2F8rytmfpaia2gys7oo2io2i_thumbnail.jpg&w=1033&q=75;;;
Joki;Blox Fruits;Rp25.000;265 terjual;Joki Full V4 Gear free 3000 Fragment;https://imgop.itemku.com/?url=https%3A%2F%2Fd1x91p7vw3vuq8.cloudfront.net%2Fitemku-upload%2F20241123%2Fqasitozicldw7933iz5uh_thumbnail.jpg&w=1033&q=75;;;
Joki;Blox Fruits;Rp25.000;9 terjual;Joki Gravity V2;https://imgop.itemku.com/?url=https%3A%2F%2Fd1x91p7vw3vuq8.cloudfront.net%2Fitemku-upload%2F2025510%2F9d408bg06v9ykshbk1qwr_thumbnail.jpg&w=1033&q=75;;;
Joki;Blox Fruits;Rp20.000;11 terjual;Paket Leveling Sea 1;https://imgop.itemku.com/?url=https%3A%2F%2Fd1x91p7vw3vuq8.cloudfront.net%2Fitemku-upload%2F2025213%2Fja1uhhwr8uzpv00bvlij_thumbnail.jpg&w=1033&q=75;;;
Joki;Blox Fruits;Rp10.000;14 terjual;Get Skull Gitar;https://imgop.itemku.com/?url=https%3A%2F%2Fd1x91p7vw3vuq8.cloudfront.net%2Fitemku-upload%2F2025113%2Fg1nup4lpfemwn8xpp0vq6_thumbnail.jpg&w=1033&q=75;;;
Joki;Blox Fruits;Rp35.000;92 terjual;joki belt white - black (full);https://imgop.itemku.com/?url=https%3A%2F%2Fd1x91p7vw3vuq8.cloudfront.net%2Fitemku-upload%2F202539%2Fbjqst35ytvf1ne3wmdxw13_thumbnail.jpg&w=1033&q=75;;;
Joki;Blox Fruits;Rp15.000;87 terjual;Get Sword Cdk;https://imgop.itemku.com/?url=https%3A%2F%2Fd1x91p7vw3vuq8.cloudfront.net%2Fitemku-upload%2F2025120%2F0qbk6vuh5ukc19n8nhdz8yr_thumbnail.jpg&w=1033&q=75;;;
Joki;Blox Fruits;Rp24.900;86 terjual;AUTO V4;https://imgop.itemku.com/?url=https%3A%2F%2Fd1x91p7vw3vuq8.cloudfront.net%2Fitemku-upload%2F2025419%2Fov2uctefzwud2wbtij9w_thumbnail.jpg&w=1033&q=75;;;
Joki;Blox Fruits;Rp20.000;84 terjual;Get Leviathan Hearth;https://imgop.itemku.com/?url=https%3A%2F%2Fd1x91p7vw3vuq8.cloudfront.net%2Fitemku-upload%2F2026123%2Fgsdjbi3vcpqi71f97u0af_thumbnail.jpg&w=1033&q=75;;;
Joki;Blox Fruits;Rp22.000;82 terjual;TRUE TRIPLE KATANA;https://imgop.itemku.com/?url=https%3A%2F%2Fd1x91p7vw3vuq8.cloudfront.net%2Fitemku-upload%2F202582%2Feunbl4ddaesv6b2rhaytcr_thumbnail.jpg&w=1033&q=75;;;
Joki;Blox Fruits;Rp6.000;78 terjual;get dark fragment;https://imgop.itemku.com/?url=https%3A%2F%2Fd1x91p7vw3vuq8.cloudfront.net%2Fitemku-upload%2F2026219%2Fipj822eihkqursi7qhawho_thumbnail.jpg&w=1033&q=75;;;
Joki;Blox Fruits;Rp12.000;75 terjual;DRACO V2;https://imgop.itemku.com/?url=https%3A%2F%2Fd1x91p7vw3vuq8.cloudfront.net%2Fitemku-upload%2F20241227%2Fomdubsrh89led1au4lja6v_thumbnail.jpg&w=1033&q=75;;;
Joki;Blox Fruits;Rp14.000;73 terjual;Joki Soul Guitar free 100 Mastery;https://imgop.itemku.com/?url=https%3A%2F%2Fd1x91p7vw3vuq8.cloudfront.net%2Fitemku-upload%2F20241123%2F868z0m66hk9948cthsbmcv_thumbnail.jpg&w=1033&q=75;;;
Joki;Blox Fruits;Rp6.500;60 terjual;Get Ghoul;https://imgop.itemku.com/?url=https%3A%2F%2Fd1x91p7vw3vuq8.cloudfront.net%2Fitemku-upload%2F20251025%2Fqortziwze2rptb7k6n5ral_thumbnail.jpg&w=1033&q=75;;;
Joki;Blox Fruits;Rp50.000;41 terjual;Joki V4 Full Pack;https://imgop.itemku.com/?url=https%3A%2F%2Fd1x91p7vw3vuq8.cloudfront.net%2Fitemku-upload%2F2025104%2Fsme8956rswvx75893jhy_thumbnail.jpg&w=1033&q=75;;;
Joki;Blox Fruits;Rp25.000;22 terjual;Paket Leveling Sea 2;https://imgop.itemku.com/?url=https%3A%2F%2Fd1x91p7vw3vuq8.cloudfront.net%2Fitemku-upload%2F2025213%2Fwk0k9q8njj2cy62bpergb_thumbnail.jpg&w=1033&q=75;;;
Joki;Blox Fruits;Rp10.000;1 terjual;Fire Feather;https://imgop.itemku.com/?url=https%3A%2F%2Fd1x91p7vw3vuq8.cloudfront.net%2Fitemku-upload%2F2025106%2F2gn4727hd0kx8g9g9q87n_thumbnail.jpg&w=1033&q=75;;;
Joki;Anime Last Stand;Rp75.000;57 terjual;1k rr - Anime Last Stand;https://imgop.itemku.com/?url=https%3A%2F%2Fd1x91p7vw3vuq8.cloudfront.net%2Fitemku-upload%2F20241024%2Fkoa4obr3swouggalybxle_thumbnail.jpg&w=1033&q=75;;;
Joki;Anime Last Stand;Rp35.000;53 terjual;Joki Get 1.000 Technique Shards/Trait Rerolls - Anime Last Stand;https://imgop.itemku.com/?url=https%3A%2F%2Fd1x91p7vw3vuq8.cloudfront.net%2Fitemku-upload%2F2025724%2Fpwcln7e9jkf2xxdho2y8gm_thumbnail.jpg&w=1033&q=75;;;
Joki;Anime Last Stand;Rp15.000;34 terjual;Joki Get 10.000 Jewels - Anime Last Stand;https://imgop.itemku.com/?url=https%3A%2F%2Fd1x91p7vw3vuq8.cloudfront.net%2Fitemku-upload%2F2025724%2Fi88wwu1ubiksnmffundxn_thumbnail.jpg&w=1033&q=75;;;
Joki;Anime Last Stand;Rp60.000;32 terjual;Get Ant King, Shadow General And Flame Mage;https://imgop.itemku.com/?url=https%3A%2F%2Fd1x91p7vw3vuq8.cloudfront.net%2Fitemku-upload%2F2025224%2Feyjlbemy9y8lucejiuq73b_thumbnail.jpg&w=1033&q=75;;;
Joki;Anime Last Stand;Rp40.000;31 terjual;Joki 500rr;https://imgop.itemku.com/?url=https%3A%2F%2Fd1x91p7vw3vuq8.cloudfront.net%2Fitemku-upload%2F20241024%2Fowj1ya5kptj3bnj4c3xit4_thumbnail.jpg&w=1033&q=75;;;
Joki;Anime Last Stand;Rp10.000;29 terjual;Joki Get 10 Mythic Shards - Anime Last Stand;https://imgop.itemku.com/?url=https%3A%2F%2Fd1x91p7vw3vuq8.cloudfront.net%2Fitemku-upload%2F2025724%2Ff9eotfvugkjuni2ympt8or_thumbnail.jpg&w=1033&q=75;;;
Joki;Anime Last Stand;Rp50.000;24 terjual;Joki Get Goku/Boku(SSJBK);https://imgop.itemku.com/?url=https%3A%2F%2Fd1x91p7vw3vuq8.cloudfront.net%2Fitemku-upload%2F20241127%2Fwxiuw2p0hugr3jxi8osw0o_thumbnail.jpg&w=1033&q=75;;;
Joki;Anime Last Stand;Rp4.000;9 terjual;Joki / Carry Monarch's Dungeon Full Cursed ( All Modifier );https://imgop.itemku.com/?url=https%3A%2F%2Fd1x91p7vw3vuq8.cloudfront.net%2Fitemku-upload%2F2025730%2Fjbrp9iv557xv2u3j9eh1r_thumbnail.jpg&w=1033&q=75;;;
Joki;Anime Last Stand;Rp60.000;8 terjual;Get 30k Hero Coins/2 Cosmic Dust;https://imgop.itemku.com/?url=https%3A%2F%2Fd1x91p7vw3vuq8.cloudfront.net%2Fitemku-upload%2F2025327%2Fhzf4aywgmsuq3bmw5c1n4_thumbnail.jpg&w=1033&q=75;;;
Joki;Anime Last Stand;Rp15.000;5 terjual;AFK REWARD 24 HOUR;https://imgop.itemku.com/?url=https%3A%2F%2Fd1x91p7vw3vuq8.cloudfront.net%2Fitemku-upload%2F202575%2Fzh11wqorhndcpmgsx8gi7_thumbnail.jpg&w=1033&q=75;;;
Joki;Anime Last Stand;Rp90.000;4 terjual;Get 1M Halloween Cookies | Anime Last Stand;https://imgop.itemku.com/?url=https%3A%2F%2Fd1x91p7vw3vuq8.cloudfront.net%2Fitemku-upload%2F20251024%2Fzn2utscog5x6yya2gmo6o_thumbnail.jpg&w=1033&q=75;;;
Joki;Anime Last Stand;Rp4.000;3 terjual;Joki / Carry Infernal Dungeon +5 Modifier;https://imgop.itemku.com/?url=https%3A%2F%2Fd1x91p7vw3vuq8.cloudfront.net%2Fitemku-upload%2F2025730%2Flvmhqr12ft2xybajryo9v_thumbnail.jpg&w=1033&q=75;;;
Joki;Anime Last Stand;Rp100.000;2 terjual;Sasuke (Shadow Hokage) (Shiny);https://imgop.itemku.com/?url=https%3A%2F%2Fd1x91p7vw3vuq8.cloudfront.net%2Fitemku-upload%2F2025929%2F186nu7jz2bnfgrckgchaz9_thumbnail.jpg&w=1033&q=75;;;
Joki;Anime Last Stand;Rp70.000;2 terjual;Carry Dungeon Get Unit For Sunwoo Godly;https://imgop.itemku.com/?url=https%3A%2F%2Fd1x91p7vw3vuq8.cloudfront.net%2Fitemku-upload%2F202581%2Fqxpoh5f8oyjd7c5y0gr1q_thumbnail.jpg&w=1033&q=75;;;
Joki;Anime Last Stand;Rp60.000;2 terjual;Get Image Frame & Upgraded Power Core;https://imgop.itemku.com/?url=https%3A%2F%2Fd1x91p7vw3vuq8.cloudfront.net%2Fitemku-upload%2F2025315%2Fml0aoidul824tx3ohnegs_thumbnail.jpg&w=1033&q=75;;;
Joki;Anime Last Stand;Rp1.000;1 terjual;Get Godly ( Pilih Unit );https://imgop.itemku.com/?url=https%3A%2F%2Fd1x91p7vw3vuq8.cloudfront.net%2Fitemku-upload%2F2025730%2Femgua7tgaje2gbgfaeb3zd_thumbnail.jpg&w=1033&q=75;;;
Joki;Anime Last Stand;Rp4.000;1 terjual;Joki / Carry Devil's Dungeon 5+ Modifier;https://imgop.itemku.com/?url=https%3A%2F%2Fd1x91p7vw3vuq8.cloudfront.net%2Fitemku-upload%2F2025730%2Fvz32bohxfi978pjjlo22d_thumbnail.jpg&w=1033&q=75;;;
Joki;Anime Last Stand;Rp40.000;1 terjual;Upgraded Power Core;https://imgop.itemku.com/?url=https%3A%2F%2Fd1x91p7vw3vuq8.cloudfront.net%2Fitemku-upload%2F2025321%2Fbcdm43b82r8udb46zb79m9_thumbnail.jpg&w=1033&q=75;;;
Joki;Anime Last Stand;Rp250.000;;Request any Godly [Baca Deskripsi];https://imgop.itemku.com/?url=https%3A%2F%2Fd1x91p7vw3vuq8.cloudfront.net%2Fitemku-upload%2F2025919%2F1a8xismrk2dkdckwuat52c_thumbnail.jpg&w=1033&q=75;;;
Joki;Anime Last Stand;Rp59.000;;Technique Shard 1000 [Baca Deskripsi];https://imgop.itemku.com/?url=https%3A%2F%2Fd1x91p7vw3vuq8.cloudfront.net%2Fitemku-upload%2F2025919%2Fbl3j5lmf56cqczxlfblkkc_thumbnail.jpg&w=1033&q=75;;;
Joki;Anime Reborn;Rp100.000;15 terjual;7500 Grimoire Pages;https://imgop.itemku.com/?url=https%3A%2F%2Fd1x91p7vw3vuq8.cloudfront.net%2Fitemku-upload%2F20241216%2F66gj5zv1pjclzzh1xn2hak_thumbnail.jpg&w=1033&q=75;;;
Joki;Anime Reborn;Rp1.500;13 terjual;Joki Level 1-50;https://imgop.itemku.com/?url=https%3A%2F%2Fd1x91p7vw3vuq8.cloudfront.net%2Fitemku-upload%2F20241126%2Fi05dues1b8hnr4egnrx1c_thumbnail.jpg&w=1033&q=75;;;
Joki;Anime Reborn;Rp25.000;12 terjual;Get 1k Mana Crystal;https://imgop.itemku.com/?url=https%3A%2F%2Fd1x91p7vw3vuq8.cloudfront.net%2Fitemku-upload%2F2025316%2Flr7i4emt94n0iqqcpvhi7_thumbnail.jpg&w=1033&q=75;;;
Joki;Anime Reborn;Rp15.000;8 terjual;10k Gems;https://imgop.itemku.com/?url=https%3A%2F%2Fd1x91p7vw3vuq8.cloudfront.net%2Fitemku-upload%2F20241123%2F9q5dv9smhtqgmzjgcynnab_thumbnail.jpg&w=1033&q=75;;;
Joki;Anime Reborn;Rp20.000;8 terjual;500 Grimoire Pages;https://imgop.itemku.com/?url=https%3A%2F%2Fd1x91p7vw3vuq8.cloudfront.net%2Fitemku-upload%2F2024128%2Ff95mmp9i4lt4hr0vn9546d_thumbnail.jpg&w=1033&q=75;;;
Joki;Anime Reborn;Rp50.000;5 terjual;Get 2,5k Mana Crystal;https://imgop.itemku.com/?url=https%3A%2F%2Fd1x91p7vw3vuq8.cloudfront.net%2Fitemku-upload%2F2025316%2Ftnv9vd41cenvimuau58iw_thumbnail.jpg&w=1033&q=75;;;
Joki;Anime Reborn;Rp50.000;4 terjual;2,5k Grimoire Pages;https://imgop.itemku.com/?url=https%3A%2F%2Fd1x91p7vw3vuq8.cloudfront.net%2Fitemku-upload%2F2024121%2F0yzv250malne9flo2xmqbvp_thumbnail.jpg&w=1033&q=75;;;
Joki;Anime Reborn;Rp70.000;;Get Time King (Julius);https://imgop.itemku.com/?url=https%3A%2F%2Fd1x91p7vw3vuq8.cloudfront.net%2Fitemku-upload%2F2024129%2Fctnufxe3xmvjdarzna2o7n_thumbnail.jpg&w=1033&q=75;;;
Joki;Anime Reborn;Rp55.000;;Get Twenty One;https://imgop.itemku.com/?url=https%3A%2F%2Fd1x91p7vw3vuq8.cloudfront.net%2Fitemku-upload%2F20241128%2Fr4rmb6eic6hkbmrrl709t_thumbnail.jpg&w=1033&q=75;;;
Top Up Login;Roblox;Rp12.895;;80 Robux;https://imgop.itemku.com/?url=https%3A%2F%2Fd1x91p7vw3vuq8.cloudfront.net%2Fimage_upload%2F20251113%2Fr80jlkl4zm4h59127xfqw.png&w=48&q=75;;;
Top Up Login;Roblox;Rp65.000;;400 Robux;https://imgop.itemku.com/?url=https%3A%2F%2Fd1x91p7vw3vuq8.cloudfront.net%2Fimage_upload%2F20251113%2Fr80jlkl4zm4h59127xfqw.png&w=48&q=75;;;
Top Up Login;Roblox;Rp69.800;;500 Robux Plus;https://imgop.itemku.com/?url=https%3A%2F%2Fd1x91p7vw3vuq8.cloudfront.net%2Fitem-type%2F202655%2F0w9dull6i5blwmcepqbtxom.png&w=48&q=75;;;
Top Up Login;Roblox;Rp63.500;;500 Robux;https://imgop.itemku.com/?url=https%3A%2F%2Fd1x91p7vw3vuq8.cloudfront.net%2Fimage_upload%2F20251113%2Fr80jlkl4zm4h59127xfqw.png&w=48&q=75;;;
Top Up Login;Roblox;Rp120.600;;800 Robux;https://imgop.itemku.com/?url=https%3A%2F%2Fd1x91p7vw3vuq8.cloudfront.net%2Fimage_upload%2F20251113%2Fr80jlkl4zm4h59127xfqw.png&w=48&q=75;;;
Top Up Login;Roblox;Rp139.800;;1000 Robux Plus;https://imgop.itemku.com/?url=https%3A%2F%2Fd1x91p7vw3vuq8.cloudfront.net%2Fitem-type%2F202655%2F0w9dull6i5blwmcepqbtxom.png&w=48&q=75;;;
Top Up Login;Roblox;Rp129.000;;1000 Robux;https://imgop.itemku.com/?url=https%3A%2F%2Fd1x91p7vw3vuq8.cloudfront.net%2Fimage_upload%2F20251113%2Fr80jlkl4zm4h59127xfqw.png&w=48&q=75;;;
Top Up Login;Roblox;Rp195.500;;1500 Robux;https://imgop.itemku.com/?url=https%3A%2F%2Fd1x91p7vw3vuq8.cloudfront.net%2Fimage_upload%2F20251113%2Fr80jlkl4zm4h59127xfqw.png&w=48&q=75;;;
Top Up Login;Roblox;Rp235.000;;1700 Robux;https://imgop.itemku.com/?url=https%3A%2F%2Fd1x91p7vw3vuq8.cloudfront.net%2Fimage_upload%2F20251113%2Fr80jlkl4zm4h59127xfqw.png&w=48&q=75;;;
Top Up Login;Roblox;Rp252.400;;2000 Robux;https://imgop.itemku.com/?url=https%3A%2F%2Fd1x91p7vw3vuq8.cloudfront.net%2Fimage_upload%2F20251113%2Fr80jlkl4zm4h59127xfqw.png&w=48&q=75;;;
Top Up Login;Roblox;Rp279.800;;2000 Robux Plus;https://imgop.itemku.com/?url=https%3A%2F%2Fd1x91p7vw3vuq8.cloudfront.net%2Fitem-type%2F202655%2F0w9dull6i5blwmcepqbtxom.png&w=48&q=75;;;
Top Up Login;Roblox;Rp589.500;;4500 Robux;https://imgop.itemku.com/?url=https%3A%2F%2Fd1x91p7vw3vuq8.cloudfront.net%2Fimage_upload%2F20251113%2Fr80jlkl4zm4h59127xfqw.png&w=48&q=75;;;
Top Up Login;Roblox;Rp1.224.958;;10000 Robux;https://imgop.itemku.com/?url=https%3A%2F%2Fd1x91p7vw3vuq8.cloudfront.net%2Fimage_upload%2F20251113%2Fr80jlkl4zm4h59127xfqw.png&w=48&q=75;;;
Top Up Login;Roblox;Rp2.650.000;;22500 Robux;https://imgop.itemku.com/?url=https%3A%2F%2Fd1x91p7vw3vuq8.cloudfront.net%2Fimage_upload%2F20251113%2Fr80jlkl4zm4h59127xfqw.png&w=48&q=75;;;
Top Up Login;Wuthering Waves;Rp2.899.000;;All Pack Lunite;https://imgop.itemku.com/?url=https%3A%2F%2Fd1x91p7vw3vuq8.cloudfront.net%2Fitem-type%2F20251022%2Fsxmkjgi35bem9afz2ycpc.png&w=96&q=75;;;
Top Up Login;Wuthering Waves;Rp14.300;;60 Lunite;https://imgop.itemku.com/?url=https%3A%2F%2Fd1x91p7vw3vuq8.cloudfront.net%2Fitem-type%2F20251022%2F463go8g8yp8pbuumbb5rbl.png&w=96&q=75;;;
Top Up Login;Wuthering Waves;Rp71.300;;300 Lunite;https://imgop.itemku.com/?url=https%3A%2F%2Fd1x91p7vw3vuq8.cloudfront.net%2Fitem-type%2F20251022%2Ff6iw1tl1tkqirzxck4iyj.png&w=96&q=75;;;
Top Up Login;Wuthering Waves;Rp213.900;;980 Lunite;https://imgop.itemku.com/?url=https%3A%2F%2Fd1x91p7vw3vuq8.cloudfront.net%2Fitem-type%2F20251022%2Foabtldj6b4tf190w9d95m.png&w=96&q=75;;;
Top Up Login;Wuthering Waves;Rp443.500;;1980 Lunite;https://imgop.itemku.com/?url=https%3A%2F%2Fd1x91p7vw3vuq8.cloudfront.net%2Fitem-type%2F20251022%2Fzdr4bml4t7rlzhvvttgpmk.png&w=96&q=75;;;
Top Up Login;Wuthering Waves;Rp712.900;;3280 Lunite;https://imgop.itemku.com/?url=https%3A%2F%2Fd1x91p7vw3vuq8.cloudfront.net%2Fitem-type%2F20251022%2Fnq79guu0bvf9egt417c5xu.png&w=96&q=75;;;
Top Up Login;Wuthering Waves;Rp1.404.300;;6480 Lunite;https://imgop.itemku.com/?url=https%3A%2F%2Fd1x91p7vw3vuq8.cloudfront.net%2Fitem-type%2F20251022%2Fr3liydl7v7rhi0fmizzwl.png&w=96&q=75;;;
Top Up Login;Wuthering Waves;Rp2.975.000;;6480 Lunite x 2;https://imgop.itemku.com/?url=https%3A%2F%2Fd1x91p7vw3vuq8.cloudfront.net%2Fitem-type%2F20251022%2Fljaoet6gwoucboav08uo.png&w=96&q=75;;;
Top Up Login;Wuthering Waves;Rp4.460.000;;6480 Lunite x 3;https://imgop.itemku.com/?url=https%3A%2F%2Fd1x91p7vw3vuq8.cloudfront.net%2Fitem-type%2F20251022%2Fgejkm5bx3mektsh5bezml.png&w=96&q=75;;;
Top Up Login;Wuthering Waves;Rp5.955.000;;6480 Lunite x 4;https://imgop.itemku.com/?url=https%3A%2F%2Fd1x91p7vw3vuq8.cloudfront.net%2Fitem-type%2F20251022%2F22fcrrb7wwoia28n1le145w.png&w=96&q=75;;;
Top Up Login;Wuthering Waves;Rp7.445.000;;6480 Lunite x 5;https://imgop.itemku.com/?url=https%3A%2F%2Fd1x91p7vw3vuq8.cloudfront.net%2Fitem-type%2F20251022%2Fgdbnd1ua5k4puaifrpgtn.png&w=96&q=75;;;
Top Up Login;Wuthering Waves;Rp356.600;;Connoisseur Channel + Lunite Subscription;https://imgop.itemku.com/?url=https%3A%2F%2Fd1x91p7vw3vuq8.cloudfront.net%2Fitem-type%2F20251022%2Fc4fyeqqp516if0ic2lvzu8.png&w=96&q=75;;;
Top Up Login;Wuthering Waves;Rp285.000;;Connoisseur Channel;https://imgop.itemku.com/?url=https%3A%2F%2Fd1x91p7vw3vuq8.cloudfront.net%2Fitem-type%2F20251022%2Fvrt1un8y4yctk55xaoduce.png&w=96&q=75;;;
Top Up Login;Wuthering Waves;Rp222.500;;Insider Channel + Lunite Subscription;https://imgop.itemku.com/?url=https%3A%2F%2Fd1x91p7vw3vuq8.cloudfront.net%2Fitem-type%2F20251022%2Fl4tlbnm4vmq19s8lt9d7co.png&w=96&q=75;;;
Top Up Login;Wuthering Waves;Rp142.500;;Insider Channel;https://imgop.itemku.com/?url=https%3A%2F%2Fd1x91p7vw3vuq8.cloudfront.net%2Fitem-type%2F20251022%2F3k28obeavmfh83qprer3rk.png&w=96&q=75;;;
Top Up Login;Wuthering Waves;Rp1.476.800;;Lunite Subscription + 6480 Lunite;https://imgop.itemku.com/?url=https%3A%2F%2Fd1x91p7vw3vuq8.cloudfront.net%2Fitem-type%2F20251022%2Fmlkp3o36woa2sf1fqu0hcs.png&w=96&q=75;;;
Top Up Login;Wuthering Waves;Rp869.000;;Lunite Subscription + 3280 Lunite;https://imgop.itemku.com/?url=https%3A%2F%2Fd1x91p7vw3vuq8.cloudfront.net%2Fitem-type%2F20251022%2Fiwb5nrgpp31pbkfh5v54c.png&w=96&q=75;;;
Top Up Login;Wuthering Waves;Rp370.500;;Lunite Subscription x 5;https://imgop.itemku.com/?url=https%3A%2F%2Fd1x91p7vw3vuq8.cloudfront.net%2Fitem-type%2F20251022%2F5uciqvlj43p91e81x78ui4.png&w=96&q=75;;;
Top Up Login;Wuthering Waves;Rp296.500;;Lunite Subscription x 4;https://imgop.itemku.com/?url=https%3A%2F%2Fd1x91p7vw3vuq8.cloudfront.net%2Fitem-type%2F20251022%2Fegv4tjuy3l5d1ahwsnnvft.png&w=96&q=75;;;
Top Up Login;Wuthering Waves;Rp222.500;;Lunite Subscription x 3;https://imgop.itemku.com/?url=https%3A%2F%2Fd1x91p7vw3vuq8.cloudfront.net%2Fitem-type%2F20251022%2Fysmyvyebcdus4qdf2kb9m.png&w=96&q=75;;;
Top Up Login;Wuthering Waves;Rp148.900;;Lunite Subscription x 2;https://imgop.itemku.com/?url=https%3A%2F%2Fd1x91p7vw3vuq8.cloudfront.net%2Fitem-type%2F20251022%2F5rd8o48vtjaro0vpj6wa5.png&w=96&q=75;;;
Top Up Login;Wuthering Waves;Rp71.300;;Lunite Subscription;https://imgop.itemku.com/?url=https%3A%2F%2Fd1x91p7vw3vuq8.cloudfront.net%2Fitem-type%2F20251022%2Fzhksb43drhm790pi2t5p.png&w=96&q=75;;;
Top Up Login;Clash Royale;Rp16.400;;80 Gem;https://imgop.itemku.com/?url=https%3A%2F%2Fd1x91p7vw3vuq8.cloudfront.net%2Fitem-type%2F2025918%2F187tqvxsf2xf6x3yrverg4.webp&w=96&q=75;;;
Top Up Login;Clash Royale;Rp35.400;;88 Gem;https://imgop.itemku.com/?url=https%3A%2F%2Fd1x91p7vw3vuq8.cloudfront.net%2Fitem-type%2F2025918%2F4pkbzw7mrfu0hziud24w7pn.webp&w=96&q=75;;;
Top Up Login;Clash Royale;Rp71.600;;500 Gem;https://imgop.itemku.com/?url=https%3A%2F%2Fd1x91p7vw3vuq8.cloudfront.net%2Fitem-type%2F2025918%2Fpdk7atfz7ya3nhzk3x0b6.webp&w=96&q=75;;;
Top Up Login;Clash Royale;Rp106.200;;550 Gem;https://imgop.itemku.com/?url=https%3A%2F%2Fd1x91p7vw3vuq8.cloudfront.net%2Fitem-type%2F2025918%2F7kebtqs9dz4okn8zmo1v3d.webp&w=96&q=75;;;
Top Up Login;Clash Royale;Rp159.400;;1200 Gem;https://imgop.itemku.com/?url=https%3A%2F%2Fd1x91p7vw3vuq8.cloudfront.net%2Fitem-type%2F2025918%2Foft7bkjv3g9m36n2vyhzb.webp&w=96&q=75;;;
Top Up Login;Clash Royale;Rp212.300;;1320 Gem;https://imgop.itemku.com/?url=https%3A%2F%2Fd1x91p7vw3vuq8.cloudfront.net%2Fitem-type%2F2025918%2Flszlv0bsjh0dfeo217vg.webp&w=96&q=75;;;
Top Up Login;Clash Royale;Rp287.100;;2500 Gem;https://imgop.itemku.com/?url=https%3A%2F%2Fd1x91p7vw3vuq8.cloudfront.net%2Fitem-type%2F2025918%2F02pxnzi3rm3bu1vcv7ikalo.webp&w=96&q=75;;;
Top Up Login;Clash Royale;Rp424.500;;2750 Gem;https://imgop.itemku.com/?url=https%3A%2F%2Fd1x91p7vw3vuq8.cloudfront.net%2Fitem-type%2F2025918%2Fe4c41xuv6vyvd7gfq6qoh.webp&w=96&q=75;;;
Top Up Login;Clash Royale;Rp718.100;;6500 Gem;https://imgop.itemku.com/?url=https%3A%2F%2Fd1x91p7vw3vuq8.cloudfront.net%2Fitem-type%2F2025918%2F1yfzcukmj07jwvr0l91va.webp&w=96&q=75;;;
Top Up Login;Clash Royale;Rp1.008.200;;7150 Gem;https://imgop.itemku.com/?url=https%3A%2F%2Fd1x91p7vw3vuq8.cloudfront.net%2Fitem-type%2F2025918%2Fw8j67fh4hl8i8ez5yuuu9q.webp&w=96&q=75;;;
Top Up Login;Clash Royale;Rp1.568.600;;14000 Gem;https://imgop.itemku.com/?url=https%3A%2F%2Fd1x91p7vw3vuq8.cloudfront.net%2Fitem-type%2F2025918%2Fhzqog316damxgmgtae5fx.webp&w=96&q=75;;;
Top Up Login;Clash Royale;Rp1.998.700;;15400 Gem;https://imgop.itemku.com/?url=https%3A%2F%2Fd1x91p7vw3vuq8.cloudfront.net%2Fitem-type%2F2025918%2Fa01h1hbs1ofjp6lbbac5o.webp&w=96&q=75;;;
Top Up Login;Clash Royale;Rp191.300;;Diamond Pass;https://imgop.itemku.com/?url=https%3A%2F%2Fd1x91p7vw3vuq8.cloudfront.net%2Fitem-type%2F2025918%2Fbr70w48rlakrj67z28hnya.webp&w=48&q=75;;;
Top Up Login;Zepeto;Rp8.000;;5 Zems;https://imgop.itemku.com/?url=https%3A%2F%2Fd1x91p7vw3vuq8.cloudfront.net%2Fitem-type%2F20251021%2Fjdxncs5fs18n9ar8t80rt.png&w=96&q=75;;;
Top Up Login;Zepeto;Rp14.100;;14 Zems;https://imgop.itemku.com/?url=https%3A%2F%2Fd1x91p7vw3vuq8.cloudfront.net%2Fitem-type%2F2025419%2Flhk2vbsnw7cke3u5ozd66.png&w=96&q=75;;;
Top Up Login;Zepeto;Rp30.000;;28 Zems;https://imgop.itemku.com/?url=https%3A%2F%2Fd1x91p7vw3vuq8.cloudfront.net%2Fitem-type%2F2025419%2F11skbfgz68j9nipp68j6gz8.png&w=96&q=75;;;
Top Up Login;Zepeto;Rp42.100;;42 Zems;https://imgop.itemku.com/?url=https%3A%2F%2Fd1x91p7vw3vuq8.cloudfront.net%2Fitem-type%2F2025419%2F0l7qzxf7e47g5kzpwxc6rho.png&w=96&q=75;;;
Top Up Login;Zepeto;Rp56.100;;56 Zems;https://imgop.itemku.com/?url=https%3A%2F%2Fd1x91p7vw3vuq8.cloudfront.net%2Fitem-type%2F2025419%2Frogqenzgvtb5we8ptj5ifs.png&w=96&q=75;;;
Top Up Login;Zepeto;Rp70.100;;70 Zems;https://imgop.itemku.com/?url=https%3A%2F%2Fd1x91p7vw3vuq8.cloudfront.net%2Fitem-type%2F2025419%2F25p45iv5yol8xfskhp7ycm.png&w=96&q=75;;;
Top Up Login;Zepeto;Rp84.100;;84 Zems;https://imgop.itemku.com/?url=https%3A%2F%2Fd1x91p7vw3vuq8.cloudfront.net%2Fitem-type%2F2025419%2F7ilv2neb4sn6mus4u8vap2.png&w=96&q=75;;;
Top Up Login;Zepeto;Rp112.100;;112 Zems;https://imgop.itemku.com/?url=https%3A%2F%2Fd1x91p7vw3vuq8.cloudfront.net%2Fitem-type%2F2025419%2Fdvfpnx2c8c3ksm0e6354m.png&w=96&q=75;;;
Top Up Login;Zepeto;Rp119.100;;122 Zems;https://imgop.itemku.com/?url=https%3A%2F%2Fd1x91p7vw3vuq8.cloudfront.net%2Fitem-type%2F20251021%2Fcz1y9mu03i67gku0xnntgl.png&w=96&q=75;;;
Top Up Login;Zepeto;Rp217.100;;224 Zems;https://imgop.itemku.com/?url=https%3A%2F%2Fd1x91p7vw3vuq8.cloudfront.net%2Fitem-type%2F2025419%2Fa7kxgd635e8iouapuql94.png&w=96&q=75;;;
Top Up Login;Zepeto;Rp294.100;;308 Zems;https://imgop.itemku.com/?url=https%3A%2F%2Fd1x91p7vw3vuq8.cloudfront.net%2Fitem-type%2F20251021%2Fbnd7ugz1fohnl9m9tlu0u.png&w=96&q=75;;;
Top Up Login;Zepeto;Rp420.100;;448 Zems;https://imgop.itemku.com/?url=https%3A%2F%2Fd1x91p7vw3vuq8.cloudfront.net%2Fitem-type%2F2025419%2Fef9d5sm32vwl1m0e57ej2p.png&w=96&q=75;;;
Top Up Login;Zepeto;Rp840.100;;896 Zems;https://imgop.itemku.com/?url=https%3A%2F%2Fd1x91p7vw3vuq8.cloudfront.net%2Fitem-type%2F2025419%2Fu18vhya37ncj68fssg6zh.png&w=96&q=75;;;
Top Up Login;Zepeto;Rp875.100;;934 Zems;https://imgop.itemku.com/?url=https%3A%2F%2Fd1x91p7vw3vuq8.cloudfront.net%2Fitem-type%2F20251021%2Fassyrisznebsckjl0kk2nc.png&w=96&q=75;;;
Top Up Login;Zepeto;Rp14.100;;4680 Coins;https://imgop.itemku.com/?url=https%3A%2F%2Fd1x91p7vw3vuq8.cloudfront.net%2Fitem-type%2F20251021%2Fg60nnwj4tvg9f3zkeo4ned.png&w=96&q=75;;;
Top Up Login;Zepeto;Rp28.100;;9700 Coins;https://imgop.itemku.com/?url=https%3A%2F%2Fd1x91p7vw3vuq8.cloudfront.net%2Fitem-type%2F20251021%2F31xu8azy2u8bvaifinnaqc.png&w=96&q=75;;;
Top Up Login;Zepeto;Rp70.100;;25200 Coins;https://imgop.itemku.com/?url=https%3A%2F%2Fd1x91p7vw3vuq8.cloudfront.net%2Fitem-type%2F20251021%2Fc3f27i976pcypvlg4l3oj.png&w=96&q=75;;;
Top Up Login;Zepeto;Rp112.100;;40700 Coins;https://imgop.itemku.com/?url=https%3A%2F%2Fd1x91p7vw3vuq8.cloudfront.net%2Fitem-type%2F20251021%2Fd7w0h32ucxp74qgxu65udb.png&w=96&q=75;;;
Top Up Login;Zepeto;Rp294.100;;110000 Coins;https://imgop.itemku.com/?url=https%3A%2F%2Fd1x91p7vw3vuq8.cloudfront.net%2Fitem-type%2F20251021%2Ffjbdrlozqqgnoec9cf9eo.png&w=96&q=75;;;
Top Up Login;Zepeto;Rp812.100;;300000 Coins;https://imgop.itemku.com/?url=https%3A%2F%2Fd1x91p7vw3vuq8.cloudfront.net%2Fitem-type%2F20251021%2Fn7mjad6qozqt7olg7ppuuc.png&w=96&q=75;;;
Top Up Login;Genshin Impact;Rp75.190;;Blessing of the Welkin Moon;https://imgop.itemku.com/?url=https%3A%2F%2Fd1x91p7vw3vuq8.cloudfront.net%2Fitem-type%2F20251022%2Fl3l5e8yij7p7mm06rbqfs.png&w=96&q=75;;;
Top Up Login;Genshin Impact;Rp312.000;;Gnostic Chorus;https://imgop.itemku.com/?url=https%3A%2F%2Fd1x91p7vw3vuq8.cloudfront.net%2Fitem-type%2F20251022%2F2y3wk6740v5umk813g85u.png&w=96&q=75;;;
Top Up Login;Genshin Impact;Rp149.900;;Gnostic Hymn;https://imgop.itemku.com/?url=https%3A%2F%2Fd1x91p7vw3vuq8.cloudfront.net%2Fitem-type%2F20251022%2Fs4xuq4jqpww57dvua9ld.png&w=96&q=75;;;
Top Up Login;Genshin Impact;Rp17.000;;60 Genesis Crystal;https://imgop.itemku.com/?url=https%3A%2F%2Fd1x91p7vw3vuq8.cloudfront.net%2Fitem-type%2F20251022%2Frzd8m27wes6bczxgden.png&w=96&q=75;;;
Top Up Login;Genshin Impact;Rp78.000;;300 Genesis Crystal;https://imgop.itemku.com/?url=https%3A%2F%2Fd1x91p7vw3vuq8.cloudfront.net%2Fitem-type%2F20251022%2F1ba2z3e47110s3nn0jugt9l.png&w=96&q=75;;;
Top Up Login;Genshin Impact;Rp244.000;;980 Genesis Crystal;https://imgop.itemku.com/?url=https%3A%2F%2Fd1x91p7vw3vuq8.cloudfront.net%2Fitem-type%2F20251022%2Fm3goca5aysf0xcxztx7k8jn.png&w=96&q=75;;;
Top Up Login;Genshin Impact;Rp467.000;;1980 Genesis Crystal;https://imgop.itemku.com/?url=https%3A%2F%2Fd1x91p7vw3vuq8.cloudfront.net%2Fitem-type%2F20251022%2F4xwy87xhykbfh08tr8qlqv.png&w=96&q=75;;;
Top Up Login;Genshin Impact;Rp771.000;;3280 Genesis Crystal;https://imgop.itemku.com/?url=https%3A%2F%2Fd1x91p7vw3vuq8.cloudfront.net%2Fitem-type%2F20251022%2Ft62rywilqwk9vawx8fts8.png&w=96&q=75;;;
Top Up Login;Genshin Impact;Rp1.496.900;;6480 Genesis Crystal;https://imgop.itemku.com/?url=https%3A%2F%2Fd1x91p7vw3vuq8.cloudfront.net%2Fitem-type%2F20251022%2F8xf9hsrpx86nh1uhbqaqza.png&w=96&q=75;;;
Top Up Login;Genshin Impact;Rp3.078.000;;All Pack Genesis Crystal;https://imgop.itemku.com/?url=https%3A%2F%2Fd1x91p7vw3vuq8.cloudfront.net%2Fitem-type%2F20251022%2Fgaovkypya4ryqvw3ghsxc.png&w=96&q=75;;;
Top Up Login;Pokemon Go;Rp6.900;;110 PokeCoins;https://imgop.itemku.com/?url=https%3A%2F%2Fd1x91p7vw3vuq8.cloudfront.net%2Fitem-type%2F2025924%2Fqdo719bq20o8exlzsfdgbi.webp&w=96&q=75;;;
Top Up Login;Pokemon Go;Rp29.500;;600 PokeCoins;https://imgop.itemku.com/?url=https%3A%2F%2Fd1x91p7vw3vuq8.cloudfront.net%2Fitem-type%2F2025924%2Fderogjnyu0sy9rqz2yo4ck.webp&w=96&q=75;;;
Top Up Login;Pokemon Go;Rp54.000;;1300 PokeCoins;https://imgop.itemku.com/?url=https%3A%2F%2Fd1x91p7vw3vuq8.cloudfront.net%2Fitem-type%2F2025924%2Fmcuqsp703nm82rwlbgewdi.webp&w=96&q=75;;;
Top Up Login;Pokemon Go;Rp136.006;;2700 PokeCoins;https://imgop.itemku.com/?url=https%3A%2F%2Fd1x91p7vw3vuq8.cloudfront.net%2Fitem-type%2F2025924%2F2q47hss8xj2rzn6jrto4jk.webp&w=96&q=75;;;
Top Up Login;Pokemon Go;Rp255.790;;5600 PokeCoins;https://imgop.itemku.com/?url=https%3A%2F%2Fd1x91p7vw3vuq8.cloudfront.net%2Fitem-type%2F2025924%2Fmwi4ns7ijxl8te9ivou7rn.webp&w=96&q=75;;;
Top Up Login;Pokemon Go;Rp550.000;;15500 PokeCoins;https://imgop.itemku.com/?url=https%3A%2F%2Fd1x91p7vw3vuq8.cloudfront.net%2Fitem-type%2F2025924%2Fvwhof9j8rlwo0apv5sqt.webp&w=96&q=75;;;
Top Up Login;Pokemon Go;Rp11.180;;Item Bag;https://imgop.itemku.com/?url=https%3A%2F%2Fd1x91p7vw3vuq8.cloudfront.net%2Fitem-info%2F2025924%2Fg0386amevl6yn6wr0u63c9.webp&w=96&q=75;;;
Top Up Login;Pokemon Go;Rp17.650;;Max Particle Pack + Remote Raid Pass;https://imgop.itemku.com/?url=https%3A%2F%2Fd1x91p7vw3vuq8.cloudfront.net%2Fitem-info%2F2025924%2F92k8mxlegwv9k1wx3pecn.webp&w=96&q=75;;;
Top Up Login;Pokemon Go;Rp48.240;;3 Max Particle Pack + 3 Remote Raid Pass;https://imgop.itemku.com/?url=https%3A%2F%2Fd1x91p7vw3vuq8.cloudfront.net%2Fitem-info%2F2025924%2F3bd7rftjawx6bfe95i3uqt.webp&w=96&q=75;;;
Top Up Login;Pokemon Go;Rp29.420;;Lucky Egg;https://imgop.itemku.com/?url=https%3A%2F%2Fd1x91p7vw3vuq8.cloudfront.net%2Fitem-info%2F2025924%2F2r8ktlasvk2xqwii5me4nn.webp&w=96&q=75;;;
Top Up Login;Pokemon Go;Rp35.890;;Star Piece;https://imgop.itemku.com/?url=https%3A%2F%2Fd1x91p7vw3vuq8.cloudfront.net%2Fitem-info%2F2025924%2Fle5x8w99opnxxinote04me.webp&w=96&q=75;;;
Top Up Login;Pokemon Go;Rp17.650;;Remote Raid Pass;https://imgop.itemku.com/?url=https%3A%2F%2Fd1x91p7vw3vuq8.cloudfront.net%2Fitem-info%2F2025924%2F362zfji137cy4mgwmiq2q.webp&w=96&q=75;;;
Top Up Login;Pokemon Go;Rp58.830;;Max Mushroom;https://imgop.itemku.com/?url=https%3A%2F%2Fd1x91p7vw3vuq8.cloudfront.net%2Fitem-info%2F2025924%2Ff9n05mroiucjdtv52798vm.webp&w=96&q=75;;;
Top Up Login;Pokemon Go;Rp11.200;;Max Revive;https://imgop.itemku.com/?url=https%3A%2F%2Fd1x91p7vw3vuq8.cloudfront.net%2Fitem-info%2F2025924%2Fu4pd7pskmjar5ir3kdh918.webp&w=96&q=75;;;
Top Up Login;Pokemon Go;Rp6.900;;Premium Battle Pass;https://imgop.itemku.com/?url=https%3A%2F%2Fd1x91p7vw3vuq8.cloudfront.net%2Fitem-info%2F2025924%2Fgzyk85bmpmhnulavsh57ck.webp&w=96&q=75;;;
Top Up Login;Pokemon Go;Rp48.240;;Max Particle Pass;https://imgop.itemku.com/?url=https%3A%2F%2Fd1x91p7vw3vuq8.cloudfront.net%2Fitem-info%2F2025924%2F48gkodruo5y2d5uwhddezm.webp&w=96&q=75;;;
Top Up Login;Pokemon Go;Rp17.650;;Super Incubator;https://imgop.itemku.com/?url=https%3A%2F%2Fd1x91p7vw3vuq8.cloudfront.net%2Fitem-info%2F2025924%2F4zwc9svgusw8n7ojq3bs7e.webp&w=96&q=75;;;
Top Up Login;Pokemon Go;Rp11.200;;Pokemon Storage;https://imgop.itemku.com/?url=https%3A%2F%2Fd1x91p7vw3vuq8.cloudfront.net%2Fitem-info%2F2025924%2Fcvofulqvpf75i9aow8fuf5.webp&w=96&q=75;;;
Top Up Login;Pokemon Go;Rp17.650;;Egg Incubator;https://imgop.itemku.com/?url=https%3A%2F%2Fd1x91p7vw3vuq8.cloudfront.net%2Fitem-info%2F2025924%2F3lgkf0nzg0357x8x2if86.webp&w=96&q=75;;;
Top Up Login;Pokemon Go;Rp13.500;;100 PokeCoins;https://imgop.itemku.com/?url=https%3A%2F%2Fd1x91p7vw3vuq8.cloudfront.net%2Fitem-info%2F20251028%2Fwr29iwcu3a5nfauung4hp.webp&w=96&q=75;;;
Top Up Login;Pokemon Go;Rp40.000;;550 PokeCoins;https://imgop.itemku.com/?url=https%3A%2F%2Fd1x91p7vw3vuq8.cloudfront.net%2Fitem-info%2F20251028%2Fjsri1xn0jjxtyzrd3scu.webp&w=96&q=75;;;
Top Up Login;Pokemon Go;Rp70.000;;1200 PokeCoins;https://imgop.itemku.com/?url=https%3A%2F%2Fd1x91p7vw3vuq8.cloudfront.net%2Fitem-info%2F20251028%2Fj1v27h1szca98g9awq67yj.webp&w=96&q=75;;;
Top Up Login;Pokemon Go;Rp148.000;;2500 PokeCoins;https://imgop.itemku.com/?url=https%3A%2F%2Fd1x91p7vw3vuq8.cloudfront.net%2Fitem-info%2F20251028%2Fqwi9zav6k4x8p8ikxu8gm.webp&w=96&q=75;;;
Top Up Login;Pokemon Go;Rp250.000;;5200 PokeCoins;https://imgop.itemku.com/?url=https%3A%2F%2Fd1x91p7vw3vuq8.cloudfront.net%2Fitem-info%2F20251028%2Fukf2567v0tdezwab7ju8.webp&w=96&q=75;;;
Top Up Login;Pokemon Go;Rp634.900;;14500 PokeCoins;https://imgop.itemku.com/?url=https%3A%2F%2Fd1x91p7vw3vuq8.cloudfront.net%2Fitem-info%2F20251028%2Fe1zoiwxgw1uiue4u7l6gyo.webp&w=96&q=75;;;
Top Up Login;Pokemon Go;Rp99.000;;GO Pass Deluxe Event;https://imgop.itemku.com/?url=https%3A%2F%2Fd1x91p7vw3vuq8.cloudfront.net%2Fitem-info%2F20251028%2Fvv1kl1td5vnvf5tfokljy.webp&w=96&q=75;;;
Top Up Login;Pokemon Go;Rp54.200;;GO Pass Deluxe;https://imgop.itemku.com/?url=https%3A%2F%2Fd1x91p7vw3vuq8.cloudfront.net%2Fitem-info%2F20251028%2F2d9ry55kvpshxajhzt9yva.webp&w=96&q=75;;;
Top Up Login;Pokemon Go;Rp20.000;;Starter Box;https://imgop.itemku.com/?url=https%3A%2F%2Fd1x91p7vw3vuq8.cloudfront.net%2Fitem-info%2F20251028%2Fs19mj654qhrgs17h9ov8m.jpg&w=96&q=75;;;
Top Up Login;Hay Day;Rp30.000;;50 Diamond;https://imgop.itemku.com/?url=https%3A%2F%2Fd1x91p7vw3vuq8.cloudfront.net%2Fitem-type%2F2025930%2F4ftn32jtqz29q53stpphp.jpg&w=96&q=75;;;
Top Up Login;Hay Day;Rp60.000;;55 Diamond;https://imgop.itemku.com/?url=https%3A%2F%2Fd1x91p7vw3vuq8.cloudfront.net%2Fitem-type%2F2025930%2F4wifottr8jw004rkd7ta55hn.jpg&w=96&q=75;;;
Top Up Login;Hay Day;Rp78.000;;130 Diamond;https://imgop.itemku.com/?url=https%3A%2F%2Fd1x91p7vw3vuq8.cloudfront.net%2Fitem-type%2F2025930%2F4jrr3juwjw6eotq9nzf9a.jpg&w=96&q=75;;;
Top Up Login;Hay Day;Rp89.000;;143 Diamond;https://imgop.itemku.com/?url=https%3A%2F%2Fd1x91p7vw3vuq8.cloudfront.net%2Fitem-type%2F2025930%2Fx9k58vwmq3x9hhkr3ek9.jpg&w=96&q=75;;;
Top Up Login;Hay Day;Rp156.000;;275 Diamond;https://imgop.itemku.com/?url=https%3A%2F%2Fd1x91p7vw3vuq8.cloudfront.net%2Fitem-type%2F2025930%2F2ynuda4pm86u6lfxxx2ph.jpg&w=96&q=75;;;
Top Up Login;Hay Day;Rp178.000;;303 Diamond;https://imgop.itemku.com/?url=https%3A%2F%2Fd1x91p7vw3vuq8.cloudfront.net%2Fitem-type%2F2025930%2Fvb84m7qybok22kuyteef.jpg&w=96&q=75;;;
Top Up Login;Hay Day;Rp294.900;;570 Diamond;https://imgop.itemku.com/?url=https%3A%2F%2Fd1x91p7vw3vuq8.cloudfront.net%2Fitem-type%2F2025930%2Fme3tf0b70ldv84zwovl5os.jpg&w=96&q=75;;;
Top Up Login;Hay Day;Rp355.000;;627 Diamond;https://imgop.itemku.com/?url=https%3A%2F%2Fd1x91p7vw3vuq8.cloudfront.net%2Fitem-type%2F2025930%2F9n4vhiq1725uskk134h98.jpg&w=96&q=75;;;
Top Up Login;Hay Day;Rp588.900;;1500 Diamond;https://imgop.itemku.com/?url=https%3A%2F%2Fd1x91p7vw3vuq8.cloudfront.net%2Fitem-type%2F2025930%2F7md0qwzwagugfcib7iip8.jpg&w=96&q=75;;;
Top Up Login;Hay Day;Rp695.000;;1650 Diamond;https://imgop.itemku.com/?url=https%3A%2F%2Fd1x91p7vw3vuq8.cloudfront.net%2Fitem-type%2F2025930%2Fqorwh141m7n1lr5ulmci8.jpg&w=96&q=75;;;
Top Up Login;Hay Day;Rp1.479.000;;4000 Diamond;https://imgop.itemku.com/?url=https%3A%2F%2Fd1x91p7vw3vuq8.cloudfront.net%2Fitem-type%2F2025930%2Fywmai6bvlbd30er5qiig8.jpg&w=96&q=75;;;
Top Up Login;Hay Day;Rp1.699.000;;4400 Diamond;https://imgop.itemku.com/?url=https%3A%2F%2Fd1x91p7vw3vuq8.cloudfront.net%2Fitem-type%2F2025930%2Fptoao32vqujanzoa5167dj.jpg&w=96&q=75;;;
Top Up Login;Hay Day;Rp23.800;;Package $1.49;https://imgop.itemku.com/?url=https%3A%2F%2Fd1x91p7vw3vuq8.cloudfront.net%2Fitem-info%2F2025930%2F2u27ac1gtarxtz6yw9zfc.jpg&w=96&q=75;;;
Top Up Login;Hay Day;Rp63.700;;Package $3.99;https://imgop.itemku.com/?url=https%3A%2F%2Fd1x91p7vw3vuq8.cloudfront.net%2Fitem-info%2F2025930%2Fzmfynggbknn7h14oh3vn.jpg&w=96&q=75;;;
Top Up Login;Hay Day;Rp119.600;;Package $7.49;https://imgop.itemku.com/?url=https%3A%2F%2Fd1x91p7vw3vuq8.cloudfront.net%2Fitem-info%2F2025930%2F5sk26nm7owxmoyetnrol4.jpg&w=96&q=75;;;
Top Up Login;Hay Day;Rp239.400;;Package $14.99;https://imgop.itemku.com/?url=https%3A%2F%2Fd1x91p7vw3vuq8.cloudfront.net%2Fitem-info%2F2025930%2Fiyr0fv8s8gga97eo93zart.jpg&w=96&q=75;;;
Top Up Login;Hay Day;Rp631.700;;Package $39.99;https://imgop.itemku.com/?url=https%3A%2F%2Fd1x91p7vw3vuq8.cloudfront.net%2Fitem-info%2F2025930%2F3hiy0akaz4fcdmw2kq6bqh.jpg&w=96&q=75;;;
Top Up Login;Hay Day;Rp63.900;;Farm Pass;https://imgop.itemku.com/?url=https%3A%2F%2Fd1x91p7vw3vuq8.cloudfront.net%2Fitem-type%2F2025930%2Fu629cs6y99tjfkkbhzhf.webp&w=48&q=75;;;
Top Up Login;eFootball Mobile;Rp78.000;278 terjual;550 myClub Coins;https://imgop.itemku.com/?url=https%3A%2F%2Fd1x91p7vw3vuq8.cloudfront.net%2Fitemku-upload%2F2025218%2F8n6ur16npmv1i1v23y5k_thumbnail.jpg&w=1033&q=75;;;
Top Up Login;eFootball Mobile;Rp143.000;211 terjual;1040 myClub Coins;https://imgop.itemku.com/?url=https%3A%2F%2Fd1x91p7vw3vuq8.cloudfront.net%2Fitemku-upload%2F2025218%2Fykmpoqvz99n9ify5yz28u5_thumbnail.jpg&w=1033&q=75;;;
Top Up Login;eFootball Mobile;Rp292.000;102 terjual;2130 myClub Coins;https://imgop.itemku.com/?url=https%3A%2F%2Fd1x91p7vw3vuq8.cloudfront.net%2Fitemku-upload%2F2025218%2Fxmyeuslx5adqj6txnng9vp_thumbnail.jpg&w=1033&q=75;;;
Top Up Login;eFootball Mobile;Rp13.000;99 terjual;PACK ATEP - Android;https://imgop.itemku.com/?url=https%3A%2F%2Fd1x91p7vw3vuq8.cloudfront.net%2Fitemku-upload%2F2025116%2Fqxnyasacdmspcpr3hoo4xo_thumbnail.jpg&w=1033&q=75;;;
Top Up Login;eFootball Mobile;Rp1.430.000;;12800 Coin IOS;https://imgop.itemku.com/?url=https%3A%2F%2Fd1x91p7vw3vuq8.cloudfront.net%2Fitemku-upload%2F202657%2Fpe58tv4shogf4d7uk3dn6v_thumbnail.jpg&w=1033&q=75;;;
Top Up Login;eFootball Mobile;Rp15.000;83 terjual;PACK BATISTUTA - ANDROID/IPHONE;https://imgop.itemku.com/?url=https%3A%2F%2Fd1x91p7vw3vuq8.cloudfront.net%2Fitemku-upload%2F2026212%2F10np57ll2afj6qdvrpy4aa4_thumbnail.jpg&w=1033&q=75;;;
Top Up Login;eFootball Mobile;Rp20.000;58 terjual;130 myClub Coins (iOS);https://imgop.itemku.com/?url=https%3A%2F%2Fd1x91p7vw3vuq8.cloudfront.net%2Fitemku-upload%2F2025218%2F6msvc34wwqjyyl9swd4gmb_thumbnail.jpg&w=1033&q=75;;;
Top Up Login;eFootball Mobile;Rp171.000;53 terjual;1040 myClub Coins (Android);https://imgop.itemku.com/?url=https%3A%2F%2Fd1x91p7vw3vuq8.cloudfront.net%2Fitemku-upload%2F2025218%2Fotn05osng6qi8ax75k40o_thumbnail.jpg&w=1033&q=75;;;
Top Up Login;eFootball Mobile;Rp92.000;47 terjual;550 myClub Coins (Android);https://imgop.itemku.com/?url=https%3A%2F%2Fd1x91p7vw3vuq8.cloudfront.net%2Fitemku-upload%2F2025218%2F3dbxzluamkk9067tirp6rl_thumbnail.jpg&w=1033&q=75;;;
Top Up Login;eFootball Mobile;Rp44.000;32 terjual;300 myClub Coins (iOS);https://imgop.itemku.com/?url=https%3A%2F%2Fd1x91p7vw3vuq8.cloudfront.net%2Fitemku-upload%2F2025218%2Fr3ghmi1beziblkc7gwcgb_thumbnail.jpg&w=1033&q=75;;;
Top Up Login;eFootball Mobile;Rp68.900;29 terjual;PACK MOURINHO - ANDROID;https://imgop.itemku.com/?url=https%3A%2F%2Fd1x91p7vw3vuq8.cloudfront.net%2Fitemku-upload%2F2025823%2Fzfqxt381a37rs0p2d4dekd_thumbnail.jpg&w=1033&q=75;;;
Top Up Login;eFootball Mobile;Rp23.000;25 terjual;130 myClub Coins (Android);https://imgop.itemku.com/?url=https%3A%2F%2Fd1x91p7vw3vuq8.cloudfront.net%2Fitemku-upload%2F2025821%2Fc4r2hjz3klwozu72x5lwf_thumbnail.jpg&w=1033&q=75;;;
Top Up Login;eFootball Mobile;Rp45.000;25 terjual;300 Coins - Android;https://imgop.itemku.com/?url=https%3A%2F%2Fd1x91p7vw3vuq8.cloudfront.net%2Fitemku-upload%2F2025712%2Fing8awt4fga88ijato15k4_thumbnail.jpg&w=1033&q=75;;;
Top Up Login;eFootball Mobile;Rp13.000;24 terjual;PACK ATEP - iOS;https://imgop.itemku.com/?url=https%3A%2F%2Fd1x91p7vw3vuq8.cloudfront.net%2Fitemku-upload%2F2025116%2Fvjjt5tx512pqrebcxjmrtl_thumbnail.jpg&w=1033&q=75;;;
Top Up Login;eFootball Mobile;Rp341.000;23 terjual;2130 myClub Coins (Android);https://imgop.itemku.com/?url=https%3A%2F%2Fd1x91p7vw3vuq8.cloudfront.net%2Fitemku-upload%2F2025218%2F96b8d3ve1zedzlqomn79lq_thumbnail.jpg&w=1033&q=75;;;
Top Up Login;eFootball Mobile;Rp63.900;20 terjual;PACK MOURINHO - iOS;https://imgop.itemku.com/?url=https%3A%2F%2Fd1x91p7vw3vuq8.cloudfront.net%2Fitemku-upload%2F2025823%2Fw61ac0hwdf5a48nia4b6f_thumbnail.jpg&w=1033&q=75;;;
Top Up Login;eFootball Mobile;Rp74.000;19 terjual;Mourinho set (Android);https://imgop.itemku.com/?url=https%3A%2F%2Fd1x91p7vw3vuq8.cloudfront.net%2Fitemku-upload%2F2025816%2F8pdtvmljj83iqa7o849xj_thumbnail.jpg&w=1033&q=75;;;
Top Up Login;eFootball Mobile;Rp438.000;18 terjual;3250 myClub Coins;https://imgop.itemku.com/?url=https%3A%2F%2Fd1x91p7vw3vuq8.cloudfront.net%2Fitemku-upload%2F2025218%2Fwd4mkejuf7lmc7q7nvv6a_thumbnail.jpg&w=1033&q=75;;;
Top Up Login;eFootball Mobile;Rp21.000;18 terjual;130 Coins - Android;https://imgop.itemku.com/?url=https%3A%2F%2Fd1x91p7vw3vuq8.cloudfront.net%2Fitemku-upload%2F2025712%2Fxovymwu93fs775ob3i02_thumbnail.jpg&w=1033&q=75;;;
Top Up Login;eFootball Mobile;Rp45.000;17 terjual;Starter Set: van Nistelrooij (Android);https://imgop.itemku.com/?url=https%3A%2F%2Fd1x91p7vw3vuq8.cloudfront.net%2Fitemku-upload%2F2025816%2F4rbjv1jwaitsjklgcrx12b_thumbnail.jpg&w=1033&q=75;;;
Top Up Login;eFootball Mobile;Rp512.000;9 terjual;3250 myClub Coins (Android);https://imgop.itemku.com/?url=https%3A%2F%2Fd1x91p7vw3vuq8.cloudfront.net%2Fitemku-upload%2F2025218%2Fpanb33gcwmpvm39uylrgx_thumbnail.jpg&w=1033&q=75;;;
Top Up Login;Honkai: Star Rail;Rp3.188.000;;Claim All Bonus Oneiric Shard;https://imgop.itemku.com/?url=https%3A%2F%2Fd1x91p7vw3vuq8.cloudfront.net%2Fitem-type%2F20251022%2Fcozdhd856ug91ap6wbcvfe.png&w=96&q=75;;;
Top Up Login;Honkai: Star Rail;Rp17.500;;60 Oneiric Shard;https://imgop.itemku.com/?url=https%3A%2F%2Fd1x91p7vw3vuq8.cloudfront.net%2Fitem-type%2F20251022%2Fcozdhd856ug91ap6wbcvfe.png&w=96&q=75;;;
Top Up Login;Honkai: Star Rail;Rp80.000;;300 Oneiric Shard;https://imgop.itemku.com/?url=https%3A%2F%2Fd1x91p7vw3vuq8.cloudfront.net%2Fitem-type%2F20251022%2Fwy3wku54pxkakwct8od5f.png&w=96&q=75;;;
Top Up Login;Honkai: Star Rail;Rp225.000;;980 Oneiric Shard;https://imgop.itemku.com/?url=https%3A%2F%2Fd1x91p7vw3vuq8.cloudfront.net%2Fitem-type%2F20251022%2Fhxwslhx1ya1bj5gsknkih.png&w=96&q=75;;;
Top Up Login;Honkai: Star Rail;Rp477.000;;1980 Oneiric Shard;https://imgop.itemku.com/?url=https%3A%2F%2Fd1x91p7vw3vuq8.cloudfront.net%2Fitem-type%2F20251022%2F52tozh5r5omu9kxzmqniae.png&w=96&q=75;;;
Top Up Login;Honkai: Star Rail;Rp795.000;;3280 Oneiric Shard;https://imgop.itemku.com/?url=https%3A%2F%2Fd1x91p7vw3vuq8.cloudfront.net%2Fitem-type%2F20251022%2F4eb47wk2roxx0x9pj0dvh.png&w=96&q=75;;;
Top Up Login;Honkai: Star Rail;Rp1.590.000;;6480 Oneiric Shard;https://imgop.itemku.com/?url=https%3A%2F%2Fd1x91p7vw3vuq8.cloudfront.net%2Fitem-type%2F20251022%2Ftr5yp3xxwckdx6uvfg7e5.png&w=96&q=75;;;
Top Up Login;Tree of Savior: Neverland;Rp79.000;;300 Rainbow Gems;https://imgop.itemku.com/?url=https%3A%2F%2Fd1x91p7vw3vuq8.cloudfront.net%2Fitem-type%2F2025925%2Fevel0j24dimepagywy8gp.webp&w=96&q=75;;;
Top Up Login;Tree of Savior: Neverland;Rp238.000;;980 Rainbow Gems;https://imgop.itemku.com/?url=https%3A%2F%2Fd1x91p7vw3vuq8.cloudfront.net%2Fitem-type%2F2025925%2Fph0x7h8l2pwgd199yvu77.webp&w=96&q=75;;;
Top Up Login;Tree of Savior: Neverland;Rp476.000;;1980 Rainbow Gems;https://imgop.itemku.com/?url=https%3A%2F%2Fd1x91p7vw3vuq8.cloudfront.net%2Fitem-type%2F2025925%2Fovkllw4tjubxn047fzu2m.webp&w=96&q=75;;;
Top Up Login;Tree of Savior: Neverland;Rp795.000;;3280 Rainbow Gems;https://imgop.itemku.com/?url=https%3A%2F%2Fd1x91p7vw3vuq8.cloudfront.net%2Fitem-type%2F2025925%2Fk89jovauflg9mx403fkfv.webp&w=96&q=75;;;
Top Up Login;Tree of Savior: Neverland;Rp1.589.000;;6480 Rainbow Gems;https://imgop.itemku.com/?url=https%3A%2F%2Fd1x91p7vw3vuq8.cloudfront.net%2Fitem-type%2F2025925%2Fhb1feaukk6ptux27y7lref.webp&w=96&q=75;;;
Top Up Login;Tree of Savior: Neverland;Rp79.000;;Package 5$;https://imgop.itemku.com/?url=https%3A%2F%2Fd1x91p7vw3vuq8.cloudfront.net%2Fitem-type%2F2025925%2F797ia713kpmgu1sux381k8.webp&w=96&q=75;;;
Top Up Login;Tree of Savior: Neverland;Rp127.000;;Package 8$;https://imgop.itemku.com/?url=https%3A%2F%2Fd1x91p7vw3vuq8.cloudfront.net%2Fitem-type%2F2025925%2Fngvv5hnkzod85voyokxc9a.webp&w=96&q=75;;;
Top Up Login;Tree of Savior: Neverland;Rp159.000;;Package 10$;https://imgop.itemku.com/?url=https%3A%2F%2Fd1x91p7vw3vuq8.cloudfront.net%2Fitem-type%2F2025925%2Fr5cahe3rvvfhqalufi06b.webp&w=96&q=75;;;
Top Up Login;Tree of Savior: Neverland;Rp238.000;;Package 15$;https://imgop.itemku.com/?url=https%3A%2F%2Fd1x91p7vw3vuq8.cloudfront.net%2Fitem-type%2F2025925%2F582bg0twu47jsmaykogod.webp&w=96&q=75;;;
Top Up Login;Tree of Savior: Neverland;Rp318.000;;Package 20$;https://imgop.itemku.com/?url=https%3A%2F%2Fd1x91p7vw3vuq8.cloudfront.net%2Fitem-type%2F2025925%2F6v0gmp6na9ukxt2g4zlm5.webp&w=96&q=75;;;
Top Up Login;Tree of Savior: Neverland;Rp476.000;;Package 30$;https://imgop.itemku.com/?url=https%3A%2F%2Fd1x91p7vw3vuq8.cloudfront.net%2Fitem-type%2F2025925%2Fmbwqlt8u4klz6l5hn09xf.webp&w=96&q=75;;;
Top Up Login;Tree of Savior: Neverland;Rp795.000;;Package 50$;https://imgop.itemku.com/?url=https%3A%2F%2Fd1x91p7vw3vuq8.cloudfront.net%2Fitem-type%2F2025925%2Fxkf8sbr318kn2g02b90u.webp&w=96&q=75;;;
Top Up Login;Tree of Savior: Neverland;Rp1.589.000;;Package 100$;https://imgop.itemku.com/?url=https%3A%2F%2Fd1x91p7vw3vuq8.cloudfront.net%2Fitem-type%2F2025925%2Fw5xetar0da75n6z2vks7s.webp&w=96&q=75;;;
Top Up Login;Tree of Savior: Neverland;Rp79.000;;Monthly Pass;https://imgop.itemku.com/?url=https%3A%2F%2Fd1x91p7vw3vuq8.cloudfront.net%2Fitem-type%2F2025925%2Fhplnadch2ga4nrxyoj45e.webp&w=96&q=75;;;
Top Up Login;Tree of Savior: Neverland;Rp238.000;;Growth Plan;https://imgop.itemku.com/?url=https%3A%2F%2Fd1x91p7vw3vuq8.cloudfront.net%2Fitem-type%2F2025925%2Ftxnqpd6bxdk9r2hd6ynu.webp&w=96&q=75;;;
Top Up Login;Tree of Savior: Neverland;Rp238.000;;Legendary Pass;https://imgop.itemku.com/?url=https%3A%2F%2Fd1x91p7vw3vuq8.cloudfront.net%2Fitem-type%2F2025925%2Flzbpp27af7qm5auqj8xpy.webp&w=96&q=75;;;
Top Up Login;Tree of Savior: Neverland;Rp238.000;;Growth Plan Ancient Tower;https://imgop.itemku.com/?url=https%3A%2F%2Fd1x91p7vw3vuq8.cloudfront.net%2Fitem-type%2F2025925%2Fo51nca4svh8uj8zs8mdxp.webp&w=96&q=75;;;
Top Up Login;Tree of Savior: Neverland;Rp238.000;;Growth Plan Abyss;https://imgop.itemku.com/?url=https%3A%2F%2Fd1x91p7vw3vuq8.cloudfront.net%2Fitem-type%2F2025925%2F4qmqy080gl8m92wfr893i.webp&w=96&q=75;;;
Top Up Login;Tree of Savior: Neverland;Rp238.000;;Growth Plan Demon;https://imgop.itemku.com/?url=https%3A%2F%2Fd1x91p7vw3vuq8.cloudfront.net%2Fitem-type%2F2025925%2F2vbownccezvww314xaxci.webp&w=96&q=75;;;
Top Up Login;Tree of Savior: Neverland;Rp238.000;;Growth Plan Level;https://imgop.itemku.com/?url=https%3A%2F%2Fd1x91p7vw3vuq8.cloudfront.net%2Fitem-type%2F2025925%2Ftvo9jdsxw89ljayrdr4bl.webp&w=96&q=75;;;
Top Up Login;Tree of Savior: Neverland;Rp79.000;;Home Helper;https://imgop.itemku.com/?url=https%3A%2F%2Fd1x91p7vw3vuq8.cloudfront.net%2Fitem-type%2F2025925%2F7sljmbhy74dsrtnghqbahk.webp&w=96&q=75;;;
Top Up Login;Tree of Savior: Neverland;Rp16.000;;6 Voucher;https://imgop.itemku.com/?url=https%3A%2F%2Fd1x91p7vw3vuq8.cloudfront.net%2Fitem-type%2F2025925%2Far3hqjmpnxkfbpxuu18af.webp&w=96&q=75;;;
Top Up Login;Tree of Savior: Neverland;Rp77.000;;30 Voucher;https://imgop.itemku.com/?url=https%3A%2F%2Fd1x91p7vw3vuq8.cloudfront.net%2Fitem-type%2F2025925%2Frlbwbrk3i0pw86txni5z1.webp&w=96&q=75;;;
Top Up Login;Tree of Savior: Neverland;Rp239.000;;98 Voucher;https://imgop.itemku.com/?url=https%3A%2F%2Fd1x91p7vw3vuq8.cloudfront.net%2Fitem-type%2F2025925%2Fc5xhhsjdxlq1wemb90foxb.webp&w=96&q=75;;;
Top Up Login;Tree of Savior: Neverland;Rp482.000;;198 Voucher;https://imgop.itemku.com/?url=https%3A%2F%2Fd1x91p7vw3vuq8.cloudfront.net%2Fitem-type%2F2025925%2Fpa9bti0hbrpdz3p2ezyc7f.webp&w=96&q=75;;;
Top Up Login;Tree of Savior: Neverland;Rp792.000;;328 Voucher;https://imgop.itemku.com/?url=https%3A%2F%2Fd1x91p7vw3vuq8.cloudfront.net%2Fitem-type%2F2025925%2Fl8zocvz0w8c68w7p7pfak.webp&w=96&q=75;;;
Top Up Login;Tree of Savior: Neverland;Rp1.550.000;;648 Voucher;https://imgop.itemku.com/?url=https%3A%2F%2Fd1x91p7vw3vuq8.cloudfront.net%2Fitem-type%2F2025925%2Fcg6qerrigf8jtwg6wivvig.webp&w=96&q=75;;;
Streaming;Spotify;Rp34.900;37569 terjual;Premium 1 Month;https://imgop.itemku.com/?url=https%3A%2F%2Fd1x91p7vw3vuq8.cloudfront.net%2Fitemku-upload%2F2025619%2Fk02w1mchxbwj7dnm8h4r8_thumbnail.jpg&w=1033&q=75;;;
Streaming;Spotify;Rp24.000;14803 terjual;Premium 1 Month;https://imgop.itemku.com/?url=https%3A%2F%2Fd1x91p7vw3vuq8.cloudfront.net%2Fitemku-upload%2F2022129%2Fl8eb3zvpc2f2q3te03q3v_thumbnail.jpg&w=1033&q=75;;;
Streaming;Spotify;Rp29.900;118 terjual;Premium 1 Month;https://imgop.itemku.com/?url=https%3A%2F%2Fd1x91p7vw3vuq8.cloudfront.net%2Fitemku-upload%2F20231220%2Fngztf3l5518r6sn3tk5hxp_thumbnail.jpg&w=1033&q=75;;;
Streaming;Spotify;Rp21.999;10 terjual;Premium 1 Month;https://imgop.itemku.com/?url=https%3A%2F%2Fd1x91p7vw3vuq8.cloudfront.net%2Fitemku-upload%2F2026521%2Ftroeylzj5pij1lwldu8cj_thumbnail.jpg&w=1033&q=75;;;
Streaming;Spotify;Rp143.890;4 terjual;Premium 1 Month;https://imgop.itemku.com/?url=https%3A%2F%2Fd1x91p7vw3vuq8.cloudfront.net%2Fitemku-upload%2F20241229%2Fvk4zik3w75rlmdgctjdb8_thumbnail.jpg&w=1033&q=75;;;
Streaming;Spotify;Rp73.000;2 terjual;Premium 1 Month;https://imgop.itemku.com/?url=https%3A%2F%2Fd1x91p7vw3vuq8.cloudfront.net%2Fitemku-upload%2F20241111%2Faclorifsbyss4qkuhttu3_thumbnail.jpg&w=1033&q=75;;;
Streaming;Spotify;Rp85.669;1 terjual;Premium 1 Month;https://imgop.itemku.com/?url=https%3A%2F%2Fd1x91p7vw3vuq8.cloudfront.net%2Fitemku-upload%2F2026219%2F0avnoj29lhchuhhfqh5rdk_thumbnail.jpg&w=1033&q=75;;;
Streaming;Apple Music;Rp9.999;10604 terjual;1 Month Perpanjang;https://imgop.itemku.com/?url=https%3A%2F%2Fd1x91p7vw3vuq8.cloudfront.net%2Fitemku-upload%2F2024618%2Flh5pzsf28wgmsxglwgsg8a_thumbnail.jpg&w=1033&q=75;;;
Streaming;Apple Music;Rp11.000;3007 terjual;1 Month Akun Baru;https://imgop.itemku.com/?url=https%3A%2F%2Fd1x91p7vw3vuq8.cloudfront.net%2Fitemku-upload%2F2024618%2Fm1dvpmyyf6a3gevvua6wjo_thumbnail.jpg&w=1033&q=75;;;
Streaming;Apple Music;Rp15.000;2066 terjual;1 Month Perpanjang;https://imgop.itemku.com/?url=https%3A%2F%2Fd1x91p7vw3vuq8.cloudfront.net%2Fitemku-upload%2F2022121%2F1unk157xrsow913964mw4_thumbnail.jpg&w=1033&q=75;;;
Streaming;Apple Music;Rp15.000;479 terjual;1 Month Akun Baru;https://imgop.itemku.com/?url=https%3A%2F%2Fd1x91p7vw3vuq8.cloudfront.net%2Fitemku-upload%2F2022121%2F1o7upg40b9vwk3bvbvvu98_thumbnail.jpg&w=1033&q=75;;;
Streaming;Apple Music;Rp27.980;342 terjual;1 Month Perpanjang;https://imgop.itemku.com/?url=https%3A%2F%2Fd1x91p7vw3vuq8.cloudfront.net%2Fitemku-upload%2F20241220%2Fabmhqjw5plw8t2cl34m0pk_thumbnail.jpg&w=1033&q=75;;;
Streaming;Apple Music;Rp8.000;54 terjual;1 Month Akun Baru;https://imgop.itemku.com/?url=https%3A%2F%2Fd1x91p7vw3vuq8.cloudfront.net%2Fitemku-upload%2F20241019%2Fujf2tszjbuar0ji0xbtj8_thumbnail.jpg&w=1033&q=75;;;
Streaming;Apple Music;Rp27.989;34 terjual;1 Month Akun Baru;https://imgop.itemku.com/?url=https%3A%2F%2Fd1x91p7vw3vuq8.cloudfront.net%2Fitemku-upload%2F202649%2F5i854nf9owqk1ddb82n6r7_thumbnail.jpg&w=1033&q=75;;;
Streaming;Apple Music;Rp75.000;3 terjual;1 Month Perpanjang;https://imgop.itemku.com/?url=https%3A%2F%2Fd1x91p7vw3vuq8.cloudfront.net%2Fweb%2F20201019%2Ff3a6ff2078df9254abf522b13fe14f212b630dd3bbace579208cf77a23059908_thumb.jpg&w=1033&q=75;;;
Streaming;Apple Music;Rp75.000;2 terjual;1 Month Akun Baru;https://imgop.itemku.com/?url=https%3A%2F%2Fd1x91p7vw3vuq8.cloudfront.net%2Fweb%2F20201019%2F558ba77c2fe142630ffa4a490f7f7a69a46f8449099b4861ba2172ce4cc7adab_thumb.jpg&w=1033&q=75;;;
Streaming;Loklok;Rp18.000;;Sharing 1 bulan 1 perangkat;https://imgop.itemku.com/?url=https%3A%2F%2Fd1x91p7vw3vuq8.cloudfront.net%2Fitemku-upload%2F202532%2Fsbn7qi7xoi04mnr1juzwgb_thumbnail.jpg&w=1033&q=75;;;
Streaming;Loklok;Rp52.900;;Private 1 Bulan 3 Perangkat;https://imgop.itemku.com/?url=https%3A%2F%2Fd1x91p7vw3vuq8.cloudfront.net%2Fitemku-upload%2F202519%2Fqaikey672vd8thgne3r9zc_thumbnail.jpg&w=1033&q=75;;;
Streaming;Loklok;Rp55.000;;PRIVATE 1 BULAN MAKSIMAL LOGIN 3 DEVICE;https://imgop.itemku.com/?url=https%3A%2F%2Fd1x91p7vw3vuq8.cloudfront.net%2Fitemku-upload%2F2025811%2Fafem86yqueciis78h5e4d_thumbnail.jpg&w=1033&q=75;;;
Streaming;Viu;Rp1.000;24500 terjual;1 Month;https://imgop.itemku.com/?url=https%3A%2F%2Fd1x91p7vw3vuq8.cloudfront.net%2Fitemku-upload%2F20211025%2Fdkg3ted4a9vyy12dd5549_thumbnail.png&w=1033&q=75;;;
Streaming;Viu;Rp900;9456 terjual;1 Month;https://imgop.itemku.com/?url=https%3A%2F%2Fd1x91p7vw3vuq8.cloudfront.net%2Fitemku-upload%2F20221225%2F94lsx7cy62tup0h8rxn7hr_thumbnail.jpg&w=1033&q=75;;;
Streaming;Viu;Rp1.000;3087 terjual;1 Month;https://imgop.itemku.com/?url=https%3A%2F%2Fd1x91p7vw3vuq8.cloudfront.net%2Fitemku-upload%2F2024516%2Fvdvu92ragdm9jgpmqz5v9r_thumbnail.jpg&w=1033&q=75;;;
Streaming;Viu;Rp900;3046 terjual;1 Month;https://imgop.itemku.com/?url=https%3A%2F%2Fd1x91p7vw3vuq8.cloudfront.net%2Fitemku-upload%2F202478%2Fl26q5vb9fg2egnztv2i6q_thumbnail.jpg&w=1033&q=75;;;
Streaming;Viu;Rp15.000;418 terjual;Premium+ 1 Month;https://imgop.itemku.com/?url=https%3A%2F%2Fd1x91p7vw3vuq8.cloudfront.net%2Fitemku-upload%2F2026118%2Fpr88w0xa68cuekdoadvt2j_thumbnail.jpg&w=1033&q=75;;;
Streaming;Viu;Rp800;320 terjual;1 Month;https://imgop.itemku.com/?url=https%3A%2F%2Fd1x91p7vw3vuq8.cloudfront.net%2Fitemku-upload%2F2025123%2F3eceesodkxv7exkfb5kbv6_thumbnail.jpg&w=1033&q=75;;;
Streaming;Viu;Rp600;248 terjual;1 Month;https://imgop.itemku.com/?url=https%3A%2F%2Fd1x91p7vw3vuq8.cloudfront.net%2Fitemku-upload%2F20241029%2Fdbkgru09nwnlhix7ohna58_thumbnail.jpg&w=1033&q=75;;;
Streaming;Viu;Rp6.990;187 terjual;Premium+ 1 Month;https://imgop.itemku.com/?url=https%3A%2F%2Fd1x91p7vw3vuq8.cloudfront.net%2Fitemku-upload%2F20251218%2F44utbvyfdt3pbfn9zemhd_thumbnail.jpg&w=1033&q=75;;;
Streaming;Viu;Rp15.000;157 terjual;Premium+ 1 Month;https://imgop.itemku.com/?url=https%3A%2F%2Fd1x91p7vw3vuq8.cloudfront.net%2Fitemku-upload%2F202572%2Fal4xolwpmad88x1qa5ktai_thumbnail.jpg&w=1033&q=75;;;
Streaming;Viu;Rp1.900;156 terjual;Premium+ 1 Month;https://imgop.itemku.com/?url=https%3A%2F%2Fd1x91p7vw3vuq8.cloudfront.net%2Fitemku-upload%2F2026128%2Fplmz6w4qyl708n3nenwtx_thumbnail.jpg&w=1033&q=75;;;
Streaming;Viu;Rp5.000;132 terjual;Premium+ 1 Month;https://imgop.itemku.com/?url=https%3A%2F%2Fd1x91p7vw3vuq8.cloudfront.net%2Fitemku-upload%2F20251221%2F6zxm2w0irv799pjpyfajz4_thumbnail.jpg&w=1033&q=75;;;
Streaming;Viu;Rp10.000;94 terjual;Premium+ 6 Months;https://imgop.itemku.com/?url=https%3A%2F%2Fd1x91p7vw3vuq8.cloudfront.net%2Fitemku-upload%2F2026128%2Fslswvdy0e4ux1raudsl_thumbnail.jpg&w=1033&q=75;;;
Streaming;Viu;Rp9.900;28 terjual;Premium+ 6 Months;https://imgop.itemku.com/?url=https%3A%2F%2Fd1x91p7vw3vuq8.cloudfront.net%2Fitemku-upload%2F202637%2Fh5ii1fsg8pm0cn91ikqgpeu_thumbnail.jpg&w=1033&q=75;;;
Streaming;Viu;Rp15.000;7 terjual;1 Month;https://imgop.itemku.com/?url=https%3A%2F%2Fd1x91p7vw3vuq8.cloudfront.net%2Fitemku-upload%2F2026118%2F5929agjm1cysoz755s2re8_thumbnail.jpg&w=1033&q=75;;;
Streaming;Viu;Rp5.000;6 terjual;1 Day;https://imgop.itemku.com/?url=https%3A%2F%2Fd1x91p7vw3vuq8.cloudfront.net%2Fitemku-upload%2F202572%2Fukdgmmd61pp13joe2hqc_thumbnail.jpg&w=1033&q=75;;;
Streaming;Viu;Rp145.950;4 terjual;Premium+ 6 Months;https://imgop.itemku.com/?url=https%3A%2F%2Fd1x91p7vw3vuq8.cloudfront.net%2Fitemku-upload%2F202572%2Fnv6z5bdmcz2x2tiiyyjx4_thumbnail.jpg&w=1033&q=75;;;
Streaming;Viu;Rp15.000;2 terjual;1 Month;https://imgop.itemku.com/?url=https%3A%2F%2Fd1x91p7vw3vuq8.cloudfront.net%2Fitemku-upload%2F202572%2F0wj6pslv3197wn8ah80g4h_thumbnail.jpg&w=1033&q=75;;;
Streaming;Viu;Rp120.000;;Premium+ 6 Months;https://imgop.itemku.com/?url=https%3A%2F%2Fd1x91p7vw3vuq8.cloudfront.net%2Fitemku-upload%2F20251221%2Fn22n0ptnslclvmvulg3y1_thumbnail.jpg&w=1033&q=75;;;
Streaming;Viu;Rp5.000;717 terjual;1 Month;https://imgop.itemku.com/?url=https%3A%2F%2Fd1x91p7vw3vuq8.cloudfront.net%2Fitemku-upload%2F2022121%2Fi5riklqmmxdxq6ffzpe3td_thumbnail.jpg&w=1033&q=75;;;
Streaming;Viu;Rp1.000;368 terjual;1 Month;https://imgop.itemku.com/?url=https%3A%2F%2Fd1x91p7vw3vuq8.cloudfront.net%2Fitemku-upload%2F2024830%2F38fhg29fnn4ykins2te4hq_thumbnail.jpg&w=1033&q=75;;;
Streaming;Disney+ Hotstar;Rp39.000;7429 terjual;Sharing 1 Month - 1 Device;https://imgop.itemku.com/?url=https%3A%2F%2Fd1x91p7vw3vuq8.cloudfront.net%2Fitemku-upload%2F2022612%2F0ry06yp2dx912p7l6h0aqad_thumbnail.jpg&w=1033&q=75;;;
Streaming;Disney+ Hotstar;Rp30.000;4799 terjual;Sharing 1 Month - 1 Device;https://imgop.itemku.com/?url=https%3A%2F%2Fd1x91p7vw3vuq8.cloudfront.net%2Fitemku-upload%2F202185%2F2gb95cvfyif7ppgw5va47o_thumbnail.png&w=1033&q=75;;;
Streaming;Disney+ Hotstar;Rp30.000;121 terjual;Sharing 1 Month - 1 Device;https://imgop.itemku.com/?url=https%3A%2F%2Fd1x91p7vw3vuq8.cloudfront.net%2Fitemku-upload%2F202659%2Fu6mugdlagan6c0dt0hp5ui_thumbnail.jpg&w=1033&q=75;;;
Streaming;Disney+ Hotstar;Rp29.000;10 terjual;Sharing 1 Month - 1 Device;https://imgop.itemku.com/?url=https%3A%2F%2Fd1x91p7vw3vuq8.cloudfront.net%2Fitemku-upload%2F20241030%2Fnjc1itc3t88d5dw66byl8_thumbnail.jpg&w=1033&q=75;;;
Streaming;Disney+ Hotstar;Rp28.000;3110 terjual;Sharing 1 Month - 1 Device;https://imgop.itemku.com/?url=https%3A%2F%2Fd1x91p7vw3vuq8.cloudfront.net%2Fitemku-upload%2F2025710%2Fmu3z5boh6ejfkj6bkd1mnf_thumbnail.jpg&w=1033&q=75;;;
Streaming;Disney+ Hotstar;Rp99.000;1511 terjual;Private 1 Month - 2 Devices;https://imgop.itemku.com/?url=https%3A%2F%2Fd1x91p7vw3vuq8.cloudfront.net%2Fitemku-upload%2F2022610%2Fqxzfxco24zygjkz3de3n_thumbnail.jpg&w=1033&q=75;;;
Streaming;Disney+ Hotstar;Rp98.900;801 terjual;Private 1 Month - 2 Devices;https://imgop.itemku.com/?url=https%3A%2F%2Fd1x91p7vw3vuq8.cloudfront.net%2Fitemku-upload%2F202185%2Ffbctz2kbk7qmjv4lex03f_thumbnail.jpg&w=1033&q=75;;;
Streaming;Disney+ Hotstar;Rp33.000;372 terjual;Sharing 1 Month - 1 Device;https://imgop.itemku.com/?url=https%3A%2F%2Fd1x91p7vw3vuq8.cloudfront.net%2Fitemku-upload%2F202519%2Fuhuv4ph42af7kcbwuxx93p_thumbnail.jpg&w=1033&q=75;;;
Streaming;Disney+ Hotstar;Rp26.990;310 terjual;Sharing 1 Month - 1 Device;https://imgop.itemku.com/?url=https%3A%2F%2Fd1x91p7vw3vuq8.cloudfront.net%2Fitemku-upload%2F2025827%2Ffdqycugwtgk7c33az4t8qv_thumbnail.jpg&w=1033&q=75;;;
Streaming;Disney+ Hotstar;Rp25.000;255 terjual;Sharing 1 Month - 1 Device;https://imgop.itemku.com/?url=https%3A%2F%2Fd1x91p7vw3vuq8.cloudfront.net%2Fitemku-upload%2F2025530%2Fb3fg72w1svpcuwhu0mvtg_thumbnail.jpg&w=1033&q=75;;;
Streaming;Disney+ Hotstar;Rp30.300;221 terjual;Sharing 1 Month - 1 Device;https://imgop.itemku.com/?url=https%3A%2F%2Fd1x91p7vw3vuq8.cloudfront.net%2Fitemku-upload%2F202518%2Fsl9heq0a0g4ftirf3ff1q_thumbnail.jpg&w=1033&q=75;;;
Streaming;Disney+ Hotstar;Rp50.000;208 terjual;Private 1 Month - 2 Devices;https://imgop.itemku.com/?url=https%3A%2F%2Fd1x91p7vw3vuq8.cloudfront.net%2Fitemku-upload%2F2025426%2Fvwtb1kzv4jjctux1xluzcm_thumbnail.jpg&w=1033&q=75;;;
Streaming;Disney+ Hotstar;Rp32.900;189 terjual;Sharing 1 Month - 1 Device;https://imgop.itemku.com/?url=https%3A%2F%2Fd1x91p7vw3vuq8.cloudfront.net%2Fitemku-upload%2F2025520%2Fc25dpgr4bsury8shwcsd9q_thumbnail.jpg&w=1033&q=75;;;
Streaming;Disney+ Hotstar;Rp44.990;58 terjual;Sharing 1 Month - 1 Device;https://imgop.itemku.com/?url=https%3A%2F%2Fd1x91p7vw3vuq8.cloudfront.net%2Fitemku-upload%2F2025224%2Fvksizj6sj5k38grp8fhnwk_thumbnail.jpg&w=1033&q=75;;;
Streaming;Disney+ Hotstar;Rp54.900;48 terjual;Private 1 Month - 2 Devices;https://imgop.itemku.com/?url=https%3A%2F%2Fd1x91p7vw3vuq8.cloudfront.net%2Fitemku-upload%2F2025520%2F0c1ow2pr63cm7rc0foz170u_thumbnail.jpg&w=1033&q=75;;;
Streaming;Disney+ Hotstar;Rp30.000;8 terjual;Sharing 1 Month - 1 Device;https://imgop.itemku.com/?url=https%3A%2F%2Fd1x91p7vw3vuq8.cloudfront.net%2Fitemku-upload%2F2022228%2F2wt5wr2e39bpfwxhzuygcr_thumbnail.jpg&w=1033&q=75;;;
Streaming;Disney+ Hotstar;Rp100.000;7 terjual;Private 1 Month - 2 Devices;https://imgop.itemku.com/?url=https%3A%2F%2Fd1x91p7vw3vuq8.cloudfront.net%2Fitemku-upload%2F202519%2Fkchlcdpb5nm9pr0m91wlmb_thumbnail.jpg&w=1033&q=75;;;
Streaming;Disney+ Hotstar;Rp125.000;1 terjual;Private 1 Month - 2 Devices;https://imgop.itemku.com/?url=https%3A%2F%2Fd1x91p7vw3vuq8.cloudfront.net%2Fitemku-upload%2F2022121%2F2tv4ppidr75a63is8fld7e_thumbnail.jpg&w=1033&q=75;;;
Streaming;Disney+ Hotstar;Rp30.000;1 terjual;Sharing 1 Month - 1 Device;https://imgop.itemku.com/?url=https%3A%2F%2Fd1x91p7vw3vuq8.cloudfront.net%2Fitemku-upload%2F20231220%2Ftz3nenu6aohtawc2yhpwt_thumbnail.jpg&w=1033&q=75;;;
Streaming;Disney+ Hotstar;Rp35.000;1 terjual;Sharing 1 Month - 1 Device;https://imgop.itemku.com/?url=https%3A%2F%2Fd1x91p7vw3vuq8.cloudfront.net%2Fitemku-upload%2F2025317%2Fpq726h6y277ouz3yajhdq_thumbnail.jpg&w=1033&q=75;;;
Streaming;Bilibili.tv;Rp10.000;1225 terjual;Premium 30 Hari;https://imgop.itemku.com/?url=https%3A%2F%2Fd1x91p7vw3vuq8.cloudfront.net%2Fitemku-upload%2F20241212%2Fi7b6104gzfribm9jb8awor_thumbnail.jpg&w=1033&q=75;;;
Streaming;Bilibili.tv;Rp28.000;18 terjual;Premium 30 Hari;https://imgop.itemku.com/?url=https%3A%2F%2Fd1x91p7vw3vuq8.cloudfront.net%2Fitemku-upload%2F2024611%2Fp5ze6olza8sqq0wo41y52_thumbnail.jpg&w=1033&q=75;;;
Streaming;Bilibili.tv;Rp23.500;16 terjual;Premium 30 Hari;https://imgop.itemku.com/?url=https%3A%2F%2Fd1x91p7vw3vuq8.cloudfront.net%2Fitemku-upload%2F202478%2Fictyh2i45bayjm140ul5n9_thumbnail.jpg&w=1033&q=75;;;
Streaming;Bilibili.tv;Rp40.000;5 terjual;Premium 30 Hari;https://imgop.itemku.com/?url=https%3A%2F%2Fd1x91p7vw3vuq8.cloudfront.net%2Fitemku-upload%2F2022729%2Fsru8m1h33acq3beph65cda_thumbnail.jpg&w=1033&q=75;;;
Streaming;Bilibili.tv;Rp24.000;1 terjual;Premium 30 Hari;https://imgop.itemku.com/?url=https%3A%2F%2Fd1x91p7vw3vuq8.cloudfront.net%2Fitemku-upload%2F2024121%2F3kzk7v7cku5w76x8n6o8g_thumbnail.jpg&w=1033&q=75;;;
Streaming;Bilibili.tv;Rp196.000;;Premium 1 Tahun;https://imgop.itemku.com/?url=https%3A%2F%2Fd1x91p7vw3vuq8.cloudfront.net%2Fitemku-upload%2F2026524%2Fa7zbv6netil2ol6twtpfrd_thumbnail.jpg&w=1033&q=75;;;
Streaming;YouTube Premium;Rp7.000;71061 terjual;1 Month Premium;https://imgop.itemku.com/?url=https%3A%2F%2Fd1x91p7vw3vuq8.cloudfront.net%2Fitemku-upload%2F2021711%2F4t3yvo1c00miroflwvm5a_thumbnail.jpg&w=1033&q=75;;;
Streaming;YouTube Premium;Rp6.000;62768 terjual;1 Month Premium;https://imgop.itemku.com/?url=https%3A%2F%2Fd1x91p7vw3vuq8.cloudfront.net%2Fitemku-upload%2F2024531%2F17wklo719l7k5k5kbg08af_thumbnail.jpg&w=1033&q=75;;;
Streaming;YouTube Premium;Rp5.000;21452 terjual;1 Month Premium;https://imgop.itemku.com/?url=https%3A%2F%2Fd1x91p7vw3vuq8.cloudfront.net%2Fitemku-upload%2F2023831%2Fkwrrzus4fdhygnkhgoj28i_thumbnail.jpg&w=1033&q=75;;;
Streaming;YouTube Premium;Rp4.500;19697 terjual;1 Month Premium;https://imgop.itemku.com/?url=https%3A%2F%2Fd1x91p7vw3vuq8.cloudfront.net%2Fitemku-upload%2F202381%2Feim78dn8sg8e10g25je2bj_thumbnail.jpg&w=1033&q=75;;;
Streaming;YouTube Premium;Rp3.500;;1 Month Premium;https://imgop.itemku.com/?url=https%3A%2F%2Fd1x91p7vw3vuq8.cloudfront.net%2Fitemku-upload%2F2026521%2Fegu1jumuhoglfpvf17skx8_thumbnail.jpg&w=1033&q=75;;;
Streaming;YouTube Premium;Rp4.050;5290 terjual;1 Month Premium;https://imgop.itemku.com/?url=https%3A%2F%2Fd1x91p7vw3vuq8.cloudfront.net%2Fitemku-upload%2F2025711%2Fd05pjeqao7n1hymobbu5ln_thumbnail.jpg&w=1033&q=75;;;
Streaming;YouTube Premium;Rp39.000;4714 terjual;1 Month Premium;https://imgop.itemku.com/?url=https%3A%2F%2Fd1x91p7vw3vuq8.cloudfront.net%2Fitemku-upload%2F2025425%2Fp2oaqtfsbwjqjgeh08mivm_thumbnail.jpg&w=1033&q=75;;;
Streaming;YouTube Premium;Rp14.900;3737 terjual;1 Month Premium;https://imgop.itemku.com/?url=https%3A%2F%2Fd1x91p7vw3vuq8.cloudfront.net%2Fitemku-upload%2F2026414%2Fi1emq5vcjodfgz4y1s6t9e_thumbnail.jpg&w=1033&q=75;;;
Streaming;YouTube Premium;Rp4.350;3018 terjual;1 Month Premium;https://imgop.itemku.com/?url=https%3A%2F%2Fd1x91p7vw3vuq8.cloudfront.net%2Fitemku-upload%2F2026521%2F933dmckuw2m6cp6yqsnu6b_thumbnail.jpg&w=1033&q=75;;;
Streaming;YouTube Premium;Rp5.000;2358 terjual;1 Month Premium;https://imgop.itemku.com/?url=https%3A%2F%2Fd1x91p7vw3vuq8.cloudfront.net%2Fitemku-upload%2F2022828%2F6xtco6pod8gostr7x04p79_thumbnail.jpg&w=1033&q=75;;;
Streaming;YouTube Premium;Rp35.550;1062 terjual;1 Month Premium;https://imgop.itemku.com/?url=https%3A%2F%2Fd1x91p7vw3vuq8.cloudfront.net%2Fitemku-upload%2F2025124%2Fj79k8ej9q2rekozaosqr_thumbnail.jpg&w=1033&q=75;;;
Streaming;YouTube Premium;Rp38.100;1033 terjual;1 Month Premium;https://imgop.itemku.com/?url=https%3A%2F%2Fd1x91p7vw3vuq8.cloudfront.net%2Fitemku-upload%2F202439%2Fsekh436iitvi7p5t83heq_thumbnail.jpg&w=1033&q=75;;;
Streaming;YouTube Premium;Rp3.500;816 terjual;1 Month Premium;https://imgop.itemku.com/?url=https%3A%2F%2Fd1x91p7vw3vuq8.cloudfront.net%2Fitemku-upload%2F2024921%2Fwbpnzwzwc38dkrh87fpg5g_thumbnail.jpg&w=1033&q=75;;;
Streaming;YouTube Premium;Rp3.000;707 terjual;1 Month Premium;https://imgop.itemku.com/?url=https%3A%2F%2Fd1x91p7vw3vuq8.cloudfront.net%2Fitemku-upload%2F2024109%2F7xafo3zugiu36djwnr2bfw_thumbnail.jpg&w=1033&q=75;;;
Streaming;YouTube Premium;Rp7.000;388 terjual;1 Month Premium;https://imgop.itemku.com/?url=https%3A%2F%2Fd1x91p7vw3vuq8.cloudfront.net%2Fitemku-upload%2F202476%2Fcc66ozh04uzpv700ggczn_thumbnail.jpg&w=1033&q=75;;;
Streaming;YouTube Premium;Rp7.000;320 terjual;1 Month Premium;https://imgop.itemku.com/?url=https%3A%2F%2Fd1x91p7vw3vuq8.cloudfront.net%2Fitemku-upload%2F202478%2Fif3uns3vohrkp0h2s7b8rd_thumbnail.jpg&w=1033&q=75;;;
Streaming;YouTube Premium;Rp3.200;161 terjual;1 Month Premium;https://imgop.itemku.com/?url=https%3A%2F%2Fd1x91p7vw3vuq8.cloudfront.net%2Fitemku-upload%2F202659%2Fvl8tedshd4qllznnrdnh7q_thumbnail.jpg&w=1033&q=75;;;
Streaming;YouTube Premium;Rp10.000;96 terjual;1 Month Premium;https://imgop.itemku.com/?url=https%3A%2F%2Fd1x91p7vw3vuq8.cloudfront.net%2Fitemku-upload%2F20241130%2F28xobd8rp67hpmmg4w807f_thumbnail.jpg&w=1033&q=75;;;
Streaming;YouTube Premium;Rp5.000;82 terjual;1 Month Premium;https://imgop.itemku.com/?url=https%3A%2F%2Fd1x91p7vw3vuq8.cloudfront.net%2Fitemku-upload%2F2022121%2Fwqae5ractnnt2uwk1udhm_thumbnail.jpg&w=1033&q=75;;;
Streaming;YouTube Premium;Rp5.500;60 terjual;1 Month Premium;https://imgop.itemku.com/?url=https%3A%2F%2Fd1x91p7vw3vuq8.cloudfront.net%2Fitemku-upload%2F2023422%2Fewpqwkb34q8frb0lg95iid_thumbnail.jpg&w=1033&q=75;;;
Streaming;YouTube Premium;Rp15.000;24 terjual;1 Month Premium;https://imgop.itemku.com/?url=https%3A%2F%2Fd1x91p7vw3vuq8.cloudfront.net%2Fitemku-upload%2F2024714%2Fu9ouwq51yoredv2y1ns806_thumbnail.jpg&w=1033&q=75;;;
Streaming;iQIYI;Rp9.900;1684 terjual;Premium Sharing 1 Perangkat;https://imgop.itemku.com/?url=https%3A%2F%2Fd1x91p7vw3vuq8.cloudfront.net%2Fitemku-upload%2F2025822%2Fs4u6qvospr3mr0ku8xbr6_thumbnail.jpg&w=1033&q=75;;;
Streaming;iQIYI;Rp21.825;40 terjual;Premium Sharing 1 Perangkat;https://imgop.itemku.com/?url=https%3A%2F%2Fd1x91p7vw3vuq8.cloudfront.net%2Fitemku-upload%2F202588%2F4fecffo3mrmc6td93g80x_thumbnail.jpg&w=1033&q=75;;;
Streaming;iQIYI;Rp21.825;5 terjual;Standard Sharing 1 Perangkat;https://imgop.itemku.com/?url=https%3A%2F%2Fd1x91p7vw3vuq8.cloudfront.net%2Fitemku-upload%2F202588%2Fi8bil8wel8b1sufhjlum3o_thumbnail.jpg&w=1033&q=75;;;
Streaming;iQIYI;Rp34.000;1392 terjual;Standard Private 2 Perangkat;https://imgop.itemku.com/?url=https%3A%2F%2Fd1x91p7vw3vuq8.cloudfront.net%2Fitemku-upload%2F202173%2F8a4cm8t2tf7dsnej72l6z8_thumbnail.png&w=1033&q=75;;;
Streaming;iQIYI;Rp40.000;1007 terjual;Premium Private 4 Perangkat;https://imgop.itemku.com/?url=https%3A%2F%2Fd1x91p7vw3vuq8.cloudfront.net%2Fitemku-upload%2F202173%2Fqqvavmbuhsdswj7s8etxw_thumbnail.jpg&w=1033&q=75;;;
Streaming;iQIYI;Rp45.000;840 terjual;Premium Private 4 Perangkat;https://imgop.itemku.com/?url=https%3A%2F%2Fd1x91p7vw3vuq8.cloudfront.net%2Fweb%2F20201216%2F8b82c1d819315f3d91d906d428f13c6265044c12c11c2a836d18fff3e7375aaf_thumb.jpg&w=1033&q=75;;;
Streaming;iQIYI;Rp35.000;601 terjual;Standard Private 2 Perangkat;https://imgop.itemku.com/?url=https%3A%2F%2Fd1x91p7vw3vuq8.cloudfront.net%2Fitemku-upload%2F202251%2Flbnh5jpbztex73n7p27zli_thumbnail.jpg&w=1033&q=75;;;
Streaming;iQIYI;Rp5.000;575 terjual;Standard Sharing 1 Perangkat;https://imgop.itemku.com/?url=https%3A%2F%2Fd1x91p7vw3vuq8.cloudfront.net%2Fitemku-upload%2F2025524%2Fjs26j5plwlo83q1zbxn6v8_thumbnail.jpg&w=1033&q=75;;;
Streaming;iQIYI;Rp7.000;326 terjual;Premium Sharing 1 Perangkat;https://imgop.itemku.com/?url=https%3A%2F%2Fd1x91p7vw3vuq8.cloudfront.net%2Fitemku-upload%2F2025524%2F6zajdqut6rn5z5jo2j8xw_thumbnail.jpg&w=1033&q=75;;;
Streaming;iQIYI;Rp14.000;275 terjual;Standard Private 2 Perangkat;https://imgop.itemku.com/?url=https%3A%2F%2Fd1x91p7vw3vuq8.cloudfront.net%2Fitemku-upload%2F2025524%2Fue4mrgln02nd8f3fgrwif_thumbnail.jpg&w=1033&q=75;;;
Streaming;iQIYI;Rp25.000;166 terjual;Standard Private 2 Perangkat;https://imgop.itemku.com/?url=https%3A%2F%2Fd1x91p7vw3vuq8.cloudfront.net%2Fitemku-upload%2F202478%2Fo9n8757h0y61rhofpfis4_thumbnail.jpg&w=1033&q=75;;;
Streaming;iQIYI;Rp16.000;83 terjual;Premium Private 4 Perangkat;https://imgop.itemku.com/?url=https%3A%2F%2Fd1x91p7vw3vuq8.cloudfront.net%2Fitemku-upload%2F2025524%2Fu3e3kgkchbjai46oe1o9c_thumbnail.jpg&w=1033&q=75;;;
Streaming;iQIYI;Rp29.000;72 terjual;Premium Private 4 Perangkat;https://imgop.itemku.com/?url=https%3A%2F%2Fd1x91p7vw3vuq8.cloudfront.net%2Fitemku-upload%2F202478%2Fikj3m6u7hn9yk7rtrorbse_thumbnail.jpg&w=1033&q=75;;;
Streaming;iQIYI;Rp16.350;65 terjual;Standard Private 2 Perangkat;https://imgop.itemku.com/?url=https%3A%2F%2Fd1x91p7vw3vuq8.cloudfront.net%2Fitemku-upload%2F202623%2Fibn0ongfzz9s68ljcfw6m_thumbnail.jpg&w=1033&q=75;;;
Streaming;iQIYI;Rp5.999;22 terjual;Standard Sharing 1 Perangkat;https://imgop.itemku.com/?url=https%3A%2F%2Fd1x91p7vw3vuq8.cloudfront.net%2Fitemku-upload%2F202623%2F5j6icstx479yc3sst2imy_thumbnail.jpg&w=1033&q=75;;;
Streaming;iQIYI;Rp31.000;21 terjual;Standard Private 2 Perangkat;https://imgop.itemku.com/?url=https%3A%2F%2Fd1x91p7vw3vuq8.cloudfront.net%2Fitemku-upload%2F202519%2Fnxx8xfxe3c7v3b82obpmu_thumbnail.jpg&w=1033&q=75;;;
Streaming;iQIYI;Rp35.000;7 terjual;Premium Sharing 1 Perangkat;https://imgop.itemku.com/?url=https%3A%2F%2Fd1x91p7vw3vuq8.cloudfront.net%2Fitemku-upload%2F2022110%2Fce0w65zbdia59tp61anlad_thumbnail.jpg&w=1033&q=75;;;
Streaming;iQIYI;Rp29.000;6 terjual;Standard Private 2 Perangkat;https://imgop.itemku.com/?url=https%3A%2F%2Fd1x91p7vw3vuq8.cloudfront.net%2Fitemku-upload%2F2022110%2Fk30s3ky6gwhbeyxs1pwg6e_thumbnail.jpg&w=1033&q=75;;;
Streaming;iQIYI;Rp12.500;4 terjual;Standard Sharing 1 Perangkat;https://imgop.itemku.com/?url=https%3A%2F%2Fd1x91p7vw3vuq8.cloudfront.net%2Fitemku-upload%2F2025822%2Fz09c5k238xgc545bvup3s_thumbnail.jpg&w=1033&q=75;;;
Streaming;iQIYI;Rp29.900;4 terjual;Premium Private 4 Perangkat;https://imgop.itemku.com/?url=https%3A%2F%2Fd1x91p7vw3vuq8.cloudfront.net%2Fitemku-upload%2F20241030%2F1h0ebcqqxj9mk6u2f070q_thumbnail.jpg&w=1033&q=75;;;
Streaming;Netflix;Rp23.999;32975 terjual;Sharing 1 Month - 1 Profile UHD (Region ID);https://imgop.itemku.com/?url=https%3A%2F%2Fd1x91p7vw3vuq8.cloudfront.net%2Fitemku-upload%2F2026412%2Flk2g66k4uij4q43k1zz3_thumbnail.jpg&w=1033&q=75;;;
Streaming;Netflix;Rp19.990;13061 terjual;Sharing 1 Month - 1 Profile UHD (Region ID);https://imgop.itemku.com/?url=https%3A%2F%2Fd1x91p7vw3vuq8.cloudfront.net%2Fitemku-upload%2F2025521%2Fg8dc0meioes7ku24vethjg_thumbnail.jpg&w=1033&q=75;;;
Streaming;Netflix;Rp23.500;12900 terjual;Sharing 1 Month - 1 Profile UHD (Region ID);https://imgop.itemku.com/?url=https%3A%2F%2Fd1x91p7vw3vuq8.cloudfront.net%2Fitemku-upload%2F20231119%2Fmi6frrn0lzl02xkp8c7yycm_thumbnail.jpg&w=1033&q=75;;;
Streaming;Netflix;Rp47.000;11338 terjual;Sharing 1 Month - 1 Profile UHD (Region ID);https://imgop.itemku.com/?url=https%3A%2F%2Fd1x91p7vw3vuq8.cloudfront.net%2Fitemku-upload%2F2021125%2Fuo80t2ez5cpuel4w2gbf29_thumbnail.jpg&w=1033&q=75;;;
Streaming;Netflix;Rp35.000;2035 terjual;Sharing 1 Month - 1 Profile UHD (Region ID);https://imgop.itemku.com/?url=https%3A%2F%2Fd1x91p7vw3vuq8.cloudfront.net%2Fitemku-upload%2F2024108%2Fxzbo3lgjp2z07nw4noc7l_thumbnail.jpg&w=1033&q=75;;;
Streaming;Netflix;Rp21.000;9130 terjual;Sharing 1 Month - 1 Profile UHD (Region ID);https://imgop.itemku.com/?url=https%3A%2F%2Fd1x91p7vw3vuq8.cloudfront.net%2Fitemku-upload%2F2025527%2Fow55r3r8osud8dq9svl0n_thumbnail.jpg&w=1033&q=75;;;
Streaming;Netflix;Rp29.999;5951 terjual;Sharing 1 Month - 1 Profile UHD (Region ID);https://imgop.itemku.com/?url=https%3A%2F%2Fd1x91p7vw3vuq8.cloudfront.net%2Fitemku-upload%2F20241114%2Ff9mifv69qj220tsqro5mc_thumbnail.jpg&w=1033&q=75;;;
Streaming;Netflix;Rp25.000;5738 terjual;Sharing 1 Month - 1 Profile UHD (Region ID);https://imgop.itemku.com/?url=https%3A%2F%2Fd1x91p7vw3vuq8.cloudfront.net%2Fitemku-upload%2F2025725%2Fmn77q9vk4l9wfjugmxbasc_thumbnail.jpg&w=1033&q=75;;;
Streaming;Netflix;Rp20.300;4553 terjual;Sharing 1 Month - 1 Profile UHD (Region ID);https://imgop.itemku.com/?url=https%3A%2F%2Fd1x91p7vw3vuq8.cloudfront.net%2Fitemku-upload%2F202618%2F86cl20dpgi4futzpzimb4t_thumbnail.jpg&w=1033&q=75;;;
Streaming;Netflix;Rp26.000;2298 terjual;Sharing 1 Month - 1 Profile UHD (Region ID);https://imgop.itemku.com/?url=https%3A%2F%2Fd1x91p7vw3vuq8.cloudfront.net%2Fitemku-upload%2F20231019%2F9nabdgphv2w8qcl065sn1t_thumbnail.jpg&w=1033&q=75;;;
Streaming;Netflix;Rp35.000;1090 terjual;Sharing 1 Month - 1 Profile UHD (Region ID);https://imgop.itemku.com/?url=https%3A%2F%2Fd1x91p7vw3vuq8.cloudfront.net%2Fitemku-upload%2F202492%2Fedgs9zkn894ddubhq2e9lw_thumbnail.jpg&w=1033&q=75;;;
Streaming;Netflix;Rp25.000;1014 terjual;Sharing 1 Month - 1 Profile UHD (Region ID);https://imgop.itemku.com/?url=https%3A%2F%2Fd1x91p7vw3vuq8.cloudfront.net%2Fitemku-upload%2F2025312%2Fzks8114povtyxvnky30m_thumbnail.jpg&w=1033&q=75;;;
Streaming;Netflix;Rp20.000;822 terjual;Sharing 1 Month - 1 Profile UHD (Region ID);https://imgop.itemku.com/?url=https%3A%2F%2Fd1x91p7vw3vuq8.cloudfront.net%2Fitemku-upload%2F2024109%2Fab21ohltyunsgb6dv79m_thumbnail.jpg&w=1033&q=75;;;
Streaming;Netflix;Rp25.000;732 terjual;Sharing 1 Month - 1 Profile UHD (Region PK);https://imgop.itemku.com/?url=https%3A%2F%2Fd1x91p7vw3vuq8.cloudfront.net%2Fitemku-upload%2F2025312%2Fxomry3vwghhqmvsh11aok_thumbnail.jpg&w=1033&q=75;;;
Streaming;Netflix;Rp19.000;337 terjual;Sharing 1 Month - 1 Profile UHD (Region PK);https://imgop.itemku.com/?url=https%3A%2F%2Fd1x91p7vw3vuq8.cloudfront.net%2Fitemku-upload%2F2026421%2Fr3mmnthra0as2aeq4unjj_thumbnail.jpg&w=1033&q=75;;;
Streaming;Netflix;Rp25.000;189 terjual;Sharing 1 Bulan 1 Profil UHD (Region PH);https://imgop.itemku.com/?url=https%3A%2F%2Fd1x91p7vw3vuq8.cloudfront.net%2Fitemku-upload%2F2025312%2Faavuag3cacbj664lufkll_thumbnail.jpg&w=1033&q=75;;;
Streaming;Netflix;Rp42.000;188 terjual;Sharing 1 Month - 1 Profile UHD (Region ID);https://imgop.itemku.com/?url=https%3A%2F%2Fd1x91p7vw3vuq8.cloudfront.net%2Fitemku-upload%2F2024624%2Fho4btytjm0sdcidf075i65_thumbnail.jpg&w=1033&q=75;;;
Streaming;Netflix;Rp180.000;135 terjual;Private 1 Month - 4 Devices UHD (Region ID);https://imgop.itemku.com/?url=https%3A%2F%2Fd1x91p7vw3vuq8.cloudfront.net%2Fitemku-upload%2F2024224%2Fnui5eir99un2afaur9ydom_thumbnail.jpg&w=1033&q=75;;;
Streaming;Netflix;Rp42.000;42 terjual;Sharing 1 Bulan 1 Profil UHD (Region PH);https://imgop.itemku.com/?url=https%3A%2F%2Fd1x91p7vw3vuq8.cloudfront.net%2Fitemku-upload%2F202475%2Fa1j0bl827vgs0w2cg5ebu9_thumbnail.jpg&w=1033&q=75;;;
Streaming;Netflix;Rp124.990;35 terjual;Sharing 1 Month - 1 Profile UHD (Region ID);https://imgop.itemku.com/?url=https%3A%2F%2Fd1x91p7vw3vuq8.cloudfront.net%2Fitemku-upload%2F2025111%2F7eyhbnf1cxdl580m46qodi_thumbnail.jpg&w=1033&q=75;;;
Streaming;Netflix;Rp42.000;34 terjual;Sharing 1 Month - 1 Profile UHD (Region PH);https://imgop.itemku.com/?url=https%3A%2F%2Fd1x91p7vw3vuq8.cloudfront.net%2Fitemku-upload%2F202475%2Fjrzpvi1rrt7l9xys9r6mg_thumbnail.jpg&w=1033&q=75;;;
Live Show;Poppo Live;Rp2.870;;1.000 Coins;https://imgop.itemku.com/?url=https%3A%2F%2Fd1x91p7vw3vuq8.cloudfront.net%2Fitem-type%2F2025529%2Fj0aathp9qlc7o195hhx0y4.png&w=96&q=75;;;
Live Show;Poppo Live;Rp9.613;;5.000 Coins;https://imgop.itemku.com/?url=https%3A%2F%2Fd1x91p7vw3vuq8.cloudfront.net%2Fitem-type%2F2025529%2Fhm5kylw8hgtb7t95bub3o.png&w=96&q=75;;;
Live Show;Poppo Live;Rp13.457;;7.000 Coins;https://imgop.itemku.com/?url=https%3A%2F%2Fd1x91p7vw3vuq8.cloudfront.net%2Fitem-type%2F2025529%2Fbpydn7h3vrx6s8q41pr9l.png&w=96&q=75;;;
Live Show;Poppo Live;Rp19.226;;10.000 Coins;https://imgop.itemku.com/?url=https%3A%2F%2Fd1x91p7vw3vuq8.cloudfront.net%2Fitem-type%2F2025529%2Fy2svtdmwtnqvk4lc3kbm4.png&w=96&q=75;;;
Live Show;Poppo Live;Rp40.179;;21.000 Coins;https://imgop.itemku.com/?url=https%3A%2F%2Fd1x91p7vw3vuq8.cloudfront.net%2Fitem-type%2F2025529%2Fwqq0pkohjr8dbzar3vmr2.png&w=96&q=75;;;
Live Show;Poppo Live;Rp48.977;;25.500 Coins;https://imgop.itemku.com/?url=https%3A%2F%2Fd1x91p7vw3vuq8.cloudfront.net%2Fitem-type%2F2025529%2Fchnfxqkrsau2ubg4im203f.png&w=96&q=75;;;
Live Show;Poppo Live;Rp83.627;;43.500 Coins;https://imgop.itemku.com/?url=https%3A%2F%2Fd1x91p7vw3vuq8.cloudfront.net%2Fitem-type%2F2025529%2Fmet6wx6hvi4x76e6q9fli.png&w=96&q=75;;;
Live Show;Poppo Live;Rp84.670;;43.750 Coins;https://imgop.itemku.com/?url=https%3A%2F%2Fd1x91p7vw3vuq8.cloudfront.net%2Fitem-type%2F2025529%2Flpp17p0crdjedub41rffxf.png&w=96&q=75;;;
Live Show;Poppo Live;Rp159.412;;83.000 Coins;https://imgop.itemku.com/?url=https%3A%2F%2Fd1x91p7vw3vuq8.cloudfront.net%2Fitem-type%2F2025529%2F7og9a3dwcswi50b469abps.png&w=96&q=75;;;
Live Show;Poppo Live;Rp170.400;;88.000 Coins;https://imgop.itemku.com/?url=https%3A%2F%2Fd1x91p7vw3vuq8.cloudfront.net%2Fitem-type%2F2025529%2F340xn175c2bp25d2xkn88.png&w=96&q=75;;;
Live Show;Poppo Live;Rp172.400;;88.990 Coins;https://imgop.itemku.com/?url=https%3A%2F%2Fd1x91p7vw3vuq8.cloudfront.net%2Fitem-type%2F2025529%2F32b25z1ro5b02gxjmr1pliw.png&w=96&q=75;;;
Live Show;Poppo Live;Rp344.484;;178.000 Coins;https://imgop.itemku.com/?url=https%3A%2F%2Fd1x91p7vw3vuq8.cloudfront.net%2Fitem-type%2F2025529%2Fagw949t48g9zhwrenpch7.png&w=96&q=75;;;
Live Show;Poppo Live;Rp345.713;;180.000 Coins;https://imgop.itemku.com/?url=https%3A%2F%2Fd1x91p7vw3vuq8.cloudfront.net%2Fitem-type%2F2025529%2Fui7kpyecpbfjwhf6gsvow.png&w=96&q=75;;;
Live Show;Poppo Live;Rp483.998;;252.000 Coins;https://imgop.itemku.com/?url=https%3A%2F%2Fd1x91p7vw3vuq8.cloudfront.net%2Fitem-type%2F2025529%2Fh2y6c5zrvrons6078sv03d.png&w=96&q=75;;;
Live Show;Poppo Live;Rp518.569;;270.000 Coins;https://imgop.itemku.com/?url=https%3A%2F%2Fd1x91p7vw3vuq8.cloudfront.net%2Fitem-type%2F2025529%2Fi3n6ukg74yxjirzoryl7e.png&w=96&q=75;;;
Live Show;Poppo Live;Rp528.337;;273.000 Coins;https://imgop.itemku.com/?url=https%3A%2F%2Fd1x91p7vw3vuq8.cloudfront.net%2Fitem-type%2F2025529%2F7c04r7s5887h1xx8h01saq.png&w=96&q=75;;;
Live Show;Poppo Live;Rp825.868;;430.000 Coins;https://imgop.itemku.com/?url=https%3A%2F%2Fd1x91p7vw3vuq8.cloudfront.net%2Fitem-type%2F2025529%2Fh2mkgythfrpn45toc654ue.png&w=96&q=75;;;
Live Show;Poppo Live;Rp864.281;;450.000 Coins;https://imgop.itemku.com/?url=https%3A%2F%2Fd1x91p7vw3vuq8.cloudfront.net%2Fitem-type%2F2025529%2Fga593zmu2a98nz1e5bhu3b.png&w=96&q=75;;;
Live Show;Poppo Live;Rp871.730;;455.000 Coins;https://imgop.itemku.com/?url=https%3A%2F%2Fd1x91p7vw3vuq8.cloudfront.net%2Fitem-type%2F2025529%2Fcqk16q4k9t8yhgjtsvmuk.png&w=96&q=75;;;
Live Show;Poppo Live;Rp1.670.943;;870.000 Coins;https://imgop.itemku.com/?url=https%3A%2F%2Fd1x91p7vw3vuq8.cloudfront.net%2Fitem-type%2F2025529%2Fzw0gl8yao9d8c4179noomm.png&w=96&q=75;;;
Live Show;Poppo Live;Rp1.744.760;;910.000 Coins;https://imgop.itemku.com/?url=https%3A%2F%2Fd1x91p7vw3vuq8.cloudfront.net%2Fitem-type%2F2025529%2Fe8fok1mzwnksqxe873b0d.png&w=96&q=75;;;
Live Show;Poppo Live;Rp1.768.600;;920.000 Coins;https://imgop.itemku.com/?url=https%3A%2F%2Fd1x91p7vw3vuq8.cloudfront.net%2Fitem-type%2F2025529%2Fsvnkm1fctvm1f17ofjrtrs.png&w=96&q=75;;;
Live Show;Poppo Live;Rp3.418.710;;1.780.000 Coins;https://imgop.itemku.com/?url=https%3A%2F%2Fd1x91p7vw3vuq8.cloudfront.net%2Fitem-type%2F2025529%2Fe32mj477z2sg4tw5zh411u.png&w=96&q=75;;;
Live Show;Poppo Live;Rp3.495.535;;1.820.000 Coins;https://imgop.itemku.com/?url=https%3A%2F%2Fd1x91p7vw3vuq8.cloudfront.net%2Fitem-type%2F2025529%2Fimt0q6rvhr0lowiropuzqe.png&w=96&q=75;;;
Live Show;Poppo Live;Rp3.530.110;;1.840.000 Coins;https://imgop.itemku.com/?url=https%3A%2F%2Fd1x91p7vw3vuq8.cloudfront.net%2Fitem-type%2F2025529%2Fs9kcb8yevdmxtgxu316ye.png&w=96&q=75;;;
Live Show;Poppo Live;Rp5.235.350;;2.730.000 Coins;https://imgop.itemku.com/?url=https%3A%2F%2Fd1x91p7vw3vuq8.cloudfront.net%2Fitem-type%2F2025529%2Fk8083efpl87iw8cjwv6bn.png&w=96&q=75;;;
Live Show;Poppo Live;Rp5.302.490;;2.760.000 Coins;https://imgop.itemku.com/?url=https%3A%2F%2Fd1x91p7vw3vuq8.cloudfront.net%2Fitem-type%2F2025529%2Fnqrp7zeedgbdhsgot13ejv.png&w=96&q=75;;;
Live Show;Poppo Live;Rp8.538.130;;4.450.000 Coins;https://imgop.itemku.com/?url=https%3A%2F%2Fd1x91p7vw3vuq8.cloudfront.net%2Fitem-type%2F2025529%2F81uu2fzg7baa6eca9aej3b.png&w=96&q=75;;;
Live Show;Poppo Live;Rp8.726.250;;4.550.000 Coins;https://imgop.itemku.com/?url=https%3A%2F%2Fd1x91p7vw3vuq8.cloudfront.net%2Fitem-type%2F2025529%2Fnuo5u8oy8w89l05uvn9l87.png&w=96&q=75;;;
Live Show;Poppo Live;Rp8.833.590;;4.600.000 Coins;https://imgop.itemku.com/?url=https%3A%2F%2Fd1x91p7vw3vuq8.cloudfront.net%2Fitem-type%2F2025529%2F9q0rxkrpv4ub2s27grpsf.png&w=96&q=75;;;
Live Show;Poppo Live;Rp17.077.620;;8.900.000 Coins;https://imgop.itemku.com/?url=https%3A%2F%2Fd1x91p7vw3vuq8.cloudfront.net%2Fitem-type%2F2025529%2F0ks1dtqad2t1duki0hnivg.png&w=96&q=75;;;
Live Show;Lemo;Rp23.400;;100 Coin;https://imgop.itemku.com/?url=https%3A%2F%2Fd1x91p7vw3vuq8.cloudfront.net%2Fitem-type%2F2025826%2Fy828yrr1up7smr165ttyo.jpg&w=96&q=75;;;
Live Show;Lemo;Rp56.700;;260 Coin;https://imgop.itemku.com/?url=https%3A%2F%2Fd1x91p7vw3vuq8.cloudfront.net%2Fitem-type%2F2025826%2Flaxhujfc0k2t1ob73a4of.jpg&w=96&q=75;;;
Live Show;Lemo;Rp120.000;;560 Coin;https://imgop.itemku.com/?url=https%3A%2F%2Fd1x91p7vw3vuq8.cloudfront.net%2Fitem-type%2F2025826%2Fp4cq5nn6asjzxd5g22fi7d.jpg&w=96&q=75;;;
Live Show;Lemo;Rp240.000;;1150 Coin;https://imgop.itemku.com/?url=https%3A%2F%2Fd1x91p7vw3vuq8.cloudfront.net%2Fitem-type%2F2025826%2Fmm3gjsq78org14mabqlh.jpg&w=96&q=75;;;
Live Show;Lemo;Rp961.200;;4700 Coin;https://imgop.itemku.com/?url=https%3A%2F%2Fd1x91p7vw3vuq8.cloudfront.net%2Fitem-type%2F2025826%2Fjodn5zu6gs80l7z22dexupb.jpg&w=96&q=75;;;
Live Show;Lemo;Rp2.986.400;;12000 Coin;https://imgop.itemku.com/?url=https%3A%2F%2Fd1x91p7vw3vuq8.cloudfront.net%2Fitem-type%2F2025826%2Fl2ogml0d8dcnb2eh9zuhrm.jpg&w=96&q=75;;;
Live Show;Lemo;Rp5.895.000;;31000 Coin;https://imgop.itemku.com/?url=https%3A%2F%2Fd1x91p7vw3vuq8.cloudfront.net%2Fitem-type%2F2025826%2Fj2606ry7ipdj82tmlwypuf.jpg&w=96&q=75;;;
Live Show;MLiveU;Rp52.000;;Rp50.000;https://imgop.itemku.com/?url=https%3A%2F%2Fd1x91p7vw3vuq8.cloudfront.net%2Fitem-type%2F20251223%2F8uk3gqmyn9r4nhv0s2vog.webp&w=48&q=75;;;
Live Show;MLiveU;Rp106.900;;Rp100.000;https://imgop.itemku.com/?url=https%3A%2F%2Fd1x91p7vw3vuq8.cloudfront.net%2Fitem-type%2F20251223%2F8uk3gqmyn9r4nhv0s2vog.webp&w=48&q=75;;;
Live Show;MLiveU;Rp149.500;;Rp150.000;https://imgop.itemku.com/?url=https%3A%2F%2Fd1x91p7vw3vuq8.cloudfront.net%2Fitem-type%2F20251223%2F8uk3gqmyn9r4nhv0s2vog.webp&w=48&q=75;;;
Live Show;MLiveU;Rp203.500;;Rp200.000;https://imgop.itemku.com/?url=https%3A%2F%2Fd1x91p7vw3vuq8.cloudfront.net%2Fitem-type%2F20251223%2F8uk3gqmyn9r4nhv0s2vog.webp&w=48&q=75;;;
Live Show;MLiveU;Rp254.000;;Rp250.000;https://imgop.itemku.com/?url=https%3A%2F%2Fd1x91p7vw3vuq8.cloudfront.net%2Fitem-type%2F20251223%2F8uk3gqmyn9r4nhv0s2vog.webp&w=48&q=75;;;
Live Show;MLiveU;Rp299.000;;Rp300.000;https://imgop.itemku.com/?url=https%3A%2F%2Fd1x91p7vw3vuq8.cloudfront.net%2Fitem-type%2F20251223%2F8uk3gqmyn9r4nhv0s2vog.webp&w=48&q=75;;;
Live Show;MLiveU;Rp520.000;;Rp500.000;https://imgop.itemku.com/?url=https%3A%2F%2Fd1x91p7vw3vuq8.cloudfront.net%2Fitem-type%2F20251223%2F8uk3gqmyn9r4nhv0s2vog.webp&w=48&q=75;;;
Live Show;MLiveU;Rp625.000;;Rp600.000;https://imgop.itemku.com/?url=https%3A%2F%2Fd1x91p7vw3vuq8.cloudfront.net%2Fitem-type%2F20251223%2F8uk3gqmyn9r4nhv0s2vog.webp&w=48&q=75;;;
Live Show;MLiveU;Rp720.000;;Rp700.000;https://imgop.itemku.com/?url=https%3A%2F%2Fd1x91p7vw3vuq8.cloudfront.net%2Fitem-type%2F20251223%2F8uk3gqmyn9r4nhv0s2vog.webp&w=48&q=75;;;
Live Show;MLiveU;Rp1.146.900;;162131 Coupon;https://imgop.itemku.com/?url=https%3A%2F%2Fd1x91p7vw3vuq8.cloudfront.net%2Fitem-type%2F20251223%2Fx48dypc7olii2j8ge91s6.webp&w=96&q=75;;;
Live Show;MLiveU;Rp2.867.252;;405328 Coupon;https://imgop.itemku.com/?url=https%3A%2F%2Fd1x91p7vw3vuq8.cloudfront.net%2Fitem-type%2F20251223%2Fsk3xi7fl4zlvwculk6b1qa.webp&w=96&q=75;;;
Live Show;MLiveU;Rp573.451;;81065 Coupon;https://imgop.itemku.com/?url=https%3A%2F%2Fd1x91p7vw3vuq8.cloudfront.net%2Fitem-type%2F20251223%2Fky8oou58hyf3tq8c5emyt1.webp&w=96&q=75;;;
Live Show;MLiveU;Rp860.176;;121598 Coupon;https://imgop.itemku.com/?url=https%3A%2F%2Fd1x91p7vw3vuq8.cloudfront.net%2Fitem-type%2F20251223%2Fiyjk7hb2oh7fe3unhc65ck.webp&w=96&q=75;;;
Live Show;MLiveU;Rp286.725;;40532 Coupon;https://imgop.itemku.com/?url=https%3A%2F%2Fd1x91p7vw3vuq8.cloudfront.net%2Fitem-type%2F20251223%2Fwfg5kob541e2os53im84.webp&w=96&q=75;;;
Live Show;MLiveU;Rp143.362;;20266 Coupon;https://imgop.itemku.com/?url=https%3A%2F%2Fd1x91p7vw3vuq8.cloudfront.net%2Fitem-type%2F20251223%2Ffapep426kobb51jls6mt6.webp&w=96&q=75;;;
Live Show;MLiveU;Rp114.691;;16212 Coupon;https://imgop.itemku.com/?url=https%3A%2F%2Fd1x91p7vw3vuq8.cloudfront.net%2Fitem-type%2F20251223%2Frz74fy2zshseg3e0zunnwh.webp&w=96&q=75;;;
Live Show;MLiveU;Rp86.018;;12159 Coupon;https://imgop.itemku.com/?url=https%3A%2F%2Fd1x91p7vw3vuq8.cloudfront.net%2Fitem-type%2F20251223%2Fglcofvi8u4b0okeh5vsl1pa.webp&w=96&q=75;;;
Live Show;MLiveU;Rp1.433.625;;202664 Coupon;https://imgop.itemku.com/?url=https%3A%2F%2Fd1x91p7vw3vuq8.cloudfront.net%2Fitem-type%2F20251223%2Fxbl2xnrywif8lifguvybqu.webp&w=96&q=75;;;
Live Show;Bermuda;Rp23.160;;200 Coin;https://imgop.itemku.com/?url=https%3A%2F%2Fd1x91p7vw3vuq8.cloudfront.net%2Fgame%2F2025118%2F04acnotkkdu376c8jcunrfd.png&w=64&q=75;;;
Live Show;Bermuda;Rp55.000;;500 Coin;https://imgop.itemku.com/?url=https%3A%2F%2Fd1x91p7vw3vuq8.cloudfront.net%2Fgame%2F2025118%2F04acnotkkdu376c8jcunrfd.png&w=64&q=75;;;
Live Show;Bermuda;Rp110.000;;1200 Coin;https://imgop.itemku.com/?url=https%3A%2F%2Fd1x91p7vw3vuq8.cloudfront.net%2Fgame%2F2025118%2F04acnotkkdu376c8jcunrfd.png&w=64&q=75;;;
Live Show;Bermuda;Rp220.000;;2500 Coin;https://imgop.itemku.com/?url=https%3A%2F%2Fd1x91p7vw3vuq8.cloudfront.net%2Fgame%2F2025118%2F04acnotkkdu376c8jcunrfd.png&w=64&q=75;;;
Live Show;Bermuda;Rp455.000;;6500 Coin;https://imgop.itemku.com/?url=https%3A%2F%2Fd1x91p7vw3vuq8.cloudfront.net%2Fgame%2F2025118%2F04acnotkkdu376c8jcunrfd.png&w=64&q=75;;;
Live Show;Bermuda;Rp950.000;;14000 Coin;https://imgop.itemku.com/?url=https%3A%2F%2Fd1x91p7vw3vuq8.cloudfront.net%2Fgame%2F2025118%2F04acnotkkdu376c8jcunrfd.png&w=64&q=75;;;
Live Show;Bermuda;Rp2.000.000;;33000 Coin;https://imgop.itemku.com/?url=https%3A%2F%2Fd1x91p7vw3vuq8.cloudfront.net%2Fgame%2F2025118%2F04acnotkkdu376c8jcunrfd.png&w=64&q=75;;;
Live Show;BIGO Live;Rp1.890;;5 Diamonds;https://imgop.itemku.com/?url=https%3A%2F%2Fd1x91p7vw3vuq8.cloudfront.net%2Fitem-type%2F2025414%2Fsibkrfe6kaobwy737tv2a7.png&w=96&q=75;;;
Live Show;BIGO Live;Rp3.400;;10 Diamonds;https://imgop.itemku.com/?url=https%3A%2F%2Fd1x91p7vw3vuq8.cloudfront.net%2Fitem-type%2F2025414%2Feyimjl2w1j30h46tntpxc.png&w=96&q=75;;;
Live Show;BIGO Live;Rp5.430;;11 Diamonds;https://imgop.itemku.com/?url=https%3A%2F%2Fd1x91p7vw3vuq8.cloudfront.net%2Fitem-type%2F2025414%2Fxyuqxxy2tz34vgrqymslk.png&w=96&q=75;;;
Live Show;BIGO Live;Rp5.430;;13 Diamonds;https://imgop.itemku.com/?url=https%3A%2F%2Fd1x91p7vw3vuq8.cloudfront.net%2Fitem-type%2F2025414%2Fh19m2lm1sid93zfuvlws0h.png&w=96&q=75;;;
Live Show;BIGO Live;Rp5.430;;14 Diamonds;https://imgop.itemku.com/?url=https%3A%2F%2Fd1x91p7vw3vuq8.cloudfront.net%2Fitem-type%2F2025414%2Flt20i2vetnovfplj4iamuk.png&w=96&q=75;;;
Live Show;BIGO Live;Rp6.600;;20 Diamonds;https://imgop.itemku.com/?url=https%3A%2F%2Fd1x91p7vw3vuq8.cloudfront.net%2Fitem-type%2F2025414%2F5oapmrc0k1b8wymylckrie.png&w=96&q=75;;;
Live Show;BIGO Live;Rp10.480;;28 Diamonds;https://imgop.itemku.com/?url=https%3A%2F%2Fd1x91p7vw3vuq8.cloudfront.net%2Fitem-type%2F2025414%2Fem3vle208ybyl43p0axgx.png&w=96&q=75;;;
Live Show;BIGO Live;Rp12.320;;34 Diamonds;https://imgop.itemku.com/?url=https%3A%2F%2Fd1x91p7vw3vuq8.cloudfront.net%2Fitem-type%2F2025414%2Fhj6z2igejbke1n26n31oo8.png&w=96&q=75;;;
Live Show;BIGO Live;Rp16.580;;50 Diamonds;https://imgop.itemku.com/?url=https%3A%2F%2Fd1x91p7vw3vuq8.cloudfront.net%2Fitem-type%2F2025414%2Fes3z5nhd3e9zki419vomq.png&w=96&q=75;;;
Live Show;BIGO Live;Rp19.110;;53 Diamonds;https://imgop.itemku.com/?url=https%3A%2F%2Fd1x91p7vw3vuq8.cloudfront.net%2Fitem-type%2F2025414%2F671pno59g4pygl00g0fdo.png&w=96&q=75;;;
Live Show;BIGO Live;Rp33.100;;100 Diamonds;https://imgop.itemku.com/?url=https%3A%2F%2Fd1x91p7vw3vuq8.cloudfront.net%2Fitem-type%2F2025414%2Fvqrw4f3muv3w51moq6nh4.png&w=96&q=75;;;
Live Show;BIGO Live;Rp39.680;;115 Diamonds;https://imgop.itemku.com/?url=https%3A%2F%2Fd1x91p7vw3vuq8.cloudfront.net%2Fitem-type%2F2025414%2Fo6awu5l24wbg5hdq4smjuu.png&w=96&q=75;;;
Live Show;BIGO Live;Rp40.133;;120 Diamonds;https://imgop.itemku.com/?url=https%3A%2F%2Fd1x91p7vw3vuq8.cloudfront.net%2Fitem-type%2F2025415%2Fckjgensxlbtxoprxn4pc8.png&w=96&q=75;;;
Live Show;BIGO Live;Rp46.710;;132 Diamonds;https://imgop.itemku.com/?url=https%3A%2F%2Fd1x91p7vw3vuq8.cloudfront.net%2Fitem-type%2F2025414%2Fzg497wgxbjqm22nz82rnu.png&w=96&q=75;;;
Live Show;BIGO Live;Rp49.970;;141 Diamonds;https://imgop.itemku.com/?url=https%3A%2F%2Fd1x91p7vw3vuq8.cloudfront.net%2Fitem-type%2F2025414%2Ffucvm7j66ekb7srt6vuh.png&w=96&q=75;;;
Live Show;BIGO Live;Rp49.400;;148 Diamonds;https://imgop.itemku.com/?url=https%3A%2F%2Fd1x91p7vw3vuq8.cloudfront.net%2Fitem-type%2F2025414%2Fdvn8y0o7y984rmxi1ris2h.png&w=96&q=75;;;
Live Show;BIGO Live;Rp60.400;;171 Diamonds;https://imgop.itemku.com/?url=https%3A%2F%2Fd1x91p7vw3vuq8.cloudfront.net%2Fitem-type%2F2025414%2Fb74q4gd45i5x8shmrueng9.png&w=96&q=75;;;
Live Show;BIGO Live;Rp66.100;;200 Diamonds;https://imgop.itemku.com/?url=https%3A%2F%2Fd1x91p7vw3vuq8.cloudfront.net%2Fitem-type%2F2025414%2Fbv7ucbkhvigj5pjikbe4n7.png&w=96&q=75;;;
Live Show;BIGO Live;Rp78.600;;230 Diamonds;https://imgop.itemku.com/?url=https%3A%2F%2Fd1x91p7vw3vuq8.cloudfront.net%2Fitem-type%2F2025414%2Fpnkxs2udegm3oeci9iuuc4.png&w=96&q=75;;;
Live Show;BIGO Live;Rp91.250;;265 Diamonds;https://imgop.itemku.com/?url=https%3A%2F%2Fd1x91p7vw3vuq8.cloudfront.net%2Fitem-type%2F2025414%2Fyuxadxhh4tmcrwf1bt5hif.png&w=96&q=75;;;
Live Show;BIGO Live;Rp96.490;;276 Diamonds;https://imgop.itemku.com/?url=https%3A%2F%2Fd1x91p7vw3vuq8.cloudfront.net%2Fitem-type%2F2025414%2Ftu5fmw6q9y5znfgittyxn.png&w=96&q=75;;;
Live Show;BIGO Live;Rp96.278;;282 Diamonds;https://imgop.itemku.com/?url=https%3A%2F%2Fd1x91p7vw3vuq8.cloudfront.net%2Fitem-type%2F2025414%2F1iinzvlwh21cwud2pb22v.png&w=96&q=75;;;
Live Show;BIGO Live;Rp100.000;;296 Diamonds;https://imgop.itemku.com/?url=https%3A%2F%2Fd1x91p7vw3vuq8.cloudfront.net%2Fitem-type%2F2025414%2Fjsnaki1ny2lk8pvpbjymhf.png&w=96&q=75;;;
Live Show;BIGO Live;Rp116.916;;344 Diamonds;https://imgop.itemku.com/?url=https%3A%2F%2Fd1x91p7vw3vuq8.cloudfront.net%2Fitem-type%2F2025414%2Fbzwb6bgs8pg21z0qpvj1dj.png&w=96&q=75;;;
Live Show;BIGO Live;Rp165.200;;500 Diamonds;https://imgop.itemku.com/?url=https%3A%2F%2Fd1x91p7vw3vuq8.cloudfront.net%2Fitem-type%2F2025414%2F3i517tg56m5khqv8g946d.png&w=96&q=75;;;
Live Show;BIGO Live;Rp170.637;;505 Diamonds;https://imgop.itemku.com/?url=https%3A%2F%2Fd1x91p7vw3vuq8.cloudfront.net%2Fitem-type%2F2025414%2F0wwofu8b4ium3nfm4xioaq9.png&w=96&q=75;;;
Live Show;BIGO Live;Rp184.530;;533 Diamonds;https://imgop.itemku.com/?url=https%3A%2F%2Fd1x91p7vw3vuq8.cloudfront.net%2Fitem-type%2F2025414%2F4l67fos8ps267iwwodn7yi.png&w=96&q=75;;;
Live Show;BIGO Live;Rp198.210;;575 Diamonds;https://imgop.itemku.com/?url=https%3A%2F%2Fd1x91p7vw3vuq8.cloudfront.net%2Fitem-type%2F2025414%2Fhq9ofjz6kver8tw47km4yj.png&w=96&q=75;;;
Live Show;BIGO Live;Rp199.910;;577 Diamonds;https://imgop.itemku.com/?url=https%3A%2F%2Fd1x91p7vw3vuq8.cloudfront.net%2Fitem-type%2F2025414%2F34tlm8wvi1hm877rrbnzu8.png&w=96&q=75;;;
Live Show;BIGO Live;Rp200.000;;600 Diamonds;https://imgop.itemku.com/?url=https%3A%2F%2Fd1x91p7vw3vuq8.cloudfront.net%2Fitem-type%2F2025414%2F4lq0a4jg322oe1brqa8ja.png&w=96&q=75;;;
Live Show;BIGO Live;Rp226.400;;670 Diamonds;https://imgop.itemku.com/?url=https%3A%2F%2Fd1x91p7vw3vuq8.cloudfront.net%2Fitem-type%2F2025414%2Fy5os3exe4m8xyzskuancn9.png&w=96&q=75;;;
Live Show;BIGO Live;Rp231.300;;700 Diamonds;https://imgop.itemku.com/?url=https%3A%2F%2Fd1x91p7vw3vuq8.cloudfront.net%2Fitem-type%2F2025414%2Fy2yv2vj4c2mrasfqbtjfb8.png&w=96&q=75;;;
Live Show;BIGO Live;Rp235.000;;705 Diamonds;https://imgop.itemku.com/?url=https%3A%2F%2Fd1x91p7vw3vuq8.cloudfront.net%2Fitem-type%2F2025414%2Fb6aim4lxo1brmlnt2ybgac.png&w=96&q=75;;;
Live Show;BIGO Live;Rp249.500;;741 Diamonds;https://imgop.itemku.com/?url=https%3A%2F%2Fd1x91p7vw3vuq8.cloudfront.net%2Fitem-type%2F2025414%2F35qzy2mxeohvey9ki32jw.png&w=96&q=75;;;
Live Show;BIGO Live;Rp299.370;;866 Diamonds;https://imgop.itemku.com/?url=https%3A%2F%2Fd1x91p7vw3vuq8.cloudfront.net%2Fitem-type%2F2025414%2Feboh7t1bvslnuo130hglkr.png&w=96&q=75;;;
Live Show;BIGO Live;Rp330.400;;1000 Diamonds;https://imgop.itemku.com/?url=https%3A%2F%2Fd1x91p7vw3vuq8.cloudfront.net%2Fitem-type%2F2025414%2F3ssjwpthp9hx13nvuw68d.png&w=96&q=75;;;
Live Show;BIGO Live;Rp346.200;;1015 Diamonds;https://imgop.itemku.com/?url=https%3A%2F%2Fd1x91p7vw3vuq8.cloudfront.net%2Fitem-type%2F2025414%2F24ovuofs3v25xpq6dcnoen.png&w=96&q=75;;;
Live Show;BIGO Live;Rp393.500;;1150 Diamonds;https://imgop.itemku.com/?url=https%3A%2F%2Fd1x91p7vw3vuq8.cloudfront.net%2Fitem-type%2F2025414%2F14sz00u1aska2in4zp2vqh.png&w=96&q=75;;;
Live Show;BIGO Live;Rp397.690;;1154 Diamonds;https://imgop.itemku.com/?url=https%3A%2F%2Fd1x91p7vw3vuq8.cloudfront.net%2Fitem-type%2F2025414%2Fa6nhfwyk96728x9kc7jfbp.png&w=96&q=75;;;
Live Show;BIGO Live;Rp400.000;;1201 Diamonds;https://imgop.itemku.com/?url=https%3A%2F%2Fd1x91p7vw3vuq8.cloudfront.net%2Fitem-type%2F2025414%2F3ujm69x6knhb6def5zthct.png&w=96&q=75;;;
Live Show;BIGO Live;Rp450.957;;1345 Diamonds;https://imgop.itemku.com/?url=https%3A%2F%2Fd1x91p7vw3vuq8.cloudfront.net%2Fitem-type%2F2025415%2Fy3wcxqtx20ac36l2hz5eut.png&w=96&q=75;;;
Live Show;BIGO Live;Rp495.500;;1500 Diamonds;https://imgop.itemku.com/?url=https%3A%2F%2Fd1x91p7vw3vuq8.cloudfront.net%2Fitem-type%2F2025415%2Fmz8z9nmwf7m3snge364hwx.png&w=96&q=75;;;
Live Show;BIGO Live;Rp500.000;;1516 Diamonds;https://imgop.itemku.com/?url=https%3A%2F%2Fd1x91p7vw3vuq8.cloudfront.net%2Fitem-type%2F2025415%2Fn3e7pg7zhaxjbcen5dhfp.png&w=96&q=75;;;
Live Show;BIGO Live;Rp584.572;;1745 Diamonds;https://imgop.itemku.com/?url=https%3A%2F%2Fd1x91p7vw3vuq8.cloudfront.net%2Fitem-type%2F2025415%2Fcdud5zlmhgp7v2o9mh0yi.png&w=96&q=75;;;
Live Show;BIGO Live;Rp660.700;;2000 Diamonds;https://imgop.itemku.com/?url=https%3A%2F%2Fd1x91p7vw3vuq8.cloudfront.net%2Fitem-type%2F2025415%2Fgh02ooaoxnwebui6sjiiks.png&w=96&q=75;;;
Live Show;BIGO Live;Rp694.200;;2030 Diamonds;https://imgop.itemku.com/?url=https%3A%2F%2Fd1x91p7vw3vuq8.cloudfront.net%2Fitem-type%2F2025415%2F5tg6fcnxg4q8hm5jbyaemh.png&w=96&q=75;;;
Live Show;BIGO Live;Rp749.000;;2301 Diamonds;https://imgop.itemku.com/?url=https%3A%2F%2Fd1x91p7vw3vuq8.cloudfront.net%2Fitem-type%2F2025415%2Fy6371iq1f6hwcekxyrw25o.png&w=96&q=75;;;
Live Show;BIGO Live;Rp764.800;;2309 Diamonds;https://imgop.itemku.com/?url=https%3A%2F%2Fd1x91p7vw3vuq8.cloudfront.net%2Fitem-type%2F2025415%2Fwin54i567mva2lk51m1f.png&w=96&q=75;;;
Live Show;BIGO Live;Rp865.600;;2700 Diamonds;https://imgop.itemku.com/?url=https%3A%2F%2Fd1x91p7vw3vuq8.cloudfront.net%2Fitem-type%2F2025414%2F9u0g61o5g67xwgqezt4osj.png&w=96&q=75;;;
Live Show;BIGO Live;Rp935.000;;2820 Diamonds;https://imgop.itemku.com/?url=https%3A%2F%2Fd1x91p7vw3vuq8.cloudfront.net%2Fitem-type%2F2025414%2Fnayt8rr95faxqur7p64fzl.png&w=96&q=75;;;
Live Show;BIGO Live;Rp989.800;;3067 Diamonds;https://imgop.itemku.com/?url=https%3A%2F%2Fd1x91p7vw3vuq8.cloudfront.net%2Fitem-type%2F2025415%2Fe974zy7kv79zqap933oob.png&w=96&q=75;;;
Live Show;BIGO Live;Rp1.124.600;;3527 Diamonds;https://imgop.itemku.com/?url=https%3A%2F%2Fd1x91p7vw3vuq8.cloudfront.net%2Fitem-type%2F2025415%2Fndpvc0txdbza45isp1l89.png&w=96&q=75;;;
Live Show;BIGO Live;Rp1.651.600;;5000 Diamonds;https://imgop.itemku.com/?url=https%3A%2F%2Fd1x91p7vw3vuq8.cloudfront.net%2Fitem-type%2F2025415%2Fvv11j4fj2asz045q8ly59m.png&w=96&q=75;;;
Live Show;BIGO Live;Rp3.303.200;;10000 Diamonds;https://imgop.itemku.com/?url=https%3A%2F%2Fd1x91p7vw3vuq8.cloudfront.net%2Fitem-type%2F2025415%2F3lxux69lragshk5sqytpu.png&w=96&q=75;;;
Live Show;BIGO Live;Rp9.280.000;;28203 Diamonds;https://imgop.itemku.com/?url=https%3A%2F%2Fd1x91p7vw3vuq8.cloudfront.net%2Fitem-type%2F2025415%2Fzyvp1zfj4saco1dej7c384.png&w=96&q=75;;;
Live Show;WeSing;Rp6.300;;7 Koin;https://imgop.itemku.com/?url=https%3A%2F%2Fd1x91p7vw3vuq8.cloudfront.net%2Fimage_upload%2F202596%2Fflb60g0h17gyueu8ix808.png&w=96&q=75;;;
Live Show;WeSing;Rp6.300;;16 Koin;https://imgop.itemku.com/?url=https%3A%2F%2Fd1x91p7vw3vuq8.cloudfront.net%2Fimage_upload%2F202596%2Fflb60g0h17gyueu8ix808.png&w=96&q=75;;;
Live Show;WeSing;Rp9.700;;33 Koin;https://imgop.itemku.com/?url=https%3A%2F%2Fd1x91p7vw3vuq8.cloudfront.net%2Fimage_upload%2F202596%2Fflb60g0h17gyueu8ix808.png&w=96&q=75;;;
Live Show;WeSing;Rp9.700;;37 Koin;https://imgop.itemku.com/?url=https%3A%2F%2Fd1x91p7vw3vuq8.cloudfront.net%2Fimage_upload%2F202596%2Fflb60g0h17gyueu8ix808.png&w=96&q=75;;;
Live Show;WeSing;Rp14.800;;50 Koin;https://imgop.itemku.com/?url=https%3A%2F%2Fd1x91p7vw3vuq8.cloudfront.net%2Fimage_upload%2F202596%2Fflb60g0h17gyueu8ix808.png&w=96&q=75;;;
Live Show;WeSing;Rp15.590;;58 Koin;https://imgop.itemku.com/?url=https%3A%2F%2Fd1x91p7vw3vuq8.cloudfront.net%2Fimage_upload%2F202596%2Fflb60g0h17gyueu8ix808.png&w=96&q=75;;;
Live Show;WeSing;Rp20.400;;66 Koin;https://imgop.itemku.com/?url=https%3A%2F%2Fd1x91p7vw3vuq8.cloudfront.net%2Fimage_upload%2F202596%2Fflb60g0h17gyueu8ix808.png&w=96&q=75;;;
Live Show;WeSing;Rp20.400;;74 Koin;https://imgop.itemku.com/?url=https%3A%2F%2Fd1x91p7vw3vuq8.cloudfront.net%2Fimage_upload%2F202596%2Fflb60g0h17gyueu8ix808.png&w=96&q=75;;;
Live Show;WeSing;Rp24.900;;84 Koin;https://imgop.itemku.com/?url=https%3A%2F%2Fd1x91p7vw3vuq8.cloudfront.net%2Fimage_upload%2F202596%2Fflb60g0h17gyueu8ix808.png&w=96&q=75;;;
Live Show;WeSing;Rp31.190;;116 Koin;https://imgop.itemku.com/?url=https%3A%2F%2Fd1x91p7vw3vuq8.cloudfront.net%2Fimage_upload%2F202596%2Fflb60g0h17gyueu8ix808.png&w=96&q=75;;;
Live Show;WeSing;Rp48.080;;187 Koin;https://imgop.itemku.com/?url=https%3A%2F%2Fd1x91p7vw3vuq8.cloudfront.net%2Fimage_upload%2F202596%2Fflb60g0h17gyueu8ix808.png&w=96&q=75;;;
Live Show;WeSing;Rp65.570;;232 Koin;https://imgop.itemku.com/?url=https%3A%2F%2Fd1x91p7vw3vuq8.cloudfront.net%2Fimage_upload%2F202596%2Fflb60g0h17gyueu8ix808.png&w=96&q=75;;;
Live Show;WeSing;Rp91.750;;335 Koin;https://imgop.itemku.com/?url=https%3A%2F%2Fd1x91p7vw3vuq8.cloudfront.net%2Fimage_upload%2F202596%2Fflb60g0h17gyueu8ix808.png&w=96&q=75;;;
Live Show;WeSing;Rp95.930;;349 Koin;https://imgop.itemku.com/?url=https%3A%2F%2Fd1x91p7vw3vuq8.cloudfront.net%2Fimage_upload%2F202596%2Fflb60g0h17gyueu8ix808.png&w=96&q=75;;;
Live Show;WeSing;Rp96.700;;373 Koin;https://imgop.itemku.com/?url=https%3A%2F%2Fd1x91p7vw3vuq8.cloudfront.net%2Fimage_upload%2F202596%2Fflb60g0h17gyueu8ix808.png&w=96&q=75;;;
Live Show;WeSing;Rp127.930;;465 Koin;https://imgop.itemku.com/?url=https%3A%2F%2Fd1x91p7vw3vuq8.cloudfront.net%2Fimage_upload%2F202596%2Fflb60g0h17gyueu8ix808.png&w=96&q=75;;;
Live Show;WeSing;Rp156.090;;581 Koin;https://imgop.itemku.com/?url=https%3A%2F%2Fd1x91p7vw3vuq8.cloudfront.net%2Fimage_upload%2F202596%2Fflb60g0h17gyueu8ix808.png&w=96&q=75;;;
Live Show;WeSing;Rp183.380;;671 Koin;https://imgop.itemku.com/?url=https%3A%2F%2Fd1x91p7vw3vuq8.cloudfront.net%2Fimage_upload%2F202596%2Fflb60g0h17gyueu8ix808.png&w=96&q=75;;;
Live Show;WeSing;Rp192.400;;746 Koin;https://imgop.itemku.com/?url=https%3A%2F%2Fd1x91p7vw3vuq8.cloudfront.net%2Fimage_upload%2F202596%2Fflb60g0h17gyueu8ix808.png&w=96&q=75;;;
Live Show;WeSing;Rp240.250;;933 Koin;https://imgop.itemku.com/?url=https%3A%2F%2Fd1x91p7vw3vuq8.cloudfront.net%2Fimage_upload%2F202596%2Fflb60g0h17gyueu8ix808.png&w=96&q=75;;;
Live Show;WeSing;Rp311.990;;1163 Koin;https://imgop.itemku.com/?url=https%3A%2F%2Fd1x91p7vw3vuq8.cloudfront.net%2Fimage_upload%2F202596%2Fflb60g0h17gyueu8ix808.png&w=96&q=75;;;
Live Show;WeSing;Rp331.960;;1175 Koin;https://imgop.itemku.com/?url=https%3A%2F%2Fd1x91p7vw3vuq8.cloudfront.net%2Fimage_upload%2F202596%2Fflb60g0h17gyueu8ix808.png&w=96&q=75;;;
Live Show;WeSing;Rp357.400;;1343 Koin;https://imgop.itemku.com/?url=https%3A%2F%2Fd1x91p7vw3vuq8.cloudfront.net%2Fimage_upload%2F202596%2Fflb60g0h17gyueu8ix808.png&w=96&q=75;;;
Live Show;WeSing;Rp480.490;;1866 Koin;https://imgop.itemku.com/?url=https%3A%2F%2Fd1x91p7vw3vuq8.cloudfront.net%2Fimage_upload%2F202596%2Fflb60g0h17gyueu8ix808.png&w=96&q=75;;;
Live Show;WeSing;Rp618.450;;2326 Koin;https://imgop.itemku.com/?url=https%3A%2F%2Fd1x91p7vw3vuq8.cloudfront.net%2Fimage_upload%2F202596%2Fflb60g0h17gyueu8ix808.png&w=96&q=75;;;
Live Show;StarMaker;Rp11.000;;35 Coin;https://imgop.itemku.com/?url=https%3A%2F%2Fd1x91p7vw3vuq8.cloudfront.net%2Fgame%2F2025117%2F7z0m17ihor83gpvjoanma4.jpg&w=64&q=75;;;
Live Show;StarMaker;Rp11.000;;36 Coin;https://imgop.itemku.com/?url=https%3A%2F%2Fd1x91p7vw3vuq8.cloudfront.net%2Fgame%2F2025117%2F7z0m17ihor83gpvjoanma4.jpg&w=64&q=75;;;
Live Show;StarMaker;Rp11.000;;37 Coin;https://imgop.itemku.com/?url=https%3A%2F%2Fd1x91p7vw3vuq8.cloudfront.net%2Fgame%2F2025117%2F7z0m17ihor83gpvjoanma4.jpg&w=64&q=75;;;
Live Show;StarMaker;Rp11.000;;38 Coin;https://imgop.itemku.com/?url=https%3A%2F%2Fd1x91p7vw3vuq8.cloudfront.net%2Fgame%2F2025117%2F7z0m17ihor83gpvjoanma4.jpg&w=64&q=75;;;
Live Show;StarMaker;Rp16.000;;39 Coin + 9 Bonus;https://imgop.itemku.com/?url=https%3A%2F%2Fd1x91p7vw3vuq8.cloudfront.net%2Fgame%2F2025117%2F7z0m17ihor83gpvjoanma4.jpg&w=64&q=75;;;
Live Show;StarMaker;Rp11.100;;39 Coin + 8 Bonus;https://imgop.itemku.com/?url=https%3A%2F%2Fd1x91p7vw3vuq8.cloudfront.net%2Fgame%2F2025117%2F7z0m17ihor83gpvjoanma4.jpg&w=64&q=75;;;
Live Show;StarMaker;Rp11.100;;39 Coin + 5 Bonus;https://imgop.itemku.com/?url=https%3A%2F%2Fd1x91p7vw3vuq8.cloudfront.net%2Fgame%2F2025117%2F7z0m17ihor83gpvjoanma4.jpg&w=64&q=75;;;
Live Show;StarMaker;Rp15.800;;39 Coin + 15 Bonus;https://imgop.itemku.com/?url=https%3A%2F%2Fd1x91p7vw3vuq8.cloudfront.net%2Fgame%2F2025117%2F7z0m17ihor83gpvjoanma4.jpg&w=64&q=75;;;
Live Show;StarMaker;Rp16.000;;39 Coin + 14 Bonus;https://imgop.itemku.com/?url=https%3A%2F%2Fd1x91p7vw3vuq8.cloudfront.net%2Fgame%2F2025117%2F7z0m17ihor83gpvjoanma4.jpg&w=64&q=75;;;
Live Show;StarMaker;Rp11.000;;40 Coin;https://imgop.itemku.com/?url=https%3A%2F%2Fd1x91p7vw3vuq8.cloudfront.net%2Fgame%2F2025117%2F7z0m17ihor83gpvjoanma4.jpg&w=64&q=75;;;
Live Show;StarMaker;Rp44.800;;170 Coin;https://imgop.itemku.com/?url=https%3A%2F%2Fd1x91p7vw3vuq8.cloudfront.net%2Fgame%2F2025117%2F7z0m17ihor83gpvjoanma4.jpg&w=64&q=75;;;
Live Show;StarMaker;Rp43.500;;176 Coin;https://imgop.itemku.com/?url=https%3A%2F%2Fd1x91p7vw3vuq8.cloudfront.net%2Fgame%2F2025117%2F7z0m17ihor83gpvjoanma4.jpg&w=64&q=75;;;
Live Show;StarMaker;Rp45.000;;182 Coin;https://imgop.itemku.com/?url=https%3A%2F%2Fd1x91p7vw3vuq8.cloudfront.net%2Fgame%2F2025117%2F7z0m17ihor83gpvjoanma4.jpg&w=64&q=75;;;
Live Show;StarMaker;Rp48.000;;189 Coin;https://imgop.itemku.com/?url=https%3A%2F%2Fd1x91p7vw3vuq8.cloudfront.net%2Fgame%2F2025117%2F7z0m17ihor83gpvjoanma4.jpg&w=64&q=75;;;
Live Show;StarMaker;Rp48.000;;192 Coin;https://imgop.itemku.com/?url=https%3A%2F%2Fd1x91p7vw3vuq8.cloudfront.net%2Fgame%2F2025117%2F7z0m17ihor83gpvjoanma4.jpg&w=64&q=75;;;
Live Show;StarMaker;Rp61.000;;195 Coin + 77 Bonus;https://imgop.itemku.com/?url=https%3A%2F%2Fd1x91p7vw3vuq8.cloudfront.net%2Fgame%2F2025117%2F7z0m17ihor83gpvjoanma4.jpg&w=64&q=75;;;
Live Show;StarMaker;Rp59.600;;195 Coin + 73 Bonus;https://imgop.itemku.com/?url=https%3A%2F%2Fd1x91p7vw3vuq8.cloudfront.net%2Fgame%2F2025117%2F7z0m17ihor83gpvjoanma4.jpg&w=64&q=75;;;
Live Show;StarMaker;Rp56.000;;195 Coin + 51 Bonus;https://imgop.itemku.com/?url=https%3A%2F%2Fd1x91p7vw3vuq8.cloudfront.net%2Fgame%2F2025117%2F7z0m17ihor83gpvjoanma4.jpg&w=64&q=75;;;
Live Show;StarMaker;Rp54.500;;195 Coin + 47 Bonus;https://imgop.itemku.com/?url=https%3A%2F%2Fd1x91p7vw3vuq8.cloudfront.net%2Fgame%2F2025117%2F7z0m17ihor83gpvjoanma4.jpg&w=64&q=75;;;
Live Show;StarMaker;Rp54.500;;195 Coin + 45 Bonus;https://imgop.itemku.com/?url=https%3A%2F%2Fd1x91p7vw3vuq8.cloudfront.net%2Fgame%2F2025117%2F7z0m17ihor83gpvjoanma4.jpg&w=64&q=75;;;
Live Show;Papaya Live;Rp16.845;;882 Diamond;https://imgop.itemku.com/?url=https%3A%2F%2Fd1x91p7vw3vuq8.cloudfront.net%2Fgame%2F2025118%2F8gozp4v8ekjexhbpfl6lmt.webp&w=64&q=75;;;
Live Show;Papaya Live;Rp50.800;;3000 Diamond;https://imgop.itemku.com/?url=https%3A%2F%2Fd1x91p7vw3vuq8.cloudfront.net%2Fgame%2F2025118%2F8gozp4v8ekjexhbpfl6lmt.webp&w=64&q=75;;;
Live Show;Papaya Live;Rp58.495;;3150 Diamond;https://imgop.itemku.com/?url=https%3A%2F%2Fd1x91p7vw3vuq8.cloudfront.net%2Fgame%2F2025118%2F8gozp4v8ekjexhbpfl6lmt.webp&w=64&q=75;;;
Live Show;Papaya Live;Rp67.700;;4000 Diamond;https://imgop.itemku.com/?url=https%3A%2F%2Fd1x91p7vw3vuq8.cloudfront.net%2Fgame%2F2025118%2F8gozp4v8ekjexhbpfl6lmt.webp&w=64&q=75;;;
Live Show;Papaya Live;Rp84.900;;5000 Diamond;https://imgop.itemku.com/?url=https%3A%2F%2Fd1x91p7vw3vuq8.cloudfront.net%2Fgame%2F2025118%2F8gozp4v8ekjexhbpfl6lmt.webp&w=64&q=75;;;
Live Show;Papaya Live;Rp101.600;;6000 Diamond;https://imgop.itemku.com/?url=https%3A%2F%2Fd1x91p7vw3vuq8.cloudfront.net%2Fgame%2F2025118%2F8gozp4v8ekjexhbpfl6lmt.webp&w=64&q=75;;;
Live Show;Papaya Live;Rp118.500;;6300 Diamond;https://imgop.itemku.com/?url=https%3A%2F%2Fd1x91p7vw3vuq8.cloudfront.net%2Fgame%2F2025118%2F8gozp4v8ekjexhbpfl6lmt.webp&w=64&q=75;;;
Live Show;Papaya Live;Rp114.900;;7000 Diamond;https://imgop.itemku.com/?url=https%3A%2F%2Fd1x91p7vw3vuq8.cloudfront.net%2Fgame%2F2025118%2F8gozp4v8ekjexhbpfl6lmt.webp&w=64&q=75;;;
Live Show;Papaya Live;Rp135.400;;8000 Diamond;https://imgop.itemku.com/?url=https%3A%2F%2Fd1x91p7vw3vuq8.cloudfront.net%2Fgame%2F2025118%2F8gozp4v8ekjexhbpfl6lmt.webp&w=64&q=75;;;
Live Show;Papaya Live;Rp152.400;;9000 Diamond;https://imgop.itemku.com/?url=https%3A%2F%2Fd1x91p7vw3vuq8.cloudfront.net%2Fgame%2F2025118%2F8gozp4v8ekjexhbpfl6lmt.webp&w=64&q=75;;;
Live Show;Papaya Live;Rp169.300;;10000 Diamond;https://imgop.itemku.com/?url=https%3A%2F%2Fd1x91p7vw3vuq8.cloudfront.net%2Fgame%2F2025118%2F8gozp4v8ekjexhbpfl6lmt.webp&w=64&q=75;;;
Live Show;Papaya Live;Rp277.900;;15750 Diamond;https://imgop.itemku.com/?url=https%3A%2F%2Fd1x91p7vw3vuq8.cloudfront.net%2Fgame%2F2025118%2F8gozp4v8ekjexhbpfl6lmt.webp&w=64&q=75;;;
Live Show;Papaya Live;Rp336.100;;20000 Diamond;https://imgop.itemku.com/?url=https%3A%2F%2Fd1x91p7vw3vuq8.cloudfront.net%2Fgame%2F2025118%2F8gozp4v8ekjexhbpfl6lmt.webp&w=64&q=75;;;
Live Show;Papaya Live;Rp509.900;;30000 Diamond;https://imgop.itemku.com/?url=https%3A%2F%2Fd1x91p7vw3vuq8.cloudfront.net%2Fgame%2F2025118%2F8gozp4v8ekjexhbpfl6lmt.webp&w=64&q=75;;;
Live Show;Papaya Live;Rp540.200;;31500 Diamond;https://imgop.itemku.com/?url=https%3A%2F%2Fd1x91p7vw3vuq8.cloudfront.net%2Fgame%2F2025118%2F8gozp4v8ekjexhbpfl6lmt.webp&w=64&q=75;;;
Live Show;Papaya Live;Rp672.100;;40000 Diamond;https://imgop.itemku.com/?url=https%3A%2F%2Fd1x91p7vw3vuq8.cloudfront.net%2Fgame%2F2025118%2F8gozp4v8ekjexhbpfl6lmt.webp&w=64&q=75;;;
Live Show;Papaya Live;Rp846.200;;50000 Diamond;https://imgop.itemku.com/?url=https%3A%2F%2Fd1x91p7vw3vuq8.cloudfront.net%2Fgame%2F2025118%2F8gozp4v8ekjexhbpfl6lmt.webp&w=64&q=75;;;
Live Show;Papaya Live;Rp1.073.100;;63000 Diamond;https://imgop.itemku.com/?url=https%3A%2F%2Fd1x91p7vw3vuq8.cloudfront.net%2Fgame%2F2025118%2F8gozp4v8ekjexhbpfl6lmt.webp&w=64&q=75;;;
Live Show;Papaya Live;Rp1.682.700;;100000 Diamond;https://imgop.itemku.com/?url=https%3A%2F%2Fd1x91p7vw3vuq8.cloudfront.net%2Fgame%2F2025118%2F8gozp4v8ekjexhbpfl6lmt.webp&w=64&q=75;;;
Live Show;Papaya Live;Rp2.138.800;;126000 Diamond;https://imgop.itemku.com/?url=https%3A%2F%2Fd1x91p7vw3vuq8.cloudfront.net%2Fgame%2F2025118%2F8gozp4v8ekjexhbpfl6lmt.webp&w=64&q=75;;;
Live Show;MixU;Rp49.499;;299 Coin;https://imgop.itemku.com/?url=https%3A%2F%2Fd1x91p7vw3vuq8.cloudfront.net%2Fgame%2F2025117%2F0lswfjytt8n1v8p9dhcnht.png&w=64&q=75;;;
Live Show;MixU;Rp49.499;;360 Coin;https://imgop.itemku.com/?url=https%3A%2F%2Fd1x91p7vw3vuq8.cloudfront.net%2Fgame%2F2025117%2F0lswfjytt8n1v8p9dhcnht.png&w=64&q=75;;;
Live Show;MixU;Rp82.999;;650 Coin;https://imgop.itemku.com/?url=https%3A%2F%2Fd1x91p7vw3vuq8.cloudfront.net%2Fgame%2F2025117%2F0lswfjytt8n1v8p9dhcnht.png&w=64&q=75;;;
Live Show;MixU;Rp131.999;;990 Coin;https://imgop.itemku.com/?url=https%3A%2F%2Fd1x91p7vw3vuq8.cloudfront.net%2Fgame%2F2025117%2F0lswfjytt8n1v8p9dhcnht.png&w=64&q=75;;;
Live Show;MixU;Rp133.000;;1250 Coin;https://imgop.itemku.com/?url=https%3A%2F%2Fd1x91p7vw3vuq8.cloudfront.net%2Fgame%2F2025117%2F0lswfjytt8n1v8p9dhcnht.png&w=64&q=75;;;
Live Show;MixU;Rp176.500;;1800 Coin;https://imgop.itemku.com/?url=https%3A%2F%2Fd1x91p7vw3vuq8.cloudfront.net%2Fgame%2F2025117%2F0lswfjytt8n1v8p9dhcnht.png&w=64&q=75;;;
Live Show;MixU;Rp265.500;;2500 Coin;https://imgop.itemku.com/?url=https%3A%2F%2Fd1x91p7vw3vuq8.cloudfront.net%2Fgame%2F2025117%2F0lswfjytt8n1v8p9dhcnht.png&w=64&q=75;;;
Live Show;MixU;Rp321.500;;3500 Coin;https://imgop.itemku.com/?url=https%3A%2F%2Fd1x91p7vw3vuq8.cloudfront.net%2Fgame%2F2025117%2F0lswfjytt8n1v8p9dhcnht.png&w=64&q=75;;;
Live Show;MixU;Rp497.500;;5000 Coin;https://imgop.itemku.com/?url=https%3A%2F%2Fd1x91p7vw3vuq8.cloudfront.net%2Fgame%2F2025117%2F0lswfjytt8n1v8p9dhcnht.png&w=64&q=75;;;
Live Show;MixU;Rp605.500;;7000 Coin;https://imgop.itemku.com/?url=https%3A%2F%2Fd1x91p7vw3vuq8.cloudfront.net%2Fgame%2F2025117%2F0lswfjytt8n1v8p9dhcnht.png&w=64&q=75;;;
Live Show;MixU;Rp927.000;;10000 Coin;https://imgop.itemku.com/?url=https%3A%2F%2Fd1x91p7vw3vuq8.cloudfront.net%2Fgame%2F2025117%2F0lswfjytt8n1v8p9dhcnht.png&w=64&q=75;;;
Live Show;MixU;Rp1.266.000;;15000 Coin;https://imgop.itemku.com/?url=https%3A%2F%2Fd1x91p7vw3vuq8.cloudfront.net%2Fgame%2F2025117%2F0lswfjytt8n1v8p9dhcnht.png&w=64&q=75;;;
Live Show;MixU;Rp1.763.500;;20000 Coin;https://imgop.itemku.com/?url=https%3A%2F%2Fd1x91p7vw3vuq8.cloudfront.net%2Fgame%2F2025117%2F0lswfjytt8n1v8p9dhcnht.png&w=64&q=75;;;
Live Show;MixU;Rp2.881.000;;35000 Coin;https://imgop.itemku.com/?url=https%3A%2F%2Fd1x91p7vw3vuq8.cloudfront.net%2Fgame%2F2025117%2F0lswfjytt8n1v8p9dhcnht.png&w=64&q=75;;;
Live Show;MixU;Rp4.147.000;;50000 Coin;https://imgop.itemku.com/?url=https%3A%2F%2Fd1x91p7vw3vuq8.cloudfront.net%2Fgame%2F2025117%2F0lswfjytt8n1v8p9dhcnht.png&w=64&q=75;;;
Live Show;Tango;Rp16.070;;150 Coins;https://imgop.itemku.com/?url=https%3A%2F%2Fd1x91p7vw3vuq8.cloudfront.net%2Fitem-info%2F202593%2F08lgownkzu5p0y19dirv2mco.webp&w=96&q=75;;;
Live Show;Tango;Rp32.267;;300 Coins;https://imgop.itemku.com/?url=https%3A%2F%2Fd1x91p7vw3vuq8.cloudfront.net%2Fitem-info%2F202593%2Fhjknguzfohrmax1dyhvs6.webp&w=96&q=75;;;
Live Show;Tango;Rp80.947;;750 Coins;https://imgop.itemku.com/?url=https%3A%2F%2Fd1x91p7vw3vuq8.cloudfront.net%2Fitem-info%2F202593%2Fpezj0e96jrgn1yu0u7cnhc.webp&w=96&q=75;;;
Live Show;Tango;Rp162.005;;1500 Coins;https://imgop.itemku.com/?url=https%3A%2F%2Fd1x91p7vw3vuq8.cloudfront.net%2Fitem-info%2F202593%2Fbtk1r02h14jh3ckjesz0e.webp&w=96&q=75;;;
Live Show;Tango;Rp243.063;;2250 Coins;https://imgop.itemku.com/?url=https%3A%2F%2Fd1x91p7vw3vuq8.cloudfront.net%2Fitem-info%2F202593%2Ft82vs6mk5is4jr24x2dyi.webp&w=96&q=75;;;
Live Show;Tango;Rp405.178;;3750 Coins;https://imgop.itemku.com/?url=https%3A%2F%2Fd1x91p7vw3vuq8.cloudfront.net%2Fitem-info%2F202593%2Fmufxmt92vqsfqo3pcfbswg.webp&w=96&q=75;;;
Live Show;Tango;Rp810.579;;7500 Coins;https://imgop.itemku.com/?url=https%3A%2F%2Fd1x91p7vw3vuq8.cloudfront.net%2Fitem-info%2F202593%2Ffa7gl8538wohy3s0j9nfh.webp&w=96&q=75;;;
Live Show;Tango;Rp1.621.270;;15000 Coins;https://imgop.itemku.com/?url=https%3A%2F%2Fd1x91p7vw3vuq8.cloudfront.net%2Fitem-info%2F202593%2Fekn6rv0n3la6xdi1h7mhn4.webp&w=96&q=75;;;
Live Show;Tango;Rp3.242.540;;30000 Coins;https://imgop.itemku.com/?url=https%3A%2F%2Fd1x91p7vw3vuq8.cloudfront.net%2Fitem-info%2F202593%2Ff16166nxkwt4kycat6rtf5.webp&w=96&q=75;;;
Live Show;Tango;Rp8.101.270;;75000 Coins;https://imgop.itemku.com/?url=https%3A%2F%2Fd1x91p7vw3vuq8.cloudfront.net%2Fitem-info%2F202593%2Fghpmum89w6loxcd4r1jc.webp&w=96&q=75;;;
Pulsa & Utilitas;Axis;Rp177.000;317 terjual;Pulsa Transfer 150.000;https://imgop.itemku.com/?url=https%3A%2F%2Fd1x91p7vw3vuq8.cloudfront.net%2Fitemku-upload%2F202278%2Fpg6l7dj2vjbwds29uay7nn_thumbnail.jpg&w=1033&q=75;;;
Pulsa & Utilitas;Axis;Rp354.000;285 terjual;Pulsa Transfer 300.000;https://imgop.itemku.com/?url=https%3A%2F%2Fd1x91p7vw3vuq8.cloudfront.net%2Fitemku-upload%2F202278%2F7xkur4sojzo3md2qhmipl5_thumbnail.jpg&w=1033&q=75;;;
Pulsa & Utilitas;Axis;Rp590.000;223 terjual;Pulsa Transfer 500.000;https://imgop.itemku.com/?url=https%3A%2F%2Fd1x91p7vw3vuq8.cloudfront.net%2Fitemku-upload%2F202278%2F8tkj0wee7co4rcnye4hosa_thumbnail.jpg&w=1033&q=75;;;
Pulsa & Utilitas;Axis;Rp23.600;127 terjual;Pulsa Transfer 20.000;https://imgop.itemku.com/?url=https%3A%2F%2Fd1x91p7vw3vuq8.cloudfront.net%2Fitemku-upload%2F202278%2Fvrc2eym3ybb00gv084iuf_thumbnail.jpg&w=1033&q=75;;;
Pulsa & Utilitas;Axis;Rp35.400;124 terjual;Pulsa Transfer 30.000;https://imgop.itemku.com/?url=https%3A%2F%2Fd1x91p7vw3vuq8.cloudfront.net%2Fitemku-upload%2F202278%2Fn0i2e19fob82xo7xul279_thumbnail.jpg&w=1033&q=75;;;
Pulsa & Utilitas;Axis;Rp118.000;119 terjual;Pulsa Transfer 100.000;https://imgop.itemku.com/?url=https%3A%2F%2Fd1x91p7vw3vuq8.cloudfront.net%2Fitemku-upload%2F202278%2Fl2vpzhiz0fj02j8u2eywktt_thumbnail.jpg&w=1033&q=75;;;
Pulsa & Utilitas;Axis;Rp59.000;95 terjual;Pulsa Transfer 50.000;https://imgop.itemku.com/?url=https%3A%2F%2Fd1x91p7vw3vuq8.cloudfront.net%2Fitemku-upload%2F202278%2Fj1l5azdhjfied4aes8jlyh_thumbnail.jpg&w=1033&q=75;;;
Pulsa & Utilitas;Axis;Rp11.400;73 terjual;Pulsa Transfer 10.000;https://imgop.itemku.com/?url=https%3A%2F%2Fd1x91p7vw3vuq8.cloudfront.net%2Fitemku-upload%2F2023817%2Fa694kc5zwr4omczhlkgkmj_thumbnail.jpg&w=1033&q=75;;;
Pulsa & Utilitas;Axis;Rp15.700;73 terjual;Pulsa Transfer 15.000;https://imgop.itemku.com/?url=https%3A%2F%2Fd1x91p7vw3vuq8.cloudfront.net%2Fweb%2F20201112%2F6b54c6165eeba849e0984bbcfbb47bbf0ab0855aab2fc9d522a5145295b39540_thumb.jpg&w=1033&q=75;;;
Pulsa & Utilitas;Axis;Rp102.900;67 terjual;Pulsa Transfer 100.000;https://imgop.itemku.com/?url=https%3A%2F%2Fd1x91p7vw3vuq8.cloudfront.net%2Fitemku-upload%2F20221127%2Fojqb30ztn4sktg1v9oim0l_thumbnail.jpg&w=1033&q=75;;;
Pulsa & Utilitas;Axis;Rp47.200;63 terjual;Pulsa Transfer 40.000;https://imgop.itemku.com/?url=https%3A%2F%2Fd1x91p7vw3vuq8.cloudfront.net%2Fitemku-upload%2F202278%2F8o2eh6si6n7401ncdsl7i2_thumbnail.jpg&w=1033&q=75;;;
Pulsa & Utilitas;Axis;Rp18.000;57 terjual;Pulsa Transfer 15.000;https://imgop.itemku.com/?url=https%3A%2F%2Fd1x91p7vw3vuq8.cloudfront.net%2Fitemku-upload%2F202278%2F9b9kobu65deldkmzquzjel_thumbnail.jpg&w=1033&q=75;;;
Pulsa & Utilitas;Axis;Rp29.500;55 terjual;Pulsa Transfer 25.000;https://imgop.itemku.com/?url=https%3A%2F%2Fd1x91p7vw3vuq8.cloudfront.net%2Fitemku-upload%2F202278%2Fqijqmdgxjqnq7io2ckz19o_thumbnail.jpg&w=1033&q=75;;;
Pulsa & Utilitas;Axis;Rp44.800;36 terjual;Pulsa Transfer 40.000;https://imgop.itemku.com/?url=https%3A%2F%2Fd1x91p7vw3vuq8.cloudfront.net%2Fitemku-upload%2F202359%2Fjg7zhqid1ipey3uw2x786e_thumbnail.jpg&w=1033&q=75;;;
Pulsa & Utilitas;Axis;Rp13.000;32 terjual;Pulsa Transfer 10.000;https://imgop.itemku.com/?url=https%3A%2F%2Fd1x91p7vw3vuq8.cloudfront.net%2Fitemku-upload%2F202278%2Fmi0am9icv4rn7o4bib0daq_thumbnail.jpg&w=1033&q=75;;;
Pulsa & Utilitas;Axis;Rp41.700;32 terjual;Pulsa Transfer 40.000;https://imgop.itemku.com/?url=https%3A%2F%2Fd1x91p7vw3vuq8.cloudfront.net%2Fitemku-upload%2F20221127%2F0vh5q79xm3gdzt28a1ea68_thumbnail.jpg&w=1033&q=75;;;
Pulsa & Utilitas;Axis;Rp11.400;31 terjual;Pulsa Transfer 10.000;https://imgop.itemku.com/?url=https%3A%2F%2Fd1x91p7vw3vuq8.cloudfront.net%2Fweb%2F20201112%2F4dc0c514d5bd88fe8638781e6da934a8c864be680aa9ed33d00446717ae0b279_thumb.jpg&w=1033&q=75;;;
Pulsa & Utilitas;Axis;Rp7.000;30 terjual;Pulsa Transfer 5.000;https://imgop.itemku.com/?url=https%3A%2F%2Fd1x91p7vw3vuq8.cloudfront.net%2Fitemku-upload%2F202278%2Fmqcrbul45829mmw1r73te_thumbnail.jpg&w=1033&q=75;;;
Pulsa & Utilitas;Axis;Rp6.400;26 terjual;Pulsa Transfer 5.000;https://imgop.itemku.com/?url=https%3A%2F%2Fd1x91p7vw3vuq8.cloudfront.net%2Fweb%2F20201112%2F9c73d054ee196761c69cdeb5a1b461b0151a7d68a009a569edfeaea61ed18fb4_thumb.jpg&w=1033&q=75;;;
Pulsa & Utilitas;Axis;Rp104.500;25 terjual;Pulsa Transfer 100.000;https://imgop.itemku.com/?url=https%3A%2F%2Fd1x91p7vw3vuq8.cloudfront.net%2Fitemku-upload%2F202359%2Fojcp21aespztw4gy7s0x_thumbnail.jpg&w=1033&q=75;;;
Pulsa & Utilitas;Tri;Rp32.000;57 terjual;Pulsa Transfer 30000;https://imgop.itemku.com/?url=https%3A%2F%2Fd1x91p7vw3vuq8.cloudfront.net%2Fitemku-upload%2F20221127%2Fstgw9ywexs9v86ytzryiw8_thumbnail.jpg&w=1033&q=75;;;
Pulsa & Utilitas;Tri;Rp103.900;39 terjual;Pulsa Transfer 100000;https://imgop.itemku.com/?url=https%3A%2F%2Fd1x91p7vw3vuq8.cloudfront.net%2Fitemku-upload%2F20221127%2Fl60d7emmwigwdswfz7098_thumbnail.jpg&w=1033&q=75;;;
Pulsa & Utilitas;Tri;Rp110.000;11 terjual;Pulsa Transfer 100000;https://imgop.itemku.com/?url=https%3A%2F%2Fd1x91p7vw3vuq8.cloudfront.net%2Fitemku-upload%2F2023413%2Fzw60ixwek0cic2ykrhee3r_thumbnail.jpg&w=1033&q=75;;;
Pulsa & Utilitas;Tri;Rp210.000;10 terjual;Pulsa Transfer 200000;https://imgop.itemku.com/?url=https%3A%2F%2Fd1x91p7vw3vuq8.cloudfront.net%2Fitemku-upload%2F2023413%2Fal6nma0q1gjxnxx62184do_thumbnail.jpg&w=1033&q=75;;;
Pulsa & Utilitas;Tri;Rp55.000;6 terjual;Pulsa Transfer 50000;https://imgop.itemku.com/?url=https%3A%2F%2Fd1x91p7vw3vuq8.cloudfront.net%2Fitemku-upload%2F2023413%2Fydboyrn1sbj62ejhho7c26_thumbnail.jpg&w=1033&q=75;;;
Pulsa & Utilitas;Tri;Rp33.000;6 terjual;Pulsa Transfer 30000;https://imgop.itemku.com/?url=https%3A%2F%2Fd1x91p7vw3vuq8.cloudfront.net%2Fitemku-upload%2F2023413%2Fi861idr500q05ncorewfe2c_thumbnail.jpg&w=1033&q=75;;;
Pulsa & Utilitas;Tri;Rp51.700;6 terjual;Pulsa Transfer 50000;https://imgop.itemku.com/?url=https%3A%2F%2Fd1x91p7vw3vuq8.cloudfront.net%2Fitemku-upload%2F20221127%2Fy1m7gzznl77jjfswznzje_thumbnail.jpg&w=1033&q=75;;;
Pulsa & Utilitas;Tri;Rp96.000;5 terjual;Pulsa Transfer 100000;https://imgop.itemku.com/?url=https%3A%2F%2Fd1x91p7vw3vuq8.cloudfront.net%2Fitemku-upload%2F2023625%2Fxvlwoo8khkb3a40737x75b_thumbnail.jpg&w=1033&q=75;;;
Pulsa & Utilitas;Tri;Rp11.800;5 terjual;Pulsa Transfer 10000;https://imgop.itemku.com/?url=https%3A%2F%2Fd1x91p7vw3vuq8.cloudfront.net%2Fweb%2F20201203%2F09f09ce44b45068b023b6532f7f35dd11a30bf80bb3a6c25dd99c042f62bc342_thumb.jpg&w=1033&q=75;;;
Pulsa & Utilitas;Tri;Rp11.900;4 terjual;Pulsa Transfer 10000;https://imgop.itemku.com/?url=https%3A%2F%2Fd1x91p7vw3vuq8.cloudfront.net%2Fitemku-upload%2F20221127%2Fnet0b58dpzpvfbh7culpsl_thumbnail.jpg&w=1033&q=75;;;
Pulsa & Utilitas;Tri;Rp32.400;3 terjual;Pulsa Transfer 30000;https://imgop.itemku.com/?url=https%3A%2F%2Fd1x91p7vw3vuq8.cloudfront.net%2Fitemku-upload%2F202359%2Fnm14k5vbd7dcwn7tl6w3v6_thumbnail.jpg&w=1033&q=75;;;
Pulsa & Utilitas;Tri;Rp55.000;1 terjual;Pulsa Transfer 50000;https://imgop.itemku.com/?url=https%3A%2F%2Fd1x91p7vw3vuq8.cloudfront.net%2Fweb%2F20201203%2F429acc0f43086c21905ec727671a91bbea798c071f6bc0b45f52999102285cf4_thumb.jpg&w=1033&q=75;;;
Pulsa & Utilitas;Tri;Rp310.000;1 terjual;Pulsa Transfer 300000;https://imgop.itemku.com/?url=https%3A%2F%2Fd1x91p7vw3vuq8.cloudfront.net%2Fitemku-upload%2F2023413%2Fvogigvnnzmrpebfl36i5u_thumbnail.jpg&w=1033&q=75;;;
Pulsa & Utilitas;Tri;Rp12.000;1 terjual;Pulsa Transfer 10000;https://imgop.itemku.com/?url=https%3A%2F%2Fd1x91p7vw3vuq8.cloudfront.net%2Fitemku-upload%2F2023413%2F2c1la4nbej2ngxxtwl5g2m_thumbnail.jpg&w=1033&q=75;;;
Pulsa & Utilitas;Tri;Rp103.200;;Pulsa Transfer 100000;https://imgop.itemku.com/?url=https%3A%2F%2Fd1x91p7vw3vuq8.cloudfront.net%2Fitemku-upload%2F202359%2Fhom4cdtatx7t2p206b7azq_thumbnail.jpg&w=1033&q=75;;;
Pulsa & Utilitas;Tri;Rp52.000;;Pulsa Transfer 50000;https://imgop.itemku.com/?url=https%3A%2F%2Fd1x91p7vw3vuq8.cloudfront.net%2Fitemku-upload%2F202359%2F2gbc9wbgnufb6dm4kky3bs_thumbnail.jpg&w=1033&q=75;;;
Pulsa & Utilitas;Tri;Rp12.000;;Pulsa Transfer 10000;https://imgop.itemku.com/?url=https%3A%2F%2Fd1x91p7vw3vuq8.cloudfront.net%2Fitemku-upload%2F202359%2Ftx432vtup8qwvjk3q7krq_thumbnail.jpg&w=1033&q=75;;;
Pulsa & Utilitas;Tri;Rp33.200;;Pulsa Transfer 30000;https://imgop.itemku.com/?url=https%3A%2F%2Fd1x91p7vw3vuq8.cloudfront.net%2Fweb%2F20201203%2F60a15cd693f9b563cc70a943244cbd6458cc92fd0de04126d8c7aeb3653c86a6_thumb.jpg&w=1033&q=75;;;
Pulsa & Utilitas;Tri;Rp108.500;;Pulsa Transfer 100000;https://imgop.itemku.com/?url=https%3A%2F%2Fd1x91p7vw3vuq8.cloudfront.net%2Fweb%2F20201203%2Ff715371505ca89368450844fcea6100c80fd6215f7a5adb7ce8ef1240663dfb1_thumb.jpg&w=1033&q=75;;;
Pulsa & Utilitas;Tri;Rp324.000;;Pulsa Transfer 300000;https://imgop.itemku.com/?url=https%3A%2F%2Fd1x91p7vw3vuq8.cloudfront.net%2Fweb%2F20201203%2F28c87375dbef57ba18ca49c6f8b8169e6e2068499b791881aa72613b96a52013_thumb.jpg&w=1033&q=75;;;
Pulsa & Utilitas;Alfamart;Rp54.600;Rp 50000;7 terjual;https://imgop.itemku.com/?url=https%3A%2F%2Fd1x91p7vw3vuq8.cloudfront.net%2Fitemku-upload%2F20241215%2Fshl61612t9f7welimgro26_thumbnail.jpg&w=1033&q=75;;;
Pulsa & Utilitas;Alfamart;Rp105.500;Rp 100000;3 terjual;https://imgop.itemku.com/?url=https%3A%2F%2Fd1x91p7vw3vuq8.cloudfront.net%2Fitemku-upload%2F20241215%2Fc6a5nbl7jgtq16zziw02bq_thumbnail.jpg&w=1033&q=75;;;
Pulsa & Utilitas;Alfamart;Rp27.800;Rp 25000;3 terjual;https://imgop.itemku.com/?url=https%3A%2F%2Fd1x91p7vw3vuq8.cloudfront.net%2Fitemku-upload%2F20241215%2Ffnw7fit9w0aplnye437rc_thumbnail.jpg&w=1033&q=75;;;
Pulsa & Utilitas;Alfamart;Rp131.000;Rp 100000;391 terjual;https://imgop.itemku.com/?url=https%3A%2F%2Fd1x91p7vw3vuq8.cloudfront.net%2Fitemku-upload%2F202597%2F2eefzphnpcdl23to5vabr9_thumbnail.jpg&w=1033&q=75;;;
Pulsa & Utilitas;Alfamart;Rp28.900;Rp 25000;44 terjual;https://imgop.itemku.com/?url=https%3A%2F%2Fd1x91p7vw3vuq8.cloudfront.net%2Fitemku-upload%2F2024108%2Fpkxsyea8aa8xieab8k6tsq_thumbnail.jpg&w=1033&q=75;;;
Pulsa & Utilitas;Alfamart;Rp115.100;Rp 100000;34 terjual;https://imgop.itemku.com/?url=https%3A%2F%2Fd1x91p7vw3vuq8.cloudfront.net%2Fitemku-upload%2F2024108%2F1m05vblyurlzcdgeqiplg_thumbnail.jpg&w=1033&q=75;;;
Pulsa & Utilitas;Alfamart;Rp103.500;Rp 100000;22 terjual;https://imgop.itemku.com/?url=https%3A%2F%2Fd1x91p7vw3vuq8.cloudfront.net%2Fitemku-upload%2F202336%2Fxzdvrcopnfs6z8mrwqwdd_thumbnail.jpg&w=1033&q=75;;;
Pulsa & Utilitas;Alfamart;Rp57.600;Rp 50000;12 terjual;https://imgop.itemku.com/?url=https%3A%2F%2Fd1x91p7vw3vuq8.cloudfront.net%2Fitemku-upload%2F2024108%2F4nky5awswjwjn19y0fje1_thumbnail.jpg&w=1033&q=75;;;
Pulsa & Utilitas;XL;Rp11.400;309 terjual;Pulsa Transfer 10000;https://imgop.itemku.com/?url=https%3A%2F%2Fd1x91p7vw3vuq8.cloudfront.net%2Fweb%2F20200502%2F6ce6b22254011507f62aa96512848bdea02eb70637be41a518efe61d85842e36.webp&w=1033&q=75;;;
Pulsa & Utilitas;XL;Rp31.400;101 terjual;Pulsa Transfer 30000;https://imgop.itemku.com/?url=https%3A%2F%2Fd1x91p7vw3vuq8.cloudfront.net%2Fweb%2F20200502%2F0cfab5fd65ba1047c7ea82e0496e6bfc304beb4bab199239f54e1610e7a8fa62.webp&w=1033&q=75;;;
Pulsa & Utilitas;XL;Rp11.000;31 terjual;Pulsa Transfer 10000;https://imgop.itemku.com/?url=https%3A%2F%2Fd1x91p7vw3vuq8.cloudfront.net%2Fitemku-upload%2F2026226%2Fai0etcicy7l31ck2y2f7mz_thumbnail.jpg&w=1033&q=75;;;
Pulsa & Utilitas;XL;Rp11.500;18 terjual;Pulsa Transfer 10000;https://imgop.itemku.com/?url=https%3A%2F%2Fd1x91p7vw3vuq8.cloudfront.net%2Fitemku-upload%2F2025627%2Feuaal8ywcxh8r7ir177r5_thumbnail.jpg&w=1033&q=75;;;
Pulsa & Utilitas;XL;Rp11.400;9 terjual;Pulsa Transfer 10000;https://imgop.itemku.com/?url=https%3A%2F%2Fd1x91p7vw3vuq8.cloudfront.net%2Fitemku-upload%2F202359%2Fj5drys88eypjorhv8hkwyo_thumbnail.jpg&w=1033&q=75;;;
Pulsa & Utilitas;XL;Rp51.200;4 terjual;Pulsa Transfer 50000;https://imgop.itemku.com/?url=https%3A%2F%2Fd1x91p7vw3vuq8.cloudfront.net%2Fitemku-upload%2F20221127%2Fxbz1k9vdk3fw1oat3qh91s_thumbnail.jpg&w=1033&q=75;;;
Pulsa & Utilitas;XL;Rp11.500;3 terjual;Pulsa Transfer 10000;https://imgop.itemku.com/?url=https%3A%2F%2Fd1x91p7vw3vuq8.cloudfront.net%2Fitemku-upload%2F20241229%2F5uzsqtsw3x5rekwu3pmbo_thumbnail.jpg&w=1033&q=75;;;
Pulsa & Utilitas;XL;Rp208.000;2 terjual;Pulsa Transfer 200000;https://imgop.itemku.com/?url=https%3A%2F%2Fd1x91p7vw3vuq8.cloudfront.net%2Fitemku-upload%2F20241229%2F4gj561d209k8y2qzytzn4i_thumbnail.jpg&w=1033&q=75;;;
Pulsa & Utilitas;XL;Rp31.500;2 terjual;Pulsa Transfer 30000;https://imgop.itemku.com/?url=https%3A%2F%2Fd1x91p7vw3vuq8.cloudfront.net%2Fitemku-upload%2F20241229%2F3e3d66eh2wd8ej63pjnpsl_thumbnail.jpg&w=1033&q=75;;;
Pulsa & Utilitas;XL;Rp52.100;1 terjual;Pulsa Transfer 50000;https://imgop.itemku.com/?url=https%3A%2F%2Fd1x91p7vw3vuq8.cloudfront.net%2Fitemku-upload%2F20241229%2Fz2qfhaw9alkwmjguntryu_thumbnail.jpg&w=1033&q=75;;;
Pulsa & Utilitas;XL;Rp103.500;;Pulsa Transfer 100000;https://imgop.itemku.com/?url=https%3A%2F%2Fd1x91p7vw3vuq8.cloudfront.net%2Fitemku-upload%2F20241229%2F8ediaya8vls1ilsawrnmrv_thumbnail.jpg&w=1033&q=75;;;
Pulsa & Utilitas;XL;Rp104.200;;Pulsa Transfer 100000;https://imgop.itemku.com/?url=https%3A%2F%2Fd1x91p7vw3vuq8.cloudfront.net%2Fitemku-upload%2F202359%2Fjng5cim6mhbl5lg08if769_thumbnail.jpg&w=1033&q=75;;;
Pulsa & Utilitas;XL;Rp52.200;;Pulsa Transfer 50000;https://imgop.itemku.com/?url=https%3A%2F%2Fd1x91p7vw3vuq8.cloudfront.net%2Fitemku-upload%2F202359%2F11dyy4hz747jfe3vhr1lo6i_thumbnail.jpg&w=1033&q=75;;;
Pulsa & Utilitas;XL;Rp31.600;;Pulsa Transfer 30000;https://imgop.itemku.com/?url=https%3A%2F%2Fd1x91p7vw3vuq8.cloudfront.net%2Fitemku-upload%2F202359%2Fx8q7604m67kt5yln6tlye_thumbnail.jpg&w=1033&q=75;;;
Pulsa & Utilitas;XL;Rp10.800;;Pulsa Transfer 10000;https://imgop.itemku.com/?url=https%3A%2F%2Fd1x91p7vw3vuq8.cloudfront.net%2Fitemku-upload%2F20221224%2Fbjav2z1pp9e23ub1qn2rch_thumbnail.jpg&w=1033&q=75;;;
Pulsa & Utilitas;XL;Rp200.000;;Pulsa Transfer 200000;https://imgop.itemku.com/?url=https%3A%2F%2Fd1x91p7vw3vuq8.cloudfront.net%2Fitemku-upload%2F20221127%2Fvp05njnk7uscqbmtk83he_thumbnail.jpg&w=1033&q=75;;;
Pulsa & Utilitas;XL;Rp100.000;;Pulsa Transfer 100000;https://imgop.itemku.com/?url=https%3A%2F%2Fd1x91p7vw3vuq8.cloudfront.net%2Fitemku-upload%2F20221127%2Fb1jqcdo4w358u9r8vz9qjp_thumbnail.jpg&w=1033&q=75;;;
Pulsa & Utilitas;XL;Rp10.900;;Pulsa Transfer 10000;https://imgop.itemku.com/?url=https%3A%2F%2Fd1x91p7vw3vuq8.cloudfront.net%2Fitemku-upload%2F20221127%2Fldtlr1dzfjxh1ouy96ona_thumbnail.jpg&w=1033&q=75;;;
Pulsa & Utilitas;XL;Rp198.600;;Pulsa Transfer 200000;https://imgop.itemku.com/?url=https%3A%2F%2Fd1x91p7vw3vuq8.cloudfront.net%2Fitemku-upload%2F20221218%2Fmpgxy2wypmsgw3lm3uurr_thumbnail.jpg&w=1033&q=75;;;
Pulsa & Utilitas;XL;Rp100.000;;Pulsa Transfer 100000;https://imgop.itemku.com/?url=https%3A%2F%2Fd1x91p7vw3vuq8.cloudfront.net%2Fitemku-upload%2F20221218%2Fycpa42uisl2mkukqec92_thumbnail.jpg&w=1033&q=75;;;
Pulsa & Utilitas;Token PLN;Rp21.395;2594 terjual;IDR 20000;https://imgop.itemku.com/?url=https%3A%2F%2Fd1x91p7vw3vuq8.cloudfront.net%2Fweb%2F20201030%2F05edb5b4578f5e6b485e8a7b916c8fdb22d162d1a58b88256856c6184bdcc987_thumb.jpg&w=1033&q=75;;;
Pulsa & Utilitas;Token PLN;Rp23.890;1200 terjual;IDR 20000;https://imgop.itemku.com/?url=https%3A%2F%2Fd1x91p7vw3vuq8.cloudfront.net%2Fitemku-upload%2F2025322%2Fcghnvpyj85aqagnlqqxphm_thumbnail.jpg&w=1033&q=75;;;
Pulsa & Utilitas;Token PLN;Rp52.500;916 terjual;IDR 50000;https://imgop.itemku.com/?url=https%3A%2F%2Fd1x91p7vw3vuq8.cloudfront.net%2Fweb%2F20210108%2Ff048ca174f6bbaabc394428634cc1493e5f480391f3bb48b9ea60947e28314fd_thumb.jpg&w=1033&q=75;;;
Pulsa & Utilitas;Token PLN;Rp22.500;827 terjual;IDR 20000;https://imgop.itemku.com/?url=https%3A%2F%2Fd1x91p7vw3vuq8.cloudfront.net%2Fweb%2F20210108%2Fc8a2f59c5a4f484838e8a35914c1c0b86ebfbb1d32af7a0857b7bcf5ec3648cc_thumb.jpg&w=1033&q=75;;;
Pulsa & Utilitas;Token PLN;Rp12.330;735 terjual;IDR 10000;https://imgop.itemku.com/?url=https%3A%2F%2Fd1x91p7vw3vuq8.cloudfront.net%2Fitemku-upload%2F2025119%2Faxuyz5cjqwvflclpus13pt_thumbnail.jpg&w=1033&q=75;;;
Pulsa & Utilitas;Token PLN;Rp7.160;735 terjual;IDR 5000;https://imgop.itemku.com/?url=https%3A%2F%2Fd1x91p7vw3vuq8.cloudfront.net%2Fitemku-upload%2F2025119%2Fmeo71opqfolzxck6u9sdrb_thumbnail.jpg&w=1033&q=75;;;
Pulsa & Utilitas;Token PLN;Rp22.860;638 terjual;IDR 20000;https://imgop.itemku.com/?url=https%3A%2F%2Fd1x91p7vw3vuq8.cloudfront.net%2Fitemku-upload%2F20221128%2F3qvekju4bwdbesegskd7qr_thumbnail.jpg&w=1033&q=75;;;
Pulsa & Utilitas;Token PLN;Rp23.900;585 terjual;IDR 20000;https://imgop.itemku.com/?url=https%3A%2F%2Fd1x91p7vw3vuq8.cloudfront.net%2Fitemku-upload%2F2023320%2F8br2ntc8avfuvllrr0xi6_thumbnail.jpg&w=1033&q=75;;;
Pulsa & Utilitas;Token PLN;Rp52.499;515 terjual;IDR 50000;https://imgop.itemku.com/?url=https%3A%2F%2Fd1x91p7vw3vuq8.cloudfront.net%2Fweb%2F20201030%2F56d5132f6a4c15f0d0f3bd6e91268a70091bc7c94471da1b8c7c0177500ee566_thumb.jpg&w=1033&q=75;;;
Pulsa & Utilitas;Token PLN;Rp103.500;410 terjual;IDR 100000;https://imgop.itemku.com/?url=https%3A%2F%2Fd1x91p7vw3vuq8.cloudfront.net%2Fweb%2F20210108%2F4ebe58ddb5037ca751535c835a88264723fd0b290ac8b442b18a3e022f008df2_thumb.jpg&w=1033&q=75;;;
Pulsa & Utilitas;Token PLN;Rp22.900;376 terjual;IDR 20000;https://imgop.itemku.com/?url=https%3A%2F%2Fd1x91p7vw3vuq8.cloudfront.net%2Fitemku-upload%2F2021108%2Fogvq9w02zmpp9fjfsnewpn_thumbnail.jpg&w=1033&q=75;;;
Pulsa & Utilitas;Token PLN;Rp105.000;373 terjual;IDR 100000;https://imgop.itemku.com/?url=https%3A%2F%2Fd1x91p7vw3vuq8.cloudfront.net%2Fweb%2F20201030%2Fbbc9d8569e969c42b066aedeab42eeb060bd68378a6ec356cfcb029dfce3431b_thumb.jpg&w=1033&q=75;;;
Pulsa & Utilitas;Token PLN;Rp107.900;242 terjual;IDR 100000;https://imgop.itemku.com/?url=https%3A%2F%2Fd1x91p7vw3vuq8.cloudfront.net%2Fitemku-upload%2F2025322%2Fsfv1r19fb3oj9ut4lbdtif_thumbnail.jpg&w=1033&q=75;;;
Pulsa & Utilitas;Token PLN;Rp12.500;221 terjual;IDR 10000;https://imgop.itemku.com/?url=https%3A%2F%2Fd1x91p7vw3vuq8.cloudfront.net%2Fitemku-upload%2F20241025%2Fga3te7dklycyqoiq3jjiw_thumbnail.jpg&w=1033&q=75;;;
Pulsa & Utilitas;Token PLN;Rp7.050;209 terjual;IDR 5000;https://imgop.itemku.com/?url=https%3A%2F%2Fd1x91p7vw3vuq8.cloudfront.net%2Fitemku-upload%2F20241020%2Fcvfzwcxtp2o4o3ivt7utb5_thumbnail.jpg&w=1033&q=75;;;
Pulsa & Utilitas;Token PLN;Rp22.900;207 terjual;IDR 20000;https://imgop.itemku.com/?url=https%3A%2F%2Fd1x91p7vw3vuq8.cloudfront.net%2Fitemku-upload%2F2023518%2Fc7luztuaxqj7cl8xc7wr2g_thumbnail.jpg&w=1033&q=75;;;
Pulsa & Utilitas;Token PLN;Rp7.300;206 terjual;IDR 5000;https://imgop.itemku.com/?url=https%3A%2F%2Fd1x91p7vw3vuq8.cloudfront.net%2Fitemku-upload%2F20241025%2Fwy1hx677bckx8np9kwc0e_thumbnail.jpg&w=1033&q=75;;;
Pulsa & Utilitas;Token PLN;Rp207.000;201 terjual;IDR 200000;https://imgop.itemku.com/?url=https%3A%2F%2Fd1x91p7vw3vuq8.cloudfront.net%2Fweb%2F20210108%2F7618a95701e0933ff0411e72a77cd55a846885cde988236266d8cab23fac0be0_thumb.jpg&w=1033&q=75;;;
Pulsa & Utilitas;Token PLN;Rp54.700;167 terjual;IDR 50000;https://imgop.itemku.com/?url=https%3A%2F%2Fd1x91p7vw3vuq8.cloudfront.net%2Fitemku-upload%2F2025322%2Fj2odm1wzetc8nx0sik9q5k_thumbnail.jpg&w=1033&q=75;;;
Pulsa & Utilitas;Token PLN;Rp12.325;121 terjual;IDR 10000;https://imgop.itemku.com/?url=https%3A%2F%2Fd1x91p7vw3vuq8.cloudfront.net%2Fitemku-upload%2F20241020%2Feoy19ow6baq60pmpyuutq_thumbnail.jpg&w=1033&q=75;;;
Pulsa & Utilitas;Indosat Ooredoo;Rp6.511;1217 terjual;Yellow 1GB (1 Hari);https://imgop.itemku.com/?url=https%3A%2F%2Fd1x91p7vw3vuq8.cloudfront.net%2Fitemku-upload%2F20211014%2Fusxfit5yq4z64ouajirq_thumbnail.jpg&w=1033&q=75;;;
Pulsa & Utilitas;Indosat Ooredoo;Rp6.511;1085 terjual;Yellow 700MB (1 Hari);https://imgop.itemku.com/?url=https%3A%2F%2Fd1x91p7vw3vuq8.cloudfront.net%2Fitemku-upload%2F20211014%2F2fky3vyg1xztebpubyfr3o_thumbnail.jpg&w=1033&q=75;;;
Pulsa & Utilitas;Indosat Ooredoo;Rp8.000;1003 terjual;Yellow 1GB (3 Hari);https://imgop.itemku.com/?url=https%3A%2F%2Fd1x91p7vw3vuq8.cloudfront.net%2Fitemku-upload%2F202326%2Ficp6s6kp6z9yuvulmjrsng_thumbnail.jpg&w=1033&q=75;;;
Pulsa & Utilitas;Indosat Ooredoo;Rp12.495;805 terjual;Yellow 2GB (3 Hari);https://imgop.itemku.com/?url=https%3A%2F%2Fd1x91p7vw3vuq8.cloudfront.net%2Fitemku-upload%2F20211014%2Fqf85flwwnygawxybxza609_thumbnail.jpg&w=1033&q=75;;;
Pulsa & Utilitas;Indosat Ooredoo;Rp7.300;756 terjual;Yellow 1GB (1 Hari);https://imgop.itemku.com/?url=https%3A%2F%2Fd1x91p7vw3vuq8.cloudfront.net%2Fitemku-upload%2F202326%2F1fp8n8t74xm3tojpk6tqfn_thumbnail.jpg&w=1033&q=75;;;
Pulsa & Utilitas;Indosat Ooredoo;Rp6.511;742 terjual;Yellow 1GB (3 Hari);https://imgop.itemku.com/?url=https%3A%2F%2Fd1x91p7vw3vuq8.cloudfront.net%2Fitemku-upload%2F20211014%2F7gncgxugurc5ivr4chk0pe_thumbnail.jpg&w=1033&q=75;;;
Pulsa & Utilitas;Indosat Ooredoo;Rp6.516;569 terjual;Yellow 1GB (7 Hari);https://imgop.itemku.com/?url=https%3A%2F%2Fd1x91p7vw3vuq8.cloudfront.net%2Fitemku-upload%2F20211014%2Fieh1xc5jzvibqfy7uq6bwa_thumbnail.jpg&w=1033&q=75;;;
Pulsa & Utilitas;Indosat Ooredoo;Rp7.000;435 terjual;Yellow 700MB (1 Hari);https://imgop.itemku.com/?url=https%3A%2F%2Fd1x91p7vw3vuq8.cloudfront.net%2Fitemku-upload%2F202326%2Fadypxmnipg7ffs20m2ge4n_thumbnail.jpg&w=1033&q=75;;;
Pulsa & Utilitas;Indosat Ooredoo;Rp9.915;270 terjual;Freedom Internet 4GB;https://imgop.itemku.com/?url=https%3A%2F%2Fd1x91p7vw3vuq8.cloudfront.net%2Fitemku-upload%2F20211014%2Fclqjq4kggxmeszhm7jte8_thumbnail.jpg&w=1033&q=75;;;
Pulsa & Utilitas;Indosat Ooredoo;Rp53.900;197 terjual;Freedom Internet 18GB;https://imgop.itemku.com/?url=https%3A%2F%2Fd1x91p7vw3vuq8.cloudfront.net%2Fitemku-upload%2F202195%2Fd2acb8ikhztvcoth4q0sc_thumbnail.jpg&w=1033&q=75;;;
Pulsa & Utilitas;Indosat Ooredoo;Rp7.308;169 terjual;Freedom Internet 3GB;https://imgop.itemku.com/?url=https%3A%2F%2Fd1x91p7vw3vuq8.cloudfront.net%2Fitemku-upload%2F20211018%2Fo31cy5ukdihcsttokxwjsk_thumbnail.jpg&w=1033&q=75;;;
Pulsa & Utilitas;Indosat Ooredoo;Rp12.516;158 terjual;Freedom Internet 2GB (15 Hari);https://imgop.itemku.com/?url=https%3A%2F%2Fd1x91p7vw3vuq8.cloudfront.net%2Fitemku-upload%2F20211018%2Fjnr8r456t6btwhtmhcus2_thumbnail.jpg&w=1033&q=75;;;
Pulsa & Utilitas;Indosat Ooredoo;Rp35.900;158 terjual;Freedom Internet 10GB;https://imgop.itemku.com/?url=https%3A%2F%2Fd1x91p7vw3vuq8.cloudfront.net%2Fitemku-upload%2F2022812%2F8flddlbqwahcaq3i1ai3jv_thumbnail.jpg&w=1033&q=75;;;
Pulsa & Utilitas;Indosat Ooredoo;Rp7.800;152 terjual;Yellow 1GB (1 Hari);https://imgop.itemku.com/?url=https%3A%2F%2Fd1x91p7vw3vuq8.cloudfront.net%2Fitemku-upload%2F202362%2Fyl4n6xsgd2ontvct83hf0g_thumbnail.jpg&w=1033&q=75;;;
Pulsa & Utilitas;Indosat Ooredoo;Rp29.974;150 terjual;Freedom Internet 10GB;https://imgop.itemku.com/?url=https%3A%2F%2Fd1x91p7vw3vuq8.cloudfront.net%2Fitemku-upload%2F20211014%2Frqdib81j3vqvli3to5lj3g_thumbnail.jpg&w=1033&q=75;;;
Pulsa & Utilitas;Indosat Ooredoo;Rp6.900;135 terjual;Yellow 700MB (1 Hari);https://imgop.itemku.com/?url=https%3A%2F%2Fd1x91p7vw3vuq8.cloudfront.net%2Fitemku-upload%2F2022331%2Fjw9dkinya09ufkml13swd_thumbnail.jpg&w=1033&q=75;;;
Pulsa & Utilitas;Indosat Ooredoo;Rp12.785;132 terjual;Yellow 1GB (1 Hari);https://imgop.itemku.com/?url=https%3A%2F%2Fd1x91p7vw3vuq8.cloudfront.net%2Fitemku-upload%2F20241219%2Fbc0f007c0069166978f86a2c16_thumbnail.png&w=1033&q=75;;;
Pulsa & Utilitas;Indosat Ooredoo;Rp33.124;88 terjual;Yellow 5GB/7 Hari (30 Hari);https://imgop.itemku.com/?url=https%3A%2F%2Fd1x91p7vw3vuq8.cloudfront.net%2Fitemku-upload%2F20211014%2F1rnf22ykm713pgqe6zyin6_thumbnail.jpg&w=1033&q=75;;;
Pulsa & Utilitas;Indosat Ooredoo;Rp9.915;88 terjual;Freedom Internet 6GB (2 Hari);https://imgop.itemku.com/?url=https%3A%2F%2Fd1x91p7vw3vuq8.cloudfront.net%2Fitemku-upload%2F20260129%2F0138f3d7876f6f8c52ee8f7f45_thumbnail.jpg&w=1033&q=75;;;
Pulsa & Utilitas;Indosat Ooredoo;Rp8.600;84 terjual;Freedom Internet 3GB;https://imgop.itemku.com/?url=https%3A%2F%2Fd1x91p7vw3vuq8.cloudfront.net%2Fitemku-upload%2F202523%2Fiekmwo5hf5gc3ykdtgyieq_thumbnail.jpg&w=1033&q=75;;;
Pulsa & Utilitas;Smartfren;Rp10.700;231 terjual;Pulsa Transfer 10.000;https://imgop.itemku.com/?url=https%3A%2F%2Fd1x91p7vw3vuq8.cloudfront.net%2Fweb%2F20201118%2F14392dad4294995a254cb6c006f06432ed5d98a895f205eed787ee72c6ad7d81_thumb.jpg&w=1033&q=75;;;
Pulsa & Utilitas;Smartfren;Rp5.500;92 terjual;Pulsa Transfer 5.000;https://imgop.itemku.com/?url=https%3A%2F%2Fd1x91p7vw3vuq8.cloudfront.net%2Fweb%2F20201118%2F46db6dda4955def00bf46b2001432dae3fb12809e737a57f39dec6ed8d4febc1_thumb.jpg&w=1033&q=75;;;
Pulsa & Utilitas;Smartfren;Rp21.000;86 terjual;Pulsa Transfer 20.000;https://imgop.itemku.com/?url=https%3A%2F%2Fd1x91p7vw3vuq8.cloudfront.net%2Fweb%2F20201118%2F674ed39c0e1ac8a7bef9c4cb8dc0a5cf69fe6d4815f87e7bd116fea3c4b49cee_thumb.jpg&w=1033&q=75;;;
Pulsa & Utilitas;Smartfren;Rp11.400;68 terjual;Pulsa Transfer 10.000;https://imgop.itemku.com/?url=https%3A%2F%2Fd1x91p7vw3vuq8.cloudfront.net%2Fitemku-upload%2F20221127%2F7omg9zfyx39w75lm281csa_thumbnail.jpg&w=1033&q=75;;;
Pulsa & Utilitas;Smartfren;Rp25.500;33 terjual;Pulsa Transfer 25.000;https://imgop.itemku.com/?url=https%3A%2F%2Fd1x91p7vw3vuq8.cloudfront.net%2Fweb%2F20201118%2F36c2de64d51432d9656e54b2c285532d1e4e62c5cb372e57aa09eb77737c0ad4_thumb.jpg&w=1033&q=75;;;
Pulsa & Utilitas;Smartfren;Rp6.500;33 terjual;Pulsa Transfer 5.000;https://imgop.itemku.com/?url=https%3A%2F%2Fd1x91p7vw3vuq8.cloudfront.net%2Fitemku-upload%2F20221127%2Fjhwu1xvhhinvdpjfco66a_thumbnail.jpg&w=1033&q=75;;;
Pulsa & Utilitas;Smartfren;Rp10.800;26 terjual;Pulsa Transfer 10.000;https://imgop.itemku.com/?url=https%3A%2F%2Fd1x91p7vw3vuq8.cloudfront.net%2Fitemku-upload%2F20241215%2F4hokc1g0lhpqvt5hhv8z4_thumbnail.jpg&w=1033&q=75;;;
Pulsa & Utilitas;Smartfren;Rp16.300;23 terjual;Pulsa Transfer 15.000;https://imgop.itemku.com/?url=https%3A%2F%2Fd1x91p7vw3vuq8.cloudfront.net%2Fitemku-upload%2F20221126%2Fyuwgzkqi1okhpytcmn61v7_thumbnail.jpg&w=1033&q=75;;;
Pulsa & Utilitas;Smartfren;Rp104.500;22 terjual;Pulsa Transfer 100.000;https://imgop.itemku.com/?url=https%3A%2F%2Fd1x91p7vw3vuq8.cloudfront.net%2Fitemku-upload%2F202359%2Fsckl0farpxsajr3n8mhfh_thumbnail.jpg&w=1033&q=75;;;
Pulsa & Utilitas;Smartfren;Rp52.000;14 terjual;Pulsa Transfer 50.000;https://imgop.itemku.com/?url=https%3A%2F%2Fd1x91p7vw3vuq8.cloudfront.net%2Fweb%2F20201118%2F76924bd8b9f57ef398085d4c82a88b950a4fe9dc38709cd43641d4318fd4324d_thumb.jpg&w=1033&q=75;;;
Pulsa & Utilitas;Smartfren;Rp103.900;8 terjual;Pulsa Transfer 100.000;https://imgop.itemku.com/?url=https%3A%2F%2Fd1x91p7vw3vuq8.cloudfront.net%2Fitemku-upload%2F2022430%2F5ry9lffgzcny6cmktmag5e_thumbnail.jpg&w=1033&q=75;;;
Pulsa & Utilitas;Smartfren;Rp31.500;7 terjual;Pulsa Transfer 30.000;https://imgop.itemku.com/?url=https%3A%2F%2Fd1x91p7vw3vuq8.cloudfront.net%2Fweb%2F20201118%2Fb4e6cb14dd74e2977f5a3c0fc1f335b8dc3fddfc7c1a1b2f3ec15c779566e0fb_thumb.jpg&w=1033&q=75;;;
Pulsa & Utilitas;Smartfren;Rp21.000;4 terjual;Pulsa Transfer 20.000;https://imgop.itemku.com/?url=https%3A%2F%2Fd1x91p7vw3vuq8.cloudfront.net%2Fitemku-upload%2F202359%2Fm0cb4t9s2gozny4472gvc_thumbnail.jpg&w=1033&q=75;;;
Pulsa & Utilitas;Smartfren;Rp105.000;3 terjual;Pulsa Transfer 100.000;https://imgop.itemku.com/?url=https%3A%2F%2Fd1x91p7vw3vuq8.cloudfront.net%2Fitemku-upload%2F20241215%2Fk3riygwsdhb0yet60x6i0j_thumbnail.jpg&w=1033&q=75;;;
Pulsa & Utilitas;Smartfren;Rp5.800;3 terjual;Pulsa Transfer 5.000;https://imgop.itemku.com/?url=https%3A%2F%2Fd1x91p7vw3vuq8.cloudfront.net%2Fitemku-upload%2F20241215%2Fskyu9nr79bzu6ekwnc98c_thumbnail.jpg&w=1033&q=75;;;
Pulsa & Utilitas;Smartfren;Rp31.700;3 terjual;Pulsa Transfer 30.000;https://imgop.itemku.com/?url=https%3A%2F%2Fd1x91p7vw3vuq8.cloudfront.net%2Fitemku-upload%2F202359%2Fviouqll7zumbk9q1wpxulf_thumbnail.jpg&w=1033&q=75;;;
Pulsa & Utilitas;Smartfren;Rp18.400;3 terjual;Pulsa Transfer 15.000;https://imgop.itemku.com/?url=https%3A%2F%2Fd1x91p7vw3vuq8.cloudfront.net%2Fitemku-upload%2F202359%2Fx7oyydjz88csogq6vsy2r_thumbnail.jpg&w=1033&q=75;;;
Pulsa & Utilitas;Smartfren;Rp42.000;2 terjual;Pulsa Transfer 40.000;https://imgop.itemku.com/?url=https%3A%2F%2Fd1x91p7vw3vuq8.cloudfront.net%2Fitemku-upload%2F20241215%2Fz3d64zbw5qg6trmpuimkse_thumbnail.jpg&w=1033&q=75;;;
Pulsa & Utilitas;Smartfren;Rp52.200;2 terjual;Pulsa Transfer 50.000;https://imgop.itemku.com/?url=https%3A%2F%2Fd1x91p7vw3vuq8.cloudfront.net%2Fitemku-upload%2F202359%2Fcut90mntruijt3juumkra_thumbnail.jpg&w=1033&q=75;;;
Pulsa & Utilitas;Smartfren;Rp31.900;2 terjual;Pulsa Transfer 30.000;https://imgop.itemku.com/?url=https%3A%2F%2Fd1x91p7vw3vuq8.cloudfront.net%2Fitemku-upload%2F20221126%2F3rn0zwwe4im6bea6bxzkq7_thumbnail.jpg&w=1033&q=75;;;
Pulsa & Utilitas;Telkomsel;Rp11.000;1546 terjual;Pulsa Transfer 10000;https://imgop.itemku.com/?url=https%3A%2F%2Fd1x91p7vw3vuq8.cloudfront.net%2Fweb%2F20200502%2F8abc205103daaa7c908b686b82a99031831ecdacf5e1c4a77a8c10a7033d21b7.webp&w=1033&q=75;;;
Pulsa & Utilitas;Telkomsel;Rp14.800;1221 terjual;Pulsa Transfer 10000;https://imgop.itemku.com/?url=https%3A%2F%2Fd1x91p7vw3vuq8.cloudfront.net%2Fweb%2F20201127%2F8840aa8ae565be0f1de4ad0aa98bcf63a09bb53054ae5153dca8628a0ad88c1e_thumb.jpg&w=1033&q=75;;;
Pulsa & Utilitas;Telkomsel;Rp11.000;426 terjual;Pulsa Transfer 10000;https://imgop.itemku.com/?url=https%3A%2F%2Fd1x91p7vw3vuq8.cloudfront.net%2Fitemku-upload%2F2025623%2Fz9v85651jnsbescw5ofl2g_thumbnail.jpg&w=1033&q=75;;;
Pulsa & Utilitas;Telkomsel;Rp35.800;327 terjual;Pulsa Transfer 30000;https://imgop.itemku.com/?url=https%3A%2F%2Fd1x91p7vw3vuq8.cloudfront.net%2Fweb%2F20201126%2F445eaf984441dd8c52ee45e1e6c0afe82d78e68713518c24b8c3d2fe1bc27f5e_thumb.jpg&w=1033&q=75;;;
Pulsa & Utilitas;Telkomsel;Rp55.560;251 terjual;Pulsa Transfer 50000;https://imgop.itemku.com/?url=https%3A%2F%2Fd1x91p7vw3vuq8.cloudfront.net%2Fitemku-upload%2F2022125%2Fbh0sw3kz3ismwatlxxqmob_thumbnail.jpg&w=1033&q=75;;;
Pulsa & Utilitas;Telkomsel;Rp106.515;105 terjual;Pulsa Transfer 100000;https://imgop.itemku.com/?url=https%3A%2F%2Fd1x91p7vw3vuq8.cloudfront.net%2Fitemku-upload%2F2022120%2F33cpjhskqqmtep4f8lghp_thumbnail.jpg&w=1033&q=75;;;
Pulsa & Utilitas;Telkomsel;Rp58.500;325 terjual;Pulsa Transfer 50000;https://imgop.itemku.com/?url=https%3A%2F%2Fd1x91p7vw3vuq8.cloudfront.net%2Fweb%2F20201125%2F0d6e92481e50eca5227eaef551ac564c2a60a6e63c69ce43234e63b1d54ae36e_thumb.jpg&w=1033&q=75;;;
Pulsa & Utilitas;Telkomsel;Rp133.500;209 terjual;Pulsa Transfer 100000;https://imgop.itemku.com/?url=https%3A%2F%2Fd1x91p7vw3vuq8.cloudfront.net%2Fweb%2F20201125%2Fc3708dd3f955d39208c4a1d165d3e86df619d6fe56128bed3e1a4a1a61bc83d3_thumb.jpg&w=1033&q=75;;;
Pulsa & Utilitas;Telkomsel;Rp53.200;159 terjual;Pulsa Transfer 50000;https://imgop.itemku.com/?url=https%3A%2F%2Fd1x91p7vw3vuq8.cloudfront.net%2Fitemku-upload%2F20241213%2Fyabmee6dhz9sakh99mtk6_thumbnail.jpg&w=1033&q=75;;;
Pulsa & Utilitas;Telkomsel;Rp31.700;127 terjual;Pulsa Transfer 30000;https://imgop.itemku.com/?url=https%3A%2F%2Fd1x91p7vw3vuq8.cloudfront.net%2F20200206%2F4023e673b6c1d4b64b55faaea223a6665414b1aabcd08780b15fac2873fa8b8a_thumb.jpg&w=1033&q=75;;;
Pulsa & Utilitas;Telkomsel;Rp33.400;57 terjual;Pulsa Transfer 30000;https://imgop.itemku.com/?url=https%3A%2F%2Fd1x91p7vw3vuq8.cloudfront.net%2Fitemku-upload%2F20241213%2Fpcppcd6kb39u09kn4wnwh_thumbnail.jpg&w=1033&q=75;;;
Pulsa & Utilitas;Telkomsel;Rp10.800;56 terjual;Pulsa Transfer 10000;https://imgop.itemku.com/?url=https%3A%2F%2Fd1x91p7vw3vuq8.cloudfront.net%2Fitemku-upload%2F2023523%2F9km0eonotpi53c7ecdtklt_thumbnail.jpg&w=1033&q=75;;;
Pulsa & Utilitas;Telkomsel;Rp52.200;51 terjual;Pulsa Transfer 50000;https://imgop.itemku.com/?url=https%3A%2F%2Fd1x91p7vw3vuq8.cloudfront.net%2F20200206%2F079a253ac687a709ac4cbe5c79e2ec28916e5067ac27dbfe23bc6addfd8b87e2_thumb.jpg&w=1033&q=75;;;
Pulsa & Utilitas;Telkomsel;Rp59.000;47 terjual;Pulsa Transfer 50000;https://imgop.itemku.com/?url=https%3A%2F%2Fd1x91p7vw3vuq8.cloudfront.net%2Fitemku-upload%2F2022613%2Fe0lieopzxxmpx2rz50eqhp_thumbnail.jpg&w=1033&q=75;;;
Pulsa & Utilitas;Telkomsel;Rp11.000;47 terjual;Pulsa Transfer 10000;https://imgop.itemku.com/?url=https%3A%2F%2Fd1x91p7vw3vuq8.cloudfront.net%2Fitemku-upload%2F20241130%2Fsrygfohjzxn0hal5zbr169p_thumbnail.jpg&w=1033&q=75;;;
Pulsa & Utilitas;Telkomsel;Rp252.800;33 terjual;Pulsa Transfer 200000;https://imgop.itemku.com/?url=https%3A%2F%2Fd1x91p7vw3vuq8.cloudfront.net%2Fweb%2F20201125%2F64048f3a7340bdf67d4c0003b5d37087cac57d8f30796437ac975b8bc5474442_thumb.jpg&w=1033&q=75;;;
Pulsa & Utilitas;Telkomsel;Rp11.500;28 terjual;Pulsa Transfer 10000;https://imgop.itemku.com/?url=https%3A%2F%2Fd1x91p7vw3vuq8.cloudfront.net%2F20200206%2Ffd69923471139efb2ba344eefeb1037320981b362f3c27ca142ce391be4c24c7_thumb.jpg&w=1033&q=75;;;
Pulsa & Utilitas;Telkomsel;Rp12.800;26 terjual;Pulsa Transfer 10000;https://imgop.itemku.com/?url=https%3A%2F%2Fd1x91p7vw3vuq8.cloudfront.net%2F20191203%2F410f5fb1356af0c5f39f94d98b29cd764f89819594d8f0e6779abbb6438e86f5_thumb.jpg&w=1033&q=75;;;
Pulsa & Utilitas;Telkomsel;Rp102.900;25 terjual;Pulsa Transfer 100000;https://imgop.itemku.com/?url=https%3A%2F%2Fd1x91p7vw3vuq8.cloudfront.net%2F20200206%2F7f39fa73062e89308f34e3d65c87ef4ad789f043824b4b73d7de14ddeaf2862b_thumb.jpg&w=1033&q=75;;;
Pulsa & Utilitas;Telkomsel;Rp35.400;25 terjual;Pulsa Transfer 30000;https://imgop.itemku.com/?url=https%3A%2F%2Fd1x91p7vw3vuq8.cloudfront.net%2Fitemku-upload%2F2022613%2F19wqgcgggihngu2kaof9h8_thumbnail.jpg&w=1033&q=75;;;
Pulsa & Utilitas;Telkomsel;Rp50.300;25 terjual;Pulsa Transfer 50000;https://imgop.itemku.com/?url=https%3A%2F%2Fd1x91p7vw3vuq8.cloudfront.net%2Fitemku-upload%2F20221126%2Fapmo37wrzzks3u8fign3b_thumbnail.jpg&w=1033&q=75;;;
Pulsa & Utilitas;Telkomsel;Rp201.600;25 terjual;Pulsa Transfer 200000;https://imgop.itemku.com/?url=https%3A%2F%2Fd1x91p7vw3vuq8.cloudfront.net%2Fitemku-upload%2F2022125%2Fp0k7e1fszlm7loqky8dwic_thumbnail.jpg&w=1033&q=75;;;
Pulsa & Utilitas;by.U;Rp7.600;164 terjual;1GB (1 Hari);https://imgop.itemku.com/?url=https%3A%2F%2Fd1x91p7vw3vuq8.cloudfront.net%2Fitemku-upload%2F2024826%2F133m8vbj533nnf0rot66xa_thumbnail.jpg&w=1033&q=75;;;
Pulsa & Utilitas;by.U;Rp42.300;112 terjual;7GB (30 Hari);https://imgop.itemku.com/?url=https%3A%2F%2Fd1x91p7vw3vuq8.cloudfront.net%2Fitemku-upload%2F20251018%2Fzlpvgnv3gxrlvjey3bw3_thumbnail.jpg&w=1033&q=75;;;
Pulsa & Utilitas;by.U;Rp7.623;77 terjual;1GB (1 Hari);https://imgop.itemku.com/?url=https%3A%2F%2Fd1x91p7vw3vuq8.cloudfront.net%2Fitemku-upload%2F2023721%2Fm0n0ygk21z9m1e9tdxg6b_thumbnail.jpg&w=1033&q=75;;;
Pulsa & Utilitas;by.U;Rp10.832;51 terjual;10GB (1 Hari);https://imgop.itemku.com/?url=https%3A%2F%2Fd1x91p7vw3vuq8.cloudfront.net%2Fitemku-upload%2F2023721%2Fi9nbdbh9vsrpo9xzcs58w_thumbnail.jpg&w=1033&q=75;;;
Pulsa & Utilitas;by.U;Rp18.986;39 terjual;3GB (14 Hari);https://imgop.itemku.com/?url=https%3A%2F%2Fd1x91p7vw3vuq8.cloudfront.net%2Fitemku-upload%2F2023721%2F8bb5xtwwlrbj9f4n4sjwnh_thumbnail.jpg&w=1033&q=75;;;
Pulsa & Utilitas;by.U;Rp5.600;37 terjual;Rp 5000;https://imgop.itemku.com/?url=https%3A%2F%2Fd1x91p7vw3vuq8.cloudfront.net%2Fitemku-upload%2F202516%2Fnk7jynic548vnmcuixmcn_thumbnail.jpg&w=1033&q=75;;;
Pulsa & Utilitas;by.U;Rp10.800;33 terjual;Rp 10000;https://imgop.itemku.com/?url=https%3A%2F%2Fd1x91p7vw3vuq8.cloudfront.net%2Fitemku-upload%2F202516%2Fc6zbnr2a5j6mt6w1cg7ccd_thumbnail.jpg&w=1033&q=75;;;
Pulsa & Utilitas;by.U;Rp7.600;29 terjual;2GB (1 Hari);https://imgop.itemku.com/?url=https%3A%2F%2Fd1x91p7vw3vuq8.cloudfront.net%2Fitemku-upload%2F2024103%2Fhvkkzq6hndni1hkbrjerf_thumbnail.jpg&w=1033&q=75;;;
Pulsa & Utilitas;by.U;Rp81.300;13 terjual;20GB (30 Hari);https://imgop.itemku.com/?url=https%3A%2F%2Fd1x91p7vw3vuq8.cloudfront.net%2Fitemku-upload%2F2024103%2Fxwew0b1hikderfaimig6t_thumbnail.jpg&w=1033&q=75;;;
Pulsa & Utilitas;by.U;Rp38.502;11 terjual;3GB (30 Hari);https://imgop.itemku.com/?url=https%3A%2F%2Fd1x91p7vw3vuq8.cloudfront.net%2Fitemku-upload%2F20251119%2Fv7t3a59vslqqyvi9176xr_thumbnail.jpg&w=1033&q=75;;;
Pulsa & Utilitas;by.U;Rp19.833;10 terjual;7,5 GB (7 Hari);https://imgop.itemku.com/?url=https%3A%2F%2Fd1x91p7vw3vuq8.cloudfront.net%2Fitemku-upload%2F20260118%2Fa79160d150127b83e8b79cf6e1_thumbnail.jpg&w=1033&q=75;;;
Pulsa & Utilitas;by.U;Rp18.100;10 terjual;5 GB (7 Hari);https://imgop.itemku.com/?url=https%3A%2F%2Fd1x91p7vw3vuq8.cloudfront.net%2Fitemku-upload%2F2025124%2F89lrrbo7mv80qumke7559f_thumbnail.jpg&w=1033&q=75;;;
Pulsa & Utilitas;by.U;Rp7.488;8 terjual;2GB (1 Hari);https://imgop.itemku.com/?url=https%3A%2F%2Fd1x91p7vw3vuq8.cloudfront.net%2Fitemku-upload%2F20251119%2Fhuj2x3ebarnz6go4stk5_thumbnail.jpg&w=1033&q=75;;;
Pulsa & Utilitas;by.U;Rp13.445;8 terjual;4GB (7 Hari);https://imgop.itemku.com/?url=https%3A%2F%2Fd1x91p7vw3vuq8.cloudfront.net%2Fitemku-upload%2F20251119%2Fl51bpb9zo9ez9k9v23eqyg_thumbnail.jpg&w=1033&q=75;;;
Pulsa & Utilitas;by.U;Rp13.998;6 terjual;2GB (3 Hari);https://imgop.itemku.com/?url=https%3A%2F%2Fd1x91p7vw3vuq8.cloudfront.net%2Fitemku-upload%2F20251119%2F8ql4252ohkixc2w95sdurd_thumbnail.jpg&w=1033&q=75;;;
Pulsa & Utilitas;Wifi.id;Rp5.500;396 terjual;Paket 1 Hari;https://imgop.itemku.com/?url=https%3A%2F%2Fd1x91p7vw3vuq8.cloudfront.net%2Fitemku-upload%2F2022528%2Ftyrqlwygb8jqdnzfhjr07_thumbnail.jpg&w=1033&q=75;;;
Pulsa & Utilitas;Wifi.id;Rp45.000;301 terjual;Paket 30 Hari;https://imgop.itemku.com/?url=https%3A%2F%2Fd1x91p7vw3vuq8.cloudfront.net%2Fitemku-upload%2F20231227%2Frsh3c5dyz6gkrpnlyypo_thumbnail.jpg&w=1033&q=75;;;
Pulsa & Utilitas;Wifi.id;Rp17.500;115 terjual;Paket 7 Hari;https://imgop.itemku.com/?url=https%3A%2F%2Fd1x91p7vw3vuq8.cloudfront.net%2Fitemku-upload%2F202461%2Fgu9jdpq3wad4xwr1zluyjj_thumbnail.jpg&w=1033&q=75;;;
Pulsa & Utilitas;Wifi.id;Rp6.600;61 terjual;Paket 1 Hari;https://imgop.itemku.com/?url=https%3A%2F%2Fd1x91p7vw3vuq8.cloudfront.net%2Fitemku-upload%2F202559%2Fqxtu1cjszwgynakdpyfnk_thumbnail.jpg&w=1033&q=75;;;
Pulsa & Utilitas;Wifi.id;Rp43.500;37 terjual;Paket 30 Hari;https://imgop.itemku.com/?url=https%3A%2F%2Fd1x91p7vw3vuq8.cloudfront.net%2Fitemku-upload%2F20221128%2F6lpkfikbb6l0kx3iww33jai_thumbnail.jpg&w=1033&q=75;;;
Pulsa & Utilitas;Wifi.id;Rp5.999;33 terjual;Paket 1 Hari;https://imgop.itemku.com/?url=https%3A%2F%2Fd1x91p7vw3vuq8.cloudfront.net%2Fitemku-upload%2F202517%2Fyxqsprtl33mufwwj5x3j8f_thumbnail.jpg&w=1033&q=75;;;
Pulsa & Utilitas;Wifi.id;Rp17.990;7 terjual;Paket 7 Hari;https://imgop.itemku.com/?url=https%3A%2F%2Fd1x91p7vw3vuq8.cloudfront.net%2Fitemku-upload%2F202517%2Fk9bpuliyaj31g1gad9vj3_thumbnail.jpg&w=1033&q=75;;;
Pulsa & Utilitas;Wifi.id;Rp36.740;5 terjual;Paket 30 Hari;https://imgop.itemku.com/?url=https%3A%2F%2Fd1x91p7vw3vuq8.cloudfront.net%2Fitemku-upload%2F20250820%2F0574a80b50ba359f050c4b8e67_thumbnail.png&w=1033&q=75;;;
Pulsa & Utilitas;Wifi.id;Rp23.000;5 terjual;Paket 7 Hari;https://imgop.itemku.com/?url=https%3A%2F%2Fd1x91p7vw3vuq8.cloudfront.net%2Fitemku-upload%2F202559%2Fyx1iorp5lt68e1al4xxw8_thumbnail.jpg&w=1033&q=75;;;
Pulsa & Utilitas;Wifi.id;Rp39.990;4 terjual;Paket 30 Hari;https://imgop.itemku.com/?url=https%3A%2F%2Fd1x91p7vw3vuq8.cloudfront.net%2Fitemku-upload%2F202517%2Fbates9k159ptcbwoshqvd_thumbnail.jpg&w=1033&q=75;;;
Pulsa & Utilitas;Wifi.id;Rp460.000;2 terjual;Paket 30 Hari;https://imgop.itemku.com/?url=https%3A%2F%2Fd1x91p7vw3vuq8.cloudfront.net%2Fitemku-upload%2F202519%2Fsz1d93euvuf3fgxx5sw91t_thumbnail.jpg&w=1033&q=75;;;
Pulsa & Utilitas;Wifi.id;Rp14.740;1 terjual;Paket 7 Hari;https://imgop.itemku.com/?url=https%3A%2F%2Fd1x91p7vw3vuq8.cloudfront.net%2Fitemku-upload%2F20250820%2F0574a80b50ba359f050c4b8e67_thumbnail.png&w=1033&q=75;;;
Pulsa & Utilitas;Wifi.id;Rp58.700;;Paket 30 Hari;https://imgop.itemku.com/?url=https%3A%2F%2Fd1x91p7vw3vuq8.cloudfront.net%2Fitemku-upload%2F202559%2Fsj620iqnjuejgc5unz2ces_thumbnail.jpg&w=1033&q=75;;;
Aplikasi & Software;Redfinger;Rp18.999;;VIP 7 Day;https://imgop.itemku.com/?url=https%3A%2F%2Fd1x91p7vw3vuq8.cloudfront.net%2Fitem-type%2F20251030%2F8m7zpphxedioa0blprguh.webp&w=48&q=75;;;
Aplikasi & Software;Redfinger;R[32640;;KVIP 7 Day;https://imgop.itemku.com/?url=https%3A%2F%2Fd1x91p7vw3vuq8.cloudfront.net%2Fitem-type%2F20251030%2F8m7zpphxedioa0blprguh.webp&w=48&q=75;;;
Aplikasi & Software;Redfinger;Rp57.499;;VIP 30 Day;https://imgop.itemku.com/?url=https%3A%2F%2Fd1x91p7vw3vuq8.cloudfront.net%2Fitem-type%2F20251030%2F8m7zpphxedioa0blprguh.webp&w=48&q=75;;;
Aplikasi & Software;Redfinger;Rp98.490;;KVIP 30 Day;https://imgop.itemku.com/?url=https%3A%2F%2Fd1x91p7vw3vuq8.cloudfront.net%2Fitem-type%2F20251030%2F8m7zpphxedioa0blprguh.webp&w=48&q=75;;;
Aplikasi & Software;Redfinger;Rp43.481;;KVIP 7 Day;https://imgop.itemku.com/?url=https%3A%2F%2Fd1x91p7vw3vuq8.cloudfront.net%2Fitem-type%2F20251030%2F8m7zpphxedioa0blprguh.webp&w=48&q=75;;;
Aplikasi & Software;Redfinger;Rp129.569;;SVIP 30 Day;https://imgop.itemku.com/?url=https%3A%2F%2Fd1x91p7vw3vuq8.cloudfront.net%2Fitem-type%2F20251030%2F8m7zpphxedioa0blprguh.webp&w=48&q=75;;;
Aplikasi & Software;Redfinger;Rp96.500;;XVIP 7 Day;https://imgop.itemku.com/?url=https%3A%2F%2Fd1x91p7vw3vuq8.cloudfront.net%2Fitem-type%2F20251030%2F8m7zpphxedioa0blprguh.webp&w=48&q=75;;;
Aplikasi & Software;Redfinger;Rp290.000;;XVIP 30 Day;https://imgop.itemku.com/?url=https%3A%2F%2Fd1x91p7vw3vuq8.cloudfront.net%2Fitem-type%2F20251030%2F8m7zpphxedioa0blprguh.webp&w=48&q=75;;;
Aplikasi & Software;VSPhone;Rp85.000;;SVIP 30 Days;https://imgop.itemku.com/?url=https%3A%2F%2Fd1x91p7vw3vuq8.cloudfront.net%2Fitem-type%2F2025116%2Fgwj6lhdn9xeavnmz85s73v.png&w=96&q=75;;;
Aplikasi & Software;VSPhone;Rp3.699;;VIP 1 Day;https://imgop.itemku.com/?url=https%3A%2F%2Fd1x91p7vw3vuq8.cloudfront.net%2Fitem-type%2F2025116%2Fqcgvidkofdk8qve8shf8.png&w=96&q=75;;;
Aplikasi & Software;VSPhone;Rp135.499;;XVIP 30 Days;https://imgop.itemku.com/?url=https%3A%2F%2Fd1x91p7vw3vuq8.cloudfront.net%2Fitem-type%2F2025116%2Fvwh9oso30tg7yvrowqpdih.png&w=96&q=75;;;
Aplikasi & Software;VSPhone;Rp6.799;;SVIP 1 Day;https://imgop.itemku.com/?url=https%3A%2F%2Fd1x91p7vw3vuq8.cloudfront.net%2Fitem-type%2F2025116%2Fbacmw0qrx4dbdb0bs63fao.png&w=96&q=75;;;
Aplikasi & Software;VSPhone;Rp4.658;;KVIP 1 Day;https://imgop.itemku.com/?url=https%3A%2F%2Fd1x91p7vw3vuq8.cloudfront.net%2Fitem-type%2F2025116%2Fen2vbxjmki6vf22g45prde.png&w=96&q=75;;;
Aplikasi & Software;VSPhone;Rp12.907;;Basic 7 Days;https://imgop.itemku.com/?url=https%3A%2F%2Fd1x91p7vw3vuq8.cloudfront.net%2Fitem-info%2F202647%2Fwrw6c76gr4i7mkep07lexw.png&w=96&q=75;;;
Aplikasi & Software;VSPhone;Rp8.299;;XVIP 1 Day;https://imgop.itemku.com/?url=https%3A%2F%2Fd1x91p7vw3vuq8.cloudfront.net%2Fitem-type%2F2025116%2Fm700smmrroozxf01momvfn.png&w=96&q=75;;;
Aplikasi & Software;VSPhone;Rp26.499;;SVIP 7 Days;https://imgop.itemku.com/?url=https%3A%2F%2Fd1x91p7vw3vuq8.cloudfront.net%2Fitem-info%2F2025123%2F6avrzdff6udqg5reeoxdm.png&w=96&q=75;;;
Aplikasi & Software;VSPhone;Rp19.797;;KVIP 7 Days;https://imgop.itemku.com/?url=https%3A%2F%2Fd1x91p7vw3vuq8.cloudfront.net%2Fitem-info%2F2025123%2Fatwwthm2ph72s4y349379l.png&w=96&q=75;;;
Aplikasi & Software;VSPhone;Rp15.299;;MVIP 1 Days;https://imgop.itemku.com/?url=https%3A%2F%2Fd1x91p7vw3vuq8.cloudfront.net%2Fitem-type%2F202647%2Fq6ona1ncnlmndo3kvfs1c.png&w=96&q=75;;;
Aplikasi & Software;VSPhone;Rp48.499;;XVIP 7 Days;https://imgop.itemku.com/?url=https%3A%2F%2Fd1x91p7vw3vuq8.cloudfront.net%2Fitem-info%2F2025123%2Fsi5ja18lx7wexsviinylj.png&w=96&q=75;;;
Aplikasi & Software;VSPhone;Rp68.000;;MVIP 7 Days;https://imgop.itemku.com/?url=https%3A%2F%2Fd1x91p7vw3vuq8.cloudfront.net%2Fitem-type%2F202647%2Fyg7zn7i92hnft1btt7rw4u.png&w=96&q=75;;;
Aplikasi & Software;VSPhone;Rp249.999;;MVIP 30 Days;https://imgop.itemku.com/?url=https%3A%2F%2Fd1x91p7vw3vuq8.cloudfront.net%2Fitem-type%2F202647%2Fpg8ytzhgi1afh3wdfs843n.png&w=96&q=75;;;
Aplikasi & Software;VSPhone;Rp2.765;;Basic 1 Day;https://imgop.itemku.com/?url=https%3A%2F%2Fd1x91p7vw3vuq8.cloudfront.net%2Fitem-info%2F202647%2Fz3q7b88e8nopagegupau.png&w=96&q=75;;;
Aplikasi & Software;VSPhone;Rp78.999;;KVIP 30 Days;https://imgop.itemku.com/?url=https%3A%2F%2Fd1x91p7vw3vuq8.cloudfront.net%2Fitem-type%2F2025116%2Fo2zo8707sfnafamgsnorod.png&w=96&q=75;;;
Aplikasi & Software;VSPhone;Rp14.780;;VIP 7 Days;https://imgop.itemku.com/?url=https%3A%2F%2Fd1x91p7vw3vuq8.cloudfront.net%2Fitem-info%2F2025123%2Fmpi3vyavdidg1la6wmes9.png&w=96&q=75;;;
Aplikasi & Software;VSPhone;Rp53.480;;VIP 30 Days;https://imgop.itemku.com/?url=https%3A%2F%2Fd1x91p7vw3vuq8.cloudfront.net%2Fitem-type%2F2025116%2Fkzamo2y98cz5r0bpu4pio.png&w=96&q=75;;;
Aplikasi & Software;VSPhone;Rp48.999;;Basic 30 Days;https://imgop.itemku.com/?url=https%3A%2F%2Fd1x91p7vw3vuq8.cloudfront.net%2Fitem-info%2F202647%2F3azkyytfjflahoc4pkwyvn.png&w=96&q=75;;;
Aplikasi & Software;HideMyAss VPN;Rp10.000;1826 terjual;Sharing 1 Month - 1 Device;https://imgop.itemku.com/?url=https%3A%2F%2Fd1x91p7vw3vuq8.cloudfront.net%2Fitemku-upload%2F202591%2F86pescnkczm62eku0fx14k_thumbnail.jpg&w=1033&q=75;;;
Aplikasi & Software;HideMyAss VPN;Rp1.000;1398 terjual;Sharing 1 Month - 1 Device;https://imgop.itemku.com/?url=https%3A%2F%2Fd1x91p7vw3vuq8.cloudfront.net%2Fitemku-upload%2F202572%2F1l5olcg923m2b8p0n00afq_thumbnail.jpg&w=1033&q=75;;;
Aplikasi & Software;HideMyAss VPN;Rp3.000;431 terjual;Sharing 1 Month - 1 Device;https://imgop.itemku.com/?url=https%3A%2F%2Fd1x91p7vw3vuq8.cloudfront.net%2Fitemku-upload%2F202511%2F886nlqlo1yekj118tdyg6_thumbnail.jpg&w=1033&q=75;;;
Aplikasi & Software;HideMyAss VPN;Rp890;203 terjual;Sharing 1 Month - 1 Device;https://imgop.itemku.com/?url=https%3A%2F%2Fd1x91p7vw3vuq8.cloudfront.net%2Fitemku-upload%2F20241220%2Foi0rjxhuozniqypa6aa3d_thumbnail.jpg&w=1033&q=75;;;
Aplikasi & Software;HideMyAss VPN;Rp5.000;304 terjual;Private 1 Month - 5 Devices;https://imgop.itemku.com/?url=https%3A%2F%2Fd1x91p7vw3vuq8.cloudfront.net%2Fitemku-upload%2F202511%2Fubamtgj3ezhl1x3iuuz6f9_thumbnail.jpg&w=1033&q=75;;;
Aplikasi & Software;HideMyAss VPN;Rp45.000;9 terjual;Private 1 Month - 5 Devices;https://imgop.itemku.com/?url=https%3A%2F%2Fd1x91p7vw3vuq8.cloudfront.net%2Fitemku-upload%2F202591%2Ft48mnyfn1fmv19la1mia6l_thumbnail.jpg&w=1033&q=75;;;
Aplikasi & Software;HideMyAss VPN;Rp1.500;105 terjual;Sharing 1 Month - 1 Device;https://imgop.itemku.com/?url=https%3A%2F%2Fd1x91p7vw3vuq8.cloudfront.net%2Fitemku-upload%2F2025227%2Fdmelm2bx84tr986s4gbpr_thumbnail.jpg&w=1033&q=75;;;
Aplikasi & Software;HideMyAss VPN;Rp1.250;30 terjual;Sharing 1 Month - 1 Device;https://imgop.itemku.com/?url=https%3A%2F%2Fd1x91p7vw3vuq8.cloudfront.net%2Fitemku-upload%2F202481%2Fh3z1m3wd3inaxck6toa5_thumbnail.jpg&w=1033&q=75;;;
Aplikasi & Software;HideMyAss VPN;Rp1.100;29 terjual;Sharing 1 Month - 1 Device;https://imgop.itemku.com/?url=https%3A%2F%2Fd1x91p7vw3vuq8.cloudfront.net%2Fitemku-upload%2F2025620%2F6aquxw1wc9ddzlfvnuknsa_thumbnail.jpg&w=1033&q=75;;;
Aplikasi & Software;HideMyAss VPN;Rp5.000;20 terjual;Private 1 Month - 5 Devices;https://imgop.itemku.com/?url=https%3A%2F%2Fd1x91p7vw3vuq8.cloudfront.net%2Fitemku-upload%2F202481%2Fh2ygjqf3k2s4iswfujg1_thumbnail.jpg&w=1033&q=75;;;
Aplikasi & Software;HideMyAss VPN;Rp5.000;4 terjual;Sharing 1 Month - 1 Device;https://imgop.itemku.com/?url=https%3A%2F%2Fd1x91p7vw3vuq8.cloudfront.net%2Fitemku-upload%2F20251023%2Fxj0q2gwtfx6xjf9fgx8hy_thumbnail.jpg&w=1033&q=75;;;
Aplikasi & Software;HideMyAss VPN;Rp7.000;64 terjual;Sharing 1 Month - 1 Device;https://imgop.itemku.com/?url=https%3A%2F%2Fd1x91p7vw3vuq8.cloudfront.net%2Fitemku-upload%2F2024727%2Fu0ulmay2vjlcblykubtsvi_thumbnail.jpg&w=1033&q=75;;;
Aplikasi & Software;HideMyAss VPN;Rp19.900;21 terjual;Private 1 Month - 5 Devices;https://imgop.itemku.com/?url=https%3A%2F%2Fd1x91p7vw3vuq8.cloudfront.net%2Fitemku-upload%2F202189%2Faro6svkwovkwsag8xejxr_thumbnail.jpg&w=1033&q=75;;;
Aplikasi & Software;HideMyAss VPN;Rp10.000;12 terjual;Private 1 Month - 5 Devices;https://imgop.itemku.com/?url=https%3A%2F%2Fd1x91p7vw3vuq8.cloudfront.net%2Fitemku-upload%2F202589%2F7daxbxnfu2gcfqt5mn774p_thumbnail.jpg&w=1033&q=75;;;
Aplikasi & Software;HideMyAss VPN;Rp2.000;8 terjual;Sharing 1 Month - 1 Device;https://imgop.itemku.com/?url=https%3A%2F%2Fd1x91p7vw3vuq8.cloudfront.net%2Fitemku-upload%2F20231220%2F4hx3sbvu9fcbnloxi7nmek_thumbnail.jpg&w=1033&q=75;;;
Aplikasi & Software;HideMyAss VPN;Rp34.900;4 terjual;Private 1 Month - 5 Devices;https://imgop.itemku.com/?url=https%3A%2F%2Fd1x91p7vw3vuq8.cloudfront.net%2Fitemku-upload%2F2024727%2Fbi4kjnd77ths3y39wrvpaj_thumbnail.jpg&w=1033&q=75;;;
Aplikasi & Software;HideMyAss VPN;Rp5.000;2 terjual;Private 1 Month - 5 Devices;https://imgop.itemku.com/?url=https%3A%2F%2Fd1x91p7vw3vuq8.cloudfront.net%2Fitemku-upload%2F202557%2Fe6e8hu9h4gv8a6y9lr1jqg_thumbnail.jpg&w=1033&q=75;;;
Aplikasi & Software;HideMyAss VPN;Rp7.400;;Private 1 Month - 5 Devices;https://imgop.itemku.com/?url=https%3A%2F%2Fd1x91p7vw3vuq8.cloudfront.net%2Fitemku-upload%2F20241220%2Fqo1pv99sztoxv9bt4gl7_thumbnail.jpg&w=1033&q=75;;;
Aplikasi & Software;HideMyAss VPN;Rp105.000;;Private 1 Month - 5 Devices;https://imgop.itemku.com/?url=https%3A%2F%2Fd1x91p7vw3vuq8.cloudfront.net%2Fitemku-upload%2F2022722%2F8xwujou9iqmcg1vp9vy0sk_thumbnail.jpg&w=1033&q=75;;;
Aplikasi & Software;Zoom Cloud Meetings;Rp10.000;4516 terjual;Zoom Meetings Pro 1 bulan;https://imgop.itemku.com/?url=https%3A%2F%2Fd1x91p7vw3vuq8.cloudfront.net%2Fitem-type%2F2025116%2Ftavsq1194op9qqdgki0x.webp&w=1033&q=75;;;
Aplikasi & Software;Zoom Cloud Meetings;Rp8.700;22 terjual;Zoom Meetings Pro 1 bulan;https://imgop.itemku.com/?url=https%3A%2F%2Fd1x91p7vw3vuq8.cloudfront.net%2Fitem-type%2F2025116%2Ftavsq1194op9qqdgki0x.webp&w=1033&q=75;;;
Aplikasi & Software;Zoom Cloud Meetings;Rp95.000;142 terjual;Zoom Meetings Pro 1 bulan;https://imgop.itemku.com/?url=https%3A%2F%2Fd1x91p7vw3vuq8.cloudfront.net%2Fitem-type%2F2025116%2Ftavsq1194op9qqdgki0x.webp&w=1033&q=75;;;
Aplikasi & Software;Zoom Cloud Meetings;Rp10.000;75 terjual;Zoom Meetings Pro 1 bulan;https://imgop.itemku.com/?url=https%3A%2F%2Fd1x91p7vw3vuq8.cloudfront.net%2Fitem-type%2F2025116%2Ftavsq1194op9qqdgki0x.webp&w=1033&q=75;;;
Aplikasi & Software;Zoom Cloud Meetings;Rp8.500;35 terjual;Zoom Meetings Pro 1 bulan;https://imgop.itemku.com/?url=https%3A%2F%2Fd1x91p7vw3vuq8.cloudfront.net%2Fitem-type%2F2025116%2Ftavsq1194op9qqdgki0x.webp&w=1033&q=75;;;
Aplikasi & Software;Zoom Cloud Meetings;Rp80.000;28 terjual;Zoom Meetings Pro 1 bulan;https://imgop.itemku.com/?url=https%3A%2F%2Fd1x91p7vw3vuq8.cloudfront.net%2Fitem-type%2F2025116%2Ftavsq1194op9qqdgki0x.webp&w=1033&q=75;;;
Aplikasi & Software;Canva;Rp10.000;21628 terjual;Pro 1 Month;https://imgop.itemku.com/?url=https%3A%2F%2Fd1x91p7vw3vuq8.cloudfront.net%2Fitemku-upload%2F2023321%2Fr47a31hzh731a8279ujl1_thumbnail.jpg&w=1033&q=75;;;
Aplikasi & Software;Canva;Rp300;14832 terjual;Pro 1 Month;https://imgop.itemku.com/?url=https%3A%2F%2Fd1x91p7vw3vuq8.cloudfront.net%2Fitemku-upload%2F2025523%2Fctxgldp3dt9dn981mcxpbb_thumbnail.jpg&w=1033&q=75;;;
Aplikasi & Software;Canva;Rp2.300;13693 terjual;Pro 1 Month;https://imgop.itemku.com/?url=https%3A%2F%2Fd1x91p7vw3vuq8.cloudfront.net%2Fitemku-upload%2F2023130%2Ff4hbwttlxj6bs9srpw03nq_thumbnail.jpg&w=1033&q=75;;;
Aplikasi & Software;Canva;Rp1.650;10376 terjual;Pro 1 Month;https://imgop.itemku.com/?url=https%3A%2F%2Fd1x91p7vw3vuq8.cloudfront.net%2Fitemku-upload%2F2025616%2Ffbu3kziy2qcah8ykqcbl56_thumbnail.jpg&w=1033&q=75;;;
Aplikasi & Software;Canva;Rp100;8223 terjual;Pro 1 Month;https://imgop.itemku.com/?url=https%3A%2F%2Fd1x91p7vw3vuq8.cloudfront.net%2Fitemku-upload%2F2026423%2Fni1qk9upnzio6vidmhhnc_thumbnail.jpg&w=1033&q=75;;;
Aplikasi & Software;Canva;Rp500;767 terjual;Pro 1 Month;https://imgop.itemku.com/?url=https%3A%2F%2Fd1x91p7vw3vuq8.cloudfront.net%2Fitemku-upload%2F20241221%2F79ybz35tz5y6nc0n4by5yt_thumbnail.jpg&w=1033&q=75;;;
Aplikasi & Software;Canva;Rp600;9 terjual;Pro 1 Month;https://imgop.itemku.com/?url=https%3A%2F%2Fd1x91p7vw3vuq8.cloudfront.net%2Fitemku-upload%2F2026511%2F2treb0m4xmrky9an07m74n_thumbnail.jpg&w=1033&q=75;;;
Aplikasi & Software;Canva;Rp2.200;10014 terjual;Pro 1 Month;https://imgop.itemku.com/?url=https%3A%2F%2Fd1x91p7vw3vuq8.cloudfront.net%2Fitemku-upload%2F2023127%2F6n3v31fm4z2hxpj7kgn23q_thumbnail.jpg&w=1033&q=75;;;
Aplikasi & Software;Canva;Rp500;3731 terjual;Pro 1 Month;https://imgop.itemku.com/?url=https%3A%2F%2Fd1x91p7vw3vuq8.cloudfront.net%2Fitemku-upload%2F2025108%2F9clrex8v15o9cic5r9irog_thumbnail.jpg&w=1033&q=75;;;
Aplikasi & Software;Canva;Rp1.900;3515 terjual;Pro 1 Month;https://imgop.itemku.com/?url=https%3A%2F%2Fd1x91p7vw3vuq8.cloudfront.net%2Fitemku-upload%2F2023327%2Ftwckhsxl6b879ibf96diet_thumbnail.jpg&w=1033&q=75;;;
Aplikasi & Software;Canva;Rp98;1472 terjual;Pro 1 Month;https://imgop.itemku.com/?url=https%3A%2F%2Fd1x91p7vw3vuq8.cloudfront.net%2Fitemku-upload%2F202652%2Fo2tmey6cuxy9u4zu05zqb_thumbnail.jpg&w=1033&q=75;;;
Aplikasi & Software;Canva;Rp2.000;865 terjual;Pro 1 Month;https://imgop.itemku.com/?url=https%3A%2F%2Fd1x91p7vw3vuq8.cloudfront.net%2Fitemku-upload%2F20231119%2F7bhkmdj4cwtk5nuoho196j_thumbnail.jpg&w=1033&q=75;;;
Aplikasi & Software;Canva;Rp1.000;842 terjual;CANVA PRO 1 BULAN;https://imgop.itemku.com/?url=https%3A%2F%2Fd1x91p7vw3vuq8.cloudfront.net%2Fitemku-upload%2F20241127%2Fiw394thuktdwd0i1atosio_thumbnail.jpg&w=1033&q=75;;;
Aplikasi & Software;Canva;Rp2.200;553 terjual;Pro 1 Month;https://imgop.itemku.com/?url=https%3A%2F%2Fd1x91p7vw3vuq8.cloudfront.net%2Fitemku-upload%2F202576%2Fs6kiuyr18zejv7mc183wub_thumbnail.jpg&w=1033&q=75;;;
Aplikasi & Software;Canva;Rp15.000;518 terjual;Pro 1 Month;https://imgop.itemku.com/?url=https%3A%2F%2Fd1x91p7vw3vuq8.cloudfront.net%2Fitemku-upload%2F2022723%2Fyk08h02hzqah33age3kxv9_thumbnail.jpg&w=1033&q=75;;;
Aplikasi & Software;Canva;Rp200;447 terjual;Pro 1 Month;https://imgop.itemku.com/?url=https%3A%2F%2Fd1x91p7vw3vuq8.cloudfront.net%2Fitemku-upload%2F2024516%2Fa1sx4zyvnvtwrj5tmbf8lo_thumbnail.jpg&w=1033&q=75;;;
Aplikasi & Software;Canva;Rp1.000;427 terjual;Pro 1 Month;https://imgop.itemku.com/?url=https%3A%2F%2Fd1x91p7vw3vuq8.cloudfront.net%2Fitemku-upload%2F202631%2F9bufdg5z49wr20id1lwcl_thumbnail.jpg&w=1033&q=75;;;
Aplikasi & Software;Canva;Rp2.500;139 terjual;Enterprise 1 Month;https://imgop.itemku.com/?url=https%3A%2F%2Fd1x91p7vw3vuq8.cloudfront.net%2Fitemku-upload%2F2025108%2Fc991rgnjjohw4ej19uczu_thumbnail.jpg&w=1033&q=75;;;
Aplikasi & Software;Canva;Rp5.000;102 terjual;Canva Pro 1 Bulan Invite;https://imgop.itemku.com/?url=https%3A%2F%2Fd1x91p7vw3vuq8.cloudfront.net%2Fitemku-upload%2F2025225%2Fk5a15sqvkfeo5uy9lwlg6g_thumbnail.jpg&w=1033&q=75;;;
Aplikasi & Software;Canva;Rp1.800;44 terjual;Pro 1 Month;https://imgop.itemku.com/?url=https%3A%2F%2Fd1x91p7vw3vuq8.cloudfront.net%2Fitemku-upload%2F202627%2F25dqhys60glom1w12d0k29_thumbnail.jpg&w=1033&q=75;;;
Aplikasi & Software;Canva;Rp6.000;41 terjual;Pro 1 Month;https://imgop.itemku.com/?url=https%3A%2F%2Fd1x91p7vw3vuq8.cloudfront.net%2Fitemku-upload%2F2023822%2F6jmaso0n5qgodscsnd9lg_thumbnail.jpg&w=1033&q=75;;;
Aplikasi & Software;Canva;Rp2.900;38 terjual;Canva Pro Murah;https://imgop.itemku.com/?url=https%3A%2F%2Fd1x91p7vw3vuq8.cloudfront.net%2Fitemku-upload%2F202565%2Fgqkelrzuzra5zprst78xdt_thumbnail.jpg&w=1033&q=75;;;
Aplikasi & Software;Canva;Rp10.000;36 terjual;Pro 1 Month;https://imgop.itemku.com/?url=https%3A%2F%2Fd1x91p7vw3vuq8.cloudfront.net%2Fitemku-upload%2F2024131%2F0opfm1e5ym9ol8riljsdawi_thumbnail.jpg&w=1033&q=75;;;
Aplikasi & Software;Express VPN;Rp5.000;13713 terjual;1 Month Subscription;https://imgop.itemku.com/?url=https%3A%2F%2Fd1x91p7vw3vuq8.cloudfront.net%2Fitem-type%2F2024826%2Fspxgbsnf1koep26bigvn9b.png&w=1033&q=75;;;
Aplikasi & Software;Express VPN;Rp4.000;1008 terjual;1 Month Subscription;https://imgop.itemku.com/?url=https%3A%2F%2Fd1x91p7vw3vuq8.cloudfront.net%2Fitem-type%2F2024826%2Fspxgbsnf1koep26bigvn9b.png&w=1033&q=75;;;
Aplikasi & Software;Express VPN;Rp3.300;241 terjual;1 Month Subscription;https://imgop.itemku.com/?url=https%3A%2F%2Fd1x91p7vw3vuq8.cloudfront.net%2Fitem-type%2F2024826%2Fspxgbsnf1koep26bigvn9b.png&w=1033&q=75;;;
Aplikasi & Software;Express VPN;Rp2.999;238 terjual;1 Month Subscription;https://imgop.itemku.com/?url=https%3A%2F%2Fd1x91p7vw3vuq8.cloudfront.net%2Fitem-type%2F2024826%2Fspxgbsnf1koep26bigvn9b.png&w=1033&q=75;;;
Aplikasi & Software;Express VPN;Rp29.000;36 terjual;1 Month Subscription;https://imgop.itemku.com/?url=https%3A%2F%2Fd1x91p7vw3vuq8.cloudfront.net%2Fitem-type%2F2024826%2Fspxgbsnf1koep26bigvn9b.png&w=1033&q=75;;;
Aplikasi & Software;Express VPN;Rp4.800;31 terjual;1 Month Subscription;https://imgop.itemku.com/?url=https%3A%2F%2Fd1x91p7vw3vuq8.cloudfront.net%2Fitem-type%2F2024826%2Fspxgbsnf1koep26bigvn9b.png&w=1033&q=75;;;
Aplikasi & Software;Express VPN;Rp7.500;10 terjual;1 Month Subscription;https://imgop.itemku.com/?url=https%3A%2F%2Fd1x91p7vw3vuq8.cloudfront.net%2Fitem-type%2F2024826%2Fspxgbsnf1koep26bigvn9b.png&w=1033&q=75;;;
Aplikasi & Software;Express VPN;Rp10.000;6 terjual;1 Month Subscription;https://imgop.itemku.com/?url=https%3A%2F%2Fd1x91p7vw3vuq8.cloudfront.net%2Fitem-type%2F2024826%2Fspxgbsnf1koep26bigvn9b.png&w=1033&q=75;;;
Aplikasi & Software;Express VPN;Rp8.000;2 terjual;1 Month Subscription;https://imgop.itemku.com/?url=https%3A%2F%2Fd1x91p7vw3vuq8.cloudfront.net%2Fitem-type%2F2024826%2Fspxgbsnf1koep26bigvn9b.png&w=1033&q=75;;;
Aplikasi & Software;Express VPN;Rp5.000;1 terjual;1 Month Subscription;https://imgop.itemku.com/?url=https%3A%2F%2Fd1x91p7vw3vuq8.cloudfront.net%2Fitem-type%2F2024826%2Fspxgbsnf1koep26bigvn9b.png&w=1033&q=75;;;
Aplikasi & Software;Express VPN;Rp270.000;;1 Month Subscription;https://imgop.itemku.com/?url=https%3A%2F%2Fd1x91p7vw3vuq8.cloudfront.net%2Fitem-type%2F2024826%2Fspxgbsnf1koep26bigvn9b.png&w=1033&q=75;;;
Aplikasi & Software;Discord;Rp87.000;560 terjual;1 Month Nitro;https://imgop.itemku.com/?url=https%3A%2F%2Fd1x91p7vw3vuq8.cloudfront.net%2Fitemku-upload%2F2025829%2Fynra3w0y0ra8jkt8en5f1l_thumbnail.jpg&w=1033&q=75;;;
Aplikasi & Software;Discord;Rp33.000;227 terjual;DECORATION | 5.99 Without NItro or 4.99 With NItro;https://imgop.itemku.com/?url=https%3A%2F%2Fd1x91p7vw3vuq8.cloudfront.net%2Fitemku-upload%2F202591%2F58ilxnqah1illjh4kl1en_thumbnail.jpg&w=1033&q=75;;;
Aplikasi & Software;Discord;Rp160.000;226 terjual;1 Month Nitro;https://imgop.itemku.com/?url=https%3A%2F%2Fd1x91p7vw3vuq8.cloudfront.net%2Fitemku-upload%2F202381%2F3qrfi4k0nmdz5j00pp1qz8_thumbnail.jpg&w=1033&q=75;;;
Aplikasi & Software;Discord;Rp24.000;209 terjual;Discord Decoration 33.000;https://imgop.itemku.com/?url=https%3A%2F%2Fd1x91p7vw3vuq8.cloudfront.net%2Fitemku-upload%2F2025820%2Foadf97i5u5934raocckk3g_thumbnail.jpg&w=1033&q=75;;;
Aplikasi & Software;Discord;Rp39.500;62 terjual;DECORATION | 7.99 Without NItro or 5.99 With NItro;https://imgop.itemku.com/?url=https%3A%2F%2Fd1x91p7vw3vuq8.cloudfront.net%2Fitemku-upload%2F202591%2Frte9ecvw10aqgaf93xwg9_thumbnail.jpg&w=1033&q=75;;;
Aplikasi & Software;Discord;Rp87.000;43 terjual;1 Bulan Nitro + 2 Boost;https://imgop.itemku.com/?url=https%3A%2F%2Fd1x91p7vw3vuq8.cloudfront.net%2Fitemku-upload%2F20251112%2Fxdc7jfpri2kfkf2bi09gk_thumbnail.jpg&w=1033&q=75;;;
Aplikasi & Software;Discord;Rp750.000;41 terjual;1 Year Nitro;https://imgop.itemku.com/?url=https%3A%2F%2Fd1x91p7vw3vuq8.cloudfront.net%2Fitemku-upload%2F2025829%2Fnp5pvezboygrbcfnfyeman_thumbnail.jpg&w=1033&q=75;;;
Aplikasi & Software;Discord;Rp28.000;39 terjual;Discord Decoration 39.000;https://imgop.itemku.com/?url=https%3A%2F%2Fd1x91p7vw3vuq8.cloudfront.net%2Fitemku-upload%2F2026318%2Fg2zslmzicp7mglldmvbe4_thumbnail.jpg&w=1033&q=75;;;
Aplikasi & Software;Discord;Rp100.000;33 terjual;DECORATION | 15.99 Without NItro or 11.99 With NItro;https://imgop.itemku.com/?url=https%3A%2F%2Fd1x91p7vw3vuq8.cloudfront.net%2Fitemku-upload%2F202591%2Fz0n2d7cehd640qjtn4xa_thumbnail.jpg&w=1033&q=75;;;
Aplikasi & Software;Discord;Rp45.000;18 terjual;Discord Decoration 65.000;https://imgop.itemku.com/?url=https%3A%2F%2Fd1x91p7vw3vuq8.cloudfront.net%2Fitemku-upload%2F2025825%2F8e8w18qc91scfole37r06n_thumbnail.jpg&w=1033&q=75;;;
Aplikasi & Software;Discord;Rp77.000;17 terjual;Discord Decoration 100.000;https://imgop.itemku.com/?url=https%3A%2F%2Fd1x91p7vw3vuq8.cloudfront.net%2Fitemku-upload%2F2025825%2Fvzdlqxkse4ystkokg1gfm_thumbnail.jpg&w=1033&q=75;;;
Aplikasi & Software;Discord;Rp65.000;14 terjual;DECORATION | 9.99 Without NItro or 7.99 With NItro;https://imgop.itemku.com/?url=https%3A%2F%2Fd1x91p7vw3vuq8.cloudfront.net%2Fitemku-upload%2F202591%2F81zk6pfq9l41x8341vfvq3_thumbnail.jpg&w=1033&q=75;;;
Aplikasi & Software;Discord;Rp65.000;13 terjual;1 Month Nitro Basic;https://imgop.itemku.com/?url=https%3A%2F%2Fd1x91p7vw3vuq8.cloudfront.net%2Fitemku-upload%2F20251119%2F9em46cd2i9adrx4vpzswb_thumbnail.jpg&w=1033&q=75;;;
Aplikasi & Software;Discord;Rp75.000;10 terjual;Discord Decoration 91.000;https://imgop.itemku.com/?url=https%3A%2F%2Fd1x91p7vw3vuq8.cloudfront.net%2Fitemku-upload%2F2025825%2Fzw3sg21pniri53wfr5ufhq_thumbnail.jpg&w=1033&q=75;;;
Aplikasi & Software;Discord;Rp71.000;8 terjual;DECORATION | 11.99 Without NItro or 8.49 With NItro;https://imgop.itemku.com/?url=https%3A%2F%2Fd1x91p7vw3vuq8.cloudfront.net%2Fitemku-upload%2F20251028%2Fpol8bieg1siwi3wxk8ho_thumbnail.jpg&w=1033&q=75;;;
Aplikasi & Software;Discord;Rp91.000;6 terjual;DECORATION | 12.99 Without NItro or 9.99 With NItro;https://imgop.itemku.com/?url=https%3A%2F%2Fd1x91p7vw3vuq8.cloudfront.net%2Fitemku-upload%2F202591%2Fztqz137q438yxtdue8jls_thumbnail.jpg&w=1033&q=75;;;
Aplikasi & Software;Discord;Rp40.000;6 terjual;Discord Decoration 52.000;https://imgop.itemku.com/?url=https%3A%2F%2Fd1x91p7vw3vuq8.cloudfront.net%2Fitemku-upload%2F2025825%2Fzqk2n1gje5q5baey3yvy4_thumbnail.jpg&w=1033&q=75;;;
Aplikasi & Software;Discord;Rp155.000;4 terjual;1 Month Nitro;https://imgop.itemku.com/?url=https%3A%2F%2Fd1x91p7vw3vuq8.cloudfront.net%2Fitemku-upload%2F20251219%2Ff1jxx70kcbsc1kfn49vm46_thumbnail.jpg&w=1033&q=75;;;
Aplikasi & Software;Discord;Rp52.000;2 terjual;DECORATION | 8.99 Without NItro or 6.99 With NItro;https://imgop.itemku.com/?url=https%3A%2F%2Ffiles.itemku.com%2Fillustration%2Fitemku%2Forder%2Fproduct%2Fno-product-image-1080px.png&w=1033&q=75;;;
Aplikasi & Software;Discord;Rp54.000;1 terjual;Discord Decoration 71.000;https://imgop.itemku.com/?url=https%3A%2F%2Fd1x91p7vw3vuq8.cloudfront.net%2Fitemku-upload%2F2025825%2Ffvin041c4ukety5gaeo9_thumbnail.jpg&w=1033&q=75;;;
Aplikasi & Software;Alight Motion;Rp450;2813 terjual;Premium 1 Bulan;https://imgop.itemku.com/?url=https%3A%2F%2Fd1x91p7vw3vuq8.cloudfront.net%2Fitemku-upload%2F2026123%2F0wz7spn85d5f5qs9bajl99_thumbnail.jpg&w=1033&q=75;;;
Aplikasi & Software;Alight Motion;Rp15.000;38 terjual;Premium 1 Bulan;https://imgop.itemku.com/?url=https%3A%2F%2Fd1x91p7vw3vuq8.cloudfront.net%2Fitemku-upload%2F2025917%2F7r0at6ipo0692pbgmqjfgj_thumbnail.jpg&w=1033&q=75;;;
Aplikasi & Software;Alight Motion;Rp400;25 terjual;Premium 1 Bulan;https://imgop.itemku.com/?url=https%3A%2F%2Fd1x91p7vw3vuq8.cloudfront.net%2Fitemku-upload%2F2026510%2Fq7sav2njm70sbustjlh5sd_thumbnail.jpg&w=1033&q=75;;;
Aplikasi & Software;Alight Motion;Rp500;172 terjual;Premium 1 Bulan;https://imgop.itemku.com/?url=https%3A%2F%2Fd1x91p7vw3vuq8.cloudfront.net%2Fitemku-upload%2F202638%2Frtkk2x0suaos7wzzf89v_thumbnail.jpg&w=1033&q=75;;;
Aplikasi & Software;Alight Motion;Rp800;103 terjual;Premium 1 Bulan;https://imgop.itemku.com/?url=https%3A%2F%2Fd1x91p7vw3vuq8.cloudfront.net%2Fitemku-upload%2F2026425%2F27g3lx99luina12x2tspxg_thumbnail.jpg&w=1033&q=75;;;
Aplikasi & Software;Alight Motion;Rp5.000;6 terjual;Premium 1 Bulan;https://imgop.itemku.com/?url=https%3A%2F%2Fd1x91p7vw3vuq8.cloudfront.net%2Fitemku-upload%2F202631%2F67avb6677stgn7qa4jngdc_thumbnail.jpg&w=1033&q=75;;;
Aplikasi & Software;Alight Motion;Rp7.000;4 terjual;Premium 1 Bulan;https://imgop.itemku.com/?url=https%3A%2F%2Fd1x91p7vw3vuq8.cloudfront.net%2Fitemku-upload%2F20241130%2Fe0vz3tcsc5kd9jzdwvgfvd_thumbnail.jpg&w=1033&q=75;;;
Aplikasi & Software;Alight Motion;Rp5.000;2 terjual;Premium 1 Bulan;https://imgop.itemku.com/?url=https%3A%2F%2Fd1x91p7vw3vuq8.cloudfront.net%2Fitemku-upload%2F202632%2Fy5e7au2ytng6qlnttf8mi_thumbnail.jpg&w=1033&q=75;;;
Aplikasi & Software;Alight Motion;Rp25.000;;Premium 1 Bulan;https://imgop.itemku.com/?url=https%3A%2F%2Fd1x91p7vw3vuq8.cloudfront.net%2Fitemku-upload%2F2026421%2Fg0lo28n02xdm8155eemnp_thumbnail.jpg&w=1033&q=75;;;
Aplikasi & Software;Exitlag;Rp89.780;;1 Bulan;https://imgop.itemku.com/?url=https%3A%2F%2Fd1x91p7vw3vuq8.cloudfront.net%2Fitem-type%2F2025825%2Fnaf8bzlll49wio25e3x3cb.jpg&w=48&q=75;;;
Aplikasi & Software;Exitlag;Rp260.000;;3 Bulan;https://imgop.itemku.com/?url=https%3A%2F%2Fd1x91p7vw3vuq8.cloudfront.net%2Fitem-type%2F2025825%2Fnaf8bzlll49wio25e3x3cb.jpg&w=48&q=75;;;
