2026-05-20 09:08:01,883 [INFO] sync: ============================================================
2026-05-20 09:08:01,883 [INFO] sync: 🚀 MEMULAI SINKRONISASI ITEMKU → DATABASE
2026-05-20 09:08:01,884 [INFO] sync: ============================================================
2026-05-20 09:08:06,045 [ERROR] db: ❌ Gagal konek ke database: (2003, "Can't connect to MySQL server on 'localhost' ([WinError 10061] No connection could be made because the target machine actively refused it)")
2026-05-20 09:08:06,045 [ERROR] db: ❌ Koneksi database gagal: (2003, "Can't connect to MySQL server on 'localhost' ([WinError 10061] No connection could be made because the target machine actively refused it)")
2026-05-20 09:08:06,046 [ERROR] sync: ❌ Tidak bisa konek ke database. Hentikan proses.
2026-05-20 09:18:16,369 [INFO] sync: ============================================================
2026-05-20 09:18:16,369 [INFO] sync: 🚀 MEMULAI SINKRONISASI ITEMKU → DATABASE
2026-05-20 09:18:16,369 [INFO] sync: ============================================================
2026-05-20 09:18:26,652 [ERROR] db: ❌ Gagal konek ke database: (2003, "Can't connect to MySQL server on 'lapakgaming.neoverse.my.id' (timed out)")
2026-05-20 09:18:26,653 [ERROR] db: ❌ Koneksi database gagal: (2003, "Can't connect to MySQL server on 'lapakgaming.neoverse.my.id' (timed out)")
2026-05-20 09:18:26,653 [ERROR] sync: ❌ Tidak bisa konek ke database. Hentikan proses.
2026-05-20 09:19:52,249 [INFO] sync: ============================================================
2026-05-20 09:19:52,250 [INFO] sync: 🚀 MEMULAI SINKRONISASI ITEMKU → DATABASE
2026-05-20 09:19:52,250 [INFO] sync: ============================================================
2026-05-20 09:20:02,298 [ERROR] db: ❌ Gagal konek ke database: (2003, "Can't connect to MySQL server on 'lapakgaming.neoverse.my.id' (timed out)")
2026-05-20 09:20:02,299 [ERROR] db: ❌ Koneksi database gagal: (2003, "Can't connect to MySQL server on 'lapakgaming.neoverse.my.id' (timed out)")
2026-05-20 09:20:02,299 [ERROR] sync: ❌ Tidak bisa konek ke database. Hentikan proses.
2026-05-20 09:22:25,529 [INFO] sync: ============================================================
2026-05-20 09:22:25,530 [INFO] sync: 🚀 MEMULAI SINKRONISASI ITEMKU → DATABASE
2026-05-20 09:22:25,530 [INFO] sync: ============================================================
2026-05-20 09:22:29,653 [ERROR] db: ❌ Gagal konek ke database: (2003, "Can't connect to MySQL server on 'localhost' ([WinError 10061] No connection could be made because the target machine actively refused it)")
2026-05-20 09:22:29,654 [ERROR] db: ❌ Koneksi database gagal: (2003, "Can't connect to MySQL server on 'localhost' ([WinError 10061] No connection could be made because the target machine actively refused it)")
2026-05-20 09:22:29,654 [ERROR] sync: ❌ Tidak bisa konek ke database. Hentikan proses.
2026-05-20 09:23:19,990 [INFO] sync: ============================================================
2026-05-20 09:23:19,990 [INFO] sync: 🚀 MEMULAI SINKRONISASI ITEMKU → DATABASE
2026-05-20 09:23:19,990 [INFO] sync: ============================================================
2026-05-20 09:23:20,025 [ERROR] db: ❌ Gagal konek ke database: (1045, "Access denied for user 'root'@'localhost' (using password: YES)")
2026-05-20 09:23:20,025 [ERROR] db: ❌ Koneksi database gagal: (1045, "Access denied for user 'root'@'localhost' (using password: YES)")
2026-05-20 09:23:20,026 [ERROR] sync: ❌ Tidak bisa konek ke database. Hentikan proses.
2026-05-20 09:23:22,324 [INFO] sync: ============================================================
2026-05-20 09:23:22,325 [INFO] sync: 🚀 MEMULAI SINKRONISASI ITEMKU → DATABASE
2026-05-20 09:23:22,325 [INFO] sync: ============================================================
2026-05-20 09:23:22,368 [ERROR] db: ❌ Gagal konek ke database: (1045, "Access denied for user 'root'@'localhost' (using password: YES)")
2026-05-20 09:23:22,369 [ERROR] db: ❌ Koneksi database gagal: (1045, "Access denied for user 'root'@'localhost' (using password: YES)")
2026-05-20 09:23:22,369 [ERROR] sync: ❌ Tidak bisa konek ke database. Hentikan proses.
2026-05-20 09:30:14,616 [INFO] seeder_generator: 
🖊️  Membuat Laravel Seeder di: C:\Users\lenovo\AppData\Local\Temp\tmp0l7usdwm
2026-05-20 09:30:14,619 [INFO] seeder_generator: 📁 Seeder kategori: C:\Users\lenovo\AppData\Local\Temp\tmp0l7usdwm\ItemkuCategoriesSeeder.php (2 kategori)
2026-05-20 09:30:14,623 [INFO] seeder_generator: 📦 Seeder produk: C:\Users\lenovo\AppData\Local\Temp\tmp0l7usdwm\ItemkuProductsSeeder.php (3 produk)
2026-05-20 09:31:40,346 [INFO] seeder_generator: 
🖊️  Membuat Laravel Seeder di: C:\Users\lenovo\AppData\Local\Temp\tmp9qvbyj9d
2026-05-20 09:31:40,348 [INFO] seeder_generator: 📁 Seeder kategori: C:\Users\lenovo\AppData\Local\Temp\tmp9qvbyj9d\ItemkuCategoriesSeeder.php (2 kategori)
2026-05-20 09:31:40,349 [INFO] seeder_generator: 📦 Seeder produk: C:\Users\lenovo\AppData\Local\Temp\tmp9qvbyj9d\ItemkuProductsSeeder.php (3 produk)
2026-05-20 09:31:43,995 [INFO] itemku: 🌐 Browser Playwright berhasil dijalankan
2026-05-20 09:31:43,996 [INFO] itemku: 
==================================================
2026-05-20 09:31:43,996 [INFO] itemku: Kategori: mobile-legends
2026-05-20 09:31:43,996 [INFO] itemku: ==================================================
2026-05-20 09:31:43,996 [INFO] itemku: 🔍 Mulai scrape kategori: mobile-legends → https://www.itemku.com/mobile-legends
2026-05-20 09:32:14,249 [ERROR] itemku: ❌ Error scrape kategori mobile-legends: Page.goto: Timeout 30000ms exceeded.
Call log:
  - navigating to "https://www.itemku.com/mobile-legends", waiting until "networkidle"

2026-05-20 09:32:14,275 [INFO] itemku:    Total: 0 produk dari [mobile-legends]
2026-05-20 09:32:14,276 [DEBUG] itemku: ⏳ Delay 2.7s...
2026-05-20 09:32:17,173 [INFO] itemku: 🔒 Browser ditutup
2026-05-20 09:35:22,298 [INFO] seeder_generator: 
🖊️  Membuat Laravel Seeder di: C:\Users\lenovo\AppData\Local\Temp\tmpe9m29f0w
2026-05-20 09:35:22,299 [INFO] seeder_generator: 📁 Seeder kategori: C:\Users\lenovo\AppData\Local\Temp\tmpe9m29f0w\ItemkuCategoriesSeeder.php (2 kategori)
2026-05-20 09:35:22,300 [INFO] seeder_generator: 📦 Seeder produk: C:\Users\lenovo\AppData\Local\Temp\tmpe9m29f0w\ItemkuProductsSeeder.php (3 produk)
2026-05-20 09:35:27,011 [INFO] itemku: 🌐 Browser Playwright berhasil dijalankan
2026-05-20 09:35:27,012 [INFO] itemku: 
==================================================
2026-05-20 09:35:27,012 [INFO] itemku: Kategori: mobile-legends
2026-05-20 09:35:27,013 [INFO] itemku: ==================================================
2026-05-20 09:35:27,013 [INFO] itemku: 🔍 Mulai scrape kategori: mobile-legends → https://www.itemku.com/game/mobile-legends
2026-05-20 09:35:32,385 [INFO] itemku: ⚠️  API tidak tersedia, fallback ke HTML parsing...
2026-05-20 09:35:32,538 [WARNING] itemku: ⚠️  Tidak ada kartu produk ditemukan untuk mobile-legends
2026-05-20 09:35:32,538 [INFO] itemku: ✅ Berhasil via HTML: 0 produk
2026-05-20 09:35:32,556 [INFO] itemku:    Total: 0 produk dari [mobile-legends]
2026-05-20 09:35:32,556 [DEBUG] itemku: ⏳ Delay 2.0s...
2026-05-20 09:35:34,785 [INFO] itemku: 🔒 Browser ditutup
2026-05-20 09:39:37,984 [INFO] seeder_generator: 
🖊️  Membuat Laravel Seeder di: C:\Users\lenovo\AppData\Local\Temp\tmpfsu5dn56
2026-05-20 09:39:37,985 [INFO] seeder_generator: 📁 Seeder kategori: C:\Users\lenovo\AppData\Local\Temp\tmpfsu5dn56\ItemkuCategoriesSeeder.php (2 kategori)
2026-05-20 09:39:37,986 [INFO] seeder_generator: 📦 Seeder produk: C:\Users\lenovo\AppData\Local\Temp\tmpfsu5dn56\ItemkuProductsSeeder.php (3 produk)
2026-05-20 09:39:42,272 [INFO] itemku: 🌐 Browser berhasil dijalankan
2026-05-20 09:39:42,274 [INFO] itemku: 
============================================================
2026-05-20 09:39:42,275 [INFO] itemku: 📂 KATEGORI: mobile-legends
2026-05-20 09:39:42,276 [INFO] itemku: ============================================================
2026-05-20 09:39:42,276 [INFO] itemku: 🔍 Scrape kategori:
2026-05-20 09:39:42,280 [INFO] itemku:    URL: https://www.itemku.com/c/mobile-legends
2026-05-20 09:39:45,094 [DEBUG] itemku: 📡 API: https://www.itemku.com/_next/data/ox5kkx6ecmuea2igmr6vx/c/tipe-produk.json
2026-05-20 09:39:45,445 [DEBUG] itemku: 📡 API: https://api-gateway.itemku.com/v1/metadata/icon-placeholder-mobile-payment
2026-05-20 09:39:45,446 [DEBUG] itemku: 📡 API: https://api-gateway.itemku.com/v1/popup-banner?country_codes[]=id
2026-05-20 09:39:45,484 [DEBUG] itemku: 📡 API: https://api-gateway.itemku.com/v1/config
2026-05-20 09:39:45,484 [DEBUG] itemku: 📡 API: https://api-gateway.itemku.com/v1/user-location
2026-05-20 09:39:45,492 [DEBUG] itemku: 📡 API: https://api-gateway.itemku.com/v1/foreign-exchange/bulk-rate?source_currency=idr
2026-05-20 09:39:45,493 [DEBUG] itemku: 📡 API: https://api-gateway.itemku.com/v1/user-region-data
2026-05-20 09:39:45,498 [DEBUG] itemku: 📡 API: https://api-gateway.itemku.com/v1/currency/detail
2026-05-20 09:39:45,506 [DEBUG] itemku: 📡 API: https://www.itemku.com/~partytown/proxytown
2026-05-20 09:39:45,517 [DEBUG] itemku: 📡 API: https://www.itemku.com/~partytown/proxytown
2026-05-20 09:39:45,595 [DEBUG] itemku: 📡 API: https://www.itemku.com/~partytown/proxytown
2026-05-20 09:39:45,598 [DEBUG] itemku: 📡 API: https://www.itemku.com/~partytown/proxytown
2026-05-20 09:39:45,614 [DEBUG] itemku: 📡 API: https://www.itemku.com/~partytown/proxytown
2026-05-20 09:39:45,620 [DEBUG] itemku: 📡 API: https://www.itemku.com/~partytown/proxytown
2026-05-20 09:39:45,621 [DEBUG] itemku: 📡 API: https://www.itemku.com/~partytown/proxytown
2026-05-20 09:39:45,621 [DEBUG] itemku: 📡 API: https://www.itemku.com/~partytown/proxytown
2026-05-20 09:39:46,055 [DEBUG] itemku: 📡 API: https://api-gateway.itemku.com/v1/user-region-data
2026-05-20 09:39:46,058 [DEBUG] itemku: 📡 API: https://api-gateway.itemku.com/v1/foreign-exchange/bulk-rate?source_currency=idr
2026-05-20 09:39:46,059 [DEBUG] itemku: 📡 API: https://api-gateway.itemku.com/v1/popup-banner?country_codes[]=id
2026-05-20 09:39:46,513 [DEBUG] itemku: 📡 API: https://api-gateway.itemku.com/v1/config/feature/product
2026-05-20 09:39:46,518 [DEBUG] itemku: 📡 API: https://script.crazyegg.com/pages/data-scripts/0113/7987/site/www.itemku.com.json?t=1
2026-05-20 09:39:46,535 [DEBUG] itemku: 📡 API: https://api-gateway.itemku.com/v1/config/feature/product
2026-05-20 09:39:46,540 [DEBUG] itemku: 📡 API: https://api-gateway.itemku.com/v1/expansion-country?sort=sequence
2026-05-20 09:39:46,602 [DEBUG] itemku: 📡 API: https://api-gateway.itemku.com/v1/bottom-navigation-content?country_code=id
2026-05-20 09:39:46,602 [DEBUG] itemku: 📡 API: https://api-gateway.itemku.com/v1/product/game-list?per_page=5&sort=latest&country_codes[]=id&utm_src=csr_c2c&is_exclusive=false
2026-05-20 09:39:46,904 [DEBUG] itemku: 📡 API: https://api-gateway.itemku.com/v1/product/game-category?country_codes[]=id&slug=mobile-game&is_exclude_empty_game_category_lists=true&per_page=50&is_exclusive=false
2026-05-20 09:39:47,026 [DEBUG] itemku: 📡 API: https://api-gateway.itemku.com/v1/product/game-category-popular?per_page=50&is_exclude_empty_game_category_lists=1&country_codes[]=id&type=1&usecache=false&is_category_v2=true&is_exclusive=false
2026-05-20 09:39:47,039 [DEBUG] itemku: 📡 API: https://files.itemku.com/language/id.json
2026-05-20 09:39:47,171 [DEBUG] itemku: 📡 API: https://api-gateway.itemku.com/v1/expansion-country?sort=sequence
2026-05-20 09:39:47,173 [DEBUG] itemku: 📡 API: https://api-gateway.itemku.com/v1/metadata/icon-placeholder-mobile-payment
2026-05-20 09:39:47,306 [DEBUG] itemku: 📡 API: https://www.itemku.com/~partytown/proxytown
2026-05-20 09:39:47,306 [DEBUG] itemku: 📡 API: https://script.crazyegg.com/pages/data-scripts/0113/7987/sampling/www.itemku.com.json?t=1
2026-05-20 09:39:47,314 [DEBUG] itemku: 📡 API: https://www.itemku.com/~partytown/proxytown
2026-05-20 09:39:47,326 [DEBUG] itemku: 📡 API: https://www.itemku.com/~partytown/proxytown
2026-05-20 09:39:47,335 [DEBUG] itemku: 📡 API: https://www.itemku.com/~partytown/proxytown
2026-05-20 09:39:47,387 [DEBUG] itemku: 📡 API: https://www.itemku.com/~partytown/proxytown
2026-05-20 09:39:47,388 [DEBUG] itemku: 📡 API: https://www.itemku.com/~partytown/proxytown
2026-05-20 09:39:47,407 [DEBUG] itemku: 📡 API: https://www.itemku.com/~partytown/proxytown
2026-05-20 09:39:47,407 [DEBUG] itemku: 📡 API: https://api-gateway.itemku.com/v1/product/game-list?per_page=5&sort=latest&country_codes[]=id&utm_src=csr_c2c&is_exclusive=false
2026-05-20 09:39:47,413 [DEBUG] itemku: 📡 API: https://www.itemku.com/~partytown/proxytown
2026-05-20 09:39:47,414 [DEBUG] itemku: 📡 API: https://www.itemku.com/~partytown/proxytown
2026-05-20 09:39:47,414 [DEBUG] itemku: 📡 API: https://www.itemku.com/~partytown/proxytown
2026-05-20 09:39:47,530 [DEBUG] itemku: 📡 API: https://www.itemku.com/~partytown/proxytown
2026-05-20 09:39:47,533 [DEBUG] itemku: 📡 API: https://www.itemku.com/~partytown/proxytown
2026-05-20 09:39:47,534 [DEBUG] itemku: 📡 API: https://www.itemku.com/~partytown/proxytown
2026-05-20 09:39:47,539 [DEBUG] itemku: 📡 API: https://www.itemku.com/~partytown/proxytown
2026-05-20 09:39:47,545 [DEBUG] itemku: 📡 API: https://www.itemku.com/~partytown/proxytown
2026-05-20 09:39:47,551 [DEBUG] itemku: 📡 API: https://www.itemku.com/~partytown/proxytown
2026-05-20 09:39:47,555 [DEBUG] itemku: 📡 API: https://www.itemku.com/~partytown/proxytown
2026-05-20 09:39:47,560 [DEBUG] itemku: 📡 API: https://www.itemku.com/~partytown/proxytown
2026-05-20 09:39:47,560 [DEBUG] itemku: 📡 API: https://www.itemku.com/~partytown/proxytown
2026-05-20 09:39:47,568 [DEBUG] itemku: 📡 API: https://www.itemku.com/~partytown/proxytown
2026-05-20 09:39:47,569 [DEBUG] itemku: 📡 API: https://www.itemku.com/~partytown/proxytown
2026-05-20 09:39:47,579 [DEBUG] itemku: 📡 API: https://www.itemku.com/~partytown/proxytown
2026-05-20 09:39:47,579 [DEBUG] itemku: 📡 API: https://www.itemku.com/~partytown/proxytown
2026-05-20 09:39:47,583 [DEBUG] itemku: 📡 API: https://www.itemku.com/~partytown/proxytown
2026-05-20 09:39:47,588 [DEBUG] itemku: 📡 API: https://www.itemku.com/~partytown/proxytown
2026-05-20 09:39:47,590 [DEBUG] itemku: 📡 API: https://www.itemku.com/~partytown/proxytown
2026-05-20 09:39:47,595 [DEBUG] itemku: 📡 API: https://www.itemku.com/~partytown/proxytown
2026-05-20 09:39:47,602 [DEBUG] itemku: 📡 API: https://www.itemku.com/~partytown/proxytown
2026-05-20 09:39:47,605 [DEBUG] itemku: 📡 API: https://www.itemku.com/~partytown/proxytown
2026-05-20 09:39:47,606 [DEBUG] itemku: 📡 API: https://www.itemku.com/~partytown/proxytown
2026-05-20 09:39:47,609 [DEBUG] itemku: 📡 API: https://www.itemku.com/~partytown/proxytown
2026-05-20 09:39:47,628 [DEBUG] itemku: 📡 API: https://www.itemku.com/~partytown/proxytown
2026-05-20 09:39:47,629 [DEBUG] itemku: 📡 API: https://www.itemku.com/~partytown/proxytown
2026-05-20 09:39:47,634 [DEBUG] itemku: 📡 API: https://www.itemku.com/~partytown/proxytown
2026-05-20 09:39:47,634 [DEBUG] itemku: 📡 API: https://www.itemku.com/~partytown/proxytown
2026-05-20 09:39:47,639 [DEBUG] itemku: 📡 API: https://www.itemku.com/~partytown/proxytown
2026-05-20 09:39:47,646 [DEBUG] itemku: 📡 API: https://www.itemku.com/~partytown/proxytown
2026-05-20 09:39:47,646 [DEBUG] itemku: 📡 API: https://www.itemku.com/~partytown/proxytown
2026-05-20 09:39:47,660 [DEBUG] itemku: 📡 API: https://www.itemku.com/~partytown/proxytown
2026-05-20 09:39:47,663 [DEBUG] itemku: 📡 API: https://www.itemku.com/~partytown/proxytown
2026-05-20 09:39:47,667 [DEBUG] itemku: 📡 API: https://www.itemku.com/~partytown/proxytown
2026-05-20 09:39:47,671 [DEBUG] itemku: 📡 API: https://www.itemku.com/~partytown/proxytown
2026-05-20 09:39:47,676 [DEBUG] itemku: 📡 API: https://www.itemku.com/~partytown/proxytown
2026-05-20 09:39:47,679 [DEBUG] itemku: 📡 API: https://www.itemku.com/~partytown/proxytown
2026-05-20 09:39:47,686 [DEBUG] itemku: 📡 API: https://www.itemku.com/~partytown/proxytown
2026-05-20 09:39:47,691 [DEBUG] itemku: 📡 API: https://www.itemku.com/~partytown/proxytown
2026-05-20 09:39:47,696 [DEBUG] itemku: 📡 API: https://www.itemku.com/~partytown/proxytown
2026-05-20 09:39:47,699 [DEBUG] itemku: 📡 API: https://www.itemku.com/~partytown/proxytown
2026-05-20 09:39:47,703 [DEBUG] itemku: 📡 API: https://www.itemku.com/~partytown/proxytown
2026-05-20 09:39:47,707 [DEBUG] itemku: 📡 API: https://www.itemku.com/~partytown/proxytown
2026-05-20 09:39:47,712 [DEBUG] itemku: 📡 API: https://www.itemku.com/~partytown/proxytown
2026-05-20 09:39:47,722 [DEBUG] itemku: 📡 API: https://www.itemku.com/~partytown/proxytown
2026-05-20 09:39:47,727 [DEBUG] itemku: 📡 API: https://www.itemku.com/~partytown/proxytown
2026-05-20 09:39:47,732 [DEBUG] itemku: 📡 API: https://www.itemku.com/~partytown/proxytown
2026-05-20 09:39:47,741 [DEBUG] itemku: 📡 API: https://www.itemku.com/~partytown/proxytown
2026-05-20 09:39:47,747 [DEBUG] itemku: 📡 API: https://www.itemku.com/~partytown/proxytown
2026-05-20 09:39:47,751 [DEBUG] itemku: 📡 API: https://www.itemku.com/~partytown/proxytown
2026-05-20 09:39:47,751 [DEBUG] itemku: 📡 API: https://www.itemku.com/~partytown/proxytown
2026-05-20 09:39:47,755 [DEBUG] itemku: 📡 API: https://www.itemku.com/~partytown/proxytown
2026-05-20 09:39:47,755 [DEBUG] itemku: 📡 API: https://www.itemku.com/~partytown/proxytown
2026-05-20 09:39:47,756 [DEBUG] itemku: 📡 API: https://www.itemku.com/~partytown/proxytown
2026-05-20 09:39:47,756 [DEBUG] itemku: 📡 API: https://www.itemku.com/~partytown/proxytown
2026-05-20 09:39:47,758 [DEBUG] itemku: 📡 API: https://www.itemku.com/~partytown/proxytown
2026-05-20 09:39:47,782 [DEBUG] itemku: 📡 API: https://www.itemku.com/~partytown/proxytown
2026-05-20 09:39:47,782 [DEBUG] itemku: 📡 API: https://www.itemku.com/~partytown/proxytown
2026-05-20 09:39:47,789 [DEBUG] itemku: 📡 API: https://www.itemku.com/~partytown/proxytown
2026-05-20 09:39:47,801 [DEBUG] itemku: 📡 API: https://www.itemku.com/~partytown/proxytown
2026-05-20 09:39:47,802 [DEBUG] itemku: 📡 API: https://www.itemku.com/~partytown/proxytown
2026-05-20 09:39:47,806 [DEBUG] itemku: 📡 API: https://www.itemku.com/~partytown/proxytown
2026-05-20 09:39:47,810 [DEBUG] itemku: 📡 API: https://www.itemku.com/~partytown/proxytown
2026-05-20 09:39:47,816 [DEBUG] itemku: 📡 API: https://www.itemku.com/~partytown/proxytown
2026-05-20 09:39:47,823 [DEBUG] itemku: 📡 API: https://www.itemku.com/~partytown/proxytown
2026-05-20 09:39:47,824 [DEBUG] itemku: 📡 API: https://www.itemku.com/~partytown/proxytown
2026-05-20 09:39:47,829 [DEBUG] itemku: 📡 API: https://www.itemku.com/~partytown/proxytown
2026-05-20 09:39:47,833 [DEBUG] itemku: 📡 API: https://www.itemku.com/~partytown/proxytown
2026-05-20 09:39:47,837 [DEBUG] itemku: 📡 API: https://www.itemku.com/~partytown/proxytown
2026-05-20 09:39:47,844 [DEBUG] itemku: 📡 API: https://www.itemku.com/~partytown/proxytown
2026-05-20 09:39:47,844 [DEBUG] itemku: 📡 API: https://www.itemku.com/~partytown/proxytown
2026-05-20 09:39:47,850 [DEBUG] itemku: 📡 API: https://www.itemku.com/~partytown/proxytown
2026-05-20 09:39:47,856 [DEBUG] itemku: 📡 API: https://www.itemku.com/~partytown/proxytown
2026-05-20 09:39:47,862 [DEBUG] itemku: 📡 API: https://www.itemku.com/~partytown/proxytown
2026-05-20 09:39:47,870 [DEBUG] itemku: 📡 API: https://www.itemku.com/~partytown/proxytown
2026-05-20 09:39:47,874 [DEBUG] itemku: 📡 API: https://www.itemku.com/~partytown/proxytown
2026-05-20 09:39:47,879 [DEBUG] itemku: 📡 API: https://www.itemku.com/~partytown/proxytown
2026-05-20 09:39:47,882 [DEBUG] itemku: 📡 API: https://www.itemku.com/~partytown/proxytown
2026-05-20 09:39:47,888 [DEBUG] itemku: 📡 API: https://www.itemku.com/~partytown/proxytown
2026-05-20 09:39:47,894 [DEBUG] itemku: 📡 API: https://www.itemku.com/~partytown/proxytown
2026-05-20 09:39:47,899 [DEBUG] itemku: 📡 API: https://www.itemku.com/~partytown/proxytown
2026-05-20 09:39:47,902 [DEBUG] itemku: 📡 API: https://www.itemku.com/~partytown/proxytown
2026-05-20 09:39:47,913 [DEBUG] itemku: 📡 API: https://www.itemku.com/~partytown/proxytown
2026-05-20 09:39:47,916 [DEBUG] itemku: 📡 API: https://www.itemku.com/~partytown/proxytown
2026-05-20 09:39:47,917 [DEBUG] itemku: 📡 API: https://www.itemku.com/~partytown/proxytown
2026-05-20 09:39:47,927 [DEBUG] itemku: 📡 API: https://www.itemku.com/~partytown/proxytown
2026-05-20 09:39:47,927 [DEBUG] itemku: 📡 API: https://www.itemku.com/~partytown/proxytown
2026-05-20 09:39:47,932 [DEBUG] itemku: 📡 API: https://www.itemku.com/~partytown/proxytown
2026-05-20 09:39:47,949 [DEBUG] itemku: 📡 API: https://www.itemku.com/~partytown/proxytown
2026-05-20 09:39:47,949 [DEBUG] itemku: 📡 API: https://www.itemku.com/~partytown/proxytown
2026-05-20 09:39:47,962 [DEBUG] itemku: 📡 API: https://www.itemku.com/~partytown/proxytown
2026-05-20 09:39:47,970 [DEBUG] itemku: 📡 API: https://www.itemku.com/~partytown/proxytown
2026-05-20 09:39:47,974 [DEBUG] itemku: 📡 API: https://www.itemku.com/~partytown/proxytown
2026-05-20 09:39:47,981 [DEBUG] itemku: 📡 API: https://www.itemku.com/~partytown/proxytown
2026-05-20 09:39:47,982 [DEBUG] itemku: 📡 API: https://www.itemku.com/~partytown/proxytown
2026-05-20 09:39:47,984 [DEBUG] itemku: 📡 API: https://www.itemku.com/~partytown/proxytown
2026-05-20 09:39:47,994 [DEBUG] itemku: 📡 API: https://www.itemku.com/~partytown/proxytown
2026-05-20 09:39:47,995 [DEBUG] itemku: 📡 API: https://www.itemku.com/~partytown/proxytown
2026-05-20 09:39:48,005 [DEBUG] itemku: 📡 API: https://www.itemku.com/~partytown/proxytown
2026-05-20 09:39:48,005 [DEBUG] itemku: 📡 API: https://www.itemku.com/~partytown/proxytown
2026-05-20 09:39:48,006 [DEBUG] itemku: 📡 API: https://www.itemku.com/~partytown/proxytown
2026-05-20 09:39:48,006 [DEBUG] itemku: 📡 API: https://www.itemku.com/~partytown/proxytown
2026-05-20 09:39:48,006 [DEBUG] itemku: 📡 API: https://www.itemku.com/~partytown/proxytown
2026-05-20 09:39:48,013 [DEBUG] itemku: 📡 API: https://www.itemku.com/~partytown/proxytown
2026-05-20 09:39:48,013 [DEBUG] itemku: 📡 API: https://www.itemku.com/~partytown/proxytown
2026-05-20 09:39:48,015 [DEBUG] itemku: 📡 API: https://www.itemku.com/~partytown/proxytown
2026-05-20 09:39:48,016 [DEBUG] itemku: 📡 API: https://www.itemku.com/~partytown/proxytown
2026-05-20 09:39:48,021 [DEBUG] itemku: 📡 API: https://www.itemku.com/~partytown/proxytown
2026-05-20 09:39:48,021 [DEBUG] itemku: 📡 API: https://www.itemku.com/~partytown/proxytown
2026-05-20 09:39:48,035 [DEBUG] itemku: 📡 API: https://www.itemku.com/~partytown/proxytown
2026-05-20 09:39:48,042 [DEBUG] itemku: 📡 API: https://www.itemku.com/~partytown/proxytown
2026-05-20 09:39:48,045 [DEBUG] itemku: 📡 API: https://www.itemku.com/~partytown/proxytown
2026-05-20 09:39:48,053 [DEBUG] itemku: 📡 API: https://www.itemku.com/~partytown/proxytown
2026-05-20 09:39:48,063 [DEBUG] itemku: 📡 API: https://www.itemku.com/~partytown/proxytown
2026-05-20 09:39:48,064 [DEBUG] itemku: 📡 API: https://www.itemku.com/~partytown/proxytown
2026-05-20 09:39:48,067 [DEBUG] itemku: 📡 API: https://www.itemku.com/~partytown/proxytown
2026-05-20 09:39:48,070 [DEBUG] itemku: 📡 API: https://www.itemku.com/~partytown/proxytown
2026-05-20 09:39:48,075 [DEBUG] itemku: 📡 API: https://www.itemku.com/~partytown/proxytown
2026-05-20 09:39:48,075 [DEBUG] itemku: 📡 API: https://www.itemku.com/~partytown/proxytown
2026-05-20 09:39:48,080 [DEBUG] itemku: 📡 API: https://www.itemku.com/~partytown/proxytown
2026-05-20 09:39:48,082 [DEBUG] itemku: 📡 API: https://www.itemku.com/~partytown/proxytown
2026-05-20 09:39:48,083 [DEBUG] itemku: 📡 API: https://www.itemku.com/~partytown/proxytown
2026-05-20 09:39:48,095 [DEBUG] itemku: 📡 API: https://www.itemku.com/~partytown/proxytown
2026-05-20 09:39:48,097 [DEBUG] itemku: 📡 API: https://www.itemku.com/~partytown/proxytown
2026-05-20 09:39:48,109 [DEBUG] itemku: 📡 API: https://www.itemku.com/~partytown/proxytown
2026-05-20 09:39:48,117 [DEBUG] itemku: 📡 API: https://www.itemku.com/~partytown/proxytown
2026-05-20 09:39:48,124 [DEBUG] itemku: 📡 API: https://www.itemku.com/~partytown/proxytown
2026-05-20 09:39:48,131 [DEBUG] itemku: 📡 API: https://www.itemku.com/~partytown/proxytown
2026-05-20 09:39:48,136 [DEBUG] itemku: 📡 API: https://www.itemku.com/~partytown/proxytown
2026-05-20 09:39:48,140 [DEBUG] itemku: 📡 API: https://www.itemku.com/~partytown/proxytown
2026-05-20 09:39:48,144 [DEBUG] itemku: 📡 API: https://www.itemku.com/~partytown/proxytown
2026-05-20 09:39:48,146 [DEBUG] itemku: 📡 API: https://www.itemku.com/~partytown/proxytown
2026-05-20 09:39:48,149 [DEBUG] itemku: 📡 API: https://www.itemku.com/~partytown/proxytown
2026-05-20 09:39:48,156 [DEBUG] itemku: 📡 API: https://www.itemku.com/~partytown/proxytown
2026-05-20 09:39:48,157 [DEBUG] itemku: 📡 API: https://www.itemku.com/~partytown/proxytown
2026-05-20 09:39:48,162 [DEBUG] itemku: 📡 API: https://www.itemku.com/~partytown/proxytown
2026-05-20 09:39:48,167 [DEBUG] itemku: 📡 API: https://www.itemku.com/~partytown/proxytown
2026-05-20 09:39:48,174 [DEBUG] itemku: 📡 API: https://www.itemku.com/~partytown/proxytown
2026-05-20 09:39:48,184 [DEBUG] itemku: 📡 API: https://www.itemku.com/~partytown/proxytown
2026-05-20 09:39:48,189 [DEBUG] itemku: 📡 API: https://www.itemku.com/~partytown/proxytown
2026-05-20 09:39:48,200 [DEBUG] itemku: 📡 API: https://www.itemku.com/~partytown/proxytown
2026-05-20 09:39:48,205 [DEBUG] itemku: 📡 API: https://www.itemku.com/~partytown/proxytown
2026-05-20 09:39:48,206 [DEBUG] itemku: 📡 API: https://www.itemku.com/~partytown/proxytown
2026-05-20 09:39:48,211 [DEBUG] itemku: 📡 API: https://www.itemku.com/~partytown/proxytown
2026-05-20 09:39:48,218 [DEBUG] itemku: 📡 API: https://www.itemku.com/~partytown/proxytown
2026-05-20 09:39:48,218 [DEBUG] itemku: 📡 API: https://www.itemku.com/~partytown/proxytown
2026-05-20 09:39:48,223 [DEBUG] itemku: 📡 API: https://www.itemku.com/~partytown/proxytown
2026-05-20 09:39:48,227 [DEBUG] itemku: 📡 API: https://www.itemku.com/~partytown/proxytown
2026-05-20 09:39:48,231 [DEBUG] itemku: 📡 API: https://www.itemku.com/~partytown/proxytown
2026-05-20 09:39:48,232 [DEBUG] itemku: 📡 API: https://www.itemku.com/~partytown/proxytown
2026-05-20 09:39:48,237 [DEBUG] itemku: 📡 API: https://www.itemku.com/~partytown/proxytown
2026-05-20 09:39:48,240 [DEBUG] itemku: 📡 API: https://www.itemku.com/~partytown/proxytown
2026-05-20 09:39:48,244 [DEBUG] itemku: 📡 API: https://www.itemku.com/~partytown/proxytown
2026-05-20 09:39:48,250 [DEBUG] itemku: 📡 API: https://www.itemku.com/~partytown/proxytown
2026-05-20 09:39:48,254 [DEBUG] itemku: 📡 API: https://www.itemku.com/~partytown/proxytown
2026-05-20 09:39:48,255 [DEBUG] itemku: 📡 API: https://www.itemku.com/~partytown/proxytown
2026-05-20 09:39:48,261 [DEBUG] itemku: 📡 API: https://www.itemku.com/~partytown/proxytown
2026-05-20 09:39:48,265 [DEBUG] itemku: 📡 API: https://www.itemku.com/~partytown/proxytown
2026-05-20 09:39:48,274 [DEBUG] itemku: 📡 API: https://www.itemku.com/~partytown/proxytown
2026-05-20 09:39:48,274 [DEBUG] itemku: 📡 API: https://www.itemku.com/~partytown/proxytown
2026-05-20 09:39:48,278 [DEBUG] itemku: 📡 API: https://www.itemku.com/~partytown/proxytown
2026-05-20 09:39:48,281 [DEBUG] itemku: 📡 API: https://www.itemku.com/~partytown/proxytown
2026-05-20 09:39:48,286 [DEBUG] itemku: 📡 API: https://www.itemku.com/~partytown/proxytown
2026-05-20 09:39:48,290 [DEBUG] itemku: 📡 API: https://www.itemku.com/~partytown/proxytown
2026-05-20 09:39:48,290 [DEBUG] itemku: 📡 API: https://www.itemku.com/~partytown/proxytown
2026-05-20 09:39:48,294 [DEBUG] itemku: 📡 API: https://www.itemku.com/~partytown/proxytown
2026-05-20 09:39:48,297 [DEBUG] itemku: 📡 API: https://www.itemku.com/~partytown/proxytown
2026-05-20 09:39:48,300 [DEBUG] itemku: 📡 API: https://www.itemku.com/~partytown/proxytown
2026-05-20 09:39:48,301 [DEBUG] itemku: 📡 API: https://www.itemku.com/~partytown/proxytown
2026-05-20 09:39:48,304 [DEBUG] itemku: 📡 API: https://www.itemku.com/~partytown/proxytown
2026-05-20 09:39:48,309 [DEBUG] itemku: 📡 API: https://www.itemku.com/~partytown/proxytown
2026-05-20 09:39:48,314 [DEBUG] itemku: 📡 API: https://www.itemku.com/~partytown/proxytown
2026-05-20 09:39:48,320 [DEBUG] itemku: 📡 API: https://www.itemku.com/~partytown/proxytown
2026-05-20 09:39:48,320 [DEBUG] itemku: 📡 API: https://www.itemku.com/~partytown/proxytown
2026-05-20 09:39:48,325 [DEBUG] itemku: 📡 API: https://www.itemku.com/~partytown/proxytown
2026-05-20 09:39:48,332 [DEBUG] itemku: 📡 API: https://www.itemku.com/~partytown/proxytown
2026-05-20 09:39:48,333 [DEBUG] itemku: 📡 API: https://www.itemku.com/~partytown/proxytown
2026-05-20 09:39:48,337 [DEBUG] itemku: 📡 API: https://www.itemku.com/~partytown/proxytown
2026-05-20 09:39:48,341 [DEBUG] itemku: 📡 API: https://www.itemku.com/~partytown/proxytown
2026-05-20 09:39:48,348 [DEBUG] itemku: 📡 API: https://www.itemku.com/~partytown/proxytown
2026-05-20 09:39:48,349 [DEBUG] itemku: 📡 API: https://www.itemku.com/~partytown/proxytown
2026-05-20 09:39:48,352 [DEBUG] itemku: 📡 API: https://www.itemku.com/~partytown/proxytown
2026-05-20 09:39:48,359 [DEBUG] itemku: 📡 API: https://www.itemku.com/~partytown/proxytown
2026-05-20 09:39:48,359 [DEBUG] itemku: 📡 API: https://www.itemku.com/~partytown/proxytown
2026-05-20 09:39:48,363 [DEBUG] itemku: 📡 API: https://www.itemku.com/~partytown/proxytown
2026-05-20 09:39:48,368 [DEBUG] itemku: 📡 API: https://www.itemku.com/~partytown/proxytown
2026-05-20 09:39:48,375 [DEBUG] itemku: 📡 API: https://www.itemku.com/~partytown/proxytown
2026-05-20 09:39:48,378 [DEBUG] itemku: 📡 API: https://www.itemku.com/~partytown/proxytown
2026-05-20 09:39:48,379 [DEBUG] itemku: 📡 API: https://www.itemku.com/~partytown/proxytown
2026-05-20 09:39:48,383 [DEBUG] itemku: 📡 API: https://www.itemku.com/~partytown/proxytown
2026-05-20 09:39:48,391 [DEBUG] itemku: 📡 API: https://www.itemku.com/~partytown/proxytown
2026-05-20 09:39:48,391 [DEBUG] itemku: 📡 API: https://www.itemku.com/~partytown/proxytown
2026-05-20 09:39:48,402 [DEBUG] itemku: 📡 API: https://www.itemku.com/~partytown/proxytown
2026-05-20 09:39:48,409 [DEBUG] itemku: 📡 API: https://www.itemku.com/~partytown/proxytown
2026-05-20 09:39:48,413 [DEBUG] itemku: 📡 API: https://www.itemku.com/~partytown/proxytown
2026-05-20 09:39:48,416 [DEBUG] itemku: 📡 API: https://www.itemku.com/~partytown/proxytown
2026-05-20 09:39:48,416 [DEBUG] itemku: 📡 API: https://www.itemku.com/~partytown/proxytown
2026-05-20 09:39:48,420 [DEBUG] itemku: 📡 API: https://www.itemku.com/~partytown/proxytown
2026-05-20 09:39:48,422 [DEBUG] itemku: 📡 API: https://www.itemku.com/~partytown/proxytown
2026-05-20 09:39:48,425 [DEBUG] itemku: 📡 API: https://www.itemku.com/~partytown/proxytown
2026-05-20 09:39:48,428 [DEBUG] itemku: 📡 API: https://www.itemku.com/~partytown/proxytown
2026-05-20 09:39:48,431 [DEBUG] itemku: 📡 API: https://www.itemku.com/~partytown/proxytown
2026-05-20 09:39:48,436 [DEBUG] itemku: 📡 API: https://www.itemku.com/~partytown/proxytown
2026-05-20 09:39:48,439 [DEBUG] itemku: 📡 API: https://www.itemku.com/~partytown/proxytown
2026-05-20 09:39:48,442 [DEBUG] itemku: 📡 API: https://www.itemku.com/~partytown/proxytown
2026-05-20 09:39:48,447 [DEBUG] itemku: 📡 API: https://www.itemku.com/~partytown/proxytown
2026-05-20 09:39:48,447 [DEBUG] itemku: 📡 API: https://www.itemku.com/~partytown/proxytown
2026-05-20 09:39:48,453 [DEBUG] itemku: 📡 API: https://www.itemku.com/~partytown/proxytown
2026-05-20 09:39:48,457 [DEBUG] itemku: 📡 API: https://www.itemku.com/~partytown/proxytown
2026-05-20 09:39:48,458 [DEBUG] itemku: 📡 API: https://www.itemku.com/~partytown/proxytown
2026-05-20 09:39:48,464 [DEBUG] itemku: 📡 API: https://www.itemku.com/~partytown/proxytown
2026-05-20 09:39:48,464 [DEBUG] itemku: 📡 API: https://www.itemku.com/~partytown/proxytown
2026-05-20 09:39:48,469 [DEBUG] itemku: 📡 API: https://www.itemku.com/~partytown/proxytown
2026-05-20 09:39:48,474 [DEBUG] itemku: 📡 API: https://www.itemku.com/~partytown/proxytown
2026-05-20 09:39:48,480 [DEBUG] itemku: 📡 API: https://www.itemku.com/~partytown/proxytown
2026-05-20 09:39:48,484 [DEBUG] itemku: 📡 API: https://www.itemku.com/~partytown/proxytown
2026-05-20 09:39:48,488 [DEBUG] itemku: 📡 API: https://www.itemku.com/~partytown/proxytown
2026-05-20 09:39:48,494 [DEBUG] itemku: 📡 API: https://www.itemku.com/~partytown/proxytown
2026-05-20 09:39:48,498 [DEBUG] itemku: 📡 API: https://www.itemku.com/~partytown/proxytown
2026-05-20 09:39:48,502 [DEBUG] itemku: 📡 API: https://www.itemku.com/~partytown/proxytown
2026-05-20 09:39:48,509 [DEBUG] itemku: 📡 API: https://www.itemku.com/~partytown/proxytown
2026-05-20 09:39:48,516 [DEBUG] itemku: 📡 API: https://www.itemku.com/~partytown/proxytown
2026-05-20 09:39:48,516 [DEBUG] itemku: 📡 API: https://www.itemku.com/~partytown/proxytown
2026-05-20 09:39:48,523 [DEBUG] itemku: 📡 API: https://www.itemku.com/~partytown/proxytown
2026-05-20 09:39:48,524 [DEBUG] itemku: 📡 API: https://www.itemku.com/~partytown/proxytown
2026-05-20 09:39:48,531 [DEBUG] itemku: 📡 API: https://www.itemku.com/~partytown/proxytown
2026-05-20 09:39:48,534 [DEBUG] itemku: 📡 API: https://www.itemku.com/~partytown/proxytown
2026-05-20 09:39:48,538 [DEBUG] itemku: 📡 API: https://www.itemku.com/~partytown/proxytown
2026-05-20 09:39:48,540 [DEBUG] itemku: 📡 API: https://www.itemku.com/~partytown/proxytown
2026-05-20 09:39:48,543 [DEBUG] itemku: 📡 API: https://www.itemku.com/~partytown/proxytown
2026-05-20 09:39:48,548 [DEBUG] itemku: 📡 API: https://www.itemku.com/~partytown/proxytown
2026-05-20 09:39:48,551 [DEBUG] itemku: 📡 API: https://www.itemku.com/~partytown/proxytown
2026-05-20 09:39:48,555 [DEBUG] itemku: 📡 API: https://www.itemku.com/~partytown/proxytown
2026-05-20 09:39:48,559 [DEBUG] itemku: 📡 API: https://www.itemku.com/~partytown/proxytown
2026-05-20 09:39:48,561 [DEBUG] itemku: 📡 API: https://www.itemku.com/~partytown/proxytown
2026-05-20 09:39:48,567 [DEBUG] itemku: 📡 API: https://www.itemku.com/~partytown/proxytown
2026-05-20 09:39:48,571 [DEBUG] itemku: 📡 API: https://www.itemku.com/~partytown/proxytown
2026-05-20 09:39:48,574 [DEBUG] itemku: 📡 API: https://www.itemku.com/~partytown/proxytown
2026-05-20 09:39:48,577 [DEBUG] itemku: 📡 API: https://www.itemku.com/~partytown/proxytown
2026-05-20 09:39:48,580 [DEBUG] itemku: 📡 API: https://www.itemku.com/~partytown/proxytown
2026-05-20 09:39:48,581 [DEBUG] itemku: 📡 API: https://www.itemku.com/~partytown/proxytown
2026-05-20 09:39:48,585 [DEBUG] itemku: 📡 API: https://www.itemku.com/~partytown/proxytown
2026-05-20 09:39:48,589 [DEBUG] itemku: 📡 API: https://www.itemku.com/~partytown/proxytown
2026-05-20 09:39:48,593 [DEBUG] itemku: 📡 API: https://www.itemku.com/~partytown/proxytown
2026-05-20 09:39:48,596 [DEBUG] itemku: 📡 API: https://www.itemku.com/~partytown/proxytown
2026-05-20 09:39:48,597 [DEBUG] itemku: 📡 API: https://www.itemku.com/~partytown/proxytown
2026-05-20 09:39:48,601 [DEBUG] itemku: 📡 API: https://www.itemku.com/~partytown/proxytown
2026-05-20 09:39:48,605 [DEBUG] itemku: 📡 API: https://www.itemku.com/~partytown/proxytown
2026-05-20 09:39:48,608 [DEBUG] itemku: 📡 API: https://www.itemku.com/~partytown/proxytown
2026-05-20 09:39:48,610 [DEBUG] itemku: 📡 API: https://www.itemku.com/~partytown/proxytown
2026-05-20 09:39:48,610 [DEBUG] itemku: 📡 API: https://www.itemku.com/~partytown/proxytown
2026-05-20 09:39:48,623 [DEBUG] itemku: 📡 API: https://www.itemku.com/~partytown/proxytown
2026-05-20 09:39:48,625 [DEBUG] itemku: 📡 API: https://www.itemku.com/~partytown/proxytown
2026-05-20 09:39:48,629 [DEBUG] itemku: 📡 API: https://www.itemku.com/~partytown/proxytown
2026-05-20 09:39:48,632 [DEBUG] itemku: 📡 API: https://www.itemku.com/~partytown/proxytown
2026-05-20 09:39:48,634 [DEBUG] itemku: 📡 API: https://www.itemku.com/~partytown/proxytown
2026-05-20 09:39:48,637 [DEBUG] itemku: 📡 API: https://www.itemku.com/~partytown/proxytown
2026-05-20 09:39:48,640 [DEBUG] itemku: 📡 API: https://www.itemku.com/~partytown/proxytown
2026-05-20 09:39:48,640 [DEBUG] itemku: 📡 API: https://www.itemku.com/~partytown/proxytown
2026-05-20 09:39:48,649 [DEBUG] itemku: 📡 API: https://www.itemku.com/~partytown/proxytown
2026-05-20 09:39:48,655 [DEBUG] itemku: 📡 API: https://www.itemku.com/~partytown/proxytown
2026-05-20 09:39:48,656 [DEBUG] itemku: 📡 API: https://www.itemku.com/~partytown/proxytown
2026-05-20 09:39:48,661 [DEBUG] itemku: 📡 API: https://www.itemku.com/~partytown/proxytown
2026-05-20 09:39:48,664 [DEBUG] itemku: 📡 API: https://www.itemku.com/~partytown/proxytown
2026-05-20 09:39:48,668 [DEBUG] itemku: 📡 API: https://www.itemku.com/~partytown/proxytown
2026-05-20 09:39:48,670 [DEBUG] itemku: 📡 API: https://www.itemku.com/~partytown/proxytown
2026-05-20 09:39:48,674 [DEBUG] itemku: 📡 API: https://www.itemku.com/~partytown/proxytown
2026-05-20 09:39:48,678 [DEBUG] itemku: 📡 API: https://www.itemku.com/~partytown/proxytown
2026-05-20 09:39:48,678 [DEBUG] itemku: 📡 API: https://www.itemku.com/~partytown/proxytown
2026-05-20 09:39:48,684 [DEBUG] itemku: 📡 API: https://www.itemku.com/~partytown/proxytown
2026-05-20 09:39:48,687 [DEBUG] itemku: 📡 API: https://www.itemku.com/~partytown/proxytown
2026-05-20 09:39:48,691 [DEBUG] itemku: 📡 API: https://www.itemku.com/~partytown/proxytown
2026-05-20 09:39:48,694 [DEBUG] itemku: 📡 API: https://www.itemku.com/~partytown/proxytown
2026-05-20 09:39:48,696 [DEBUG] itemku: 📡 API: https://www.itemku.com/~partytown/proxytown
2026-05-20 09:39:48,699 [DEBUG] itemku: 📡 API: https://www.itemku.com/~partytown/proxytown
2026-05-20 09:39:48,703 [DEBUG] itemku: 📡 API: https://www.itemku.com/~partytown/proxytown
2026-05-20 09:39:48,709 [DEBUG] itemku: 📡 API: https://www.itemku.com/~partytown/proxytown
2026-05-20 09:39:48,711 [DEBUG] itemku: 📡 API: https://www.itemku.com/~partytown/proxytown
2026-05-20 09:39:48,715 [DEBUG] itemku: 📡 API: https://www.itemku.com/~partytown/proxytown
2026-05-20 09:39:48,718 [DEBUG] itemku: 📡 API: https://www.itemku.com/~partytown/proxytown
2026-05-20 09:39:48,724 [DEBUG] itemku: 📡 API: https://www.itemku.com/~partytown/proxytown
2026-05-20 09:39:48,725 [DEBUG] itemku: 📡 API: https://www.itemku.com/~partytown/proxytown
2026-05-20 09:39:48,728 [DEBUG] itemku: 📡 API: https://www.itemku.com/~partytown/proxytown
2026-05-20 09:39:48,735 [DEBUG] itemku: 📡 API: https://www.itemku.com/~partytown/proxytown
2026-05-20 09:39:48,738 [DEBUG] itemku: 📡 API: https://www.itemku.com/~partytown/proxytown
2026-05-20 09:39:48,740 [DEBUG] itemku: 📡 API: https://www.itemku.com/~partytown/proxytown
2026-05-20 09:39:48,741 [DEBUG] itemku: 📡 API: https://www.itemku.com/~partytown/proxytown
2026-05-20 09:39:48,747 [DEBUG] itemku: 📡 API: https://www.itemku.com/~partytown/proxytown
2026-05-20 09:39:48,750 [DEBUG] itemku: 📡 API: https://www.itemku.com/~partytown/proxytown
2026-05-20 09:39:48,752 [DEBUG] itemku: 📡 API: https://www.itemku.com/~partytown/proxytown
2026-05-20 09:39:48,755 [DEBUG] itemku: 📡 API: https://www.itemku.com/~partytown/proxytown
2026-05-20 09:39:48,758 [DEBUG] itemku: 📡 API: https://www.itemku.com/~partytown/proxytown
2026-05-20 09:39:48,761 [DEBUG] itemku: 📡 API: https://www.itemku.com/~partytown/proxytown
2026-05-20 09:39:48,762 [DEBUG] itemku: 📡 API: https://www.itemku.com/~partytown/proxytown
2026-05-20 09:39:48,768 [DEBUG] itemku: 📡 API: https://www.itemku.com/~partytown/proxytown
2026-05-20 09:39:48,768 [DEBUG] itemku: 📡 API: https://www.itemku.com/~partytown/proxytown
2026-05-20 09:39:48,772 [DEBUG] itemku: 📡 API: https://www.itemku.com/~partytown/proxytown
2026-05-20 09:39:48,777 [DEBUG] itemku: 📡 API: https://www.itemku.com/~partytown/proxytown
2026-05-20 09:39:48,779 [DEBUG] itemku: 📡 API: https://www.itemku.com/~partytown/proxytown
2026-05-20 09:39:48,781 [DEBUG] itemku: 📡 API: https://www.itemku.com/~partytown/proxytown
2026-05-20 09:39:48,782 [DEBUG] itemku: 📡 API: https://www.itemku.com/~partytown/proxytown
2026-05-20 09:39:48,782 [DEBUG] itemku: 📡 API: https://www.itemku.com/~partytown/proxytown
2026-05-20 09:39:48,782 [DEBUG] itemku: 📡 API: https://www.itemku.com/~partytown/proxytown
2026-05-20 09:39:48,783 [DEBUG] itemku: 📡 API: https://www.itemku.com/~partytown/proxytown
2026-05-20 09:39:48,783 [DEBUG] itemku: 📡 API: https://www.itemku.com/~partytown/proxytown
2026-05-20 09:39:48,783 [DEBUG] itemku: 📡 API: https://www.itemku.com/~partytown/proxytown
2026-05-20 09:39:48,783 [DEBUG] itemku: 📡 API: https://www.itemku.com/~partytown/proxytown
2026-05-20 09:39:48,783 [DEBUG] itemku: 📡 API: https://www.itemku.com/~partytown/proxytown
2026-05-20 09:39:57,797 [DEBUG] itemku: 📡 API: https://www.itemku.com/~partytown/proxytown
2026-05-20 09:40:01,827 [INFO] itemku: 📜 Scroll halaman...
2026-05-20 09:40:02,189 [DEBUG] itemku: 📡 API: https://www.itemku.com/~partytown/proxytown
2026-05-20 09:40:03,992 [DEBUG] itemku: 📡 API: https://www.itemku.com/~partytown/proxytown
2026-05-20 09:40:04,129 [DEBUG] itemku: 📡 API: https://www.itemku.com/~partytown/proxytown
2026-05-20 09:40:04,135 [DEBUG] itemku: 📡 API: https://www.itemku.com/~partytown/proxytown
2026-05-20 09:40:04,141 [DEBUG] itemku: 📡 API: https://www.itemku.com/~partytown/proxytown
2026-05-20 09:40:04,148 [DEBUG] itemku: 📡 API: https://www.itemku.com/~partytown/proxytown
2026-05-20 09:40:04,152 [DEBUG] itemku: 📡 API: https://www.itemku.com/~partytown/proxytown
2026-05-20 09:40:04,162 [DEBUG] itemku: 📡 API: https://www.itemku.com/~partytown/proxytown
2026-05-20 09:40:04,172 [DEBUG] itemku: 📡 API: https://www.itemku.com/~partytown/proxytown
2026-05-20 09:40:04,173 [DEBUG] itemku: 📡 API: https://www.itemku.com/~partytown/proxytown
2026-05-20 09:40:04,180 [DEBUG] itemku: 📡 API: https://www.itemku.com/~partytown/proxytown
2026-05-20 09:40:04,180 [DEBUG] itemku: 📡 API: https://www.itemku.com/~partytown/proxytown
2026-05-20 09:40:04,184 [DEBUG] itemku: 📡 API: https://www.itemku.com/~partytown/proxytown
2026-05-20 09:40:04,190 [DEBUG] itemku: 📡 API: https://www.itemku.com/~partytown/proxytown
2026-05-20 09:40:04,194 [DEBUG] itemku: 📡 API: https://www.itemku.com/~partytown/proxytown
2026-05-20 09:40:04,201 [DEBUG] itemku: 📡 API: https://www.itemku.com/~partytown/proxytown
2026-05-20 09:40:04,213 [DEBUG] itemku: 📡 API: https://www.itemku.com/~partytown/proxytown
2026-05-20 09:40:04,277 [DEBUG] itemku: 📡 API: https://www.itemku.com/~partytown/proxytown
2026-05-20 09:40:04,300 [DEBUG] itemku: 📡 API: https://www.itemku.com/~partytown/proxytown
2026-05-20 09:40:04,313 [DEBUG] itemku: 📡 API: https://www.itemku.com/~partytown/proxytown
2026-05-20 09:40:04,314 [DEBUG] itemku: 📡 API: https://www.itemku.com/~partytown/proxytown
2026-05-20 09:40:04,321 [DEBUG] itemku: 📡 API: https://www.itemku.com/~partytown/proxytown
2026-05-20 09:40:04,328 [DEBUG] itemku: 📡 API: https://www.itemku.com/~partytown/proxytown
2026-05-20 09:40:04,328 [DEBUG] itemku: 📡 API: https://www.itemku.com/~partytown/proxytown
2026-05-20 09:40:04,336 [DEBUG] itemku: 📡 API: https://www.itemku.com/~partytown/proxytown
2026-05-20 09:40:04,342 [DEBUG] itemku: 📡 API: https://www.itemku.com/~partytown/proxytown
2026-05-20 09:40:04,357 [DEBUG] itemku: 📡 API: https://www.itemku.com/~partytown/proxytown
2026-05-20 09:40:04,357 [DEBUG] itemku: 📡 API: https://www.itemku.com/~partytown/proxytown
2026-05-20 09:40:04,363 [DEBUG] itemku: 📡 API: https://www.itemku.com/~partytown/proxytown
2026-05-20 09:40:04,368 [DEBUG] itemku: 📡 API: https://www.itemku.com/~partytown/proxytown
2026-05-20 09:40:04,375 [DEBUG] itemku: 📡 API: https://www.itemku.com/~partytown/proxytown
2026-05-20 09:40:04,379 [DEBUG] itemku: 📡 API: https://www.itemku.com/~partytown/proxytown
2026-05-20 09:40:04,383 [DEBUG] itemku: 📡 API: https://www.itemku.com/~partytown/proxytown
2026-05-20 09:40:04,388 [DEBUG] itemku: 📡 API: https://www.itemku.com/~partytown/proxytown
2026-05-20 09:40:04,394 [DEBUG] itemku: 📡 API: https://www.itemku.com/~partytown/proxytown
2026-05-20 09:40:04,405 [DEBUG] itemku: 📡 API: https://www.itemku.com/~partytown/proxytown
2026-05-20 09:40:04,405 [DEBUG] itemku: 📡 API: https://www.itemku.com/~partytown/proxytown
2026-05-20 09:40:04,426 [DEBUG] itemku: 📡 API: https://www.itemku.com/~partytown/proxytown
2026-05-20 09:40:04,452 [DEBUG] itemku: 📡 API: https://www.itemku.com/~partytown/proxytown
2026-05-20 09:40:04,463 [DEBUG] itemku: 📡 API: https://www.itemku.com/~partytown/proxytown
2026-05-20 09:40:04,481 [DEBUG] itemku: 📡 API: https://www.itemku.com/~partytown/proxytown
2026-05-20 09:40:04,502 [DEBUG] itemku: 📡 API: https://www.itemku.com/~partytown/proxytown
2026-05-20 09:40:04,510 [DEBUG] itemku: 📡 API: https://www.itemku.com/~partytown/proxytown
2026-05-20 09:40:04,516 [DEBUG] itemku: 📡 API: https://www.itemku.com/~partytown/proxytown
2026-05-20 09:40:04,521 [DEBUG] itemku: 📡 API: https://www.itemku.com/~partytown/proxytown
2026-05-20 09:40:04,521 [DEBUG] itemku: 📡 API: https://www.itemku.com/~partytown/proxytown
2026-05-20 09:40:04,523 [DEBUG] itemku: 📡 API: https://www.itemku.com/~partytown/proxytown
2026-05-20 09:40:04,527 [DEBUG] itemku: 📡 API: https://www.itemku.com/~partytown/proxytown
2026-05-20 09:40:04,531 [DEBUG] itemku: 📡 API: https://www.itemku.com/~partytown/proxytown
2026-05-20 09:40:04,536 [DEBUG] itemku: 📡 API: https://www.itemku.com/~partytown/proxytown
2026-05-20 09:40:04,536 [DEBUG] itemku: 📡 API: https://www.itemku.com/~partytown/proxytown
2026-05-20 09:40:04,539 [DEBUG] itemku: 📡 API: https://www.itemku.com/~partytown/proxytown
2026-05-20 09:40:04,542 [DEBUG] itemku: 📡 API: https://www.itemku.com/~partytown/proxytown
2026-05-20 09:40:04,546 [DEBUG] itemku: 📡 API: https://www.itemku.com/~partytown/proxytown
2026-05-20 09:40:04,548 [DEBUG] itemku: 📡 API: https://www.itemku.com/~partytown/proxytown
2026-05-20 09:40:04,551 [DEBUG] itemku: 📡 API: https://www.itemku.com/~partytown/proxytown
2026-05-20 09:40:04,555 [DEBUG] itemku: 📡 API: https://www.itemku.com/~partytown/proxytown
2026-05-20 09:40:04,557 [DEBUG] itemku: 📡 API: https://www.itemku.com/~partytown/proxytown
2026-05-20 09:40:05,981 [DEBUG] itemku: 📡 API: https://www.itemku.com/~partytown/proxytown
2026-05-20 09:40:06,133 [DEBUG] itemku: 📡 API: https://www.itemku.com/~partytown/proxytown
2026-05-20 09:40:06,138 [DEBUG] itemku: 📡 API: https://www.itemku.com/~partytown/proxytown
2026-05-20 09:40:06,142 [DEBUG] itemku: 📡 API: https://www.itemku.com/~partytown/proxytown
2026-05-20 09:40:06,146 [DEBUG] itemku: 📡 API: https://www.itemku.com/~partytown/proxytown
2026-05-20 09:40:06,149 [DEBUG] itemku: 📡 API: https://www.itemku.com/~partytown/proxytown
2026-05-20 09:40:06,154 [DEBUG] itemku: 📡 API: https://www.itemku.com/~partytown/proxytown
2026-05-20 09:40:06,157 [DEBUG] itemku: 📡 API: https://www.itemku.com/~partytown/proxytown
2026-05-20 09:40:06,161 [DEBUG] itemku: 📡 API: https://www.itemku.com/~partytown/proxytown
2026-05-20 09:40:06,166 [DEBUG] itemku: 📡 API: https://www.itemku.com/~partytown/proxytown
2026-05-20 09:40:06,169 [DEBUG] itemku: 📡 API: https://www.itemku.com/~partytown/proxytown
2026-05-20 09:40:06,174 [DEBUG] itemku: 📡 API: https://www.itemku.com/~partytown/proxytown
2026-05-20 09:40:06,177 [DEBUG] itemku: 📡 API: https://www.itemku.com/~partytown/proxytown
2026-05-20 09:40:06,181 [DEBUG] itemku: 📡 API: https://www.itemku.com/~partytown/proxytown
2026-05-20 09:40:06,185 [DEBUG] itemku: 📡 API: https://www.itemku.com/~partytown/proxytown
2026-05-20 09:40:06,190 [DEBUG] itemku: 📡 API: https://www.itemku.com/~partytown/proxytown
2026-05-20 09:40:06,197 [DEBUG] itemku: 📡 API: https://www.itemku.com/~partytown/proxytown
2026-05-20 09:40:06,197 [DEBUG] itemku: 📡 API: https://www.itemku.com/~partytown/proxytown
2026-05-20 09:40:06,203 [DEBUG] itemku: 📡 API: https://www.itemku.com/~partytown/proxytown
2026-05-20 09:40:06,203 [DEBUG] itemku: 📡 API: https://www.itemku.com/~partytown/proxytown
2026-05-20 09:40:06,206 [DEBUG] itemku: 📡 API: https://www.itemku.com/~partytown/proxytown
2026-05-20 09:40:06,211 [DEBUG] itemku: 📡 API: https://www.itemku.com/~partytown/proxytown
2026-05-20 09:40:06,218 [DEBUG] itemku: 📡 API: https://www.itemku.com/~partytown/proxytown
2026-05-20 09:40:06,219 [DEBUG] itemku: 📡 API: https://www.itemku.com/~partytown/proxytown
2026-05-20 09:40:06,229 [DEBUG] itemku: 📡 API: https://www.itemku.com/~partytown/proxytown
2026-05-20 09:40:06,230 [DEBUG] itemku: 📡 API: https://www.itemku.com/~partytown/proxytown
2026-05-20 09:40:06,232 [DEBUG] itemku: 📡 API: https://www.itemku.com/~partytown/proxytown
2026-05-20 09:40:06,237 [DEBUG] itemku: 📡 API: https://www.itemku.com/~partytown/proxytown
2026-05-20 09:40:06,237 [DEBUG] itemku: 📡 API: https://www.itemku.com/~partytown/proxytown
2026-05-20 09:40:06,242 [DEBUG] itemku: 📡 API: https://www.itemku.com/~partytown/proxytown
2026-05-20 09:40:06,245 [DEBUG] itemku: 📡 API: https://www.itemku.com/~partytown/proxytown
2026-05-20 09:40:06,248 [DEBUG] itemku: 📡 API: https://www.itemku.com/~partytown/proxytown
2026-05-20 09:40:06,252 [DEBUG] itemku: 📡 API: https://www.itemku.com/~partytown/proxytown
2026-05-20 09:40:06,258 [DEBUG] itemku: 📡 API: https://www.itemku.com/~partytown/proxytown
2026-05-20 09:40:06,262 [DEBUG] itemku: 📡 API: https://www.itemku.com/~partytown/proxytown
2026-05-20 09:40:06,266 [DEBUG] itemku: 📡 API: https://www.itemku.com/~partytown/proxytown
2026-05-20 09:40:06,266 [DEBUG] itemku: 📡 API: https://www.itemku.com/~partytown/proxytown
2026-05-20 09:40:06,271 [DEBUG] itemku: 📡 API: https://www.itemku.com/~partytown/proxytown
2026-05-20 09:40:06,277 [DEBUG] itemku: 📡 API: https://www.itemku.com/~partytown/proxytown
2026-05-20 09:40:06,280 [DEBUG] itemku: 📡 API: https://www.itemku.com/~partytown/proxytown
2026-05-20 09:40:06,280 [DEBUG] itemku: 📡 API: https://www.itemku.com/~partytown/proxytown
2026-05-20 09:40:06,285 [DEBUG] itemku: 📡 API: https://www.itemku.com/~partytown/proxytown
2026-05-20 09:40:06,292 [DEBUG] itemku: 📡 API: https://www.itemku.com/~partytown/proxytown
2026-05-20 09:40:06,292 [DEBUG] itemku: 📡 API: https://www.itemku.com/~partytown/proxytown
2026-05-20 09:40:06,295 [DEBUG] itemku: 📡 API: https://www.itemku.com/~partytown/proxytown
2026-05-20 09:40:06,299 [DEBUG] itemku: 📡 API: https://www.itemku.com/~partytown/proxytown
2026-05-20 09:40:06,303 [DEBUG] itemku: 📡 API: https://www.itemku.com/~partytown/proxytown
2026-05-20 09:40:06,306 [DEBUG] itemku: 📡 API: https://www.itemku.com/~partytown/proxytown
2026-05-20 09:40:06,310 [DEBUG] itemku: 📡 API: https://www.itemku.com/~partytown/proxytown
2026-05-20 09:40:06,314 [DEBUG] itemku: 📡 API: https://www.itemku.com/~partytown/proxytown
2026-05-20 09:40:06,322 [DEBUG] itemku: 📡 API: https://www.itemku.com/~partytown/proxytown
2026-05-20 09:40:06,322 [DEBUG] itemku: 📡 API: https://www.itemku.com/~partytown/proxytown
2026-05-20 09:40:06,328 [DEBUG] itemku: 📡 API: https://www.itemku.com/~partytown/proxytown
2026-05-20 09:40:06,328 [DEBUG] itemku: 📡 API: https://www.itemku.com/~partytown/proxytown
2026-05-20 09:40:06,332 [DEBUG] itemku: 📡 API: https://www.itemku.com/~partytown/proxytown
2026-05-20 09:40:06,334 [DEBUG] itemku: 📡 API: https://www.itemku.com/~partytown/proxytown
2026-05-20 09:40:06,335 [DEBUG] itemku: 📡 API: https://www.itemku.com/~partytown/proxytown
2026-05-20 09:40:08,170 [DEBUG] itemku: 📡 API: https://www.itemku.com/~partytown/proxytown
2026-05-20 09:40:08,187 [DEBUG] itemku: 📡 API: https://www.itemku.com/~partytown/proxytown
2026-05-20 09:40:08,196 [DEBUG] itemku: 📡 API: https://www.itemku.com/~partytown/proxytown
2026-05-20 09:40:08,208 [DEBUG] itemku: 📡 API: https://www.itemku.com/~partytown/proxytown
2026-05-20 09:40:08,216 [DEBUG] itemku: 📡 API: https://www.itemku.com/~partytown/proxytown
2026-05-20 09:40:08,225 [DEBUG] itemku: 📡 API: https://www.itemku.com/~partytown/proxytown
2026-05-20 09:40:08,234 [DEBUG] itemku: 📡 API: https://www.itemku.com/~partytown/proxytown
2026-05-20 09:40:08,243 [DEBUG] itemku: 📡 API: https://www.itemku.com/~partytown/proxytown
2026-05-20 09:40:08,251 [DEBUG] itemku: 📡 API: https://www.itemku.com/~partytown/proxytown
2026-05-20 09:40:08,262 [DEBUG] itemku: 📡 API: https://www.itemku.com/~partytown/proxytown
2026-05-20 09:40:08,271 [DEBUG] itemku: 📡 API: https://www.itemku.com/~partytown/proxytown
2026-05-20 09:40:08,278 [DEBUG] itemku: 📡 API: https://www.itemku.com/~partytown/proxytown
2026-05-20 09:40:08,282 [DEBUG] itemku: 📡 API: https://www.itemku.com/~partytown/proxytown
2026-05-20 09:40:08,291 [DEBUG] itemku: 📡 API: https://www.itemku.com/~partytown/proxytown
2026-05-20 09:40:08,294 [DEBUG] itemku: 📡 API: https://www.itemku.com/~partytown/proxytown
2026-05-20 09:40:08,299 [DEBUG] itemku: 📡 API: https://www.itemku.com/~partytown/proxytown
2026-05-20 09:40:08,303 [DEBUG] itemku: 📡 API: https://www.itemku.com/~partytown/proxytown
2026-05-20 09:40:08,306 [DEBUG] itemku: 📡 API: https://www.itemku.com/~partytown/proxytown
2026-05-20 09:40:08,310 [DEBUG] itemku: 📡 API: https://www.itemku.com/~partytown/proxytown
2026-05-20 09:40:08,312 [DEBUG] itemku: 📡 API: https://www.itemku.com/~partytown/proxytown
2026-05-20 09:40:08,316 [DEBUG] itemku: 📡 API: https://www.itemku.com/~partytown/proxytown
2026-05-20 09:40:08,320 [DEBUG] itemku: 📡 API: https://www.itemku.com/~partytown/proxytown
2026-05-20 09:40:08,324 [DEBUG] itemku: 📡 API: https://www.itemku.com/~partytown/proxytown
2026-05-20 09:40:08,327 [DEBUG] itemku: 📡 API: https://www.itemku.com/~partytown/proxytown
2026-05-20 09:40:08,329 [DEBUG] itemku: 📡 API: https://www.itemku.com/~partytown/proxytown
2026-05-20 09:40:08,334 [DEBUG] itemku: 📡 API: https://www.itemku.com/~partytown/proxytown
2026-05-20 09:40:08,338 [DEBUG] itemku: 📡 API: https://www.itemku.com/~partytown/proxytown
2026-05-20 09:40:08,341 [DEBUG] itemku: 📡 API: https://www.itemku.com/~partytown/proxytown
2026-05-20 09:40:08,345 [DEBUG] itemku: 📡 API: https://www.itemku.com/~partytown/proxytown
2026-05-20 09:40:08,350 [DEBUG] itemku: 📡 API: https://www.itemku.com/~partytown/proxytown
2026-05-20 09:40:08,357 [DEBUG] itemku: 📡 API: https://www.itemku.com/~partytown/proxytown
2026-05-20 09:40:08,357 [DEBUG] itemku: 📡 API: https://www.itemku.com/~partytown/proxytown
2026-05-20 09:40:08,366 [DEBUG] itemku: 📡 API: https://www.itemku.com/~partytown/proxytown
2026-05-20 09:40:08,366 [DEBUG] itemku: 📡 API: https://www.itemku.com/~partytown/proxytown
2026-05-20 09:40:08,370 [DEBUG] itemku: 📡 API: https://www.itemku.com/~partytown/proxytown
2026-05-20 09:40:08,374 [DEBUG] itemku: 📡 API: https://www.itemku.com/~partytown/proxytown
2026-05-20 09:40:08,379 [DEBUG] itemku: 📡 API: https://www.itemku.com/~partytown/proxytown
2026-05-20 09:40:08,385 [DEBUG] itemku: 📡 API: https://www.itemku.com/~partytown/proxytown
2026-05-20 09:40:08,390 [DEBUG] itemku: 📡 API: https://www.itemku.com/~partytown/proxytown
2026-05-20 09:40:08,396 [DEBUG] itemku: 📡 API: https://www.itemku.com/~partytown/proxytown
2026-05-20 09:40:08,396 [DEBUG] itemku: 📡 API: https://www.itemku.com/~partytown/proxytown
2026-05-20 09:40:08,399 [DEBUG] itemku: 📡 API: https://www.itemku.com/~partytown/proxytown
2026-05-20 09:40:08,403 [DEBUG] itemku: 📡 API: https://www.itemku.com/~partytown/proxytown
2026-05-20 09:40:08,406 [DEBUG] itemku: 📡 API: https://www.itemku.com/~partytown/proxytown
2026-05-20 09:40:08,409 [DEBUG] itemku: 📡 API: https://www.itemku.com/~partytown/proxytown
2026-05-20 09:40:08,413 [DEBUG] itemku: 📡 API: https://www.itemku.com/~partytown/proxytown
2026-05-20 09:40:08,418 [DEBUG] itemku: 📡 API: https://www.itemku.com/~partytown/proxytown
2026-05-20 09:40:08,420 [DEBUG] itemku: 📡 API: https://www.itemku.com/~partytown/proxytown
2026-05-20 09:40:08,423 [DEBUG] itemku: 📡 API: https://www.itemku.com/~partytown/proxytown
2026-05-20 09:40:08,426 [DEBUG] itemku: 📡 API: https://www.itemku.com/~partytown/proxytown
2026-05-20 09:40:08,431 [DEBUG] itemku: 📡 API: https://www.itemku.com/~partytown/proxytown
2026-05-20 09:40:08,434 [DEBUG] itemku: 📡 API: https://www.itemku.com/~partytown/proxytown
2026-05-20 09:40:08,439 [DEBUG] itemku: 📡 API: https://www.itemku.com/~partytown/proxytown
2026-05-20 09:40:08,444 [DEBUG] itemku: 📡 API: https://www.itemku.com/~partytown/proxytown
2026-05-20 09:40:08,445 [DEBUG] itemku: 📡 API: https://www.itemku.com/~partytown/proxytown
2026-05-20 09:40:08,446 [DEBUG] itemku: 📡 API: https://www.itemku.com/~partytown/proxytown
2026-05-20 09:40:10,157 [DEBUG] itemku: 📡 API: https://www.itemku.com/~partytown/proxytown
2026-05-20 09:40:10,167 [DEBUG] itemku: 📡 API: https://www.itemku.com/~partytown/proxytown
2026-05-20 09:40:10,174 [DEBUG] itemku: 📡 API: https://www.itemku.com/~partytown/proxytown
2026-05-20 09:40:10,179 [DEBUG] itemku: 📡 API: https://www.itemku.com/~partytown/proxytown
2026-05-20 09:40:10,184 [DEBUG] itemku: 📡 API: https://www.itemku.com/~partytown/proxytown
2026-05-20 09:40:10,188 [DEBUG] itemku: 📡 API: https://www.itemku.com/~partytown/proxytown
2026-05-20 09:40:10,193 [DEBUG] itemku: 📡 API: https://www.itemku.com/~partytown/proxytown
2026-05-20 09:40:10,198 [DEBUG] itemku: 📡 API: https://www.itemku.com/~partytown/proxytown
2026-05-20 09:40:10,202 [DEBUG] itemku: 📡 API: https://www.itemku.com/~partytown/proxytown
2026-05-20 09:40:10,206 [DEBUG] itemku: 📡 API: https://www.itemku.com/~partytown/proxytown
2026-05-20 09:40:10,212 [DEBUG] itemku: 📡 API: https://www.itemku.com/~partytown/proxytown
2026-05-20 09:40:10,216 [DEBUG] itemku: 📡 API: https://www.itemku.com/~partytown/proxytown
2026-05-20 09:40:10,225 [DEBUG] itemku: 📡 API: https://www.itemku.com/~partytown/proxytown
2026-05-20 09:40:10,229 [DEBUG] itemku: 📡 API: https://www.itemku.com/~partytown/proxytown
2026-05-20 09:40:10,234 [DEBUG] itemku: 📡 API: https://www.itemku.com/~partytown/proxytown
2026-05-20 09:40:10,241 [DEBUG] itemku: 📡 API: https://www.itemku.com/~partytown/proxytown
2026-05-20 09:40:10,244 [DEBUG] itemku: 📡 API: https://www.itemku.com/~partytown/proxytown
2026-05-20 09:40:10,250 [DEBUG] itemku: 📡 API: https://www.itemku.com/~partytown/proxytown
2026-05-20 09:40:10,254 [DEBUG] itemku: 📡 API: https://www.itemku.com/~partytown/proxytown
2026-05-20 09:40:10,260 [DEBUG] itemku: 📡 API: https://www.itemku.com/~partytown/proxytown
2026-05-20 09:40:10,264 [DEBUG] itemku: 📡 API: https://www.itemku.com/~partytown/proxytown
2026-05-20 09:40:10,268 [DEBUG] itemku: 📡 API: https://www.itemku.com/~partytown/proxytown
2026-05-20 09:40:10,271 [DEBUG] itemku: 📡 API: https://www.itemku.com/~partytown/proxytown
2026-05-20 09:40:10,276 [DEBUG] itemku: 📡 API: https://www.itemku.com/~partytown/proxytown
2026-05-20 09:40:10,279 [DEBUG] itemku: 📡 API: https://www.itemku.com/~partytown/proxytown
2026-05-20 09:40:10,284 [DEBUG] itemku: 📡 API: https://www.itemku.com/~partytown/proxytown
2026-05-20 09:40:10,288 [DEBUG] itemku: 📡 API: https://www.itemku.com/~partytown/proxytown
2026-05-20 09:40:10,293 [DEBUG] itemku: 📡 API: https://www.itemku.com/~partytown/proxytown
2026-05-20 09:40:10,297 [DEBUG] itemku: 📡 API: https://www.itemku.com/~partytown/proxytown
2026-05-20 09:40:10,302 [DEBUG] itemku: 📡 API: https://www.itemku.com/~partytown/proxytown
2026-05-20 09:40:10,308 [DEBUG] itemku: 📡 API: https://www.itemku.com/~partytown/proxytown
2026-05-20 09:40:10,317 [DEBUG] itemku: 📡 API: https://www.itemku.com/~partytown/proxytown
2026-05-20 09:40:10,317 [DEBUG] itemku: 📡 API: https://www.itemku.com/~partytown/proxytown
2026-05-20 09:40:10,320 [DEBUG] itemku: 📡 API: https://www.itemku.com/~partytown/proxytown
2026-05-20 09:40:10,325 [DEBUG] itemku: 📡 API: https://www.itemku.com/~partytown/proxytown
2026-05-20 09:40:10,330 [DEBUG] itemku: 📡 API: https://www.itemku.com/~partytown/proxytown
2026-05-20 09:40:10,334 [DEBUG] itemku: 📡 API: https://www.itemku.com/~partytown/proxytown
2026-05-20 09:40:10,340 [DEBUG] itemku: 📡 API: https://www.itemku.com/~partytown/proxytown
2026-05-20 09:40:10,349 [DEBUG] itemku: 📡 API: https://www.itemku.com/~partytown/proxytown
2026-05-20 09:40:10,349 [DEBUG] itemku: 📡 API: https://www.itemku.com/~partytown/proxytown
2026-05-20 09:40:10,359 [DEBUG] itemku: 📡 API: https://www.itemku.com/~partytown/proxytown
2026-05-20 09:40:10,360 [DEBUG] itemku: 📡 API: https://www.itemku.com/~partytown/proxytown
2026-05-20 09:40:10,363 [DEBUG] itemku: 📡 API: https://www.itemku.com/~partytown/proxytown
2026-05-20 09:40:10,368 [DEBUG] itemku: 📡 API: https://www.itemku.com/~partytown/proxytown
2026-05-20 09:40:10,376 [DEBUG] itemku: 📡 API: https://www.itemku.com/~partytown/proxytown
2026-05-20 09:40:10,380 [DEBUG] itemku: 📡 API: https://www.itemku.com/~partytown/proxytown
2026-05-20 09:40:10,384 [DEBUG] itemku: 📡 API: https://www.itemku.com/~partytown/proxytown
2026-05-20 09:40:10,384 [DEBUG] itemku: 📡 API: https://www.itemku.com/~partytown/proxytown
2026-05-20 09:40:10,391 [DEBUG] itemku: 📡 API: https://www.itemku.com/~partytown/proxytown
2026-05-20 09:40:10,396 [DEBUG] itemku: 📡 API: https://www.itemku.com/~partytown/proxytown
2026-05-20 09:40:10,399 [DEBUG] itemku: 📡 API: https://www.itemku.com/~partytown/proxytown
2026-05-20 09:40:10,403 [DEBUG] itemku: 📡 API: https://www.itemku.com/~partytown/proxytown
2026-05-20 09:40:10,403 [DEBUG] itemku: 📡 API: https://www.itemku.com/~partytown/proxytown
2026-05-20 09:40:10,410 [DEBUG] itemku: 📡 API: https://www.itemku.com/~partytown/proxytown
2026-05-20 09:40:10,413 [DEBUG] itemku: 📡 API: https://www.itemku.com/~partytown/proxytown
2026-05-20 09:40:10,415 [DEBUG] itemku: 📡 API: https://www.itemku.com/~partytown/proxytown
2026-05-20 09:40:11,938 [INFO] itemku: 💾 Simpan debug...
2026-05-20 09:40:12,453 [DEBUG] itemku: 📡 API: https://www.itemku.com/~partytown/proxytown
2026-05-20 09:40:14,334 [INFO] itemku: 📸 Screenshot tersimpan
2026-05-20 09:40:14,335 [INFO] itemku: 📡 API tertangkap: 576
2026-05-20 09:40:14,336 [INFO] itemku: ✅ Produk dari API: 13
2026-05-20 09:40:14,427 [INFO] itemku: 📦 Total produk: 13
2026-05-20 09:40:14,428 [DEBUG] itemku: ⏳ Delay 2.1s...
2026-05-20 09:40:17,035 [INFO] itemku: 🔒 Browser ditutup
2026-05-20 09:41:17,376 [INFO] run: ============================================================
2026-05-20 09:41:17,376 [INFO] run: 🚀 ITEMKU SCRAPER → LARAVEL SEEDER
2026-05-20 09:41:17,377 [INFO] run: ============================================================
2026-05-20 09:41:17,377 [INFO] run: 👤 Seller User ID  : 1
2026-05-20 09:41:17,377 [INFO] run: 🎯 Kategori target : mobile-legends, free-fire, pubg-mobile
2026-05-20 09:41:17,377 [INFO] run: 📂 Output folder   : C:\TB SBD\TB-K1-Database\lapak_gaming\database\seeders
2026-05-20 09:41:17,377 [INFO] run: 
📡 Memulai scraping...
2026-05-20 09:41:18,252 [INFO] itemku: 🌐 Browser berhasil dijalankan
2026-05-20 09:41:18,252 [INFO] itemku: 
============================================================
2026-05-20 09:41:18,253 [INFO] itemku: 📂 KATEGORI: mobile-legends
2026-05-20 09:41:18,253 [INFO] itemku: ============================================================
2026-05-20 09:41:18,253 [INFO] itemku: 🔍 Scrape kategori:
2026-05-20 09:41:18,254 [INFO] itemku:    URL: https://www.itemku.com/c/mobile-legends
2026-05-20 09:41:21,694 [DEBUG] itemku: 📡 API: https://www.itemku.com/_next/data/ox5kkx6ecmuea2igmr6vx/c/tipe-produk.json
2026-05-20 09:41:21,754 [DEBUG] itemku: 📡 API: https://www.itemku.com/~partytown/proxytown
2026-05-20 09:41:21,783 [DEBUG] itemku: 📡 API: https://www.itemku.com/~partytown/proxytown
2026-05-20 09:41:21,783 [DEBUG] itemku: 📡 API: https://www.itemku.com/~partytown/proxytown
2026-05-20 09:41:21,784 [DEBUG] itemku: 📡 API: https://www.itemku.com/~partytown/proxytown
2026-05-20 09:41:22,067 [DEBUG] itemku: 📡 API: https://www.itemku.com/~partytown/proxytown
2026-05-20 09:41:22,074 [DEBUG] itemku: 📡 API: https://www.itemku.com/~partytown/proxytown
2026-05-20 09:41:22,080 [DEBUG] itemku: 📡 API: https://www.itemku.com/~partytown/proxytown
2026-05-20 09:41:22,081 [DEBUG] itemku: 📡 API: https://www.itemku.com/~partytown/proxytown
2026-05-20 09:41:22,779 [DEBUG] itemku: 📡 API: https://api-gateway.itemku.com/v1/user-region-data
2026-05-20 09:41:22,787 [DEBUG] itemku: 📡 API: https://api-gateway.itemku.com/v1/currency/detail
2026-05-20 09:41:22,787 [DEBUG] itemku: 📡 API: https://api-gateway.itemku.com/v1/foreign-exchange/bulk-rate?source_currency=idr
2026-05-20 09:41:22,787 [DEBUG] itemku: 📡 API: https://api-gateway.itemku.com/v1/metadata/icon-placeholder-mobile-payment
2026-05-20 09:41:22,788 [DEBUG] itemku: 📡 API: https://api-gateway.itemku.com/v1/expansion-country?sort=sequence
2026-05-20 09:41:22,788 [DEBUG] itemku: 📡 API: https://api-gateway.itemku.com/v1/config/feature/product
2026-05-20 09:41:22,788 [DEBUG] itemku: 📡 API: https://api-gateway.itemku.com/v1/popup-banner?country_codes[]=id
2026-05-20 09:41:22,788 [DEBUG] itemku: 📡 API: https://api-gateway.itemku.com/v1/user-location
2026-05-20 09:41:22,790 [DEBUG] itemku: 📡 API: https://api-gateway.itemku.com/v1/config
2026-05-20 09:41:22,797 [DEBUG] itemku: 📡 API: https://www.itemku.com/~partytown/proxytown
2026-05-20 09:41:22,804 [DEBUG] itemku: 📡 API: https://script.crazyegg.com/pages/data-scripts/0113/7987/site/www.itemku.com.json?t=1
2026-05-20 09:41:22,813 [DEBUG] itemku: 📡 API: https://api-gateway.itemku.com/v1/popup-banner?country_codes[]=id
2026-05-20 09:41:22,814 [DEBUG] itemku: 📡 API: https://api-gateway.itemku.com/v1/config/feature/product
2026-05-20 09:41:22,821 [DEBUG] itemku: 📡 API: https://www.itemku.com/~partytown/proxytown
2026-05-20 09:41:22,862 [DEBUG] itemku: 📡 API: https://www.itemku.com/~partytown/proxytown
2026-05-20 09:41:22,869 [DEBUG] itemku: 📡 API: https://www.itemku.com/~partytown/proxytown
2026-05-20 09:41:22,915 [DEBUG] itemku: 📡 API: https://www.itemku.com/~partytown/proxytown
2026-05-20 09:41:22,917 [DEBUG] itemku: 📡 API: https://www.itemku.com/~partytown/proxytown
2026-05-20 09:41:22,927 [DEBUG] itemku: 📡 API: https://www.itemku.com/~partytown/proxytown
2026-05-20 09:41:22,929 [DEBUG] itemku: 📡 API: https://www.itemku.com/~partytown/proxytown
2026-05-20 09:41:22,933 [DEBUG] itemku: 📡 API: https://www.itemku.com/~partytown/proxytown
2026-05-20 09:41:22,934 [DEBUG] itemku: 📡 API: https://www.itemku.com/~partytown/proxytown
2026-05-20 09:41:23,363 [DEBUG] itemku: 📡 API: https://api-gateway.itemku.com/v1/bottom-navigation-content?country_code=id
2026-05-20 09:41:23,368 [DEBUG] itemku: 📡 API: https://api-gateway.itemku.com/v1/product/game-list?per_page=5&sort=latest&country_codes[]=id&utm_src=csr_c2c&is_exclusive=false
2026-05-20 09:41:23,449 [DEBUG] itemku: 📡 API: https://www.itemku.com/~partytown/proxytown
2026-05-20 09:41:23,453 [DEBUG] itemku: 📡 API: https://www.itemku.com/~partytown/proxytown
2026-05-20 09:41:23,454 [DEBUG] itemku: 📡 API: https://www.itemku.com/~partytown/proxytown
2026-05-20 09:41:23,473 [DEBUG] itemku: 📡 API: https://api-gateway.itemku.com/v1/product/game-category?country_codes[]=id&slug=mobile-game&is_exclude_empty_game_category_lists=true&per_page=50&is_exclusive=false
2026-05-20 09:41:23,475 [DEBUG] itemku: 📡 API: https://script.crazyegg.com/pages/data-scripts/0113/7987/sampling/www.itemku.com.json?t=1
2026-05-20 09:41:23,478 [DEBUG] itemku: 📡 API: https://www.itemku.com/~partytown/proxytown
2026-05-20 09:41:23,532 [DEBUG] itemku: 📡 API: https://api-gateway.itemku.com/v1/product/game-category-popular?per_page=50&is_exclude_empty_game_category_lists=1&country_codes[]=id&type=1&usecache=false&is_category_v2=true&is_exclusive=false
2026-05-20 09:41:23,538 [DEBUG] itemku: 📡 API: https://www.itemku.com/~partytown/proxytown
2026-05-20 09:41:23,767 [DEBUG] itemku: 📡 API: https://files.itemku.com/language/id.json
2026-05-20 09:41:23,769 [DEBUG] itemku: 📡 API: https://www.itemku.com/~partytown/proxytown
2026-05-20 09:41:23,769 [DEBUG] itemku: 📡 API: https://www.itemku.com/~partytown/proxytown
2026-05-20 09:41:23,770 [DEBUG] itemku: 📡 API: https://www.itemku.com/~partytown/proxytown
2026-05-20 09:41:23,770 [DEBUG] itemku: 📡 API: https://www.itemku.com/~partytown/proxytown
2026-05-20 09:41:23,770 [DEBUG] itemku: 📡 API: https://www.itemku.com/~partytown/proxytown
2026-05-20 09:41:23,770 [DEBUG] itemku: 📡 API: https://www.itemku.com/~partytown/proxytown
2026-05-20 09:41:23,771 [DEBUG] itemku: 📡 API: https://www.itemku.com/~partytown/proxytown
2026-05-20 09:41:23,771 [DEBUG] itemku: 📡 API: https://www.itemku.com/~partytown/proxytown
2026-05-20 09:41:23,771 [DEBUG] itemku: 📡 API: https://www.itemku.com/~partytown/proxytown
2026-05-20 09:41:23,771 [DEBUG] itemku: 📡 API: https://www.itemku.com/~partytown/proxytown
2026-05-20 09:41:23,772 [DEBUG] itemku: 📡 API: https://www.itemku.com/~partytown/proxytown
2026-05-20 09:41:23,772 [DEBUG] itemku: 📡 API: https://www.itemku.com/~partytown/proxytown
2026-05-20 09:41:23,772 [DEBUG] itemku: 📡 API: https://www.itemku.com/~partytown/proxytown
2026-05-20 09:41:23,772 [DEBUG] itemku: 📡 API: https://www.itemku.com/~partytown/proxytown
2026-05-20 09:41:23,772 [DEBUG] itemku: 📡 API: https://www.itemku.com/~partytown/proxytown
2026-05-20 09:41:23,772 [DEBUG] itemku: 📡 API: https://www.itemku.com/~partytown/proxytown
2026-05-20 09:41:23,772 [DEBUG] itemku: 📡 API: https://www.itemku.com/~partytown/proxytown
2026-05-20 09:41:23,772 [DEBUG] itemku: 📡 API: https://www.itemku.com/~partytown/proxytown
2026-05-20 09:41:23,772 [DEBUG] itemku: 📡 API: https://www.itemku.com/~partytown/proxytown
2026-05-20 09:41:23,854 [DEBUG] itemku: 📡 API: https://api-gateway.itemku.com/v1/expansion-country?sort=sequence
2026-05-20 09:41:23,855 [DEBUG] itemku: 📡 API: https://api-gateway.itemku.com/v1/metadata/icon-placeholder-mobile-payment
2026-05-20 09:41:23,874 [DEBUG] itemku: 📡 API: https://www.itemku.com/~partytown/proxytown
2026-05-20 09:41:23,900 [DEBUG] itemku: 📡 API: https://www.itemku.com/~partytown/proxytown
2026-05-20 09:41:23,946 [DEBUG] itemku: 📡 API: https://www.itemku.com/~partytown/proxytown
2026-05-20 09:41:23,952 [DEBUG] itemku: 📡 API: https://www.itemku.com/~partytown/proxytown
2026-05-20 09:41:23,959 [DEBUG] itemku: 📡 API: https://www.itemku.com/~partytown/proxytown
2026-05-20 09:41:23,965 [DEBUG] itemku: 📡 API: https://www.itemku.com/~partytown/proxytown
2026-05-20 09:41:23,968 [DEBUG] itemku: 📡 API: https://www.itemku.com/~partytown/proxytown
2026-05-20 09:41:23,970 [DEBUG] itemku: 📡 API: https://www.itemku.com/~partytown/proxytown
2026-05-20 09:41:23,972 [DEBUG] itemku: 📡 API: https://www.itemku.com/~partytown/proxytown
2026-05-20 09:41:23,976 [DEBUG] itemku: 📡 API: https://www.itemku.com/~partytown/proxytown
2026-05-20 09:41:23,978 [DEBUG] itemku: 📡 API: https://www.itemku.com/~partytown/proxytown
2026-05-20 09:41:23,987 [DEBUG] itemku: 📡 API: https://www.itemku.com/~partytown/proxytown
2026-05-20 09:41:23,987 [DEBUG] itemku: 📡 API: https://www.itemku.com/~partytown/proxytown
2026-05-20 09:41:23,996 [DEBUG] itemku: 📡 API: https://api-gateway.itemku.com/v1/product/game-list?per_page=5&sort=latest&country_codes[]=id&utm_src=csr_c2c&is_exclusive=false
2026-05-20 09:41:23,999 [DEBUG] itemku: 📡 API: https://www.itemku.com/~partytown/proxytown
2026-05-20 09:41:24,013 [DEBUG] itemku: 📡 API: https://www.itemku.com/~partytown/proxytown
2026-05-20 09:41:24,023 [DEBUG] itemku: 📡 API: https://www.itemku.com/~partytown/proxytown
2026-05-20 09:41:24,026 [DEBUG] itemku: 📡 API: https://www.itemku.com/~partytown/proxytown
2026-05-20 09:41:24,031 [DEBUG] itemku: 📡 API: https://www.itemku.com/~partytown/proxytown
2026-05-20 09:41:24,034 [DEBUG] itemku: 📡 API: https://www.itemku.com/~partytown/proxytown
2026-05-20 09:41:24,036 [DEBUG] itemku: 📡 API: https://www.itemku.com/~partytown/proxytown
2026-05-20 09:41:24,042 [DEBUG] itemku: 📡 API: https://www.itemku.com/~partytown/proxytown
2026-05-20 09:41:24,044 [DEBUG] itemku: 📡 API: https://www.itemku.com/~partytown/proxytown
2026-05-20 09:41:24,045 [DEBUG] itemku: 📡 API: https://www.itemku.com/~partytown/proxytown
2026-05-20 09:41:24,048 [DEBUG] itemku: 📡 API: https://www.itemku.com/~partytown/proxytown
2026-05-20 09:41:24,048 [DEBUG] itemku: 📡 API: https://www.itemku.com/~partytown/proxytown
2026-05-20 09:41:24,050 [DEBUG] itemku: 📡 API: https://www.itemku.com/~partytown/proxytown
2026-05-20 09:41:24,050 [DEBUG] itemku: 📡 API: https://www.itemku.com/~partytown/proxytown
2026-05-20 09:41:24,050 [DEBUG] itemku: 📡 API: https://www.itemku.com/~partytown/proxytown
2026-05-20 09:41:24,051 [DEBUG] itemku: 📡 API: https://www.itemku.com/~partytown/proxytown
2026-05-20 09:41:24,072 [DEBUG] itemku: 📡 API: https://www.itemku.com/~partytown/proxytown
2026-05-20 09:41:24,073 [DEBUG] itemku: 📡 API: https://www.itemku.com/~partytown/proxytown
2026-05-20 09:41:24,082 [DEBUG] itemku: 📡 API: https://www.itemku.com/~partytown/proxytown
2026-05-20 09:41:24,099 [DEBUG] itemku: 📡 API: https://www.itemku.com/~partytown/proxytown
2026-05-20 09:41:24,115 [DEBUG] itemku: 📡 API: https://www.itemku.com/~partytown/proxytown
2026-05-20 09:41:24,123 [DEBUG] itemku: 📡 API: https://www.itemku.com/~partytown/proxytown
2026-05-20 09:41:24,132 [DEBUG] itemku: 📡 API: https://www.itemku.com/~partytown/proxytown
2026-05-20 09:41:24,136 [DEBUG] itemku: 📡 API: https://www.itemku.com/~partytown/proxytown
2026-05-20 09:41:24,148 [DEBUG] itemku: 📡 API: https://www.itemku.com/~partytown/proxytown
2026-05-20 09:41:24,151 [DEBUG] itemku: 📡 API: https://www.itemku.com/~partytown/proxytown
2026-05-20 09:41:24,157 [DEBUG] itemku: 📡 API: https://www.itemku.com/~partytown/proxytown
2026-05-20 09:41:24,163 [DEBUG] itemku: 📡 API: https://www.itemku.com/~partytown/proxytown
2026-05-20 09:41:24,173 [DEBUG] itemku: 📡 API: https://www.itemku.com/~partytown/proxytown
2026-05-20 09:41:24,180 [DEBUG] itemku: 📡 API: https://www.itemku.com/~partytown/proxytown
2026-05-20 09:41:24,184 [DEBUG] itemku: 📡 API: https://www.itemku.com/~partytown/proxytown
2026-05-20 09:41:24,189 [DEBUG] itemku: 📡 API: https://www.itemku.com/~partytown/proxytown
2026-05-20 09:41:24,194 [DEBUG] itemku: 📡 API: https://www.itemku.com/~partytown/proxytown
2026-05-20 09:41:24,201 [DEBUG] itemku: 📡 API: https://www.itemku.com/~partytown/proxytown
2026-05-20 09:41:24,206 [DEBUG] itemku: 📡 API: https://www.itemku.com/~partytown/proxytown
2026-05-20 09:41:24,210 [DEBUG] itemku: 📡 API: https://www.itemku.com/~partytown/proxytown
2026-05-20 09:41:24,215 [DEBUG] itemku: 📡 API: https://www.itemku.com/~partytown/proxytown
2026-05-20 09:41:24,227 [DEBUG] itemku: 📡 API: https://www.itemku.com/~partytown/proxytown
2026-05-20 09:41:24,231 [DEBUG] itemku: 📡 API: https://www.itemku.com/~partytown/proxytown
2026-05-20 09:41:24,234 [DEBUG] itemku: 📡 API: https://www.itemku.com/~partytown/proxytown
2026-05-20 09:41:24,241 [DEBUG] itemku: 📡 API: https://www.itemku.com/~partytown/proxytown
2026-05-20 09:41:24,245 [DEBUG] itemku: 📡 API: https://www.itemku.com/~partytown/proxytown
2026-05-20 09:41:24,253 [DEBUG] itemku: 📡 API: https://www.itemku.com/~partytown/proxytown
2026-05-20 09:41:24,254 [DEBUG] itemku: 📡 API: https://www.itemku.com/~partytown/proxytown
2026-05-20 09:41:24,261 [DEBUG] itemku: 📡 API: https://www.itemku.com/~partytown/proxytown
2026-05-20 09:41:24,267 [DEBUG] itemku: 📡 API: https://www.itemku.com/~partytown/proxytown
2026-05-20 09:41:24,273 [DEBUG] itemku: 📡 API: https://www.itemku.com/~partytown/proxytown
2026-05-20 09:41:24,274 [DEBUG] itemku: 📡 API: https://www.itemku.com/~partytown/proxytown
2026-05-20 09:41:24,278 [DEBUG] itemku: 📡 API: https://www.itemku.com/~partytown/proxytown
2026-05-20 09:41:24,282 [DEBUG] itemku: 📡 API: https://www.itemku.com/~partytown/proxytown
2026-05-20 09:41:24,285 [DEBUG] itemku: 📡 API: https://www.itemku.com/~partytown/proxytown
2026-05-20 09:41:24,291 [DEBUG] itemku: 📡 API: https://www.itemku.com/~partytown/proxytown
2026-05-20 09:41:24,294 [DEBUG] itemku: 📡 API: https://www.itemku.com/~partytown/proxytown
2026-05-20 09:41:24,297 [DEBUG] itemku: 📡 API: https://www.itemku.com/~partytown/proxytown
2026-05-20 09:41:24,304 [DEBUG] itemku: 📡 API: https://www.itemku.com/~partytown/proxytown
2026-05-20 09:41:24,308 [DEBUG] itemku: 📡 API: https://www.itemku.com/~partytown/proxytown
2026-05-20 09:41:24,309 [DEBUG] itemku: 📡 API: https://www.itemku.com/~partytown/proxytown
2026-05-20 09:41:24,310 [DEBUG] itemku: 📡 API: https://www.itemku.com/~partytown/proxytown
2026-05-20 09:41:24,314 [DEBUG] itemku: 📡 API: https://www.itemku.com/~partytown/proxytown
2026-05-20 09:41:24,317 [DEBUG] itemku: 📡 API: https://www.itemku.com/~partytown/proxytown
2026-05-20 09:41:24,322 [DEBUG] itemku: 📡 API: https://www.itemku.com/~partytown/proxytown
2026-05-20 09:41:24,328 [DEBUG] itemku: 📡 API: https://www.itemku.com/~partytown/proxytown
2026-05-20 09:41:24,333 [DEBUG] itemku: 📡 API: https://www.itemku.com/~partytown/proxytown
2026-05-20 09:41:24,336 [DEBUG] itemku: 📡 API: https://www.itemku.com/~partytown/proxytown
2026-05-20 09:41:24,342 [DEBUG] itemku: 📡 API: https://www.itemku.com/~partytown/proxytown
2026-05-20 09:41:24,346 [DEBUG] itemku: 📡 API: https://www.itemku.com/~partytown/proxytown
2026-05-20 09:41:24,348 [DEBUG] itemku: 📡 API: https://www.itemku.com/~partytown/proxytown
2026-05-20 09:41:24,355 [DEBUG] itemku: 📡 API: https://www.itemku.com/~partytown/proxytown
2026-05-20 09:41:24,355 [DEBUG] itemku: 📡 API: https://www.itemku.com/~partytown/proxytown
2026-05-20 09:41:24,355 [DEBUG] itemku: 📡 API: https://www.itemku.com/~partytown/proxytown
2026-05-20 09:41:24,358 [DEBUG] itemku: 📡 API: https://www.itemku.com/~partytown/proxytown
2026-05-20 09:41:24,362 [DEBUG] itemku: 📡 API: https://www.itemku.com/~partytown/proxytown
2026-05-20 09:41:24,362 [DEBUG] itemku: 📡 API: https://www.itemku.com/~partytown/proxytown
2026-05-20 09:41:24,366 [DEBUG] itemku: 📡 API: https://www.itemku.com/~partytown/proxytown
2026-05-20 09:41:24,367 [DEBUG] itemku: 📡 API: https://www.itemku.com/~partytown/proxytown
2026-05-20 09:41:24,369 [DEBUG] itemku: 📡 API: https://www.itemku.com/~partytown/proxytown
2026-05-20 09:41:24,369 [DEBUG] itemku: 📡 API: https://www.itemku.com/~partytown/proxytown
2026-05-20 09:41:24,372 [DEBUG] itemku: 📡 API: https://www.itemku.com/~partytown/proxytown
2026-05-20 09:41:24,374 [DEBUG] itemku: 📡 API: https://www.itemku.com/~partytown/proxytown
2026-05-20 09:41:24,377 [DEBUG] itemku: 📡 API: https://www.itemku.com/~partytown/proxytown
2026-05-20 09:41:24,380 [DEBUG] itemku: 📡 API: https://www.itemku.com/~partytown/proxytown
2026-05-20 09:41:24,383 [DEBUG] itemku: 📡 API: https://www.itemku.com/~partytown/proxytown
2026-05-20 09:41:24,383 [DEBUG] itemku: 📡 API: https://www.itemku.com/~partytown/proxytown
2026-05-20 09:41:24,386 [DEBUG] itemku: 📡 API: https://www.itemku.com/~partytown/proxytown
2026-05-20 09:41:24,387 [DEBUG] itemku: 📡 API: https://www.itemku.com/~partytown/proxytown
2026-05-20 09:41:24,389 [DEBUG] itemku: 📡 API: https://www.itemku.com/~partytown/proxytown
2026-05-20 09:41:24,393 [DEBUG] itemku: 📡 API: https://www.itemku.com/~partytown/proxytown
2026-05-20 09:41:24,397 [DEBUG] itemku: 📡 API: https://www.itemku.com/~partytown/proxytown
2026-05-20 09:41:24,405 [DEBUG] itemku: 📡 API: https://www.itemku.com/~partytown/proxytown
2026-05-20 09:41:24,408 [DEBUG] itemku: 📡 API: https://www.itemku.com/~partytown/proxytown
2026-05-20 09:41:24,409 [DEBUG] itemku: 📡 API: https://www.itemku.com/~partytown/proxytown
2026-05-20 09:41:24,414 [DEBUG] itemku: 📡 API: https://www.itemku.com/~partytown/proxytown
2026-05-20 09:41:24,420 [DEBUG] itemku: 📡 API: https://www.itemku.com/~partytown/proxytown
2026-05-20 09:41:24,428 [DEBUG] itemku: 📡 API: https://www.itemku.com/~partytown/proxytown
2026-05-20 09:41:24,435 [DEBUG] itemku: 📡 API: https://www.itemku.com/~partytown/proxytown
2026-05-20 09:41:24,439 [DEBUG] itemku: 📡 API: https://www.itemku.com/~partytown/proxytown
2026-05-20 09:41:24,449 [DEBUG] itemku: 📡 API: https://www.itemku.com/~partytown/proxytown
2026-05-20 09:41:24,455 [DEBUG] itemku: 📡 API: https://www.itemku.com/~partytown/proxytown
2026-05-20 09:41:24,469 [DEBUG] itemku: 📡 API: https://www.itemku.com/~partytown/proxytown
2026-05-20 09:41:24,469 [DEBUG] itemku: 📡 API: https://www.itemku.com/~partytown/proxytown
2026-05-20 09:41:24,475 [DEBUG] itemku: 📡 API: https://www.itemku.com/~partytown/proxytown
2026-05-20 09:41:24,482 [DEBUG] itemku: 📡 API: https://www.itemku.com/~partytown/proxytown
2026-05-20 09:41:24,487 [DEBUG] itemku: 📡 API: https://www.itemku.com/~partytown/proxytown
2026-05-20 09:41:24,489 [DEBUG] itemku: 📡 API: https://www.itemku.com/~partytown/proxytown
2026-05-20 09:41:24,496 [DEBUG] itemku: 📡 API: https://www.itemku.com/~partytown/proxytown
2026-05-20 09:41:24,501 [DEBUG] itemku: 📡 API: https://www.itemku.com/~partytown/proxytown
2026-05-20 09:41:24,507 [DEBUG] itemku: 📡 API: https://www.itemku.com/~partytown/proxytown
2026-05-20 09:41:24,516 [DEBUG] itemku: 📡 API: https://www.itemku.com/~partytown/proxytown
2026-05-20 09:41:24,525 [DEBUG] itemku: 📡 API: https://www.itemku.com/~partytown/proxytown
2026-05-20 09:41:24,526 [DEBUG] itemku: 📡 API: https://www.itemku.com/~partytown/proxytown
2026-05-20 09:41:24,538 [DEBUG] itemku: 📡 API: https://www.itemku.com/~partytown/proxytown
2026-05-20 09:41:24,545 [DEBUG] itemku: 📡 API: https://www.itemku.com/~partytown/proxytown
2026-05-20 09:41:24,550 [DEBUG] itemku: 📡 API: https://www.itemku.com/~partytown/proxytown
2026-05-20 09:41:24,555 [DEBUG] itemku: 📡 API: https://www.itemku.com/~partytown/proxytown
2026-05-20 09:41:24,560 [DEBUG] itemku: 📡 API: https://www.itemku.com/~partytown/proxytown
2026-05-20 09:41:24,566 [DEBUG] itemku: 📡 API: https://www.itemku.com/~partytown/proxytown
2026-05-20 09:41:24,569 [DEBUG] itemku: 📡 API: https://www.itemku.com/~partytown/proxytown
2026-05-20 09:41:24,581 [DEBUG] itemku: 📡 API: https://www.itemku.com/~partytown/proxytown
2026-05-20 09:41:24,587 [DEBUG] itemku: 📡 API: https://www.itemku.com/~partytown/proxytown
2026-05-20 09:41:24,591 [DEBUG] itemku: 📡 API: https://www.itemku.com/~partytown/proxytown
2026-05-20 09:41:24,597 [DEBUG] itemku: 📡 API: https://www.itemku.com/~partytown/proxytown
2026-05-20 09:41:24,600 [DEBUG] itemku: 📡 API: https://www.itemku.com/~partytown/proxytown
2026-05-20 09:41:24,602 [DEBUG] itemku: 📡 API: https://www.itemku.com/~partytown/proxytown
2026-05-20 09:41:24,605 [DEBUG] itemku: 📡 API: https://www.itemku.com/~partytown/proxytown
2026-05-20 09:41:24,611 [DEBUG] itemku: 📡 API: https://www.itemku.com/~partytown/proxytown
2026-05-20 09:41:24,621 [DEBUG] itemku: 📡 API: https://www.itemku.com/~partytown/proxytown
2026-05-20 09:41:24,627 [DEBUG] itemku: 📡 API: https://www.itemku.com/~partytown/proxytown
2026-05-20 09:41:24,632 [DEBUG] itemku: 📡 API: https://www.itemku.com/~partytown/proxytown
2026-05-20 09:41:24,644 [DEBUG] itemku: 📡 API: https://www.itemku.com/~partytown/proxytown
2026-05-20 09:41:24,651 [DEBUG] itemku: 📡 API: https://www.itemku.com/~partytown/proxytown
2026-05-20 09:41:24,664 [DEBUG] itemku: 📡 API: https://www.itemku.com/~partytown/proxytown
2026-05-20 09:41:24,671 [DEBUG] itemku: 📡 API: https://www.itemku.com/~partytown/proxytown
2026-05-20 09:41:24,676 [DEBUG] itemku: 📡 API: https://www.itemku.com/~partytown/proxytown
2026-05-20 09:41:24,681 [DEBUG] itemku: 📡 API: https://www.itemku.com/~partytown/proxytown
2026-05-20 09:41:24,686 [DEBUG] itemku: 📡 API: https://www.itemku.com/~partytown/proxytown
2026-05-20 09:41:24,690 [DEBUG] itemku: 📡 API: https://www.itemku.com/~partytown/proxytown
2026-05-20 09:41:24,693 [DEBUG] itemku: 📡 API: https://www.itemku.com/~partytown/proxytown
2026-05-20 09:41:24,703 [DEBUG] itemku: 📡 API: https://www.itemku.com/~partytown/proxytown
2026-05-20 09:41:24,707 [DEBUG] itemku: 📡 API: https://www.itemku.com/~partytown/proxytown
2026-05-20 09:41:24,711 [DEBUG] itemku: 📡 API: https://www.itemku.com/~partytown/proxytown
2026-05-20 09:41:24,714 [DEBUG] itemku: 📡 API: https://www.itemku.com/~partytown/proxytown
2026-05-20 09:41:24,717 [DEBUG] itemku: 📡 API: https://www.itemku.com/~partytown/proxytown
2026-05-20 09:41:24,725 [DEBUG] itemku: 📡 API: https://www.itemku.com/~partytown/proxytown
2026-05-20 09:41:24,737 [DEBUG] itemku: 📡 API: https://www.itemku.com/~partytown/proxytown
2026-05-20 09:41:24,744 [DEBUG] itemku: 📡 API: https://www.itemku.com/~partytown/proxytown
2026-05-20 09:41:24,747 [DEBUG] itemku: 📡 API: https://www.itemku.com/~partytown/proxytown
2026-05-20 09:41:24,750 [DEBUG] itemku: 📡 API: https://www.itemku.com/~partytown/proxytown
2026-05-20 09:41:24,755 [DEBUG] itemku: 📡 API: https://www.itemku.com/~partytown/proxytown
2026-05-20 09:41:24,764 [DEBUG] itemku: 📡 API: https://www.itemku.com/~partytown/proxytown
2026-05-20 09:41:24,770 [DEBUG] itemku: 📡 API: https://www.itemku.com/~partytown/proxytown
2026-05-20 09:41:24,770 [DEBUG] itemku: 📡 API: https://www.itemku.com/~partytown/proxytown
2026-05-20 09:41:24,771 [DEBUG] itemku: 📡 API: https://www.itemku.com/~partytown/proxytown
2026-05-20 09:41:24,771 [DEBUG] itemku: 📡 API: https://www.itemku.com/~partytown/proxytown
2026-05-20 09:41:24,781 [DEBUG] itemku: 📡 API: https://www.itemku.com/~partytown/proxytown
2026-05-20 09:41:24,786 [DEBUG] itemku: 📡 API: https://www.itemku.com/~partytown/proxytown
2026-05-20 09:41:24,796 [DEBUG] itemku: 📡 API: https://www.itemku.com/~partytown/proxytown
2026-05-20 09:41:24,808 [DEBUG] itemku: 📡 API: https://www.itemku.com/~partytown/proxytown
2026-05-20 09:41:24,811 [DEBUG] itemku: 📡 API: https://www.itemku.com/~partytown/proxytown
2026-05-20 09:41:24,816 [DEBUG] itemku: 📡 API: https://www.itemku.com/~partytown/proxytown
2026-05-20 09:41:24,821 [DEBUG] itemku: 📡 API: https://www.itemku.com/~partytown/proxytown
2026-05-20 09:41:24,829 [DEBUG] itemku: 📡 API: https://www.itemku.com/~partytown/proxytown
2026-05-20 09:41:24,846 [DEBUG] itemku: 📡 API: https://www.itemku.com/~partytown/proxytown
2026-05-20 09:41:24,846 [DEBUG] itemku: 📡 API: https://www.itemku.com/~partytown/proxytown
2026-05-20 09:41:24,850 [DEBUG] itemku: 📡 API: https://www.itemku.com/~partytown/proxytown
2026-05-20 09:41:24,853 [DEBUG] itemku: 📡 API: https://www.itemku.com/~partytown/proxytown
2026-05-20 09:41:24,859 [DEBUG] itemku: 📡 API: https://www.itemku.com/~partytown/proxytown
2026-05-20 09:41:24,864 [DEBUG] itemku: 📡 API: https://www.itemku.com/~partytown/proxytown
2026-05-20 09:41:24,869 [DEBUG] itemku: 📡 API: https://www.itemku.com/~partytown/proxytown
2026-05-20 09:41:24,882 [DEBUG] itemku: 📡 API: https://www.itemku.com/~partytown/proxytown
2026-05-20 09:41:24,894 [DEBUG] itemku: 📡 API: https://www.itemku.com/~partytown/proxytown
2026-05-20 09:41:24,898 [DEBUG] itemku: 📡 API: https://www.itemku.com/~partytown/proxytown
2026-05-20 09:41:24,902 [DEBUG] itemku: 📡 API: https://www.itemku.com/~partytown/proxytown
2026-05-20 09:41:24,908 [DEBUG] itemku: 📡 API: https://www.itemku.com/~partytown/proxytown
2026-05-20 09:41:24,921 [DEBUG] itemku: 📡 API: https://www.itemku.com/~partytown/proxytown
2026-05-20 09:41:24,933 [DEBUG] itemku: 📡 API: https://www.itemku.com/~partytown/proxytown
2026-05-20 09:41:24,938 [DEBUG] itemku: 📡 API: https://www.itemku.com/~partytown/proxytown
2026-05-20 09:41:24,950 [DEBUG] itemku: 📡 API: https://www.itemku.com/~partytown/proxytown
2026-05-20 09:41:24,954 [DEBUG] itemku: 📡 API: https://www.itemku.com/~partytown/proxytown
2026-05-20 09:41:24,962 [DEBUG] itemku: 📡 API: https://www.itemku.com/~partytown/proxytown
2026-05-20 09:41:24,966 [DEBUG] itemku: 📡 API: https://www.itemku.com/~partytown/proxytown
2026-05-20 09:41:24,969 [DEBUG] itemku: 📡 API: https://www.itemku.com/~partytown/proxytown
2026-05-20 09:41:24,970 [DEBUG] itemku: 📡 API: https://www.itemku.com/~partytown/proxytown
2026-05-20 09:41:24,971 [DEBUG] itemku: 📡 API: https://www.itemku.com/~partytown/proxytown
2026-05-20 09:41:24,976 [DEBUG] itemku: 📡 API: https://www.itemku.com/~partytown/proxytown
2026-05-20 09:41:24,981 [DEBUG] itemku: 📡 API: https://www.itemku.com/~partytown/proxytown
2026-05-20 09:41:24,984 [DEBUG] itemku: 📡 API: https://www.itemku.com/~partytown/proxytown
2026-05-20 09:41:24,991 [DEBUG] itemku: 📡 API: https://www.itemku.com/~partytown/proxytown
2026-05-20 09:41:25,000 [DEBUG] itemku: 📡 API: https://www.itemku.com/~partytown/proxytown
2026-05-20 09:41:25,104 [DEBUG] itemku: 📡 API: https://www.itemku.com/~partytown/proxytown
2026-05-20 09:41:25,105 [DEBUG] itemku: 📡 API: https://www.itemku.com/~partytown/proxytown
2026-05-20 09:41:25,106 [DEBUG] itemku: 📡 API: https://www.itemku.com/~partytown/proxytown
2026-05-20 09:41:25,106 [DEBUG] itemku: 📡 API: https://www.itemku.com/~partytown/proxytown
2026-05-20 09:41:25,106 [DEBUG] itemku: 📡 API: https://www.itemku.com/~partytown/proxytown
2026-05-20 09:41:25,106 [DEBUG] itemku: 📡 API: https://www.itemku.com/~partytown/proxytown
2026-05-20 09:41:25,107 [DEBUG] itemku: 📡 API: https://www.itemku.com/~partytown/proxytown
2026-05-20 09:41:25,107 [DEBUG] itemku: 📡 API: https://www.itemku.com/~partytown/proxytown
2026-05-20 09:41:25,107 [DEBUG] itemku: 📡 API: https://www.itemku.com/~partytown/proxytown
2026-05-20 09:41:25,108 [DEBUG] itemku: 📡 API: https://www.itemku.com/~partytown/proxytown
2026-05-20 09:41:25,108 [DEBUG] itemku: 📡 API: https://www.itemku.com/~partytown/proxytown
2026-05-20 09:41:25,108 [DEBUG] itemku: 📡 API: https://www.itemku.com/~partytown/proxytown
2026-05-20 09:41:25,109 [DEBUG] itemku: 📡 API: https://www.itemku.com/~partytown/proxytown
2026-05-20 09:41:25,109 [DEBUG] itemku: 📡 API: https://www.itemku.com/~partytown/proxytown
2026-05-20 09:41:25,167 [DEBUG] itemku: 📡 API: https://www.itemku.com/~partytown/proxytown
2026-05-20 09:41:25,167 [DEBUG] itemku: 📡 API: https://www.itemku.com/~partytown/proxytown
2026-05-20 09:41:25,168 [DEBUG] itemku: 📡 API: https://www.itemku.com/~partytown/proxytown
2026-05-20 09:41:25,189 [DEBUG] itemku: 📡 API: https://www.itemku.com/~partytown/proxytown
2026-05-20 09:41:25,190 [DEBUG] itemku: 📡 API: https://www.itemku.com/~partytown/proxytown
2026-05-20 09:41:25,191 [DEBUG] itemku: 📡 API: https://www.itemku.com/~partytown/proxytown
2026-05-20 09:41:25,191 [DEBUG] itemku: 📡 API: https://www.itemku.com/~partytown/proxytown
2026-05-20 09:41:25,191 [DEBUG] itemku: 📡 API: https://www.itemku.com/~partytown/proxytown
2026-05-20 09:41:25,191 [DEBUG] itemku: 📡 API: https://www.itemku.com/~partytown/proxytown
2026-05-20 09:41:25,192 [DEBUG] itemku: 📡 API: https://www.itemku.com/~partytown/proxytown
2026-05-20 09:41:25,192 [DEBUG] itemku: 📡 API: https://www.itemku.com/~partytown/proxytown
2026-05-20 09:41:25,193 [DEBUG] itemku: 📡 API: https://www.itemku.com/~partytown/proxytown
2026-05-20 09:41:25,194 [DEBUG] itemku: 📡 API: https://www.itemku.com/~partytown/proxytown
2026-05-20 09:41:25,230 [DEBUG] itemku: 📡 API: https://www.itemku.com/~partytown/proxytown
2026-05-20 09:41:25,231 [DEBUG] itemku: 📡 API: https://www.itemku.com/~partytown/proxytown
2026-05-20 09:41:25,231 [DEBUG] itemku: 📡 API: https://www.itemku.com/~partytown/proxytown
2026-05-20 09:41:25,231 [DEBUG] itemku: 📡 API: https://www.itemku.com/~partytown/proxytown
2026-05-20 09:41:25,232 [DEBUG] itemku: 📡 API: https://www.itemku.com/~partytown/proxytown
2026-05-20 09:41:25,233 [DEBUG] itemku: 📡 API: https://www.itemku.com/~partytown/proxytown
2026-05-20 09:41:25,233 [DEBUG] itemku: 📡 API: https://www.itemku.com/~partytown/proxytown
2026-05-20 09:41:25,233 [DEBUG] itemku: 📡 API: https://www.itemku.com/~partytown/proxytown
2026-05-20 09:41:25,234 [DEBUG] itemku: 📡 API: https://www.itemku.com/~partytown/proxytown
2026-05-20 09:41:25,234 [DEBUG] itemku: 📡 API: https://www.itemku.com/~partytown/proxytown
2026-05-20 09:41:25,234 [DEBUG] itemku: 📡 API: https://www.itemku.com/~partytown/proxytown
2026-05-20 09:41:25,235 [DEBUG] itemku: 📡 API: https://www.itemku.com/~partytown/proxytown
2026-05-20 09:41:25,235 [DEBUG] itemku: 📡 API: https://www.itemku.com/~partytown/proxytown
2026-05-20 09:41:25,235 [DEBUG] itemku: 📡 API: https://www.itemku.com/~partytown/proxytown
2026-05-20 09:41:25,236 [DEBUG] itemku: 📡 API: https://www.itemku.com/~partytown/proxytown
2026-05-20 09:41:25,237 [DEBUG] itemku: 📡 API: https://www.itemku.com/~partytown/proxytown
2026-05-20 09:41:25,237 [DEBUG] itemku: 📡 API: https://www.itemku.com/~partytown/proxytown
2026-05-20 09:41:25,238 [DEBUG] itemku: 📡 API: https://www.itemku.com/~partytown/proxytown
2026-05-20 09:41:25,238 [DEBUG] itemku: 📡 API: https://www.itemku.com/~partytown/proxytown
2026-05-20 09:41:25,238 [DEBUG] itemku: 📡 API: https://www.itemku.com/~partytown/proxytown
2026-05-20 09:41:25,238 [DEBUG] itemku: 📡 API: https://www.itemku.com/~partytown/proxytown
2026-05-20 09:41:25,238 [DEBUG] itemku: 📡 API: https://www.itemku.com/~partytown/proxytown
2026-05-20 09:41:25,238 [DEBUG] itemku: 📡 API: https://www.itemku.com/~partytown/proxytown
2026-05-20 09:41:25,239 [DEBUG] itemku: 📡 API: https://www.itemku.com/~partytown/proxytown
2026-05-20 09:41:25,239 [DEBUG] itemku: 📡 API: https://www.itemku.com/~partytown/proxytown
2026-05-20 09:41:25,239 [DEBUG] itemku: 📡 API: https://www.itemku.com/~partytown/proxytown
2026-05-20 09:41:25,239 [DEBUG] itemku: 📡 API: https://www.itemku.com/~partytown/proxytown
2026-05-20 09:41:25,240 [DEBUG] itemku: 📡 API: https://www.itemku.com/~partytown/proxytown
2026-05-20 09:41:25,240 [DEBUG] itemku: 📡 API: https://www.itemku.com/~partytown/proxytown
2026-05-20 09:41:25,240 [DEBUG] itemku: 📡 API: https://www.itemku.com/~partytown/proxytown
2026-05-20 09:41:25,241 [DEBUG] itemku: 📡 API: https://www.itemku.com/~partytown/proxytown
2026-05-20 09:41:25,241 [DEBUG] itemku: 📡 API: https://www.itemku.com/~partytown/proxytown
2026-05-20 09:41:25,242 [DEBUG] itemku: 📡 API: https://www.itemku.com/~partytown/proxytown
2026-05-20 09:41:25,242 [DEBUG] itemku: 📡 API: https://www.itemku.com/~partytown/proxytown
2026-05-20 09:41:25,242 [DEBUG] itemku: 📡 API: https://www.itemku.com/~partytown/proxytown
2026-05-20 09:41:25,243 [DEBUG] itemku: 📡 API: https://www.itemku.com/~partytown/proxytown
2026-05-20 09:41:25,243 [DEBUG] itemku: 📡 API: https://www.itemku.com/~partytown/proxytown
2026-05-20 09:41:25,243 [DEBUG] itemku: 📡 API: https://www.itemku.com/~partytown/proxytown
2026-05-20 09:41:25,244 [DEBUG] itemku: 📡 API: https://www.itemku.com/~partytown/proxytown
2026-05-20 09:41:25,244 [DEBUG] itemku: 📡 API: https://www.itemku.com/~partytown/proxytown
2026-05-20 09:41:25,244 [DEBUG] itemku: 📡 API: https://www.itemku.com/~partytown/proxytown
2026-05-20 09:41:25,244 [DEBUG] itemku: 📡 API: https://www.itemku.com/~partytown/proxytown
2026-05-20 09:41:25,245 [DEBUG] itemku: 📡 API: https://www.itemku.com/~partytown/proxytown
2026-05-20 09:41:25,245 [DEBUG] itemku: 📡 API: https://www.itemku.com/~partytown/proxytown
2026-05-20 09:41:25,246 [DEBUG] itemku: 📡 API: https://www.itemku.com/~partytown/proxytown
2026-05-20 09:41:25,246 [DEBUG] itemku: 📡 API: https://www.itemku.com/~partytown/proxytown
2026-05-20 09:41:25,247 [DEBUG] itemku: 📡 API: https://www.itemku.com/~partytown/proxytown
2026-05-20 09:41:25,247 [DEBUG] itemku: 📡 API: https://www.itemku.com/~partytown/proxytown
2026-05-20 09:41:25,248 [DEBUG] itemku: 📡 API: https://www.itemku.com/~partytown/proxytown
2026-05-20 09:41:25,248 [DEBUG] itemku: 📡 API: https://www.itemku.com/~partytown/proxytown
2026-05-20 09:41:25,249 [DEBUG] itemku: 📡 API: https://www.itemku.com/~partytown/proxytown
2026-05-20 09:41:25,249 [DEBUG] itemku: 📡 API: https://www.itemku.com/~partytown/proxytown
2026-05-20 09:41:25,250 [DEBUG] itemku: 📡 API: https://www.itemku.com/~partytown/proxytown
2026-05-20 09:41:28,869 [DEBUG] itemku: 📡 API: https://www.itemku.com/~partytown/proxytown
2026-05-20 09:41:29,074 [DEBUG] itemku: 📡 API: https://www.itemku.com/~partytown/proxytown
2026-05-20 09:41:29,281 [DEBUG] itemku: 📡 API: https://www.itemku.com/~partytown/proxytown
2026-05-20 09:41:29,507 [DEBUG] itemku: 📡 API: https://www.itemku.com/~partytown/proxytown
2026-05-20 09:41:29,692 [DEBUG] itemku: 📡 API: https://www.itemku.com/~partytown/proxytown
2026-05-20 09:41:29,886 [DEBUG] itemku: 📡 API: https://www.itemku.com/~partytown/proxytown
2026-05-20 09:41:30,099 [DEBUG] itemku: 📡 API: https://www.itemku.com/~partytown/proxytown
2026-05-20 09:41:30,295 [DEBUG] itemku: 📡 API: https://www.itemku.com/~partytown/proxytown
2026-05-20 09:41:30,507 [DEBUG] itemku: 📡 API: https://www.itemku.com/~partytown/proxytown
2026-05-20 09:41:32,574 [DEBUG] itemku: 📡 API: https://www.itemku.com/~partytown/proxytown
2026-05-20 09:41:32,583 [DEBUG] itemku: 📡 API: https://www.itemku.com/~partytown/proxytown
2026-05-20 09:41:32,593 [DEBUG] itemku: 📡 API: https://www.itemku.com/~partytown/proxytown
2026-05-20 09:41:32,601 [DEBUG] itemku: 📡 API: https://www.itemku.com/~partytown/proxytown
2026-05-20 09:41:32,602 [DEBUG] itemku: 📡 API: https://www.itemku.com/~partytown/proxytown
2026-05-20 09:41:32,611 [DEBUG] itemku: 📡 API: https://www.itemku.com/~partytown/proxytown
2026-05-20 09:41:32,613 [DEBUG] itemku: 📡 API: https://www.itemku.com/~partytown/proxytown
2026-05-20 09:41:32,620 [DEBUG] itemku: 📡 API: https://www.itemku.com/~partytown/proxytown
2026-05-20 09:41:32,621 [DEBUG] itemku: 📡 API: https://www.itemku.com/~partytown/proxytown
2026-05-20 09:41:32,625 [DEBUG] itemku: 📡 API: https://www.itemku.com/~partytown/proxytown
2026-05-20 09:41:32,633 [DEBUG] itemku: 📡 API: https://www.itemku.com/~partytown/proxytown
2026-05-20 09:41:32,634 [DEBUG] itemku: 📡 API: https://www.itemku.com/~partytown/proxytown
2026-05-20 09:41:32,642 [DEBUG] itemku: 📡 API: https://www.itemku.com/~partytown/proxytown
2026-05-20 09:41:32,644 [DEBUG] itemku: 📡 API: https://www.itemku.com/~partytown/proxytown
2026-05-20 09:41:32,652 [DEBUG] itemku: 📡 API: https://www.itemku.com/~partytown/proxytown
2026-05-20 09:41:32,652 [DEBUG] itemku: 📡 API: https://www.itemku.com/~partytown/proxytown
2026-05-20 09:41:32,661 [DEBUG] itemku: 📡 API: https://www.itemku.com/~partytown/proxytown
2026-05-20 09:41:32,661 [DEBUG] itemku: 📡 API: https://www.itemku.com/~partytown/proxytown
2026-05-20 09:41:32,666 [DEBUG] itemku: 📡 API: https://www.itemku.com/~partytown/proxytown
2026-05-20 09:41:32,673 [DEBUG] itemku: 📡 API: https://www.itemku.com/~partytown/proxytown
2026-05-20 09:41:32,674 [DEBUG] itemku: 📡 API: https://www.itemku.com/~partytown/proxytown
2026-05-20 09:41:32,681 [DEBUG] itemku: 📡 API: https://www.itemku.com/~partytown/proxytown
2026-05-20 09:41:32,686 [DEBUG] itemku: 📡 API: https://www.itemku.com/~partytown/proxytown
2026-05-20 09:41:32,687 [DEBUG] itemku: 📡 API: https://www.itemku.com/~partytown/proxytown
2026-05-20 09:41:32,695 [DEBUG] itemku: 📡 API: https://www.itemku.com/~partytown/proxytown
2026-05-20 09:41:32,695 [DEBUG] itemku: 📡 API: https://www.itemku.com/~partytown/proxytown
2026-05-20 09:41:32,702 [DEBUG] itemku: 📡 API: https://www.itemku.com/~partytown/proxytown
2026-05-20 09:41:32,707 [DEBUG] itemku: 📡 API: https://www.itemku.com/~partytown/proxytown
2026-05-20 09:41:32,711 [DEBUG] itemku: 📡 API: https://www.itemku.com/~partytown/proxytown
2026-05-20 09:41:32,716 [DEBUG] itemku: 📡 API: https://www.itemku.com/~partytown/proxytown
2026-05-20 09:41:32,718 [DEBUG] itemku: 📡 API: https://www.itemku.com/~partytown/proxytown
2026-05-20 09:41:32,724 [DEBUG] itemku: 📡 API: https://www.itemku.com/~partytown/proxytown
2026-05-20 09:41:32,724 [DEBUG] itemku: 📡 API: https://www.itemku.com/~partytown/proxytown
2026-05-20 09:41:32,732 [DEBUG] itemku: 📡 API: https://www.itemku.com/~partytown/proxytown
2026-05-20 09:41:32,736 [DEBUG] itemku: 📡 API: https://www.itemku.com/~partytown/proxytown
2026-05-20 09:41:32,738 [DEBUG] itemku: 📡 API: https://www.itemku.com/~partytown/proxytown
2026-05-20 09:41:32,743 [DEBUG] itemku: 📡 API: https://www.itemku.com/~partytown/proxytown
2026-05-20 09:41:32,744 [DEBUG] itemku: 📡 API: https://www.itemku.com/~partytown/proxytown
2026-05-20 09:41:32,751 [DEBUG] itemku: 📡 API: https://www.itemku.com/~partytown/proxytown
2026-05-20 09:41:32,753 [DEBUG] itemku: 📡 API: https://www.itemku.com/~partytown/proxytown
2026-05-20 09:41:32,758 [DEBUG] itemku: 📡 API: https://www.itemku.com/~partytown/proxytown
2026-05-20 09:41:32,759 [DEBUG] itemku: 📡 API: https://www.itemku.com/~partytown/proxytown
2026-05-20 09:41:32,766 [DEBUG] itemku: 📡 API: https://www.itemku.com/~partytown/proxytown
2026-05-20 09:41:32,767 [DEBUG] itemku: 📡 API: https://www.itemku.com/~partytown/proxytown
2026-05-20 09:41:32,773 [DEBUG] itemku: 📡 API: https://www.itemku.com/~partytown/proxytown
2026-05-20 09:41:32,778 [DEBUG] itemku: 📡 API: https://www.itemku.com/~partytown/proxytown
2026-05-20 09:41:32,779 [DEBUG] itemku: 📡 API: https://www.itemku.com/~partytown/proxytown
2026-05-20 09:41:32,784 [DEBUG] itemku: 📡 API: https://www.itemku.com/~partytown/proxytown
2026-05-20 09:41:32,790 [DEBUG] itemku: 📡 API: https://www.itemku.com/~partytown/proxytown
2026-05-20 09:41:32,790 [DEBUG] itemku: 📡 API: https://www.itemku.com/~partytown/proxytown
2026-05-20 09:41:32,798 [DEBUG] itemku: 📡 API: https://www.itemku.com/~partytown/proxytown
2026-05-20 09:41:32,801 [DEBUG] itemku: 📡 API: https://www.itemku.com/~partytown/proxytown
2026-05-20 09:41:32,805 [DEBUG] itemku: 📡 API: https://www.itemku.com/~partytown/proxytown
2026-05-20 09:41:32,809 [DEBUG] itemku: 📡 API: https://www.itemku.com/~partytown/proxytown
2026-05-20 09:41:32,809 [DEBUG] itemku: 📡 API: https://www.itemku.com/~partytown/proxytown
2026-05-20 09:41:32,810 [DEBUG] itemku: 📡 API: https://www.itemku.com/~partytown/proxytown
2026-05-20 09:41:34,056 [DEBUG] itemku: 📡 API: https://www.itemku.com/~partytown/proxytown
2026-05-20 09:41:34,589 [DEBUG] itemku: 📡 API: https://www.itemku.com/~partytown/proxytown
2026-05-20 09:41:34,597 [DEBUG] itemku: 📡 API: https://www.itemku.com/~partytown/proxytown
2026-05-20 09:41:34,604 [DEBUG] itemku: 📡 API: https://www.itemku.com/~partytown/proxytown
2026-05-20 09:41:34,612 [DEBUG] itemku: 📡 API: https://www.itemku.com/~partytown/proxytown
2026-05-20 09:41:34,620 [DEBUG] itemku: 📡 API: https://www.itemku.com/~partytown/proxytown
2026-05-20 09:41:34,628 [DEBUG] itemku: 📡 API: https://www.itemku.com/~partytown/proxytown
2026-05-20 09:41:34,641 [DEBUG] itemku: 📡 API: https://www.itemku.com/~partytown/proxytown
2026-05-20 09:41:34,641 [DEBUG] itemku: 📡 API: https://www.itemku.com/~partytown/proxytown
2026-05-20 09:41:34,652 [DEBUG] itemku: 📡 API: https://www.itemku.com/~partytown/proxytown
2026-05-20 09:41:34,657 [DEBUG] itemku: 📡 API: https://www.itemku.com/~partytown/proxytown
2026-05-20 09:41:34,662 [DEBUG] itemku: 📡 API: https://www.itemku.com/~partytown/proxytown
2026-05-20 09:41:34,667 [DEBUG] itemku: 📡 API: https://www.itemku.com/~partytown/proxytown
2026-05-20 09:41:34,668 [DEBUG] itemku: 📡 API: https://www.itemku.com/~partytown/proxytown
2026-05-20 09:41:34,676 [DEBUG] itemku: 📡 API: https://www.itemku.com/~partytown/proxytown
2026-05-20 09:41:34,686 [DEBUG] itemku: 📡 API: https://www.itemku.com/~partytown/proxytown
2026-05-20 09:41:34,687 [DEBUG] itemku: 📡 API: https://www.itemku.com/~partytown/proxytown
2026-05-20 09:41:34,692 [DEBUG] itemku: 📡 API: https://www.itemku.com/~partytown/proxytown
2026-05-20 09:41:34,701 [DEBUG] itemku: 📡 API: https://www.itemku.com/~partytown/proxytown
2026-05-20 09:41:34,701 [DEBUG] itemku: 📡 API: https://www.itemku.com/~partytown/proxytown
2026-05-20 09:41:34,709 [DEBUG] itemku: 📡 API: https://www.itemku.com/~partytown/proxytown
2026-05-20 09:41:34,714 [DEBUG] itemku: 📡 API: https://www.itemku.com/~partytown/proxytown
2026-05-20 09:41:34,714 [DEBUG] itemku: 📡 API: https://www.itemku.com/~partytown/proxytown
2026-05-20 09:41:34,720 [DEBUG] itemku: 📡 API: https://www.itemku.com/~partytown/proxytown
2026-05-20 09:41:34,728 [DEBUG] itemku: 📡 API: https://www.itemku.com/~partytown/proxytown
2026-05-20 09:41:34,729 [DEBUG] itemku: 📡 API: https://www.itemku.com/~partytown/proxytown
2026-05-20 09:41:34,735 [DEBUG] itemku: 📡 API: https://www.itemku.com/~partytown/proxytown
2026-05-20 09:41:34,744 [DEBUG] itemku: 📡 API: https://www.itemku.com/~partytown/proxytown
2026-05-20 09:41:34,745 [DEBUG] itemku: 📡 API: https://www.itemku.com/~partytown/proxytown
2026-05-20 09:41:34,751 [DEBUG] itemku: 📡 API: https://www.itemku.com/~partytown/proxytown
2026-05-20 09:41:34,756 [DEBUG] itemku: 📡 API: https://www.itemku.com/~partytown/proxytown
2026-05-20 09:41:34,757 [DEBUG] itemku: 📡 API: https://www.itemku.com/~partytown/proxytown
2026-05-20 09:41:34,765 [DEBUG] itemku: 📡 API: https://www.itemku.com/~partytown/proxytown
2026-05-20 09:41:34,770 [DEBUG] itemku: 📡 API: https://www.itemku.com/~partytown/proxytown
2026-05-20 09:41:34,773 [DEBUG] itemku: 📡 API: https://www.itemku.com/~partytown/proxytown
2026-05-20 09:41:34,778 [DEBUG] itemku: 📡 API: https://www.itemku.com/~partytown/proxytown
2026-05-20 09:41:34,779 [DEBUG] itemku: 📡 API: https://www.itemku.com/~partytown/proxytown
2026-05-20 09:41:34,787 [DEBUG] itemku: 📡 API: https://www.itemku.com/~partytown/proxytown
2026-05-20 09:41:34,791 [DEBUG] itemku: 📡 API: https://www.itemku.com/~partytown/proxytown
2026-05-20 09:41:34,796 [DEBUG] itemku: 📡 API: https://www.itemku.com/~partytown/proxytown
2026-05-20 09:41:34,800 [DEBUG] itemku: 📡 API: https://www.itemku.com/~partytown/proxytown
2026-05-20 09:41:34,803 [DEBUG] itemku: 📡 API: https://www.itemku.com/~partytown/proxytown
2026-05-20 09:41:34,807 [DEBUG] itemku: 📡 API: https://www.itemku.com/~partytown/proxytown
2026-05-20 09:41:34,807 [DEBUG] itemku: 📡 API: https://www.itemku.com/~partytown/proxytown
2026-05-20 09:41:34,813 [DEBUG] itemku: 📡 API: https://www.itemku.com/~partytown/proxytown
2026-05-20 09:41:34,819 [DEBUG] itemku: 📡 API: https://www.itemku.com/~partytown/proxytown
2026-05-20 09:41:34,829 [DEBUG] itemku: 📡 API: https://www.itemku.com/~partytown/proxytown
2026-05-20 09:41:34,829 [DEBUG] itemku: 📡 API: https://www.itemku.com/~partytown/proxytown
2026-05-20 09:41:34,834 [DEBUG] itemku: 📡 API: https://www.itemku.com/~partytown/proxytown
2026-05-20 09:41:34,842 [DEBUG] itemku: 📡 API: https://www.itemku.com/~partytown/proxytown
2026-05-20 09:41:34,848 [DEBUG] itemku: 📡 API: https://www.itemku.com/~partytown/proxytown
2026-05-20 09:41:34,848 [DEBUG] itemku: 📡 API: https://www.itemku.com/~partytown/proxytown
2026-05-20 09:41:34,858 [DEBUG] itemku: 📡 API: https://www.itemku.com/~partytown/proxytown
2026-05-20 09:41:34,862 [DEBUG] itemku: 📡 API: https://www.itemku.com/~partytown/proxytown
2026-05-20 09:41:34,867 [DEBUG] itemku: 📡 API: https://www.itemku.com/~partytown/proxytown
2026-05-20 09:41:34,867 [DEBUG] itemku: 📡 API: https://www.itemku.com/~partytown/proxytown
2026-05-20 09:41:34,869 [DEBUG] itemku: 📡 API: https://www.itemku.com/~partytown/proxytown
2026-05-20 09:41:38,476 [INFO] itemku: 📜 Scroll halaman...
2026-05-20 09:41:38,572 [DEBUG] itemku: 📡 API: https://www.itemku.com/~partytown/proxytown
2026-05-20 09:41:40,601 [DEBUG] itemku: 📡 API: https://www.itemku.com/~partytown/proxytown
2026-05-20 09:41:40,827 [DEBUG] itemku: 📡 API: https://www.itemku.com/~partytown/proxytown
2026-05-20 09:41:40,834 [DEBUG] itemku: 📡 API: https://www.itemku.com/~partytown/proxytown
2026-05-20 09:41:40,842 [DEBUG] itemku: 📡 API: https://www.itemku.com/~partytown/proxytown
2026-05-20 09:41:40,851 [DEBUG] itemku: 📡 API: https://www.itemku.com/~partytown/proxytown
2026-05-20 09:41:40,851 [DEBUG] itemku: 📡 API: https://www.itemku.com/~partytown/proxytown
2026-05-20 09:41:40,859 [DEBUG] itemku: 📡 API: https://www.itemku.com/~partytown/proxytown
2026-05-20 09:41:40,864 [DEBUG] itemku: 📡 API: https://www.itemku.com/~partytown/proxytown
2026-05-20 09:41:40,872 [DEBUG] itemku: 📡 API: https://www.itemku.com/~partytown/proxytown
2026-05-20 09:41:40,873 [DEBUG] itemku: 📡 API: https://www.itemku.com/~partytown/proxytown
2026-05-20 09:41:40,883 [DEBUG] itemku: 📡 API: https://www.itemku.com/~partytown/proxytown
2026-05-20 09:41:40,883 [DEBUG] itemku: 📡 API: https://www.itemku.com/~partytown/proxytown
2026-05-20 09:41:40,888 [DEBUG] itemku: 📡 API: https://www.itemku.com/~partytown/proxytown
2026-05-20 09:41:40,926 [DEBUG] itemku: 📡 API: https://www.itemku.com/~partytown/proxytown
2026-05-20 09:41:40,937 [DEBUG] itemku: 📡 API: https://www.itemku.com/~partytown/proxytown
2026-05-20 09:41:40,937 [DEBUG] itemku: 📡 API: https://www.itemku.com/~partytown/proxytown
2026-05-20 09:41:40,945 [DEBUG] itemku: 📡 API: https://www.itemku.com/~partytown/proxytown
2026-05-20 09:41:40,946 [DEBUG] itemku: 📡 API: https://www.itemku.com/~partytown/proxytown
2026-05-20 09:41:40,956 [DEBUG] itemku: 📡 API: https://www.itemku.com/~partytown/proxytown
2026-05-20 09:41:40,957 [DEBUG] itemku: 📡 API: https://www.itemku.com/~partytown/proxytown
2026-05-20 09:41:40,965 [DEBUG] itemku: 📡 API: https://www.itemku.com/~partytown/proxytown
2026-05-20 09:41:40,968 [DEBUG] itemku: 📡 API: https://www.itemku.com/~partytown/proxytown
2026-05-20 09:41:40,973 [DEBUG] itemku: 📡 API: https://www.itemku.com/~partytown/proxytown
2026-05-20 09:41:40,992 [DEBUG] itemku: 📡 API: https://www.itemku.com/~partytown/proxytown
2026-05-20 09:41:40,992 [DEBUG] itemku: 📡 API: https://www.itemku.com/~partytown/proxytown
2026-05-20 09:41:41,008 [DEBUG] itemku: 📡 API: https://www.itemku.com/~partytown/proxytown
2026-05-20 09:41:41,022 [DEBUG] itemku: 📡 API: https://www.itemku.com/~partytown/proxytown
2026-05-20 09:41:41,041 [DEBUG] itemku: 📡 API: https://www.itemku.com/~partytown/proxytown
2026-05-20 09:41:41,061 [DEBUG] itemku: 📡 API: https://www.itemku.com/~partytown/proxytown
2026-05-20 09:41:41,064 [DEBUG] itemku: 📡 API: https://www.itemku.com/~partytown/proxytown
2026-05-20 09:41:41,071 [DEBUG] itemku: 📡 API: https://www.itemku.com/~partytown/proxytown
2026-05-20 09:41:41,079 [DEBUG] itemku: 📡 API: https://www.itemku.com/~partytown/proxytown
2026-05-20 09:41:41,083 [DEBUG] itemku: 📡 API: https://www.itemku.com/~partytown/proxytown
2026-05-20 09:41:41,087 [DEBUG] itemku: 📡 API: https://www.itemku.com/~partytown/proxytown
2026-05-20 09:41:41,090 [DEBUG] itemku: 📡 API: https://www.itemku.com/~partytown/proxytown
2026-05-20 09:41:41,096 [DEBUG] itemku: 📡 API: https://www.itemku.com/~partytown/proxytown
2026-05-20 09:41:41,097 [DEBUG] itemku: 📡 API: https://www.itemku.com/~partytown/proxytown
2026-05-20 09:41:41,099 [DEBUG] itemku: 📡 API: https://www.itemku.com/~partytown/proxytown
2026-05-20 09:41:41,101 [DEBUG] itemku: 📡 API: https://www.itemku.com/~partytown/proxytown
2026-05-20 09:41:41,105 [DEBUG] itemku: 📡 API: https://www.itemku.com/~partytown/proxytown
2026-05-20 09:41:41,105 [DEBUG] itemku: 📡 API: https://www.itemku.com/~partytown/proxytown
2026-05-20 09:41:41,113 [DEBUG] itemku: 📡 API: https://www.itemku.com/~partytown/proxytown
2026-05-20 09:41:41,113 [DEBUG] itemku: 📡 API: https://www.itemku.com/~partytown/proxytown
2026-05-20 09:41:41,122 [DEBUG] itemku: 📡 API: https://www.itemku.com/~partytown/proxytown
2026-05-20 09:41:41,122 [DEBUG] itemku: 📡 API: https://www.itemku.com/~partytown/proxytown
2026-05-20 09:41:41,131 [DEBUG] itemku: 📡 API: https://www.itemku.com/~partytown/proxytown
2026-05-20 09:41:41,136 [DEBUG] itemku: 📡 API: https://www.itemku.com/~partytown/proxytown
2026-05-20 09:41:41,139 [DEBUG] itemku: 📡 API: https://www.itemku.com/~partytown/proxytown
2026-05-20 09:41:41,142 [DEBUG] itemku: 📡 API: https://www.itemku.com/~partytown/proxytown
2026-05-20 09:41:41,147 [DEBUG] itemku: 📡 API: https://www.itemku.com/~partytown/proxytown
2026-05-20 09:41:41,152 [DEBUG] itemku: 📡 API: https://www.itemku.com/~partytown/proxytown
2026-05-20 09:41:41,155 [DEBUG] itemku: 📡 API: https://www.itemku.com/~partytown/proxytown
2026-05-20 09:41:41,159 [DEBUG] itemku: 📡 API: https://www.itemku.com/~partytown/proxytown
2026-05-20 09:41:41,164 [DEBUG] itemku: 📡 API: https://www.itemku.com/~partytown/proxytown
2026-05-20 09:41:41,164 [DEBUG] itemku: 📡 API: https://www.itemku.com/~partytown/proxytown
2026-05-20 09:41:41,168 [DEBUG] itemku: 📡 API: https://www.itemku.com/~partytown/proxytown
2026-05-20 09:41:41,169 [DEBUG] itemku: 📡 API: https://www.itemku.com/~partytown/proxytown
2026-05-20 09:41:42,608 [DEBUG] itemku: 📡 API: https://www.itemku.com/~partytown/proxytown
2026-05-20 09:41:42,833 [DEBUG] itemku: 📡 API: https://www.itemku.com/~partytown/proxytown
2026-05-20 09:41:42,833 [DEBUG] itemku: 📡 API: https://www.itemku.com/~partytown/proxytown
2026-05-20 09:41:42,844 [DEBUG] itemku: 📡 API: https://www.itemku.com/~partytown/proxytown
2026-05-20 09:41:42,872 [DEBUG] itemku: 📡 API: https://www.itemku.com/~partytown/proxytown
2026-05-20 09:41:42,873 [DEBUG] itemku: 📡 API: https://www.itemku.com/~partytown/proxytown
2026-05-20 09:41:42,878 [DEBUG] itemku: 📡 API: https://www.itemku.com/~partytown/proxytown
2026-05-20 09:41:42,887 [DEBUG] itemku: 📡 API: https://www.itemku.com/~partytown/proxytown
2026-05-20 09:41:42,893 [DEBUG] itemku: 📡 API: https://www.itemku.com/~partytown/proxytown
2026-05-20 09:41:42,893 [DEBUG] itemku: 📡 API: https://www.itemku.com/~partytown/proxytown
2026-05-20 09:41:42,905 [DEBUG] itemku: 📡 API: https://www.itemku.com/~partytown/proxytown
2026-05-20 09:41:42,908 [DEBUG] itemku: 📡 API: https://www.itemku.com/~partytown/proxytown
2026-05-20 09:41:42,918 [DEBUG] itemku: 📡 API: https://www.itemku.com/~partytown/proxytown
2026-05-20 09:41:42,918 [DEBUG] itemku: 📡 API: https://www.itemku.com/~partytown/proxytown
2026-05-20 09:41:42,926 [DEBUG] itemku: 📡 API: https://www.itemku.com/~partytown/proxytown
2026-05-20 09:41:42,929 [DEBUG] itemku: 📡 API: https://www.itemku.com/~partytown/proxytown
2026-05-20 09:41:42,933 [DEBUG] itemku: 📡 API: https://www.itemku.com/~partytown/proxytown
2026-05-20 09:41:42,936 [DEBUG] itemku: 📡 API: https://www.itemku.com/~partytown/proxytown
2026-05-20 09:41:42,940 [DEBUG] itemku: 📡 API: https://www.itemku.com/~partytown/proxytown
2026-05-20 09:41:42,943 [DEBUG] itemku: 📡 API: https://www.itemku.com/~partytown/proxytown
2026-05-20 09:41:42,944 [DEBUG] itemku: 📡 API: https://www.itemku.com/~partytown/proxytown
2026-05-20 09:41:42,947 [DEBUG] itemku: 📡 API: https://www.itemku.com/~partytown/proxytown
2026-05-20 09:41:42,947 [DEBUG] itemku: 📡 API: https://www.itemku.com/~partytown/proxytown
2026-05-20 09:41:42,951 [DEBUG] itemku: 📡 API: https://www.itemku.com/~partytown/proxytown
2026-05-20 09:41:42,954 [DEBUG] itemku: 📡 API: https://www.itemku.com/~partytown/proxytown
2026-05-20 09:41:42,961 [DEBUG] itemku: 📡 API: https://www.itemku.com/~partytown/proxytown
2026-05-20 09:41:42,961 [DEBUG] itemku: 📡 API: https://www.itemku.com/~partytown/proxytown
2026-05-20 09:41:42,967 [DEBUG] itemku: 📡 API: https://www.itemku.com/~partytown/proxytown
2026-05-20 09:41:42,974 [DEBUG] itemku: 📡 API: https://www.itemku.com/~partytown/proxytown
2026-05-20 09:41:42,978 [DEBUG] itemku: 📡 API: https://www.itemku.com/~partytown/proxytown
2026-05-20 09:41:42,982 [DEBUG] itemku: 📡 API: https://www.itemku.com/~partytown/proxytown
2026-05-20 09:41:42,983 [DEBUG] itemku: 📡 API: https://www.itemku.com/~partytown/proxytown
2026-05-20 09:41:42,990 [DEBUG] itemku: 📡 API: https://www.itemku.com/~partytown/proxytown
2026-05-20 09:41:42,996 [DEBUG] itemku: 📡 API: https://www.itemku.com/~partytown/proxytown
2026-05-20 09:41:43,000 [DEBUG] itemku: 📡 API: https://www.itemku.com/~partytown/proxytown
2026-05-20 09:41:43,001 [DEBUG] itemku: 📡 API: https://www.itemku.com/~partytown/proxytown
2026-05-20 09:41:43,005 [DEBUG] itemku: 📡 API: https://www.itemku.com/~partytown/proxytown
2026-05-20 09:41:43,006 [DEBUG] itemku: 📡 API: https://www.itemku.com/~partytown/proxytown
2026-05-20 09:41:43,010 [DEBUG] itemku: 📡 API: https://www.itemku.com/~partytown/proxytown
2026-05-20 09:41:43,018 [DEBUG] itemku: 📡 API: https://www.itemku.com/~partytown/proxytown
2026-05-20 09:41:43,024 [DEBUG] itemku: 📡 API: https://www.itemku.com/~partytown/proxytown
2026-05-20 09:41:43,024 [DEBUG] itemku: 📡 API: https://www.itemku.com/~partytown/proxytown
2026-05-20 09:41:43,033 [DEBUG] itemku: 📡 API: https://www.itemku.com/~partytown/proxytown
2026-05-20 09:41:43,041 [DEBUG] itemku: 📡 API: https://www.itemku.com/~partytown/proxytown
2026-05-20 09:41:43,041 [DEBUG] itemku: 📡 API: https://www.itemku.com/~partytown/proxytown
2026-05-20 09:41:43,044 [DEBUG] itemku: 📡 API: https://www.itemku.com/~partytown/proxytown
2026-05-20 09:41:43,048 [DEBUG] itemku: 📡 API: https://www.itemku.com/~partytown/proxytown
2026-05-20 09:41:43,051 [DEBUG] itemku: 📡 API: https://www.itemku.com/~partytown/proxytown
2026-05-20 09:41:43,055 [DEBUG] itemku: 📡 API: https://www.itemku.com/~partytown/proxytown
2026-05-20 09:41:43,060 [DEBUG] itemku: 📡 API: https://www.itemku.com/~partytown/proxytown
2026-05-20 09:41:43,060 [DEBUG] itemku: 📡 API: https://www.itemku.com/~partytown/proxytown
2026-05-20 09:41:43,065 [DEBUG] itemku: 📡 API: https://www.itemku.com/~partytown/proxytown
2026-05-20 09:41:43,073 [DEBUG] itemku: 📡 API: https://www.itemku.com/~partytown/proxytown
2026-05-20 09:41:43,076 [DEBUG] itemku: 📡 API: https://www.itemku.com/~partytown/proxytown
2026-05-20 09:41:43,081 [DEBUG] itemku: 📡 API: https://www.itemku.com/~partytown/proxytown
2026-05-20 09:41:43,081 [DEBUG] itemku: 📡 API: https://www.itemku.com/~partytown/proxytown
2026-05-20 09:41:43,082 [DEBUG] itemku: 📡 API: https://www.itemku.com/~partytown/proxytown
2026-05-20 09:41:44,825 [DEBUG] itemku: 📡 API: https://www.itemku.com/~partytown/proxytown
2026-05-20 09:41:44,834 [DEBUG] itemku: 📡 API: https://www.itemku.com/~partytown/proxytown
2026-05-20 09:41:44,841 [DEBUG] itemku: 📡 API: https://www.itemku.com/~partytown/proxytown
2026-05-20 09:41:44,850 [DEBUG] itemku: 📡 API: https://www.itemku.com/~partytown/proxytown
2026-05-20 09:41:44,853 [DEBUG] itemku: 📡 API: https://www.itemku.com/~partytown/proxytown
2026-05-20 09:41:44,858 [DEBUG] itemku: 📡 API: https://www.itemku.com/~partytown/proxytown
2026-05-20 09:41:44,861 [DEBUG] itemku: 📡 API: https://www.itemku.com/~partytown/proxytown
2026-05-20 09:41:44,866 [DEBUG] itemku: 📡 API: https://www.itemku.com/~partytown/proxytown
2026-05-20 09:41:44,866 [DEBUG] itemku: 📡 API: https://www.itemku.com/~partytown/proxytown
2026-05-20 09:41:44,873 [DEBUG] itemku: 📡 API: https://www.itemku.com/~partytown/proxytown
2026-05-20 09:41:44,878 [DEBUG] itemku: 📡 API: https://www.itemku.com/~partytown/proxytown
2026-05-20 09:41:44,878 [DEBUG] itemku: 📡 API: https://www.itemku.com/~partytown/proxytown
2026-05-20 09:41:44,885 [DEBUG] itemku: 📡 API: https://www.itemku.com/~partytown/proxytown
2026-05-20 09:41:44,891 [DEBUG] itemku: 📡 API: https://www.itemku.com/~partytown/proxytown
2026-05-20 09:41:44,894 [DEBUG] itemku: 📡 API: https://www.itemku.com/~partytown/proxytown
2026-05-20 09:41:44,899 [DEBUG] itemku: 📡 API: https://www.itemku.com/~partytown/proxytown
2026-05-20 09:41:44,903 [DEBUG] itemku: 📡 API: https://www.itemku.com/~partytown/proxytown
2026-05-20 09:41:44,907 [DEBUG] itemku: 📡 API: https://www.itemku.com/~partytown/proxytown
2026-05-20 09:41:44,910 [DEBUG] itemku: 📡 API: https://www.itemku.com/~partytown/proxytown
2026-05-20 09:41:44,916 [DEBUG] itemku: 📡 API: https://www.itemku.com/~partytown/proxytown
2026-05-20 09:41:44,917 [DEBUG] itemku: 📡 API: https://www.itemku.com/~partytown/proxytown
2026-05-20 09:41:44,921 [DEBUG] itemku: 📡 API: https://www.itemku.com/~partytown/proxytown
2026-05-20 09:41:44,929 [DEBUG] itemku: 📡 API: https://www.itemku.com/~partytown/proxytown
2026-05-20 09:41:44,933 [DEBUG] itemku: 📡 API: https://www.itemku.com/~partytown/proxytown
2026-05-20 09:41:44,937 [DEBUG] itemku: 📡 API: https://www.itemku.com/~partytown/proxytown
2026-05-20 09:41:44,942 [DEBUG] itemku: 📡 API: https://www.itemku.com/~partytown/proxytown
2026-05-20 09:41:44,942 [DEBUG] itemku: 📡 API: https://www.itemku.com/~partytown/proxytown
2026-05-20 09:41:44,949 [DEBUG] itemku: 📡 API: https://www.itemku.com/~partytown/proxytown
2026-05-20 09:41:44,949 [DEBUG] itemku: 📡 API: https://www.itemku.com/~partytown/proxytown
2026-05-20 09:41:44,957 [DEBUG] itemku: 📡 API: https://www.itemku.com/~partytown/proxytown
2026-05-20 09:41:44,960 [DEBUG] itemku: 📡 API: https://www.itemku.com/~partytown/proxytown
2026-05-20 09:41:44,961 [DEBUG] itemku: 📡 API: https://www.itemku.com/~partytown/proxytown
2026-05-20 09:41:44,967 [DEBUG] itemku: 📡 API: https://www.itemku.com/~partytown/proxytown
2026-05-20 09:41:44,971 [DEBUG] itemku: 📡 API: https://www.itemku.com/~partytown/proxytown
2026-05-20 09:41:44,980 [DEBUG] itemku: 📡 API: https://www.itemku.com/~partytown/proxytown
2026-05-20 09:41:44,991 [DEBUG] itemku: 📡 API: https://www.itemku.com/~partytown/proxytown
2026-05-20 09:41:44,992 [DEBUG] itemku: 📡 API: https://www.itemku.com/~partytown/proxytown
2026-05-20 09:41:44,999 [DEBUG] itemku: 📡 API: https://www.itemku.com/~partytown/proxytown
2026-05-20 09:41:45,006 [DEBUG] itemku: 📡 API: https://www.itemku.com/~partytown/proxytown
2026-05-20 09:41:45,011 [DEBUG] itemku: 📡 API: https://www.itemku.com/~partytown/proxytown
2026-05-20 09:41:45,022 [DEBUG] itemku: 📡 API: https://www.itemku.com/~partytown/proxytown
2026-05-20 09:41:45,031 [DEBUG] itemku: 📡 API: https://www.itemku.com/~partytown/proxytown
2026-05-20 09:41:45,031 [DEBUG] itemku: 📡 API: https://www.itemku.com/~partytown/proxytown
2026-05-20 09:41:45,035 [DEBUG] itemku: 📡 API: https://www.itemku.com/~partytown/proxytown
2026-05-20 09:41:45,043 [DEBUG] itemku: 📡 API: https://www.itemku.com/~partytown/proxytown
2026-05-20 09:41:45,049 [DEBUG] itemku: 📡 API: https://www.itemku.com/~partytown/proxytown
2026-05-20 09:41:45,060 [DEBUG] itemku: 📡 API: https://www.itemku.com/~partytown/proxytown
2026-05-20 09:41:45,060 [DEBUG] itemku: 📡 API: https://www.itemku.com/~partytown/proxytown
2026-05-20 09:41:45,067 [DEBUG] itemku: 📡 API: https://www.itemku.com/~partytown/proxytown
2026-05-20 09:41:45,073 [DEBUG] itemku: 📡 API: https://www.itemku.com/~partytown/proxytown
2026-05-20 09:41:45,074 [DEBUG] itemku: 📡 API: https://www.itemku.com/~partytown/proxytown
2026-05-20 09:41:45,080 [DEBUG] itemku: 📡 API: https://www.itemku.com/~partytown/proxytown
2026-05-20 09:41:45,086 [DEBUG] itemku: 📡 API: https://www.itemku.com/~partytown/proxytown
2026-05-20 09:41:45,096 [DEBUG] itemku: 📡 API: https://www.itemku.com/~partytown/proxytown
2026-05-20 09:41:45,096 [DEBUG] itemku: 📡 API: https://www.itemku.com/~partytown/proxytown
2026-05-20 09:41:45,097 [DEBUG] itemku: 📡 API: https://www.itemku.com/~partytown/proxytown
2026-05-20 09:41:46,835 [DEBUG] itemku: 📡 API: https://www.itemku.com/~partytown/proxytown
2026-05-20 09:41:46,847 [DEBUG] itemku: 📡 API: https://www.itemku.com/~partytown/proxytown
2026-05-20 09:41:46,860 [DEBUG] itemku: 📡 API: https://www.itemku.com/~partytown/proxytown
2026-05-20 09:41:46,868 [DEBUG] itemku: 📡 API: https://www.itemku.com/~partytown/proxytown
2026-05-20 09:41:46,878 [DEBUG] itemku: 📡 API: https://www.itemku.com/~partytown/proxytown
2026-05-20 09:41:46,888 [DEBUG] itemku: 📡 API: https://www.itemku.com/~partytown/proxytown
2026-05-20 09:41:46,901 [DEBUG] itemku: 📡 API: https://www.itemku.com/~partytown/proxytown
2026-05-20 09:41:46,909 [DEBUG] itemku: 📡 API: https://www.itemku.com/~partytown/proxytown
2026-05-20 09:41:46,916 [DEBUG] itemku: 📡 API: https://www.itemku.com/~partytown/proxytown
2026-05-20 09:41:46,927 [DEBUG] itemku: 📡 API: https://www.itemku.com/~partytown/proxytown
2026-05-20 09:41:46,933 [DEBUG] itemku: 📡 API: https://www.itemku.com/~partytown/proxytown
2026-05-20 09:41:46,938 [DEBUG] itemku: 📡 API: https://www.itemku.com/~partytown/proxytown
2026-05-20 09:41:46,945 [DEBUG] itemku: 📡 API: https://www.itemku.com/~partytown/proxytown
2026-05-20 09:41:46,946 [DEBUG] itemku: 📡 API: https://www.itemku.com/~partytown/proxytown
2026-05-20 09:41:46,950 [DEBUG] itemku: 📡 API: https://www.itemku.com/~partytown/proxytown
2026-05-20 09:41:46,955 [DEBUG] itemku: 📡 API: https://www.itemku.com/~partytown/proxytown
2026-05-20 09:41:46,960 [DEBUG] itemku: 📡 API: https://www.itemku.com/~partytown/proxytown
2026-05-20 09:41:46,966 [DEBUG] itemku: 📡 API: https://www.itemku.com/~partytown/proxytown
2026-05-20 09:41:46,972 [DEBUG] itemku: 📡 API: https://www.itemku.com/~partytown/proxytown
2026-05-20 09:41:46,975 [DEBUG] itemku: 📡 API: https://www.itemku.com/~partytown/proxytown
2026-05-20 09:41:46,980 [DEBUG] itemku: 📡 API: https://www.itemku.com/~partytown/proxytown
2026-05-20 09:41:46,985 [DEBUG] itemku: 📡 API: https://www.itemku.com/~partytown/proxytown
2026-05-20 09:41:46,990 [DEBUG] itemku: 📡 API: https://www.itemku.com/~partytown/proxytown
2026-05-20 09:41:46,997 [DEBUG] itemku: 📡 API: https://www.itemku.com/~partytown/proxytown
2026-05-20 09:41:47,001 [DEBUG] itemku: 📡 API: https://www.itemku.com/~partytown/proxytown
2026-05-20 09:41:47,010 [DEBUG] itemku: 📡 API: https://www.itemku.com/~partytown/proxytown
2026-05-20 09:41:47,020 [DEBUG] itemku: 📡 API: https://www.itemku.com/~partytown/proxytown
2026-05-20 09:41:47,021 [DEBUG] itemku: 📡 API: https://www.itemku.com/~partytown/proxytown
2026-05-20 09:41:47,032 [DEBUG] itemku: 📡 API: https://www.itemku.com/~partytown/proxytown
2026-05-20 09:41:47,032 [DEBUG] itemku: 📡 API: https://www.itemku.com/~partytown/proxytown
2026-05-20 09:41:47,035 [DEBUG] itemku: 📡 API: https://www.itemku.com/~partytown/proxytown
2026-05-20 09:41:47,041 [DEBUG] itemku: 📡 API: https://www.itemku.com/~partytown/proxytown
2026-05-20 09:41:47,047 [DEBUG] itemku: 📡 API: https://www.itemku.com/~partytown/proxytown
2026-05-20 09:41:47,056 [DEBUG] itemku: 📡 API: https://www.itemku.com/~partytown/proxytown
2026-05-20 09:41:47,062 [DEBUG] itemku: 📡 API: https://www.itemku.com/~partytown/proxytown
2026-05-20 09:41:47,063 [DEBUG] itemku: 📡 API: https://www.itemku.com/~partytown/proxytown
2026-05-20 09:41:47,067 [DEBUG] itemku: 📡 API: https://www.itemku.com/~partytown/proxytown
2026-05-20 09:41:47,074 [DEBUG] itemku: 📡 API: https://www.itemku.com/~partytown/proxytown
2026-05-20 09:41:47,086 [DEBUG] itemku: 📡 API: https://www.itemku.com/~partytown/proxytown
2026-05-20 09:41:47,086 [DEBUG] itemku: 📡 API: https://www.itemku.com/~partytown/proxytown
2026-05-20 09:41:47,093 [DEBUG] itemku: 📡 API: https://www.itemku.com/~partytown/proxytown
2026-05-20 09:41:47,093 [DEBUG] itemku: 📡 API: https://www.itemku.com/~partytown/proxytown
2026-05-20 09:41:47,099 [DEBUG] itemku: 📡 API: https://www.itemku.com/~partytown/proxytown
2026-05-20 09:41:47,106 [DEBUG] itemku: 📡 API: https://www.itemku.com/~partytown/proxytown
2026-05-20 09:41:47,111 [DEBUG] itemku: 📡 API: https://www.itemku.com/~partytown/proxytown
2026-05-20 09:41:47,117 [DEBUG] itemku: 📡 API: https://www.itemku.com/~partytown/proxytown
2026-05-20 09:41:47,123 [DEBUG] itemku: 📡 API: https://www.itemku.com/~partytown/proxytown
2026-05-20 09:41:47,127 [DEBUG] itemku: 📡 API: https://www.itemku.com/~partytown/proxytown
2026-05-20 09:41:47,134 [DEBUG] itemku: 📡 API: https://www.itemku.com/~partytown/proxytown
2026-05-20 09:41:47,139 [DEBUG] itemku: 📡 API: https://www.itemku.com/~partytown/proxytown
2026-05-20 09:41:47,139 [DEBUG] itemku: 📡 API: https://www.itemku.com/~partytown/proxytown
2026-05-20 09:41:47,141 [DEBUG] itemku: 📡 API: https://www.itemku.com/~partytown/proxytown
2026-05-20 09:41:47,147 [DEBUG] itemku: 📡 API: https://www.itemku.com/~partytown/proxytown
2026-05-20 09:41:47,155 [DEBUG] itemku: 📡 API: https://www.itemku.com/~partytown/proxytown
2026-05-20 09:41:47,155 [DEBUG] itemku: 📡 API: https://www.itemku.com/~partytown/proxytown
2026-05-20 09:41:47,156 [DEBUG] itemku: 📡 API: https://www.itemku.com/~partytown/proxytown
2026-05-20 09:41:48,637 [INFO] itemku: 💾 Simpan debug...
2026-05-20 09:41:50,369 [DEBUG] itemku: 📡 API: https://api-gateway.itemku.com/v1/expansion-country?sort=sequence
2026-05-20 09:41:50,449 [DEBUG] itemku: 📡 API: https://www.itemku.com/~partytown/proxytown
2026-05-20 09:41:50,451 [DEBUG] itemku: 📡 API: https://www.itemku.com/~partytown/proxytown
2026-05-20 09:41:50,560 [DEBUG] itemku: 📡 API: https://api-gateway.itemku.com/v1/product/game-list?per_page=5&sort=latest&country_codes[]=id&utm_src=csr_c2c&is_exclusive=false
2026-05-20 09:41:50,581 [DEBUG] itemku: 📡 API: https://www.itemku.com/~partytown/proxytown
2026-05-20 09:41:51,719 [INFO] itemku: 📸 Screenshot tersimpan
2026-05-20 09:41:51,720 [INFO] itemku: 📡 API tertangkap: 699
2026-05-20 09:41:51,722 [INFO] itemku: ✅ Produk dari API: 13
2026-05-20 09:41:51,785 [INFO] itemku: 📦 Total produk: 13
2026-05-20 09:41:51,785 [DEBUG] itemku: ⏳ Delay 2.3s...
2026-05-20 09:41:54,082 [INFO] itemku: 
============================================================
2026-05-20 09:41:54,083 [INFO] itemku: 📂 KATEGORI: free-fire
2026-05-20 09:41:54,083 [INFO] itemku: ============================================================
2026-05-20 09:41:54,084 [INFO] itemku: 🔍 Scrape kategori:
2026-05-20 09:41:54,085 [INFO] itemku:    URL: https://www.itemku.com/c/free-fire
2026-05-20 09:41:55,453 [DEBUG] itemku: 📡 API: https://files.itemku.com/language/id.json
2026-05-20 09:41:55,628 [DEBUG] itemku: 📡 API: https://www.itemku.com/~partytown/proxytown
2026-05-20 09:41:55,753 [DEBUG] itemku: 📡 API: https://www.itemku.com/~partytown/proxytown
2026-05-20 09:41:55,773 [DEBUG] itemku: 📡 API: https://www.itemku.com/~partytown/proxytown
2026-05-20 09:41:55,774 [DEBUG] itemku: 📡 API: https://www.itemku.com/~partytown/proxytown
2026-05-20 09:41:55,833 [DEBUG] itemku: 📡 API: https://www.itemku.com/~partytown/proxytown
2026-05-20 09:41:55,846 [DEBUG] itemku: 📡 API: https://www.itemku.com/~partytown/proxytown
2026-05-20 09:41:55,850 [DEBUG] itemku: 📡 API: https://www.itemku.com/~partytown/proxytown
2026-05-20 09:41:55,889 [DEBUG] itemku: 📡 API: https://api-gateway.itemku.com/v1/user-location
2026-05-20 09:41:55,926 [DEBUG] itemku: 📡 API: https://api-gateway.itemku.com/v1/product/game-category?country_codes[]=id&slug=mobile-game&is_exclude_empty_game_category_lists=true&per_page=50&is_exclusive=false
2026-05-20 09:41:55,927 [DEBUG] itemku: 📡 API: https://api-gateway.itemku.com/v1/metadata/icon-placeholder-mobile-payment
2026-05-20 09:41:55,927 [DEBUG] itemku: 📡 API: https://www.itemku.com/~partytown/proxytown
2026-05-20 09:41:55,928 [DEBUG] itemku: 📡 API: https://api-gateway.itemku.com/v1/currency/detail
2026-05-20 09:41:55,937 [DEBUG] itemku: 📡 API: https://www.itemku.com/_next/data/ox5kkx6ecmuea2igmr6vx/c/tipe-produk.json
2026-05-20 09:41:55,941 [DEBUG] itemku: 📡 API: https://www.itemku.com/~partytown/proxytown
2026-05-20 09:41:55,973 [DEBUG] itemku: 📡 API: https://www.itemku.com/~partytown/proxytown
2026-05-20 09:41:55,990 [DEBUG] itemku: 📡 API: https://www.itemku.com/~partytown/proxytown
2026-05-20 09:41:55,992 [DEBUG] itemku: 📡 API: https://www.itemku.com/~partytown/proxytown
2026-05-20 09:41:56,731 [DEBUG] itemku: 📡 API: https://script.crazyegg.com/pages/data-scripts/0113/7987/site/www.itemku.com.json?t=1
2026-05-20 09:41:57,027 [DEBUG] itemku: 📡 API: https://www.itemku.com/~partytown/proxytown
2026-05-20 09:41:57,034 [DEBUG] itemku: 📡 API: https://www.itemku.com/~partytown/proxytown
2026-05-20 09:41:57,077 [DEBUG] itemku: 📡 API: https://api-gateway.itemku.com/v1/expansion-country?sort=sequence
2026-05-20 09:41:57,231 [DEBUG] itemku: 📡 API: https://api-gateway.itemku.com/v1/product/game-category-popular?per_page=50&is_exclude_empty_game_category_lists=1&country_codes[]=id&type=1&usecache=false&is_category_v2=true&is_exclusive=false
2026-05-20 09:41:57,393 [DEBUG] itemku: 📡 API: https://www.itemku.com/~partytown/proxytown
2026-05-20 09:41:57,393 [DEBUG] itemku: 📡 API: https://www.itemku.com/~partytown/proxytown
2026-05-20 09:41:57,396 [DEBUG] itemku: 📡 API: https://api-gateway.itemku.com/v1/product/game-list?per_page=5&sort=latest&country_codes[]=id&utm_src=csr_c2c&is_exclusive=false
2026-05-20 09:41:57,470 [DEBUG] itemku: 📡 API: https://www.itemku.com/~partytown/proxytown
2026-05-20 09:41:57,477 [DEBUG] itemku: 📡 API: https://www.itemku.com/~partytown/proxytown
2026-05-20 09:41:57,603 [DEBUG] itemku: 📡 API: https://script.crazyegg.com/pages/data-scripts/0113/7987/sampling/www.itemku.com.json?t=1
2026-05-20 09:41:57,661 [DEBUG] itemku: 📡 API: https://www.itemku.com/~partytown/proxytown
2026-05-20 09:41:57,670 [DEBUG] itemku: 📡 API: https://www.itemku.com/~partytown/proxytown
2026-05-20 09:41:57,677 [DEBUG] itemku: 📡 API: https://www.itemku.com/~partytown/proxytown
2026-05-20 09:41:57,677 [DEBUG] itemku: 📡 API: https://www.itemku.com/~partytown/proxytown
2026-05-20 09:41:57,685 [DEBUG] itemku: 📡 API: https://www.itemku.com/~partytown/proxytown
2026-05-20 09:41:57,689 [DEBUG] itemku: 📡 API: https://www.itemku.com/~partytown/proxytown
2026-05-20 09:41:57,696 [DEBUG] itemku: 📡 API: https://www.itemku.com/~partytown/proxytown
2026-05-20 09:41:57,705 [DEBUG] itemku: 📡 API: https://www.itemku.com/~partytown/proxytown
2026-05-20 09:41:57,719 [DEBUG] itemku: 📡 API: https://www.itemku.com/~partytown/proxytown
2026-05-20 09:41:57,720 [DEBUG] itemku: 📡 API: https://www.itemku.com/~partytown/proxytown
2026-05-20 09:41:57,732 [DEBUG] itemku: 📡 API: https://www.itemku.com/~partytown/proxytown
2026-05-20 09:41:57,732 [DEBUG] itemku: 📡 API: https://www.itemku.com/~partytown/proxytown
2026-05-20 09:41:57,740 [DEBUG] itemku: 📡 API: https://www.itemku.com/~partytown/proxytown
2026-05-20 09:41:57,746 [DEBUG] itemku: 📡 API: https://www.itemku.com/~partytown/proxytown
2026-05-20 09:41:57,746 [DEBUG] itemku: 📡 API: https://www.itemku.com/~partytown/proxytown
2026-05-20 09:41:57,754 [DEBUG] itemku: 📡 API: https://www.itemku.com/~partytown/proxytown
2026-05-20 09:41:57,780 [DEBUG] itemku: 📡 API: https://www.itemku.com/~partytown/proxytown
2026-05-20 09:41:57,789 [DEBUG] itemku: 📡 API: https://www.itemku.com/~partytown/proxytown
2026-05-20 09:41:57,794 [DEBUG] itemku: 📡 API: https://www.itemku.com/~partytown/proxytown
2026-05-20 09:41:57,795 [DEBUG] itemku: 📡 API: https://www.itemku.com/~partytown/proxytown
2026-05-20 09:41:57,802 [DEBUG] itemku: 📡 API: https://www.itemku.com/~partytown/proxytown
2026-05-20 09:41:57,808 [DEBUG] itemku: 📡 API: https://www.itemku.com/~partytown/proxytown
2026-05-20 09:41:57,809 [DEBUG] itemku: 📡 API: https://www.itemku.com/~partytown/proxytown
2026-05-20 09:41:57,818 [DEBUG] itemku: 📡 API: https://www.itemku.com/~partytown/proxytown
2026-05-20 09:41:57,819 [DEBUG] itemku: 📡 API: https://www.itemku.com/~partytown/proxytown
2026-05-20 09:41:57,825 [DEBUG] itemku: 📡 API: https://www.itemku.com/~partytown/proxytown
2026-05-20 09:41:57,825 [DEBUG] itemku: 📡 API: https://www.itemku.com/~partytown/proxytown
2026-05-20 09:41:57,836 [DEBUG] itemku: 📡 API: https://www.itemku.com/~partytown/proxytown
2026-05-20 09:41:57,837 [DEBUG] itemku: 📡 API: https://www.itemku.com/~partytown/proxytown
2026-05-20 09:41:57,845 [DEBUG] itemku: 📡 API: https://www.itemku.com/~partytown/proxytown
2026-05-20 09:41:57,850 [DEBUG] itemku: 📡 API: https://www.itemku.com/~partytown/proxytown
2026-05-20 09:41:57,850 [DEBUG] itemku: 📡 API: https://www.itemku.com/~partytown/proxytown
2026-05-20 09:41:57,853 [DEBUG] itemku: 📡 API: https://www.itemku.com/~partytown/proxytown
2026-05-20 09:41:57,859 [DEBUG] itemku: 📡 API: https://www.itemku.com/~partytown/proxytown
2026-05-20 09:41:57,864 [DEBUG] itemku: 📡 API: https://www.itemku.com/~partytown/proxytown
2026-05-20 09:41:57,868 [DEBUG] itemku: 📡 API: https://www.itemku.com/~partytown/proxytown
2026-05-20 09:41:57,880 [DEBUG] itemku: 📡 API: https://www.itemku.com/~partytown/proxytown
2026-05-20 09:41:57,885 [DEBUG] itemku: 📡 API: https://www.itemku.com/~partytown/proxytown
2026-05-20 09:41:57,890 [DEBUG] itemku: 📡 API: https://www.itemku.com/~partytown/proxytown
2026-05-20 09:41:57,890 [DEBUG] itemku: 📡 API: https://www.itemku.com/~partytown/proxytown
2026-05-20 09:41:57,896 [DEBUG] itemku: 📡 API: https://www.itemku.com/~partytown/proxytown
2026-05-20 09:41:57,902 [DEBUG] itemku: 📡 API: https://www.itemku.com/~partytown/proxytown
2026-05-20 09:41:57,909 [DEBUG] itemku: 📡 API: https://www.itemku.com/~partytown/proxytown
2026-05-20 09:41:57,914 [DEBUG] itemku: 📡 API: https://www.itemku.com/~partytown/proxytown
2026-05-20 09:41:57,921 [DEBUG] itemku: 📡 API: https://www.itemku.com/~partytown/proxytown
2026-05-20 09:41:57,925 [DEBUG] itemku: 📡 API: https://www.itemku.com/~partytown/proxytown
2026-05-20 09:41:57,930 [DEBUG] itemku: 📡 API: https://www.itemku.com/~partytown/proxytown
2026-05-20 09:41:57,938 [DEBUG] itemku: 📡 API: https://www.itemku.com/~partytown/proxytown
2026-05-20 09:41:57,947 [DEBUG] itemku: 📡 API: https://www.itemku.com/~partytown/proxytown
2026-05-20 09:41:57,947 [DEBUG] itemku: 📡 API: https://www.itemku.com/~partytown/proxytown
2026-05-20 09:41:57,955 [DEBUG] itemku: 📡 API: https://www.itemku.com/~partytown/proxytown
2026-05-20 09:41:57,958 [DEBUG] itemku: 📡 API: https://www.itemku.com/~partytown/proxytown
2026-05-20 09:41:57,971 [DEBUG] itemku: 📡 API: https://www.itemku.com/~partytown/proxytown
2026-05-20 09:41:57,978 [DEBUG] itemku: 📡 API: https://www.itemku.com/~partytown/proxytown
2026-05-20 09:41:57,983 [DEBUG] itemku: 📡 API: https://www.itemku.com/~partytown/proxytown
2026-05-20 09:41:57,990 [DEBUG] itemku: 📡 API: https://www.itemku.com/~partytown/proxytown
2026-05-20 09:41:57,996 [DEBUG] itemku: 📡 API: https://www.itemku.com/~partytown/proxytown
2026-05-20 09:41:57,998 [DEBUG] itemku: 📡 API: https://www.itemku.com/~partytown/proxytown
2026-05-20 09:41:58,060 [DEBUG] itemku: 📡 API: https://www.itemku.com/~partytown/proxytown
2026-05-20 09:41:58,067 [DEBUG] itemku: 📡 API: https://www.itemku.com/~partytown/proxytown
2026-05-20 09:41:58,069 [DEBUG] itemku: 📡 API: https://www.itemku.com/~partytown/proxytown
2026-05-20 09:41:58,088 [DEBUG] itemku: 📡 API: https://www.itemku.com/~partytown/proxytown
2026-05-20 09:41:58,095 [DEBUG] itemku: 📡 API: https://www.itemku.com/~partytown/proxytown
2026-05-20 09:41:58,103 [DEBUG] itemku: 📡 API: https://www.itemku.com/~partytown/proxytown
2026-05-20 09:41:58,109 [DEBUG] itemku: 📡 API: https://www.itemku.com/~partytown/proxytown
2026-05-20 09:41:58,116 [DEBUG] itemku: 📡 API: https://www.itemku.com/~partytown/proxytown
2026-05-20 09:41:58,127 [DEBUG] itemku: 📡 API: https://www.itemku.com/~partytown/proxytown
2026-05-20 09:41:58,132 [DEBUG] itemku: 📡 API: https://www.itemku.com/~partytown/proxytown
2026-05-20 09:41:58,133 [DEBUG] itemku: 📡 API: https://www.itemku.com/~partytown/proxytown
2026-05-20 09:41:58,140 [DEBUG] itemku: 📡 API: https://www.itemku.com/~partytown/proxytown
2026-05-20 09:41:58,149 [DEBUG] itemku: 📡 API: https://www.itemku.com/~partytown/proxytown
2026-05-20 09:41:58,153 [DEBUG] itemku: 📡 API: https://www.itemku.com/~partytown/proxytown
2026-05-20 09:41:58,154 [DEBUG] itemku: 📡 API: https://www.itemku.com/~partytown/proxytown
2026-05-20 09:41:58,161 [DEBUG] itemku: 📡 API: https://www.itemku.com/~partytown/proxytown
2026-05-20 09:41:58,167 [DEBUG] itemku: 📡 API: https://www.itemku.com/~partytown/proxytown
2026-05-20 09:41:58,168 [DEBUG] itemku: 📡 API: https://www.itemku.com/~partytown/proxytown
2026-05-20 09:41:58,175 [DEBUG] itemku: 📡 API: https://www.itemku.com/~partytown/proxytown
2026-05-20 09:41:58,182 [DEBUG] itemku: 📡 API: https://www.itemku.com/~partytown/proxytown
2026-05-20 09:41:58,188 [DEBUG] itemku: 📡 API: https://www.itemku.com/~partytown/proxytown
2026-05-20 09:41:58,188 [DEBUG] itemku: 📡 API: https://www.itemku.com/~partytown/proxytown
2026-05-20 09:41:58,196 [DEBUG] itemku: 📡 API: https://www.itemku.com/~partytown/proxytown
2026-05-20 09:41:58,196 [DEBUG] itemku: 📡 API: https://www.itemku.com/~partytown/proxytown
2026-05-20 09:41:58,203 [DEBUG] itemku: 📡 API: https://www.itemku.com/~partytown/proxytown
2026-05-20 09:41:58,208 [DEBUG] itemku: 📡 API: https://www.itemku.com/~partytown/proxytown
2026-05-20 09:41:58,213 [DEBUG] itemku: 📡 API: https://www.itemku.com/~partytown/proxytown
2026-05-20 09:41:58,222 [DEBUG] itemku: 📡 API: https://www.itemku.com/~partytown/proxytown
2026-05-20 09:41:58,229 [DEBUG] itemku: 📡 API: https://www.itemku.com/~partytown/proxytown
2026-05-20 09:41:58,230 [DEBUG] itemku: 📡 API: https://www.itemku.com/~partytown/proxytown
2026-05-20 09:41:58,240 [DEBUG] itemku: 📡 API: https://www.itemku.com/~partytown/proxytown
2026-05-20 09:41:58,241 [DEBUG] itemku: 📡 API: https://www.itemku.com/~partytown/proxytown
2026-05-20 09:41:58,247 [DEBUG] itemku: 📡 API: https://www.itemku.com/~partytown/proxytown
2026-05-20 09:41:58,251 [DEBUG] itemku: 📡 API: https://www.itemku.com/~partytown/proxytown
2026-05-20 09:41:58,257 [DEBUG] itemku: 📡 API: https://www.itemku.com/~partytown/proxytown
2026-05-20 09:41:58,264 [DEBUG] itemku: 📡 API: https://www.itemku.com/~partytown/proxytown
2026-05-20 09:41:58,264 [DEBUG] itemku: 📡 API: https://www.itemku.com/~partytown/proxytown
2026-05-20 09:41:58,271 [DEBUG] itemku: 📡 API: https://www.itemku.com/~partytown/proxytown
2026-05-20 09:41:58,275 [DEBUG] itemku: 📡 API: https://www.itemku.com/~partytown/proxytown
2026-05-20 09:41:58,281 [DEBUG] itemku: 📡 API: https://www.itemku.com/~partytown/proxytown
2026-05-20 09:41:58,285 [DEBUG] itemku: 📡 API: https://www.itemku.com/~partytown/proxytown
2026-05-20 09:41:58,292 [DEBUG] itemku: 📡 API: https://www.itemku.com/~partytown/proxytown
2026-05-20 09:41:58,292 [DEBUG] itemku: 📡 API: https://www.itemku.com/~partytown/proxytown
2026-05-20 09:41:58,297 [DEBUG] itemku: 📡 API: https://www.itemku.com/~partytown/proxytown
2026-05-20 09:41:58,305 [DEBUG] itemku: 📡 API: https://www.itemku.com/~partytown/proxytown
2026-05-20 09:41:58,305 [DEBUG] itemku: 📡 API: https://www.itemku.com/~partytown/proxytown
2026-05-20 09:41:58,309 [DEBUG] itemku: 📡 API: https://www.itemku.com/~partytown/proxytown
2026-05-20 09:41:58,313 [DEBUG] itemku: 📡 API: https://www.itemku.com/~partytown/proxytown
2026-05-20 09:41:58,316 [DEBUG] itemku: 📡 API: https://www.itemku.com/~partytown/proxytown
2026-05-20 09:41:58,320 [DEBUG] itemku: 📡 API: https://www.itemku.com/~partytown/proxytown
2026-05-20 09:41:58,327 [DEBUG] itemku: 📡 API: https://www.itemku.com/~partytown/proxytown
2026-05-20 09:41:58,333 [DEBUG] itemku: 📡 API: https://www.itemku.com/~partytown/proxytown
2026-05-20 09:41:58,333 [DEBUG] itemku: 📡 API: https://www.itemku.com/~partytown/proxytown
2026-05-20 09:41:58,341 [DEBUG] itemku: 📡 API: https://www.itemku.com/~partytown/proxytown
2026-05-20 09:41:58,341 [DEBUG] itemku: 📡 API: https://www.itemku.com/~partytown/proxytown
2026-05-20 09:41:58,347 [DEBUG] itemku: 📡 API: https://www.itemku.com/~partytown/proxytown
2026-05-20 09:41:58,351 [DEBUG] itemku: 📡 API: https://www.itemku.com/~partytown/proxytown
2026-05-20 09:41:58,357 [DEBUG] itemku: 📡 API: https://www.itemku.com/~partytown/proxytown
2026-05-20 09:41:58,363 [DEBUG] itemku: 📡 API: https://www.itemku.com/~partytown/proxytown
2026-05-20 09:41:58,366 [DEBUG] itemku: 📡 API: https://www.itemku.com/~partytown/proxytown
2026-05-20 09:41:58,387 [DEBUG] itemku: 📡 API: https://www.itemku.com/~partytown/proxytown
2026-05-20 09:41:58,389 [DEBUG] itemku: 📡 API: https://www.itemku.com/~partytown/proxytown
2026-05-20 09:41:58,390 [DEBUG] itemku: 📡 API: https://www.itemku.com/~partytown/proxytown
2026-05-20 09:41:58,398 [DEBUG] itemku: 📡 API: https://www.itemku.com/~partytown/proxytown
2026-05-20 09:41:58,406 [DEBUG] itemku: 📡 API: https://www.itemku.com/~partytown/proxytown
2026-05-20 09:41:58,411 [DEBUG] itemku: 📡 API: https://www.itemku.com/~partytown/proxytown
2026-05-20 09:41:58,414 [DEBUG] itemku: 📡 API: https://www.itemku.com/~partytown/proxytown
2026-05-20 09:41:58,419 [DEBUG] itemku: 📡 API: https://www.itemku.com/~partytown/proxytown
2026-05-20 09:41:58,426 [DEBUG] itemku: 📡 API: https://www.itemku.com/~partytown/proxytown
2026-05-20 09:41:58,426 [DEBUG] itemku: 📡 API: https://www.itemku.com/~partytown/proxytown
2026-05-20 09:41:58,434 [DEBUG] itemku: 📡 API: https://www.itemku.com/~partytown/proxytown
2026-05-20 09:41:58,441 [DEBUG] itemku: 📡 API: https://www.itemku.com/~partytown/proxytown
2026-05-20 09:41:58,441 [DEBUG] itemku: 📡 API: https://www.itemku.com/~partytown/proxytown
2026-05-20 09:41:58,444 [DEBUG] itemku: 📡 API: https://www.itemku.com/~partytown/proxytown
2026-05-20 09:41:58,450 [DEBUG] itemku: 📡 API: https://www.itemku.com/~partytown/proxytown
2026-05-20 09:41:58,455 [DEBUG] itemku: 📡 API: https://www.itemku.com/~partytown/proxytown
2026-05-20 09:41:58,462 [DEBUG] itemku: 📡 API: https://www.itemku.com/~partytown/proxytown
2026-05-20 09:41:58,472 [DEBUG] itemku: 📡 API: https://www.itemku.com/~partytown/proxytown
2026-05-20 09:41:58,474 [DEBUG] itemku: 📡 API: https://www.itemku.com/~partytown/proxytown
2026-05-20 09:41:58,479 [DEBUG] itemku: 📡 API: https://www.itemku.com/~partytown/proxytown
2026-05-20 09:41:58,479 [DEBUG] itemku: 📡 API: https://www.itemku.com/~partytown/proxytown
2026-05-20 09:41:58,484 [DEBUG] itemku: 📡 API: https://www.itemku.com/~partytown/proxytown
2026-05-20 09:41:58,491 [DEBUG] itemku: 📡 API: https://www.itemku.com/~partytown/proxytown
2026-05-20 09:41:58,496 [DEBUG] itemku: 📡 API: https://www.itemku.com/~partytown/proxytown
2026-05-20 09:41:58,501 [DEBUG] itemku: 📡 API: https://www.itemku.com/~partytown/proxytown
2026-05-20 09:41:58,510 [DEBUG] itemku: 📡 API: https://www.itemku.com/~partytown/proxytown
2026-05-20 09:41:58,514 [DEBUG] itemku: 📡 API: https://www.itemku.com/~partytown/proxytown
2026-05-20 09:41:58,519 [DEBUG] itemku: 📡 API: https://www.itemku.com/~partytown/proxytown
2026-05-20 09:41:58,526 [DEBUG] itemku: 📡 API: https://www.itemku.com/~partytown/proxytown
2026-05-20 09:41:58,526 [DEBUG] itemku: 📡 API: https://www.itemku.com/~partytown/proxytown
2026-05-20 09:41:58,537 [DEBUG] itemku: 📡 API: https://www.itemku.com/~partytown/proxytown
2026-05-20 09:41:58,537 [DEBUG] itemku: 📡 API: https://www.itemku.com/~partytown/proxytown
2026-05-20 09:41:58,563 [DEBUG] itemku: 📡 API: https://www.itemku.com/~partytown/proxytown
2026-05-20 09:41:58,572 [DEBUG] itemku: 📡 API: https://www.itemku.com/~partytown/proxytown
2026-05-20 09:41:58,576 [DEBUG] itemku: 📡 API: https://www.itemku.com/~partytown/proxytown
2026-05-20 09:41:58,601 [DEBUG] itemku: 📡 API: https://www.itemku.com/~partytown/proxytown
2026-05-20 09:41:58,612 [DEBUG] itemku: 📡 API: https://www.itemku.com/~partytown/proxytown
2026-05-20 09:41:58,617 [DEBUG] itemku: 📡 API: https://www.itemku.com/~partytown/proxytown
2026-05-20 09:41:58,618 [DEBUG] itemku: 📡 API: https://www.itemku.com/~partytown/proxytown
2026-05-20 09:41:58,627 [DEBUG] itemku: 📡 API: https://www.itemku.com/~partytown/proxytown
2026-05-20 09:41:58,632 [DEBUG] itemku: 📡 API: https://www.itemku.com/~partytown/proxytown
2026-05-20 09:41:58,636 [DEBUG] itemku: 📡 API: https://www.itemku.com/~partytown/proxytown
2026-05-20 09:41:58,642 [DEBUG] itemku: 📡 API: https://www.itemku.com/~partytown/proxytown
2026-05-20 09:41:58,643 [DEBUG] itemku: 📡 API: https://www.itemku.com/~partytown/proxytown
2026-05-20 09:41:58,652 [DEBUG] itemku: 📡 API: https://www.itemku.com/~partytown/proxytown
2026-05-20 09:41:58,657 [DEBUG] itemku: 📡 API: https://www.itemku.com/~partytown/proxytown
2026-05-20 09:41:58,660 [DEBUG] itemku: 📡 API: https://www.itemku.com/~partytown/proxytown
2026-05-20 09:41:58,660 [DEBUG] itemku: 📡 API: https://www.itemku.com/~partytown/proxytown
2026-05-20 09:41:58,666 [DEBUG] itemku: 📡 API: https://www.itemku.com/~partytown/proxytown
2026-05-20 09:41:58,666 [DEBUG] itemku: 📡 API: https://www.itemku.com/~partytown/proxytown
2026-05-20 09:41:58,673 [DEBUG] itemku: 📡 API: https://www.itemku.com/~partytown/proxytown
2026-05-20 09:41:58,677 [DEBUG] itemku: 📡 API: https://www.itemku.com/~partytown/proxytown
2026-05-20 09:41:58,680 [DEBUG] itemku: 📡 API: https://www.itemku.com/~partytown/proxytown
2026-05-20 09:41:58,680 [DEBUG] itemku: 📡 API: https://www.itemku.com/~partytown/proxytown
2026-05-20 09:41:58,685 [DEBUG] itemku: 📡 API: https://www.itemku.com/~partytown/proxytown
2026-05-20 09:41:58,689 [DEBUG] itemku: 📡 API: https://www.itemku.com/~partytown/proxytown
2026-05-20 09:41:58,696 [DEBUG] itemku: 📡 API: https://www.itemku.com/~partytown/proxytown
2026-05-20 09:41:58,704 [DEBUG] itemku: 📡 API: https://www.itemku.com/~partytown/proxytown
2026-05-20 09:41:58,705 [DEBUG] itemku: 📡 API: https://www.itemku.com/~partytown/proxytown
2026-05-20 09:41:58,711 [DEBUG] itemku: 📡 API: https://www.itemku.com/~partytown/proxytown
2026-05-20 09:41:58,719 [DEBUG] itemku: 📡 API: https://www.itemku.com/~partytown/proxytown
2026-05-20 09:41:58,719 [DEBUG] itemku: 📡 API: https://www.itemku.com/~partytown/proxytown
2026-05-20 09:41:58,725 [DEBUG] itemku: 📡 API: https://www.itemku.com/~partytown/proxytown
2026-05-20 09:41:58,736 [DEBUG] itemku: 📡 API: https://www.itemku.com/~partytown/proxytown
2026-05-20 09:41:58,741 [DEBUG] itemku: 📡 API: https://www.itemku.com/~partytown/proxytown
2026-05-20 09:41:58,742 [DEBUG] itemku: 📡 API: https://www.itemku.com/~partytown/proxytown
2026-05-20 09:41:58,750 [DEBUG] itemku: 📡 API: https://www.itemku.com/~partytown/proxytown
2026-05-20 09:41:58,751 [DEBUG] itemku: 📡 API: https://www.itemku.com/~partytown/proxytown
2026-05-20 09:41:58,760 [DEBUG] itemku: 📡 API: https://www.itemku.com/~partytown/proxytown
2026-05-20 09:41:58,766 [DEBUG] itemku: 📡 API: https://www.itemku.com/~partytown/proxytown
2026-05-20 09:41:58,769 [DEBUG] itemku: 📡 API: https://www.itemku.com/~partytown/proxytown
2026-05-20 09:41:58,776 [DEBUG] itemku: 📡 API: https://www.itemku.com/~partytown/proxytown
2026-05-20 09:41:58,776 [DEBUG] itemku: 📡 API: https://www.itemku.com/~partytown/proxytown
2026-05-20 09:41:58,785 [DEBUG] itemku: 📡 API: https://www.itemku.com/~partytown/proxytown
2026-05-20 09:41:58,785 [DEBUG] itemku: 📡 API: https://www.itemku.com/~partytown/proxytown
2026-05-20 09:41:58,795 [DEBUG] itemku: 📡 API: https://www.itemku.com/~partytown/proxytown
2026-05-20 09:41:58,795 [DEBUG] itemku: 📡 API: https://www.itemku.com/~partytown/proxytown
2026-05-20 09:41:58,804 [DEBUG] itemku: 📡 API: https://www.itemku.com/~partytown/proxytown
2026-05-20 09:41:58,808 [DEBUG] itemku: 📡 API: https://www.itemku.com/~partytown/proxytown
2026-05-20 09:41:58,808 [DEBUG] itemku: 📡 API: https://www.itemku.com/~partytown/proxytown
2026-05-20 09:41:58,816 [DEBUG] itemku: 📡 API: https://www.itemku.com/~partytown/proxytown
2026-05-20 09:41:58,821 [DEBUG] itemku: 📡 API: https://www.itemku.com/~partytown/proxytown
2026-05-20 09:41:58,830 [DEBUG] itemku: 📡 API: https://www.itemku.com/~partytown/proxytown
2026-05-20 09:41:58,833 [DEBUG] itemku: 📡 API: https://www.itemku.com/~partytown/proxytown
2026-05-20 09:41:58,841 [DEBUG] itemku: 📡 API: https://www.itemku.com/~partytown/proxytown
2026-05-20 09:41:58,841 [DEBUG] itemku: 📡 API: https://www.itemku.com/~partytown/proxytown
2026-05-20 09:41:58,853 [DEBUG] itemku: 📡 API: https://www.itemku.com/~partytown/proxytown
2026-05-20 09:41:58,857 [DEBUG] itemku: 📡 API: https://www.itemku.com/~partytown/proxytown
2026-05-20 09:41:58,862 [DEBUG] itemku: 📡 API: https://www.itemku.com/~partytown/proxytown
2026-05-20 09:41:58,863 [DEBUG] itemku: 📡 API: https://www.itemku.com/~partytown/proxytown
2026-05-20 09:41:58,871 [DEBUG] itemku: 📡 API: https://www.itemku.com/~partytown/proxytown
2026-05-20 09:41:58,880 [DEBUG] itemku: 📡 API: https://www.itemku.com/~partytown/proxytown
2026-05-20 09:41:58,888 [DEBUG] itemku: 📡 API: https://www.itemku.com/~partytown/proxytown
2026-05-20 09:41:58,896 [DEBUG] itemku: 📡 API: https://www.itemku.com/~partytown/proxytown
2026-05-20 09:41:58,906 [DEBUG] itemku: 📡 API: https://www.itemku.com/~partytown/proxytown
2026-05-20 09:41:58,910 [DEBUG] itemku: 📡 API: https://www.itemku.com/~partytown/proxytown
2026-05-20 09:41:58,919 [DEBUG] itemku: 📡 API: https://www.itemku.com/~partytown/proxytown
2026-05-20 09:41:58,928 [DEBUG] itemku: 📡 API: https://www.itemku.com/~partytown/proxytown
2026-05-20 09:41:58,935 [DEBUG] itemku: 📡 API: https://www.itemku.com/~partytown/proxytown
2026-05-20 09:41:58,935 [DEBUG] itemku: 📡 API: https://www.itemku.com/~partytown/proxytown
2026-05-20 09:41:59,017 [DEBUG] itemku: 📡 API: https://www.itemku.com/~partytown/proxytown
2026-05-20 09:41:59,018 [DEBUG] itemku: 📡 API: https://www.itemku.com/~partytown/proxytown
2026-05-20 09:41:59,033 [DEBUG] itemku: 📡 API: https://www.itemku.com/~partytown/proxytown
2026-05-20 09:41:59,033 [DEBUG] itemku: 📡 API: https://www.itemku.com/~partytown/proxytown
2026-05-20 09:41:59,033 [DEBUG] itemku: 📡 API: https://www.itemku.com/~partytown/proxytown
2026-05-20 09:41:59,033 [DEBUG] itemku: 📡 API: https://www.itemku.com/~partytown/proxytown
2026-05-20 09:41:59,033 [DEBUG] itemku: 📡 API: https://www.itemku.com/~partytown/proxytown
2026-05-20 09:41:59,033 [DEBUG] itemku: 📡 API: https://www.itemku.com/~partytown/proxytown
2026-05-20 09:41:59,033 [DEBUG] itemku: 📡 API: https://www.itemku.com/~partytown/proxytown
2026-05-20 09:41:59,034 [DEBUG] itemku: 📡 API: https://www.itemku.com/~partytown/proxytown
2026-05-20 09:41:59,034 [DEBUG] itemku: 📡 API: https://www.itemku.com/~partytown/proxytown
2026-05-20 09:41:59,034 [DEBUG] itemku: 📡 API: https://www.itemku.com/~partytown/proxytown
2026-05-20 09:41:59,034 [DEBUG] itemku: 📡 API: https://www.itemku.com/~partytown/proxytown
2026-05-20 09:41:59,035 [DEBUG] itemku: 📡 API: https://www.itemku.com/~partytown/proxytown
2026-05-20 09:41:59,035 [DEBUG] itemku: 📡 API: https://www.itemku.com/~partytown/proxytown
2026-05-20 09:41:59,035 [DEBUG] itemku: 📡 API: https://www.itemku.com/~partytown/proxytown
2026-05-20 09:41:59,035 [DEBUG] itemku: 📡 API: https://www.itemku.com/~partytown/proxytown
2026-05-20 09:41:59,035 [DEBUG] itemku: 📡 API: https://www.itemku.com/~partytown/proxytown
2026-05-20 09:41:59,037 [DEBUG] itemku: 📡 API: https://www.itemku.com/~partytown/proxytown
2026-05-20 09:41:59,037 [DEBUG] itemku: 📡 API: https://www.itemku.com/~partytown/proxytown
2026-05-20 09:41:59,037 [DEBUG] itemku: 📡 API: https://www.itemku.com/~partytown/proxytown
2026-05-20 09:41:59,043 [DEBUG] itemku: 📡 API: https://www.itemku.com/~partytown/proxytown
2026-05-20 09:41:59,049 [DEBUG] itemku: 📡 API: https://www.itemku.com/~partytown/proxytown
2026-05-20 09:41:59,055 [DEBUG] itemku: 📡 API: https://www.itemku.com/~partytown/proxytown
2026-05-20 09:41:59,061 [DEBUG] itemku: 📡 API: https://www.itemku.com/~partytown/proxytown
2026-05-20 09:41:59,065 [DEBUG] itemku: 📡 API: https://www.itemku.com/~partytown/proxytown
2026-05-20 09:41:59,074 [DEBUG] itemku: 📡 API: https://www.itemku.com/~partytown/proxytown
2026-05-20 09:41:59,080 [DEBUG] itemku: 📡 API: https://www.itemku.com/~partytown/proxytown
2026-05-20 09:41:59,085 [DEBUG] itemku: 📡 API: https://www.itemku.com/~partytown/proxytown
2026-05-20 09:41:59,091 [DEBUG] itemku: 📡 API: https://www.itemku.com/~partytown/proxytown
2026-05-20 09:41:59,097 [DEBUG] itemku: 📡 API: https://www.itemku.com/~partytown/proxytown
2026-05-20 09:41:59,106 [DEBUG] itemku: 📡 API: https://www.itemku.com/~partytown/proxytown
2026-05-20 09:41:59,111 [DEBUG] itemku: 📡 API: https://www.itemku.com/~partytown/proxytown
2026-05-20 09:41:59,119 [DEBUG] itemku: 📡 API: https://www.itemku.com/~partytown/proxytown
2026-05-20 09:41:59,130 [DEBUG] itemku: 📡 API: https://www.itemku.com/~partytown/proxytown
2026-05-20 09:41:59,136 [DEBUG] itemku: 📡 API: https://www.itemku.com/~partytown/proxytown
2026-05-20 09:41:59,137 [DEBUG] itemku: 📡 API: https://www.itemku.com/~partytown/proxytown
2026-05-20 09:41:59,147 [DEBUG] itemku: 📡 API: https://www.itemku.com/~partytown/proxytown
2026-05-20 09:41:59,147 [DEBUG] itemku: 📡 API: https://www.itemku.com/~partytown/proxytown
2026-05-20 09:41:59,157 [DEBUG] itemku: 📡 API: https://www.itemku.com/~partytown/proxytown
2026-05-20 09:41:59,161 [DEBUG] itemku: 📡 API: https://www.itemku.com/~partytown/proxytown
2026-05-20 09:41:59,165 [DEBUG] itemku: 📡 API: https://www.itemku.com/~partytown/proxytown
2026-05-20 09:41:59,166 [DEBUG] itemku: 📡 API: https://www.itemku.com/~partytown/proxytown
2026-05-20 09:41:59,171 [DEBUG] itemku: 📡 API: https://www.itemku.com/~partytown/proxytown
2026-05-20 09:41:59,177 [DEBUG] itemku: 📡 API: https://www.itemku.com/~partytown/proxytown
2026-05-20 09:41:59,185 [DEBUG] itemku: 📡 API: https://www.itemku.com/~partytown/proxytown
2026-05-20 09:41:59,191 [DEBUG] itemku: 📡 API: https://www.itemku.com/~partytown/proxytown
2026-05-20 09:41:59,191 [DEBUG] itemku: 📡 API: https://www.itemku.com/~partytown/proxytown
2026-05-20 09:41:59,201 [DEBUG] itemku: 📡 API: https://www.itemku.com/~partytown/proxytown
2026-05-20 09:41:59,201 [DEBUG] itemku: 📡 API: https://www.itemku.com/~partytown/proxytown
2026-05-20 09:41:59,217 [DEBUG] itemku: 📡 API: https://www.itemku.com/~partytown/proxytown
2026-05-20 09:41:59,218 [DEBUG] itemku: 📡 API: https://www.itemku.com/~partytown/proxytown
2026-05-20 09:41:59,231 [DEBUG] itemku: 📡 API: https://www.itemku.com/~partytown/proxytown
2026-05-20 09:41:59,239 [DEBUG] itemku: 📡 API: https://www.itemku.com/~partytown/proxytown
2026-05-20 09:41:59,249 [DEBUG] itemku: 📡 API: https://www.itemku.com/~partytown/proxytown
2026-05-20 09:41:59,258 [DEBUG] itemku: 📡 API: https://www.itemku.com/~partytown/proxytown
2026-05-20 09:41:59,258 [DEBUG] itemku: 📡 API: https://www.itemku.com/~partytown/proxytown
2026-05-20 09:41:59,264 [DEBUG] itemku: 📡 API: https://www.itemku.com/~partytown/proxytown
2026-05-20 09:41:59,264 [DEBUG] itemku: 📡 API: https://www.itemku.com/~partytown/proxytown
2026-05-20 09:41:59,271 [DEBUG] itemku: 📡 API: https://www.itemku.com/~partytown/proxytown
2026-05-20 09:41:59,280 [DEBUG] itemku: 📡 API: https://www.itemku.com/~partytown/proxytown
2026-05-20 09:41:59,284 [DEBUG] itemku: 📡 API: https://www.itemku.com/~partytown/proxytown
2026-05-20 09:41:59,287 [DEBUG] itemku: 📡 API: https://www.itemku.com/~partytown/proxytown
2026-05-20 09:41:59,291 [DEBUG] itemku: 📡 API: https://www.itemku.com/~partytown/proxytown
2026-05-20 09:41:59,293 [DEBUG] itemku: 📡 API: https://www.itemku.com/~partytown/proxytown
2026-05-20 09:41:59,293 [DEBUG] itemku: 📡 API: https://www.itemku.com/~partytown/proxytown
2026-05-20 09:41:59,301 [DEBUG] itemku: 📡 API: https://www.itemku.com/~partytown/proxytown
2026-05-20 09:41:59,310 [DEBUG] itemku: 📡 API: https://www.itemku.com/~partytown/proxytown
2026-05-20 09:41:59,312 [DEBUG] itemku: 📡 API: https://www.itemku.com/~partytown/proxytown
2026-05-20 09:41:59,318 [DEBUG] itemku: 📡 API: https://www.itemku.com/~partytown/proxytown
2026-05-20 09:41:59,318 [DEBUG] itemku: 📡 API: https://www.itemku.com/~partytown/proxytown
2026-05-20 09:41:59,327 [DEBUG] itemku: 📡 API: https://www.itemku.com/~partytown/proxytown
2026-05-20 09:41:59,331 [DEBUG] itemku: 📡 API: https://www.itemku.com/~partytown/proxytown
2026-05-20 09:41:59,335 [DEBUG] itemku: 📡 API: https://www.itemku.com/~partytown/proxytown
2026-05-20 09:41:59,341 [DEBUG] itemku: 📡 API: https://www.itemku.com/~partytown/proxytown
2026-05-20 09:41:59,341 [DEBUG] itemku: 📡 API: https://www.itemku.com/~partytown/proxytown
2026-05-20 09:41:59,348 [DEBUG] itemku: 📡 API: https://www.itemku.com/~partytown/proxytown
2026-05-20 09:41:59,348 [DEBUG] itemku: 📡 API: https://www.itemku.com/~partytown/proxytown
2026-05-20 09:41:59,355 [DEBUG] itemku: 📡 API: https://www.itemku.com/~partytown/proxytown
2026-05-20 09:41:59,364 [DEBUG] itemku: 📡 API: https://www.itemku.com/~partytown/proxytown
2026-05-20 09:41:59,369 [DEBUG] itemku: 📡 API: https://www.itemku.com/~partytown/proxytown
2026-05-20 09:41:59,369 [DEBUG] itemku: 📡 API: https://www.itemku.com/~partytown/proxytown
2026-05-20 09:41:59,374 [DEBUG] itemku: 📡 API: https://www.itemku.com/~partytown/proxytown
2026-05-20 09:41:59,379 [DEBUG] itemku: 📡 API: https://www.itemku.com/~partytown/proxytown
2026-05-20 09:41:59,385 [DEBUG] itemku: 📡 API: https://www.itemku.com/~partytown/proxytown
2026-05-20 09:41:59,391 [DEBUG] itemku: 📡 API: https://www.itemku.com/~partytown/proxytown
2026-05-20 09:41:59,396 [DEBUG] itemku: 📡 API: https://www.itemku.com/~partytown/proxytown
2026-05-20 09:41:59,401 [DEBUG] itemku: 📡 API: https://www.itemku.com/~partytown/proxytown
2026-05-20 09:41:59,405 [DEBUG] itemku: 📡 API: https://www.itemku.com/~partytown/proxytown
2026-05-20 09:41:59,409 [DEBUG] itemku: 📡 API: https://www.itemku.com/~partytown/proxytown
2026-05-20 09:41:59,414 [DEBUG] itemku: 📡 API: https://www.itemku.com/~partytown/proxytown
2026-05-20 09:41:59,421 [DEBUG] itemku: 📡 API: https://www.itemku.com/~partytown/proxytown
2026-05-20 09:41:59,425 [DEBUG] itemku: 📡 API: https://www.itemku.com/~partytown/proxytown
2026-05-20 09:41:59,430 [DEBUG] itemku: 📡 API: https://www.itemku.com/~partytown/proxytown
2026-05-20 09:41:59,438 [DEBUG] itemku: 📡 API: https://www.itemku.com/~partytown/proxytown
2026-05-20 09:41:59,439 [DEBUG] itemku: 📡 API: https://www.itemku.com/~partytown/proxytown
2026-05-20 09:41:59,444 [DEBUG] itemku: 📡 API: https://www.itemku.com/~partytown/proxytown
2026-05-20 09:41:59,450 [DEBUG] itemku: 📡 API: https://www.itemku.com/~partytown/proxytown
2026-05-20 09:41:59,457 [DEBUG] itemku: 📡 API: https://www.itemku.com/~partytown/proxytown
2026-05-20 09:41:59,457 [DEBUG] itemku: 📡 API: https://www.itemku.com/~partytown/proxytown
2026-05-20 09:41:59,466 [DEBUG] itemku: 📡 API: https://www.itemku.com/~partytown/proxytown
2026-05-20 09:41:59,466 [DEBUG] itemku: 📡 API: https://www.itemku.com/~partytown/proxytown
2026-05-20 09:41:59,476 [DEBUG] itemku: 📡 API: https://www.itemku.com/~partytown/proxytown
2026-05-20 09:41:59,476 [DEBUG] itemku: 📡 API: https://www.itemku.com/~partytown/proxytown
2026-05-20 09:41:59,481 [DEBUG] itemku: 📡 API: https://www.itemku.com/~partytown/proxytown
2026-05-20 09:41:59,486 [DEBUG] itemku: 📡 API: https://www.itemku.com/~partytown/proxytown
2026-05-20 09:41:59,497 [DEBUG] itemku: 📡 API: https://www.itemku.com/~partytown/proxytown
2026-05-20 09:41:59,497 [DEBUG] itemku: 📡 API: https://www.itemku.com/~partytown/proxytown
2026-05-20 09:41:59,505 [DEBUG] itemku: 📡 API: https://www.itemku.com/~partytown/proxytown
2026-05-20 09:41:59,511 [DEBUG] itemku: 📡 API: https://www.itemku.com/~partytown/proxytown
2026-05-20 09:41:59,512 [DEBUG] itemku: 📡 API: https://www.itemku.com/~partytown/proxytown
2026-05-20 09:41:59,517 [DEBUG] itemku: 📡 API: https://www.itemku.com/~partytown/proxytown
2026-05-20 09:41:59,523 [DEBUG] itemku: 📡 API: https://www.itemku.com/~partytown/proxytown
2026-05-20 09:41:59,528 [DEBUG] itemku: 📡 API: https://www.itemku.com/~partytown/proxytown
2026-05-20 09:41:59,533 [DEBUG] itemku: 📡 API: https://www.itemku.com/~partytown/proxytown
2026-05-20 09:41:59,540 [DEBUG] itemku: 📡 API: https://www.itemku.com/~partytown/proxytown
2026-05-20 09:41:59,550 [DEBUG] itemku: 📡 API: https://www.itemku.com/~partytown/proxytown
2026-05-20 09:41:59,557 [DEBUG] itemku: 📡 API: https://www.itemku.com/~partytown/proxytown
2026-05-20 09:41:59,560 [DEBUG] itemku: 📡 API: https://www.itemku.com/~partytown/proxytown
2026-05-20 09:41:59,593 [DEBUG] itemku: 📡 API: https://www.itemku.com/~partytown/proxytown
2026-05-20 09:41:59,597 [DEBUG] itemku: 📡 API: https://www.itemku.com/~partytown/proxytown
2026-05-20 09:41:59,601 [DEBUG] itemku: 📡 API: https://www.itemku.com/~partytown/proxytown
2026-05-20 09:41:59,602 [DEBUG] itemku: 📡 API: https://www.itemku.com/~partytown/proxytown
2026-05-20 09:41:59,610 [DEBUG] itemku: 📡 API: https://www.itemku.com/~partytown/proxytown
2026-05-20 09:41:59,610 [DEBUG] itemku: 📡 API: https://www.itemku.com/~partytown/proxytown
2026-05-20 09:41:59,616 [DEBUG] itemku: 📡 API: https://www.itemku.com/~partytown/proxytown
2026-05-20 09:41:59,617 [DEBUG] itemku: 📡 API: https://www.itemku.com/~partytown/proxytown
2026-05-20 09:41:59,625 [DEBUG] itemku: 📡 API: https://www.itemku.com/~partytown/proxytown
2026-05-20 09:41:59,629 [DEBUG] itemku: 📡 API: https://www.itemku.com/~partytown/proxytown
2026-05-20 09:41:59,633 [DEBUG] itemku: 📡 API: https://www.itemku.com/~partytown/proxytown
2026-05-20 09:41:59,636 [DEBUG] itemku: 📡 API: https://www.itemku.com/~partytown/proxytown
2026-05-20 09:41:59,639 [DEBUG] itemku: 📡 API: https://www.itemku.com/~partytown/proxytown
2026-05-20 09:41:59,642 [DEBUG] itemku: 📡 API: https://www.itemku.com/~partytown/proxytown
2026-05-20 09:41:59,645 [DEBUG] itemku: 📡 API: https://www.itemku.com/~partytown/proxytown
2026-05-20 09:41:59,648 [DEBUG] itemku: 📡 API: https://www.itemku.com/~partytown/proxytown
2026-05-20 09:41:59,654 [DEBUG] itemku: 📡 API: https://www.itemku.com/~partytown/proxytown
2026-05-20 09:41:59,654 [DEBUG] itemku: 📡 API: https://www.itemku.com/~partytown/proxytown
2026-05-20 09:41:59,663 [DEBUG] itemku: 📡 API: https://www.itemku.com/~partytown/proxytown
2026-05-20 09:41:59,665 [DEBUG] itemku: 📡 API: https://www.itemku.com/~partytown/proxytown
2026-05-20 09:41:59,669 [DEBUG] itemku: 📡 API: https://www.itemku.com/~partytown/proxytown
2026-05-20 09:41:59,670 [DEBUG] itemku: 📡 API: https://www.itemku.com/~partytown/proxytown
2026-05-20 09:41:59,673 [DEBUG] itemku: 📡 API: https://www.itemku.com/~partytown/proxytown
2026-05-20 09:41:59,679 [DEBUG] itemku: 📡 API: https://www.itemku.com/~partytown/proxytown
2026-05-20 09:41:59,686 [DEBUG] itemku: 📡 API: https://www.itemku.com/~partytown/proxytown
2026-05-20 09:41:59,686 [DEBUG] itemku: 📡 API: https://www.itemku.com/~partytown/proxytown
2026-05-20 09:41:59,689 [DEBUG] itemku: 📡 API: https://www.itemku.com/~partytown/proxytown
2026-05-20 09:41:59,694 [DEBUG] itemku: 📡 API: https://www.itemku.com/~partytown/proxytown
2026-05-20 09:41:59,704 [DEBUG] itemku: 📡 API: https://www.itemku.com/~partytown/proxytown
2026-05-20 09:41:59,708 [DEBUG] itemku: 📡 API: https://www.itemku.com/~partytown/proxytown
2026-05-20 09:41:59,710 [DEBUG] itemku: 📡 API: https://www.itemku.com/~partytown/proxytown
2026-05-20 09:41:59,716 [DEBUG] itemku: 📡 API: https://www.itemku.com/~partytown/proxytown
2026-05-20 09:41:59,717 [DEBUG] itemku: 📡 API: https://www.itemku.com/~partytown/proxytown
2026-05-20 09:41:59,724 [DEBUG] itemku: 📡 API: https://www.itemku.com/~partytown/proxytown
2026-05-20 09:41:59,730 [DEBUG] itemku: 📡 API: https://www.itemku.com/~partytown/proxytown
2026-05-20 09:41:59,730 [DEBUG] itemku: 📡 API: https://www.itemku.com/~partytown/proxytown
2026-05-20 09:41:59,737 [DEBUG] itemku: 📡 API: https://www.itemku.com/~partytown/proxytown
2026-05-20 09:41:59,737 [DEBUG] itemku: 📡 API: https://www.itemku.com/~partytown/proxytown
2026-05-20 09:41:59,746 [DEBUG] itemku: 📡 API: https://www.itemku.com/~partytown/proxytown
2026-05-20 09:41:59,750 [DEBUG] itemku: 📡 API: https://www.itemku.com/~partytown/proxytown
2026-05-20 09:41:59,754 [DEBUG] itemku: 📡 API: https://www.itemku.com/~partytown/proxytown
2026-05-20 09:41:59,757 [DEBUG] itemku: 📡 API: https://www.itemku.com/~partytown/proxytown
2026-05-20 09:41:59,760 [DEBUG] itemku: 📡 API: https://www.itemku.com/~partytown/proxytown
2026-05-20 09:41:59,761 [DEBUG] itemku: 📡 API: https://www.itemku.com/~partytown/proxytown
2026-05-20 09:41:59,766 [DEBUG] itemku: 📡 API: https://www.itemku.com/~partytown/proxytown
2026-05-20 09:41:59,771 [DEBUG] itemku: 📡 API: https://www.itemku.com/~partytown/proxytown
2026-05-20 09:41:59,785 [DEBUG] itemku: 📡 API: https://www.itemku.com/~partytown/proxytown
2026-05-20 09:41:59,785 [DEBUG] itemku: 📡 API: https://www.itemku.com/~partytown/proxytown
2026-05-20 09:41:59,792 [DEBUG] itemku: 📡 API: https://www.itemku.com/~partytown/proxytown
2026-05-20 09:41:59,798 [DEBUG] itemku: 📡 API: https://www.itemku.com/~partytown/proxytown
2026-05-20 09:41:59,798 [DEBUG] itemku: 📡 API: https://www.itemku.com/~partytown/proxytown
2026-05-20 09:41:59,808 [DEBUG] itemku: 📡 API: https://www.itemku.com/~partytown/proxytown
2026-05-20 09:41:59,815 [DEBUG] itemku: 📡 API: https://www.itemku.com/~partytown/proxytown
2026-05-20 09:41:59,816 [DEBUG] itemku: 📡 API: https://www.itemku.com/~partytown/proxytown
2026-05-20 09:41:59,826 [DEBUG] itemku: 📡 API: https://www.itemku.com/~partytown/proxytown
2026-05-20 09:41:59,827 [DEBUG] itemku: 📡 API: https://www.itemku.com/~partytown/proxytown
2026-05-20 09:41:59,831 [DEBUG] itemku: 📡 API: https://www.itemku.com/~partytown/proxytown
2026-05-20 09:42:12,236 [INFO] itemku: 📜 Scroll halaman...
2026-05-20 09:42:12,609 [DEBUG] itemku: 📡 API: https://www.itemku.com/~partytown/proxytown
2026-05-20 09:42:14,358 [DEBUG] itemku: 📡 API: https://www.itemku.com/~partytown/proxytown
2026-05-20 09:42:14,570 [DEBUG] itemku: 📡 API: https://www.itemku.com/~partytown/proxytown
2026-05-20 09:42:14,571 [DEBUG] itemku: 📡 API: https://www.itemku.com/~partytown/proxytown
2026-05-20 09:42:14,573 [DEBUG] itemku: 📡 API: https://www.itemku.com/~partytown/proxytown
2026-05-20 09:42:14,582 [DEBUG] itemku: 📡 API: https://www.itemku.com/~partytown/proxytown
2026-05-20 09:42:14,604 [DEBUG] itemku: 📡 API: https://www.itemku.com/~partytown/proxytown
2026-05-20 09:42:14,620 [DEBUG] itemku: 📡 API: https://www.itemku.com/~partytown/proxytown
2026-05-20 09:42:14,620 [DEBUG] itemku: 📡 API: https://www.itemku.com/~partytown/proxytown
2026-05-20 09:42:14,628 [DEBUG] itemku: 📡 API: https://www.itemku.com/~partytown/proxytown
2026-05-20 09:42:14,638 [DEBUG] itemku: 📡 API: https://www.itemku.com/~partytown/proxytown
2026-05-20 09:42:14,655 [DEBUG] itemku: 📡 API: https://www.itemku.com/~partytown/proxytown
2026-05-20 09:42:14,655 [DEBUG] itemku: 📡 API: https://www.itemku.com/~partytown/proxytown
2026-05-20 09:42:14,660 [DEBUG] itemku: 📡 API: https://www.itemku.com/~partytown/proxytown
2026-05-20 09:42:14,676 [DEBUG] itemku: 📡 API: https://www.itemku.com/~partytown/proxytown
2026-05-20 09:42:14,676 [DEBUG] itemku: 📡 API: https://www.itemku.com/~partytown/proxytown
2026-05-20 09:42:14,694 [DEBUG] itemku: 📡 API: https://www.itemku.com/~partytown/proxytown
2026-05-20 09:42:14,706 [DEBUG] itemku: 📡 API: https://www.itemku.com/~partytown/proxytown
2026-05-20 09:42:14,714 [DEBUG] itemku: 📡 API: https://www.itemku.com/~partytown/proxytown
2026-05-20 09:42:14,717 [DEBUG] itemku: 📡 API: https://www.itemku.com/~partytown/proxytown
2026-05-20 09:42:14,722 [DEBUG] itemku: 📡 API: https://www.itemku.com/~partytown/proxytown
2026-05-20 09:42:14,726 [DEBUG] itemku: 📡 API: https://www.itemku.com/~partytown/proxytown
2026-05-20 09:42:14,729 [DEBUG] itemku: 📡 API: https://www.itemku.com/~partytown/proxytown
2026-05-20 09:42:14,732 [DEBUG] itemku: 📡 API: https://www.itemku.com/~partytown/proxytown
2026-05-20 09:42:14,735 [DEBUG] itemku: 📡 API: https://www.itemku.com/~partytown/proxytown
2026-05-20 09:42:14,741 [DEBUG] itemku: 📡 API: https://www.itemku.com/~partytown/proxytown
2026-05-20 09:42:14,741 [DEBUG] itemku: 📡 API: https://www.itemku.com/~partytown/proxytown
2026-05-20 09:42:14,748 [DEBUG] itemku: 📡 API: https://www.itemku.com/~partytown/proxytown
2026-05-20 09:42:14,751 [DEBUG] itemku: 📡 API: https://www.itemku.com/~partytown/proxytown
2026-05-20 09:42:14,756 [DEBUG] itemku: 📡 API: https://www.itemku.com/~partytown/proxytown
2026-05-20 09:42:14,756 [DEBUG] itemku: 📡 API: https://www.itemku.com/~partytown/proxytown
2026-05-20 09:42:14,764 [DEBUG] itemku: 📡 API: https://www.itemku.com/~partytown/proxytown
2026-05-20 09:42:14,769 [DEBUG] itemku: 📡 API: https://www.itemku.com/~partytown/proxytown
2026-05-20 09:42:14,773 [DEBUG] itemku: 📡 API: https://www.itemku.com/~partytown/proxytown
2026-05-20 09:42:14,774 [DEBUG] itemku: 📡 API: https://www.itemku.com/~partytown/proxytown
2026-05-20 09:42:14,780 [DEBUG] itemku: 📡 API: https://www.itemku.com/~partytown/proxytown
2026-05-20 09:42:14,780 [DEBUG] itemku: 📡 API: https://www.itemku.com/~partytown/proxytown
2026-05-20 09:42:14,788 [DEBUG] itemku: 📡 API: https://www.itemku.com/~partytown/proxytown
2026-05-20 09:42:14,788 [DEBUG] itemku: 📡 API: https://www.itemku.com/~partytown/proxytown
2026-05-20 09:42:14,797 [DEBUG] itemku: 📡 API: https://www.itemku.com/~partytown/proxytown
2026-05-20 09:42:14,797 [DEBUG] itemku: 📡 API: https://www.itemku.com/~partytown/proxytown
2026-05-20 09:42:14,805 [DEBUG] itemku: 📡 API: https://www.itemku.com/~partytown/proxytown
2026-05-20 09:42:14,809 [DEBUG] itemku: 📡 API: https://www.itemku.com/~partytown/proxytown
2026-05-20 09:42:14,813 [DEBUG] itemku: 📡 API: https://www.itemku.com/~partytown/proxytown
2026-05-20 09:42:14,817 [DEBUG] itemku: 📡 API: https://www.itemku.com/~partytown/proxytown
2026-05-20 09:42:14,821 [DEBUG] itemku: 📡 API: https://www.itemku.com/~partytown/proxytown
2026-05-20 09:42:14,826 [DEBUG] itemku: 📡 API: https://www.itemku.com/~partytown/proxytown
2026-05-20 09:42:14,826 [DEBUG] itemku: 📡 API: https://www.itemku.com/~partytown/proxytown
2026-05-20 09:42:14,834 [DEBUG] itemku: 📡 API: https://www.itemku.com/~partytown/proxytown
2026-05-20 09:42:14,853 [DEBUG] itemku: 📡 API: https://www.itemku.com/~partytown/proxytown
2026-05-20 09:42:14,853 [DEBUG] itemku: 📡 API: https://www.itemku.com/~partytown/proxytown
2026-05-20 09:42:14,865 [DEBUG] itemku: 📡 API: https://www.itemku.com/~partytown/proxytown
2026-05-20 09:42:14,868 [DEBUG] itemku: 📡 API: https://www.itemku.com/~partytown/proxytown
2026-05-20 09:42:14,873 [DEBUG] itemku: 📡 API: https://www.itemku.com/~partytown/proxytown
2026-05-20 09:42:14,873 [DEBUG] itemku: 📡 API: https://www.itemku.com/~partytown/proxytown
2026-05-20 09:42:14,878 [DEBUG] itemku: 📡 API: https://www.itemku.com/~partytown/proxytown
2026-05-20 09:42:14,878 [DEBUG] itemku: 📡 API: https://www.itemku.com/~partytown/proxytown
2026-05-20 09:42:14,880 [DEBUG] itemku: 📡 API: https://www.itemku.com/~partytown/proxytown
2026-05-20 09:42:16,365 [DEBUG] itemku: 📡 API: https://www.itemku.com/~partytown/proxytown
2026-05-20 09:42:16,592 [DEBUG] itemku: 📡 API: https://www.itemku.com/~partytown/proxytown
2026-05-20 09:42:16,603 [DEBUG] itemku: 📡 API: https://www.itemku.com/~partytown/proxytown
2026-05-20 09:42:16,611 [DEBUG] itemku: 📡 API: https://www.itemku.com/~partytown/proxytown
2026-05-20 09:42:16,619 [DEBUG] itemku: 📡 API: https://www.itemku.com/~partytown/proxytown
2026-05-20 09:42:16,626 [DEBUG] itemku: 📡 API: https://www.itemku.com/~partytown/proxytown
2026-05-20 09:42:16,633 [DEBUG] itemku: 📡 API: https://www.itemku.com/~partytown/proxytown
2026-05-20 09:42:16,640 [DEBUG] itemku: 📡 API: https://www.itemku.com/~partytown/proxytown
2026-05-20 09:42:16,646 [DEBUG] itemku: 📡 API: https://www.itemku.com/~partytown/proxytown
2026-05-20 09:42:16,654 [DEBUG] itemku: 📡 API: https://www.itemku.com/~partytown/proxytown
2026-05-20 09:42:16,662 [DEBUG] itemku: 📡 API: https://www.itemku.com/~partytown/proxytown
2026-05-20 09:42:16,668 [DEBUG] itemku: 📡 API: https://www.itemku.com/~partytown/proxytown
2026-05-20 09:42:16,668 [DEBUG] itemku: 📡 API: https://www.itemku.com/~partytown/proxytown
2026-05-20 09:42:16,674 [DEBUG] itemku: 📡 API: https://www.itemku.com/~partytown/proxytown
2026-05-20 09:42:16,682 [DEBUG] itemku: 📡 API: https://www.itemku.com/~partytown/proxytown
2026-05-20 09:42:16,688 [DEBUG] itemku: 📡 API: https://www.itemku.com/~partytown/proxytown
2026-05-20 09:42:16,688 [DEBUG] itemku: 📡 API: https://www.itemku.com/~partytown/proxytown
2026-05-20 09:42:16,696 [DEBUG] itemku: 📡 API: https://www.itemku.com/~partytown/proxytown
2026-05-20 09:42:16,702 [DEBUG] itemku: 📡 API: https://www.itemku.com/~partytown/proxytown
2026-05-20 09:42:16,702 [DEBUG] itemku: 📡 API: https://www.itemku.com/~partytown/proxytown
2026-05-20 09:42:16,710 [DEBUG] itemku: 📡 API: https://www.itemku.com/~partytown/proxytown
2026-05-20 09:42:16,715 [DEBUG] itemku: 📡 API: https://www.itemku.com/~partytown/proxytown
2026-05-20 09:42:16,715 [DEBUG] itemku: 📡 API: https://www.itemku.com/~partytown/proxytown
2026-05-20 09:42:16,720 [DEBUG] itemku: 📡 API: https://www.itemku.com/~partytown/proxytown
2026-05-20 09:42:16,728 [DEBUG] itemku: 📡 API: https://www.itemku.com/~partytown/proxytown
2026-05-20 09:42:16,728 [DEBUG] itemku: 📡 API: https://www.itemku.com/~partytown/proxytown
2026-05-20 09:42:16,732 [DEBUG] itemku: 📡 API: https://www.itemku.com/~partytown/proxytown
2026-05-20 09:42:16,737 [DEBUG] itemku: 📡 API: https://www.itemku.com/~partytown/proxytown
2026-05-20 09:42:16,740 [DEBUG] itemku: 📡 API: https://www.itemku.com/~partytown/proxytown
2026-05-20 09:42:16,744 [DEBUG] itemku: 📡 API: https://www.itemku.com/~partytown/proxytown
2026-05-20 09:42:16,748 [DEBUG] itemku: 📡 API: https://www.itemku.com/~partytown/proxytown
2026-05-20 09:42:16,754 [DEBUG] itemku: 📡 API: https://www.itemku.com/~partytown/proxytown
2026-05-20 09:42:16,763 [DEBUG] itemku: 📡 API: https://www.itemku.com/~partytown/proxytown
2026-05-20 09:42:16,763 [DEBUG] itemku: 📡 API: https://www.itemku.com/~partytown/proxytown
2026-05-20 09:42:16,770 [DEBUG] itemku: 📡 API: https://www.itemku.com/~partytown/proxytown
2026-05-20 09:42:16,774 [DEBUG] itemku: 📡 API: https://www.itemku.com/~partytown/proxytown
2026-05-20 09:42:16,774 [DEBUG] itemku: 📡 API: https://www.itemku.com/~partytown/proxytown
2026-05-20 09:42:16,782 [DEBUG] itemku: 📡 API: https://www.itemku.com/~partytown/proxytown
2026-05-20 09:42:16,785 [DEBUG] itemku: 📡 API: https://www.itemku.com/~partytown/proxytown
2026-05-20 09:42:16,790 [DEBUG] itemku: 📡 API: https://www.itemku.com/~partytown/proxytown
2026-05-20 09:42:16,790 [DEBUG] itemku: 📡 API: https://www.itemku.com/~partytown/proxytown
2026-05-20 09:42:16,802 [DEBUG] itemku: 📡 API: https://www.itemku.com/~partytown/proxytown
2026-05-20 09:42:16,802 [DEBUG] itemku: 📡 API: https://www.itemku.com/~partytown/proxytown
2026-05-20 09:42:16,807 [DEBUG] itemku: 📡 API: https://www.itemku.com/~partytown/proxytown
2026-05-20 09:42:16,814 [DEBUG] itemku: 📡 API: https://www.itemku.com/~partytown/proxytown
2026-05-20 09:42:16,821 [DEBUG] itemku: 📡 API: https://www.itemku.com/~partytown/proxytown
2026-05-20 09:42:16,826 [DEBUG] itemku: 📡 API: https://www.itemku.com/~partytown/proxytown
2026-05-20 09:42:16,834 [DEBUG] itemku: 📡 API: https://www.itemku.com/~partytown/proxytown
2026-05-20 09:42:16,834 [DEBUG] itemku: 📡 API: https://www.itemku.com/~partytown/proxytown
2026-05-20 09:42:16,838 [DEBUG] itemku: 📡 API: https://www.itemku.com/~partytown/proxytown
2026-05-20 09:42:16,847 [DEBUG] itemku: 📡 API: https://www.itemku.com/~partytown/proxytown
2026-05-20 09:42:16,847 [DEBUG] itemku: 📡 API: https://www.itemku.com/~partytown/proxytown
2026-05-20 09:42:16,855 [DEBUG] itemku: 📡 API: https://www.itemku.com/~partytown/proxytown
2026-05-20 09:42:16,859 [DEBUG] itemku: 📡 API: https://www.itemku.com/~partytown/proxytown
2026-05-20 09:42:16,860 [DEBUG] itemku: 📡 API: https://www.itemku.com/~partytown/proxytown
2026-05-20 09:42:16,864 [DEBUG] itemku: 📡 API: https://www.itemku.com/~partytown/proxytown
2026-05-20 09:42:16,866 [DEBUG] itemku: 📡 API: https://www.itemku.com/~partytown/proxytown
2026-05-20 09:42:18,590 [DEBUG] itemku: 📡 API: https://www.itemku.com/~partytown/proxytown
2026-05-20 09:42:18,601 [DEBUG] itemku: 📡 API: https://www.itemku.com/~partytown/proxytown
2026-05-20 09:42:18,611 [DEBUG] itemku: 📡 API: https://www.itemku.com/~partytown/proxytown
2026-05-20 09:42:18,621 [DEBUG] itemku: 📡 API: https://www.itemku.com/~partytown/proxytown
2026-05-20 09:42:18,631 [DEBUG] itemku: 📡 API: https://www.itemku.com/~partytown/proxytown
2026-05-20 09:42:18,631 [DEBUG] itemku: 📡 API: https://www.itemku.com/~partytown/proxytown
2026-05-20 09:42:18,636 [DEBUG] itemku: 📡 API: https://www.itemku.com/~partytown/proxytown
2026-05-20 09:42:18,641 [DEBUG] itemku: 📡 API: https://www.itemku.com/~partytown/proxytown
2026-05-20 09:42:18,645 [DEBUG] itemku: 📡 API: https://www.itemku.com/~partytown/proxytown
2026-05-20 09:42:18,651 [DEBUG] itemku: 📡 API: https://www.itemku.com/~partytown/proxytown
2026-05-20 09:42:18,660 [DEBUG] itemku: 📡 API: https://www.itemku.com/~partytown/proxytown
2026-05-20 09:42:18,668 [DEBUG] itemku: 📡 API: https://www.itemku.com/~partytown/proxytown
2026-05-20 09:42:18,669 [DEBUG] itemku: 📡 API: https://www.itemku.com/~partytown/proxytown
2026-05-20 09:42:18,672 [DEBUG] itemku: 📡 API: https://www.itemku.com/~partytown/proxytown
2026-05-20 09:42:18,678 [DEBUG] itemku: 📡 API: https://www.itemku.com/~partytown/proxytown
2026-05-20 09:42:18,686 [DEBUG] itemku: 📡 API: https://www.itemku.com/~partytown/proxytown
2026-05-20 09:42:18,686 [DEBUG] itemku: 📡 API: https://www.itemku.com/~partytown/proxytown
2026-05-20 09:42:18,695 [DEBUG] itemku: 📡 API: https://www.itemku.com/~partytown/proxytown
2026-05-20 09:42:18,699 [DEBUG] itemku: 📡 API: https://www.itemku.com/~partytown/proxytown
2026-05-20 09:42:18,704 [DEBUG] itemku: 📡 API: https://www.itemku.com/~partytown/proxytown
2026-05-20 09:42:18,708 [DEBUG] itemku: 📡 API: https://www.itemku.com/~partytown/proxytown
2026-05-20 09:42:18,714 [DEBUG] itemku: 📡 API: https://www.itemku.com/~partytown/proxytown
2026-05-20 09:42:18,720 [DEBUG] itemku: 📡 API: https://www.itemku.com/~partytown/proxytown
2026-05-20 09:42:18,728 [DEBUG] itemku: 📡 API: https://www.itemku.com/~partytown/proxytown
2026-05-20 09:42:18,728 [DEBUG] itemku: 📡 API: https://www.itemku.com/~partytown/proxytown
2026-05-20 09:42:18,733 [DEBUG] itemku: 📡 API: https://www.itemku.com/~partytown/proxytown
2026-05-20 09:42:18,739 [DEBUG] itemku: 📡 API: https://www.itemku.com/~partytown/proxytown
2026-05-20 09:42:18,744 [DEBUG] itemku: 📡 API: https://www.itemku.com/~partytown/proxytown
2026-05-20 09:42:18,748 [DEBUG] itemku: 📡 API: https://www.itemku.com/~partytown/proxytown
2026-05-20 09:42:18,757 [DEBUG] itemku: 📡 API: https://www.itemku.com/~partytown/proxytown
2026-05-20 09:42:18,763 [DEBUG] itemku: 📡 API: https://www.itemku.com/~partytown/proxytown
2026-05-20 09:42:18,772 [DEBUG] itemku: 📡 API: https://www.itemku.com/~partytown/proxytown
2026-05-20 09:42:18,772 [DEBUG] itemku: 📡 API: https://www.itemku.com/~partytown/proxytown
2026-05-20 09:42:18,782 [DEBUG] itemku: 📡 API: https://www.itemku.com/~partytown/proxytown
2026-05-20 09:42:18,782 [DEBUG] itemku: 📡 API: https://www.itemku.com/~partytown/proxytown
2026-05-20 09:42:18,791 [DEBUG] itemku: 📡 API: https://www.itemku.com/~partytown/proxytown
2026-05-20 09:42:18,794 [DEBUG] itemku: 📡 API: https://www.itemku.com/~partytown/proxytown
2026-05-20 09:42:18,798 [DEBUG] itemku: 📡 API: https://www.itemku.com/~partytown/proxytown
2026-05-20 09:42:18,801 [DEBUG] itemku: 📡 API: https://www.itemku.com/~partytown/proxytown
2026-05-20 09:42:18,801 [DEBUG] itemku: 📡 API: https://www.itemku.com/~partytown/proxytown
2026-05-20 09:42:18,807 [DEBUG] itemku: 📡 API: https://www.itemku.com/~partytown/proxytown
2026-05-20 09:42:18,816 [DEBUG] itemku: 📡 API: https://www.itemku.com/~partytown/proxytown
2026-05-20 09:42:18,819 [DEBUG] itemku: 📡 API: https://www.itemku.com/~partytown/proxytown
2026-05-20 09:42:18,824 [DEBUG] itemku: 📡 API: https://www.itemku.com/~partytown/proxytown
2026-05-20 09:42:18,828 [DEBUG] itemku: 📡 API: https://www.itemku.com/~partytown/proxytown
2026-05-20 09:42:18,834 [DEBUG] itemku: 📡 API: https://www.itemku.com/~partytown/proxytown
2026-05-20 09:42:18,834 [DEBUG] itemku: 📡 API: https://www.itemku.com/~partytown/proxytown
2026-05-20 09:42:18,842 [DEBUG] itemku: 📡 API: https://www.itemku.com/~partytown/proxytown
2026-05-20 09:42:18,844 [DEBUG] itemku: 📡 API: https://www.itemku.com/~partytown/proxytown
2026-05-20 09:42:18,848 [DEBUG] itemku: 📡 API: https://www.itemku.com/~partytown/proxytown
2026-05-20 09:42:18,849 [DEBUG] itemku: 📡 API: https://www.itemku.com/~partytown/proxytown
2026-05-20 09:42:18,856 [DEBUG] itemku: 📡 API: https://www.itemku.com/~partytown/proxytown
2026-05-20 09:42:18,856 [DEBUG] itemku: 📡 API: https://www.itemku.com/~partytown/proxytown
2026-05-20 09:42:18,864 [DEBUG] itemku: 📡 API: https://www.itemku.com/~partytown/proxytown
2026-05-20 09:42:18,864 [DEBUG] itemku: 📡 API: https://www.itemku.com/~partytown/proxytown
2026-05-20 09:42:18,865 [DEBUG] itemku: 📡 API: https://www.itemku.com/~partytown/proxytown
2026-05-20 09:42:20,601 [DEBUG] itemku: 📡 API: https://www.itemku.com/~partytown/proxytown
2026-05-20 09:42:20,617 [DEBUG] itemku: 📡 API: https://www.itemku.com/~partytown/proxytown
2026-05-20 09:42:20,627 [DEBUG] itemku: 📡 API: https://www.itemku.com/~partytown/proxytown
2026-05-20 09:42:20,635 [DEBUG] itemku: 📡 API: https://www.itemku.com/~partytown/proxytown
2026-05-20 09:42:20,643 [DEBUG] itemku: 📡 API: https://www.itemku.com/~partytown/proxytown
2026-05-20 09:42:20,655 [DEBUG] itemku: 📡 API: https://www.itemku.com/~partytown/proxytown
2026-05-20 09:42:20,664 [DEBUG] itemku: 📡 API: https://www.itemku.com/~partytown/proxytown
2026-05-20 09:42:20,669 [DEBUG] itemku: 📡 API: https://www.itemku.com/~partytown/proxytown
2026-05-20 09:42:20,675 [DEBUG] itemku: 📡 API: https://www.itemku.com/~partytown/proxytown
2026-05-20 09:42:20,680 [DEBUG] itemku: 📡 API: https://www.itemku.com/~partytown/proxytown
2026-05-20 09:42:20,684 [DEBUG] itemku: 📡 API: https://www.itemku.com/~partytown/proxytown
2026-05-20 09:42:20,690 [DEBUG] itemku: 📡 API: https://www.itemku.com/~partytown/proxytown
2026-05-20 09:42:20,696 [DEBUG] itemku: 📡 API: https://www.itemku.com/~partytown/proxytown
2026-05-20 09:42:20,700 [DEBUG] itemku: 📡 API: https://www.itemku.com/~partytown/proxytown
2026-05-20 09:42:20,705 [DEBUG] itemku: 📡 API: https://www.itemku.com/~partytown/proxytown
2026-05-20 09:42:20,711 [DEBUG] itemku: 📡 API: https://www.itemku.com/~partytown/proxytown
2026-05-20 09:42:20,716 [DEBUG] itemku: 📡 API: https://www.itemku.com/~partytown/proxytown
2026-05-20 09:42:20,720 [DEBUG] itemku: 📡 API: https://www.itemku.com/~partytown/proxytown
2026-05-20 09:42:20,726 [DEBUG] itemku: 📡 API: https://www.itemku.com/~partytown/proxytown
2026-05-20 09:42:20,731 [DEBUG] itemku: 📡 API: https://www.itemku.com/~partytown/proxytown
2026-05-20 09:42:20,738 [DEBUG] itemku: 📡 API: https://www.itemku.com/~partytown/proxytown
2026-05-20 09:42:20,746 [DEBUG] itemku: 📡 API: https://www.itemku.com/~partytown/proxytown
2026-05-20 09:42:20,747 [DEBUG] itemku: 📡 API: https://www.itemku.com/~partytown/proxytown
2026-05-20 09:42:20,752 [DEBUG] itemku: 📡 API: https://www.itemku.com/~partytown/proxytown
2026-05-20 09:42:20,755 [DEBUG] itemku: 📡 API: https://www.itemku.com/~partytown/proxytown
2026-05-20 09:42:20,760 [DEBUG] itemku: 📡 API: https://www.itemku.com/~partytown/proxytown
2026-05-20 09:42:20,764 [DEBUG] itemku: 📡 API: https://www.itemku.com/~partytown/proxytown
2026-05-20 09:42:20,768 [DEBUG] itemku: 📡 API: https://www.itemku.com/~partytown/proxytown
2026-05-20 09:42:20,773 [DEBUG] itemku: 📡 API: https://www.itemku.com/~partytown/proxytown
2026-05-20 09:42:20,777 [DEBUG] itemku: 📡 API: https://www.itemku.com/~partytown/proxytown
2026-05-20 09:42:20,784 [DEBUG] itemku: 📡 API: https://www.itemku.com/~partytown/proxytown
2026-05-20 09:42:20,787 [DEBUG] itemku: 📡 API: https://www.itemku.com/~partytown/proxytown
2026-05-20 09:42:20,792 [DEBUG] itemku: 📡 API: https://www.itemku.com/~partytown/proxytown
2026-05-20 09:42:20,795 [DEBUG] itemku: 📡 API: https://www.itemku.com/~partytown/proxytown
2026-05-20 09:42:20,800 [DEBUG] itemku: 📡 API: https://www.itemku.com/~partytown/proxytown
2026-05-20 09:42:20,803 [DEBUG] itemku: 📡 API: https://www.itemku.com/~partytown/proxytown
2026-05-20 09:42:20,808 [DEBUG] itemku: 📡 API: https://www.itemku.com/~partytown/proxytown
2026-05-20 09:42:20,812 [DEBUG] itemku: 📡 API: https://www.itemku.com/~partytown/proxytown
2026-05-20 09:42:20,816 [DEBUG] itemku: 📡 API: https://www.itemku.com/~partytown/proxytown
2026-05-20 09:42:20,820 [DEBUG] itemku: 📡 API: https://www.itemku.com/~partytown/proxytown
2026-05-20 09:42:20,824 [DEBUG] itemku: 📡 API: https://www.itemku.com/~partytown/proxytown
2026-05-20 09:42:20,829 [DEBUG] itemku: 📡 API: https://www.itemku.com/~partytown/proxytown
2026-05-20 09:42:20,831 [DEBUG] itemku: 📡 API: https://www.itemku.com/~partytown/proxytown
2026-05-20 09:42:20,836 [DEBUG] itemku: 📡 API: https://www.itemku.com/~partytown/proxytown
2026-05-20 09:42:20,840 [DEBUG] itemku: 📡 API: https://www.itemku.com/~partytown/proxytown
2026-05-20 09:42:20,844 [DEBUG] itemku: 📡 API: https://www.itemku.com/~partytown/proxytown
2026-05-20 09:42:20,850 [DEBUG] itemku: 📡 API: https://www.itemku.com/~partytown/proxytown
2026-05-20 09:42:20,854 [DEBUG] itemku: 📡 API: https://www.itemku.com/~partytown/proxytown
2026-05-20 09:42:20,859 [DEBUG] itemku: 📡 API: https://www.itemku.com/~partytown/proxytown
2026-05-20 09:42:20,863 [DEBUG] itemku: 📡 API: https://www.itemku.com/~partytown/proxytown
2026-05-20 09:42:20,866 [DEBUG] itemku: 📡 API: https://www.itemku.com/~partytown/proxytown
2026-05-20 09:42:20,873 [DEBUG] itemku: 📡 API: https://www.itemku.com/~partytown/proxytown
2026-05-20 09:42:20,877 [DEBUG] itemku: 📡 API: https://www.itemku.com/~partytown/proxytown
2026-05-20 09:42:20,881 [DEBUG] itemku: 📡 API: https://www.itemku.com/~partytown/proxytown
2026-05-20 09:42:20,888 [DEBUG] itemku: 📡 API: https://www.itemku.com/~partytown/proxytown
2026-05-20 09:42:20,890 [DEBUG] itemku: 📡 API: https://www.itemku.com/~partytown/proxytown
2026-05-20 09:42:22,361 [INFO] itemku: 💾 Simpan debug...
2026-05-20 09:42:24,077 [DEBUG] itemku: 📡 API: https://api-gateway.itemku.com/v1/expansion-country?sort=sequence
2026-05-20 09:42:24,159 [DEBUG] itemku: 📡 API: https://www.itemku.com/~partytown/proxytown
2026-05-20 09:42:24,162 [DEBUG] itemku: 📡 API: https://www.itemku.com/~partytown/proxytown
2026-05-20 09:42:24,244 [DEBUG] itemku: 📡 API: https://api-gateway.itemku.com/v1/product/game-list?per_page=5&sort=latest&country_codes[]=id&utm_src=csr_c2c&is_exclusive=false
2026-05-20 09:42:24,304 [DEBUG] itemku: 📡 API: https://www.itemku.com/~partytown/proxytown
2026-05-20 09:42:25,184 [INFO] itemku: 📸 Screenshot tersimpan
2026-05-20 09:42:25,186 [INFO] itemku: 📡 API tertangkap: 655
2026-05-20 09:42:25,188 [INFO] itemku: ✅ Produk dari API: 13
2026-05-20 09:42:25,599 [INFO] itemku: 📦 Total produk: 13
2026-05-20 09:42:25,600 [DEBUG] itemku: ⏳ Delay 2.7s...
2026-05-20 09:42:28,255 [INFO] itemku: 
============================================================
2026-05-20 09:42:28,256 [INFO] itemku: 📂 KATEGORI: pubg-mobile
2026-05-20 09:42:28,257 [INFO] itemku: ============================================================
2026-05-20 09:42:28,258 [INFO] itemku: 🔍 Scrape kategori:
2026-05-20 09:42:28,259 [INFO] itemku:    URL: https://www.itemku.com/c/pubg-mobile
2026-05-20 09:42:29,426 [ERROR] itemku: ❌ Error scrape: Page.goto: net::ERR_FAILED at https://www.itemku.com/c/pubg-mobile
Call log:
  - navigating to "https://www.itemku.com/c/pubg-mobile", waiting until "domcontentloaded"

2026-05-20 09:42:29,468 [INFO] itemku: 📦 Total produk: 0
2026-05-20 09:42:29,473 [DEBUG] itemku: ⏳ Delay 3.7s...
2026-05-20 09:42:34,169 [INFO] itemku: 🔒 Browser ditutup
2026-05-20 09:42:34,170 [INFO] run: ✅ Selesai scraping: 26 produk dari 3 kategori
2026-05-20 09:42:34,173 [INFO] run: 
🖊️  Membuat file PHP Seeder...
2026-05-20 09:42:34,174 [INFO] seeder_generator: 
🖊️  Membuat Laravel Seeder di: C:\TB SBD\TB-K1-Database\lapak_gaming\database\seeders
2026-05-20 09:42:34,186 [INFO] seeder_generator: 📁 Seeder kategori: ../database/seeders\ItemkuCategoriesSeeder.php (3 kategori)
2026-05-20 09:42:34,195 [INFO] seeder_generator: 📦 Seeder produk: ../database/seeders\ItemkuProductsSeeder.php (26 produk)
2026-05-20 09:42:34,196 [INFO] run: 
============================================================
2026-05-20 09:42:34,197 [INFO] run: ✅ SEEDER BERHASIL DIBUAT!
2026-05-20 09:42:34,199 [INFO] run:    📁 ../database/seeders\ItemkuCategoriesSeeder.php
2026-05-20 09:42:34,201 [INFO] run:    📦 ../database/seeders\ItemkuProductsSeeder.php
2026-05-20 09:42:34,201 [INFO] run: 
   Kategori : 3
2026-05-20 09:42:34,202 [INFO] run:    Produk   : 26
2026-05-20 09:42:34,202 [INFO] run: 
📌 Langkah selanjutnya di terminal Laravel:
2026-05-20 09:42:34,203 [INFO] run:    php artisan db:seed --class=ItemkuCategoriesSeeder
2026-05-20 09:42:34,203 [INFO] run:    php artisan db:seed --class=ItemkuProductsSeeder
2026-05-20 09:42:34,205 [INFO] run: ============================================================
2026-05-20 10:47:37,004 [INFO] run: ============================================================
2026-05-20 10:47:37,005 [INFO] run: 🚀 ITEMKU SCRAPER → LARAVEL SEEDER
2026-05-20 10:47:37,006 [INFO] run: ============================================================
2026-05-20 10:47:37,007 [INFO] run: 👤 Seller User ID  : 1
2026-05-20 10:47:37,007 [INFO] run: 🎯 Kategori target : mobile-legends, free-fire, pubg-mobile, genshin-impact, valorant, steam-wallet, honkai-star-rail, point-blank
2026-05-20 10:47:37,007 [INFO] run: 📂 Output folder   : C:\TB SBD\TB-K1-Database\lapak_gaming\database\seeders
2026-05-20 10:47:37,007 [INFO] run: 
📡 Memulai scraping...
2026-05-20 10:47:42,273 [INFO] itemku: 🌐 Browser berhasil dijalankan
2026-05-20 10:47:42,273 [INFO] itemku: 
============================================================
2026-05-20 10:47:42,273 [INFO] itemku: 📂 KATEGORI: mobile-legends
2026-05-20 10:47:42,274 [INFO] itemku: ============================================================
2026-05-20 10:47:42,274 [INFO] itemku: 🔍 Scrape kategori:
2026-05-20 10:47:42,274 [INFO] itemku:    URL: https://www.itemku.com/c/mobile-legends
2026-05-20 10:48:47,891 [DEBUG] itemku: 📡 API: https://www.itemku.com/~partytown/proxytown
2026-05-20 10:48:47,898 [DEBUG] itemku: 📡 API: https://www.itemku.com/~partytown/proxytown
2026-05-20 10:48:47,905 [DEBUG] itemku: 📡 API: https://www.itemku.com/~partytown/proxytown
2026-05-20 10:48:47,914 [DEBUG] itemku: 📡 API: https://www.itemku.com/~partytown/proxytown
2026-05-20 10:48:47,919 [DEBUG] itemku: 📡 API: https://www.itemku.com/~partytown/proxytown
2026-05-20 10:48:47,929 [DEBUG] itemku: 📡 API: https://www.itemku.com/~partytown/proxytown
2026-05-20 10:48:47,934 [DEBUG] itemku: 📡 API: https://www.itemku.com/~partytown/proxytown
2026-05-20 10:48:47,936 [DEBUG] itemku: 📡 API: https://www.itemku.com/~partytown/proxytown
2026-05-20 10:48:48,411 [DEBUG] itemku: 📡 API: https://api-gateway.itemku.com/v1/currency/detail
2026-05-20 10:48:48,412 [DEBUG] itemku: 📡 API: https://api-gateway.itemku.com/v1/metadata/icon-placeholder-mobile-payment
2026-05-20 10:48:48,412 [DEBUG] itemku: 📡 API: https://api-gateway.itemku.com/v1/user-location
2026-05-20 10:48:48,413 [DEBUG] itemku: 📡 API: https://api-gateway.itemku.com/v1/user-region-data
2026-05-20 10:48:48,413 [DEBUG] itemku: 📡 API: https://api-gateway.itemku.com/v1/foreign-exchange/bulk-rate?source_currency=idr
2026-05-20 10:48:48,434 [DEBUG] itemku: 📡 API: https://api-gateway.itemku.com/v1/popup-banner?country_codes[]=id
2026-05-20 10:48:48,502 [DEBUG] itemku: 📡 API: https://api-gateway.itemku.com/v1/config
2026-05-20 10:48:48,536 [DEBUG] itemku: 📡 API: https://www.itemku.com/_next/data/ox5kkx6ecmuea2igmr6vx/c/tipe-produk.json
2026-05-20 10:48:52,259 [DEBUG] itemku: 📡 API: https://api-gateway.itemku.com/v1/bottom-navigation-content?country_code=id
2026-05-20 10:48:52,578 [DEBUG] itemku: 📡 API: https://www.itemku.com/~partytown/proxytown
2026-05-20 10:48:52,586 [DEBUG] itemku: 📡 API: https://www.itemku.com/~partytown/proxytown
2026-05-20 10:48:52,591 [DEBUG] itemku: 📡 API: https://www.itemku.com/~partytown/proxytown
2026-05-20 10:48:52,592 [DEBUG] itemku: 📡 API: https://www.itemku.com/~partytown/proxytown
2026-05-20 10:48:57,369 [DEBUG] itemku: 📡 API: https://api-gateway.itemku.com/v1/user-location
2026-05-20 10:48:57,371 [DEBUG] itemku: 📡 API: https://api-gateway.itemku.com/v1/metadata/icon-placeholder-mobile-payment
2026-05-20 10:48:57,701 [DEBUG] itemku: 📡 API: https://api-gateway.itemku.com/v1/currency/detail
2026-05-20 10:48:58,667 [DEBUG] itemku: 📡 API: https://api-gateway.itemku.com/v1/expansion-country?sort=sequence
2026-05-20 10:48:59,167 [INFO] itemku: 📜 Scroll halaman...
2026-05-20 10:49:02,732 [DEBUG] itemku: 📡 API: https://api-gateway.itemku.com/v1/product/game-list?per_page=5&sort=latest&country_codes[]=id&utm_src=csr_c2c&is_exclusive=false
2026-05-20 10:49:04,761 [DEBUG] itemku: 📡 API: https://api-gateway.itemku.com/v1/config/feature/product
2026-05-20 10:49:05,294 [DEBUG] itemku: 📡 API: https://api-gateway.itemku.com/v1/product/game-category-popular?per_page=50&is_exclude_empty_game_category_lists=1&country_codes[]=id&type=1&usecache=false&is_category_v2=true&is_exclusive=false
2026-05-20 10:49:06,872 [DEBUG] itemku: 📡 API: https://api-gateway.itemku.com/v1/config/feature/product
2026-05-20 10:49:10,932 [DEBUG] itemku: 📡 API: https://files.itemku.com/language/id.json
2026-05-20 10:49:10,964 [DEBUG] itemku: 📡 API: https://files.itemku.com/language/id.json
2026-05-20 10:49:10,982 [DEBUG] itemku: 📡 API: https://files.itemku.com/language/id.json
2026-05-20 10:49:11,022 [DEBUG] itemku: 📡 API: https://files.itemku.com/language/id.json
2026-05-20 10:49:11,038 [DEBUG] itemku: 📡 API: https://files.itemku.com/language/id.json
2026-05-20 10:49:39,772 [INFO] itemku: 💾 Simpan debug...
2026-05-20 10:49:41,689 [INFO] itemku: 📸 Screenshot tersimpan
2026-05-20 10:49:41,689 [INFO] itemku: 📡 API tertangkap: 34
2026-05-20 10:49:41,689 [INFO] itemku: ✅ Produk dari API: 13
2026-05-20 10:49:41,735 [INFO] itemku: 📦 Total produk: 13
2026-05-20 10:49:41,736 [DEBUG] itemku: ⏳ Delay 2.1s...
2026-05-20 10:49:43,815 [INFO] itemku: 
============================================================
2026-05-20 10:49:43,815 [INFO] itemku: 📂 KATEGORI: free-fire
2026-05-20 10:49:43,816 [INFO] itemku: ============================================================
2026-05-20 10:49:43,816 [INFO] itemku: 🔍 Scrape kategori:
2026-05-20 10:49:43,816 [INFO] itemku:    URL: https://www.itemku.com/c/free-fire
2026-05-20 10:49:46,434 [DEBUG] itemku: 📡 API: https://files.itemku.com/language/id.json
2026-05-20 10:49:46,652 [DEBUG] itemku: 📡 API: https://www.itemku.com/~partytown/proxytown
2026-05-20 10:49:46,657 [DEBUG] itemku: 📡 API: https://www.itemku.com/~partytown/proxytown
2026-05-20 10:49:46,662 [DEBUG] itemku: 📡 API: https://www.itemku.com/~partytown/proxytown
2026-05-20 10:49:46,663 [DEBUG] itemku: 📡 API: https://www.itemku.com/~partytown/proxytown
2026-05-20 10:49:46,673 [DEBUG] itemku: 📡 API: https://www.itemku.com/_next/data/ox5kkx6ecmuea2igmr6vx/c/tipe-produk.json
2026-05-20 10:49:46,680 [DEBUG] itemku: 📡 API: https://www.itemku.com/~partytown/proxytown
2026-05-20 10:49:46,680 [DEBUG] itemku: 📡 API: https://www.itemku.com/~partytown/proxytown
2026-05-20 10:49:46,685 [DEBUG] itemku: 📡 API: https://www.itemku.com/~partytown/proxytown
2026-05-20 10:49:46,686 [DEBUG] itemku: 📡 API: https://www.itemku.com/~partytown/proxytown
2026-05-20 10:49:46,697 [DEBUG] itemku: 📡 API: https://www.itemku.com/~partytown/proxytown
2026-05-20 10:49:46,702 [DEBUG] itemku: 📡 API: https://www.itemku.com/~partytown/proxytown
2026-05-20 10:49:46,706 [DEBUG] itemku: 📡 API: https://www.itemku.com/~partytown/proxytown
2026-05-20 10:49:46,706 [DEBUG] itemku: 📡 API: https://www.itemku.com/~partytown/proxytown
2026-05-20 10:49:46,945 [DEBUG] itemku: 📡 API: https://api-gateway.itemku.com/v1/metadata/icon-placeholder-mobile-payment
2026-05-20 10:49:46,945 [DEBUG] itemku: 📡 API: https://api-gateway.itemku.com/v1/user-location
2026-05-20 10:49:46,956 [DEBUG] itemku: 📡 API: https://api-gateway.itemku.com/v1/product/game-category?country_codes[]=id&slug=mobile-game&is_exclude_empty_game_category_lists=true&per_page=50&is_exclusive=false
2026-05-20 10:49:46,973 [DEBUG] itemku: 📡 API: https://api-gateway.itemku.com/v1/currency/detail
2026-05-20 10:49:47,943 [DEBUG] itemku: 📡 API: https://api-gateway.itemku.com/v1/expansion-country?sort=sequence
2026-05-20 10:49:47,998 [DEBUG] itemku: 📡 API: https://www.itemku.com/~partytown/proxytown
2026-05-20 10:49:47,999 [DEBUG] itemku: 📡 API: https://www.itemku.com/~partytown/proxytown
2026-05-20 10:49:48,028 [DEBUG] itemku: 📡 API: https://www.itemku.com/~partytown/proxytown
2026-05-20 10:49:48,032 [DEBUG] itemku: 📡 API: https://www.itemku.com/~partytown/proxytown
2026-05-20 10:49:48,032 [DEBUG] itemku: 📡 API: https://www.itemku.com/~partytown/proxytown
2026-05-20 10:49:48,033 [DEBUG] itemku: 📡 API: https://www.itemku.com/~partytown/proxytown
2026-05-20 10:49:48,703 [DEBUG] itemku: 📡 API: https://api-gateway.itemku.com/v1/product/game-category-popular?per_page=50&is_exclude_empty_game_category_lists=1&country_codes[]=id&type=1&usecache=false&is_category_v2=true&is_exclusive=false
2026-05-20 10:49:48,704 [DEBUG] itemku: 📡 API: https://api-gateway.itemku.com/v1/product/game-list?per_page=5&sort=latest&country_codes[]=id&utm_src=csr_c2c&is_exclusive=false
2026-05-20 10:49:48,775 [DEBUG] itemku: 📡 API: https://script.crazyegg.com/pages/data-scripts/0113/7987/site/www.itemku.com.json?t=1
2026-05-20 10:49:48,998 [DEBUG] itemku: 📡 API: https://www.itemku.com/~partytown/proxytown
2026-05-20 10:49:49,004 [DEBUG] itemku: 📡 API: https://www.itemku.com/~partytown/proxytown
2026-05-20 10:49:49,008 [DEBUG] itemku: 📡 API: https://www.itemku.com/~partytown/proxytown
2026-05-20 10:49:49,017 [DEBUG] itemku: 📡 API: https://www.itemku.com/~partytown/proxytown
2026-05-20 10:49:49,026 [DEBUG] itemku: 📡 API: https://www.itemku.com/~partytown/proxytown
2026-05-20 10:49:49,026 [DEBUG] itemku: 📡 API: https://www.itemku.com/~partytown/proxytown
2026-05-20 10:49:49,030 [DEBUG] itemku: 📡 API: https://www.itemku.com/~partytown/proxytown
2026-05-20 10:49:49,036 [DEBUG] itemku: 📡 API: https://www.itemku.com/~partytown/proxytown
2026-05-20 10:49:49,039 [DEBUG] itemku: 📡 API: https://www.itemku.com/~partytown/proxytown
2026-05-20 10:49:49,046 [DEBUG] itemku: 📡 API: https://www.itemku.com/~partytown/proxytown
2026-05-20 10:49:49,053 [DEBUG] itemku: 📡 API: https://www.itemku.com/~partytown/proxytown
2026-05-20 10:49:49,061 [DEBUG] itemku: 📡 API: https://www.itemku.com/~partytown/proxytown
2026-05-20 10:49:49,062 [DEBUG] itemku: 📡 API: https://www.itemku.com/~partytown/proxytown
2026-05-20 10:49:49,069 [DEBUG] itemku: 📡 API: https://www.itemku.com/~partytown/proxytown
2026-05-20 10:49:49,071 [DEBUG] itemku: 📡 API: https://www.itemku.com/~partytown/proxytown
2026-05-20 10:49:49,088 [DEBUG] itemku: 📡 API: https://www.itemku.com/~partytown/proxytown
2026-05-20 10:49:49,095 [DEBUG] itemku: 📡 API: https://www.itemku.com/~partytown/proxytown
2026-05-20 10:49:49,095 [DEBUG] itemku: 📡 API: https://www.itemku.com/~partytown/proxytown
2026-05-20 10:49:49,102 [DEBUG] itemku: 📡 API: https://www.itemku.com/~partytown/proxytown
2026-05-20 10:49:49,110 [DEBUG] itemku: 📡 API: https://www.itemku.com/~partytown/proxytown
2026-05-20 10:49:49,110 [DEBUG] itemku: 📡 API: https://www.itemku.com/~partytown/proxytown
2026-05-20 10:49:49,117 [DEBUG] itemku: 📡 API: https://www.itemku.com/~partytown/proxytown
2026-05-20 10:49:49,120 [DEBUG] itemku: 📡 API: https://www.itemku.com/~partytown/proxytown
2026-05-20 10:49:49,126 [DEBUG] itemku: 📡 API: https://www.itemku.com/~partytown/proxytown
2026-05-20 10:49:49,126 [DEBUG] itemku: 📡 API: https://www.itemku.com/~partytown/proxytown
2026-05-20 10:49:49,130 [DEBUG] itemku: 📡 API: https://www.itemku.com/~partytown/proxytown
2026-05-20 10:49:49,142 [DEBUG] itemku: 📡 API: https://www.itemku.com/~partytown/proxytown
2026-05-20 10:49:49,147 [DEBUG] itemku: 📡 API: https://www.itemku.com/~partytown/proxytown
2026-05-20 10:49:49,150 [DEBUG] itemku: 📡 API: https://www.itemku.com/~partytown/proxytown
2026-05-20 10:49:49,158 [DEBUG] itemku: 📡 API: https://www.itemku.com/~partytown/proxytown
2026-05-20 10:49:49,158 [DEBUG] itemku: 📡 API: https://www.itemku.com/~partytown/proxytown
2026-05-20 10:49:49,164 [DEBUG] itemku: 📡 API: https://www.itemku.com/~partytown/proxytown
2026-05-20 10:49:49,165 [DEBUG] itemku: 📡 API: https://www.itemku.com/~partytown/proxytown
2026-05-20 10:49:49,171 [DEBUG] itemku: 📡 API: https://www.itemku.com/~partytown/proxytown
2026-05-20 10:49:49,171 [DEBUG] itemku: 📡 API: https://www.itemku.com/~partytown/proxytown
2026-05-20 10:49:49,177 [DEBUG] itemku: 📡 API: https://www.itemku.com/~partytown/proxytown
2026-05-20 10:49:49,185 [DEBUG] itemku: 📡 API: https://www.itemku.com/~partytown/proxytown
2026-05-20 10:49:49,192 [DEBUG] itemku: 📡 API: https://www.itemku.com/~partytown/proxytown
2026-05-20 10:49:49,204 [DEBUG] itemku: 📡 API: https://www.itemku.com/~partytown/proxytown
2026-05-20 10:49:49,204 [DEBUG] itemku: 📡 API: https://www.itemku.com/~partytown/proxytown
2026-05-20 10:49:49,213 [DEBUG] itemku: 📡 API: https://www.itemku.com/~partytown/proxytown
2026-05-20 10:49:49,219 [DEBUG] itemku: 📡 API: https://www.itemku.com/~partytown/proxytown
2026-05-20 10:49:49,228 [DEBUG] itemku: 📡 API: https://www.itemku.com/~partytown/proxytown
2026-05-20 10:49:49,238 [DEBUG] itemku: 📡 API: https://www.itemku.com/~partytown/proxytown
2026-05-20 10:49:49,244 [DEBUG] itemku: 📡 API: https://www.itemku.com/~partytown/proxytown
2026-05-20 10:49:49,245 [DEBUG] itemku: 📡 API: https://www.itemku.com/~partytown/proxytown
2026-05-20 10:49:49,250 [DEBUG] itemku: 📡 API: https://www.itemku.com/~partytown/proxytown
2026-05-20 10:49:49,258 [DEBUG] itemku: 📡 API: https://www.itemku.com/~partytown/proxytown
2026-05-20 10:49:49,260 [DEBUG] itemku: 📡 API: https://www.itemku.com/~partytown/proxytown
2026-05-20 10:49:49,265 [DEBUG] itemku: 📡 API: https://www.itemku.com/~partytown/proxytown
2026-05-20 10:49:49,265 [DEBUG] itemku: 📡 API: https://www.itemku.com/~partytown/proxytown
2026-05-20 10:49:49,267 [DEBUG] itemku: 📡 API: https://www.itemku.com/~partytown/proxytown
2026-05-20 10:49:49,290 [DEBUG] itemku: 📡 API: https://www.itemku.com/~partytown/proxytown
2026-05-20 10:49:49,355 [DEBUG] itemku: 📡 API: https://www.itemku.com/~partytown/proxytown
2026-05-20 10:49:49,355 [DEBUG] itemku: 📡 API: https://www.itemku.com/~partytown/proxytown
2026-05-20 10:49:49,358 [DEBUG] itemku: 📡 API: https://www.itemku.com/~partytown/proxytown
2026-05-20 10:49:49,370 [DEBUG] itemku: 📡 API: https://www.itemku.com/~partytown/proxytown
2026-05-20 10:49:49,378 [DEBUG] itemku: 📡 API: https://www.itemku.com/~partytown/proxytown
2026-05-20 10:49:49,381 [DEBUG] itemku: 📡 API: https://www.itemku.com/~partytown/proxytown
2026-05-20 10:49:49,390 [DEBUG] itemku: 📡 API: https://www.itemku.com/~partytown/proxytown
2026-05-20 10:49:49,397 [DEBUG] itemku: 📡 API: https://www.itemku.com/~partytown/proxytown
2026-05-20 10:49:49,404 [DEBUG] itemku: 📡 API: https://www.itemku.com/~partytown/proxytown
2026-05-20 10:49:49,412 [DEBUG] itemku: 📡 API: https://www.itemku.com/~partytown/proxytown
2026-05-20 10:49:49,435 [DEBUG] itemku: 📡 API: https://www.itemku.com/~partytown/proxytown
2026-05-20 10:49:49,435 [DEBUG] itemku: 📡 API: https://www.itemku.com/~partytown/proxytown
2026-05-20 10:49:49,449 [DEBUG] itemku: 📡 API: https://www.itemku.com/~partytown/proxytown
2026-05-20 10:49:49,458 [DEBUG] itemku: 📡 API: https://www.itemku.com/~partytown/proxytown
2026-05-20 10:49:49,479 [DEBUG] itemku: 📡 API: https://www.itemku.com/~partytown/proxytown
2026-05-20 10:49:49,479 [DEBUG] itemku: 📡 API: https://www.itemku.com/~partytown/proxytown
2026-05-20 10:49:49,598 [DEBUG] itemku: 📡 API: https://www.itemku.com/~partytown/proxytown
2026-05-20 10:49:49,605 [DEBUG] itemku: 📡 API: https://www.itemku.com/~partytown/proxytown
2026-05-20 10:49:49,609 [DEBUG] itemku: 📡 API: https://www.itemku.com/~partytown/proxytown
2026-05-20 10:49:49,616 [DEBUG] itemku: 📡 API: https://www.itemku.com/~partytown/proxytown
2026-05-20 10:49:49,617 [DEBUG] itemku: 📡 API: https://www.itemku.com/~partytown/proxytown
2026-05-20 10:49:49,625 [DEBUG] itemku: 📡 API: https://www.itemku.com/~partytown/proxytown
2026-05-20 10:49:49,633 [DEBUG] itemku: 📡 API: https://www.itemku.com/~partytown/proxytown
2026-05-20 10:49:49,633 [DEBUG] itemku: 📡 API: https://www.itemku.com/~partytown/proxytown
2026-05-20 10:49:49,642 [DEBUG] itemku: 📡 API: https://www.itemku.com/~partytown/proxytown
2026-05-20 10:49:49,643 [DEBUG] itemku: 📡 API: https://www.itemku.com/~partytown/proxytown
2026-05-20 10:49:49,646 [DEBUG] itemku: 📡 API: https://www.itemku.com/~partytown/proxytown
2026-05-20 10:49:49,652 [DEBUG] itemku: 📡 API: https://www.itemku.com/~partytown/proxytown
2026-05-20 10:49:49,652 [DEBUG] itemku: 📡 API: https://www.itemku.com/~partytown/proxytown
2026-05-20 10:49:49,659 [DEBUG] itemku: 📡 API: https://www.itemku.com/~partytown/proxytown
2026-05-20 10:49:49,660 [DEBUG] itemku: 📡 API: https://www.itemku.com/~partytown/proxytown
2026-05-20 10:49:49,669 [DEBUG] itemku: 📡 API: https://www.itemku.com/~partytown/proxytown
2026-05-20 10:49:49,673 [DEBUG] itemku: 📡 API: https://www.itemku.com/~partytown/proxytown
2026-05-20 10:49:49,675 [DEBUG] itemku: 📡 API: https://www.itemku.com/~partytown/proxytown
2026-05-20 10:49:49,679 [DEBUG] itemku: 📡 API: https://www.itemku.com/~partytown/proxytown
2026-05-20 10:49:49,685 [DEBUG] itemku: 📡 API: https://www.itemku.com/~partytown/proxytown
2026-05-20 10:49:49,687 [DEBUG] itemku: 📡 API: https://www.itemku.com/~partytown/proxytown
2026-05-20 10:49:49,695 [DEBUG] itemku: 📡 API: https://www.itemku.com/~partytown/proxytown
2026-05-20 10:49:49,696 [DEBUG] itemku: 📡 API: https://www.itemku.com/~partytown/proxytown
2026-05-20 10:49:49,703 [DEBUG] itemku: 📡 API: https://www.itemku.com/~partytown/proxytown
2026-05-20 10:49:49,709 [DEBUG] itemku: 📡 API: https://www.itemku.com/~partytown/proxytown
2026-05-20 10:49:49,710 [DEBUG] itemku: 📡 API: https://www.itemku.com/~partytown/proxytown
2026-05-20 10:49:49,716 [DEBUG] itemku: 📡 API: https://www.itemku.com/~partytown/proxytown
2026-05-20 10:49:49,720 [DEBUG] itemku: 📡 API: https://www.itemku.com/~partytown/proxytown
2026-05-20 10:49:49,720 [DEBUG] itemku: 📡 API: https://www.itemku.com/~partytown/proxytown
2026-05-20 10:49:49,727 [DEBUG] itemku: 📡 API: https://www.itemku.com/~partytown/proxytown
2026-05-20 10:49:49,735 [DEBUG] itemku: 📡 API: https://www.itemku.com/~partytown/proxytown
2026-05-20 10:49:49,735 [DEBUG] itemku: 📡 API: https://www.itemku.com/~partytown/proxytown
2026-05-20 10:49:49,742 [DEBUG] itemku: 📡 API: https://www.itemku.com/~partytown/proxytown
2026-05-20 10:49:49,750 [DEBUG] itemku: 📡 API: https://www.itemku.com/~partytown/proxytown
2026-05-20 10:49:49,751 [DEBUG] itemku: 📡 API: https://www.itemku.com/~partytown/proxytown
2026-05-20 10:49:49,757 [DEBUG] itemku: 📡 API: https://www.itemku.com/~partytown/proxytown
2026-05-20 10:49:49,763 [DEBUG] itemku: 📡 API: https://www.itemku.com/~partytown/proxytown
2026-05-20 10:49:49,764 [DEBUG] itemku: 📡 API: https://www.itemku.com/~partytown/proxytown
2026-05-20 10:49:49,806 [DEBUG] itemku: 📡 API: https://www.itemku.com/~partytown/proxytown
2026-05-20 10:49:49,807 [DEBUG] itemku: 📡 API: https://www.itemku.com/~partytown/proxytown
2026-05-20 10:49:49,829 [DEBUG] itemku: 📡 API: https://www.itemku.com/~partytown/proxytown
2026-05-20 10:49:49,858 [DEBUG] itemku: 📡 API: https://www.itemku.com/~partytown/proxytown
2026-05-20 10:49:49,881 [DEBUG] itemku: 📡 API: https://www.itemku.com/~partytown/proxytown
2026-05-20 10:49:49,886 [DEBUG] itemku: 📡 API: https://www.itemku.com/~partytown/proxytown
2026-05-20 10:49:49,893 [DEBUG] itemku: 📡 API: https://www.itemku.com/~partytown/proxytown
2026-05-20 10:49:49,903 [DEBUG] itemku: 📡 API: https://www.itemku.com/~partytown/proxytown
2026-05-20 10:49:49,906 [DEBUG] itemku: 📡 API: https://www.itemku.com/~partytown/proxytown
2026-05-20 10:49:49,909 [DEBUG] itemku: 📡 API: https://www.itemku.com/~partytown/proxytown
2026-05-20 10:49:49,916 [DEBUG] itemku: 📡 API: https://www.itemku.com/~partytown/proxytown
2026-05-20 10:49:49,916 [DEBUG] itemku: 📡 API: https://www.itemku.com/~partytown/proxytown
2026-05-20 10:49:49,923 [DEBUG] itemku: 📡 API: https://www.itemku.com/~partytown/proxytown
2026-05-20 10:49:49,929 [DEBUG] itemku: 📡 API: https://www.itemku.com/~partytown/proxytown
2026-05-20 10:49:49,940 [DEBUG] itemku: 📡 API: https://www.itemku.com/~partytown/proxytown
2026-05-20 10:49:49,945 [DEBUG] itemku: 📡 API: https://www.itemku.com/~partytown/proxytown
2026-05-20 10:49:49,950 [DEBUG] itemku: 📡 API: https://www.itemku.com/~partytown/proxytown
2026-05-20 10:49:49,951 [DEBUG] itemku: 📡 API: https://www.itemku.com/~partytown/proxytown
2026-05-20 10:49:49,960 [DEBUG] itemku: 📡 API: https://www.itemku.com/~partytown/proxytown
2026-05-20 10:49:49,965 [DEBUG] itemku: 📡 API: https://www.itemku.com/~partytown/proxytown
2026-05-20 10:49:49,969 [DEBUG] itemku: 📡 API: https://www.itemku.com/~partytown/proxytown
2026-05-20 10:49:49,970 [DEBUG] itemku: 📡 API: https://www.itemku.com/~partytown/proxytown
2026-05-20 10:49:49,977 [DEBUG] itemku: 📡 API: https://www.itemku.com/~partytown/proxytown
2026-05-20 10:49:49,977 [DEBUG] itemku: 📡 API: https://www.itemku.com/~partytown/proxytown
2026-05-20 10:49:49,983 [DEBUG] itemku: 📡 API: https://www.itemku.com/~partytown/proxytown
2026-05-20 10:49:49,988 [DEBUG] itemku: 📡 API: https://www.itemku.com/~partytown/proxytown
2026-05-20 10:49:49,988 [DEBUG] itemku: 📡 API: https://www.itemku.com/~partytown/proxytown
2026-05-20 10:49:49,992 [DEBUG] itemku: 📡 API: https://www.itemku.com/~partytown/proxytown
2026-05-20 10:49:49,999 [DEBUG] itemku: 📡 API: https://www.itemku.com/~partytown/proxytown
2026-05-20 10:49:50,005 [DEBUG] itemku: 📡 API: https://www.itemku.com/~partytown/proxytown
2026-05-20 10:49:50,009 [DEBUG] itemku: 📡 API: https://www.itemku.com/~partytown/proxytown
2026-05-20 10:49:50,010 [DEBUG] itemku: 📡 API: https://www.itemku.com/~partytown/proxytown
2026-05-20 10:49:50,019 [DEBUG] itemku: 📡 API: https://www.itemku.com/~partytown/proxytown
2026-05-20 10:49:50,020 [DEBUG] itemku: 📡 API: https://www.itemku.com/~partytown/proxytown
2026-05-20 10:49:50,028 [DEBUG] itemku: 📡 API: https://www.itemku.com/~partytown/proxytown
2026-05-20 10:49:50,029 [DEBUG] itemku: 📡 API: https://www.itemku.com/~partytown/proxytown
2026-05-20 10:49:50,036 [DEBUG] itemku: 📡 API: https://www.itemku.com/~partytown/proxytown
2026-05-20 10:49:50,037 [DEBUG] itemku: 📡 API: https://www.itemku.com/~partytown/proxytown
2026-05-20 10:49:50,044 [DEBUG] itemku: 📡 API: https://www.itemku.com/~partytown/proxytown
2026-05-20 10:49:50,044 [DEBUG] itemku: 📡 API: https://www.itemku.com/~partytown/proxytown
2026-05-20 10:49:50,050 [DEBUG] itemku: 📡 API: https://www.itemku.com/~partytown/proxytown
2026-05-20 10:49:50,056 [DEBUG] itemku: 📡 API: https://www.itemku.com/~partytown/proxytown
2026-05-20 10:49:50,057 [DEBUG] itemku: 📡 API: https://www.itemku.com/~partytown/proxytown
2026-05-20 10:49:50,064 [DEBUG] itemku: 📡 API: https://www.itemku.com/~partytown/proxytown
2026-05-20 10:49:50,067 [DEBUG] itemku: 📡 API: https://www.itemku.com/~partytown/proxytown
2026-05-20 10:49:50,068 [DEBUG] itemku: 📡 API: https://www.itemku.com/~partytown/proxytown
2026-05-20 10:49:50,073 [DEBUG] itemku: 📡 API: https://www.itemku.com/~partytown/proxytown
2026-05-20 10:49:50,078 [DEBUG] itemku: 📡 API: https://www.itemku.com/~partytown/proxytown
2026-05-20 10:49:50,087 [DEBUG] itemku: 📡 API: https://www.itemku.com/~partytown/proxytown
2026-05-20 10:49:50,097 [DEBUG] itemku: 📡 API: https://www.itemku.com/~partytown/proxytown
2026-05-20 10:49:50,104 [DEBUG] itemku: 📡 API: https://www.itemku.com/~partytown/proxytown
2026-05-20 10:49:50,104 [DEBUG] itemku: 📡 API: https://www.itemku.com/~partytown/proxytown
2026-05-20 10:49:50,111 [DEBUG] itemku: 📡 API: https://www.itemku.com/~partytown/proxytown
2026-05-20 10:49:50,111 [DEBUG] itemku: 📡 API: https://www.itemku.com/~partytown/proxytown
2026-05-20 10:49:50,115 [DEBUG] itemku: 📡 API: https://www.itemku.com/~partytown/proxytown
2026-05-20 10:49:50,119 [DEBUG] itemku: 📡 API: https://www.itemku.com/~partytown/proxytown
2026-05-20 10:49:50,129 [DEBUG] itemku: 📡 API: https://www.itemku.com/~partytown/proxytown
2026-05-20 10:49:50,138 [DEBUG] itemku: 📡 API: https://www.itemku.com/~partytown/proxytown
2026-05-20 10:49:50,139 [DEBUG] itemku: 📡 API: https://www.itemku.com/~partytown/proxytown
2026-05-20 10:49:50,149 [DEBUG] itemku: 📡 API: https://www.itemku.com/~partytown/proxytown
2026-05-20 10:49:50,159 [DEBUG] itemku: 📡 API: https://www.itemku.com/~partytown/proxytown
2026-05-20 10:49:50,164 [DEBUG] itemku: 📡 API: https://www.itemku.com/~partytown/proxytown
2026-05-20 10:49:50,168 [DEBUG] itemku: 📡 API: https://www.itemku.com/~partytown/proxytown
2026-05-20 10:49:50,171 [DEBUG] itemku: 📡 API: https://www.itemku.com/~partytown/proxytown
2026-05-20 10:49:50,175 [DEBUG] itemku: 📡 API: https://www.itemku.com/~partytown/proxytown
2026-05-20 10:49:50,178 [DEBUG] itemku: 📡 API: https://www.itemku.com/~partytown/proxytown
2026-05-20 10:49:50,181 [DEBUG] itemku: 📡 API: https://www.itemku.com/~partytown/proxytown
2026-05-20 10:49:50,183 [DEBUG] itemku: 📡 API: https://www.itemku.com/~partytown/proxytown
2026-05-20 10:49:50,184 [DEBUG] itemku: 📡 API: https://www.itemku.com/~partytown/proxytown
2026-05-20 10:49:50,186 [DEBUG] itemku: 📡 API: https://www.itemku.com/~partytown/proxytown
2026-05-20 10:49:50,189 [DEBUG] itemku: 📡 API: https://www.itemku.com/~partytown/proxytown
2026-05-20 10:49:50,189 [DEBUG] itemku: 📡 API: https://www.itemku.com/~partytown/proxytown
2026-05-20 10:49:50,195 [DEBUG] itemku: 📡 API: https://www.itemku.com/~partytown/proxytown
2026-05-20 10:49:50,204 [DEBUG] itemku: 📡 API: https://www.itemku.com/~partytown/proxytown
2026-05-20 10:49:50,206 [DEBUG] itemku: 📡 API: https://www.itemku.com/~partytown/proxytown
2026-05-20 10:49:50,213 [DEBUG] itemku: 📡 API: https://www.itemku.com/~partytown/proxytown
2026-05-20 10:49:50,214 [DEBUG] itemku: 📡 API: https://www.itemku.com/~partytown/proxytown
2026-05-20 10:49:50,220 [DEBUG] itemku: 📡 API: https://www.itemku.com/~partytown/proxytown
2026-05-20 10:49:50,223 [DEBUG] itemku: 📡 API: https://www.itemku.com/~partytown/proxytown
2026-05-20 10:49:50,223 [DEBUG] itemku: 📡 API: https://www.itemku.com/~partytown/proxytown
2026-05-20 10:49:50,230 [DEBUG] itemku: 📡 API: https://www.itemku.com/~partytown/proxytown
2026-05-20 10:49:50,236 [DEBUG] itemku: 📡 API: https://www.itemku.com/~partytown/proxytown
2026-05-20 10:49:50,241 [DEBUG] itemku: 📡 API: https://www.itemku.com/~partytown/proxytown
2026-05-20 10:49:50,241 [DEBUG] itemku: 📡 API: https://www.itemku.com/~partytown/proxytown
2026-05-20 10:49:50,249 [DEBUG] itemku: 📡 API: https://www.itemku.com/~partytown/proxytown
2026-05-20 10:49:50,257 [DEBUG] itemku: 📡 API: https://www.itemku.com/~partytown/proxytown
2026-05-20 10:49:50,261 [DEBUG] itemku: 📡 API: https://www.itemku.com/~partytown/proxytown
2026-05-20 10:49:50,266 [DEBUG] itemku: 📡 API: https://www.itemku.com/~partytown/proxytown
2026-05-20 10:49:50,268 [DEBUG] itemku: 📡 API: https://www.itemku.com/~partytown/proxytown
2026-05-20 10:49:50,272 [DEBUG] itemku: 📡 API: https://www.itemku.com/~partytown/proxytown
2026-05-20 10:49:50,277 [DEBUG] itemku: 📡 API: https://www.itemku.com/~partytown/proxytown
2026-05-20 10:49:50,282 [DEBUG] itemku: 📡 API: https://www.itemku.com/~partytown/proxytown
2026-05-20 10:49:50,286 [DEBUG] itemku: 📡 API: https://www.itemku.com/~partytown/proxytown
2026-05-20 10:49:50,290 [DEBUG] itemku: 📡 API: https://www.itemku.com/~partytown/proxytown
2026-05-20 10:49:50,294 [DEBUG] itemku: 📡 API: https://www.itemku.com/~partytown/proxytown
2026-05-20 10:49:50,298 [DEBUG] itemku: 📡 API: https://www.itemku.com/~partytown/proxytown
2026-05-20 10:49:50,303 [DEBUG] itemku: 📡 API: https://www.itemku.com/~partytown/proxytown
2026-05-20 10:49:50,308 [DEBUG] itemku: 📡 API: https://www.itemku.com/~partytown/proxytown
2026-05-20 10:49:50,311 [DEBUG] itemku: 📡 API: https://www.itemku.com/~partytown/proxytown
2026-05-20 10:49:50,317 [DEBUG] itemku: 📡 API: https://www.itemku.com/~partytown/proxytown
2026-05-20 10:49:50,317 [DEBUG] itemku: 📡 API: https://www.itemku.com/~partytown/proxytown
2026-05-20 10:49:50,322 [DEBUG] itemku: 📡 API: https://www.itemku.com/~partytown/proxytown
2026-05-20 10:49:50,328 [DEBUG] itemku: 📡 API: https://www.itemku.com/~partytown/proxytown
2026-05-20 10:49:50,331 [DEBUG] itemku: 📡 API: https://www.itemku.com/~partytown/proxytown
2026-05-20 10:49:50,339 [DEBUG] itemku: 📡 API: https://www.itemku.com/~partytown/proxytown
2026-05-20 10:49:50,348 [DEBUG] itemku: 📡 API: https://www.itemku.com/~partytown/proxytown
2026-05-20 10:49:50,351 [DEBUG] itemku: 📡 API: https://www.itemku.com/~partytown/proxytown
2026-05-20 10:49:50,359 [DEBUG] itemku: 📡 API: https://www.itemku.com/~partytown/proxytown
2026-05-20 10:49:50,359 [DEBUG] itemku: 📡 API: https://www.itemku.com/~partytown/proxytown
2026-05-20 10:49:50,366 [DEBUG] itemku: 📡 API: https://www.itemku.com/~partytown/proxytown
2026-05-20 10:49:50,374 [DEBUG] itemku: 📡 API: https://www.itemku.com/~partytown/proxytown
2026-05-20 10:49:50,374 [DEBUG] itemku: 📡 API: https://www.itemku.com/~partytown/proxytown
2026-05-20 10:49:50,384 [DEBUG] itemku: 📡 API: https://www.itemku.com/~partytown/proxytown
2026-05-20 10:49:50,385 [DEBUG] itemku: 📡 API: https://www.itemku.com/~partytown/proxytown
2026-05-20 10:49:50,394 [DEBUG] itemku: 📡 API: https://www.itemku.com/~partytown/proxytown
2026-05-20 10:49:50,397 [DEBUG] itemku: 📡 API: https://www.itemku.com/~partytown/proxytown
2026-05-20 10:49:50,405 [DEBUG] itemku: 📡 API: https://www.itemku.com/~partytown/proxytown
2026-05-20 10:49:50,405 [DEBUG] itemku: 📡 API: https://www.itemku.com/~partytown/proxytown
2026-05-20 10:49:50,406 [DEBUG] itemku: 📡 API: https://www.itemku.com/~partytown/proxytown
2026-05-20 10:49:50,414 [DEBUG] itemku: 📡 API: https://www.itemku.com/~partytown/proxytown
2026-05-20 10:49:50,419 [DEBUG] itemku: 📡 API: https://www.itemku.com/~partytown/proxytown
2026-05-20 10:49:50,424 [DEBUG] itemku: 📡 API: https://www.itemku.com/~partytown/proxytown
2026-05-20 10:49:50,428 [DEBUG] itemku: 📡 API: https://www.itemku.com/~partytown/proxytown
2026-05-20 10:49:50,436 [DEBUG] itemku: 📡 API: https://www.itemku.com/~partytown/proxytown
2026-05-20 10:49:50,440 [DEBUG] itemku: 📡 API: https://www.itemku.com/~partytown/proxytown
2026-05-20 10:49:50,444 [DEBUG] itemku: 📡 API: https://www.itemku.com/~partytown/proxytown
2026-05-20 10:49:50,446 [DEBUG] itemku: 📡 API: https://www.itemku.com/~partytown/proxytown
2026-05-20 10:49:50,453 [DEBUG] itemku: 📡 API: https://www.itemku.com/~partytown/proxytown
2026-05-20 10:49:50,453 [DEBUG] itemku: 📡 API: https://www.itemku.com/~partytown/proxytown
2026-05-20 10:49:50,459 [DEBUG] itemku: 📡 API: https://www.itemku.com/~partytown/proxytown
2026-05-20 10:49:50,464 [DEBUG] itemku: 📡 API: https://www.itemku.com/~partytown/proxytown
2026-05-20 10:49:50,473 [DEBUG] itemku: 📡 API: https://www.itemku.com/~partytown/proxytown
2026-05-20 10:49:50,476 [DEBUG] itemku: 📡 API: https://www.itemku.com/~partytown/proxytown
2026-05-20 10:49:50,478 [DEBUG] itemku: 📡 API: https://www.itemku.com/~partytown/proxytown
2026-05-20 10:49:50,485 [DEBUG] itemku: 📡 API: https://www.itemku.com/~partytown/proxytown
2026-05-20 10:49:50,485 [DEBUG] itemku: 📡 API: https://www.itemku.com/~partytown/proxytown
2026-05-20 10:49:50,490 [DEBUG] itemku: 📡 API: https://www.itemku.com/~partytown/proxytown
2026-05-20 10:49:50,499 [DEBUG] itemku: 📡 API: https://www.itemku.com/~partytown/proxytown
2026-05-20 10:49:50,499 [DEBUG] itemku: 📡 API: https://www.itemku.com/~partytown/proxytown
2026-05-20 10:49:50,504 [DEBUG] itemku: 📡 API: https://www.itemku.com/~partytown/proxytown
2026-05-20 10:49:50,507 [DEBUG] itemku: 📡 API: https://www.itemku.com/~partytown/proxytown
2026-05-20 10:49:50,741 [DEBUG] itemku: 📡 API: https://www.itemku.com/~partytown/proxytown
2026-05-20 10:49:50,752 [DEBUG] itemku: 📡 API: https://www.itemku.com/~partytown/proxytown
2026-05-20 10:49:50,760 [DEBUG] itemku: 📡 API: https://www.itemku.com/~partytown/proxytown
2026-05-20 10:49:50,768 [DEBUG] itemku: 📡 API: https://www.itemku.com/~partytown/proxytown
2026-05-20 10:49:50,782 [DEBUG] itemku: 📡 API: https://www.itemku.com/~partytown/proxytown
2026-05-20 10:49:50,787 [DEBUG] itemku: 📡 API: https://www.itemku.com/~partytown/proxytown
2026-05-20 10:49:50,795 [DEBUG] itemku: 📡 API: https://www.itemku.com/~partytown/proxytown
2026-05-20 10:49:50,796 [DEBUG] itemku: 📡 API: https://www.itemku.com/~partytown/proxytown
2026-05-20 10:49:50,806 [DEBUG] itemku: 📡 API: https://www.itemku.com/~partytown/proxytown
2026-05-20 10:49:50,822 [DEBUG] itemku: 📡 API: https://www.itemku.com/~partytown/proxytown
2026-05-20 10:49:50,823 [DEBUG] itemku: 📡 API: https://www.itemku.com/~partytown/proxytown
2026-05-20 10:49:50,833 [DEBUG] itemku: 📡 API: https://www.itemku.com/~partytown/proxytown
2026-05-20 10:49:50,834 [DEBUG] itemku: 📡 API: https://www.itemku.com/~partytown/proxytown
2026-05-20 10:49:50,842 [DEBUG] itemku: 📡 API: https://www.itemku.com/~partytown/proxytown
2026-05-20 10:49:50,849 [DEBUG] itemku: 📡 API: https://www.itemku.com/~partytown/proxytown
2026-05-20 10:49:50,855 [DEBUG] itemku: 📡 API: https://www.itemku.com/~partytown/proxytown
2026-05-20 10:49:50,855 [DEBUG] itemku: 📡 API: https://www.itemku.com/~partytown/proxytown
2026-05-20 10:49:50,864 [DEBUG] itemku: 📡 API: https://www.itemku.com/~partytown/proxytown
2026-05-20 10:49:50,869 [DEBUG] itemku: 📡 API: https://www.itemku.com/~partytown/proxytown
2026-05-20 10:49:50,871 [DEBUG] itemku: 📡 API: https://www.itemku.com/~partytown/proxytown
2026-05-20 10:49:50,878 [DEBUG] itemku: 📡 API: https://www.itemku.com/~partytown/proxytown
2026-05-20 10:49:50,878 [DEBUG] itemku: 📡 API: https://www.itemku.com/~partytown/proxytown
2026-05-20 10:49:50,886 [DEBUG] itemku: 📡 API: https://www.itemku.com/~partytown/proxytown
2026-05-20 10:49:50,888 [DEBUG] itemku: 📡 API: https://www.itemku.com/~partytown/proxytown
2026-05-20 10:49:50,895 [DEBUG] itemku: 📡 API: https://www.itemku.com/~partytown/proxytown
2026-05-20 10:49:50,895 [DEBUG] itemku: 📡 API: https://www.itemku.com/~partytown/proxytown
2026-05-20 10:49:50,902 [DEBUG] itemku: 📡 API: https://www.itemku.com/~partytown/proxytown
2026-05-20 10:49:50,904 [DEBUG] itemku: 📡 API: https://www.itemku.com/~partytown/proxytown
2026-05-20 10:49:50,913 [DEBUG] itemku: 📡 API: https://www.itemku.com/~partytown/proxytown
2026-05-20 10:49:50,913 [DEBUG] itemku: 📡 API: https://www.itemku.com/~partytown/proxytown
2026-05-20 10:49:50,924 [DEBUG] itemku: 📡 API: https://www.itemku.com/~partytown/proxytown
2026-05-20 10:49:50,924 [DEBUG] itemku: 📡 API: https://www.itemku.com/~partytown/proxytown
2026-05-20 10:49:50,925 [DEBUG] itemku: 📡 API: https://www.itemku.com/~partytown/proxytown
2026-05-20 10:49:50,931 [DEBUG] itemku: 📡 API: https://www.itemku.com/~partytown/proxytown
2026-05-20 10:49:50,934 [DEBUG] itemku: 📡 API: https://www.itemku.com/~partytown/proxytown
2026-05-20 10:49:50,940 [DEBUG] itemku: 📡 API: https://www.itemku.com/~partytown/proxytown
2026-05-20 10:49:50,941 [DEBUG] itemku: 📡 API: https://www.itemku.com/~partytown/proxytown
2026-05-20 10:49:50,950 [DEBUG] itemku: 📡 API: https://www.itemku.com/~partytown/proxytown
2026-05-20 10:49:50,952 [DEBUG] itemku: 📡 API: https://www.itemku.com/~partytown/proxytown
2026-05-20 10:49:50,958 [DEBUG] itemku: 📡 API: https://www.itemku.com/~partytown/proxytown
2026-05-20 10:49:50,958 [DEBUG] itemku: 📡 API: https://www.itemku.com/~partytown/proxytown
2026-05-20 10:49:50,964 [DEBUG] itemku: 📡 API: https://www.itemku.com/~partytown/proxytown
2026-05-20 10:49:50,969 [DEBUG] itemku: 📡 API: https://www.itemku.com/~partytown/proxytown
2026-05-20 10:49:50,973 [DEBUG] itemku: 📡 API: https://www.itemku.com/~partytown/proxytown
2026-05-20 10:49:50,977 [DEBUG] itemku: 📡 API: https://www.itemku.com/~partytown/proxytown
2026-05-20 10:49:50,980 [DEBUG] itemku: 📡 API: https://www.itemku.com/~partytown/proxytown
2026-05-20 10:49:50,982 [DEBUG] itemku: 📡 API: https://www.itemku.com/~partytown/proxytown
2026-05-20 10:49:50,987 [DEBUG] itemku: 📡 API: https://www.itemku.com/~partytown/proxytown
2026-05-20 10:49:50,988 [DEBUG] itemku: 📡 API: https://www.itemku.com/~partytown/proxytown
2026-05-20 10:49:50,994 [DEBUG] itemku: 📡 API: https://www.itemku.com/~partytown/proxytown
2026-05-20 10:49:50,994 [DEBUG] itemku: 📡 API: https://www.itemku.com/~partytown/proxytown
2026-05-20 10:49:51,002 [DEBUG] itemku: 📡 API: https://www.itemku.com/~partytown/proxytown
2026-05-20 10:49:51,002 [DEBUG] itemku: 📡 API: https://www.itemku.com/~partytown/proxytown
2026-05-20 10:49:51,011 [DEBUG] itemku: 📡 API: https://www.itemku.com/~partytown/proxytown
2026-05-20 10:49:51,016 [DEBUG] itemku: 📡 API: https://www.itemku.com/~partytown/proxytown
2026-05-20 10:49:51,017 [DEBUG] itemku: 📡 API: https://www.itemku.com/~partytown/proxytown
2026-05-20 10:49:51,017 [DEBUG] itemku: 📡 API: https://www.itemku.com/~partytown/proxytown
2026-05-20 10:49:51,222 [DEBUG] itemku: 📡 API: https://script.crazyegg.com/pages/data-scripts/0113/7987/sampling/www.itemku.com.json?t=1
2026-05-20 10:49:59,331 [DEBUG] itemku: 📡 API: https://www.itemku.com/~partytown/proxytown
2026-05-20 10:50:03,189 [INFO] itemku: 📜 Scroll halaman...
2026-05-20 10:50:03,529 [DEBUG] itemku: 📡 API: https://www.itemku.com/~partytown/proxytown
2026-05-20 10:50:05,292 [DEBUG] itemku: 📡 API: https://www.itemku.com/~partytown/proxytown
2026-05-20 10:50:05,502 [DEBUG] itemku: 📡 API: https://www.itemku.com/~partytown/proxytown
2026-05-20 10:50:05,510 [DEBUG] itemku: 📡 API: https://www.itemku.com/~partytown/proxytown
2026-05-20 10:50:05,510 [DEBUG] itemku: 📡 API: https://www.itemku.com/~partytown/proxytown
2026-05-20 10:50:05,518 [DEBUG] itemku: 📡 API: https://www.itemku.com/~partytown/proxytown
2026-05-20 10:50:05,519 [DEBUG] itemku: 📡 API: https://www.itemku.com/~partytown/proxytown
2026-05-20 10:50:05,521 [DEBUG] itemku: 📡 API: https://www.itemku.com/~partytown/proxytown
2026-05-20 10:50:05,525 [DEBUG] itemku: 📡 API: https://www.itemku.com/~partytown/proxytown
2026-05-20 10:50:05,530 [DEBUG] itemku: 📡 API: https://www.itemku.com/~partytown/proxytown
2026-05-20 10:50:05,534 [DEBUG] itemku: 📡 API: https://www.itemku.com/~partytown/proxytown
2026-05-20 10:50:05,541 [DEBUG] itemku: 📡 API: https://www.itemku.com/~partytown/proxytown
2026-05-20 10:50:05,548 [DEBUG] itemku: 📡 API: https://www.itemku.com/~partytown/proxytown
2026-05-20 10:50:05,555 [DEBUG] itemku: 📡 API: https://www.itemku.com/~partytown/proxytown
2026-05-20 10:50:05,555 [DEBUG] itemku: 📡 API: https://www.itemku.com/~partytown/proxytown
2026-05-20 10:50:05,555 [DEBUG] itemku: 📡 API: https://www.itemku.com/~partytown/proxytown
2026-05-20 10:50:05,561 [DEBUG] itemku: 📡 API: https://www.itemku.com/~partytown/proxytown
2026-05-20 10:50:05,564 [DEBUG] itemku: 📡 API: https://www.itemku.com/~partytown/proxytown
2026-05-20 10:50:05,566 [DEBUG] itemku: 📡 API: https://www.itemku.com/~partytown/proxytown
2026-05-20 10:50:05,571 [DEBUG] itemku: 📡 API: https://www.itemku.com/~partytown/proxytown
2026-05-20 10:50:05,571 [DEBUG] itemku: 📡 API: https://www.itemku.com/~partytown/proxytown
2026-05-20 10:50:05,577 [DEBUG] itemku: 📡 API: https://www.itemku.com/~partytown/proxytown
2026-05-20 10:50:05,578 [DEBUG] itemku: 📡 API: https://www.itemku.com/~partytown/proxytown
2026-05-20 10:50:05,587 [DEBUG] itemku: 📡 API: https://www.itemku.com/~partytown/proxytown
2026-05-20 10:50:05,591 [DEBUG] itemku: 📡 API: https://www.itemku.com/~partytown/proxytown
2026-05-20 10:50:05,592 [DEBUG] itemku: 📡 API: https://www.itemku.com/~partytown/proxytown
2026-05-20 10:50:05,597 [DEBUG] itemku: 📡 API: https://www.itemku.com/~partytown/proxytown
2026-05-20 10:50:05,597 [DEBUG] itemku: 📡 API: https://www.itemku.com/~partytown/proxytown
2026-05-20 10:50:05,602 [DEBUG] itemku: 📡 API: https://www.itemku.com/~partytown/proxytown
2026-05-20 10:50:05,611 [DEBUG] itemku: 📡 API: https://www.itemku.com/~partytown/proxytown
2026-05-20 10:50:05,614 [DEBUG] itemku: 📡 API: https://www.itemku.com/~partytown/proxytown
2026-05-20 10:50:05,620 [DEBUG] itemku: 📡 API: https://www.itemku.com/~partytown/proxytown
2026-05-20 10:50:05,620 [DEBUG] itemku: 📡 API: https://www.itemku.com/~partytown/proxytown
2026-05-20 10:50:05,626 [DEBUG] itemku: 📡 API: https://www.itemku.com/~partytown/proxytown
2026-05-20 10:50:05,632 [DEBUG] itemku: 📡 API: https://www.itemku.com/~partytown/proxytown
2026-05-20 10:50:05,642 [DEBUG] itemku: 📡 API: https://www.itemku.com/~partytown/proxytown
2026-05-20 10:50:05,647 [DEBUG] itemku: 📡 API: https://www.itemku.com/~partytown/proxytown
2026-05-20 10:50:05,651 [DEBUG] itemku: 📡 API: https://www.itemku.com/~partytown/proxytown
2026-05-20 10:50:05,655 [DEBUG] itemku: 📡 API: https://www.itemku.com/~partytown/proxytown
2026-05-20 10:50:05,659 [DEBUG] itemku: 📡 API: https://www.itemku.com/~partytown/proxytown
2026-05-20 10:50:05,662 [DEBUG] itemku: 📡 API: https://www.itemku.com/~partytown/proxytown
2026-05-20 10:50:05,667 [DEBUG] itemku: 📡 API: https://www.itemku.com/~partytown/proxytown
2026-05-20 10:50:05,672 [DEBUG] itemku: 📡 API: https://www.itemku.com/~partytown/proxytown
2026-05-20 10:50:05,672 [DEBUG] itemku: 📡 API: https://www.itemku.com/~partytown/proxytown
2026-05-20 10:50:05,678 [DEBUG] itemku: 📡 API: https://www.itemku.com/~partytown/proxytown
2026-05-20 10:50:05,685 [DEBUG] itemku: 📡 API: https://www.itemku.com/~partytown/proxytown
2026-05-20 10:50:05,688 [DEBUG] itemku: 📡 API: https://www.itemku.com/~partytown/proxytown
2026-05-20 10:50:05,688 [DEBUG] itemku: 📡 API: https://www.itemku.com/~partytown/proxytown
2026-05-20 10:50:05,695 [DEBUG] itemku: 📡 API: https://www.itemku.com/~partytown/proxytown
2026-05-20 10:50:05,695 [DEBUG] itemku: 📡 API: https://www.itemku.com/~partytown/proxytown
2026-05-20 10:50:05,698 [DEBUG] itemku: 📡 API: https://www.itemku.com/~partytown/proxytown
2026-05-20 10:50:05,702 [DEBUG] itemku: 📡 API: https://www.itemku.com/~partytown/proxytown
2026-05-20 10:50:05,705 [DEBUG] itemku: 📡 API: https://www.itemku.com/~partytown/proxytown
2026-05-20 10:50:05,709 [DEBUG] itemku: 📡 API: https://www.itemku.com/~partytown/proxytown
2026-05-20 10:50:05,713 [DEBUG] itemku: 📡 API: https://www.itemku.com/~partytown/proxytown
2026-05-20 10:50:05,716 [DEBUG] itemku: 📡 API: https://www.itemku.com/~partytown/proxytown
2026-05-20 10:50:05,721 [DEBUG] itemku: 📡 API: https://www.itemku.com/~partytown/proxytown
2026-05-20 10:50:05,722 [DEBUG] itemku: 📡 API: https://www.itemku.com/~partytown/proxytown
2026-05-20 10:50:07,301 [DEBUG] itemku: 📡 API: https://www.itemku.com/~partytown/proxytown
2026-05-20 10:50:07,516 [DEBUG] itemku: 📡 API: https://www.itemku.com/~partytown/proxytown
2026-05-20 10:50:07,523 [DEBUG] itemku: 📡 API: https://www.itemku.com/~partytown/proxytown
2026-05-20 10:50:07,531 [DEBUG] itemku: 📡 API: https://www.itemku.com/~partytown/proxytown
2026-05-20 10:50:07,541 [DEBUG] itemku: 📡 API: https://www.itemku.com/~partytown/proxytown
2026-05-20 10:50:07,542 [DEBUG] itemku: 📡 API: https://www.itemku.com/~partytown/proxytown
2026-05-20 10:50:07,547 [DEBUG] itemku: 📡 API: https://www.itemku.com/~partytown/proxytown
2026-05-20 10:50:07,555 [DEBUG] itemku: 📡 API: https://www.itemku.com/~partytown/proxytown
2026-05-20 10:50:07,564 [DEBUG] itemku: 📡 API: https://www.itemku.com/~partytown/proxytown
2026-05-20 10:50:07,564 [DEBUG] itemku: 📡 API: https://www.itemku.com/~partytown/proxytown
2026-05-20 10:50:07,571 [DEBUG] itemku: 📡 API: https://www.itemku.com/~partytown/proxytown
2026-05-20 10:50:07,572 [DEBUG] itemku: 📡 API: https://www.itemku.com/~partytown/proxytown
2026-05-20 10:50:07,577 [DEBUG] itemku: 📡 API: https://www.itemku.com/~partytown/proxytown
2026-05-20 10:50:07,577 [DEBUG] itemku: 📡 API: https://www.itemku.com/~partytown/proxytown
2026-05-20 10:50:07,584 [DEBUG] itemku: 📡 API: https://www.itemku.com/~partytown/proxytown
2026-05-20 10:50:07,590 [DEBUG] itemku: 📡 API: https://www.itemku.com/~partytown/proxytown
2026-05-20 10:50:07,590 [DEBUG] itemku: 📡 API: https://www.itemku.com/~partytown/proxytown
2026-05-20 10:50:07,597 [DEBUG] itemku: 📡 API: https://www.itemku.com/~partytown/proxytown
2026-05-20 10:50:07,597 [DEBUG] itemku: 📡 API: https://www.itemku.com/~partytown/proxytown
2026-05-20 10:50:07,605 [DEBUG] itemku: 📡 API: https://www.itemku.com/~partytown/proxytown
2026-05-20 10:50:07,608 [DEBUG] itemku: 📡 API: https://www.itemku.com/~partytown/proxytown
2026-05-20 10:50:07,611 [DEBUG] itemku: 📡 API: https://www.itemku.com/~partytown/proxytown
2026-05-20 10:50:07,616 [DEBUG] itemku: 📡 API: https://www.itemku.com/~partytown/proxytown
2026-05-20 10:50:07,619 [DEBUG] itemku: 📡 API: https://www.itemku.com/~partytown/proxytown
2026-05-20 10:50:07,619 [DEBUG] itemku: 📡 API: https://www.itemku.com/~partytown/proxytown
2026-05-20 10:50:07,623 [DEBUG] itemku: 📡 API: https://www.itemku.com/~partytown/proxytown
2026-05-20 10:50:07,627 [DEBUG] itemku: 📡 API: https://www.itemku.com/~partytown/proxytown
2026-05-20 10:50:07,635 [DEBUG] itemku: 📡 API: https://www.itemku.com/~partytown/proxytown
2026-05-20 10:50:07,635 [DEBUG] itemku: 📡 API: https://www.itemku.com/~partytown/proxytown
2026-05-20 10:50:07,641 [DEBUG] itemku: 📡 API: https://www.itemku.com/~partytown/proxytown
2026-05-20 10:50:07,645 [DEBUG] itemku: 📡 API: https://www.itemku.com/~partytown/proxytown
2026-05-20 10:50:07,650 [DEBUG] itemku: 📡 API: https://www.itemku.com/~partytown/proxytown
2026-05-20 10:50:07,650 [DEBUG] itemku: 📡 API: https://www.itemku.com/~partytown/proxytown
2026-05-20 10:50:07,657 [DEBUG] itemku: 📡 API: https://www.itemku.com/~partytown/proxytown
2026-05-20 10:50:07,661 [DEBUG] itemku: 📡 API: https://www.itemku.com/~partytown/proxytown
2026-05-20 10:50:07,661 [DEBUG] itemku: 📡 API: https://www.itemku.com/~partytown/proxytown
2026-05-20 10:50:07,666 [DEBUG] itemku: 📡 API: https://www.itemku.com/~partytown/proxytown
2026-05-20 10:50:07,670 [DEBUG] itemku: 📡 API: https://www.itemku.com/~partytown/proxytown
2026-05-20 10:50:07,676 [DEBUG] itemku: 📡 API: https://www.itemku.com/~partytown/proxytown
2026-05-20 10:50:07,681 [DEBUG] itemku: 📡 API: https://www.itemku.com/~partytown/proxytown
2026-05-20 10:50:07,687 [DEBUG] itemku: 📡 API: https://www.itemku.com/~partytown/proxytown
2026-05-20 10:50:07,691 [DEBUG] itemku: 📡 API: https://www.itemku.com/~partytown/proxytown
2026-05-20 10:50:07,691 [DEBUG] itemku: 📡 API: https://www.itemku.com/~partytown/proxytown
2026-05-20 10:50:07,699 [DEBUG] itemku: 📡 API: https://www.itemku.com/~partytown/proxytown
2026-05-20 10:50:07,707 [DEBUG] itemku: 📡 API: https://www.itemku.com/~partytown/proxytown
2026-05-20 10:50:07,711 [DEBUG] itemku: 📡 API: https://www.itemku.com/~partytown/proxytown
2026-05-20 10:50:07,714 [DEBUG] itemku: 📡 API: https://www.itemku.com/~partytown/proxytown
2026-05-20 10:50:07,717 [DEBUG] itemku: 📡 API: https://www.itemku.com/~partytown/proxytown
2026-05-20 10:50:07,720 [DEBUG] itemku: 📡 API: https://www.itemku.com/~partytown/proxytown
2026-05-20 10:50:07,724 [DEBUG] itemku: 📡 API: https://www.itemku.com/~partytown/proxytown
2026-05-20 10:50:07,725 [DEBUG] itemku: 📡 API: https://www.itemku.com/~partytown/proxytown
2026-05-20 10:50:07,734 [DEBUG] itemku: 📡 API: https://www.itemku.com/~partytown/proxytown
2026-05-20 10:50:07,737 [DEBUG] itemku: 📡 API: https://www.itemku.com/~partytown/proxytown
2026-05-20 10:50:07,739 [DEBUG] itemku: 📡 API: https://www.itemku.com/~partytown/proxytown
2026-05-20 10:50:07,744 [DEBUG] itemku: 📡 API: https://www.itemku.com/~partytown/proxytown
2026-05-20 10:50:07,745 [DEBUG] itemku: 📡 API: https://www.itemku.com/~partytown/proxytown
2026-05-20 10:50:07,746 [DEBUG] itemku: 📡 API: https://www.itemku.com/~partytown/proxytown
2026-05-20 10:50:09,517 [DEBUG] itemku: 📡 API: https://www.itemku.com/~partytown/proxytown
2026-05-20 10:50:09,530 [DEBUG] itemku: 📡 API: https://www.itemku.com/~partytown/proxytown
2026-05-20 10:50:09,540 [DEBUG] itemku: 📡 API: https://www.itemku.com/~partytown/proxytown
2026-05-20 10:50:09,550 [DEBUG] itemku: 📡 API: https://www.itemku.com/~partytown/proxytown
2026-05-20 10:50:09,561 [DEBUG] itemku: 📡 API: https://www.itemku.com/~partytown/proxytown
2026-05-20 10:50:09,570 [DEBUG] itemku: 📡 API: https://www.itemku.com/~partytown/proxytown
2026-05-20 10:50:09,579 [DEBUG] itemku: 📡 API: https://www.itemku.com/~partytown/proxytown
2026-05-20 10:50:09,586 [DEBUG] itemku: 📡 API: https://www.itemku.com/~partytown/proxytown
2026-05-20 10:50:09,595 [DEBUG] itemku: 📡 API: https://www.itemku.com/~partytown/proxytown
2026-05-20 10:50:09,610 [DEBUG] itemku: 📡 API: https://www.itemku.com/~partytown/proxytown
2026-05-20 10:50:09,611 [DEBUG] itemku: 📡 API: https://www.itemku.com/~partytown/proxytown
2026-05-20 10:50:09,619 [DEBUG] itemku: 📡 API: https://www.itemku.com/~partytown/proxytown
2026-05-20 10:50:09,628 [DEBUG] itemku: 📡 API: https://www.itemku.com/~partytown/proxytown
2026-05-20 10:50:09,634 [DEBUG] itemku: 📡 API: https://www.itemku.com/~partytown/proxytown
2026-05-20 10:50:09,642 [DEBUG] itemku: 📡 API: https://www.itemku.com/~partytown/proxytown
2026-05-20 10:50:09,646 [DEBUG] itemku: 📡 API: https://www.itemku.com/~partytown/proxytown
2026-05-20 10:50:09,651 [DEBUG] itemku: 📡 API: https://www.itemku.com/~partytown/proxytown
2026-05-20 10:50:09,654 [DEBUG] itemku: 📡 API: https://www.itemku.com/~partytown/proxytown
2026-05-20 10:50:09,657 [DEBUG] itemku: 📡 API: https://www.itemku.com/~partytown/proxytown
2026-05-20 10:50:09,664 [DEBUG] itemku: 📡 API: https://www.itemku.com/~partytown/proxytown
2026-05-20 10:50:09,664 [DEBUG] itemku: 📡 API: https://www.itemku.com/~partytown/proxytown
2026-05-20 10:50:09,673 [DEBUG] itemku: 📡 API: https://www.itemku.com/~partytown/proxytown
2026-05-20 10:50:09,676 [DEBUG] itemku: 📡 API: https://www.itemku.com/~partytown/proxytown
2026-05-20 10:50:09,680 [DEBUG] itemku: 📡 API: https://www.itemku.com/~partytown/proxytown
2026-05-20 10:50:09,682 [DEBUG] itemku: 📡 API: https://www.itemku.com/~partytown/proxytown
2026-05-20 10:50:09,688 [DEBUG] itemku: 📡 API: https://www.itemku.com/~partytown/proxytown
2026-05-20 10:50:09,688 [DEBUG] itemku: 📡 API: https://www.itemku.com/~partytown/proxytown
2026-05-20 10:50:09,694 [DEBUG] itemku: 📡 API: https://www.itemku.com/~partytown/proxytown
2026-05-20 10:50:09,704 [DEBUG] itemku: 📡 API: https://www.itemku.com/~partytown/proxytown
2026-05-20 10:50:09,712 [DEBUG] itemku: 📡 API: https://www.itemku.com/~partytown/proxytown
2026-05-20 10:50:09,712 [DEBUG] itemku: 📡 API: https://www.itemku.com/~partytown/proxytown
2026-05-20 10:50:09,721 [DEBUG] itemku: 📡 API: https://www.itemku.com/~partytown/proxytown
2026-05-20 10:50:09,726 [DEBUG] itemku: 📡 API: https://www.itemku.com/~partytown/proxytown
2026-05-20 10:50:09,730 [DEBUG] itemku: 📡 API: https://www.itemku.com/~partytown/proxytown
2026-05-20 10:50:09,735 [DEBUG] itemku: 📡 API: https://www.itemku.com/~partytown/proxytown
2026-05-20 10:50:09,735 [DEBUG] itemku: 📡 API: https://www.itemku.com/~partytown/proxytown
2026-05-20 10:50:09,739 [DEBUG] itemku: 📡 API: https://www.itemku.com/~partytown/proxytown
2026-05-20 10:50:09,746 [DEBUG] itemku: 📡 API: https://www.itemku.com/~partytown/proxytown
2026-05-20 10:50:09,751 [DEBUG] itemku: 📡 API: https://www.itemku.com/~partytown/proxytown
2026-05-20 10:50:09,751 [DEBUG] itemku: 📡 API: https://www.itemku.com/~partytown/proxytown
2026-05-20 10:50:09,757 [DEBUG] itemku: 📡 API: https://www.itemku.com/~partytown/proxytown
2026-05-20 10:50:09,757 [DEBUG] itemku: 📡 API: https://www.itemku.com/~partytown/proxytown
2026-05-20 10:50:09,760 [DEBUG] itemku: 📡 API: https://www.itemku.com/~partytown/proxytown
2026-05-20 10:50:09,764 [DEBUG] itemku: 📡 API: https://www.itemku.com/~partytown/proxytown
2026-05-20 10:50:09,767 [DEBUG] itemku: 📡 API: https://www.itemku.com/~partytown/proxytown
2026-05-20 10:50:09,771 [DEBUG] itemku: 📡 API: https://www.itemku.com/~partytown/proxytown
2026-05-20 10:50:09,775 [DEBUG] itemku: 📡 API: https://www.itemku.com/~partytown/proxytown
2026-05-20 10:50:09,778 [DEBUG] itemku: 📡 API: https://www.itemku.com/~partytown/proxytown
2026-05-20 10:50:09,782 [DEBUG] itemku: 📡 API: https://www.itemku.com/~partytown/proxytown
2026-05-20 10:50:09,786 [DEBUG] itemku: 📡 API: https://www.itemku.com/~partytown/proxytown
2026-05-20 10:50:09,794 [DEBUG] itemku: 📡 API: https://www.itemku.com/~partytown/proxytown
2026-05-20 10:50:09,798 [DEBUG] itemku: 📡 API: https://www.itemku.com/~partytown/proxytown
2026-05-20 10:50:09,801 [DEBUG] itemku: 📡 API: https://www.itemku.com/~partytown/proxytown
2026-05-20 10:50:09,801 [DEBUG] itemku: 📡 API: https://www.itemku.com/~partytown/proxytown
2026-05-20 10:50:09,808 [DEBUG] itemku: 📡 API: https://www.itemku.com/~partytown/proxytown
2026-05-20 10:50:09,809 [DEBUG] itemku: 📡 API: https://www.itemku.com/~partytown/proxytown
2026-05-20 10:50:11,506 [DEBUG] itemku: 📡 API: https://www.itemku.com/~partytown/proxytown
2026-05-20 10:50:11,513 [DEBUG] itemku: 📡 API: https://www.itemku.com/~partytown/proxytown
2026-05-20 10:50:11,517 [DEBUG] itemku: 📡 API: https://www.itemku.com/~partytown/proxytown
2026-05-20 10:50:11,539 [DEBUG] itemku: 📡 API: https://www.itemku.com/~partytown/proxytown
2026-05-20 10:50:11,539 [DEBUG] itemku: 📡 API: https://www.itemku.com/~partytown/proxytown
2026-05-20 10:50:11,548 [DEBUG] itemku: 📡 API: https://www.itemku.com/~partytown/proxytown
2026-05-20 10:50:11,550 [DEBUG] itemku: 📡 API: https://www.itemku.com/~partytown/proxytown
2026-05-20 10:50:11,555 [DEBUG] itemku: 📡 API: https://www.itemku.com/~partytown/proxytown
2026-05-20 10:50:11,555 [DEBUG] itemku: 📡 API: https://www.itemku.com/~partytown/proxytown
2026-05-20 10:50:11,561 [DEBUG] itemku: 📡 API: https://www.itemku.com/~partytown/proxytown
2026-05-20 10:50:11,570 [DEBUG] itemku: 📡 API: https://www.itemku.com/~partytown/proxytown
2026-05-20 10:50:11,576 [DEBUG] itemku: 📡 API: https://www.itemku.com/~partytown/proxytown
2026-05-20 10:50:11,580 [DEBUG] itemku: 📡 API: https://www.itemku.com/~partytown/proxytown
2026-05-20 10:50:11,584 [DEBUG] itemku: 📡 API: https://www.itemku.com/~partytown/proxytown
2026-05-20 10:50:11,587 [DEBUG] itemku: 📡 API: https://www.itemku.com/~partytown/proxytown
2026-05-20 10:50:11,591 [DEBUG] itemku: 📡 API: https://www.itemku.com/~partytown/proxytown
2026-05-20 10:50:11,596 [DEBUG] itemku: 📡 API: https://www.itemku.com/~partytown/proxytown
2026-05-20 10:50:11,600 [DEBUG] itemku: 📡 API: https://www.itemku.com/~partytown/proxytown
2026-05-20 10:50:11,605 [DEBUG] itemku: 📡 API: https://www.itemku.com/~partytown/proxytown
2026-05-20 10:50:11,609 [DEBUG] itemku: 📡 API: https://www.itemku.com/~partytown/proxytown
2026-05-20 10:50:11,613 [DEBUG] itemku: 📡 API: https://www.itemku.com/~partytown/proxytown
2026-05-20 10:50:11,617 [DEBUG] itemku: 📡 API: https://www.itemku.com/~partytown/proxytown
2026-05-20 10:50:11,618 [DEBUG] itemku: 📡 API: https://www.itemku.com/~partytown/proxytown
2026-05-20 10:50:11,623 [DEBUG] itemku: 📡 API: https://www.itemku.com/~partytown/proxytown
2026-05-20 10:50:11,623 [DEBUG] itemku: 📡 API: https://www.itemku.com/~partytown/proxytown
2026-05-20 10:50:11,628 [DEBUG] itemku: 📡 API: https://www.itemku.com/~partytown/proxytown
2026-05-20 10:50:11,634 [DEBUG] itemku: 📡 API: https://www.itemku.com/~partytown/proxytown
2026-05-20 10:50:11,638 [DEBUG] itemku: 📡 API: https://www.itemku.com/~partytown/proxytown
2026-05-20 10:50:11,638 [DEBUG] itemku: 📡 API: https://www.itemku.com/~partytown/proxytown
2026-05-20 10:50:11,642 [DEBUG] itemku: 📡 API: https://www.itemku.com/~partytown/proxytown
2026-05-20 10:50:11,645 [DEBUG] itemku: 📡 API: https://www.itemku.com/~partytown/proxytown
2026-05-20 10:50:11,648 [DEBUG] itemku: 📡 API: https://www.itemku.com/~partytown/proxytown
2026-05-20 10:50:11,653 [DEBUG] itemku: 📡 API: https://www.itemku.com/~partytown/proxytown
2026-05-20 10:50:11,660 [DEBUG] itemku: 📡 API: https://www.itemku.com/~partytown/proxytown
2026-05-20 10:50:11,664 [DEBUG] itemku: 📡 API: https://www.itemku.com/~partytown/proxytown
2026-05-20 10:50:11,665 [DEBUG] itemku: 📡 API: https://www.itemku.com/~partytown/proxytown
2026-05-20 10:50:11,670 [DEBUG] itemku: 📡 API: https://www.itemku.com/~partytown/proxytown
2026-05-20 10:50:11,674 [DEBUG] itemku: 📡 API: https://www.itemku.com/~partytown/proxytown
2026-05-20 10:50:11,678 [DEBUG] itemku: 📡 API: https://www.itemku.com/~partytown/proxytown
2026-05-20 10:50:11,683 [DEBUG] itemku: 📡 API: https://www.itemku.com/~partytown/proxytown
2026-05-20 10:50:11,686 [DEBUG] itemku: 📡 API: https://www.itemku.com/~partytown/proxytown
2026-05-20 10:50:11,689 [DEBUG] itemku: 📡 API: https://www.itemku.com/~partytown/proxytown
2026-05-20 10:50:11,693 [DEBUG] itemku: 📡 API: https://www.itemku.com/~partytown/proxytown
2026-05-20 10:50:11,699 [DEBUG] itemku: 📡 API: https://www.itemku.com/~partytown/proxytown
2026-05-20 10:50:11,707 [DEBUG] itemku: 📡 API: https://www.itemku.com/~partytown/proxytown
2026-05-20 10:50:11,707 [DEBUG] itemku: 📡 API: https://www.itemku.com/~partytown/proxytown
2026-05-20 10:50:11,714 [DEBUG] itemku: 📡 API: https://www.itemku.com/~partytown/proxytown
2026-05-20 10:50:11,719 [DEBUG] itemku: 📡 API: https://www.itemku.com/~partytown/proxytown
2026-05-20 10:50:11,724 [DEBUG] itemku: 📡 API: https://www.itemku.com/~partytown/proxytown
2026-05-20 10:50:11,733 [DEBUG] itemku: 📡 API: https://www.itemku.com/~partytown/proxytown
2026-05-20 10:50:11,734 [DEBUG] itemku: 📡 API: https://www.itemku.com/~partytown/proxytown
2026-05-20 10:50:11,740 [DEBUG] itemku: 📡 API: https://www.itemku.com/~partytown/proxytown
2026-05-20 10:50:11,744 [DEBUG] itemku: 📡 API: https://www.itemku.com/~partytown/proxytown
2026-05-20 10:50:11,748 [DEBUG] itemku: 📡 API: https://www.itemku.com/~partytown/proxytown
2026-05-20 10:50:11,749 [DEBUG] itemku: 📡 API: https://www.itemku.com/~partytown/proxytown
2026-05-20 10:50:11,750 [DEBUG] itemku: 📡 API: https://www.itemku.com/~partytown/proxytown
2026-05-20 10:50:43,739 [INFO] itemku: 💾 Simpan debug...
2026-05-20 10:50:43,959 [DEBUG] itemku: 📡 API: https://www.itemku.com/~partytown/proxytown
2026-05-20 10:50:44,644 [INFO] itemku: 📸 Screenshot tersimpan
2026-05-20 10:50:44,644 [INFO] itemku: 📡 API tertangkap: 563
2026-05-20 10:50:44,645 [INFO] itemku: ✅ Produk dari API: 13
2026-05-20 10:50:44,676 [INFO] itemku: 📦 Total produk: 13
2026-05-20 10:50:44,676 [DEBUG] itemku: ⏳ Delay 4.3s...
2026-05-20 10:50:48,969 [INFO] itemku: 
============================================================
2026-05-20 10:50:48,970 [INFO] itemku: 📂 KATEGORI: pubg-mobile
2026-05-20 10:50:48,971 [INFO] itemku: ============================================================
2026-05-20 10:50:48,971 [INFO] itemku: 🔍 Scrape kategori:
2026-05-20 10:50:48,972 [INFO] itemku:    URL: https://www.itemku.com/c/pubg-mobile
2026-05-20 10:50:50,950 [DEBUG] itemku: 📡 API: https://files.itemku.com/language/id.json
2026-05-20 10:50:51,057 [DEBUG] itemku: 📡 API: https://www.itemku.com/~partytown/proxytown
2026-05-20 10:50:51,057 [DEBUG] itemku: 📡 API: https://www.itemku.com/~partytown/proxytown
2026-05-20 10:50:51,059 [DEBUG] itemku: 📡 API: https://www.itemku.com/~partytown/proxytown
2026-05-20 10:50:51,064 [DEBUG] itemku: 📡 API: https://www.itemku.com/~partytown/proxytown
2026-05-20 10:50:51,069 [DEBUG] itemku: 📡 API: https://www.itemku.com/~partytown/proxytown
2026-05-20 10:50:51,071 [DEBUG] itemku: 📡 API: https://www.itemku.com/~partytown/proxytown
2026-05-20 10:50:51,071 [DEBUG] itemku: 📡 API: https://www.itemku.com/~partytown/proxytown
2026-05-20 10:50:51,075 [DEBUG] itemku: 📡 API: https://www.itemku.com/~partytown/proxytown
2026-05-20 10:50:51,077 [DEBUG] itemku: 📡 API: https://www.itemku.com/~partytown/proxytown
2026-05-20 10:50:51,080 [DEBUG] itemku: 📡 API: https://www.itemku.com/~partytown/proxytown
2026-05-20 10:50:51,083 [DEBUG] itemku: 📡 API: https://www.itemku.com/~partytown/proxytown
2026-05-20 10:50:51,089 [DEBUG] itemku: 📡 API: https://www.itemku.com/~partytown/proxytown
2026-05-20 10:50:51,122 [DEBUG] itemku: 📡 API: https://www.itemku.com/~partytown/proxytown
2026-05-20 10:50:51,122 [DEBUG] itemku: 📡 API: https://www.itemku.com/~partytown/proxytown
2026-05-20 10:50:51,133 [DEBUG] itemku: 📡 API: https://www.itemku.com/~partytown/proxytown
2026-05-20 10:50:51,136 [DEBUG] itemku: 📡 API: https://www.itemku.com/~partytown/proxytown
2026-05-20 10:50:51,136 [DEBUG] itemku: 📡 API: https://www.itemku.com/~partytown/proxytown
2026-05-20 10:50:51,138 [DEBUG] itemku: 📡 API: https://www.itemku.com/~partytown/proxytown
2026-05-20 10:50:51,190 [DEBUG] itemku: 📡 API: https://www.itemku.com/~partytown/proxytown
2026-05-20 10:50:51,190 [DEBUG] itemku: 📡 API: https://www.itemku.com/~partytown/proxytown
2026-05-20 10:50:51,192 [DEBUG] itemku: 📡 API: https://www.itemku.com/~partytown/proxytown
2026-05-20 10:50:51,195 [DEBUG] itemku: 📡 API: https://www.itemku.com/~partytown/proxytown
2026-05-20 10:50:51,200 [DEBUG] itemku: 📡 API: https://www.itemku.com/~partytown/proxytown
2026-05-20 10:50:51,201 [DEBUG] itemku: 📡 API: https://www.itemku.com/~partytown/proxytown
2026-05-20 10:50:51,204 [DEBUG] itemku: 📡 API: https://www.itemku.com/~partytown/proxytown
2026-05-20 10:50:51,205 [DEBUG] itemku: 📡 API: https://www.itemku.com/~partytown/proxytown
2026-05-20 10:50:51,207 [DEBUG] itemku: 📡 API: https://www.itemku.com/~partytown/proxytown
2026-05-20 10:50:51,210 [DEBUG] itemku: 📡 API: https://www.itemku.com/~partytown/proxytown
2026-05-20 10:50:51,210 [DEBUG] itemku: 📡 API: https://www.itemku.com/~partytown/proxytown
2026-05-20 10:50:51,213 [DEBUG] itemku: 📡 API: https://www.itemku.com/~partytown/proxytown
2026-05-20 10:50:51,217 [DEBUG] itemku: 📡 API: https://www.itemku.com/~partytown/proxytown
2026-05-20 10:50:51,219 [DEBUG] itemku: 📡 API: https://www.itemku.com/~partytown/proxytown
2026-05-20 10:50:51,219 [DEBUG] itemku: 📡 API: https://www.itemku.com/~partytown/proxytown
2026-05-20 10:50:51,222 [DEBUG] itemku: 📡 API: https://www.itemku.com/~partytown/proxytown
2026-05-20 10:50:51,222 [DEBUG] itemku: 📡 API: https://www.itemku.com/~partytown/proxytown
2026-05-20 10:50:51,229 [DEBUG] itemku: 📡 API: https://www.itemku.com/~partytown/proxytown
2026-05-20 10:50:51,233 [DEBUG] itemku: 📡 API: https://www.itemku.com/~partytown/proxytown
2026-05-20 10:50:51,233 [DEBUG] itemku: 📡 API: https://www.itemku.com/~partytown/proxytown
2026-05-20 10:50:51,237 [DEBUG] itemku: 📡 API: https://www.itemku.com/~partytown/proxytown
2026-05-20 10:50:51,237 [DEBUG] itemku: 📡 API: https://www.itemku.com/~partytown/proxytown
2026-05-20 10:50:51,239 [DEBUG] itemku: 📡 API: https://www.itemku.com/~partytown/proxytown
2026-05-20 10:50:51,243 [DEBUG] itemku: 📡 API: https://www.itemku.com/~partytown/proxytown
2026-05-20 10:50:51,243 [DEBUG] itemku: 📡 API: https://www.itemku.com/~partytown/proxytown
2026-05-20 10:50:51,245 [DEBUG] itemku: 📡 API: https://www.itemku.com/~partytown/proxytown
2026-05-20 10:50:51,247 [DEBUG] itemku: 📡 API: https://www.itemku.com/~partytown/proxytown
2026-05-20 10:50:51,249 [DEBUG] itemku: 📡 API: https://www.itemku.com/~partytown/proxytown
2026-05-20 10:50:51,252 [DEBUG] itemku: 📡 API: https://www.itemku.com/~partytown/proxytown
2026-05-20 10:50:51,254 [DEBUG] itemku: 📡 API: https://www.itemku.com/~partytown/proxytown
2026-05-20 10:50:51,257 [DEBUG] itemku: 📡 API: https://www.itemku.com/~partytown/proxytown
2026-05-20 10:50:51,259 [DEBUG] itemku: 📡 API: https://www.itemku.com/~partytown/proxytown
2026-05-20 10:50:51,262 [DEBUG] itemku: 📡 API: https://www.itemku.com/~partytown/proxytown
2026-05-20 10:50:51,265 [DEBUG] itemku: 📡 API: https://www.itemku.com/~partytown/proxytown
2026-05-20 10:50:51,268 [DEBUG] itemku: 📡 API: https://www.itemku.com/~partytown/proxytown
2026-05-20 10:50:51,270 [DEBUG] itemku: 📡 API: https://www.itemku.com/~partytown/proxytown
2026-05-20 10:50:51,273 [DEBUG] itemku: 📡 API: https://www.itemku.com/~partytown/proxytown
2026-05-20 10:50:51,275 [DEBUG] itemku: 📡 API: https://www.itemku.com/~partytown/proxytown
2026-05-20 10:50:51,278 [DEBUG] itemku: 📡 API: https://www.itemku.com/~partytown/proxytown
2026-05-20 10:50:51,279 [DEBUG] itemku: 📡 API: https://www.itemku.com/~partytown/proxytown
2026-05-20 10:50:51,282 [DEBUG] itemku: 📡 API: https://www.itemku.com/~partytown/proxytown
2026-05-20 10:50:51,284 [DEBUG] itemku: 📡 API: https://www.itemku.com/~partytown/proxytown
2026-05-20 10:50:51,286 [DEBUG] itemku: 📡 API: https://www.itemku.com/~partytown/proxytown
2026-05-20 10:50:51,291 [DEBUG] itemku: 📡 API: https://www.itemku.com/~partytown/proxytown
2026-05-20 10:50:51,294 [DEBUG] itemku: 📡 API: https://www.itemku.com/~partytown/proxytown
2026-05-20 10:50:51,295 [DEBUG] itemku: 📡 API: https://www.itemku.com/~partytown/proxytown
2026-05-20 10:50:51,298 [DEBUG] itemku: 📡 API: https://www.itemku.com/~partytown/proxytown
2026-05-20 10:50:51,298 [DEBUG] itemku: 📡 API: https://www.itemku.com/~partytown/proxytown
2026-05-20 10:50:51,300 [DEBUG] itemku: 📡 API: https://www.itemku.com/~partytown/proxytown
2026-05-20 10:50:51,305 [DEBUG] itemku: 📡 API: https://www.itemku.com/~partytown/proxytown
2026-05-20 10:50:51,307 [DEBUG] itemku: 📡 API: https://www.itemku.com/~partytown/proxytown
2026-05-20 10:50:51,312 [DEBUG] itemku: 📡 API: https://www.itemku.com/~partytown/proxytown
2026-05-20 10:50:51,312 [DEBUG] itemku: 📡 API: https://www.itemku.com/~partytown/proxytown
2026-05-20 10:50:51,320 [DEBUG] itemku: 📡 API: https://www.itemku.com/~partytown/proxytown
2026-05-20 10:50:51,324 [DEBUG] itemku: 📡 API: https://www.itemku.com/~partytown/proxytown
2026-05-20 10:50:51,324 [DEBUG] itemku: 📡 API: https://www.itemku.com/~partytown/proxytown
2026-05-20 10:50:51,324 [DEBUG] itemku: 📡 API: https://www.itemku.com/~partytown/proxytown
2026-05-20 10:50:51,327 [DEBUG] itemku: 📡 API: https://www.itemku.com/~partytown/proxytown
2026-05-20 10:50:51,342 [DEBUG] itemku: 📡 API: https://www.itemku.com/~partytown/proxytown
2026-05-20 10:50:51,342 [DEBUG] itemku: 📡 API: https://www.itemku.com/~partytown/proxytown
2026-05-20 10:50:51,343 [DEBUG] itemku: 📡 API: https://www.itemku.com/~partytown/proxytown
2026-05-20 10:50:51,350 [DEBUG] itemku: 📡 API: https://www.itemku.com/~partytown/proxytown
2026-05-20 10:50:51,352 [DEBUG] itemku: 📡 API: https://www.itemku.com/~partytown/proxytown
2026-05-20 10:50:51,352 [DEBUG] itemku: 📡 API: https://www.itemku.com/~partytown/proxytown
2026-05-20 10:50:51,354 [DEBUG] itemku: 📡 API: https://www.itemku.com/~partytown/proxytown
2026-05-20 10:50:51,356 [DEBUG] itemku: 📡 API: https://www.itemku.com/~partytown/proxytown
2026-05-20 10:50:51,360 [DEBUG] itemku: 📡 API: https://www.itemku.com/~partytown/proxytown
2026-05-20 10:50:51,363 [DEBUG] itemku: 📡 API: https://www.itemku.com/~partytown/proxytown
2026-05-20 10:50:51,363 [DEBUG] itemku: 📡 API: https://www.itemku.com/~partytown/proxytown
2026-05-20 10:50:51,366 [DEBUG] itemku: 📡 API: https://www.itemku.com/~partytown/proxytown
2026-05-20 10:50:51,370 [DEBUG] itemku: 📡 API: https://www.itemku.com/~partytown/proxytown
2026-05-20 10:50:51,372 [DEBUG] itemku: 📡 API: https://www.itemku.com/~partytown/proxytown
2026-05-20 10:50:51,374 [DEBUG] itemku: 📡 API: https://www.itemku.com/~partytown/proxytown
2026-05-20 10:50:51,376 [DEBUG] itemku: 📡 API: https://www.itemku.com/~partytown/proxytown
2026-05-20 10:50:51,378 [DEBUG] itemku: 📡 API: https://www.itemku.com/~partytown/proxytown
2026-05-20 10:50:51,379 [DEBUG] itemku: 📡 API: https://www.itemku.com/~partytown/proxytown
2026-05-20 10:50:51,381 [DEBUG] itemku: 📡 API: https://www.itemku.com/~partytown/proxytown
2026-05-20 10:50:51,383 [DEBUG] itemku: 📡 API: https://www.itemku.com/~partytown/proxytown
2026-05-20 10:50:51,385 [DEBUG] itemku: 📡 API: https://www.itemku.com/~partytown/proxytown
2026-05-20 10:50:51,385 [DEBUG] itemku: 📡 API: https://www.itemku.com/~partytown/proxytown
2026-05-20 10:50:51,387 [DEBUG] itemku: 📡 API: https://www.itemku.com/~partytown/proxytown
2026-05-20 10:50:51,390 [DEBUG] itemku: 📡 API: https://www.itemku.com/~partytown/proxytown
2026-05-20 10:50:51,393 [DEBUG] itemku: 📡 API: https://www.itemku.com/~partytown/proxytown
2026-05-20 10:50:51,393 [DEBUG] itemku: 📡 API: https://www.itemku.com/~partytown/proxytown
2026-05-20 10:50:51,396 [DEBUG] itemku: 📡 API: https://www.itemku.com/~partytown/proxytown
2026-05-20 10:50:51,396 [DEBUG] itemku: 📡 API: https://www.itemku.com/~partytown/proxytown
2026-05-20 10:50:51,398 [DEBUG] itemku: 📡 API: https://www.itemku.com/~partytown/proxytown
2026-05-20 10:50:51,400 [DEBUG] itemku: 📡 API: https://www.itemku.com/~partytown/proxytown
2026-05-20 10:50:51,404 [DEBUG] itemku: 📡 API: https://www.itemku.com/~partytown/proxytown
2026-05-20 10:50:51,409 [DEBUG] itemku: 📡 API: https://www.itemku.com/~partytown/proxytown
2026-05-20 10:50:51,412 [DEBUG] itemku: 📡 API: https://www.itemku.com/~partytown/proxytown
2026-05-20 10:50:51,414 [DEBUG] itemku: 📡 API: https://www.itemku.com/~partytown/proxytown
2026-05-20 10:50:51,419 [DEBUG] itemku: 📡 API: https://api-gateway.itemku.com/v1/user-location
2026-05-20 10:50:51,423 [DEBUG] itemku: 📡 API: https://www.itemku.com/~partytown/proxytown
2026-05-20 10:50:51,423 [DEBUG] itemku: 📡 API: https://www.itemku.com/~partytown/proxytown
2026-05-20 10:50:51,427 [DEBUG] itemku: 📡 API: https://www.itemku.com/~partytown/proxytown
2026-05-20 10:50:51,429 [DEBUG] itemku: 📡 API: https://www.itemku.com/~partytown/proxytown
2026-05-20 10:50:51,431 [DEBUG] itemku: 📡 API: https://www.itemku.com/~partytown/proxytown
2026-05-20 10:50:51,431 [DEBUG] itemku: 📡 API: https://www.itemku.com/~partytown/proxytown
2026-05-20 10:50:51,434 [DEBUG] itemku: 📡 API: https://www.itemku.com/~partytown/proxytown
2026-05-20 10:50:51,438 [DEBUG] itemku: 📡 API: https://www.itemku.com/~partytown/proxytown
2026-05-20 10:50:51,439 [DEBUG] itemku: 📡 API: https://www.itemku.com/~partytown/proxytown
2026-05-20 10:50:51,441 [DEBUG] itemku: 📡 API: https://www.itemku.com/~partytown/proxytown
2026-05-20 10:50:51,443 [DEBUG] itemku: 📡 API: https://www.itemku.com/~partytown/proxytown
2026-05-20 10:50:51,444 [DEBUG] itemku: 📡 API: https://www.itemku.com/~partytown/proxytown
2026-05-20 10:50:51,447 [DEBUG] itemku: 📡 API: https://www.itemku.com/~partytown/proxytown
2026-05-20 10:50:51,450 [DEBUG] itemku: 📡 API: https://www.itemku.com/~partytown/proxytown
2026-05-20 10:50:51,450 [DEBUG] itemku: 📡 API: https://www.itemku.com/~partytown/proxytown
2026-05-20 10:50:51,453 [DEBUG] itemku: 📡 API: https://www.itemku.com/~partytown/proxytown
2026-05-20 10:50:51,455 [DEBUG] itemku: 📡 API: https://www.itemku.com/~partytown/proxytown
2026-05-20 10:50:51,455 [DEBUG] itemku: 📡 API: https://www.itemku.com/~partytown/proxytown
2026-05-20 10:50:51,457 [DEBUG] itemku: 📡 API: https://www.itemku.com/~partytown/proxytown
2026-05-20 10:50:51,461 [DEBUG] itemku: 📡 API: https://www.itemku.com/~partytown/proxytown
2026-05-20 10:50:51,463 [DEBUG] itemku: 📡 API: https://www.itemku.com/~partytown/proxytown
2026-05-20 10:50:51,463 [DEBUG] itemku: 📡 API: https://www.itemku.com/~partytown/proxytown
2026-05-20 10:50:51,465 [DEBUG] itemku: 📡 API: https://www.itemku.com/~partytown/proxytown
2026-05-20 10:50:51,467 [DEBUG] itemku: 📡 API: https://www.itemku.com/~partytown/proxytown
2026-05-20 10:50:51,469 [DEBUG] itemku: 📡 API: https://www.itemku.com/~partytown/proxytown
2026-05-20 10:50:51,473 [DEBUG] itemku: 📡 API: https://www.itemku.com/~partytown/proxytown
2026-05-20 10:50:51,475 [DEBUG] itemku: 📡 API: https://www.itemku.com/~partytown/proxytown
2026-05-20 10:50:51,477 [DEBUG] itemku: 📡 API: https://www.itemku.com/~partytown/proxytown
2026-05-20 10:50:51,478 [DEBUG] itemku: 📡 API: https://www.itemku.com/~partytown/proxytown
2026-05-20 10:50:51,481 [DEBUG] itemku: 📡 API: https://www.itemku.com/~partytown/proxytown
2026-05-20 10:50:51,485 [DEBUG] itemku: 📡 API: https://www.itemku.com/~partytown/proxytown
2026-05-20 10:50:51,488 [DEBUG] itemku: 📡 API: https://www.itemku.com/~partytown/proxytown
2026-05-20 10:50:51,489 [DEBUG] itemku: 📡 API: https://www.itemku.com/~partytown/proxytown
2026-05-20 10:50:51,491 [DEBUG] itemku: 📡 API: https://www.itemku.com/~partytown/proxytown
2026-05-20 10:50:51,493 [DEBUG] itemku: 📡 API: https://www.itemku.com/~partytown/proxytown
2026-05-20 10:50:51,494 [DEBUG] itemku: 📡 API: https://www.itemku.com/~partytown/proxytown
2026-05-20 10:50:51,496 [DEBUG] itemku: 📡 API: https://www.itemku.com/~partytown/proxytown
2026-05-20 10:50:51,496 [DEBUG] itemku: 📡 API: https://www.itemku.com/~partytown/proxytown
2026-05-20 10:50:51,499 [DEBUG] itemku: 📡 API: https://www.itemku.com/~partytown/proxytown
2026-05-20 10:50:51,502 [DEBUG] itemku: 📡 API: https://www.itemku.com/~partytown/proxytown
2026-05-20 10:50:51,504 [DEBUG] itemku: 📡 API: https://www.itemku.com/~partytown/proxytown
2026-05-20 10:50:51,504 [DEBUG] itemku: 📡 API: https://www.itemku.com/~partytown/proxytown
2026-05-20 10:50:51,506 [DEBUG] itemku: 📡 API: https://www.itemku.com/~partytown/proxytown
2026-05-20 10:50:51,508 [DEBUG] itemku: 📡 API: https://www.itemku.com/~partytown/proxytown
2026-05-20 10:50:51,510 [DEBUG] itemku: 📡 API: https://www.itemku.com/~partytown/proxytown
2026-05-20 10:50:51,514 [DEBUG] itemku: 📡 API: https://www.itemku.com/~partytown/proxytown
2026-05-20 10:50:51,516 [DEBUG] itemku: 📡 API: https://www.itemku.com/~partytown/proxytown
2026-05-20 10:50:51,516 [DEBUG] itemku: 📡 API: https://www.itemku.com/~partytown/proxytown
2026-05-20 10:50:51,520 [DEBUG] itemku: 📡 API: https://www.itemku.com/~partytown/proxytown
2026-05-20 10:50:51,520 [DEBUG] itemku: 📡 API: https://www.itemku.com/~partytown/proxytown
2026-05-20 10:50:51,522 [DEBUG] itemku: 📡 API: https://www.itemku.com/~partytown/proxytown
2026-05-20 10:50:51,523 [DEBUG] itemku: 📡 API: https://www.itemku.com/~partytown/proxytown
2026-05-20 10:50:51,526 [DEBUG] itemku: 📡 API: https://www.itemku.com/~partytown/proxytown
2026-05-20 10:50:51,529 [DEBUG] itemku: 📡 API: https://www.itemku.com/~partytown/proxytown
2026-05-20 10:50:51,531 [DEBUG] itemku: 📡 API: https://www.itemku.com/~partytown/proxytown
2026-05-20 10:50:51,531 [DEBUG] itemku: 📡 API: https://www.itemku.com/~partytown/proxytown
2026-05-20 10:50:51,532 [DEBUG] itemku: 📡 API: https://www.itemku.com/~partytown/proxytown
2026-05-20 10:50:51,535 [DEBUG] itemku: 📡 API: https://www.itemku.com/~partytown/proxytown
2026-05-20 10:50:51,538 [DEBUG] itemku: 📡 API: https://www.itemku.com/~partytown/proxytown
2026-05-20 10:50:51,541 [DEBUG] itemku: 📡 API: https://www.itemku.com/~partytown/proxytown
2026-05-20 10:50:51,542 [DEBUG] itemku: 📡 API: https://www.itemku.com/~partytown/proxytown
2026-05-20 10:50:51,549 [DEBUG] itemku: 📡 API: https://www.itemku.com/~partytown/proxytown
2026-05-20 10:50:51,551 [DEBUG] itemku: 📡 API: https://www.itemku.com/~partytown/proxytown
2026-05-20 10:50:51,551 [DEBUG] itemku: 📡 API: https://www.itemku.com/~partytown/proxytown
2026-05-20 10:50:51,555 [DEBUG] itemku: 📡 API: https://www.itemku.com/~partytown/proxytown
2026-05-20 10:50:51,557 [DEBUG] itemku: 📡 API: https://www.itemku.com/~partytown/proxytown
2026-05-20 10:50:51,558 [DEBUG] itemku: 📡 API: https://www.itemku.com/~partytown/proxytown
2026-05-20 10:50:51,560 [DEBUG] itemku: 📡 API: https://www.itemku.com/~partytown/proxytown
2026-05-20 10:50:51,560 [DEBUG] itemku: 📡 API: https://www.itemku.com/~partytown/proxytown
2026-05-20 10:50:51,563 [DEBUG] itemku: 📡 API: https://www.itemku.com/~partytown/proxytown
2026-05-20 10:50:51,565 [DEBUG] itemku: 📡 API: https://www.itemku.com/~partytown/proxytown
2026-05-20 10:50:51,565 [DEBUG] itemku: 📡 API: https://www.itemku.com/~partytown/proxytown
2026-05-20 10:50:51,568 [DEBUG] itemku: 📡 API: https://www.itemku.com/~partytown/proxytown
2026-05-20 10:50:51,568 [DEBUG] itemku: 📡 API: https://www.itemku.com/~partytown/proxytown
2026-05-20 10:50:51,572 [DEBUG] itemku: 📡 API: https://www.itemku.com/~partytown/proxytown
2026-05-20 10:50:51,574 [DEBUG] itemku: 📡 API: https://www.itemku.com/~partytown/proxytown
2026-05-20 10:50:51,574 [DEBUG] itemku: 📡 API: https://www.itemku.com/~partytown/proxytown
2026-05-20 10:50:51,576 [DEBUG] itemku: 📡 API: https://www.itemku.com/~partytown/proxytown
2026-05-20 10:50:51,579 [DEBUG] itemku: 📡 API: https://www.itemku.com/~partytown/proxytown
2026-05-20 10:50:51,581 [DEBUG] itemku: 📡 API: https://www.itemku.com/~partytown/proxytown
2026-05-20 10:50:51,583 [DEBUG] itemku: 📡 API: https://www.itemku.com/~partytown/proxytown
2026-05-20 10:50:51,585 [DEBUG] itemku: 📡 API: https://www.itemku.com/~partytown/proxytown
2026-05-20 10:50:51,586 [DEBUG] itemku: 📡 API: https://www.itemku.com/~partytown/proxytown
2026-05-20 10:50:51,588 [DEBUG] itemku: 📡 API: https://www.itemku.com/~partytown/proxytown
2026-05-20 10:50:51,591 [DEBUG] itemku: 📡 API: https://www.itemku.com/~partytown/proxytown
2026-05-20 10:50:51,591 [DEBUG] itemku: 📡 API: https://www.itemku.com/~partytown/proxytown
2026-05-20 10:50:51,593 [DEBUG] itemku: 📡 API: https://www.itemku.com/~partytown/proxytown
2026-05-20 10:50:51,594 [DEBUG] itemku: 📡 API: https://www.itemku.com/~partytown/proxytown
2026-05-20 10:50:51,597 [DEBUG] itemku: 📡 API: https://www.itemku.com/~partytown/proxytown
2026-05-20 10:50:51,597 [DEBUG] itemku: 📡 API: https://www.itemku.com/~partytown/proxytown
2026-05-20 10:50:51,600 [DEBUG] itemku: 📡 API: https://www.itemku.com/~partytown/proxytown
2026-05-20 10:50:51,602 [DEBUG] itemku: 📡 API: https://www.itemku.com/~partytown/proxytown
2026-05-20 10:50:51,604 [DEBUG] itemku: 📡 API: https://www.itemku.com/~partytown/proxytown
2026-05-20 10:50:51,607 [DEBUG] itemku: 📡 API: https://www.itemku.com/~partytown/proxytown
2026-05-20 10:50:51,607 [DEBUG] itemku: 📡 API: https://www.itemku.com/~partytown/proxytown
2026-05-20 10:50:51,610 [DEBUG] itemku: 📡 API: https://www.itemku.com/~partytown/proxytown
2026-05-20 10:50:51,611 [DEBUG] itemku: 📡 API: https://www.itemku.com/~partytown/proxytown
2026-05-20 10:50:51,614 [DEBUG] itemku: 📡 API: https://www.itemku.com/~partytown/proxytown
2026-05-20 10:50:51,614 [DEBUG] itemku: 📡 API: https://www.itemku.com/~partytown/proxytown
2026-05-20 10:50:51,618 [DEBUG] itemku: 📡 API: https://www.itemku.com/~partytown/proxytown
2026-05-20 10:50:51,629 [DEBUG] itemku: 📡 API: https://www.itemku.com/~partytown/proxytown
2026-05-20 10:50:51,633 [DEBUG] itemku: 📡 API: https://www.itemku.com/_next/data/ox5kkx6ecmuea2igmr6vx/c/tipe-produk.json
2026-05-20 10:50:51,634 [DEBUG] itemku: 📡 API: https://api-gateway.itemku.com/v1/currency/detail
2026-05-20 10:50:51,639 [DEBUG] itemku: 📡 API: https://api-gateway.itemku.com/v1/metadata/icon-placeholder-mobile-payment
2026-05-20 10:50:51,642 [DEBUG] itemku: 📡 API: https://www.itemku.com/~partytown/proxytown
2026-05-20 10:50:51,642 [DEBUG] itemku: 📡 API: https://www.itemku.com/~partytown/proxytown
2026-05-20 10:50:51,672 [DEBUG] itemku: 📡 API: https://www.itemku.com/~partytown/proxytown
2026-05-20 10:50:51,903 [DEBUG] itemku: 📡 API: https://www.itemku.com/~partytown/proxytown
2026-05-20 10:50:51,912 [DEBUG] itemku: 📡 API: https://api-gateway.itemku.com/v1/product/game-category?country_codes[]=id&slug=mobile-game&is_exclude_empty_game_category_lists=true&per_page=50&is_exclusive=false
2026-05-20 10:50:52,050 [DEBUG] itemku: 📡 API: https://www.itemku.com/~partytown/proxytown
2026-05-20 10:50:52,059 [DEBUG] itemku: 📡 API: https://www.itemku.com/~partytown/proxytown
2026-05-20 10:50:52,134 [DEBUG] itemku: 📡 API: https://api-gateway.itemku.com/v1/expansion-country?sort=sequence
2026-05-20 10:50:52,137 [DEBUG] itemku: 📡 API: https://www.itemku.com/~partytown/proxytown
2026-05-20 10:50:52,178 [DEBUG] itemku: 📡 API: https://api-gateway.itemku.com/v1/product/game-category-popular?per_page=50&is_exclude_empty_game_category_lists=1&country_codes[]=id&type=1&usecache=false&is_category_v2=true&is_exclusive=false
2026-05-20 10:50:52,182 [DEBUG] itemku: 📡 API: https://www.itemku.com/~partytown/proxytown
2026-05-20 10:50:52,192 [DEBUG] itemku: 📡 API: https://www.itemku.com/~partytown/proxytown
2026-05-20 10:50:52,192 [DEBUG] itemku: 📡 API: https://www.itemku.com/~partytown/proxytown
2026-05-20 10:50:52,243 [DEBUG] itemku: 📡 API: https://www.itemku.com/~partytown/proxytown
2026-05-20 10:50:52,247 [DEBUG] itemku: 📡 API: https://www.itemku.com/~partytown/proxytown
2026-05-20 10:50:52,250 [DEBUG] itemku: 📡 API: https://www.itemku.com/~partytown/proxytown
2026-05-20 10:50:52,253 [DEBUG] itemku: 📡 API: https://www.itemku.com/~partytown/proxytown
2026-05-20 10:50:52,253 [DEBUG] itemku: 📡 API: https://www.itemku.com/~partytown/proxytown
2026-05-20 10:50:52,257 [DEBUG] itemku: 📡 API: https://www.itemku.com/~partytown/proxytown
2026-05-20 10:50:52,258 [DEBUG] itemku: 📡 API: https://www.itemku.com/~partytown/proxytown
2026-05-20 10:50:52,363 [DEBUG] itemku: 📡 API: https://www.itemku.com/~partytown/proxytown
2026-05-20 10:50:52,480 [DEBUG] itemku: 📡 API: https://www.itemku.com/~partytown/proxytown
2026-05-20 10:50:52,480 [DEBUG] itemku: 📡 API: https://www.itemku.com/~partytown/proxytown
2026-05-20 10:50:52,517 [DEBUG] itemku: 📡 API: https://www.itemku.com/~partytown/proxytown
2026-05-20 10:50:52,517 [DEBUG] itemku: 📡 API: https://www.itemku.com/~partytown/proxytown
2026-05-20 10:50:52,517 [DEBUG] itemku: 📡 API: https://www.itemku.com/~partytown/proxytown
2026-05-20 10:50:52,517 [DEBUG] itemku: 📡 API: https://www.itemku.com/~partytown/proxytown
2026-05-20 10:50:52,518 [DEBUG] itemku: 📡 API: https://www.itemku.com/~partytown/proxytown
2026-05-20 10:50:52,522 [DEBUG] itemku: 📡 API: https://www.itemku.com/~partytown/proxytown
2026-05-20 10:50:52,523 [DEBUG] itemku: 📡 API: https://www.itemku.com/~partytown/proxytown
2026-05-20 10:50:52,523 [DEBUG] itemku: 📡 API: https://www.itemku.com/~partytown/proxytown
2026-05-20 10:50:52,523 [DEBUG] itemku: 📡 API: https://www.itemku.com/~partytown/proxytown
2026-05-20 10:50:52,523 [DEBUG] itemku: 📡 API: https://www.itemku.com/~partytown/proxytown
2026-05-20 10:50:52,523 [DEBUG] itemku: 📡 API: https://www.itemku.com/~partytown/proxytown
2026-05-20 10:50:52,523 [DEBUG] itemku: 📡 API: https://www.itemku.com/~partytown/proxytown
2026-05-20 10:50:52,523 [DEBUG] itemku: 📡 API: https://www.itemku.com/~partytown/proxytown
2026-05-20 10:50:52,523 [DEBUG] itemku: 📡 API: https://www.itemku.com/~partytown/proxytown
2026-05-20 10:50:52,523 [DEBUG] itemku: 📡 API: https://www.itemku.com/~partytown/proxytown
2026-05-20 10:50:52,523 [DEBUG] itemku: 📡 API: https://www.itemku.com/~partytown/proxytown
2026-05-20 10:50:52,523 [DEBUG] itemku: 📡 API: https://www.itemku.com/~partytown/proxytown
2026-05-20 10:50:52,529 [DEBUG] itemku: 📡 API: https://www.itemku.com/~partytown/proxytown
2026-05-20 10:50:52,529 [DEBUG] itemku: 📡 API: https://www.itemku.com/~partytown/proxytown
2026-05-20 10:50:52,566 [DEBUG] itemku: 📡 API: https://www.itemku.com/~partytown/proxytown
2026-05-20 10:50:52,567 [DEBUG] itemku: 📡 API: https://www.itemku.com/~partytown/proxytown
2026-05-20 10:50:52,572 [DEBUG] itemku: 📡 API: https://api-gateway.itemku.com/v1/product/game-list?per_page=5&sort=latest&country_codes[]=id&utm_src=csr_c2c&is_exclusive=false
2026-05-20 10:50:52,573 [DEBUG] itemku: 📡 API: https://www.itemku.com/~partytown/proxytown
2026-05-20 10:50:52,574 [DEBUG] itemku: 📡 API: https://www.itemku.com/~partytown/proxytown
2026-05-20 10:50:52,574 [DEBUG] itemku: 📡 API: https://www.itemku.com/~partytown/proxytown
2026-05-20 10:50:52,574 [DEBUG] itemku: 📡 API: https://www.itemku.com/~partytown/proxytown
2026-05-20 10:50:52,574 [DEBUG] itemku: 📡 API: https://www.itemku.com/~partytown/proxytown
2026-05-20 10:50:52,574 [DEBUG] itemku: 📡 API: https://www.itemku.com/~partytown/proxytown
2026-05-20 10:50:52,575 [DEBUG] itemku: 📡 API: https://www.itemku.com/~partytown/proxytown
2026-05-20 10:50:52,575 [DEBUG] itemku: 📡 API: https://www.itemku.com/~partytown/proxytown
2026-05-20 10:50:52,575 [DEBUG] itemku: 📡 API: https://www.itemku.com/~partytown/proxytown
2026-05-20 10:50:52,575 [DEBUG] itemku: 📡 API: https://www.itemku.com/~partytown/proxytown
2026-05-20 10:50:52,575 [DEBUG] itemku: 📡 API: https://www.itemku.com/~partytown/proxytown
2026-05-20 10:50:52,576 [DEBUG] itemku: 📡 API: https://www.itemku.com/~partytown/proxytown
2026-05-20 10:50:52,576 [DEBUG] itemku: 📡 API: https://www.itemku.com/~partytown/proxytown
2026-05-20 10:50:52,576 [DEBUG] itemku: 📡 API: https://www.itemku.com/~partytown/proxytown
2026-05-20 10:50:52,576 [DEBUG] itemku: 📡 API: https://www.itemku.com/~partytown/proxytown
2026-05-20 10:50:52,576 [DEBUG] itemku: 📡 API: https://www.itemku.com/~partytown/proxytown
2026-05-20 10:50:52,576 [DEBUG] itemku: 📡 API: https://www.itemku.com/~partytown/proxytown
2026-05-20 10:50:52,576 [DEBUG] itemku: 📡 API: https://www.itemku.com/~partytown/proxytown
2026-05-20 10:50:52,577 [DEBUG] itemku: 📡 API: https://www.itemku.com/~partytown/proxytown
2026-05-20 10:50:52,577 [DEBUG] itemku: 📡 API: https://www.itemku.com/~partytown/proxytown
2026-05-20 10:50:52,577 [DEBUG] itemku: 📡 API: https://www.itemku.com/~partytown/proxytown
2026-05-20 10:50:52,577 [DEBUG] itemku: 📡 API: https://www.itemku.com/~partytown/proxytown
2026-05-20 10:50:52,598 [DEBUG] itemku: 📡 API: https://www.itemku.com/~partytown/proxytown
2026-05-20 10:50:52,598 [DEBUG] itemku: 📡 API: https://www.itemku.com/~partytown/proxytown
2026-05-20 10:50:52,600 [DEBUG] itemku: 📡 API: https://www.itemku.com/~partytown/proxytown
2026-05-20 10:50:52,600 [DEBUG] itemku: 📡 API: https://www.itemku.com/~partytown/proxytown
2026-05-20 10:50:52,600 [DEBUG] itemku: 📡 API: https://www.itemku.com/~partytown/proxytown
2026-05-20 10:50:52,600 [DEBUG] itemku: 📡 API: https://www.itemku.com/~partytown/proxytown
2026-05-20 10:50:52,600 [DEBUG] itemku: 📡 API: https://www.itemku.com/~partytown/proxytown
2026-05-20 10:50:52,600 [DEBUG] itemku: 📡 API: https://www.itemku.com/~partytown/proxytown
2026-05-20 10:50:52,600 [DEBUG] itemku: 📡 API: https://www.itemku.com/~partytown/proxytown
2026-05-20 10:50:52,600 [DEBUG] itemku: 📡 API: https://www.itemku.com/~partytown/proxytown
2026-05-20 10:50:52,600 [DEBUG] itemku: 📡 API: https://www.itemku.com/~partytown/proxytown
2026-05-20 10:50:52,600 [DEBUG] itemku: 📡 API: https://www.itemku.com/~partytown/proxytown
2026-05-20 10:50:52,600 [DEBUG] itemku: 📡 API: https://www.itemku.com/~partytown/proxytown
2026-05-20 10:50:52,600 [DEBUG] itemku: 📡 API: https://www.itemku.com/~partytown/proxytown
2026-05-20 10:50:52,601 [DEBUG] itemku: 📡 API: https://www.itemku.com/~partytown/proxytown
2026-05-20 10:50:52,602 [DEBUG] itemku: 📡 API: https://www.itemku.com/~partytown/proxytown
2026-05-20 10:50:52,603 [DEBUG] itemku: 📡 API: https://www.itemku.com/~partytown/proxytown
2026-05-20 10:50:52,603 [DEBUG] itemku: 📡 API: https://www.itemku.com/~partytown/proxytown
2026-05-20 10:50:52,603 [DEBUG] itemku: 📡 API: https://www.itemku.com/~partytown/proxytown
2026-05-20 10:50:52,603 [DEBUG] itemku: 📡 API: https://www.itemku.com/~partytown/proxytown
2026-05-20 10:50:52,603 [DEBUG] itemku: 📡 API: https://www.itemku.com/~partytown/proxytown
2026-05-20 10:50:52,603 [DEBUG] itemku: 📡 API: https://www.itemku.com/~partytown/proxytown
2026-05-20 10:50:52,604 [DEBUG] itemku: 📡 API: https://www.itemku.com/~partytown/proxytown
2026-05-20 10:50:52,604 [DEBUG] itemku: 📡 API: https://www.itemku.com/~partytown/proxytown
2026-05-20 10:50:52,604 [DEBUG] itemku: 📡 API: https://www.itemku.com/~partytown/proxytown
2026-05-20 10:50:52,604 [DEBUG] itemku: 📡 API: https://www.itemku.com/~partytown/proxytown
2026-05-20 10:50:52,604 [DEBUG] itemku: 📡 API: https://www.itemku.com/~partytown/proxytown
2026-05-20 10:50:52,604 [DEBUG] itemku: 📡 API: https://www.itemku.com/~partytown/proxytown
2026-05-20 10:50:52,604 [DEBUG] itemku: 📡 API: https://www.itemku.com/~partytown/proxytown
2026-05-20 10:50:52,604 [DEBUG] itemku: 📡 API: https://www.itemku.com/~partytown/proxytown
2026-05-20 10:50:52,604 [DEBUG] itemku: 📡 API: https://www.itemku.com/~partytown/proxytown
2026-05-20 10:50:52,604 [DEBUG] itemku: 📡 API: https://www.itemku.com/~partytown/proxytown
2026-05-20 10:50:52,604 [DEBUG] itemku: 📡 API: https://www.itemku.com/~partytown/proxytown
2026-05-20 10:50:52,604 [DEBUG] itemku: 📡 API: https://www.itemku.com/~partytown/proxytown
2026-05-20 10:50:52,604 [DEBUG] itemku: 📡 API: https://www.itemku.com/~partytown/proxytown
2026-05-20 10:50:52,604 [DEBUG] itemku: 📡 API: https://www.itemku.com/~partytown/proxytown
2026-05-20 10:50:52,604 [DEBUG] itemku: 📡 API: https://www.itemku.com/~partytown/proxytown
2026-05-20 10:50:52,604 [DEBUG] itemku: 📡 API: https://www.itemku.com/~partytown/proxytown
2026-05-20 10:50:52,604 [DEBUG] itemku: 📡 API: https://www.itemku.com/~partytown/proxytown
2026-05-20 10:50:52,604 [DEBUG] itemku: 📡 API: https://www.itemku.com/~partytown/proxytown
2026-05-20 10:50:52,604 [DEBUG] itemku: 📡 API: https://www.itemku.com/~partytown/proxytown
2026-05-20 10:50:52,605 [DEBUG] itemku: 📡 API: https://www.itemku.com/~partytown/proxytown
2026-05-20 10:50:52,605 [DEBUG] itemku: 📡 API: https://www.itemku.com/~partytown/proxytown
2026-05-20 10:50:52,605 [DEBUG] itemku: 📡 API: https://www.itemku.com/~partytown/proxytown
2026-05-20 10:50:52,605 [DEBUG] itemku: 📡 API: https://www.itemku.com/~partytown/proxytown
2026-05-20 10:50:52,605 [DEBUG] itemku: 📡 API: https://www.itemku.com/~partytown/proxytown
2026-05-20 10:50:52,605 [DEBUG] itemku: 📡 API: https://www.itemku.com/~partytown/proxytown
2026-05-20 10:50:52,605 [DEBUG] itemku: 📡 API: https://www.itemku.com/~partytown/proxytown
2026-05-20 10:50:52,794 [DEBUG] itemku: 📡 API: https://www.itemku.com/~partytown/proxytown
2026-05-20 10:50:52,794 [DEBUG] itemku: 📡 API: https://www.itemku.com/~partytown/proxytown
2026-05-20 10:50:52,814 [DEBUG] itemku: 📡 API: https://www.itemku.com/~partytown/proxytown
2026-05-20 10:50:52,829 [DEBUG] itemku: 📡 API: https://www.itemku.com/~partytown/proxytown
2026-05-20 10:50:52,835 [DEBUG] itemku: 📡 API: https://www.itemku.com/~partytown/proxytown
2026-05-20 10:50:52,842 [DEBUG] itemku: 📡 API: https://www.itemku.com/~partytown/proxytown
2026-05-20 10:50:52,846 [DEBUG] itemku: 📡 API: https://www.itemku.com/~partytown/proxytown
2026-05-20 10:50:52,855 [DEBUG] itemku: 📡 API: https://www.itemku.com/~partytown/proxytown
2026-05-20 10:50:52,857 [DEBUG] itemku: 📡 API: https://www.itemku.com/~partytown/proxytown
2026-05-20 10:50:52,865 [DEBUG] itemku: 📡 API: https://www.itemku.com/~partytown/proxytown
2026-05-20 10:50:52,869 [DEBUG] itemku: 📡 API: https://www.itemku.com/~partytown/proxytown
2026-05-20 10:50:52,876 [DEBUG] itemku: 📡 API: https://www.itemku.com/~partytown/proxytown
2026-05-20 10:50:52,883 [DEBUG] itemku: 📡 API: https://www.itemku.com/~partytown/proxytown
2026-05-20 10:50:52,887 [DEBUG] itemku: 📡 API: https://www.itemku.com/~partytown/proxytown
2026-05-20 10:50:52,891 [DEBUG] itemku: 📡 API: https://www.itemku.com/~partytown/proxytown
2026-05-20 10:50:52,897 [DEBUG] itemku: 📡 API: https://www.itemku.com/~partytown/proxytown
2026-05-20 10:50:52,900 [DEBUG] itemku: 📡 API: https://www.itemku.com/~partytown/proxytown
2026-05-20 10:50:52,907 [DEBUG] itemku: 📡 API: https://www.itemku.com/~partytown/proxytown
2026-05-20 10:50:52,916 [DEBUG] itemku: 📡 API: https://www.itemku.com/~partytown/proxytown
2026-05-20 10:50:52,921 [DEBUG] itemku: 📡 API: https://www.itemku.com/~partytown/proxytown
2026-05-20 10:50:52,929 [DEBUG] itemku: 📡 API: https://www.itemku.com/~partytown/proxytown
2026-05-20 10:50:52,937 [DEBUG] itemku: 📡 API: https://www.itemku.com/~partytown/proxytown
2026-05-20 10:50:52,939 [DEBUG] itemku: 📡 API: https://www.itemku.com/~partytown/proxytown
2026-05-20 10:50:52,941 [DEBUG] itemku: 📡 API: https://www.itemku.com/~partytown/proxytown
2026-05-20 10:50:52,944 [DEBUG] itemku: 📡 API: https://www.itemku.com/~partytown/proxytown
2026-05-20 10:50:52,948 [DEBUG] itemku: 📡 API: https://www.itemku.com/~partytown/proxytown
2026-05-20 10:50:52,951 [DEBUG] itemku: 📡 API: https://www.itemku.com/~partytown/proxytown
2026-05-20 10:50:52,953 [DEBUG] itemku: 📡 API: https://www.itemku.com/~partytown/proxytown
2026-05-20 10:50:52,958 [DEBUG] itemku: 📡 API: https://www.itemku.com/~partytown/proxytown
2026-05-20 10:50:52,962 [DEBUG] itemku: 📡 API: https://www.itemku.com/~partytown/proxytown
2026-05-20 10:50:52,967 [DEBUG] itemku: 📡 API: https://www.itemku.com/~partytown/proxytown
2026-05-20 10:50:52,970 [DEBUG] itemku: 📡 API: https://www.itemku.com/~partytown/proxytown
2026-05-20 10:50:52,983 [DEBUG] itemku: 📡 API: https://www.itemku.com/~partytown/proxytown
2026-05-20 10:50:52,988 [DEBUG] itemku: 📡 API: https://www.itemku.com/~partytown/proxytown
2026-05-20 10:50:52,992 [DEBUG] itemku: 📡 API: https://www.itemku.com/~partytown/proxytown
2026-05-20 10:50:52,992 [DEBUG] itemku: 📡 API: https://www.itemku.com/~partytown/proxytown
2026-05-20 10:50:52,993 [DEBUG] itemku: 📡 API: https://www.itemku.com/~partytown/proxytown
2026-05-20 10:50:52,993 [DEBUG] itemku: 📡 API: https://www.itemku.com/~partytown/proxytown
2026-05-20 10:50:52,993 [DEBUG] itemku: 📡 API: https://www.itemku.com/~partytown/proxytown
2026-05-20 10:50:52,993 [DEBUG] itemku: 📡 API: https://www.itemku.com/~partytown/proxytown
2026-05-20 10:50:52,993 [DEBUG] itemku: 📡 API: https://www.itemku.com/~partytown/proxytown
2026-05-20 10:50:52,993 [DEBUG] itemku: 📡 API: https://www.itemku.com/~partytown/proxytown
2026-05-20 10:50:52,994 [DEBUG] itemku: 📡 API: https://www.itemku.com/~partytown/proxytown
2026-05-20 10:50:52,994 [DEBUG] itemku: 📡 API: https://www.itemku.com/~partytown/proxytown
2026-05-20 10:50:52,995 [DEBUG] itemku: 📡 API: https://www.itemku.com/~partytown/proxytown
2026-05-20 10:50:52,995 [DEBUG] itemku: 📡 API: https://www.itemku.com/~partytown/proxytown
2026-05-20 10:50:52,995 [DEBUG] itemku: 📡 API: https://www.itemku.com/~partytown/proxytown
2026-05-20 10:50:52,996 [DEBUG] itemku: 📡 API: https://www.itemku.com/~partytown/proxytown
2026-05-20 10:50:52,996 [DEBUG] itemku: 📡 API: https://www.itemku.com/~partytown/proxytown
2026-05-20 10:50:52,996 [DEBUG] itemku: 📡 API: https://www.itemku.com/~partytown/proxytown
2026-05-20 10:50:52,997 [DEBUG] itemku: 📡 API: https://www.itemku.com/~partytown/proxytown
2026-05-20 10:50:52,997 [DEBUG] itemku: 📡 API: https://www.itemku.com/~partytown/proxytown
2026-05-20 10:50:52,997 [DEBUG] itemku: 📡 API: https://www.itemku.com/~partytown/proxytown
2026-05-20 10:50:52,997 [DEBUG] itemku: 📡 API: https://www.itemku.com/~partytown/proxytown
2026-05-20 10:50:52,997 [DEBUG] itemku: 📡 API: https://www.itemku.com/~partytown/proxytown
2026-05-20 10:50:52,997 [DEBUG] itemku: 📡 API: https://www.itemku.com/~partytown/proxytown
2026-05-20 10:50:53,522 [DEBUG] itemku: 📡 API: https://script.crazyegg.com/pages/data-scripts/0113/7987/site/www.itemku.com.json?t=1
2026-05-20 10:50:53,838 [DEBUG] itemku: 📡 API: https://script.crazyegg.com/pages/data-scripts/0113/7987/sampling/www.itemku.com.json?t=1
2026-05-20 10:51:07,878 [INFO] itemku: 📜 Scroll halaman...
2026-05-20 10:51:08,222 [DEBUG] itemku: 📡 API: https://www.itemku.com/~partytown/proxytown
2026-05-20 10:51:10,013 [DEBUG] itemku: 📡 API: https://www.itemku.com/~partytown/proxytown
2026-05-20 10:51:10,162 [DEBUG] itemku: 📡 API: https://www.itemku.com/~partytown/proxytown
2026-05-20 10:51:10,173 [DEBUG] itemku: 📡 API: https://www.itemku.com/~partytown/proxytown
2026-05-20 10:51:10,180 [DEBUG] itemku: 📡 API: https://www.itemku.com/~partytown/proxytown
2026-05-20 10:51:10,180 [DEBUG] itemku: 📡 API: https://www.itemku.com/~partytown/proxytown
2026-05-20 10:51:10,189 [DEBUG] itemku: 📡 API: https://www.itemku.com/~partytown/proxytown
2026-05-20 10:51:10,199 [DEBUG] itemku: 📡 API: https://www.itemku.com/~partytown/proxytown
2026-05-20 10:51:10,202 [DEBUG] itemku: 📡 API: https://www.itemku.com/~partytown/proxytown
2026-05-20 10:51:10,205 [DEBUG] itemku: 📡 API: https://www.itemku.com/~partytown/proxytown
2026-05-20 10:51:10,207 [DEBUG] itemku: 📡 API: https://www.itemku.com/~partytown/proxytown
2026-05-20 10:51:10,212 [DEBUG] itemku: 📡 API: https://www.itemku.com/~partytown/proxytown
2026-05-20 10:51:10,213 [DEBUG] itemku: 📡 API: https://www.itemku.com/~partytown/proxytown
2026-05-20 10:51:10,218 [DEBUG] itemku: 📡 API: https://www.itemku.com/~partytown/proxytown
2026-05-20 10:51:10,223 [DEBUG] itemku: 📡 API: https://www.itemku.com/~partytown/proxytown
2026-05-20 10:51:10,223 [DEBUG] itemku: 📡 API: https://www.itemku.com/~partytown/proxytown
2026-05-20 10:51:10,231 [DEBUG] itemku: 📡 API: https://www.itemku.com/~partytown/proxytown
2026-05-20 10:51:10,234 [DEBUG] itemku: 📡 API: https://www.itemku.com/~partytown/proxytown
2026-05-20 10:51:10,234 [DEBUG] itemku: 📡 API: https://www.itemku.com/~partytown/proxytown
2026-05-20 10:51:10,238 [DEBUG] itemku: 📡 API: https://www.itemku.com/~partytown/proxytown
2026-05-20 10:51:10,241 [DEBUG] itemku: 📡 API: https://www.itemku.com/~partytown/proxytown
2026-05-20 10:51:10,245 [DEBUG] itemku: 📡 API: https://www.itemku.com/~partytown/proxytown
2026-05-20 10:51:10,248 [DEBUG] itemku: 📡 API: https://www.itemku.com/~partytown/proxytown
2026-05-20 10:51:10,253 [DEBUG] itemku: 📡 API: https://www.itemku.com/~partytown/proxytown
2026-05-20 10:51:10,259 [DEBUG] itemku: 📡 API: https://www.itemku.com/~partytown/proxytown
2026-05-20 10:51:10,263 [DEBUG] itemku: 📡 API: https://www.itemku.com/~partytown/proxytown
2026-05-20 10:51:10,269 [DEBUG] itemku: 📡 API: https://www.itemku.com/~partytown/proxytown
2026-05-20 10:51:10,269 [DEBUG] itemku: 📡 API: https://www.itemku.com/~partytown/proxytown
2026-05-20 10:51:10,273 [DEBUG] itemku: 📡 API: https://www.itemku.com/~partytown/proxytown
2026-05-20 10:51:10,284 [DEBUG] itemku: 📡 API: https://www.itemku.com/~partytown/proxytown
2026-05-20 10:51:10,291 [DEBUG] itemku: 📡 API: https://www.itemku.com/~partytown/proxytown
2026-05-20 10:51:10,291 [DEBUG] itemku: 📡 API: https://www.itemku.com/~partytown/proxytown
2026-05-20 10:51:10,291 [DEBUG] itemku: 📡 API: https://www.itemku.com/~partytown/proxytown
2026-05-20 10:51:10,296 [DEBUG] itemku: 📡 API: https://www.itemku.com/~partytown/proxytown
2026-05-20 10:51:10,299 [DEBUG] itemku: 📡 API: https://www.itemku.com/~partytown/proxytown
2026-05-20 10:51:10,303 [DEBUG] itemku: 📡 API: https://www.itemku.com/~partytown/proxytown
2026-05-20 10:51:10,306 [DEBUG] itemku: 📡 API: https://www.itemku.com/~partytown/proxytown
2026-05-20 10:51:10,311 [DEBUG] itemku: 📡 API: https://www.itemku.com/~partytown/proxytown
2026-05-20 10:51:10,315 [DEBUG] itemku: 📡 API: https://www.itemku.com/~partytown/proxytown
2026-05-20 10:51:10,323 [DEBUG] itemku: 📡 API: https://www.itemku.com/~partytown/proxytown
2026-05-20 10:51:10,323 [DEBUG] itemku: 📡 API: https://www.itemku.com/~partytown/proxytown
2026-05-20 10:51:10,327 [DEBUG] itemku: 📡 API: https://www.itemku.com/~partytown/proxytown
2026-05-20 10:51:10,332 [DEBUG] itemku: 📡 API: https://www.itemku.com/~partytown/proxytown
2026-05-20 10:51:10,340 [DEBUG] itemku: 📡 API: https://www.itemku.com/~partytown/proxytown
2026-05-20 10:51:10,344 [DEBUG] itemku: 📡 API: https://www.itemku.com/~partytown/proxytown
2026-05-20 10:51:10,348 [DEBUG] itemku: 📡 API: https://www.itemku.com/~partytown/proxytown
2026-05-20 10:51:10,351 [DEBUG] itemku: 📡 API: https://www.itemku.com/~partytown/proxytown
2026-05-20 10:51:10,354 [DEBUG] itemku: 📡 API: https://www.itemku.com/~partytown/proxytown
2026-05-20 10:51:10,359 [DEBUG] itemku: 📡 API: https://www.itemku.com/~partytown/proxytown
2026-05-20 10:51:10,362 [DEBUG] itemku: 📡 API: https://www.itemku.com/~partytown/proxytown
2026-05-20 10:51:10,364 [DEBUG] itemku: 📡 API: https://www.itemku.com/~partytown/proxytown
2026-05-20 10:51:10,371 [DEBUG] itemku: 📡 API: https://www.itemku.com/~partytown/proxytown
2026-05-20 10:51:10,371 [DEBUG] itemku: 📡 API: https://www.itemku.com/~partytown/proxytown
2026-05-20 10:51:10,380 [DEBUG] itemku: 📡 API: https://www.itemku.com/~partytown/proxytown
2026-05-20 10:51:10,384 [DEBUG] itemku: 📡 API: https://www.itemku.com/~partytown/proxytown
2026-05-20 10:51:10,387 [DEBUG] itemku: 📡 API: https://www.itemku.com/~partytown/proxytown
2026-05-20 10:51:10,388 [DEBUG] itemku: 📡 API: https://www.itemku.com/~partytown/proxytown
2026-05-20 10:51:10,388 [DEBUG] itemku: 📡 API: https://www.itemku.com/~partytown/proxytown
2026-05-20 10:51:12,039 [DEBUG] itemku: 📡 API: https://www.itemku.com/~partytown/proxytown
2026-05-20 10:51:12,186 [DEBUG] itemku: 📡 API: https://www.itemku.com/~partytown/proxytown
2026-05-20 10:51:12,196 [DEBUG] itemku: 📡 API: https://www.itemku.com/~partytown/proxytown
2026-05-20 10:51:12,203 [DEBUG] itemku: 📡 API: https://www.itemku.com/~partytown/proxytown
2026-05-20 10:51:12,213 [DEBUG] itemku: 📡 API: https://www.itemku.com/~partytown/proxytown
2026-05-20 10:51:12,219 [DEBUG] itemku: 📡 API: https://www.itemku.com/~partytown/proxytown
2026-05-20 10:51:12,220 [DEBUG] itemku: 📡 API: https://www.itemku.com/~partytown/proxytown
2026-05-20 10:51:12,227 [DEBUG] itemku: 📡 API: https://www.itemku.com/~partytown/proxytown
2026-05-20 10:51:12,239 [DEBUG] itemku: 📡 API: https://www.itemku.com/~partytown/proxytown
2026-05-20 10:51:12,245 [DEBUG] itemku: 📡 API: https://www.itemku.com/~partytown/proxytown
2026-05-20 10:51:12,249 [DEBUG] itemku: 📡 API: https://www.itemku.com/~partytown/proxytown
2026-05-20 10:51:12,253 [DEBUG] itemku: 📡 API: https://www.itemku.com/~partytown/proxytown
2026-05-20 10:51:12,257 [DEBUG] itemku: 📡 API: https://www.itemku.com/~partytown/proxytown
2026-05-20 10:51:12,261 [DEBUG] itemku: 📡 API: https://www.itemku.com/~partytown/proxytown
2026-05-20 10:51:12,267 [DEBUG] itemku: 📡 API: https://www.itemku.com/~partytown/proxytown
2026-05-20 10:51:12,267 [DEBUG] itemku: 📡 API: https://www.itemku.com/~partytown/proxytown
2026-05-20 10:51:12,274 [DEBUG] itemku: 📡 API: https://www.itemku.com/~partytown/proxytown
2026-05-20 10:51:12,283 [DEBUG] itemku: 📡 API: https://www.itemku.com/~partytown/proxytown
2026-05-20 10:51:12,292 [DEBUG] itemku: 📡 API: https://www.itemku.com/~partytown/proxytown
2026-05-20 10:51:12,292 [DEBUG] itemku: 📡 API: https://www.itemku.com/~partytown/proxytown
2026-05-20 10:51:12,300 [DEBUG] itemku: 📡 API: https://www.itemku.com/~partytown/proxytown
2026-05-20 10:51:12,308 [DEBUG] itemku: 📡 API: https://www.itemku.com/~partytown/proxytown
2026-05-20 10:51:12,321 [DEBUG] itemku: 📡 API: https://www.itemku.com/~partytown/proxytown
2026-05-20 10:51:12,331 [DEBUG] itemku: 📡 API: https://www.itemku.com/~partytown/proxytown
2026-05-20 10:51:12,332 [DEBUG] itemku: 📡 API: https://www.itemku.com/~partytown/proxytown
2026-05-20 10:51:12,341 [DEBUG] itemku: 📡 API: https://www.itemku.com/~partytown/proxytown
2026-05-20 10:51:12,346 [DEBUG] itemku: 📡 API: https://www.itemku.com/~partytown/proxytown
2026-05-20 10:51:12,346 [DEBUG] itemku: 📡 API: https://www.itemku.com/~partytown/proxytown
2026-05-20 10:51:12,352 [DEBUG] itemku: 📡 API: https://www.itemku.com/~partytown/proxytown
2026-05-20 10:51:12,359 [DEBUG] itemku: 📡 API: https://www.itemku.com/~partytown/proxytown
2026-05-20 10:51:12,367 [DEBUG] itemku: 📡 API: https://www.itemku.com/~partytown/proxytown
2026-05-20 10:51:12,373 [DEBUG] itemku: 📡 API: https://www.itemku.com/~partytown/proxytown
2026-05-20 10:51:12,381 [DEBUG] itemku: 📡 API: https://www.itemku.com/~partytown/proxytown
2026-05-20 10:51:12,386 [DEBUG] itemku: 📡 API: https://www.itemku.com/~partytown/proxytown
2026-05-20 10:51:12,390 [DEBUG] itemku: 📡 API: https://www.itemku.com/~partytown/proxytown
2026-05-20 10:51:12,395 [DEBUG] itemku: 📡 API: https://www.itemku.com/~partytown/proxytown
2026-05-20 10:51:12,398 [DEBUG] itemku: 📡 API: https://www.itemku.com/~partytown/proxytown
2026-05-20 10:51:12,401 [DEBUG] itemku: 📡 API: https://www.itemku.com/~partytown/proxytown
2026-05-20 10:51:12,404 [DEBUG] itemku: 📡 API: https://www.itemku.com/~partytown/proxytown
2026-05-20 10:51:12,409 [DEBUG] itemku: 📡 API: https://www.itemku.com/~partytown/proxytown
2026-05-20 10:51:12,409 [DEBUG] itemku: 📡 API: https://www.itemku.com/~partytown/proxytown
2026-05-20 10:51:12,413 [DEBUG] itemku: 📡 API: https://www.itemku.com/~partytown/proxytown
2026-05-20 10:51:12,419 [DEBUG] itemku: 📡 API: https://www.itemku.com/~partytown/proxytown
2026-05-20 10:51:12,426 [DEBUG] itemku: 📡 API: https://www.itemku.com/~partytown/proxytown
2026-05-20 10:51:12,426 [DEBUG] itemku: 📡 API: https://www.itemku.com/~partytown/proxytown
2026-05-20 10:51:12,430 [DEBUG] itemku: 📡 API: https://www.itemku.com/~partytown/proxytown
2026-05-20 10:51:12,436 [DEBUG] itemku: 📡 API: https://www.itemku.com/~partytown/proxytown
2026-05-20 10:51:12,442 [DEBUG] itemku: 📡 API: https://www.itemku.com/~partytown/proxytown
2026-05-20 10:51:12,442 [DEBUG] itemku: 📡 API: https://www.itemku.com/~partytown/proxytown
2026-05-20 10:51:12,446 [DEBUG] itemku: 📡 API: https://www.itemku.com/~partytown/proxytown
2026-05-20 10:51:12,451 [DEBUG] itemku: 📡 API: https://www.itemku.com/~partytown/proxytown
2026-05-20 10:51:12,458 [DEBUG] itemku: 📡 API: https://www.itemku.com/~partytown/proxytown
2026-05-20 10:51:12,459 [DEBUG] itemku: 📡 API: https://www.itemku.com/~partytown/proxytown
2026-05-20 10:51:12,465 [DEBUG] itemku: 📡 API: https://www.itemku.com/~partytown/proxytown
2026-05-20 10:51:12,471 [DEBUG] itemku: 📡 API: https://www.itemku.com/~partytown/proxytown
2026-05-20 10:51:12,471 [DEBUG] itemku: 📡 API: https://www.itemku.com/~partytown/proxytown
2026-05-20 10:51:12,473 [DEBUG] itemku: 📡 API: https://www.itemku.com/~partytown/proxytown
2026-05-20 10:51:14,220 [DEBUG] itemku: 📡 API: https://www.itemku.com/~partytown/proxytown
2026-05-20 10:51:14,233 [DEBUG] itemku: 📡 API: https://www.itemku.com/~partytown/proxytown
2026-05-20 10:51:14,241 [DEBUG] itemku: 📡 API: https://www.itemku.com/~partytown/proxytown
2026-05-20 10:51:14,248 [DEBUG] itemku: 📡 API: https://www.itemku.com/~partytown/proxytown
2026-05-20 10:51:14,256 [DEBUG] itemku: 📡 API: https://www.itemku.com/~partytown/proxytown
2026-05-20 10:51:14,264 [DEBUG] itemku: 📡 API: https://www.itemku.com/~partytown/proxytown
2026-05-20 10:51:14,265 [DEBUG] itemku: 📡 API: https://www.itemku.com/~partytown/proxytown
2026-05-20 10:51:14,274 [DEBUG] itemku: 📡 API: https://www.itemku.com/~partytown/proxytown
2026-05-20 10:51:14,281 [DEBUG] itemku: 📡 API: https://www.itemku.com/~partytown/proxytown
2026-05-20 10:51:14,281 [DEBUG] itemku: 📡 API: https://www.itemku.com/~partytown/proxytown
2026-05-20 10:51:14,287 [DEBUG] itemku: 📡 API: https://www.itemku.com/~partytown/proxytown
2026-05-20 10:51:14,292 [DEBUG] itemku: 📡 API: https://www.itemku.com/~partytown/proxytown
2026-05-20 10:51:14,298 [DEBUG] itemku: 📡 API: https://www.itemku.com/~partytown/proxytown
2026-05-20 10:51:14,304 [DEBUG] itemku: 📡 API: https://www.itemku.com/~partytown/proxytown
2026-05-20 10:51:14,312 [DEBUG] itemku: 📡 API: https://www.itemku.com/~partytown/proxytown
2026-05-20 10:51:14,312 [DEBUG] itemku: 📡 API: https://www.itemku.com/~partytown/proxytown
2026-05-20 10:51:14,321 [DEBUG] itemku: 📡 API: https://www.itemku.com/~partytown/proxytown
2026-05-20 10:51:14,328 [DEBUG] itemku: 📡 API: https://www.itemku.com/~partytown/proxytown
2026-05-20 10:51:14,332 [DEBUG] itemku: 📡 API: https://www.itemku.com/~partytown/proxytown
2026-05-20 10:51:14,338 [DEBUG] itemku: 📡 API: https://www.itemku.com/~partytown/proxytown
2026-05-20 10:51:14,345 [DEBUG] itemku: 📡 API: https://www.itemku.com/~partytown/proxytown
2026-05-20 10:51:14,349 [DEBUG] itemku: 📡 API: https://www.itemku.com/~partytown/proxytown
2026-05-20 10:51:14,354 [DEBUG] itemku: 📡 API: https://www.itemku.com/~partytown/proxytown
2026-05-20 10:51:14,362 [DEBUG] itemku: 📡 API: https://www.itemku.com/~partytown/proxytown
2026-05-20 10:51:14,368 [DEBUG] itemku: 📡 API: https://www.itemku.com/~partytown/proxytown
2026-05-20 10:51:14,385 [DEBUG] itemku: 📡 API: https://www.itemku.com/~partytown/proxytown
2026-05-20 10:51:14,385 [DEBUG] itemku: 📡 API: https://www.itemku.com/~partytown/proxytown
2026-05-20 10:51:14,391 [DEBUG] itemku: 📡 API: https://www.itemku.com/~partytown/proxytown
2026-05-20 10:51:14,396 [DEBUG] itemku: 📡 API: https://www.itemku.com/~partytown/proxytown
2026-05-20 10:51:14,396 [DEBUG] itemku: 📡 API: https://www.itemku.com/~partytown/proxytown
2026-05-20 10:51:14,403 [DEBUG] itemku: 📡 API: https://www.itemku.com/~partytown/proxytown
2026-05-20 10:51:14,413 [DEBUG] itemku: 📡 API: https://www.itemku.com/~partytown/proxytown
2026-05-20 10:51:14,413 [DEBUG] itemku: 📡 API: https://www.itemku.com/~partytown/proxytown
2026-05-20 10:51:14,419 [DEBUG] itemku: 📡 API: https://www.itemku.com/~partytown/proxytown
2026-05-20 10:51:14,425 [DEBUG] itemku: 📡 API: https://www.itemku.com/~partytown/proxytown
2026-05-20 10:51:14,432 [DEBUG] itemku: 📡 API: https://www.itemku.com/~partytown/proxytown
2026-05-20 10:51:14,438 [DEBUG] itemku: 📡 API: https://www.itemku.com/~partytown/proxytown
2026-05-20 10:51:14,445 [DEBUG] itemku: 📡 API: https://www.itemku.com/~partytown/proxytown
2026-05-20 10:51:14,455 [DEBUG] itemku: 📡 API: https://www.itemku.com/~partytown/proxytown
2026-05-20 10:51:14,464 [DEBUG] itemku: 📡 API: https://www.itemku.com/~partytown/proxytown
2026-05-20 10:51:14,465 [DEBUG] itemku: 📡 API: https://www.itemku.com/~partytown/proxytown
2026-05-20 10:51:14,474 [DEBUG] itemku: 📡 API: https://www.itemku.com/~partytown/proxytown
2026-05-20 10:51:14,474 [DEBUG] itemku: 📡 API: https://www.itemku.com/~partytown/proxytown
2026-05-20 10:51:14,484 [DEBUG] itemku: 📡 API: https://www.itemku.com/~partytown/proxytown
2026-05-20 10:51:14,492 [DEBUG] itemku: 📡 API: https://www.itemku.com/~partytown/proxytown
2026-05-20 10:51:14,492 [DEBUG] itemku: 📡 API: https://www.itemku.com/~partytown/proxytown
2026-05-20 10:51:14,505 [DEBUG] itemku: 📡 API: https://www.itemku.com/~partytown/proxytown
2026-05-20 10:51:14,506 [DEBUG] itemku: 📡 API: https://www.itemku.com/~partytown/proxytown
2026-05-20 10:51:14,515 [DEBUG] itemku: 📡 API: https://www.itemku.com/~partytown/proxytown
2026-05-20 10:51:14,515 [DEBUG] itemku: 📡 API: https://www.itemku.com/~partytown/proxytown
2026-05-20 10:51:14,522 [DEBUG] itemku: 📡 API: https://www.itemku.com/~partytown/proxytown
2026-05-20 10:51:14,527 [DEBUG] itemku: 📡 API: https://www.itemku.com/~partytown/proxytown
2026-05-20 10:51:14,533 [DEBUG] itemku: 📡 API: https://www.itemku.com/~partytown/proxytown
2026-05-20 10:51:14,550 [DEBUG] itemku: 📡 API: https://www.itemku.com/~partytown/proxytown
2026-05-20 10:51:14,551 [DEBUG] itemku: 📡 API: https://www.itemku.com/~partytown/proxytown
2026-05-20 10:51:14,552 [DEBUG] itemku: 📡 API: https://www.itemku.com/~partytown/proxytown
2026-05-20 10:51:16,232 [DEBUG] itemku: 📡 API: https://www.itemku.com/~partytown/proxytown
2026-05-20 10:51:16,247 [DEBUG] itemku: 📡 API: https://www.itemku.com/~partytown/proxytown
2026-05-20 10:51:16,256 [DEBUG] itemku: 📡 API: https://www.itemku.com/~partytown/proxytown
2026-05-20 10:51:16,267 [DEBUG] itemku: 📡 API: https://www.itemku.com/~partytown/proxytown
2026-05-20 10:51:16,273 [DEBUG] itemku: 📡 API: https://www.itemku.com/~partytown/proxytown
2026-05-20 10:51:16,273 [DEBUG] itemku: 📡 API: https://www.itemku.com/~partytown/proxytown
2026-05-20 10:51:16,281 [DEBUG] itemku: 📡 API: https://www.itemku.com/~partytown/proxytown
2026-05-20 10:51:16,288 [DEBUG] itemku: 📡 API: https://www.itemku.com/~partytown/proxytown
2026-05-20 10:51:16,288 [DEBUG] itemku: 📡 API: https://www.itemku.com/~partytown/proxytown
2026-05-20 10:51:16,296 [DEBUG] itemku: 📡 API: https://www.itemku.com/~partytown/proxytown
2026-05-20 10:51:16,301 [DEBUG] itemku: 📡 API: https://www.itemku.com/~partytown/proxytown
2026-05-20 10:51:16,301 [DEBUG] itemku: 📡 API: https://www.itemku.com/~partytown/proxytown
2026-05-20 10:51:16,310 [DEBUG] itemku: 📡 API: https://www.itemku.com/~partytown/proxytown
2026-05-20 10:51:16,312 [DEBUG] itemku: 📡 API: https://www.itemku.com/~partytown/proxytown
2026-05-20 10:51:16,320 [DEBUG] itemku: 📡 API: https://www.itemku.com/~partytown/proxytown
2026-05-20 10:51:16,320 [DEBUG] itemku: 📡 API: https://www.itemku.com/~partytown/proxytown
2026-05-20 10:51:16,327 [DEBUG] itemku: 📡 API: https://www.itemku.com/~partytown/proxytown
2026-05-20 10:51:16,332 [DEBUG] itemku: 📡 API: https://www.itemku.com/~partytown/proxytown
2026-05-20 10:51:16,336 [DEBUG] itemku: 📡 API: https://www.itemku.com/~partytown/proxytown
2026-05-20 10:51:16,340 [DEBUG] itemku: 📡 API: https://www.itemku.com/~partytown/proxytown
2026-05-20 10:51:16,343 [DEBUG] itemku: 📡 API: https://www.itemku.com/~partytown/proxytown
2026-05-20 10:51:16,347 [DEBUG] itemku: 📡 API: https://www.itemku.com/~partytown/proxytown
2026-05-20 10:51:16,347 [DEBUG] itemku: 📡 API: https://www.itemku.com/~partytown/proxytown
2026-05-20 10:51:16,355 [DEBUG] itemku: 📡 API: https://www.itemku.com/~partytown/proxytown
2026-05-20 10:51:16,358 [DEBUG] itemku: 📡 API: https://www.itemku.com/~partytown/proxytown
2026-05-20 10:51:16,362 [DEBUG] itemku: 📡 API: https://www.itemku.com/~partytown/proxytown
2026-05-20 10:51:16,363 [DEBUG] itemku: 📡 API: https://www.itemku.com/~partytown/proxytown
2026-05-20 10:51:16,367 [DEBUG] itemku: 📡 API: https://www.itemku.com/~partytown/proxytown
2026-05-20 10:51:16,371 [DEBUG] itemku: 📡 API: https://www.itemku.com/~partytown/proxytown
2026-05-20 10:51:16,375 [DEBUG] itemku: 📡 API: https://www.itemku.com/~partytown/proxytown
2026-05-20 10:51:16,381 [DEBUG] itemku: 📡 API: https://www.itemku.com/~partytown/proxytown
2026-05-20 10:51:16,387 [DEBUG] itemku: 📡 API: https://www.itemku.com/~partytown/proxytown
2026-05-20 10:51:16,387 [DEBUG] itemku: 📡 API: https://www.itemku.com/~partytown/proxytown
2026-05-20 10:51:16,391 [DEBUG] itemku: 📡 API: https://www.itemku.com/~partytown/proxytown
2026-05-20 10:51:16,396 [DEBUG] itemku: 📡 API: https://www.itemku.com/~partytown/proxytown
2026-05-20 10:51:16,403 [DEBUG] itemku: 📡 API: https://www.itemku.com/~partytown/proxytown
2026-05-20 10:51:16,409 [DEBUG] itemku: 📡 API: https://www.itemku.com/~partytown/proxytown
2026-05-20 10:51:16,420 [DEBUG] itemku: 📡 API: https://www.itemku.com/~partytown/proxytown
2026-05-20 10:51:16,420 [DEBUG] itemku: 📡 API: https://www.itemku.com/~partytown/proxytown
2026-05-20 10:51:16,431 [DEBUG] itemku: 📡 API: https://www.itemku.com/~partytown/proxytown
2026-05-20 10:51:16,431 [DEBUG] itemku: 📡 API: https://www.itemku.com/~partytown/proxytown
2026-05-20 10:51:16,441 [DEBUG] itemku: 📡 API: https://www.itemku.com/~partytown/proxytown
2026-05-20 10:51:16,447 [DEBUG] itemku: 📡 API: https://www.itemku.com/~partytown/proxytown
2026-05-20 10:51:16,456 [DEBUG] itemku: 📡 API: https://www.itemku.com/~partytown/proxytown
2026-05-20 10:51:16,461 [DEBUG] itemku: 📡 API: https://www.itemku.com/~partytown/proxytown
2026-05-20 10:51:16,471 [DEBUG] itemku: 📡 API: https://www.itemku.com/~partytown/proxytown
2026-05-20 10:51:16,484 [DEBUG] itemku: 📡 API: https://www.itemku.com/~partytown/proxytown
2026-05-20 10:51:16,485 [DEBUG] itemku: 📡 API: https://www.itemku.com/~partytown/proxytown
2026-05-20 10:51:16,491 [DEBUG] itemku: 📡 API: https://www.itemku.com/~partytown/proxytown
2026-05-20 10:51:16,495 [DEBUG] itemku: 📡 API: https://www.itemku.com/~partytown/proxytown
2026-05-20 10:51:16,501 [DEBUG] itemku: 📡 API: https://www.itemku.com/~partytown/proxytown
2026-05-20 10:51:16,501 [DEBUG] itemku: 📡 API: https://www.itemku.com/~partytown/proxytown
2026-05-20 10:51:16,508 [DEBUG] itemku: 📡 API: https://www.itemku.com/~partytown/proxytown
2026-05-20 10:51:16,515 [DEBUG] itemku: 📡 API: https://www.itemku.com/~partytown/proxytown
2026-05-20 10:51:16,520 [DEBUG] itemku: 📡 API: https://www.itemku.com/~partytown/proxytown
2026-05-20 10:51:16,524 [DEBUG] itemku: 📡 API: https://www.itemku.com/~partytown/proxytown
2026-05-20 10:51:48,440 [INFO] itemku: 💾 Simpan debug...
2026-05-20 10:51:50,171 [DEBUG] itemku: 📡 API: https://www.itemku.com/~partytown/proxytown
2026-05-20 10:51:50,183 [DEBUG] itemku: 📡 API: https://www.itemku.com/~partytown/proxytown
2026-05-20 10:51:50,798 [INFO] itemku: 📸 Screenshot tersimpan
2026-05-20 10:51:50,799 [INFO] itemku: 📡 API tertangkap: 618
2026-05-20 10:51:50,799 [INFO] itemku: ✅ Produk dari API: 13
2026-05-20 10:51:50,868 [INFO] itemku: 📦 Total produk: 13
2026-05-20 10:51:50,869 [DEBUG] itemku: ⏳ Delay 4.6s...
2026-05-20 10:51:55,423 [INFO] itemku: 
============================================================
2026-05-20 10:51:55,424 [INFO] itemku: 📂 KATEGORI: genshin-impact
2026-05-20 10:51:55,424 [INFO] itemku: ============================================================
2026-05-20 10:51:55,425 [INFO] itemku: 🔍 Scrape kategori:
2026-05-20 10:51:55,425 [INFO] itemku:    URL: https://www.itemku.com/c/genshin-impact
2026-05-20 10:52:25,534 [DEBUG] itemku: 📡 API: https://files.itemku.com/language/id.json
2026-05-20 10:52:25,809 [DEBUG] itemku: 📡 API: https://www.itemku.com/~partytown/proxytown
2026-05-20 10:52:25,818 [DEBUG] itemku: 📡 API: https://www.itemku.com/~partytown/proxytown
2026-05-20 10:52:25,828 [DEBUG] itemku: 📡 API: https://www.itemku.com/~partytown/proxytown
2026-05-20 10:52:25,841 [DEBUG] itemku: 📡 API: https://www.itemku.com/~partytown/proxytown
2026-05-20 10:52:25,849 [DEBUG] itemku: 📡 API: https://www.itemku.com/~partytown/proxytown
2026-05-20 10:52:25,857 [DEBUG] itemku: 📡 API: https://www.itemku.com/~partytown/proxytown
2026-05-20 10:52:25,865 [DEBUG] itemku: 📡 API: https://www.itemku.com/~partytown/proxytown
2026-05-20 10:52:25,867 [DEBUG] itemku: 📡 API: https://www.itemku.com/~partytown/proxytown
2026-05-20 10:52:25,883 [DEBUG] itemku: 📡 API: https://www.itemku.com/~partytown/proxytown
2026-05-20 10:52:25,893 [DEBUG] itemku: 📡 API: https://www.itemku.com/~partytown/proxytown
2026-05-20 10:52:25,893 [DEBUG] itemku: 📡 API: https://www.itemku.com/~partytown/proxytown
2026-05-20 10:52:25,895 [DEBUG] itemku: 📡 API: https://www.itemku.com/~partytown/proxytown
2026-05-20 10:52:25,974 [DEBUG] itemku: 📡 API: https://www.itemku.com/~partytown/proxytown
2026-05-20 10:52:25,976 [DEBUG] itemku: 📡 API: https://www.itemku.com/~partytown/proxytown
2026-05-20 10:52:26,026 [DEBUG] itemku: 📡 API: https://www.itemku.com/~partytown/proxytown
2026-05-20 10:52:26,030 [DEBUG] itemku: 📡 API: https://www.itemku.com/~partytown/proxytown
2026-05-20 10:52:26,036 [DEBUG] itemku: 📡 API: https://www.itemku.com/~partytown/proxytown
2026-05-20 10:52:26,038 [DEBUG] itemku: 📡 API: https://www.itemku.com/~partytown/proxytown
2026-05-20 10:52:26,164 [DEBUG] itemku: 📡 API: https://www.itemku.com/~partytown/proxytown
2026-05-20 10:52:26,174 [DEBUG] itemku: 📡 API: https://www.itemku.com/~partytown/proxytown
2026-05-20 10:52:26,187 [DEBUG] itemku: 📡 API: https://www.itemku.com/~partytown/proxytown
2026-05-20 10:52:26,196 [DEBUG] itemku: 📡 API: https://www.itemku.com/~partytown/proxytown
2026-05-20 10:52:26,207 [DEBUG] itemku: 📡 API: https://www.itemku.com/~partytown/proxytown
2026-05-20 10:52:26,216 [DEBUG] itemku: 📡 API: https://www.itemku.com/~partytown/proxytown
2026-05-20 10:52:26,222 [DEBUG] itemku: 📡 API: https://www.itemku.com/~partytown/proxytown
2026-05-20 10:52:26,229 [DEBUG] itemku: 📡 API: https://www.itemku.com/~partytown/proxytown
2026-05-20 10:52:26,236 [DEBUG] itemku: 📡 API: https://www.itemku.com/~partytown/proxytown
2026-05-20 10:52:26,239 [DEBUG] itemku: 📡 API: https://www.itemku.com/~partytown/proxytown
2026-05-20 10:52:26,244 [DEBUG] itemku: 📡 API: https://www.itemku.com/~partytown/proxytown
2026-05-20 10:52:26,254 [DEBUG] itemku: 📡 API: https://www.itemku.com/~partytown/proxytown
2026-05-20 10:52:26,262 [DEBUG] itemku: 📡 API: https://www.itemku.com/~partytown/proxytown
2026-05-20 10:52:26,262 [DEBUG] itemku: 📡 API: https://www.itemku.com/~partytown/proxytown
2026-05-20 10:52:26,264 [DEBUG] itemku: 📡 API: https://www.itemku.com/~partytown/proxytown
2026-05-20 10:52:26,271 [DEBUG] itemku: 📡 API: https://www.itemku.com/~partytown/proxytown
2026-05-20 10:52:26,272 [DEBUG] itemku: 📡 API: https://www.itemku.com/~partytown/proxytown
2026-05-20 10:52:26,282 [DEBUG] itemku: 📡 API: https://www.itemku.com/~partytown/proxytown
2026-05-20 10:52:26,286 [DEBUG] itemku: 📡 API: https://www.itemku.com/~partytown/proxytown
2026-05-20 10:52:26,289 [DEBUG] itemku: 📡 API: https://www.itemku.com/~partytown/proxytown
2026-05-20 10:52:26,294 [DEBUG] itemku: 📡 API: https://www.itemku.com/~partytown/proxytown
2026-05-20 10:52:26,302 [DEBUG] itemku: 📡 API: https://www.itemku.com/~partytown/proxytown
2026-05-20 10:52:26,302 [DEBUG] itemku: 📡 API: https://www.itemku.com/~partytown/proxytown
2026-05-20 10:52:26,307 [DEBUG] itemku: 📡 API: https://www.itemku.com/~partytown/proxytown
2026-05-20 10:52:26,307 [DEBUG] itemku: 📡 API: https://www.itemku.com/~partytown/proxytown
2026-05-20 10:52:26,310 [DEBUG] itemku: 📡 API: https://www.itemku.com/~partytown/proxytown
2026-05-20 10:52:26,315 [DEBUG] itemku: 📡 API: https://www.itemku.com/~partytown/proxytown
2026-05-20 10:52:26,318 [DEBUG] itemku: 📡 API: https://www.itemku.com/~partytown/proxytown
2026-05-20 10:52:26,322 [DEBUG] itemku: 📡 API: https://www.itemku.com/~partytown/proxytown
2026-05-20 10:52:26,326 [DEBUG] itemku: 📡 API: https://www.itemku.com/~partytown/proxytown
2026-05-20 10:52:26,334 [DEBUG] itemku: 📡 API: https://www.itemku.com/~partytown/proxytown
2026-05-20 10:52:26,339 [DEBUG] itemku: 📡 API: https://www.itemku.com/~partytown/proxytown
2026-05-20 10:52:26,343 [DEBUG] itemku: 📡 API: https://www.itemku.com/~partytown/proxytown
2026-05-20 10:52:26,348 [DEBUG] itemku: 📡 API: https://www.itemku.com/~partytown/proxytown
2026-05-20 10:52:26,353 [DEBUG] itemku: 📡 API: https://www.itemku.com/~partytown/proxytown
2026-05-20 10:52:26,360 [DEBUG] itemku: 📡 API: https://www.itemku.com/~partytown/proxytown
2026-05-20 10:52:26,361 [DEBUG] itemku: 📡 API: https://www.itemku.com/~partytown/proxytown
2026-05-20 10:52:26,365 [DEBUG] itemku: 📡 API: https://www.itemku.com/~partytown/proxytown
2026-05-20 10:52:26,372 [DEBUG] itemku: 📡 API: https://www.itemku.com/~partytown/proxytown
2026-05-20 10:52:26,378 [DEBUG] itemku: 📡 API: https://www.itemku.com/~partytown/proxytown
2026-05-20 10:52:26,378 [DEBUG] itemku: 📡 API: https://www.itemku.com/~partytown/proxytown
2026-05-20 10:52:26,381 [DEBUG] itemku: 📡 API: https://www.itemku.com/~partytown/proxytown
2026-05-20 10:52:26,385 [DEBUG] itemku: 📡 API: https://www.itemku.com/~partytown/proxytown
2026-05-20 10:52:26,389 [DEBUG] itemku: 📡 API: https://www.itemku.com/~partytown/proxytown
2026-05-20 10:52:26,395 [DEBUG] itemku: 📡 API: https://www.itemku.com/~partytown/proxytown
2026-05-20 10:52:26,399 [DEBUG] itemku: 📡 API: https://www.itemku.com/~partytown/proxytown
2026-05-20 10:52:26,403 [DEBUG] itemku: 📡 API: https://www.itemku.com/~partytown/proxytown
2026-05-20 10:52:26,414 [DEBUG] itemku: 📡 API: https://www.itemku.com/~partytown/proxytown
2026-05-20 10:52:26,418 [DEBUG] itemku: 📡 API: https://www.itemku.com/~partytown/proxytown
2026-05-20 10:52:26,422 [DEBUG] itemku: 📡 API: https://www.itemku.com/~partytown/proxytown
2026-05-20 10:52:26,428 [DEBUG] itemku: 📡 API: https://www.itemku.com/~partytown/proxytown
2026-05-20 10:52:26,431 [DEBUG] itemku: 📡 API: https://www.itemku.com/~partytown/proxytown
2026-05-20 10:52:26,436 [DEBUG] itemku: 📡 API: https://www.itemku.com/~partytown/proxytown
2026-05-20 10:52:26,442 [DEBUG] itemku: 📡 API: https://www.itemku.com/~partytown/proxytown
2026-05-20 10:52:26,445 [DEBUG] itemku: 📡 API: https://www.itemku.com/~partytown/proxytown
2026-05-20 10:52:26,449 [DEBUG] itemku: 📡 API: https://www.itemku.com/~partytown/proxytown
2026-05-20 10:52:26,451 [DEBUG] itemku: 📡 API: https://www.itemku.com/~partytown/proxytown
2026-05-20 10:52:26,452 [DEBUG] itemku: 📡 API: https://www.itemku.com/~partytown/proxytown
2026-05-20 10:52:26,501 [DEBUG] itemku: 📡 API: https://www.itemku.com/~partytown/proxytown
2026-05-20 10:52:26,507 [DEBUG] itemku: 📡 API: https://www.itemku.com/~partytown/proxytown
2026-05-20 10:52:26,508 [DEBUG] itemku: 📡 API: https://www.itemku.com/~partytown/proxytown
2026-05-20 10:52:26,520 [DEBUG] itemku: 📡 API: https://www.itemku.com/~partytown/proxytown
2026-05-20 10:52:26,526 [DEBUG] itemku: 📡 API: https://www.itemku.com/~partytown/proxytown
2026-05-20 10:52:26,531 [DEBUG] itemku: 📡 API: https://www.itemku.com/~partytown/proxytown
2026-05-20 10:52:26,536 [DEBUG] itemku: 📡 API: https://www.itemku.com/~partytown/proxytown
2026-05-20 10:52:26,544 [DEBUG] itemku: 📡 API: https://www.itemku.com/~partytown/proxytown
2026-05-20 10:52:26,549 [DEBUG] itemku: 📡 API: https://www.itemku.com/~partytown/proxytown
2026-05-20 10:52:26,551 [DEBUG] itemku: 📡 API: https://www.itemku.com/~partytown/proxytown
2026-05-20 10:52:26,558 [DEBUG] itemku: 📡 API: https://www.itemku.com/~partytown/proxytown
2026-05-20 10:52:26,564 [DEBUG] itemku: 📡 API: https://www.itemku.com/~partytown/proxytown
2026-05-20 10:52:26,568 [DEBUG] itemku: 📡 API: https://www.itemku.com/~partytown/proxytown
2026-05-20 10:52:26,573 [DEBUG] itemku: 📡 API: https://www.itemku.com/~partytown/proxytown
2026-05-20 10:52:26,578 [DEBUG] itemku: 📡 API: https://www.itemku.com/~partytown/proxytown
2026-05-20 10:52:26,580 [DEBUG] itemku: 📡 API: https://www.itemku.com/~partytown/proxytown
2026-05-20 10:52:26,585 [DEBUG] itemku: 📡 API: https://www.itemku.com/~partytown/proxytown
2026-05-20 10:52:26,589 [DEBUG] itemku: 📡 API: https://www.itemku.com/~partytown/proxytown
2026-05-20 10:52:26,594 [DEBUG] itemku: 📡 API: https://www.itemku.com/~partytown/proxytown
2026-05-20 10:52:26,599 [DEBUG] itemku: 📡 API: https://www.itemku.com/~partytown/proxytown
2026-05-20 10:52:26,606 [DEBUG] itemku: 📡 API: https://www.itemku.com/~partytown/proxytown
2026-05-20 10:52:26,606 [DEBUG] itemku: 📡 API: https://www.itemku.com/~partytown/proxytown
2026-05-20 10:52:26,609 [DEBUG] itemku: 📡 API: https://www.itemku.com/~partytown/proxytown
2026-05-20 10:52:26,614 [DEBUG] itemku: 📡 API: https://www.itemku.com/~partytown/proxytown
2026-05-20 10:52:26,617 [DEBUG] itemku: 📡 API: https://www.itemku.com/~partytown/proxytown
2026-05-20 10:52:26,622 [DEBUG] itemku: 📡 API: https://www.itemku.com/~partytown/proxytown
2026-05-20 10:52:26,629 [DEBUG] itemku: 📡 API: https://www.itemku.com/~partytown/proxytown
2026-05-20 10:52:26,629 [DEBUG] itemku: 📡 API: https://www.itemku.com/~partytown/proxytown
2026-05-20 10:52:26,633 [DEBUG] itemku: 📡 API: https://www.itemku.com/~partytown/proxytown
2026-05-20 10:52:26,636 [DEBUG] itemku: 📡 API: https://www.itemku.com/~partytown/proxytown
2026-05-20 10:52:26,640 [DEBUG] itemku: 📡 API: https://www.itemku.com/~partytown/proxytown
2026-05-20 10:52:26,643 [DEBUG] itemku: 📡 API: https://www.itemku.com/~partytown/proxytown
2026-05-20 10:52:26,647 [DEBUG] itemku: 📡 API: https://www.itemku.com/~partytown/proxytown
2026-05-20 10:52:26,653 [DEBUG] itemku: 📡 API: https://www.itemku.com/~partytown/proxytown
2026-05-20 10:52:26,659 [DEBUG] itemku: 📡 API: https://www.itemku.com/~partytown/proxytown
2026-05-20 10:52:26,666 [DEBUG] itemku: 📡 API: https://www.itemku.com/~partytown/proxytown
2026-05-20 10:52:26,671 [DEBUG] itemku: 📡 API: https://www.itemku.com/~partytown/proxytown
2026-05-20 10:52:26,671 [DEBUG] itemku: 📡 API: https://www.itemku.com/~partytown/proxytown
2026-05-20 10:52:26,674 [DEBUG] itemku: 📡 API: https://www.itemku.com/~partytown/proxytown
2026-05-20 10:52:26,679 [DEBUG] itemku: 📡 API: https://www.itemku.com/~partytown/proxytown
2026-05-20 10:52:26,683 [DEBUG] itemku: 📡 API: https://www.itemku.com/~partytown/proxytown
2026-05-20 10:52:26,691 [DEBUG] itemku: 📡 API: https://www.itemku.com/~partytown/proxytown
2026-05-20 10:52:26,691 [DEBUG] itemku: 📡 API: https://www.itemku.com/~partytown/proxytown
2026-05-20 10:52:26,694 [DEBUG] itemku: 📡 API: https://www.itemku.com/~partytown/proxytown
2026-05-20 10:52:26,697 [DEBUG] itemku: 📡 API: https://www.itemku.com/~partytown/proxytown
2026-05-20 10:52:26,700 [DEBUG] itemku: 📡 API: https://www.itemku.com/~partytown/proxytown
2026-05-20 10:52:26,703 [DEBUG] itemku: 📡 API: https://www.itemku.com/~partytown/proxytown
2026-05-20 10:52:26,707 [DEBUG] itemku: 📡 API: https://www.itemku.com/~partytown/proxytown
2026-05-20 10:52:26,712 [DEBUG] itemku: 📡 API: https://www.itemku.com/~partytown/proxytown
2026-05-20 10:52:26,717 [DEBUG] itemku: 📡 API: https://www.itemku.com/~partytown/proxytown
2026-05-20 10:52:26,717 [DEBUG] itemku: 📡 API: https://www.itemku.com/~partytown/proxytown
2026-05-20 10:52:26,721 [DEBUG] itemku: 📡 API: https://www.itemku.com/~partytown/proxytown
2026-05-20 10:52:26,725 [DEBUG] itemku: 📡 API: https://www.itemku.com/~partytown/proxytown
2026-05-20 10:52:26,732 [DEBUG] itemku: 📡 API: https://www.itemku.com/~partytown/proxytown
2026-05-20 10:52:26,732 [DEBUG] itemku: 📡 API: https://www.itemku.com/~partytown/proxytown
2026-05-20 10:52:26,740 [DEBUG] itemku: 📡 API: https://www.itemku.com/~partytown/proxytown
2026-05-20 10:52:26,740 [DEBUG] itemku: 📡 API: https://www.itemku.com/~partytown/proxytown
2026-05-20 10:52:26,744 [DEBUG] itemku: 📡 API: https://www.itemku.com/~partytown/proxytown
2026-05-20 10:52:26,747 [DEBUG] itemku: 📡 API: https://www.itemku.com/~partytown/proxytown
2026-05-20 10:52:26,747 [DEBUG] itemku: 📡 API: https://www.itemku.com/~partytown/proxytown
2026-05-20 10:52:26,757 [DEBUG] itemku: 📡 API: https://www.itemku.com/~partytown/proxytown
2026-05-20 10:52:26,762 [DEBUG] itemku: 📡 API: https://www.itemku.com/~partytown/proxytown
2026-05-20 10:52:26,766 [DEBUG] itemku: 📡 API: https://www.itemku.com/~partytown/proxytown
2026-05-20 10:52:26,770 [DEBUG] itemku: 📡 API: https://www.itemku.com/~partytown/proxytown
2026-05-20 10:52:26,774 [DEBUG] itemku: 📡 API: https://www.itemku.com/~partytown/proxytown
2026-05-20 10:52:26,778 [DEBUG] itemku: 📡 API: https://www.itemku.com/~partytown/proxytown
2026-05-20 10:52:26,782 [DEBUG] itemku: 📡 API: https://www.itemku.com/~partytown/proxytown
2026-05-20 10:52:26,785 [DEBUG] itemku: 📡 API: https://www.itemku.com/~partytown/proxytown
2026-05-20 10:52:26,789 [DEBUG] itemku: 📡 API: https://www.itemku.com/~partytown/proxytown
2026-05-20 10:52:26,792 [DEBUG] itemku: 📡 API: https://www.itemku.com/~partytown/proxytown
2026-05-20 10:52:26,796 [DEBUG] itemku: 📡 API: https://www.itemku.com/~partytown/proxytown
2026-05-20 10:52:26,799 [DEBUG] itemku: 📡 API: https://www.itemku.com/~partytown/proxytown
2026-05-20 10:52:26,802 [DEBUG] itemku: 📡 API: https://www.itemku.com/~partytown/proxytown
2026-05-20 10:52:26,806 [DEBUG] itemku: 📡 API: https://www.itemku.com/~partytown/proxytown
2026-05-20 10:52:26,809 [DEBUG] itemku: 📡 API: https://www.itemku.com/~partytown/proxytown
2026-05-20 10:52:26,813 [DEBUG] itemku: 📡 API: https://www.itemku.com/~partytown/proxytown
2026-05-20 10:52:26,816 [DEBUG] itemku: 📡 API: https://www.itemku.com/~partytown/proxytown
2026-05-20 10:52:26,820 [DEBUG] itemku: 📡 API: https://www.itemku.com/~partytown/proxytown
2026-05-20 10:52:26,824 [DEBUG] itemku: 📡 API: https://www.itemku.com/~partytown/proxytown
2026-05-20 10:52:26,828 [DEBUG] itemku: 📡 API: https://www.itemku.com/~partytown/proxytown
2026-05-20 10:52:26,831 [DEBUG] itemku: 📡 API: https://www.itemku.com/~partytown/proxytown
2026-05-20 10:52:26,835 [DEBUG] itemku: 📡 API: https://www.itemku.com/~partytown/proxytown
2026-05-20 10:52:26,838 [DEBUG] itemku: 📡 API: https://www.itemku.com/~partytown/proxytown
2026-05-20 10:52:26,843 [DEBUG] itemku: 📡 API: https://www.itemku.com/~partytown/proxytown
2026-05-20 10:52:26,846 [DEBUG] itemku: 📡 API: https://www.itemku.com/~partytown/proxytown
2026-05-20 10:52:26,849 [DEBUG] itemku: 📡 API: https://www.itemku.com/~partytown/proxytown
2026-05-20 10:52:26,853 [DEBUG] itemku: 📡 API: https://www.itemku.com/~partytown/proxytown
2026-05-20 10:52:26,857 [DEBUG] itemku: 📡 API: https://www.itemku.com/~partytown/proxytown
2026-05-20 10:52:26,860 [DEBUG] itemku: 📡 API: https://www.itemku.com/~partytown/proxytown
2026-05-20 10:52:26,864 [DEBUG] itemku: 📡 API: https://www.itemku.com/~partytown/proxytown
2026-05-20 10:52:26,866 [DEBUG] itemku: 📡 API: https://www.itemku.com/~partytown/proxytown
2026-05-20 10:52:26,870 [DEBUG] itemku: 📡 API: https://www.itemku.com/~partytown/proxytown
2026-05-20 10:52:26,875 [DEBUG] itemku: 📡 API: https://www.itemku.com/~partytown/proxytown
2026-05-20 10:52:26,878 [DEBUG] itemku: 📡 API: https://www.itemku.com/~partytown/proxytown
2026-05-20 10:52:26,879 [DEBUG] itemku: 📡 API: https://www.itemku.com/~partytown/proxytown
2026-05-20 10:52:26,895 [DEBUG] itemku: 📡 API: https://www.itemku.com/~partytown/proxytown
2026-05-20 10:52:26,899 [DEBUG] itemku: 📡 API: https://www.itemku.com/~partytown/proxytown
2026-05-20 10:52:26,902 [DEBUG] itemku: 📡 API: https://www.itemku.com/~partytown/proxytown
2026-05-20 10:52:26,905 [DEBUG] itemku: 📡 API: https://www.itemku.com/~partytown/proxytown
2026-05-20 10:52:26,909 [DEBUG] itemku: 📡 API: https://www.itemku.com/~partytown/proxytown
2026-05-20 10:52:26,913 [DEBUG] itemku: 📡 API: https://www.itemku.com/~partytown/proxytown
2026-05-20 10:52:26,919 [DEBUG] itemku: 📡 API: https://www.itemku.com/~partytown/proxytown
2026-05-20 10:52:26,920 [DEBUG] itemku: 📡 API: https://www.itemku.com/~partytown/proxytown
2026-05-20 10:52:26,926 [DEBUG] itemku: 📡 API: https://www.itemku.com/~partytown/proxytown
2026-05-20 10:52:26,926 [DEBUG] itemku: 📡 API: https://www.itemku.com/~partytown/proxytown
2026-05-20 10:52:26,932 [DEBUG] itemku: 📡 API: https://www.itemku.com/~partytown/proxytown
2026-05-20 10:52:26,932 [DEBUG] itemku: 📡 API: https://www.itemku.com/~partytown/proxytown
2026-05-20 10:52:26,935 [DEBUG] itemku: 📡 API: https://www.itemku.com/~partytown/proxytown
2026-05-20 10:52:26,939 [DEBUG] itemku: 📡 API: https://www.itemku.com/~partytown/proxytown
2026-05-20 10:52:26,943 [DEBUG] itemku: 📡 API: https://www.itemku.com/~partytown/proxytown
2026-05-20 10:52:26,947 [DEBUG] itemku: 📡 API: https://www.itemku.com/~partytown/proxytown
2026-05-20 10:52:26,954 [DEBUG] itemku: 📡 API: https://www.itemku.com/~partytown/proxytown
2026-05-20 10:52:26,954 [DEBUG] itemku: 📡 API: https://www.itemku.com/~partytown/proxytown
2026-05-20 10:52:26,957 [DEBUG] itemku: 📡 API: https://www.itemku.com/~partytown/proxytown
2026-05-20 10:52:26,962 [DEBUG] itemku: 📡 API: https://www.itemku.com/~partytown/proxytown
2026-05-20 10:52:26,967 [DEBUG] itemku: 📡 API: https://www.itemku.com/~partytown/proxytown
2026-05-20 10:52:26,971 [DEBUG] itemku: 📡 API: https://www.itemku.com/~partytown/proxytown
2026-05-20 10:52:26,976 [DEBUG] itemku: 📡 API: https://www.itemku.com/~partytown/proxytown
2026-05-20 10:52:26,981 [DEBUG] itemku: 📡 API: https://www.itemku.com/~partytown/proxytown
2026-05-20 10:52:26,985 [DEBUG] itemku: 📡 API: https://www.itemku.com/~partytown/proxytown
2026-05-20 10:52:26,991 [DEBUG] itemku: 📡 API: https://www.itemku.com/~partytown/proxytown
2026-05-20 10:52:26,997 [DEBUG] itemku: 📡 API: https://www.itemku.com/~partytown/proxytown
2026-05-20 10:52:26,998 [DEBUG] itemku: 📡 API: https://www.itemku.com/~partytown/proxytown
2026-05-20 10:52:27,002 [DEBUG] itemku: 📡 API: https://www.itemku.com/~partytown/proxytown
2026-05-20 10:52:27,006 [DEBUG] itemku: 📡 API: https://www.itemku.com/~partytown/proxytown
2026-05-20 10:52:27,011 [DEBUG] itemku: 📡 API: https://www.itemku.com/~partytown/proxytown
2026-05-20 10:52:27,015 [DEBUG] itemku: 📡 API: https://www.itemku.com/~partytown/proxytown
2026-05-20 10:52:27,020 [DEBUG] itemku: 📡 API: https://www.itemku.com/~partytown/proxytown
2026-05-20 10:52:27,028 [DEBUG] itemku: 📡 API: https://www.itemku.com/~partytown/proxytown
2026-05-20 10:52:27,028 [DEBUG] itemku: 📡 API: https://www.itemku.com/~partytown/proxytown
2026-05-20 10:52:27,032 [DEBUG] itemku: 📡 API: https://www.itemku.com/~partytown/proxytown
2026-05-20 10:52:27,037 [DEBUG] itemku: 📡 API: https://www.itemku.com/~partytown/proxytown
2026-05-20 10:52:27,041 [DEBUG] itemku: 📡 API: https://www.itemku.com/~partytown/proxytown
2026-05-20 10:52:27,046 [DEBUG] itemku: 📡 API: https://www.itemku.com/~partytown/proxytown
2026-05-20 10:52:27,050 [DEBUG] itemku: 📡 API: https://www.itemku.com/~partytown/proxytown
2026-05-20 10:52:27,053 [DEBUG] itemku: 📡 API: https://www.itemku.com/~partytown/proxytown
2026-05-20 10:52:27,059 [DEBUG] itemku: 📡 API: https://www.itemku.com/~partytown/proxytown
2026-05-20 10:52:27,070 [DEBUG] itemku: 📡 API: https://www.itemku.com/~partytown/proxytown
2026-05-20 10:52:27,078 [DEBUG] itemku: 📡 API: https://www.itemku.com/~partytown/proxytown
2026-05-20 10:52:27,084 [DEBUG] itemku: 📡 API: https://www.itemku.com/~partytown/proxytown
2026-05-20 10:52:27,085 [DEBUG] itemku: 📡 API: https://www.itemku.com/~partytown/proxytown
2026-05-20 10:52:27,093 [DEBUG] itemku: 📡 API: https://www.itemku.com/~partytown/proxytown
2026-05-20 10:52:27,097 [DEBUG] itemku: 📡 API: https://www.itemku.com/~partytown/proxytown
2026-05-20 10:52:27,098 [DEBUG] itemku: 📡 API: https://www.itemku.com/~partytown/proxytown
2026-05-20 10:52:27,105 [DEBUG] itemku: 📡 API: https://www.itemku.com/~partytown/proxytown
2026-05-20 10:52:27,109 [DEBUG] itemku: 📡 API: https://www.itemku.com/~partytown/proxytown
2026-05-20 10:52:27,109 [DEBUG] itemku: 📡 API: https://www.itemku.com/~partytown/proxytown
2026-05-20 10:52:27,114 [DEBUG] itemku: 📡 API: https://www.itemku.com/~partytown/proxytown
2026-05-20 10:52:27,119 [DEBUG] itemku: 📡 API: https://www.itemku.com/~partytown/proxytown
2026-05-20 10:52:27,125 [DEBUG] itemku: 📡 API: https://www.itemku.com/~partytown/proxytown
2026-05-20 10:52:27,129 [DEBUG] itemku: 📡 API: https://www.itemku.com/~partytown/proxytown
2026-05-20 10:52:27,132 [DEBUG] itemku: 📡 API: https://www.itemku.com/~partytown/proxytown
2026-05-20 10:52:34,957 [DEBUG] itemku: 📡 API: https://www.itemku.com/_next/data/ox5kkx6ecmuea2igmr6vx/c/tipe-produk.json
2026-05-20 10:52:40,151 [DEBUG] itemku: 📡 API: https://www.itemku.com/~partytown/proxytown
2026-05-20 10:52:40,151 [DEBUG] itemku: 📡 API: https://www.itemku.com/~partytown/proxytown
2026-05-20 10:52:40,160 [DEBUG] itemku: 📡 API: https://www.itemku.com/~partytown/proxytown
2026-05-20 10:52:40,167 [DEBUG] itemku: 📡 API: https://www.itemku.com/~partytown/proxytown
2026-05-20 10:52:40,167 [DEBUG] itemku: 📡 API: https://www.itemku.com/~partytown/proxytown
2026-05-20 10:52:40,177 [DEBUG] itemku: 📡 API: https://www.itemku.com/~partytown/proxytown
2026-05-20 10:52:40,182 [DEBUG] itemku: 📡 API: https://www.itemku.com/~partytown/proxytown
2026-05-20 10:52:40,189 [DEBUG] itemku: 📡 API: https://www.itemku.com/~partytown/proxytown
2026-05-20 10:52:40,189 [DEBUG] itemku: 📡 API: https://www.itemku.com/~partytown/proxytown
2026-05-20 10:52:40,197 [DEBUG] itemku: 📡 API: https://www.itemku.com/~partytown/proxytown
2026-05-20 10:52:40,208 [DEBUG] itemku: 📡 API: https://www.itemku.com/~partytown/proxytown
2026-05-20 10:52:40,208 [DEBUG] itemku: 📡 API: https://www.itemku.com/~partytown/proxytown
2026-05-20 10:52:40,214 [DEBUG] itemku: 📡 API: https://www.itemku.com/~partytown/proxytown
2026-05-20 10:52:40,217 [DEBUG] itemku: 📡 API: https://www.itemku.com/~partytown/proxytown
2026-05-20 10:52:40,217 [DEBUG] itemku: 📡 API: https://www.itemku.com/~partytown/proxytown
2026-05-20 10:52:40,221 [DEBUG] itemku: 📡 API: https://www.itemku.com/~partytown/proxytown
2026-05-20 10:52:40,225 [DEBUG] itemku: 📡 API: https://www.itemku.com/~partytown/proxytown
2026-05-20 10:52:40,229 [DEBUG] itemku: 📡 API: https://www.itemku.com/~partytown/proxytown
2026-05-20 10:52:40,233 [DEBUG] itemku: 📡 API: https://www.itemku.com/~partytown/proxytown
2026-05-20 10:52:40,236 [DEBUG] itemku: 📡 API: https://www.itemku.com/~partytown/proxytown
2026-05-20 10:52:40,241 [DEBUG] itemku: 📡 API: https://www.itemku.com/~partytown/proxytown
2026-05-20 10:52:40,245 [DEBUG] itemku: 📡 API: https://www.itemku.com/~partytown/proxytown
2026-05-20 10:52:40,251 [DEBUG] itemku: 📡 API: https://www.itemku.com/~partytown/proxytown
2026-05-20 10:52:40,253 [DEBUG] itemku: 📡 API: https://www.itemku.com/~partytown/proxytown
2026-05-20 10:52:40,259 [DEBUG] itemku: 📡 API: https://www.itemku.com/~partytown/proxytown
2026-05-20 10:52:40,259 [DEBUG] itemku: 📡 API: https://www.itemku.com/~partytown/proxytown
2026-05-20 10:52:40,264 [DEBUG] itemku: 📡 API: https://www.itemku.com/~partytown/proxytown
2026-05-20 10:52:40,268 [DEBUG] itemku: 📡 API: https://www.itemku.com/~partytown/proxytown
2026-05-20 10:52:40,268 [DEBUG] itemku: 📡 API: https://www.itemku.com/~partytown/proxytown
2026-05-20 10:52:40,271 [DEBUG] itemku: 📡 API: https://www.itemku.com/~partytown/proxytown
2026-05-20 10:52:40,277 [DEBUG] itemku: 📡 API: https://www.itemku.com/~partytown/proxytown
2026-05-20 10:52:40,284 [DEBUG] itemku: 📡 API: https://www.itemku.com/~partytown/proxytown
2026-05-20 10:52:40,286 [DEBUG] itemku: 📡 API: https://www.itemku.com/~partytown/proxytown
2026-05-20 10:52:40,289 [DEBUG] itemku: 📡 API: https://www.itemku.com/~partytown/proxytown
2026-05-20 10:52:40,289 [DEBUG] itemku: 📡 API: https://www.itemku.com/~partytown/proxytown
2026-05-20 10:52:40,295 [DEBUG] itemku: 📡 API: https://www.itemku.com/~partytown/proxytown
2026-05-20 10:52:40,302 [DEBUG] itemku: 📡 API: https://www.itemku.com/~partytown/proxytown
2026-05-20 10:52:40,305 [DEBUG] itemku: 📡 API: https://www.itemku.com/~partytown/proxytown
2026-05-20 10:52:40,308 [DEBUG] itemku: 📡 API: https://www.itemku.com/~partytown/proxytown
2026-05-20 10:52:40,309 [DEBUG] itemku: 📡 API: https://www.itemku.com/~partytown/proxytown
2026-05-20 10:52:40,312 [DEBUG] itemku: 📡 API: https://www.itemku.com/~partytown/proxytown
2026-05-20 10:52:40,316 [DEBUG] itemku: 📡 API: https://www.itemku.com/~partytown/proxytown
2026-05-20 10:52:40,323 [DEBUG] itemku: 📡 API: https://www.itemku.com/~partytown/proxytown
2026-05-20 10:52:40,323 [DEBUG] itemku: 📡 API: https://www.itemku.com/~partytown/proxytown
2026-05-20 10:52:40,327 [DEBUG] itemku: 📡 API: https://www.itemku.com/~partytown/proxytown
2026-05-20 10:52:40,330 [DEBUG] itemku: 📡 API: https://www.itemku.com/~partytown/proxytown
2026-05-20 10:52:40,334 [DEBUG] itemku: 📡 API: https://www.itemku.com/~partytown/proxytown
2026-05-20 10:52:40,338 [DEBUG] itemku: 📡 API: https://www.itemku.com/~partytown/proxytown
2026-05-20 10:52:40,341 [DEBUG] itemku: 📡 API: https://www.itemku.com/~partytown/proxytown
2026-05-20 10:52:40,345 [DEBUG] itemku: 📡 API: https://www.itemku.com/~partytown/proxytown
2026-05-20 10:52:40,349 [DEBUG] itemku: 📡 API: https://www.itemku.com/~partytown/proxytown
2026-05-20 10:52:40,352 [DEBUG] itemku: 📡 API: https://www.itemku.com/~partytown/proxytown
2026-05-20 10:52:40,357 [DEBUG] itemku: 📡 API: https://www.itemku.com/~partytown/proxytown
2026-05-20 10:52:40,364 [DEBUG] itemku: 📡 API: https://www.itemku.com/~partytown/proxytown
2026-05-20 10:52:40,364 [DEBUG] itemku: 📡 API: https://www.itemku.com/~partytown/proxytown
2026-05-20 10:52:40,369 [DEBUG] itemku: 📡 API: https://www.itemku.com/~partytown/proxytown
2026-05-20 10:52:40,373 [DEBUG] itemku: 📡 API: https://www.itemku.com/~partytown/proxytown
2026-05-20 10:52:40,376 [DEBUG] itemku: 📡 API: https://www.itemku.com/~partytown/proxytown
2026-05-20 10:52:40,380 [DEBUG] itemku: 📡 API: https://www.itemku.com/~partytown/proxytown
2026-05-20 10:52:40,384 [DEBUG] itemku: 📡 API: https://www.itemku.com/~partytown/proxytown
2026-05-20 10:52:40,391 [DEBUG] itemku: 📡 API: https://www.itemku.com/~partytown/proxytown
2026-05-20 10:52:40,395 [DEBUG] itemku: 📡 API: https://www.itemku.com/~partytown/proxytown
2026-05-20 10:52:40,405 [DEBUG] itemku: 📡 API: https://www.itemku.com/~partytown/proxytown
2026-05-20 10:52:40,405 [DEBUG] itemku: 📡 API: https://www.itemku.com/~partytown/proxytown
2026-05-20 10:52:40,412 [DEBUG] itemku: 📡 API: https://www.itemku.com/~partytown/proxytown
2026-05-20 10:52:40,412 [DEBUG] itemku: 📡 API: https://www.itemku.com/~partytown/proxytown
2026-05-20 10:52:40,418 [DEBUG] itemku: 📡 API: https://www.itemku.com/~partytown/proxytown
2026-05-20 10:52:40,422 [DEBUG] itemku: 📡 API: https://www.itemku.com/~partytown/proxytown
2026-05-20 10:52:40,426 [DEBUG] itemku: 📡 API: https://www.itemku.com/~partytown/proxytown
2026-05-20 10:52:40,431 [DEBUG] itemku: 📡 API: https://www.itemku.com/~partytown/proxytown
2026-05-20 10:52:40,436 [DEBUG] itemku: 📡 API: https://www.itemku.com/~partytown/proxytown
2026-05-20 10:52:40,440 [DEBUG] itemku: 📡 API: https://www.itemku.com/~partytown/proxytown
2026-05-20 10:52:40,445 [DEBUG] itemku: 📡 API: https://www.itemku.com/~partytown/proxytown
2026-05-20 10:52:40,450 [DEBUG] itemku: 📡 API: https://www.itemku.com/~partytown/proxytown
2026-05-20 10:52:40,455 [DEBUG] itemku: 📡 API: https://www.itemku.com/~partytown/proxytown
2026-05-20 10:52:40,458 [DEBUG] itemku: 📡 API: https://www.itemku.com/~partytown/proxytown
2026-05-20 10:52:40,464 [DEBUG] itemku: 📡 API: https://www.itemku.com/~partytown/proxytown
2026-05-20 10:52:40,470 [DEBUG] itemku: 📡 API: https://www.itemku.com/~partytown/proxytown
2026-05-20 10:52:40,470 [DEBUG] itemku: 📡 API: https://www.itemku.com/~partytown/proxytown
2026-05-20 10:52:40,477 [DEBUG] itemku: 📡 API: https://www.itemku.com/~partytown/proxytown
2026-05-20 10:52:40,484 [DEBUG] itemku: 📡 API: https://www.itemku.com/~partytown/proxytown
2026-05-20 10:52:40,487 [DEBUG] itemku: 📡 API: https://www.itemku.com/~partytown/proxytown
2026-05-20 10:52:40,489 [DEBUG] itemku: 📡 API: https://www.itemku.com/~partytown/proxytown
2026-05-20 10:52:40,496 [DEBUG] itemku: 📡 API: https://www.itemku.com/~partytown/proxytown
2026-05-20 10:52:40,496 [DEBUG] itemku: 📡 API: https://www.itemku.com/~partytown/proxytown
2026-05-20 10:52:40,501 [DEBUG] itemku: 📡 API: https://www.itemku.com/~partytown/proxytown
2026-05-20 10:52:40,502 [DEBUG] itemku: 📡 API: https://www.itemku.com/~partytown/proxytown
2026-05-20 10:52:40,507 [DEBUG] itemku: 📡 API: https://www.itemku.com/~partytown/proxytown
2026-05-20 10:52:40,510 [DEBUG] itemku: 📡 API: https://www.itemku.com/~partytown/proxytown
2026-05-20 10:52:40,516 [DEBUG] itemku: 📡 API: https://www.itemku.com/~partytown/proxytown
2026-05-20 10:52:40,520 [DEBUG] itemku: 📡 API: https://www.itemku.com/~partytown/proxytown
2026-05-20 10:52:40,523 [DEBUG] itemku: 📡 API: https://www.itemku.com/~partytown/proxytown
2026-05-20 10:52:42,350 [INFO] itemku: 📜 Scroll halaman...
2026-05-20 10:52:42,763 [DEBUG] itemku: 📡 API: https://files.itemku.com/language/id.json
2026-05-20 10:52:48,038 [DEBUG] itemku: 📡 API: https://api-gateway.itemku.com/v1/expansion-country?sort=sequence
2026-05-20 10:52:48,049 [DEBUG] itemku: 📡 API: https://api-gateway.itemku.com/v1/currency/detail
2026-05-20 10:52:48,053 [DEBUG] itemku: 📡 API: https://api-gateway.itemku.com/v1/metadata/icon-placeholder-mobile-payment
2026-05-20 10:52:51,925 [DEBUG] itemku: 📡 API: https://api-gateway.itemku.com/v1/product/game-category-popular?per_page=50&is_exclude_empty_game_category_lists=1&country_codes[]=id&type=1&usecache=false&is_category_v2=true&is_exclusive=false
2026-05-20 10:52:51,926 [DEBUG] itemku: 📡 API: https://api-gateway.itemku.com/v1/product/game-list?per_page=5&sort=latest&country_codes[]=id&utm_src=csr_c2c&is_exclusive=false
2026-05-20 10:52:51,936 [DEBUG] itemku: 📡 API: https://api-gateway.itemku.com/v1/user-location
2026-05-20 10:53:19,048 [DEBUG] itemku: 📡 API: https://script.crazyegg.com/pages/data-scripts/0113/7987/site/www.itemku.com.json?t=1
2026-05-20 10:53:19,918 [DEBUG] itemku: 📡 API: https://script.crazyegg.com/pages/data-scripts/0113/7987/sampling/www.itemku.com.json?t=1
2026-05-20 10:53:22,992 [INFO] itemku: 💾 Simpan debug...
2026-05-20 10:53:24,367 [INFO] itemku: 📸 Screenshot tersimpan
2026-05-20 10:53:24,368 [INFO] itemku: 📡 API tertangkap: 331
2026-05-20 10:53:24,374 [INFO] itemku: ✅ Produk dari API: 13
2026-05-20 10:53:24,411 [INFO] itemku: 📦 Total produk: 13
2026-05-20 10:53:24,411 [DEBUG] itemku: ⏳ Delay 2.4s...
2026-05-20 10:53:26,857 [INFO] itemku: 
============================================================
2026-05-20 10:53:26,858 [INFO] itemku: 📂 KATEGORI: valorant
2026-05-20 10:53:26,859 [INFO] itemku: ============================================================
2026-05-20 10:53:26,859 [INFO] itemku: 🔍 Scrape kategori:
2026-05-20 10:53:26,860 [INFO] itemku:    URL: https://www.itemku.com/c/valorant
2026-05-20 10:53:31,651 [DEBUG] itemku: 📡 API: https://files.itemku.com/language/id.json
2026-05-20 10:53:31,900 [DEBUG] itemku: 📡 API: https://www.itemku.com/~partytown/proxytown
2026-05-20 10:53:31,904 [DEBUG] itemku: 📡 API: https://www.itemku.com/~partytown/proxytown
2026-05-20 10:53:31,905 [DEBUG] itemku: 📡 API: https://www.itemku.com/~partytown/proxytown
2026-05-20 10:53:31,912 [DEBUG] itemku: 📡 API: https://www.itemku.com/~partytown/proxytown
2026-05-20 10:53:31,919 [DEBUG] itemku: 📡 API: https://www.itemku.com/~partytown/proxytown
2026-05-20 10:53:31,921 [DEBUG] itemku: 📡 API: https://www.itemku.com/~partytown/proxytown
2026-05-20 10:53:31,921 [DEBUG] itemku: 📡 API: https://www.itemku.com/~partytown/proxytown
2026-05-20 10:53:31,930 [DEBUG] itemku: 📡 API: https://www.itemku.com/~partytown/proxytown
2026-05-20 10:53:31,936 [DEBUG] itemku: 📡 API: https://www.itemku.com/~partytown/proxytown
2026-05-20 10:53:31,939 [DEBUG] itemku: 📡 API: https://www.itemku.com/~partytown/proxytown
2026-05-20 10:53:31,940 [DEBUG] itemku: 📡 API: https://www.itemku.com/~partytown/proxytown
2026-05-20 10:53:31,940 [DEBUG] itemku: 📡 API: https://www.itemku.com/~partytown/proxytown
2026-05-20 10:53:32,045 [DEBUG] itemku: 📡 API: https://www.itemku.com/~partytown/proxytown
2026-05-20 10:53:32,046 [DEBUG] itemku: 📡 API: https://www.itemku.com/~partytown/proxytown
2026-05-20 10:53:32,084 [DEBUG] itemku: 📡 API: https://www.itemku.com/~partytown/proxytown
2026-05-20 10:53:32,092 [DEBUG] itemku: 📡 API: https://www.itemku.com/~partytown/proxytown
2026-05-20 10:53:32,100 [DEBUG] itemku: 📡 API: https://www.itemku.com/~partytown/proxytown
2026-05-20 10:53:32,128 [DEBUG] itemku: 📡 API: https://www.itemku.com/~partytown/proxytown
2026-05-20 10:53:32,250 [DEBUG] itemku: 📡 API: https://www.itemku.com/~partytown/proxytown
2026-05-20 10:53:32,258 [DEBUG] itemku: 📡 API: https://www.itemku.com/~partytown/proxytown
2026-05-20 10:53:32,267 [DEBUG] itemku: 📡 API: https://www.itemku.com/~partytown/proxytown
2026-05-20 10:53:32,277 [DEBUG] itemku: 📡 API: https://www.itemku.com/~partytown/proxytown
2026-05-20 10:53:32,290 [DEBUG] itemku: 📡 API: https://www.itemku.com/~partytown/proxytown
2026-05-20 10:53:32,302 [DEBUG] itemku: 📡 API: https://www.itemku.com/~partytown/proxytown
2026-05-20 10:53:32,311 [DEBUG] itemku: 📡 API: https://www.itemku.com/~partytown/proxytown
2026-05-20 10:53:32,321 [DEBUG] itemku: 📡 API: https://www.itemku.com/~partytown/proxytown
2026-05-20 10:53:32,330 [DEBUG] itemku: 📡 API: https://www.itemku.com/~partytown/proxytown
2026-05-20 10:53:32,336 [DEBUG] itemku: 📡 API: https://www.itemku.com/~partytown/proxytown
2026-05-20 10:53:32,346 [DEBUG] itemku: 📡 API: https://www.itemku.com/~partytown/proxytown
2026-05-20 10:53:32,347 [DEBUG] itemku: 📡 API: https://www.itemku.com/~partytown/proxytown
2026-05-20 10:53:32,354 [DEBUG] itemku: 📡 API: https://www.itemku.com/~partytown/proxytown
2026-05-20 10:53:32,354 [DEBUG] itemku: 📡 API: https://www.itemku.com/~partytown/proxytown
2026-05-20 10:53:32,360 [DEBUG] itemku: 📡 API: https://www.itemku.com/~partytown/proxytown
2026-05-20 10:53:32,367 [DEBUG] itemku: 📡 API: https://www.itemku.com/~partytown/proxytown
2026-05-20 10:53:32,368 [DEBUG] itemku: 📡 API: https://www.itemku.com/~partytown/proxytown
2026-05-20 10:53:32,381 [DEBUG] itemku: 📡 API: https://www.itemku.com/~partytown/proxytown
2026-05-20 10:53:32,386 [DEBUG] itemku: 📡 API: https://www.itemku.com/~partytown/proxytown
2026-05-20 10:53:32,391 [DEBUG] itemku: 📡 API: https://www.itemku.com/~partytown/proxytown
2026-05-20 10:53:32,398 [DEBUG] itemku: 📡 API: https://www.itemku.com/~partytown/proxytown
2026-05-20 10:53:32,405 [DEBUG] itemku: 📡 API: https://www.itemku.com/~partytown/proxytown
2026-05-20 10:53:32,411 [DEBUG] itemku: 📡 API: https://www.itemku.com/~partytown/proxytown
2026-05-20 10:53:32,416 [DEBUG] itemku: 📡 API: https://www.itemku.com/~partytown/proxytown
2026-05-20 10:53:32,422 [DEBUG] itemku: 📡 API: https://www.itemku.com/~partytown/proxytown
2026-05-20 10:53:32,428 [DEBUG] itemku: 📡 API: https://www.itemku.com/~partytown/proxytown
2026-05-20 10:53:32,435 [DEBUG] itemku: 📡 API: https://www.itemku.com/~partytown/proxytown
2026-05-20 10:53:32,441 [DEBUG] itemku: 📡 API: https://www.itemku.com/~partytown/proxytown
2026-05-20 10:53:32,448 [DEBUG] itemku: 📡 API: https://www.itemku.com/~partytown/proxytown
2026-05-20 10:53:32,457 [DEBUG] itemku: 📡 API: https://www.itemku.com/~partytown/proxytown
2026-05-20 10:53:32,471 [DEBUG] itemku: 📡 API: https://www.itemku.com/~partytown/proxytown
2026-05-20 10:53:32,480 [DEBUG] itemku: 📡 API: https://www.itemku.com/~partytown/proxytown
2026-05-20 10:53:32,487 [DEBUG] itemku: 📡 API: https://www.itemku.com/~partytown/proxytown
2026-05-20 10:53:32,497 [DEBUG] itemku: 📡 API: https://www.itemku.com/~partytown/proxytown
2026-05-20 10:53:32,505 [DEBUG] itemku: 📡 API: https://www.itemku.com/~partytown/proxytown
2026-05-20 10:53:32,523 [DEBUG] itemku: 📡 API: https://www.itemku.com/~partytown/proxytown
2026-05-20 10:53:32,538 [DEBUG] itemku: 📡 API: https://www.itemku.com/~partytown/proxytown
2026-05-20 10:53:32,547 [DEBUG] itemku: 📡 API: https://www.itemku.com/~partytown/proxytown
2026-05-20 10:53:32,552 [DEBUG] itemku: 📡 API: https://www.itemku.com/~partytown/proxytown
2026-05-20 10:53:32,558 [DEBUG] itemku: 📡 API: https://www.itemku.com/~partytown/proxytown
2026-05-20 10:53:32,565 [DEBUG] itemku: 📡 API: https://www.itemku.com/~partytown/proxytown
2026-05-20 10:53:32,572 [DEBUG] itemku: 📡 API: https://www.itemku.com/~partytown/proxytown
2026-05-20 10:53:32,577 [DEBUG] itemku: 📡 API: https://www.itemku.com/~partytown/proxytown
2026-05-20 10:53:32,577 [DEBUG] itemku: 📡 API: https://www.itemku.com/~partytown/proxytown
2026-05-20 10:53:32,584 [DEBUG] itemku: 📡 API: https://www.itemku.com/~partytown/proxytown
2026-05-20 10:53:32,587 [DEBUG] itemku: 📡 API: https://www.itemku.com/~partytown/proxytown
2026-05-20 10:53:32,593 [DEBUG] itemku: 📡 API: https://www.itemku.com/~partytown/proxytown
2026-05-20 10:53:32,598 [DEBUG] itemku: 📡 API: https://www.itemku.com/~partytown/proxytown
2026-05-20 10:53:32,603 [DEBUG] itemku: 📡 API: https://www.itemku.com/~partytown/proxytown
2026-05-20 10:53:32,609 [DEBUG] itemku: 📡 API: https://www.itemku.com/~partytown/proxytown
2026-05-20 10:53:32,619 [DEBUG] itemku: 📡 API: https://www.itemku.com/~partytown/proxytown
2026-05-20 10:53:32,631 [DEBUG] itemku: 📡 API: https://www.itemku.com/~partytown/proxytown
2026-05-20 10:53:32,632 [DEBUG] itemku: 📡 API: https://www.itemku.com/~partytown/proxytown
2026-05-20 10:53:32,642 [DEBUG] itemku: 📡 API: https://www.itemku.com/~partytown/proxytown
2026-05-20 10:53:32,650 [DEBUG] itemku: 📡 API: https://www.itemku.com/~partytown/proxytown
2026-05-20 10:53:32,659 [DEBUG] itemku: 📡 API: https://www.itemku.com/~partytown/proxytown
2026-05-20 10:53:32,666 [DEBUG] itemku: 📡 API: https://www.itemku.com/~partytown/proxytown
2026-05-20 10:53:32,668 [DEBUG] itemku: 📡 API: https://www.itemku.com/~partytown/proxytown
2026-05-20 10:53:32,746 [DEBUG] itemku: 📡 API: https://www.itemku.com/~partytown/proxytown
2026-05-20 10:53:32,755 [DEBUG] itemku: 📡 API: https://www.itemku.com/~partytown/proxytown
2026-05-20 10:53:32,758 [DEBUG] itemku: 📡 API: https://www.itemku.com/~partytown/proxytown
2026-05-20 10:53:32,780 [DEBUG] itemku: 📡 API: https://www.itemku.com/~partytown/proxytown
2026-05-20 10:53:32,790 [DEBUG] itemku: 📡 API: https://www.itemku.com/~partytown/proxytown
2026-05-20 10:53:32,799 [DEBUG] itemku: 📡 API: https://www.itemku.com/~partytown/proxytown
2026-05-20 10:53:32,808 [DEBUG] itemku: 📡 API: https://www.itemku.com/~partytown/proxytown
2026-05-20 10:53:32,819 [DEBUG] itemku: 📡 API: https://www.itemku.com/~partytown/proxytown
2026-05-20 10:53:32,828 [DEBUG] itemku: 📡 API: https://www.itemku.com/~partytown/proxytown
2026-05-20 10:53:32,837 [DEBUG] itemku: 📡 API: https://www.itemku.com/~partytown/proxytown
2026-05-20 10:53:32,846 [DEBUG] itemku: 📡 API: https://www.itemku.com/~partytown/proxytown
2026-05-20 10:53:32,857 [DEBUG] itemku: 📡 API: https://www.itemku.com/~partytown/proxytown
2026-05-20 10:53:32,865 [DEBUG] itemku: 📡 API: https://www.itemku.com/~partytown/proxytown
2026-05-20 10:53:32,875 [DEBUG] itemku: 📡 API: https://www.itemku.com/~partytown/proxytown
2026-05-20 10:53:32,882 [DEBUG] itemku: 📡 API: https://www.itemku.com/~partytown/proxytown
2026-05-20 10:53:32,888 [DEBUG] itemku: 📡 API: https://www.itemku.com/~partytown/proxytown
2026-05-20 10:53:32,896 [DEBUG] itemku: 📡 API: https://www.itemku.com/~partytown/proxytown
2026-05-20 10:53:32,896 [DEBUG] itemku: 📡 API: https://www.itemku.com/~partytown/proxytown
2026-05-20 10:53:32,900 [DEBUG] itemku: 📡 API: https://www.itemku.com/~partytown/proxytown
2026-05-20 10:53:32,904 [DEBUG] itemku: 📡 API: https://www.itemku.com/~partytown/proxytown
2026-05-20 10:53:32,908 [DEBUG] itemku: 📡 API: https://www.itemku.com/~partytown/proxytown
2026-05-20 10:53:32,913 [DEBUG] itemku: 📡 API: https://www.itemku.com/~partytown/proxytown
2026-05-20 10:53:32,923 [DEBUG] itemku: 📡 API: https://www.itemku.com/~partytown/proxytown
2026-05-20 10:53:32,934 [DEBUG] itemku: 📡 API: https://www.itemku.com/~partytown/proxytown
2026-05-20 10:53:32,934 [DEBUG] itemku: 📡 API: https://www.itemku.com/~partytown/proxytown
2026-05-20 10:53:32,935 [DEBUG] itemku: 📡 API: https://www.itemku.com/~partytown/proxytown
2026-05-20 10:53:32,942 [DEBUG] itemku: 📡 API: https://www.itemku.com/~partytown/proxytown
2026-05-20 10:53:32,942 [DEBUG] itemku: 📡 API: https://www.itemku.com/~partytown/proxytown
2026-05-20 10:53:32,947 [DEBUG] itemku: 📡 API: https://www.itemku.com/~partytown/proxytown
2026-05-20 10:53:32,952 [DEBUG] itemku: 📡 API: https://www.itemku.com/~partytown/proxytown
2026-05-20 10:53:32,958 [DEBUG] itemku: 📡 API: https://www.itemku.com/~partytown/proxytown
2026-05-20 10:53:32,968 [DEBUG] itemku: 📡 API: https://www.itemku.com/~partytown/proxytown
2026-05-20 10:53:32,968 [DEBUG] itemku: 📡 API: https://www.itemku.com/~partytown/proxytown
2026-05-20 10:53:32,973 [DEBUG] itemku: 📡 API: https://www.itemku.com/~partytown/proxytown
2026-05-20 10:53:32,980 [DEBUG] itemku: 📡 API: https://www.itemku.com/~partytown/proxytown
2026-05-20 10:53:32,988 [DEBUG] itemku: 📡 API: https://www.itemku.com/~partytown/proxytown
2026-05-20 10:53:32,996 [DEBUG] itemku: 📡 API: https://www.itemku.com/~partytown/proxytown
2026-05-20 10:53:33,002 [DEBUG] itemku: 📡 API: https://www.itemku.com/~partytown/proxytown
2026-05-20 10:53:33,007 [DEBUG] itemku: 📡 API: https://www.itemku.com/~partytown/proxytown
2026-05-20 10:53:33,014 [DEBUG] itemku: 📡 API: https://www.itemku.com/~partytown/proxytown
2026-05-20 10:53:33,023 [DEBUG] itemku: 📡 API: https://www.itemku.com/~partytown/proxytown
2026-05-20 10:53:33,031 [DEBUG] itemku: 📡 API: https://www.itemku.com/~partytown/proxytown
2026-05-20 10:53:33,037 [DEBUG] itemku: 📡 API: https://www.itemku.com/~partytown/proxytown
2026-05-20 10:53:33,047 [DEBUG] itemku: 📡 API: https://www.itemku.com/~partytown/proxytown
2026-05-20 10:53:33,057 [DEBUG] itemku: 📡 API: https://www.itemku.com/~partytown/proxytown
2026-05-20 10:53:33,064 [DEBUG] itemku: 📡 API: https://www.itemku.com/~partytown/proxytown
2026-05-20 10:53:33,074 [DEBUG] itemku: 📡 API: https://www.itemku.com/~partytown/proxytown
2026-05-20 10:53:33,088 [DEBUG] itemku: 📡 API: https://www.itemku.com/~partytown/proxytown
2026-05-20 10:53:33,089 [DEBUG] itemku: 📡 API: https://www.itemku.com/~partytown/proxytown
2026-05-20 10:53:33,099 [DEBUG] itemku: 📡 API: https://www.itemku.com/~partytown/proxytown
2026-05-20 10:53:33,100 [DEBUG] itemku: 📡 API: https://www.itemku.com/~partytown/proxytown
2026-05-20 10:53:33,107 [DEBUG] itemku: 📡 API: https://www.itemku.com/~partytown/proxytown
2026-05-20 10:53:33,116 [DEBUG] itemku: 📡 API: https://www.itemku.com/~partytown/proxytown
2026-05-20 10:53:33,125 [DEBUG] itemku: 📡 API: https://www.itemku.com/~partytown/proxytown
2026-05-20 10:53:33,135 [DEBUG] itemku: 📡 API: https://www.itemku.com/~partytown/proxytown
2026-05-20 10:53:33,145 [DEBUG] itemku: 📡 API: https://www.itemku.com/~partytown/proxytown
2026-05-20 10:53:33,153 [DEBUG] itemku: 📡 API: https://www.itemku.com/~partytown/proxytown
2026-05-20 10:53:33,163 [DEBUG] itemku: 📡 API: https://www.itemku.com/~partytown/proxytown
2026-05-20 10:53:33,170 [DEBUG] itemku: 📡 API: https://www.itemku.com/~partytown/proxytown
2026-05-20 10:53:33,171 [DEBUG] itemku: 📡 API: https://www.itemku.com/~partytown/proxytown
2026-05-20 10:53:33,186 [DEBUG] itemku: 📡 API: https://www.itemku.com/~partytown/proxytown
2026-05-20 10:53:33,191 [DEBUG] itemku: 📡 API: https://www.itemku.com/~partytown/proxytown
2026-05-20 10:53:33,195 [DEBUG] itemku: 📡 API: https://www.itemku.com/~partytown/proxytown
2026-05-20 10:53:33,201 [DEBUG] itemku: 📡 API: https://www.itemku.com/~partytown/proxytown
2026-05-20 10:53:33,206 [DEBUG] itemku: 📡 API: https://www.itemku.com/~partytown/proxytown
2026-05-20 10:53:33,212 [DEBUG] itemku: 📡 API: https://www.itemku.com/~partytown/proxytown
2026-05-20 10:53:33,219 [DEBUG] itemku: 📡 API: https://www.itemku.com/~partytown/proxytown
2026-05-20 10:53:33,219 [DEBUG] itemku: 📡 API: https://www.itemku.com/~partytown/proxytown
2026-05-20 10:53:33,224 [DEBUG] itemku: 📡 API: https://www.itemku.com/~partytown/proxytown
2026-05-20 10:53:33,229 [DEBUG] itemku: 📡 API: https://www.itemku.com/~partytown/proxytown
2026-05-20 10:53:33,234 [DEBUG] itemku: 📡 API: https://www.itemku.com/~partytown/proxytown
2026-05-20 10:53:33,244 [DEBUG] itemku: 📡 API: https://www.itemku.com/~partytown/proxytown
2026-05-20 10:53:33,249 [DEBUG] itemku: 📡 API: https://www.itemku.com/~partytown/proxytown
2026-05-20 10:53:33,253 [DEBUG] itemku: 📡 API: https://www.itemku.com/~partytown/proxytown
2026-05-20 10:53:33,257 [DEBUG] itemku: 📡 API: https://www.itemku.com/~partytown/proxytown
2026-05-20 10:53:33,257 [DEBUG] itemku: 📡 API: https://www.itemku.com/~partytown/proxytown
2026-05-20 10:53:33,262 [DEBUG] itemku: 📡 API: https://www.itemku.com/~partytown/proxytown
2026-05-20 10:53:33,268 [DEBUG] itemku: 📡 API: https://www.itemku.com/~partytown/proxytown
2026-05-20 10:53:33,274 [DEBUG] itemku: 📡 API: https://www.itemku.com/~partytown/proxytown
2026-05-20 10:53:33,278 [DEBUG] itemku: 📡 API: https://www.itemku.com/~partytown/proxytown
2026-05-20 10:53:33,283 [DEBUG] itemku: 📡 API: https://www.itemku.com/~partytown/proxytown
2026-05-20 10:53:33,288 [DEBUG] itemku: 📡 API: https://www.itemku.com/~partytown/proxytown
2026-05-20 10:53:33,294 [DEBUG] itemku: 📡 API: https://www.itemku.com/~partytown/proxytown
2026-05-20 10:53:33,299 [DEBUG] itemku: 📡 API: https://www.itemku.com/~partytown/proxytown
2026-05-20 10:53:33,305 [DEBUG] itemku: 📡 API: https://www.itemku.com/~partytown/proxytown
2026-05-20 10:53:33,305 [DEBUG] itemku: 📡 API: https://www.itemku.com/~partytown/proxytown
2026-05-20 10:53:33,310 [DEBUG] itemku: 📡 API: https://www.itemku.com/~partytown/proxytown
2026-05-20 10:53:33,319 [DEBUG] itemku: 📡 API: https://www.itemku.com/~partytown/proxytown
2026-05-20 10:53:33,321 [DEBUG] itemku: 📡 API: https://www.itemku.com/~partytown/proxytown
2026-05-20 10:53:33,325 [DEBUG] itemku: 📡 API: https://www.itemku.com/~partytown/proxytown
2026-05-20 10:53:33,330 [DEBUG] itemku: 📡 API: https://www.itemku.com/~partytown/proxytown
2026-05-20 10:53:33,334 [DEBUG] itemku: 📡 API: https://www.itemku.com/~partytown/proxytown
2026-05-20 10:53:33,339 [DEBUG] itemku: 📡 API: https://www.itemku.com/~partytown/proxytown
2026-05-20 10:53:33,343 [DEBUG] itemku: 📡 API: https://www.itemku.com/~partytown/proxytown
2026-05-20 10:53:33,347 [DEBUG] itemku: 📡 API: https://www.itemku.com/~partytown/proxytown
2026-05-20 10:53:33,379 [DEBUG] itemku: 📡 API: https://www.itemku.com/~partytown/proxytown
2026-05-20 10:53:33,379 [DEBUG] itemku: 📡 API: https://www.itemku.com/~partytown/proxytown
2026-05-20 10:53:33,387 [DEBUG] itemku: 📡 API: https://www.itemku.com/~partytown/proxytown
2026-05-20 10:53:33,388 [DEBUG] itemku: 📡 API: https://api-gateway.itemku.com/v1/metadata/icon-placeholder-mobile-payment
2026-05-20 10:53:33,390 [DEBUG] itemku: 📡 API: https://www.itemku.com/~partytown/proxytown
2026-05-20 10:53:33,398 [DEBUG] itemku: 📡 API: https://www.itemku.com/~partytown/proxytown
2026-05-20 10:53:33,405 [DEBUG] itemku: 📡 API: https://www.itemku.com/~partytown/proxytown
2026-05-20 10:53:33,405 [DEBUG] itemku: 📡 API: https://www.itemku.com/~partytown/proxytown
2026-05-20 10:53:33,410 [DEBUG] itemku: 📡 API: https://www.itemku.com/~partytown/proxytown
2026-05-20 10:53:33,411 [DEBUG] itemku: 📡 API: https://www.itemku.com/~partytown/proxytown
2026-05-20 10:53:33,415 [DEBUG] itemku: 📡 API: https://www.itemku.com/~partytown/proxytown
2026-05-20 10:53:33,419 [DEBUG] itemku: 📡 API: https://www.itemku.com/~partytown/proxytown
2026-05-20 10:53:33,422 [DEBUG] itemku: 📡 API: https://www.itemku.com/~partytown/proxytown
2026-05-20 10:53:33,425 [DEBUG] itemku: 📡 API: https://www.itemku.com/~partytown/proxytown
2026-05-20 10:53:33,429 [DEBUG] itemku: 📡 API: https://www.itemku.com/~partytown/proxytown
2026-05-20 10:53:33,432 [DEBUG] itemku: 📡 API: https://www.itemku.com/~partytown/proxytown
2026-05-20 10:53:33,439 [DEBUG] itemku: 📡 API: https://www.itemku.com/~partytown/proxytown
2026-05-20 10:53:33,456 [DEBUG] itemku: 📡 API: https://api-gateway.itemku.com/v1/user-location
2026-05-20 10:53:33,466 [DEBUG] itemku: 📡 API: https://www.itemku.com/~partytown/proxytown
2026-05-20 10:53:33,476 [DEBUG] itemku: 📡 API: https://www.itemku.com/~partytown/proxytown
2026-05-20 10:53:33,480 [DEBUG] itemku: 📡 API: https://www.itemku.com/~partytown/proxytown
2026-05-20 10:53:33,483 [DEBUG] itemku: 📡 API: https://www.itemku.com/~partytown/proxytown
2026-05-20 10:53:33,486 [DEBUG] itemku: 📡 API: https://www.itemku.com/~partytown/proxytown
2026-05-20 10:53:33,492 [DEBUG] itemku: 📡 API: https://www.itemku.com/~partytown/proxytown
2026-05-20 10:53:33,493 [DEBUG] itemku: 📡 API: https://www.itemku.com/~partytown/proxytown
2026-05-20 10:53:33,500 [DEBUG] itemku: 📡 API: https://www.itemku.com/~partytown/proxytown
2026-05-20 10:53:33,504 [DEBUG] itemku: 📡 API: https://www.itemku.com/~partytown/proxytown
2026-05-20 10:53:33,508 [DEBUG] itemku: 📡 API: https://www.itemku.com/~partytown/proxytown
2026-05-20 10:53:33,516 [DEBUG] itemku: 📡 API: https://www.itemku.com/~partytown/proxytown
2026-05-20 10:53:33,520 [DEBUG] itemku: 📡 API: https://www.itemku.com/~partytown/proxytown
2026-05-20 10:53:33,527 [DEBUG] itemku: 📡 API: https://www.itemku.com/~partytown/proxytown
2026-05-20 10:53:33,530 [DEBUG] itemku: 📡 API: https://www.itemku.com/~partytown/proxytown
2026-05-20 10:53:33,532 [DEBUG] itemku: 📡 API: https://www.itemku.com/~partytown/proxytown
2026-05-20 10:53:33,536 [DEBUG] itemku: 📡 API: https://www.itemku.com/~partytown/proxytown
2026-05-20 10:53:33,538 [DEBUG] itemku: 📡 API: https://www.itemku.com/~partytown/proxytown
2026-05-20 10:53:33,540 [DEBUG] itemku: 📡 API: https://www.itemku.com/~partytown/proxytown
2026-05-20 10:53:33,544 [DEBUG] itemku: 📡 API: https://www.itemku.com/~partytown/proxytown
2026-05-20 10:53:33,544 [DEBUG] itemku: 📡 API: https://www.itemku.com/~partytown/proxytown
2026-05-20 10:53:33,545 [DEBUG] itemku: 📡 API: https://www.itemku.com/~partytown/proxytown
2026-05-20 10:53:33,549 [DEBUG] itemku: 📡 API: https://www.itemku.com/~partytown/proxytown
2026-05-20 10:53:33,553 [DEBUG] itemku: 📡 API: https://www.itemku.com/~partytown/proxytown
2026-05-20 10:53:33,558 [DEBUG] itemku: 📡 API: https://www.itemku.com/~partytown/proxytown
2026-05-20 10:53:33,560 [DEBUG] itemku: 📡 API: https://www.itemku.com/~partytown/proxytown
2026-05-20 10:53:33,563 [DEBUG] itemku: 📡 API: https://www.itemku.com/~partytown/proxytown
2026-05-20 10:53:33,566 [DEBUG] itemku: 📡 API: https://www.itemku.com/~partytown/proxytown
2026-05-20 10:53:33,568 [DEBUG] itemku: 📡 API: https://www.itemku.com/~partytown/proxytown
2026-05-20 10:53:33,571 [DEBUG] itemku: 📡 API: https://www.itemku.com/~partytown/proxytown
2026-05-20 10:53:33,575 [DEBUG] itemku: 📡 API: https://www.itemku.com/~partytown/proxytown
2026-05-20 10:53:33,579 [DEBUG] itemku: 📡 API: https://www.itemku.com/~partytown/proxytown
2026-05-20 10:53:33,581 [DEBUG] itemku: 📡 API: https://www.itemku.com/~partytown/proxytown
2026-05-20 10:53:33,584 [DEBUG] itemku: 📡 API: https://www.itemku.com/~partytown/proxytown
2026-05-20 10:53:33,587 [DEBUG] itemku: 📡 API: https://www.itemku.com/~partytown/proxytown
2026-05-20 10:53:33,591 [DEBUG] itemku: 📡 API: https://www.itemku.com/~partytown/proxytown
2026-05-20 10:53:33,595 [DEBUG] itemku: 📡 API: https://www.itemku.com/~partytown/proxytown
2026-05-20 10:53:33,599 [DEBUG] itemku: 📡 API: https://www.itemku.com/~partytown/proxytown
2026-05-20 10:53:33,602 [DEBUG] itemku: 📡 API: https://www.itemku.com/~partytown/proxytown
2026-05-20 10:53:33,605 [DEBUG] itemku: 📡 API: https://www.itemku.com/~partytown/proxytown
2026-05-20 10:53:33,609 [DEBUG] itemku: 📡 API: https://www.itemku.com/~partytown/proxytown
2026-05-20 10:53:33,610 [DEBUG] itemku: 📡 API: https://www.itemku.com/~partytown/proxytown
2026-05-20 10:53:35,035 [DEBUG] itemku: 📡 API: https://www.itemku.com/_next/data/ox5kkx6ecmuea2igmr6vx/c/tipe-produk.json
2026-05-20 10:53:35,326 [DEBUG] itemku: 📡 API: https://www.itemku.com/~partytown/proxytown
2026-05-20 10:53:35,335 [DEBUG] itemku: 📡 API: https://www.itemku.com/~partytown/proxytown
2026-05-20 10:53:35,348 [DEBUG] itemku: 📡 API: https://www.itemku.com/~partytown/proxytown
2026-05-20 10:53:35,362 [DEBUG] itemku: 📡 API: https://www.itemku.com/~partytown/proxytown
2026-05-20 10:53:35,369 [DEBUG] itemku: 📡 API: https://www.itemku.com/~partytown/proxytown
2026-05-20 10:53:35,377 [DEBUG] itemku: 📡 API: https://www.itemku.com/~partytown/proxytown
2026-05-20 10:53:35,385 [DEBUG] itemku: 📡 API: https://www.itemku.com/~partytown/proxytown
2026-05-20 10:53:35,390 [DEBUG] itemku: 📡 API: https://www.itemku.com/~partytown/proxytown
2026-05-20 10:53:35,414 [DEBUG] itemku: 📡 API: https://www.itemku.com/~partytown/proxytown
2026-05-20 10:53:35,422 [DEBUG] itemku: 📡 API: https://www.itemku.com/~partytown/proxytown
2026-05-20 10:53:35,427 [DEBUG] itemku: 📡 API: https://www.itemku.com/~partytown/proxytown
2026-05-20 10:53:35,427 [DEBUG] itemku: 📡 API: https://www.itemku.com/~partytown/proxytown
2026-05-20 10:53:35,432 [DEBUG] itemku: 📡 API: https://www.itemku.com/~partytown/proxytown
2026-05-20 10:53:35,435 [DEBUG] itemku: 📡 API: https://www.itemku.com/~partytown/proxytown
2026-05-20 10:53:35,439 [DEBUG] itemku: 📡 API: https://www.itemku.com/~partytown/proxytown
2026-05-20 10:53:35,442 [DEBUG] itemku: 📡 API: https://www.itemku.com/~partytown/proxytown
2026-05-20 10:53:35,445 [DEBUG] itemku: 📡 API: https://www.itemku.com/~partytown/proxytown
2026-05-20 10:53:35,447 [DEBUG] itemku: 📡 API: https://www.itemku.com/~partytown/proxytown
2026-05-20 10:53:35,447 [DEBUG] itemku: 📡 API: https://www.itemku.com/~partytown/proxytown
2026-05-20 10:53:35,456 [DEBUG] itemku: 📡 API: https://www.itemku.com/~partytown/proxytown
2026-05-20 10:53:35,465 [DEBUG] itemku: 📡 API: https://www.itemku.com/~partytown/proxytown
2026-05-20 10:53:35,466 [DEBUG] itemku: 📡 API: https://www.itemku.com/~partytown/proxytown
2026-05-20 10:53:35,470 [DEBUG] itemku: 📡 API: https://www.itemku.com/~partytown/proxytown
2026-05-20 10:53:35,477 [DEBUG] itemku: 📡 API: https://www.itemku.com/~partytown/proxytown
2026-05-20 10:53:35,482 [DEBUG] itemku: 📡 API: https://www.itemku.com/~partytown/proxytown
2026-05-20 10:53:35,490 [DEBUG] itemku: 📡 API: https://www.itemku.com/~partytown/proxytown
2026-05-20 10:53:35,493 [DEBUG] itemku: 📡 API: https://www.itemku.com/~partytown/proxytown
2026-05-20 10:53:35,495 [DEBUG] itemku: 📡 API: https://www.itemku.com/~partytown/proxytown
2026-05-20 10:53:35,498 [DEBUG] itemku: 📡 API: https://www.itemku.com/~partytown/proxytown
2026-05-20 10:53:35,501 [DEBUG] itemku: 📡 API: https://www.itemku.com/~partytown/proxytown
2026-05-20 10:53:35,505 [DEBUG] itemku: 📡 API: https://www.itemku.com/~partytown/proxytown
2026-05-20 10:53:35,505 [DEBUG] itemku: 📡 API: https://www.itemku.com/~partytown/proxytown
2026-05-20 10:53:35,511 [DEBUG] itemku: 📡 API: https://www.itemku.com/~partytown/proxytown
2026-05-20 10:53:35,514 [DEBUG] itemku: 📡 API: https://www.itemku.com/~partytown/proxytown
2026-05-20 10:53:35,518 [DEBUG] itemku: 📡 API: https://www.itemku.com/~partytown/proxytown
2026-05-20 10:53:35,518 [DEBUG] itemku: 📡 API: https://www.itemku.com/~partytown/proxytown
2026-05-20 10:53:35,523 [DEBUG] itemku: 📡 API: https://www.itemku.com/~partytown/proxytown
2026-05-20 10:53:35,526 [DEBUG] itemku: 📡 API: https://www.itemku.com/~partytown/proxytown
2026-05-20 10:53:35,526 [DEBUG] itemku: 📡 API: https://www.itemku.com/~partytown/proxytown
2026-05-20 10:53:35,529 [DEBUG] itemku: 📡 API: https://www.itemku.com/~partytown/proxytown
2026-05-20 10:53:35,533 [DEBUG] itemku: 📡 API: https://www.itemku.com/~partytown/proxytown
2026-05-20 10:53:35,536 [DEBUG] itemku: 📡 API: https://www.itemku.com/~partytown/proxytown
2026-05-20 10:53:35,539 [DEBUG] itemku: 📡 API: https://www.itemku.com/~partytown/proxytown
2026-05-20 10:53:35,542 [DEBUG] itemku: 📡 API: https://www.itemku.com/~partytown/proxytown
2026-05-20 10:53:35,545 [DEBUG] itemku: 📡 API: https://www.itemku.com/~partytown/proxytown
2026-05-20 10:53:35,548 [DEBUG] itemku: 📡 API: https://www.itemku.com/~partytown/proxytown
2026-05-20 10:53:35,551 [DEBUG] itemku: 📡 API: https://www.itemku.com/~partytown/proxytown
2026-05-20 10:53:35,554 [DEBUG] itemku: 📡 API: https://www.itemku.com/~partytown/proxytown
2026-05-20 10:53:35,557 [DEBUG] itemku: 📡 API: https://www.itemku.com/~partytown/proxytown
2026-05-20 10:53:35,560 [DEBUG] itemku: 📡 API: https://www.itemku.com/~partytown/proxytown
2026-05-20 10:53:35,563 [DEBUG] itemku: 📡 API: https://www.itemku.com/~partytown/proxytown
2026-05-20 10:53:35,566 [DEBUG] itemku: 📡 API: https://www.itemku.com/~partytown/proxytown
2026-05-20 10:53:35,569 [DEBUG] itemku: 📡 API: https://www.itemku.com/~partytown/proxytown
2026-05-20 10:53:35,571 [DEBUG] itemku: 📡 API: https://www.itemku.com/~partytown/proxytown
2026-05-20 10:53:35,574 [DEBUG] itemku: 📡 API: https://www.itemku.com/~partytown/proxytown
2026-05-20 10:53:35,574 [DEBUG] itemku: 📡 API: https://www.itemku.com/~partytown/proxytown
2026-05-20 10:53:35,577 [DEBUG] itemku: 📡 API: https://www.itemku.com/~partytown/proxytown
2026-05-20 10:53:35,584 [DEBUG] itemku: 📡 API: https://www.itemku.com/~partytown/proxytown
2026-05-20 10:53:35,592 [DEBUG] itemku: 📡 API: https://www.itemku.com/~partytown/proxytown
2026-05-20 10:53:35,601 [DEBUG] itemku: 📡 API: https://www.itemku.com/~partytown/proxytown
2026-05-20 10:53:35,609 [DEBUG] itemku: 📡 API: https://www.itemku.com/~partytown/proxytown
2026-05-20 10:53:35,617 [DEBUG] itemku: 📡 API: https://www.itemku.com/~partytown/proxytown
2026-05-20 10:53:35,626 [DEBUG] itemku: 📡 API: https://www.itemku.com/~partytown/proxytown
2026-05-20 10:53:35,635 [DEBUG] itemku: 📡 API: https://www.itemku.com/~partytown/proxytown
2026-05-20 10:53:35,643 [DEBUG] itemku: 📡 API: https://www.itemku.com/~partytown/proxytown
2026-05-20 10:53:35,652 [DEBUG] itemku: 📡 API: https://www.itemku.com/~partytown/proxytown
2026-05-20 10:53:35,662 [DEBUG] itemku: 📡 API: https://www.itemku.com/~partytown/proxytown
2026-05-20 10:53:35,669 [DEBUG] itemku: 📡 API: https://www.itemku.com/~partytown/proxytown
2026-05-20 10:53:35,677 [DEBUG] itemku: 📡 API: https://www.itemku.com/~partytown/proxytown
2026-05-20 10:53:35,683 [DEBUG] itemku: 📡 API: https://www.itemku.com/~partytown/proxytown
2026-05-20 10:53:35,687 [DEBUG] itemku: 📡 API: https://www.itemku.com/~partytown/proxytown
2026-05-20 10:53:35,693 [DEBUG] itemku: 📡 API: https://www.itemku.com/~partytown/proxytown
2026-05-20 10:53:35,698 [DEBUG] itemku: 📡 API: https://www.itemku.com/~partytown/proxytown
2026-05-20 10:53:35,708 [DEBUG] itemku: 📡 API: https://www.itemku.com/~partytown/proxytown
2026-05-20 10:53:35,708 [DEBUG] itemku: 📡 API: https://www.itemku.com/~partytown/proxytown
2026-05-20 10:53:35,712 [DEBUG] itemku: 📡 API: https://www.itemku.com/~partytown/proxytown
2026-05-20 10:53:35,717 [DEBUG] itemku: 📡 API: https://www.itemku.com/~partytown/proxytown
2026-05-20 10:53:35,721 [DEBUG] itemku: 📡 API: https://www.itemku.com/~partytown/proxytown
2026-05-20 10:53:35,726 [DEBUG] itemku: 📡 API: https://www.itemku.com/~partytown/proxytown
2026-05-20 10:53:35,730 [DEBUG] itemku: 📡 API: https://www.itemku.com/~partytown/proxytown
2026-05-20 10:53:35,735 [DEBUG] itemku: 📡 API: https://www.itemku.com/~partytown/proxytown
2026-05-20 10:53:35,739 [DEBUG] itemku: 📡 API: https://www.itemku.com/~partytown/proxytown
2026-05-20 10:53:35,744 [DEBUG] itemku: 📡 API: https://www.itemku.com/~partytown/proxytown
2026-05-20 10:53:35,748 [DEBUG] itemku: 📡 API: https://www.itemku.com/~partytown/proxytown
2026-05-20 10:53:35,753 [DEBUG] itemku: 📡 API: https://www.itemku.com/~partytown/proxytown
2026-05-20 10:53:35,753 [DEBUG] itemku: 📡 API: https://www.itemku.com/~partytown/proxytown
2026-05-20 10:53:35,760 [DEBUG] itemku: 📡 API: https://www.itemku.com/~partytown/proxytown
2026-05-20 10:53:35,764 [DEBUG] itemku: 📡 API: https://www.itemku.com/~partytown/proxytown
2026-05-20 10:53:35,770 [DEBUG] itemku: 📡 API: https://www.itemku.com/~partytown/proxytown
2026-05-20 10:53:35,776 [DEBUG] itemku: 📡 API: https://www.itemku.com/~partytown/proxytown
2026-05-20 10:53:35,782 [DEBUG] itemku: 📡 API: https://www.itemku.com/~partytown/proxytown
2026-05-20 10:53:35,783 [DEBUG] itemku: 📡 API: https://www.itemku.com/~partytown/proxytown
2026-05-20 10:53:37,882 [DEBUG] itemku: 📡 API: https://api-gateway.itemku.com/v1/product/game-category?country_codes[]=id&slug=mobile-game&is_exclude_empty_game_category_lists=true&per_page=50&is_exclusive=false
2026-05-20 10:53:37,922 [DEBUG] itemku: 📡 API: https://api-gateway.itemku.com/v1/currency/detail
2026-05-20 10:53:38,118 [DEBUG] itemku: 📡 API: https://script.crazyegg.com/pages/data-scripts/0113/7987/site/www.itemku.com.json?t=1
2026-05-20 10:53:38,129 [DEBUG] itemku: 📡 API: https://www.itemku.com/~partytown/proxytown
2026-05-20 10:53:38,132 [DEBUG] itemku: 📡 API: https://www.itemku.com/~partytown/proxytown
2026-05-20 10:53:39,264 [DEBUG] itemku: 📡 API: https://www.itemku.com/~partytown/proxytown
2026-05-20 10:53:39,344 [DEBUG] itemku: 📡 API: https://www.itemku.com/~partytown/proxytown
2026-05-20 10:53:39,353 [DEBUG] itemku: 📡 API: https://www.itemku.com/~partytown/proxytown
2026-05-20 10:53:39,358 [DEBUG] itemku: 📡 API: https://www.itemku.com/~partytown/proxytown
2026-05-20 10:53:39,363 [DEBUG] itemku: 📡 API: https://www.itemku.com/~partytown/proxytown
2026-05-20 10:53:39,371 [DEBUG] itemku: 📡 API: https://www.itemku.com/~partytown/proxytown
2026-05-20 10:53:39,371 [DEBUG] itemku: 📡 API: https://www.itemku.com/~partytown/proxytown
2026-05-20 10:53:39,375 [DEBUG] itemku: 📡 API: https://www.itemku.com/~partytown/proxytown
2026-05-20 10:53:39,380 [DEBUG] itemku: 📡 API: https://www.itemku.com/~partytown/proxytown
2026-05-20 10:53:39,386 [DEBUG] itemku: 📡 API: https://www.itemku.com/~partytown/proxytown
2026-05-20 10:53:39,394 [DEBUG] itemku: 📡 API: https://www.itemku.com/~partytown/proxytown
2026-05-20 10:53:39,399 [DEBUG] itemku: 📡 API: https://www.itemku.com/~partytown/proxytown
2026-05-20 10:53:39,399 [DEBUG] itemku: 📡 API: https://www.itemku.com/~partytown/proxytown
2026-05-20 10:53:39,405 [DEBUG] itemku: 📡 API: https://www.itemku.com/~partytown/proxytown
2026-05-20 10:53:39,412 [DEBUG] itemku: 📡 API: https://www.itemku.com/~partytown/proxytown
2026-05-20 10:53:39,420 [DEBUG] itemku: 📡 API: https://www.itemku.com/~partytown/proxytown
2026-05-20 10:53:39,422 [DEBUG] itemku: 📡 API: https://www.itemku.com/~partytown/proxytown
2026-05-20 10:53:39,428 [DEBUG] itemku: 📡 API: https://www.itemku.com/~partytown/proxytown
2026-05-20 10:53:39,428 [DEBUG] itemku: 📡 API: https://www.itemku.com/~partytown/proxytown
2026-05-20 10:53:39,437 [DEBUG] itemku: 📡 API: https://www.itemku.com/~partytown/proxytown
2026-05-20 10:53:39,437 [DEBUG] itemku: 📡 API: https://www.itemku.com/~partytown/proxytown
2026-05-20 10:53:39,445 [DEBUG] itemku: 📡 API: https://www.itemku.com/~partytown/proxytown
2026-05-20 10:53:39,448 [DEBUG] itemku: 📡 API: https://www.itemku.com/~partytown/proxytown
2026-05-20 10:53:39,456 [DEBUG] itemku: 📡 API: https://www.itemku.com/~partytown/proxytown
2026-05-20 10:53:39,456 [DEBUG] itemku: 📡 API: https://www.itemku.com/~partytown/proxytown
2026-05-20 10:53:39,462 [DEBUG] itemku: 📡 API: https://www.itemku.com/~partytown/proxytown
2026-05-20 10:53:39,467 [DEBUG] itemku: 📡 API: https://www.itemku.com/~partytown/proxytown
2026-05-20 10:53:39,467 [DEBUG] itemku: 📡 API: https://www.itemku.com/~partytown/proxytown
2026-05-20 10:53:39,470 [DEBUG] itemku: 📡 API: https://www.itemku.com/~partytown/proxytown
2026-05-20 10:53:39,474 [DEBUG] itemku: 📡 API: https://www.itemku.com/~partytown/proxytown
2026-05-20 10:53:39,479 [DEBUG] itemku: 📡 API: https://www.itemku.com/~partytown/proxytown
2026-05-20 10:53:39,483 [DEBUG] itemku: 📡 API: https://www.itemku.com/~partytown/proxytown
2026-05-20 10:53:39,486 [DEBUG] itemku: 📡 API: https://www.itemku.com/~partytown/proxytown
2026-05-20 10:53:39,491 [DEBUG] itemku: 📡 API: https://www.itemku.com/~partytown/proxytown
2026-05-20 10:53:39,498 [DEBUG] itemku: 📡 API: https://www.itemku.com/~partytown/proxytown
2026-05-20 10:53:39,510 [DEBUG] itemku: 📡 API: https://www.itemku.com/~partytown/proxytown
2026-05-20 10:53:39,510 [DEBUG] itemku: 📡 API: https://www.itemku.com/~partytown/proxytown
2026-05-20 10:53:39,515 [DEBUG] itemku: 📡 API: https://www.itemku.com/~partytown/proxytown
2026-05-20 10:53:39,519 [DEBUG] itemku: 📡 API: https://www.itemku.com/~partytown/proxytown
2026-05-20 10:53:39,526 [DEBUG] itemku: 📡 API: https://www.itemku.com/~partytown/proxytown
2026-05-20 10:53:39,526 [DEBUG] itemku: 📡 API: https://www.itemku.com/~partytown/proxytown
2026-05-20 10:53:39,532 [DEBUG] itemku: 📡 API: https://www.itemku.com/~partytown/proxytown
2026-05-20 10:53:39,539 [DEBUG] itemku: 📡 API: https://www.itemku.com/~partytown/proxytown
2026-05-20 10:53:39,539 [DEBUG] itemku: 📡 API: https://www.itemku.com/~partytown/proxytown
2026-05-20 10:53:39,546 [DEBUG] itemku: 📡 API: https://www.itemku.com/~partytown/proxytown
2026-05-20 10:53:39,546 [DEBUG] itemku: 📡 API: https://www.itemku.com/~partytown/proxytown
2026-05-20 10:53:39,549 [DEBUG] itemku: 📡 API: https://www.itemku.com/~partytown/proxytown
2026-05-20 10:53:39,554 [DEBUG] itemku: 📡 API: https://www.itemku.com/~partytown/proxytown
2026-05-20 10:53:39,557 [DEBUG] itemku: 📡 API: https://www.itemku.com/~partytown/proxytown
2026-05-20 10:53:39,562 [DEBUG] itemku: 📡 API: https://www.itemku.com/~partytown/proxytown
2026-05-20 10:53:39,565 [DEBUG] itemku: 📡 API: https://www.itemku.com/~partytown/proxytown
2026-05-20 10:53:39,569 [DEBUG] itemku: 📡 API: https://www.itemku.com/~partytown/proxytown
2026-05-20 10:53:39,574 [DEBUG] itemku: 📡 API: https://www.itemku.com/~partytown/proxytown
2026-05-20 10:53:39,577 [DEBUG] itemku: 📡 API: https://www.itemku.com/~partytown/proxytown
2026-05-20 10:53:39,582 [DEBUG] itemku: 📡 API: https://www.itemku.com/~partytown/proxytown
2026-05-20 10:53:39,587 [DEBUG] itemku: 📡 API: https://www.itemku.com/~partytown/proxytown
2026-05-20 10:53:39,590 [DEBUG] itemku: 📡 API: https://www.itemku.com/~partytown/proxytown
2026-05-20 10:53:39,595 [DEBUG] itemku: 📡 API: https://www.itemku.com/~partytown/proxytown
2026-05-20 10:53:39,599 [DEBUG] itemku: 📡 API: https://www.itemku.com/~partytown/proxytown
2026-05-20 10:53:39,603 [DEBUG] itemku: 📡 API: https://www.itemku.com/~partytown/proxytown
2026-05-20 10:53:39,608 [DEBUG] itemku: 📡 API: https://www.itemku.com/~partytown/proxytown
2026-05-20 10:53:39,613 [DEBUG] itemku: 📡 API: https://www.itemku.com/~partytown/proxytown
2026-05-20 10:53:39,619 [DEBUG] itemku: 📡 API: https://www.itemku.com/~partytown/proxytown
2026-05-20 10:53:39,627 [DEBUG] itemku: 📡 API: https://www.itemku.com/~partytown/proxytown
2026-05-20 10:53:39,632 [DEBUG] itemku: 📡 API: https://www.itemku.com/~partytown/proxytown
2026-05-20 10:53:39,639 [DEBUG] itemku: 📡 API: https://www.itemku.com/~partytown/proxytown
2026-05-20 10:53:39,650 [DEBUG] itemku: 📡 API: https://www.itemku.com/~partytown/proxytown
2026-05-20 10:53:39,656 [DEBUG] itemku: 📡 API: https://www.itemku.com/~partytown/proxytown
2026-05-20 10:53:39,661 [DEBUG] itemku: 📡 API: https://www.itemku.com/~partytown/proxytown
2026-05-20 10:53:39,661 [DEBUG] itemku: 📡 API: https://www.itemku.com/~partytown/proxytown
2026-05-20 10:53:39,667 [DEBUG] itemku: 📡 API: https://www.itemku.com/~partytown/proxytown
2026-05-20 10:53:39,673 [DEBUG] itemku: 📡 API: https://www.itemku.com/~partytown/proxytown
2026-05-20 10:53:39,681 [DEBUG] itemku: 📡 API: https://www.itemku.com/~partytown/proxytown
2026-05-20 10:53:39,690 [DEBUG] itemku: 📡 API: https://www.itemku.com/~partytown/proxytown
2026-05-20 10:53:39,690 [DEBUG] itemku: 📡 API: https://www.itemku.com/~partytown/proxytown
2026-05-20 10:53:39,695 [DEBUG] itemku: 📡 API: https://www.itemku.com/~partytown/proxytown
2026-05-20 10:53:39,700 [DEBUG] itemku: 📡 API: https://www.itemku.com/~partytown/proxytown
2026-05-20 10:53:39,706 [DEBUG] itemku: 📡 API: https://www.itemku.com/~partytown/proxytown
2026-05-20 10:53:39,710 [DEBUG] itemku: 📡 API: https://www.itemku.com/~partytown/proxytown
2026-05-20 10:53:39,718 [DEBUG] itemku: 📡 API: https://www.itemku.com/~partytown/proxytown
2026-05-20 10:53:39,726 [DEBUG] itemku: 📡 API: https://www.itemku.com/~partytown/proxytown
2026-05-20 10:53:39,735 [DEBUG] itemku: 📡 API: https://www.itemku.com/~partytown/proxytown
2026-05-20 10:53:39,749 [DEBUG] itemku: 📡 API: https://www.itemku.com/~partytown/proxytown
2026-05-20 10:53:39,750 [DEBUG] itemku: 📡 API: https://www.itemku.com/~partytown/proxytown
2026-05-20 10:53:39,762 [DEBUG] itemku: 📡 API: https://www.itemku.com/~partytown/proxytown
2026-05-20 10:53:39,762 [DEBUG] itemku: 📡 API: https://www.itemku.com/~partytown/proxytown
2026-05-20 10:53:39,762 [DEBUG] itemku: 📡 API: https://www.itemku.com/~partytown/proxytown
2026-05-20 10:53:39,770 [DEBUG] itemku: 📡 API: https://www.itemku.com/~partytown/proxytown
2026-05-20 10:53:39,777 [DEBUG] itemku: 📡 API: https://www.itemku.com/~partytown/proxytown
2026-05-20 10:53:39,777 [DEBUG] itemku: 📡 API: https://www.itemku.com/~partytown/proxytown
2026-05-20 10:53:39,783 [DEBUG] itemku: 📡 API: https://www.itemku.com/~partytown/proxytown
2026-05-20 10:53:39,785 [DEBUG] itemku: 📡 API: https://www.itemku.com/~partytown/proxytown
2026-05-20 10:53:40,030 [DEBUG] itemku: 📡 API: https://www.itemku.com/~partytown/proxytown
2026-05-20 10:53:40,046 [DEBUG] itemku: 📡 API: https://www.itemku.com/~partytown/proxytown
2026-05-20 10:53:40,060 [DEBUG] itemku: 📡 API: https://www.itemku.com/~partytown/proxytown
2026-05-20 10:53:40,072 [DEBUG] itemku: 📡 API: https://www.itemku.com/~partytown/proxytown
2026-05-20 10:53:40,080 [DEBUG] itemku: 📡 API: https://www.itemku.com/~partytown/proxytown
2026-05-20 10:53:40,090 [DEBUG] itemku: 📡 API: https://www.itemku.com/~partytown/proxytown
2026-05-20 10:53:40,101 [DEBUG] itemku: 📡 API: https://www.itemku.com/~partytown/proxytown
2026-05-20 10:53:40,105 [DEBUG] itemku: 📡 API: https://www.itemku.com/~partytown/proxytown
2026-05-20 10:53:40,109 [DEBUG] itemku: 📡 API: https://www.itemku.com/~partytown/proxytown
2026-05-20 10:53:40,115 [DEBUG] itemku: 📡 API: https://www.itemku.com/~partytown/proxytown
2026-05-20 10:53:40,122 [DEBUG] itemku: 📡 API: https://www.itemku.com/~partytown/proxytown
2026-05-20 10:53:40,122 [DEBUG] itemku: 📡 API: https://www.itemku.com/~partytown/proxytown
2026-05-20 10:53:40,129 [DEBUG] itemku: 📡 API: https://www.itemku.com/~partytown/proxytown
2026-05-20 10:53:40,141 [DEBUG] itemku: 📡 API: https://www.itemku.com/~partytown/proxytown
2026-05-20 10:53:40,142 [DEBUG] itemku: 📡 API: https://www.itemku.com/~partytown/proxytown
2026-05-20 10:53:40,147 [DEBUG] itemku: 📡 API: https://www.itemku.com/~partytown/proxytown
2026-05-20 10:53:40,161 [DEBUG] itemku: 📡 API: https://www.itemku.com/~partytown/proxytown
2026-05-20 10:53:40,165 [DEBUG] itemku: 📡 API: https://www.itemku.com/~partytown/proxytown
2026-05-20 10:53:40,209 [DEBUG] itemku: 📡 API: https://api-gateway.itemku.com/v1/expansion-country?sort=sequence
2026-05-20 10:53:40,226 [DEBUG] itemku: 📡 API: https://api-gateway.itemku.com/v1/currency/detail
2026-05-20 10:53:40,231 [DEBUG] itemku: 📡 API: https://www.itemku.com/~partytown/proxytown
2026-05-20 10:53:40,292 [DEBUG] itemku: 📡 API: https://api-gateway.itemku.com/v1/product/game-category-popular?per_page=50&is_exclude_empty_game_category_lists=1&country_codes[]=id&type=1&usecache=false&is_category_v2=true&is_exclusive=false
2026-05-20 10:53:40,294 [DEBUG] itemku: 📡 API: https://api-gateway.itemku.com/v1/product/game-list?per_page=5&sort=latest&country_codes[]=id&utm_src=csr_c2c&is_exclusive=false
2026-05-20 10:53:40,296 [DEBUG] itemku: 📡 API: https://www.itemku.com/~partytown/proxytown
2026-05-20 10:53:40,307 [DEBUG] itemku: 📡 API: https://www.itemku.com/~partytown/proxytown
2026-05-20 10:53:40,307 [DEBUG] itemku: 📡 API: https://www.itemku.com/~partytown/proxytown
2026-05-20 10:53:40,307 [DEBUG] itemku: 📡 API: https://www.itemku.com/~partytown/proxytown
2026-05-20 10:53:40,308 [DEBUG] itemku: 📡 API: https://www.itemku.com/~partytown/proxytown
2026-05-20 10:53:40,308 [DEBUG] itemku: 📡 API: https://www.itemku.com/~partytown/proxytown
2026-05-20 10:53:40,309 [DEBUG] itemku: 📡 API: https://www.itemku.com/~partytown/proxytown
2026-05-20 10:53:40,311 [DEBUG] itemku: 📡 API: https://www.itemku.com/~partytown/proxytown
2026-05-20 10:53:40,311 [DEBUG] itemku: 📡 API: https://www.itemku.com/~partytown/proxytown
2026-05-20 10:53:40,311 [DEBUG] itemku: 📡 API: https://www.itemku.com/~partytown/proxytown
2026-05-20 10:53:40,312 [DEBUG] itemku: 📡 API: https://www.itemku.com/~partytown/proxytown
2026-05-20 10:53:40,312 [DEBUG] itemku: 📡 API: https://www.itemku.com/~partytown/proxytown
2026-05-20 10:53:40,316 [DEBUG] itemku: 📡 API: https://www.itemku.com/~partytown/proxytown
2026-05-20 10:53:40,319 [DEBUG] itemku: 📡 API: https://www.itemku.com/~partytown/proxytown
2026-05-20 10:53:40,324 [DEBUG] itemku: 📡 API: https://www.itemku.com/~partytown/proxytown
2026-05-20 10:53:40,327 [DEBUG] itemku: 📡 API: https://www.itemku.com/~partytown/proxytown
2026-05-20 10:53:40,332 [DEBUG] itemku: 📡 API: https://www.itemku.com/~partytown/proxytown
2026-05-20 10:53:40,336 [DEBUG] itemku: 📡 API: https://www.itemku.com/~partytown/proxytown
2026-05-20 10:53:40,340 [DEBUG] itemku: 📡 API: https://www.itemku.com/~partytown/proxytown
2026-05-20 10:53:40,345 [DEBUG] itemku: 📡 API: https://www.itemku.com/~partytown/proxytown
2026-05-20 10:53:40,351 [DEBUG] itemku: 📡 API: https://www.itemku.com/~partytown/proxytown
2026-05-20 10:53:40,359 [DEBUG] itemku: 📡 API: https://www.itemku.com/~partytown/proxytown
2026-05-20 10:53:40,359 [DEBUG] itemku: 📡 API: https://www.itemku.com/~partytown/proxytown
2026-05-20 10:53:40,367 [DEBUG] itemku: 📡 API: https://www.itemku.com/~partytown/proxytown
2026-05-20 10:53:40,372 [DEBUG] itemku: 📡 API: https://www.itemku.com/~partytown/proxytown
2026-05-20 10:53:40,372 [DEBUG] itemku: 📡 API: https://www.itemku.com/~partytown/proxytown
2026-05-20 10:53:40,377 [DEBUG] itemku: 📡 API: https://www.itemku.com/~partytown/proxytown
2026-05-20 10:53:40,413 [DEBUG] itemku: 📡 API: https://www.itemku.com/~partytown/proxytown
2026-05-20 10:53:40,414 [DEBUG] itemku: 📡 API: https://www.itemku.com/~partytown/proxytown
2026-05-20 10:53:40,429 [DEBUG] itemku: 📡 API: https://www.itemku.com/~partytown/proxytown
2026-05-20 10:53:40,436 [DEBUG] itemku: 📡 API: https://www.itemku.com/~partytown/proxytown
2026-05-20 10:53:40,441 [DEBUG] itemku: 📡 API: https://www.itemku.com/~partytown/proxytown
2026-05-20 10:53:40,441 [DEBUG] itemku: 📡 API: https://www.itemku.com/~partytown/proxytown
2026-05-20 10:53:40,447 [DEBUG] itemku: 📡 API: https://www.itemku.com/~partytown/proxytown
2026-05-20 10:53:40,453 [DEBUG] itemku: 📡 API: https://www.itemku.com/~partytown/proxytown
2026-05-20 10:53:40,458 [DEBUG] itemku: 📡 API: https://www.itemku.com/~partytown/proxytown
2026-05-20 10:53:40,459 [DEBUG] itemku: 📡 API: https://www.itemku.com/~partytown/proxytown
2026-05-20 10:53:40,694 [DEBUG] itemku: 📡 API: https://script.crazyegg.com/pages/data-scripts/0113/7987/sampling/www.itemku.com.json?t=1
2026-05-20 10:53:48,461 [INFO] itemku: 📜 Scroll halaman...
2026-05-20 10:53:48,862 [DEBUG] itemku: 📡 API: https://www.itemku.com/~partytown/proxytown
2026-05-20 10:53:50,612 [DEBUG] itemku: 📡 API: https://www.itemku.com/~partytown/proxytown
2026-05-20 10:53:50,756 [DEBUG] itemku: 📡 API: https://www.itemku.com/~partytown/proxytown
2026-05-20 10:53:50,765 [DEBUG] itemku: 📡 API: https://www.itemku.com/~partytown/proxytown
2026-05-20 10:53:50,769 [DEBUG] itemku: 📡 API: https://www.itemku.com/~partytown/proxytown
2026-05-20 10:53:50,773 [DEBUG] itemku: 📡 API: https://www.itemku.com/~partytown/proxytown
2026-05-20 10:53:50,781 [DEBUG] itemku: 📡 API: https://www.itemku.com/~partytown/proxytown
2026-05-20 10:53:50,793 [DEBUG] itemku: 📡 API: https://www.itemku.com/~partytown/proxytown
2026-05-20 10:53:50,794 [DEBUG] itemku: 📡 API: https://www.itemku.com/~partytown/proxytown
2026-05-20 10:53:50,805 [DEBUG] itemku: 📡 API: https://www.itemku.com/~partytown/proxytown
2026-05-20 10:53:50,809 [DEBUG] itemku: 📡 API: https://www.itemku.com/~partytown/proxytown
2026-05-20 10:53:50,812 [DEBUG] itemku: 📡 API: https://www.itemku.com/~partytown/proxytown
2026-05-20 10:53:50,815 [DEBUG] itemku: 📡 API: https://www.itemku.com/~partytown/proxytown
2026-05-20 10:53:50,816 [DEBUG] itemku: 📡 API: https://www.itemku.com/~partytown/proxytown
2026-05-20 10:53:50,822 [DEBUG] itemku: 📡 API: https://www.itemku.com/~partytown/proxytown
2026-05-20 10:53:50,823 [DEBUG] itemku: 📡 API: https://www.itemku.com/~partytown/proxytown
2026-05-20 10:53:50,833 [DEBUG] itemku: 📡 API: https://www.itemku.com/~partytown/proxytown
2026-05-20 10:53:50,838 [DEBUG] itemku: 📡 API: https://www.itemku.com/~partytown/proxytown
2026-05-20 10:53:50,842 [DEBUG] itemku: 📡 API: https://www.itemku.com/~partytown/proxytown
2026-05-20 10:53:50,845 [DEBUG] itemku: 📡 API: https://www.itemku.com/~partytown/proxytown
2026-05-20 10:53:50,851 [DEBUG] itemku: 📡 API: https://www.itemku.com/~partytown/proxytown
2026-05-20 10:53:50,851 [DEBUG] itemku: 📡 API: https://www.itemku.com/~partytown/proxytown
2026-05-20 10:53:50,942 [DEBUG] itemku: 📡 API: https://www.itemku.com/~partytown/proxytown
2026-05-20 10:53:50,967 [DEBUG] itemku: 📡 API: https://www.itemku.com/~partytown/proxytown
2026-05-20 10:53:50,967 [DEBUG] itemku: 📡 API: https://www.itemku.com/~partytown/proxytown
2026-05-20 10:53:50,967 [DEBUG] itemku: 📡 API: https://www.itemku.com/~partytown/proxytown
2026-05-20 10:53:50,967 [DEBUG] itemku: 📡 API: https://www.itemku.com/~partytown/proxytown
2026-05-20 10:53:50,968 [DEBUG] itemku: 📡 API: https://www.itemku.com/~partytown/proxytown
2026-05-20 10:53:50,968 [DEBUG] itemku: 📡 API: https://www.itemku.com/~partytown/proxytown
2026-05-20 10:53:50,969 [DEBUG] itemku: 📡 API: https://www.itemku.com/~partytown/proxytown
2026-05-20 10:53:50,969 [DEBUG] itemku: 📡 API: https://www.itemku.com/~partytown/proxytown
2026-05-20 10:53:50,969 [DEBUG] itemku: 📡 API: https://www.itemku.com/~partytown/proxytown
2026-05-20 10:53:50,969 [DEBUG] itemku: 📡 API: https://www.itemku.com/~partytown/proxytown
2026-05-20 10:53:50,969 [DEBUG] itemku: 📡 API: https://www.itemku.com/~partytown/proxytown
2026-05-20 10:53:50,970 [DEBUG] itemku: 📡 API: https://www.itemku.com/~partytown/proxytown
2026-05-20 10:53:50,970 [DEBUG] itemku: 📡 API: https://www.itemku.com/~partytown/proxytown
2026-05-20 10:53:50,970 [DEBUG] itemku: 📡 API: https://www.itemku.com/~partytown/proxytown
2026-05-20 10:53:50,970 [DEBUG] itemku: 📡 API: https://www.itemku.com/~partytown/proxytown
2026-05-20 10:53:50,970 [DEBUG] itemku: 📡 API: https://www.itemku.com/~partytown/proxytown
2026-05-20 10:53:50,972 [DEBUG] itemku: 📡 API: https://www.itemku.com/~partytown/proxytown
2026-05-20 10:53:50,972 [DEBUG] itemku: 📡 API: https://www.itemku.com/~partytown/proxytown
2026-05-20 10:53:50,972 [DEBUG] itemku: 📡 API: https://www.itemku.com/~partytown/proxytown
2026-05-20 10:53:50,972 [DEBUG] itemku: 📡 API: https://www.itemku.com/~partytown/proxytown
2026-05-20 10:53:50,972 [DEBUG] itemku: 📡 API: https://www.itemku.com/~partytown/proxytown
2026-05-20 10:53:50,972 [DEBUG] itemku: 📡 API: https://www.itemku.com/~partytown/proxytown
2026-05-20 10:53:50,973 [DEBUG] itemku: 📡 API: https://www.itemku.com/~partytown/proxytown
2026-05-20 10:53:50,973 [DEBUG] itemku: 📡 API: https://www.itemku.com/~partytown/proxytown
2026-05-20 10:53:50,973 [DEBUG] itemku: 📡 API: https://www.itemku.com/~partytown/proxytown
2026-05-20 10:53:50,973 [DEBUG] itemku: 📡 API: https://www.itemku.com/~partytown/proxytown
2026-05-20 10:53:50,973 [DEBUG] itemku: 📡 API: https://www.itemku.com/~partytown/proxytown
2026-05-20 10:53:50,973 [DEBUG] itemku: 📡 API: https://www.itemku.com/~partytown/proxytown
2026-05-20 10:53:50,977 [DEBUG] itemku: 📡 API: https://www.itemku.com/~partytown/proxytown
2026-05-20 10:53:50,977 [DEBUG] itemku: 📡 API: https://www.itemku.com/~partytown/proxytown
2026-05-20 10:53:50,977 [DEBUG] itemku: 📡 API: https://www.itemku.com/~partytown/proxytown
2026-05-20 10:53:50,983 [DEBUG] itemku: 📡 API: https://www.itemku.com/~partytown/proxytown
2026-05-20 10:53:50,990 [DEBUG] itemku: 📡 API: https://www.itemku.com/~partytown/proxytown
2026-05-20 10:53:50,994 [DEBUG] itemku: 📡 API: https://www.itemku.com/~partytown/proxytown
2026-05-20 10:53:50,996 [DEBUG] itemku: 📡 API: https://www.itemku.com/~partytown/proxytown
2026-05-20 10:53:52,595 [DEBUG] itemku: 📡 API: https://www.itemku.com/~partytown/proxytown
2026-05-20 10:53:52,771 [DEBUG] itemku: 📡 API: https://www.itemku.com/~partytown/proxytown
2026-05-20 10:53:52,771 [DEBUG] itemku: 📡 API: https://www.itemku.com/~partytown/proxytown
2026-05-20 10:53:52,780 [DEBUG] itemku: 📡 API: https://www.itemku.com/~partytown/proxytown
2026-05-20 10:53:52,786 [DEBUG] itemku: 📡 API: https://www.itemku.com/~partytown/proxytown
2026-05-20 10:53:52,787 [DEBUG] itemku: 📡 API: https://www.itemku.com/~partytown/proxytown
2026-05-20 10:53:52,808 [DEBUG] itemku: 📡 API: https://www.itemku.com/~partytown/proxytown
2026-05-20 10:53:52,808 [DEBUG] itemku: 📡 API: https://www.itemku.com/~partytown/proxytown
2026-05-20 10:53:52,825 [DEBUG] itemku: 📡 API: https://www.itemku.com/~partytown/proxytown
2026-05-20 10:53:52,826 [DEBUG] itemku: 📡 API: https://www.itemku.com/~partytown/proxytown
2026-05-20 10:53:52,832 [DEBUG] itemku: 📡 API: https://www.itemku.com/~partytown/proxytown
2026-05-20 10:53:52,832 [DEBUG] itemku: 📡 API: https://www.itemku.com/~partytown/proxytown
2026-05-20 10:53:52,842 [DEBUG] itemku: 📡 API: https://www.itemku.com/~partytown/proxytown
2026-05-20 10:53:52,842 [DEBUG] itemku: 📡 API: https://www.itemku.com/~partytown/proxytown
2026-05-20 10:53:52,850 [DEBUG] itemku: 📡 API: https://www.itemku.com/~partytown/proxytown
2026-05-20 10:53:52,862 [DEBUG] itemku: 📡 API: https://www.itemku.com/~partytown/proxytown
2026-05-20 10:53:52,871 [DEBUG] itemku: 📡 API: https://www.itemku.com/~partytown/proxytown
2026-05-20 10:53:52,877 [DEBUG] itemku: 📡 API: https://www.itemku.com/~partytown/proxytown
2026-05-20 10:53:52,878 [DEBUG] itemku: 📡 API: https://www.itemku.com/~partytown/proxytown
2026-05-20 10:53:52,889 [DEBUG] itemku: 📡 API: https://www.itemku.com/~partytown/proxytown
2026-05-20 10:53:52,902 [DEBUG] itemku: 📡 API: https://www.itemku.com/~partytown/proxytown
2026-05-20 10:53:52,906 [DEBUG] itemku: 📡 API: https://www.itemku.com/~partytown/proxytown
2026-05-20 10:53:52,913 [DEBUG] itemku: 📡 API: https://www.itemku.com/~partytown/proxytown
2026-05-20 10:53:52,914 [DEBUG] itemku: 📡 API: https://www.itemku.com/~partytown/proxytown
2026-05-20 10:53:52,921 [DEBUG] itemku: 📡 API: https://www.itemku.com/~partytown/proxytown
2026-05-20 10:53:52,926 [DEBUG] itemku: 📡 API: https://www.itemku.com/~partytown/proxytown
2026-05-20 10:53:52,929 [DEBUG] itemku: 📡 API: https://www.itemku.com/~partytown/proxytown
2026-05-20 10:53:52,932 [DEBUG] itemku: 📡 API: https://www.itemku.com/~partytown/proxytown
2026-05-20 10:53:52,936 [DEBUG] itemku: 📡 API: https://www.itemku.com/~partytown/proxytown
2026-05-20 10:53:52,940 [DEBUG] itemku: 📡 API: https://www.itemku.com/~partytown/proxytown
2026-05-20 10:53:52,940 [DEBUG] itemku: 📡 API: https://www.itemku.com/~partytown/proxytown
2026-05-20 10:53:52,949 [DEBUG] itemku: 📡 API: https://www.itemku.com/~partytown/proxytown
2026-05-20 10:53:52,954 [DEBUG] itemku: 📡 API: https://www.itemku.com/~partytown/proxytown
2026-05-20 10:53:52,963 [DEBUG] itemku: 📡 API: https://www.itemku.com/~partytown/proxytown
2026-05-20 10:53:52,977 [DEBUG] itemku: 📡 API: https://www.itemku.com/~partytown/proxytown
2026-05-20 10:53:52,977 [DEBUG] itemku: 📡 API: https://www.itemku.com/~partytown/proxytown
2026-05-20 10:53:52,985 [DEBUG] itemku: 📡 API: https://www.itemku.com/~partytown/proxytown
2026-05-20 10:53:52,990 [DEBUG] itemku: 📡 API: https://www.itemku.com/~partytown/proxytown
2026-05-20 10:53:52,990 [DEBUG] itemku: 📡 API: https://www.itemku.com/~partytown/proxytown
2026-05-20 10:53:52,997 [DEBUG] itemku: 📡 API: https://www.itemku.com/~partytown/proxytown
2026-05-20 10:53:53,001 [DEBUG] itemku: 📡 API: https://www.itemku.com/~partytown/proxytown
2026-05-20 10:53:53,003 [DEBUG] itemku: 📡 API: https://www.itemku.com/~partytown/proxytown
2026-05-20 10:53:53,006 [DEBUG] itemku: 📡 API: https://www.itemku.com/~partytown/proxytown
2026-05-20 10:53:53,009 [DEBUG] itemku: 📡 API: https://www.itemku.com/~partytown/proxytown
2026-05-20 10:53:53,012 [DEBUG] itemku: 📡 API: https://www.itemku.com/~partytown/proxytown
2026-05-20 10:53:53,012 [DEBUG] itemku: 📡 API: https://www.itemku.com/~partytown/proxytown
2026-05-20 10:53:53,018 [DEBUG] itemku: 📡 API: https://www.itemku.com/~partytown/proxytown
2026-05-20 10:53:53,022 [DEBUG] itemku: 📡 API: https://www.itemku.com/~partytown/proxytown
2026-05-20 10:53:53,022 [DEBUG] itemku: 📡 API: https://www.itemku.com/~partytown/proxytown
2026-05-20 10:53:53,027 [DEBUG] itemku: 📡 API: https://www.itemku.com/~partytown/proxytown
2026-05-20 10:53:53,030 [DEBUG] itemku: 📡 API: https://www.itemku.com/~partytown/proxytown
2026-05-20 10:53:53,034 [DEBUG] itemku: 📡 API: https://www.itemku.com/~partytown/proxytown
2026-05-20 10:53:53,038 [DEBUG] itemku: 📡 API: https://www.itemku.com/~partytown/proxytown
2026-05-20 10:53:53,046 [DEBUG] itemku: 📡 API: https://www.itemku.com/~partytown/proxytown
2026-05-20 10:53:53,056 [DEBUG] itemku: 📡 API: https://www.itemku.com/~partytown/proxytown
2026-05-20 10:53:53,060 [DEBUG] itemku: 📡 API: https://www.itemku.com/~partytown/proxytown
2026-05-20 10:53:53,062 [DEBUG] itemku: 📡 API: https://www.itemku.com/~partytown/proxytown
2026-05-20 10:53:54,800 [DEBUG] itemku: 📡 API: https://www.itemku.com/~partytown/proxytown
2026-05-20 10:53:54,812 [DEBUG] itemku: 📡 API: https://www.itemku.com/~partytown/proxytown
2026-05-20 10:53:54,819 [DEBUG] itemku: 📡 API: https://www.itemku.com/~partytown/proxytown
2026-05-20 10:53:54,824 [DEBUG] itemku: 📡 API: https://www.itemku.com/~partytown/proxytown
2026-05-20 10:53:54,832 [DEBUG] itemku: 📡 API: https://www.itemku.com/~partytown/proxytown
2026-05-20 10:53:54,847 [DEBUG] itemku: 📡 API: https://www.itemku.com/~partytown/proxytown
2026-05-20 10:53:54,857 [DEBUG] itemku: 📡 API: https://www.itemku.com/~partytown/proxytown
2026-05-20 10:53:54,861 [DEBUG] itemku: 📡 API: https://www.itemku.com/~partytown/proxytown
2026-05-20 10:53:54,865 [DEBUG] itemku: 📡 API: https://www.itemku.com/~partytown/proxytown
2026-05-20 10:53:54,870 [DEBUG] itemku: 📡 API: https://www.itemku.com/~partytown/proxytown
2026-05-20 10:53:54,874 [DEBUG] itemku: 📡 API: https://www.itemku.com/~partytown/proxytown
2026-05-20 10:53:54,879 [DEBUG] itemku: 📡 API: https://www.itemku.com/~partytown/proxytown
2026-05-20 10:53:54,884 [DEBUG] itemku: 📡 API: https://www.itemku.com/~partytown/proxytown
2026-05-20 10:53:54,888 [DEBUG] itemku: 📡 API: https://www.itemku.com/~partytown/proxytown
2026-05-20 10:53:54,893 [DEBUG] itemku: 📡 API: https://www.itemku.com/~partytown/proxytown
2026-05-20 10:53:54,897 [DEBUG] itemku: 📡 API: https://www.itemku.com/~partytown/proxytown
2026-05-20 10:53:54,900 [DEBUG] itemku: 📡 API: https://www.itemku.com/~partytown/proxytown
2026-05-20 10:53:54,902 [DEBUG] itemku: 📡 API: https://www.itemku.com/~partytown/proxytown
2026-05-20 10:53:54,903 [DEBUG] itemku: 📡 API: https://www.itemku.com/~partytown/proxytown
2026-05-20 10:53:54,907 [DEBUG] itemku: 📡 API: https://www.itemku.com/~partytown/proxytown
2026-05-20 10:53:54,911 [DEBUG] itemku: 📡 API: https://www.itemku.com/~partytown/proxytown
2026-05-20 10:53:54,915 [DEBUG] itemku: 📡 API: https://www.itemku.com/~partytown/proxytown
2026-05-20 10:53:54,918 [DEBUG] itemku: 📡 API: https://www.itemku.com/~partytown/proxytown
2026-05-20 10:53:54,924 [DEBUG] itemku: 📡 API: https://www.itemku.com/~partytown/proxytown
2026-05-20 10:53:54,929 [DEBUG] itemku: 📡 API: https://www.itemku.com/~partytown/proxytown
2026-05-20 10:53:54,929 [DEBUG] itemku: 📡 API: https://www.itemku.com/~partytown/proxytown
2026-05-20 10:53:54,933 [DEBUG] itemku: 📡 API: https://www.itemku.com/~partytown/proxytown
2026-05-20 10:53:54,940 [DEBUG] itemku: 📡 API: https://www.itemku.com/~partytown/proxytown
2026-05-20 10:53:54,944 [DEBUG] itemku: 📡 API: https://www.itemku.com/~partytown/proxytown
2026-05-20 10:53:54,950 [DEBUG] itemku: 📡 API: https://www.itemku.com/~partytown/proxytown
2026-05-20 10:53:54,950 [DEBUG] itemku: 📡 API: https://www.itemku.com/~partytown/proxytown
2026-05-20 10:53:54,958 [DEBUG] itemku: 📡 API: https://www.itemku.com/~partytown/proxytown
2026-05-20 10:53:54,963 [DEBUG] itemku: 📡 API: https://www.itemku.com/~partytown/proxytown
2026-05-20 10:53:54,964 [DEBUG] itemku: 📡 API: https://www.itemku.com/~partytown/proxytown
2026-05-20 10:53:54,969 [DEBUG] itemku: 📡 API: https://www.itemku.com/~partytown/proxytown
2026-05-20 10:53:54,973 [DEBUG] itemku: 📡 API: https://www.itemku.com/~partytown/proxytown
2026-05-20 10:53:54,977 [DEBUG] itemku: 📡 API: https://www.itemku.com/~partytown/proxytown
2026-05-20 10:53:54,981 [DEBUG] itemku: 📡 API: https://www.itemku.com/~partytown/proxytown
2026-05-20 10:53:54,986 [DEBUG] itemku: 📡 API: https://www.itemku.com/~partytown/proxytown
2026-05-20 10:53:54,986 [DEBUG] itemku: 📡 API: https://www.itemku.com/~partytown/proxytown
2026-05-20 10:53:54,991 [DEBUG] itemku: 📡 API: https://www.itemku.com/~partytown/proxytown
2026-05-20 10:53:54,999 [DEBUG] itemku: 📡 API: https://www.itemku.com/~partytown/proxytown
2026-05-20 10:53:55,004 [DEBUG] itemku: 📡 API: https://www.itemku.com/~partytown/proxytown
2026-05-20 10:53:55,008 [DEBUG] itemku: 📡 API: https://www.itemku.com/~partytown/proxytown
2026-05-20 10:53:55,011 [DEBUG] itemku: 📡 API: https://www.itemku.com/~partytown/proxytown
2026-05-20 10:53:55,017 [DEBUG] itemku: 📡 API: https://www.itemku.com/~partytown/proxytown
2026-05-20 10:53:55,017 [DEBUG] itemku: 📡 API: https://www.itemku.com/~partytown/proxytown
2026-05-20 10:53:55,024 [DEBUG] itemku: 📡 API: https://www.itemku.com/~partytown/proxytown
2026-05-20 10:53:55,027 [DEBUG] itemku: 📡 API: https://www.itemku.com/~partytown/proxytown
2026-05-20 10:53:55,031 [DEBUG] itemku: 📡 API: https://www.itemku.com/~partytown/proxytown
2026-05-20 10:53:55,035 [DEBUG] itemku: 📡 API: https://www.itemku.com/~partytown/proxytown
2026-05-20 10:53:55,038 [DEBUG] itemku: 📡 API: https://www.itemku.com/~partytown/proxytown
2026-05-20 10:53:55,042 [DEBUG] itemku: 📡 API: https://www.itemku.com/~partytown/proxytown
2026-05-20 10:53:55,046 [DEBUG] itemku: 📡 API: https://www.itemku.com/~partytown/proxytown
2026-05-20 10:53:55,046 [DEBUG] itemku: 📡 API: https://www.itemku.com/~partytown/proxytown
2026-05-20 10:53:55,048 [DEBUG] itemku: 📡 API: https://www.itemku.com/~partytown/proxytown
2026-05-20 10:53:56,818 [DEBUG] itemku: 📡 API: https://www.itemku.com/~partytown/proxytown
2026-05-20 10:53:56,833 [DEBUG] itemku: 📡 API: https://www.itemku.com/~partytown/proxytown
2026-05-20 10:53:56,846 [DEBUG] itemku: 📡 API: https://www.itemku.com/~partytown/proxytown
2026-05-20 10:53:56,852 [DEBUG] itemku: 📡 API: https://www.itemku.com/~partytown/proxytown
2026-05-20 10:53:56,862 [DEBUG] itemku: 📡 API: https://www.itemku.com/~partytown/proxytown
2026-05-20 10:53:56,873 [DEBUG] itemku: 📡 API: https://www.itemku.com/~partytown/proxytown
2026-05-20 10:53:56,873 [DEBUG] itemku: 📡 API: https://www.itemku.com/~partytown/proxytown
2026-05-20 10:53:56,882 [DEBUG] itemku: 📡 API: https://www.itemku.com/~partytown/proxytown
2026-05-20 10:53:56,888 [DEBUG] itemku: 📡 API: https://www.itemku.com/~partytown/proxytown
2026-05-20 10:53:56,889 [DEBUG] itemku: 📡 API: https://www.itemku.com/~partytown/proxytown
2026-05-20 10:53:56,900 [DEBUG] itemku: 📡 API: https://www.itemku.com/~partytown/proxytown
2026-05-20 10:53:56,907 [DEBUG] itemku: 📡 API: https://www.itemku.com/~partytown/proxytown
2026-05-20 10:53:56,908 [DEBUG] itemku: 📡 API: https://www.itemku.com/~partytown/proxytown
2026-05-20 10:53:56,914 [DEBUG] itemku: 📡 API: https://www.itemku.com/~partytown/proxytown
2026-05-20 10:53:56,920 [DEBUG] itemku: 📡 API: https://www.itemku.com/~partytown/proxytown
2026-05-20 10:53:56,920 [DEBUG] itemku: 📡 API: https://www.itemku.com/~partytown/proxytown
2026-05-20 10:53:56,929 [DEBUG] itemku: 📡 API: https://www.itemku.com/~partytown/proxytown
2026-05-20 10:53:56,930 [DEBUG] itemku: 📡 API: https://www.itemku.com/~partytown/proxytown
2026-05-20 10:53:56,936 [DEBUG] itemku: 📡 API: https://www.itemku.com/~partytown/proxytown
2026-05-20 10:53:56,936 [DEBUG] itemku: 📡 API: https://www.itemku.com/~partytown/proxytown
2026-05-20 10:53:56,941 [DEBUG] itemku: 📡 API: https://www.itemku.com/~partytown/proxytown
2026-05-20 10:53:56,948 [DEBUG] itemku: 📡 API: https://www.itemku.com/~partytown/proxytown
2026-05-20 10:53:56,951 [DEBUG] itemku: 📡 API: https://www.itemku.com/~partytown/proxytown
2026-05-20 10:53:56,955 [DEBUG] itemku: 📡 API: https://www.itemku.com/~partytown/proxytown
2026-05-20 10:53:56,959 [DEBUG] itemku: 📡 API: https://www.itemku.com/~partytown/proxytown
2026-05-20 10:53:56,961 [DEBUG] itemku: 📡 API: https://www.itemku.com/~partytown/proxytown
2026-05-20 10:53:56,965 [DEBUG] itemku: 📡 API: https://www.itemku.com/~partytown/proxytown
2026-05-20 10:53:56,966 [DEBUG] itemku: 📡 API: https://www.itemku.com/~partytown/proxytown
2026-05-20 10:53:56,970 [DEBUG] itemku: 📡 API: https://www.itemku.com/~partytown/proxytown
2026-05-20 10:53:56,976 [DEBUG] itemku: 📡 API: https://www.itemku.com/~partytown/proxytown
2026-05-20 10:53:56,983 [DEBUG] itemku: 📡 API: https://www.itemku.com/~partytown/proxytown
2026-05-20 10:53:56,990 [DEBUG] itemku: 📡 API: https://www.itemku.com/~partytown/proxytown
2026-05-20 10:53:56,996 [DEBUG] itemku: 📡 API: https://www.itemku.com/~partytown/proxytown
2026-05-20 10:53:56,996 [DEBUG] itemku: 📡 API: https://www.itemku.com/~partytown/proxytown
2026-05-20 10:53:57,003 [DEBUG] itemku: 📡 API: https://www.itemku.com/~partytown/proxytown
2026-05-20 10:53:57,006 [DEBUG] itemku: 📡 API: https://www.itemku.com/~partytown/proxytown
2026-05-20 10:53:57,009 [DEBUG] itemku: 📡 API: https://www.itemku.com/~partytown/proxytown
2026-05-20 10:53:57,013 [DEBUG] itemku: 📡 API: https://www.itemku.com/~partytown/proxytown
2026-05-20 10:53:57,013 [DEBUG] itemku: 📡 API: https://www.itemku.com/~partytown/proxytown
2026-05-20 10:53:57,020 [DEBUG] itemku: 📡 API: https://www.itemku.com/~partytown/proxytown
2026-05-20 10:53:57,024 [DEBUG] itemku: 📡 API: https://www.itemku.com/~partytown/proxytown
2026-05-20 10:53:57,024 [DEBUG] itemku: 📡 API: https://www.itemku.com/~partytown/proxytown
2026-05-20 10:53:57,031 [DEBUG] itemku: 📡 API: https://www.itemku.com/~partytown/proxytown
2026-05-20 10:53:57,031 [DEBUG] itemku: 📡 API: https://www.itemku.com/~partytown/proxytown
2026-05-20 10:53:57,039 [DEBUG] itemku: 📡 API: https://www.itemku.com/~partytown/proxytown
2026-05-20 10:53:57,039 [DEBUG] itemku: 📡 API: https://www.itemku.com/~partytown/proxytown
2026-05-20 10:53:57,048 [DEBUG] itemku: 📡 API: https://www.itemku.com/~partytown/proxytown
2026-05-20 10:53:57,051 [DEBUG] itemku: 📡 API: https://www.itemku.com/~partytown/proxytown
2026-05-20 10:53:57,053 [DEBUG] itemku: 📡 API: https://www.itemku.com/~partytown/proxytown
2026-05-20 10:53:57,058 [DEBUG] itemku: 📡 API: https://www.itemku.com/~partytown/proxytown
2026-05-20 10:53:57,058 [DEBUG] itemku: 📡 API: https://www.itemku.com/~partytown/proxytown
2026-05-20 10:53:57,066 [DEBUG] itemku: 📡 API: https://www.itemku.com/~partytown/proxytown
2026-05-20 10:53:57,066 [DEBUG] itemku: 📡 API: https://www.itemku.com/~partytown/proxytown
2026-05-20 10:53:57,074 [DEBUG] itemku: 📡 API: https://www.itemku.com/~partytown/proxytown
2026-05-20 10:53:57,074 [DEBUG] itemku: 📡 API: https://www.itemku.com/~partytown/proxytown
2026-05-20 10:53:57,075 [DEBUG] itemku: 📡 API: https://www.itemku.com/~partytown/proxytown
2026-05-20 10:54:28,985 [INFO] itemku: 💾 Simpan debug...
2026-05-20 10:54:29,231 [DEBUG] itemku: 📡 API: https://www.itemku.com/~partytown/proxytown
2026-05-20 10:54:30,235 [INFO] itemku: 📸 Screenshot tersimpan
2026-05-20 10:54:30,236 [INFO] itemku: 📡 API tertangkap: 710
2026-05-20 10:54:30,237 [INFO] itemku: ✅ Produk dari API: 13
2026-05-20 10:54:30,278 [INFO] itemku: 📦 Total produk: 13
2026-05-20 10:54:30,279 [DEBUG] itemku: ⏳ Delay 4.9s...
2026-05-20 10:54:35,214 [INFO] itemku: 
============================================================
2026-05-20 10:54:35,215 [INFO] itemku: 📂 KATEGORI: steam-wallet
2026-05-20 10:54:35,216 [INFO] itemku: ============================================================
2026-05-20 10:54:35,217 [INFO] itemku: 🔍 Scrape kategori:
2026-05-20 10:54:35,217 [INFO] itemku:    URL: https://www.itemku.com/c/steam-wallet
2026-05-20 10:54:37,679 [DEBUG] itemku: 📡 API: https://files.itemku.com/language/id.json
2026-05-20 10:54:37,691 [DEBUG] itemku: 📡 API: https://api-gateway.itemku.com/v1/user-location
2026-05-20 10:54:37,923 [DEBUG] itemku: 📡 API: https://www.itemku.com/~partytown/proxytown
2026-05-20 10:54:37,928 [DEBUG] itemku: 📡 API: https://www.itemku.com/~partytown/proxytown
2026-05-20 10:54:37,934 [DEBUG] itemku: 📡 API: https://www.itemku.com/~partytown/proxytown
2026-05-20 10:54:37,939 [DEBUG] itemku: 📡 API: https://www.itemku.com/~partytown/proxytown
2026-05-20 10:54:37,944 [DEBUG] itemku: 📡 API: https://www.itemku.com/~partytown/proxytown
2026-05-20 10:54:37,950 [DEBUG] itemku: 📡 API: https://www.itemku.com/~partytown/proxytown
2026-05-20 10:54:37,955 [DEBUG] itemku: 📡 API: https://www.itemku.com/~partytown/proxytown
2026-05-20 10:54:37,958 [DEBUG] itemku: 📡 API: https://www.itemku.com/~partytown/proxytown
2026-05-20 10:54:37,974 [DEBUG] itemku: 📡 API: https://www.itemku.com/~partytown/proxytown
2026-05-20 10:54:37,992 [DEBUG] itemku: 📡 API: https://www.itemku.com/~partytown/proxytown
2026-05-20 10:54:38,017 [DEBUG] itemku: 📡 API: https://api-gateway.itemku.com/v1/product/game-category?country_codes[]=id&slug=mobile-game&is_exclude_empty_game_category_lists=true&per_page=50&is_exclusive=false
2026-05-20 10:54:38,019 [DEBUG] itemku: 📡 API: https://api-gateway.itemku.com/v1/metadata/icon-placeholder-mobile-payment
2026-05-20 10:54:38,027 [DEBUG] itemku: 📡 API: https://www.itemku.com/_next/data/ox5kkx6ecmuea2igmr6vx/c/tipe-produk.json
2026-05-20 10:54:38,028 [DEBUG] itemku: 📡 API: https://api-gateway.itemku.com/v1/currency/detail
2026-05-20 10:54:38,032 [DEBUG] itemku: 📡 API: https://www.itemku.com/~partytown/proxytown
2026-05-20 10:54:38,046 [DEBUG] itemku: 📡 API: https://www.itemku.com/~partytown/proxytown
2026-05-20 10:54:39,063 [DEBUG] itemku: 📡 API: https://www.itemku.com/~partytown/proxytown
2026-05-20 10:54:39,067 [DEBUG] itemku: 📡 API: https://www.itemku.com/~partytown/proxytown
2026-05-20 10:54:39,241 [DEBUG] itemku: 📡 API: https://api-gateway.itemku.com/v1/expansion-country?sort=sequence
2026-05-20 10:54:39,333 [DEBUG] itemku: 📡 API: https://www.itemku.com/~partytown/proxytown
2026-05-20 10:54:39,342 [DEBUG] itemku: 📡 API: https://www.itemku.com/~partytown/proxytown
2026-05-20 10:54:39,348 [DEBUG] itemku: 📡 API: https://www.itemku.com/~partytown/proxytown
2026-05-20 10:54:39,349 [DEBUG] itemku: 📡 API: https://www.itemku.com/~partytown/proxytown
2026-05-20 10:54:39,455 [DEBUG] itemku: 📡 API: https://www.itemku.com/~partytown/proxytown
2026-05-20 10:54:39,455 [DEBUG] itemku: 📡 API: https://www.itemku.com/~partytown/proxytown
2026-05-20 10:54:39,464 [DEBUG] itemku: 📡 API: https://www.itemku.com/~partytown/proxytown
2026-05-20 10:54:39,473 [DEBUG] itemku: 📡 API: https://www.itemku.com/~partytown/proxytown
2026-05-20 10:54:39,482 [DEBUG] itemku: 📡 API: https://www.itemku.com/~partytown/proxytown
2026-05-20 10:54:39,493 [DEBUG] itemku: 📡 API: https://www.itemku.com/~partytown/proxytown
2026-05-20 10:54:39,497 [DEBUG] itemku: 📡 API: https://www.itemku.com/~partytown/proxytown
2026-05-20 10:54:39,512 [DEBUG] itemku: 📡 API: https://www.itemku.com/~partytown/proxytown
2026-05-20 10:54:39,525 [DEBUG] itemku: 📡 API: https://www.itemku.com/~partytown/proxytown
2026-05-20 10:54:39,526 [DEBUG] itemku: 📡 API: https://www.itemku.com/~partytown/proxytown
2026-05-20 10:54:39,537 [DEBUG] itemku: 📡 API: https://www.itemku.com/~partytown/proxytown
2026-05-20 10:54:39,543 [DEBUG] itemku: 📡 API: https://www.itemku.com/~partytown/proxytown
2026-05-20 10:54:39,548 [DEBUG] itemku: 📡 API: https://www.itemku.com/~partytown/proxytown
2026-05-20 10:54:39,552 [DEBUG] itemku: 📡 API: https://www.itemku.com/~partytown/proxytown
2026-05-20 10:54:39,553 [DEBUG] itemku: 📡 API: https://www.itemku.com/~partytown/proxytown
2026-05-20 10:54:39,561 [DEBUG] itemku: 📡 API: https://www.itemku.com/~partytown/proxytown
2026-05-20 10:54:39,570 [DEBUG] itemku: 📡 API: https://www.itemku.com/~partytown/proxytown
2026-05-20 10:54:39,579 [DEBUG] itemku: 📡 API: https://www.itemku.com/~partytown/proxytown
2026-05-20 10:54:39,585 [DEBUG] itemku: 📡 API: https://www.itemku.com/~partytown/proxytown
2026-05-20 10:54:39,588 [DEBUG] itemku: 📡 API: https://www.itemku.com/~partytown/proxytown
2026-05-20 10:54:39,592 [DEBUG] itemku: 📡 API: https://www.itemku.com/~partytown/proxytown
2026-05-20 10:54:39,598 [DEBUG] itemku: 📡 API: https://www.itemku.com/~partytown/proxytown
2026-05-20 10:54:39,598 [DEBUG] itemku: 📡 API: https://www.itemku.com/~partytown/proxytown
2026-05-20 10:54:39,607 [DEBUG] itemku: 📡 API: https://www.itemku.com/~partytown/proxytown
2026-05-20 10:54:39,615 [DEBUG] itemku: 📡 API: https://www.itemku.com/~partytown/proxytown
2026-05-20 10:54:39,616 [DEBUG] itemku: 📡 API: https://www.itemku.com/~partytown/proxytown
2026-05-20 10:54:39,624 [DEBUG] itemku: 📡 API: https://www.itemku.com/~partytown/proxytown
2026-05-20 10:54:39,629 [DEBUG] itemku: 📡 API: https://www.itemku.com/~partytown/proxytown
2026-05-20 10:54:39,630 [DEBUG] itemku: 📡 API: https://www.itemku.com/~partytown/proxytown
2026-05-20 10:54:39,635 [DEBUG] itemku: 📡 API: https://www.itemku.com/~partytown/proxytown
2026-05-20 10:54:39,643 [DEBUG] itemku: 📡 API: https://www.itemku.com/~partytown/proxytown
2026-05-20 10:54:39,648 [DEBUG] itemku: 📡 API: https://www.itemku.com/~partytown/proxytown
2026-05-20 10:54:39,652 [DEBUG] itemku: 📡 API: https://www.itemku.com/~partytown/proxytown
2026-05-20 10:54:39,656 [DEBUG] itemku: 📡 API: https://www.itemku.com/~partytown/proxytown
2026-05-20 10:54:39,660 [DEBUG] itemku: 📡 API: https://www.itemku.com/~partytown/proxytown
2026-05-20 10:54:39,663 [DEBUG] itemku: 📡 API: https://www.itemku.com/~partytown/proxytown
2026-05-20 10:54:39,668 [DEBUG] itemku: 📡 API: https://www.itemku.com/~partytown/proxytown
2026-05-20 10:54:39,672 [DEBUG] itemku: 📡 API: https://www.itemku.com/~partytown/proxytown
2026-05-20 10:54:39,676 [DEBUG] itemku: 📡 API: https://www.itemku.com/~partytown/proxytown
2026-05-20 10:54:39,680 [DEBUG] itemku: 📡 API: https://www.itemku.com/~partytown/proxytown
2026-05-20 10:54:39,686 [DEBUG] itemku: 📡 API: https://www.itemku.com/~partytown/proxytown
2026-05-20 10:54:39,691 [DEBUG] itemku: 📡 API: https://www.itemku.com/~partytown/proxytown
2026-05-20 10:54:39,697 [DEBUG] itemku: 📡 API: https://www.itemku.com/~partytown/proxytown
2026-05-20 10:54:39,701 [DEBUG] itemku: 📡 API: https://www.itemku.com/~partytown/proxytown
2026-05-20 10:54:39,711 [DEBUG] itemku: 📡 API: https://www.itemku.com/~partytown/proxytown
2026-05-20 10:54:39,718 [DEBUG] itemku: 📡 API: https://www.itemku.com/~partytown/proxytown
2026-05-20 10:54:39,723 [DEBUG] itemku: 📡 API: https://www.itemku.com/~partytown/proxytown
2026-05-20 10:54:39,731 [DEBUG] itemku: 📡 API: https://www.itemku.com/~partytown/proxytown
2026-05-20 10:54:39,738 [DEBUG] itemku: 📡 API: https://www.itemku.com/~partytown/proxytown
2026-05-20 10:54:39,744 [DEBUG] itemku: 📡 API: https://www.itemku.com/~partytown/proxytown
2026-05-20 10:54:39,751 [DEBUG] itemku: 📡 API: https://www.itemku.com/~partytown/proxytown
2026-05-20 10:54:39,759 [DEBUG] itemku: 📡 API: https://www.itemku.com/~partytown/proxytown
2026-05-20 10:54:39,771 [DEBUG] itemku: 📡 API: https://www.itemku.com/~partytown/proxytown
2026-05-20 10:54:39,780 [DEBUG] itemku: 📡 API: https://www.itemku.com/~partytown/proxytown
2026-05-20 10:54:39,787 [DEBUG] itemku: 📡 API: https://www.itemku.com/~partytown/proxytown
2026-05-20 10:54:39,798 [DEBUG] itemku: 📡 API: https://www.itemku.com/~partytown/proxytown
2026-05-20 10:54:39,806 [DEBUG] itemku: 📡 API: https://www.itemku.com/~partytown/proxytown
2026-05-20 10:54:39,809 [DEBUG] itemku: 📡 API: https://www.itemku.com/~partytown/proxytown
2026-05-20 10:54:39,921 [DEBUG] itemku: 📡 API: https://api-gateway.itemku.com/v1/product/game-category-popular?per_page=50&is_exclude_empty_game_category_lists=1&country_codes[]=id&type=1&usecache=false&is_category_v2=true&is_exclusive=false
2026-05-20 10:54:39,935 [DEBUG] itemku: 📡 API: https://api-gateway.itemku.com/v1/product/game-list?per_page=5&sort=latest&country_codes[]=id&utm_src=csr_c2c&is_exclusive=false
2026-05-20 10:54:40,197 [DEBUG] itemku: 📡 API: https://www.itemku.com/~partytown/proxytown
2026-05-20 10:54:40,217 [DEBUG] itemku: 📡 API: https://script.crazyegg.com/pages/data-scripts/0113/7987/site/www.itemku.com.json?t=1
2026-05-20 10:54:40,225 [DEBUG] itemku: 📡 API: https://www.itemku.com/~partytown/proxytown
2026-05-20 10:54:40,284 [DEBUG] itemku: 📡 API: https://www.itemku.com/~partytown/proxytown
2026-05-20 10:54:40,321 [DEBUG] itemku: 📡 API: https://www.itemku.com/~partytown/proxytown
2026-05-20 10:54:40,321 [DEBUG] itemku: 📡 API: https://www.itemku.com/~partytown/proxytown
2026-05-20 10:54:40,326 [DEBUG] itemku: 📡 API: https://www.itemku.com/~partytown/proxytown
2026-05-20 10:54:40,333 [DEBUG] itemku: 📡 API: https://www.itemku.com/~partytown/proxytown
2026-05-20 10:54:40,340 [DEBUG] itemku: 📡 API: https://www.itemku.com/~partytown/proxytown
2026-05-20 10:54:40,348 [DEBUG] itemku: 📡 API: https://www.itemku.com/~partytown/proxytown
2026-05-20 10:54:40,349 [DEBUG] itemku: 📡 API: https://www.itemku.com/~partytown/proxytown
2026-05-20 10:54:40,361 [DEBUG] itemku: 📡 API: https://www.itemku.com/~partytown/proxytown
2026-05-20 10:54:40,361 [DEBUG] itemku: 📡 API: https://www.itemku.com/~partytown/proxytown
2026-05-20 10:54:40,371 [DEBUG] itemku: 📡 API: https://www.itemku.com/~partytown/proxytown
2026-05-20 10:54:40,379 [DEBUG] itemku: 📡 API: https://www.itemku.com/~partytown/proxytown
2026-05-20 10:54:40,380 [DEBUG] itemku: 📡 API: https://www.itemku.com/~partytown/proxytown
2026-05-20 10:54:40,386 [DEBUG] itemku: 📡 API: https://www.itemku.com/~partytown/proxytown
2026-05-20 10:54:40,398 [DEBUG] itemku: 📡 API: https://www.itemku.com/~partytown/proxytown
2026-05-20 10:54:40,405 [DEBUG] itemku: 📡 API: https://www.itemku.com/~partytown/proxytown
2026-05-20 10:54:40,416 [DEBUG] itemku: 📡 API: https://www.itemku.com/~partytown/proxytown
2026-05-20 10:54:40,418 [DEBUG] itemku: 📡 API: https://www.itemku.com/~partytown/proxytown
2026-05-20 10:54:40,425 [DEBUG] itemku: 📡 API: https://www.itemku.com/~partytown/proxytown
2026-05-20 10:54:40,425 [DEBUG] itemku: 📡 API: https://www.itemku.com/~partytown/proxytown
2026-05-20 10:54:40,432 [DEBUG] itemku: 📡 API: https://www.itemku.com/~partytown/proxytown
2026-05-20 10:54:40,440 [DEBUG] itemku: 📡 API: https://www.itemku.com/~partytown/proxytown
2026-05-20 10:54:40,451 [DEBUG] itemku: 📡 API: https://www.itemku.com/~partytown/proxytown
2026-05-20 10:54:40,461 [DEBUG] itemku: 📡 API: https://www.itemku.com/~partytown/proxytown
2026-05-20 10:54:40,492 [DEBUG] itemku: 📡 API: https://www.itemku.com/~partytown/proxytown
2026-05-20 10:54:40,492 [DEBUG] itemku: 📡 API: https://www.itemku.com/~partytown/proxytown
2026-05-20 10:54:40,504 [DEBUG] itemku: 📡 API: https://www.itemku.com/~partytown/proxytown
2026-05-20 10:54:40,514 [DEBUG] itemku: 📡 API: https://www.itemku.com/~partytown/proxytown
2026-05-20 10:54:40,515 [DEBUG] itemku: 📡 API: https://www.itemku.com/~partytown/proxytown
2026-05-20 10:54:40,519 [DEBUG] itemku: 📡 API: https://www.itemku.com/~partytown/proxytown
2026-05-20 10:54:40,524 [DEBUG] itemku: 📡 API: https://www.itemku.com/~partytown/proxytown
2026-05-20 10:54:40,530 [DEBUG] itemku: 📡 API: https://www.itemku.com/~partytown/proxytown
2026-05-20 10:54:40,537 [DEBUG] itemku: 📡 API: https://www.itemku.com/~partytown/proxytown
2026-05-20 10:54:40,546 [DEBUG] itemku: 📡 API: https://www.itemku.com/~partytown/proxytown
2026-05-20 10:54:40,547 [DEBUG] itemku: 📡 API: https://www.itemku.com/~partytown/proxytown
2026-05-20 10:54:40,552 [DEBUG] itemku: 📡 API: https://www.itemku.com/~partytown/proxytown
2026-05-20 10:54:40,559 [DEBUG] itemku: 📡 API: https://www.itemku.com/~partytown/proxytown
2026-05-20 10:54:40,565 [DEBUG] itemku: 📡 API: https://www.itemku.com/~partytown/proxytown
2026-05-20 10:54:40,578 [DEBUG] itemku: 📡 API: https://www.itemku.com/~partytown/proxytown
2026-05-20 10:54:40,615 [DEBUG] itemku: 📡 API: https://www.itemku.com/~partytown/proxytown
2026-05-20 10:54:40,615 [DEBUG] itemku: 📡 API: https://script.crazyegg.com/pages/data-scripts/0113/7987/sampling/www.itemku.com.json?t=1
2026-05-20 10:54:40,625 [DEBUG] itemku: 📡 API: https://www.itemku.com/~partytown/proxytown
2026-05-20 10:54:40,633 [DEBUG] itemku: 📡 API: https://www.itemku.com/~partytown/proxytown
2026-05-20 10:54:40,633 [DEBUG] itemku: 📡 API: https://www.itemku.com/~partytown/proxytown
2026-05-20 10:54:40,639 [DEBUG] itemku: 📡 API: https://www.itemku.com/~partytown/proxytown
2026-05-20 10:54:40,646 [DEBUG] itemku: 📡 API: https://www.itemku.com/~partytown/proxytown
2026-05-20 10:54:40,650 [DEBUG] itemku: 📡 API: https://www.itemku.com/~partytown/proxytown
2026-05-20 10:54:40,650 [DEBUG] itemku: 📡 API: https://www.itemku.com/~partytown/proxytown
2026-05-20 10:54:40,659 [DEBUG] itemku: 📡 API: https://www.itemku.com/~partytown/proxytown
2026-05-20 10:54:40,664 [DEBUG] itemku: 📡 API: https://www.itemku.com/~partytown/proxytown
2026-05-20 10:54:40,665 [DEBUG] itemku: 📡 API: https://www.itemku.com/~partytown/proxytown
2026-05-20 10:54:40,673 [DEBUG] itemku: 📡 API: https://www.itemku.com/~partytown/proxytown
2026-05-20 10:54:40,680 [DEBUG] itemku: 📡 API: https://www.itemku.com/~partytown/proxytown
2026-05-20 10:54:40,680 [DEBUG] itemku: 📡 API: https://www.itemku.com/~partytown/proxytown
2026-05-20 10:54:40,689 [DEBUG] itemku: 📡 API: https://www.itemku.com/~partytown/proxytown
2026-05-20 10:54:40,694 [DEBUG] itemku: 📡 API: https://www.itemku.com/~partytown/proxytown
2026-05-20 10:54:40,694 [DEBUG] itemku: 📡 API: https://www.itemku.com/~partytown/proxytown
2026-05-20 10:54:40,699 [DEBUG] itemku: 📡 API: https://www.itemku.com/~partytown/proxytown
2026-05-20 10:54:40,701 [DEBUG] itemku: 📡 API: https://www.itemku.com/~partytown/proxytown
2026-05-20 10:54:40,716 [DEBUG] itemku: 📡 API: https://www.itemku.com/~partytown/proxytown
2026-05-20 10:54:40,723 [DEBUG] itemku: 📡 API: https://www.itemku.com/~partytown/proxytown
2026-05-20 10:54:40,731 [DEBUG] itemku: 📡 API: https://www.itemku.com/~partytown/proxytown
2026-05-20 10:54:40,742 [DEBUG] itemku: 📡 API: https://www.itemku.com/~partytown/proxytown
2026-05-20 10:54:40,751 [DEBUG] itemku: 📡 API: https://www.itemku.com/~partytown/proxytown
2026-05-20 10:54:40,762 [DEBUG] itemku: 📡 API: https://www.itemku.com/~partytown/proxytown
2026-05-20 10:54:40,771 [DEBUG] itemku: 📡 API: https://www.itemku.com/~partytown/proxytown
2026-05-20 10:54:40,780 [DEBUG] itemku: 📡 API: https://www.itemku.com/~partytown/proxytown
2026-05-20 10:54:40,796 [DEBUG] itemku: 📡 API: https://www.itemku.com/~partytown/proxytown
2026-05-20 10:54:40,813 [DEBUG] itemku: 📡 API: https://www.itemku.com/~partytown/proxytown
2026-05-20 10:54:40,818 [DEBUG] itemku: 📡 API: https://www.itemku.com/~partytown/proxytown
2026-05-20 10:54:40,826 [DEBUG] itemku: 📡 API: https://www.itemku.com/~partytown/proxytown
2026-05-20 10:54:40,831 [DEBUG] itemku: 📡 API: https://www.itemku.com/~partytown/proxytown
2026-05-20 10:54:40,835 [DEBUG] itemku: 📡 API: https://www.itemku.com/~partytown/proxytown
2026-05-20 10:54:40,840 [DEBUG] itemku: 📡 API: https://www.itemku.com/~partytown/proxytown
2026-05-20 10:54:40,840 [DEBUG] itemku: 📡 API: https://www.itemku.com/~partytown/proxytown
2026-05-20 10:54:40,846 [DEBUG] itemku: 📡 API: https://www.itemku.com/~partytown/proxytown
2026-05-20 10:54:40,854 [DEBUG] itemku: 📡 API: https://www.itemku.com/~partytown/proxytown
2026-05-20 10:54:40,855 [DEBUG] itemku: 📡 API: https://www.itemku.com/~partytown/proxytown
2026-05-20 10:54:40,869 [DEBUG] itemku: 📡 API: https://www.itemku.com/~partytown/proxytown
2026-05-20 10:54:40,870 [DEBUG] itemku: 📡 API: https://www.itemku.com/~partytown/proxytown
2026-05-20 10:54:40,882 [DEBUG] itemku: 📡 API: https://www.itemku.com/~partytown/proxytown
2026-05-20 10:54:40,892 [DEBUG] itemku: 📡 API: https://www.itemku.com/~partytown/proxytown
2026-05-20 10:54:40,893 [DEBUG] itemku: 📡 API: https://www.itemku.com/~partytown/proxytown
2026-05-20 10:54:40,914 [DEBUG] itemku: 📡 API: https://www.itemku.com/~partytown/proxytown
2026-05-20 10:54:40,922 [DEBUG] itemku: 📡 API: https://www.itemku.com/~partytown/proxytown
2026-05-20 10:54:40,930 [DEBUG] itemku: 📡 API: https://www.itemku.com/~partytown/proxytown
2026-05-20 10:54:40,938 [DEBUG] itemku: 📡 API: https://www.itemku.com/~partytown/proxytown
2026-05-20 10:54:40,957 [DEBUG] itemku: 📡 API: https://www.itemku.com/~partytown/proxytown
2026-05-20 10:54:40,957 [DEBUG] itemku: 📡 API: https://www.itemku.com/~partytown/proxytown
2026-05-20 10:54:40,964 [DEBUG] itemku: 📡 API: https://www.itemku.com/~partytown/proxytown
2026-05-20 10:54:40,970 [DEBUG] itemku: 📡 API: https://www.itemku.com/~partytown/proxytown
2026-05-20 10:54:40,977 [DEBUG] itemku: 📡 API: https://www.itemku.com/~partytown/proxytown
2026-05-20 10:54:40,977 [DEBUG] itemku: 📡 API: https://www.itemku.com/~partytown/proxytown
2026-05-20 10:54:40,979 [DEBUG] itemku: 📡 API: https://www.itemku.com/~partytown/proxytown
2026-05-20 10:54:41,005 [DEBUG] itemku: 📡 API: https://www.itemku.com/~partytown/proxytown
2026-05-20 10:54:41,005 [DEBUG] itemku: 📡 API: https://www.itemku.com/~partytown/proxytown
2026-05-20 10:54:41,015 [DEBUG] itemku: 📡 API: https://www.itemku.com/~partytown/proxytown
2026-05-20 10:54:41,021 [DEBUG] itemku: 📡 API: https://www.itemku.com/~partytown/proxytown
2026-05-20 10:54:41,022 [DEBUG] itemku: 📡 API: https://www.itemku.com/~partytown/proxytown
2026-05-20 10:54:41,030 [DEBUG] itemku: 📡 API: https://www.itemku.com/~partytown/proxytown
2026-05-20 10:54:41,040 [DEBUG] itemku: 📡 API: https://www.itemku.com/~partytown/proxytown
2026-05-20 10:54:41,040 [DEBUG] itemku: 📡 API: https://www.itemku.com/~partytown/proxytown
2026-05-20 10:54:41,051 [DEBUG] itemku: 📡 API: https://www.itemku.com/~partytown/proxytown
2026-05-20 10:54:41,061 [DEBUG] itemku: 📡 API: https://www.itemku.com/~partytown/proxytown
2026-05-20 10:54:41,067 [DEBUG] itemku: 📡 API: https://www.itemku.com/~partytown/proxytown
2026-05-20 10:54:41,079 [DEBUG] itemku: 📡 API: https://www.itemku.com/~partytown/proxytown
2026-05-20 10:54:41,084 [DEBUG] itemku: 📡 API: https://www.itemku.com/~partytown/proxytown
2026-05-20 10:54:41,085 [DEBUG] itemku: 📡 API: https://www.itemku.com/~partytown/proxytown
2026-05-20 10:54:41,104 [DEBUG] itemku: 📡 API: https://www.itemku.com/~partytown/proxytown
2026-05-20 10:54:41,114 [DEBUG] itemku: 📡 API: https://www.itemku.com/~partytown/proxytown
2026-05-20 10:54:41,125 [DEBUG] itemku: 📡 API: https://www.itemku.com/~partytown/proxytown
2026-05-20 10:54:41,125 [DEBUG] itemku: 📡 API: https://www.itemku.com/~partytown/proxytown
2026-05-20 10:54:41,131 [DEBUG] itemku: 📡 API: https://www.itemku.com/~partytown/proxytown
2026-05-20 10:54:41,154 [DEBUG] itemku: 📡 API: https://www.itemku.com/~partytown/proxytown
2026-05-20 10:54:41,161 [DEBUG] itemku: 📡 API: https://www.itemku.com/~partytown/proxytown
2026-05-20 10:54:41,167 [DEBUG] itemku: 📡 API: https://www.itemku.com/~partytown/proxytown
2026-05-20 10:54:41,177 [DEBUG] itemku: 📡 API: https://www.itemku.com/~partytown/proxytown
2026-05-20 10:54:41,181 [DEBUG] itemku: 📡 API: https://www.itemku.com/~partytown/proxytown
2026-05-20 10:54:41,187 [DEBUG] itemku: 📡 API: https://www.itemku.com/~partytown/proxytown
2026-05-20 10:54:41,190 [DEBUG] itemku: 📡 API: https://www.itemku.com/~partytown/proxytown
2026-05-20 10:54:41,194 [DEBUG] itemku: 📡 API: https://www.itemku.com/~partytown/proxytown
2026-05-20 10:54:41,195 [DEBUG] itemku: 📡 API: https://www.itemku.com/~partytown/proxytown
2026-05-20 10:54:41,202 [DEBUG] itemku: 📡 API: https://www.itemku.com/~partytown/proxytown
2026-05-20 10:54:41,209 [DEBUG] itemku: 📡 API: https://www.itemku.com/~partytown/proxytown
2026-05-20 10:54:41,216 [DEBUG] itemku: 📡 API: https://www.itemku.com/~partytown/proxytown
2026-05-20 10:54:41,223 [DEBUG] itemku: 📡 API: https://www.itemku.com/~partytown/proxytown
2026-05-20 10:54:41,223 [DEBUG] itemku: 📡 API: https://www.itemku.com/~partytown/proxytown
2026-05-20 10:54:41,226 [DEBUG] itemku: 📡 API: https://www.itemku.com/~partytown/proxytown
2026-05-20 10:54:41,231 [DEBUG] itemku: 📡 API: https://www.itemku.com/~partytown/proxytown
2026-05-20 10:54:41,234 [DEBUG] itemku: 📡 API: https://www.itemku.com/~partytown/proxytown
2026-05-20 10:54:41,239 [DEBUG] itemku: 📡 API: https://www.itemku.com/~partytown/proxytown
2026-05-20 10:54:41,244 [DEBUG] itemku: 📡 API: https://www.itemku.com/~partytown/proxytown
2026-05-20 10:54:41,250 [DEBUG] itemku: 📡 API: https://www.itemku.com/~partytown/proxytown
2026-05-20 10:54:41,258 [DEBUG] itemku: 📡 API: https://www.itemku.com/~partytown/proxytown
2026-05-20 10:54:41,258 [DEBUG] itemku: 📡 API: https://www.itemku.com/~partytown/proxytown
2026-05-20 10:54:41,263 [DEBUG] itemku: 📡 API: https://www.itemku.com/~partytown/proxytown
2026-05-20 10:54:41,268 [DEBUG] itemku: 📡 API: https://www.itemku.com/~partytown/proxytown
2026-05-20 10:54:41,272 [DEBUG] itemku: 📡 API: https://www.itemku.com/~partytown/proxytown
2026-05-20 10:54:41,277 [DEBUG] itemku: 📡 API: https://www.itemku.com/~partytown/proxytown
2026-05-20 10:54:41,281 [DEBUG] itemku: 📡 API: https://www.itemku.com/~partytown/proxytown
2026-05-20 10:54:41,285 [DEBUG] itemku: 📡 API: https://www.itemku.com/~partytown/proxytown
2026-05-20 10:54:41,290 [DEBUG] itemku: 📡 API: https://www.itemku.com/~partytown/proxytown
2026-05-20 10:54:41,296 [DEBUG] itemku: 📡 API: https://www.itemku.com/~partytown/proxytown
2026-05-20 10:54:41,303 [DEBUG] itemku: 📡 API: https://www.itemku.com/~partytown/proxytown
2026-05-20 10:54:41,303 [DEBUG] itemku: 📡 API: https://www.itemku.com/~partytown/proxytown
2026-05-20 10:54:41,308 [DEBUG] itemku: 📡 API: https://www.itemku.com/~partytown/proxytown
2026-05-20 10:54:41,310 [DEBUG] itemku: 📡 API: https://www.itemku.com/~partytown/proxytown
2026-05-20 10:54:41,315 [DEBUG] itemku: 📡 API: https://www.itemku.com/~partytown/proxytown
2026-05-20 10:54:41,319 [DEBUG] itemku: 📡 API: https://www.itemku.com/~partytown/proxytown
2026-05-20 10:54:41,323 [DEBUG] itemku: 📡 API: https://www.itemku.com/~partytown/proxytown
2026-05-20 10:54:41,329 [DEBUG] itemku: 📡 API: https://www.itemku.com/~partytown/proxytown
2026-05-20 10:54:41,332 [DEBUG] itemku: 📡 API: https://www.itemku.com/~partytown/proxytown
2026-05-20 10:54:41,338 [DEBUG] itemku: 📡 API: https://www.itemku.com/~partytown/proxytown
2026-05-20 10:54:41,342 [DEBUG] itemku: 📡 API: https://www.itemku.com/~partytown/proxytown
2026-05-20 10:54:41,346 [DEBUG] itemku: 📡 API: https://www.itemku.com/~partytown/proxytown
2026-05-20 10:54:41,351 [DEBUG] itemku: 📡 API: https://www.itemku.com/~partytown/proxytown
2026-05-20 10:54:41,356 [DEBUG] itemku: 📡 API: https://www.itemku.com/~partytown/proxytown
2026-05-20 10:54:41,363 [DEBUG] itemku: 📡 API: https://www.itemku.com/~partytown/proxytown
2026-05-20 10:54:41,370 [DEBUG] itemku: 📡 API: https://www.itemku.com/~partytown/proxytown
2026-05-20 10:54:41,376 [DEBUG] itemku: 📡 API: https://www.itemku.com/~partytown/proxytown
2026-05-20 10:54:41,387 [DEBUG] itemku: 📡 API: https://www.itemku.com/~partytown/proxytown
2026-05-20 10:54:41,392 [DEBUG] itemku: 📡 API: https://www.itemku.com/~partytown/proxytown
2026-05-20 10:54:41,400 [DEBUG] itemku: 📡 API: https://www.itemku.com/~partytown/proxytown
2026-05-20 10:54:41,408 [DEBUG] itemku: 📡 API: https://www.itemku.com/~partytown/proxytown
2026-05-20 10:54:41,419 [DEBUG] itemku: 📡 API: https://www.itemku.com/~partytown/proxytown
2026-05-20 10:54:41,422 [DEBUG] itemku: 📡 API: https://www.itemku.com/~partytown/proxytown
2026-05-20 10:54:41,431 [DEBUG] itemku: 📡 API: https://www.itemku.com/~partytown/proxytown
2026-05-20 10:54:41,432 [DEBUG] itemku: 📡 API: https://www.itemku.com/~partytown/proxytown
2026-05-20 10:54:41,443 [DEBUG] itemku: 📡 API: https://www.itemku.com/~partytown/proxytown
2026-05-20 10:54:41,448 [DEBUG] itemku: 📡 API: https://www.itemku.com/~partytown/proxytown
2026-05-20 10:54:41,452 [DEBUG] itemku: 📡 API: https://www.itemku.com/~partytown/proxytown
2026-05-20 10:54:41,459 [DEBUG] itemku: 📡 API: https://www.itemku.com/~partytown/proxytown
2026-05-20 10:54:41,459 [DEBUG] itemku: 📡 API: https://www.itemku.com/~partytown/proxytown
2026-05-20 10:54:41,468 [DEBUG] itemku: 📡 API: https://www.itemku.com/~partytown/proxytown
2026-05-20 10:54:41,477 [DEBUG] itemku: 📡 API: https://www.itemku.com/~partytown/proxytown
2026-05-20 10:54:41,477 [DEBUG] itemku: 📡 API: https://www.itemku.com/~partytown/proxytown
2026-05-20 10:54:41,486 [DEBUG] itemku: 📡 API: https://www.itemku.com/~partytown/proxytown
2026-05-20 10:54:41,497 [DEBUG] itemku: 📡 API: https://www.itemku.com/~partytown/proxytown
2026-05-20 10:54:41,498 [DEBUG] itemku: 📡 API: https://www.itemku.com/~partytown/proxytown
2026-05-20 10:54:41,507 [DEBUG] itemku: 📡 API: https://www.itemku.com/~partytown/proxytown
2026-05-20 10:54:41,514 [DEBUG] itemku: 📡 API: https://www.itemku.com/~partytown/proxytown
2026-05-20 10:54:41,519 [DEBUG] itemku: 📡 API: https://www.itemku.com/~partytown/proxytown
2026-05-20 10:54:41,526 [DEBUG] itemku: 📡 API: https://www.itemku.com/~partytown/proxytown
2026-05-20 10:54:41,534 [DEBUG] itemku: 📡 API: https://www.itemku.com/~partytown/proxytown
2026-05-20 10:54:41,541 [DEBUG] itemku: 📡 API: https://www.itemku.com/~partytown/proxytown
2026-05-20 10:54:41,547 [DEBUG] itemku: 📡 API: https://www.itemku.com/~partytown/proxytown
2026-05-20 10:54:41,569 [DEBUG] itemku: 📡 API: https://www.itemku.com/~partytown/proxytown
2026-05-20 10:54:41,572 [DEBUG] itemku: 📡 API: https://www.itemku.com/~partytown/proxytown
2026-05-20 10:54:41,575 [DEBUG] itemku: 📡 API: https://www.itemku.com/~partytown/proxytown
2026-05-20 10:54:41,578 [DEBUG] itemku: 📡 API: https://www.itemku.com/~partytown/proxytown
2026-05-20 10:54:41,583 [DEBUG] itemku: 📡 API: https://www.itemku.com/~partytown/proxytown
2026-05-20 10:54:41,587 [DEBUG] itemku: 📡 API: https://www.itemku.com/~partytown/proxytown
2026-05-20 10:54:41,592 [DEBUG] itemku: 📡 API: https://www.itemku.com/~partytown/proxytown
2026-05-20 10:54:41,596 [DEBUG] itemku: 📡 API: https://www.itemku.com/~partytown/proxytown
2026-05-20 10:54:41,599 [DEBUG] itemku: 📡 API: https://www.itemku.com/~partytown/proxytown
2026-05-20 10:54:41,601 [DEBUG] itemku: 📡 API: https://www.itemku.com/~partytown/proxytown
2026-05-20 10:54:41,604 [DEBUG] itemku: 📡 API: https://www.itemku.com/~partytown/proxytown
2026-05-20 10:54:41,610 [DEBUG] itemku: 📡 API: https://www.itemku.com/~partytown/proxytown
2026-05-20 10:54:41,610 [DEBUG] itemku: 📡 API: https://www.itemku.com/~partytown/proxytown
2026-05-20 10:54:41,615 [DEBUG] itemku: 📡 API: https://www.itemku.com/~partytown/proxytown
2026-05-20 10:54:41,626 [DEBUG] itemku: 📡 API: https://www.itemku.com/~partytown/proxytown
2026-05-20 10:54:41,633 [DEBUG] itemku: 📡 API: https://www.itemku.com/~partytown/proxytown
2026-05-20 10:54:41,633 [DEBUG] itemku: 📡 API: https://www.itemku.com/~partytown/proxytown
2026-05-20 10:54:41,640 [DEBUG] itemku: 📡 API: https://www.itemku.com/~partytown/proxytown
2026-05-20 10:54:41,644 [DEBUG] itemku: 📡 API: https://www.itemku.com/~partytown/proxytown
2026-05-20 10:54:41,645 [DEBUG] itemku: 📡 API: https://www.itemku.com/~partytown/proxytown
2026-05-20 10:54:41,648 [DEBUG] itemku: 📡 API: https://www.itemku.com/~partytown/proxytown
2026-05-20 10:54:41,656 [DEBUG] itemku: 📡 API: https://www.itemku.com/~partytown/proxytown
2026-05-20 10:54:41,656 [DEBUG] itemku: 📡 API: https://www.itemku.com/~partytown/proxytown
2026-05-20 10:54:41,659 [DEBUG] itemku: 📡 API: https://www.itemku.com/~partytown/proxytown
2026-05-20 10:54:41,663 [DEBUG] itemku: 📡 API: https://www.itemku.com/~partytown/proxytown
2026-05-20 10:54:41,667 [DEBUG] itemku: 📡 API: https://www.itemku.com/~partytown/proxytown
2026-05-20 10:54:41,670 [DEBUG] itemku: 📡 API: https://www.itemku.com/~partytown/proxytown
2026-05-20 10:54:41,676 [DEBUG] itemku: 📡 API: https://www.itemku.com/~partytown/proxytown
2026-05-20 10:54:41,680 [DEBUG] itemku: 📡 API: https://www.itemku.com/~partytown/proxytown
2026-05-20 10:54:41,686 [DEBUG] itemku: 📡 API: https://www.itemku.com/~partytown/proxytown
2026-05-20 10:54:41,691 [DEBUG] itemku: 📡 API: https://www.itemku.com/~partytown/proxytown
2026-05-20 10:54:41,698 [DEBUG] itemku: 📡 API: https://www.itemku.com/~partytown/proxytown
2026-05-20 10:54:41,698 [DEBUG] itemku: 📡 API: https://www.itemku.com/~partytown/proxytown
2026-05-20 10:54:41,702 [DEBUG] itemku: 📡 API: https://www.itemku.com/~partytown/proxytown
2026-05-20 10:54:41,705 [DEBUG] itemku: 📡 API: https://www.itemku.com/~partytown/proxytown
2026-05-20 10:54:41,709 [DEBUG] itemku: 📡 API: https://www.itemku.com/~partytown/proxytown
2026-05-20 10:54:41,713 [DEBUG] itemku: 📡 API: https://www.itemku.com/~partytown/proxytown
2026-05-20 10:54:41,718 [DEBUG] itemku: 📡 API: https://www.itemku.com/~partytown/proxytown
2026-05-20 10:54:41,721 [DEBUG] itemku: 📡 API: https://www.itemku.com/~partytown/proxytown
2026-05-20 10:54:41,726 [DEBUG] itemku: 📡 API: https://www.itemku.com/~partytown/proxytown
2026-05-20 10:54:41,729 [DEBUG] itemku: 📡 API: https://www.itemku.com/~partytown/proxytown
2026-05-20 10:54:41,734 [DEBUG] itemku: 📡 API: https://www.itemku.com/~partytown/proxytown
2026-05-20 10:54:41,738 [DEBUG] itemku: 📡 API: https://www.itemku.com/~partytown/proxytown
2026-05-20 10:54:41,744 [DEBUG] itemku: 📡 API: https://www.itemku.com/~partytown/proxytown
2026-05-20 10:54:41,745 [DEBUG] itemku: 📡 API: https://www.itemku.com/~partytown/proxytown
2026-05-20 10:54:41,749 [DEBUG] itemku: 📡 API: https://www.itemku.com/~partytown/proxytown
2026-05-20 10:54:41,755 [DEBUG] itemku: 📡 API: https://www.itemku.com/~partytown/proxytown
2026-05-20 10:54:41,761 [DEBUG] itemku: 📡 API: https://www.itemku.com/~partytown/proxytown
2026-05-20 10:54:41,767 [DEBUG] itemku: 📡 API: https://www.itemku.com/~partytown/proxytown
2026-05-20 10:54:41,774 [DEBUG] itemku: 📡 API: https://www.itemku.com/~partytown/proxytown
2026-05-20 10:54:41,781 [DEBUG] itemku: 📡 API: https://www.itemku.com/~partytown/proxytown
2026-05-20 10:54:41,791 [DEBUG] itemku: 📡 API: https://www.itemku.com/~partytown/proxytown
2026-05-20 10:54:41,791 [DEBUG] itemku: 📡 API: https://www.itemku.com/~partytown/proxytown
2026-05-20 10:54:41,798 [DEBUG] itemku: 📡 API: https://www.itemku.com/~partytown/proxytown
2026-05-20 10:54:41,802 [DEBUG] itemku: 📡 API: https://www.itemku.com/~partytown/proxytown
2026-05-20 10:54:41,811 [DEBUG] itemku: 📡 API: https://www.itemku.com/~partytown/proxytown
2026-05-20 10:54:41,813 [DEBUG] itemku: 📡 API: https://www.itemku.com/~partytown/proxytown
2026-05-20 10:54:54,440 [INFO] itemku: 📜 Scroll halaman...
2026-05-20 10:54:54,796 [DEBUG] itemku: 📡 API: https://www.itemku.com/~partytown/proxytown
2026-05-20 10:54:56,595 [DEBUG] itemku: 📡 API: https://www.itemku.com/~partytown/proxytown
2026-05-20 10:54:56,724 [DEBUG] itemku: 📡 API: https://www.itemku.com/~partytown/proxytown
2026-05-20 10:54:56,732 [DEBUG] itemku: 📡 API: https://www.itemku.com/~partytown/proxytown
2026-05-20 10:54:56,742 [DEBUG] itemku: 📡 API: https://www.itemku.com/~partytown/proxytown
2026-05-20 10:54:56,748 [DEBUG] itemku: 📡 API: https://www.itemku.com/~partytown/proxytown
2026-05-20 10:54:56,750 [DEBUG] itemku: 📡 API: https://www.itemku.com/~partytown/proxytown
2026-05-20 10:54:56,752 [DEBUG] itemku: 📡 API: https://www.itemku.com/~partytown/proxytown
2026-05-20 10:54:56,752 [DEBUG] itemku: 📡 API: https://www.itemku.com/~partytown/proxytown
2026-05-20 10:54:56,755 [DEBUG] itemku: 📡 API: https://www.itemku.com/~partytown/proxytown
2026-05-20 10:54:56,762 [DEBUG] itemku: 📡 API: https://www.itemku.com/~partytown/proxytown
2026-05-20 10:54:56,762 [DEBUG] itemku: 📡 API: https://www.itemku.com/~partytown/proxytown
2026-05-20 10:54:56,767 [DEBUG] itemku: 📡 API: https://www.itemku.com/~partytown/proxytown
2026-05-20 10:54:56,772 [DEBUG] itemku: 📡 API: https://www.itemku.com/~partytown/proxytown
2026-05-20 10:54:56,772 [DEBUG] itemku: 📡 API: https://www.itemku.com/~partytown/proxytown
2026-05-20 10:54:56,777 [DEBUG] itemku: 📡 API: https://www.itemku.com/~partytown/proxytown
2026-05-20 10:54:56,781 [DEBUG] itemku: 📡 API: https://www.itemku.com/~partytown/proxytown
2026-05-20 10:54:56,787 [DEBUG] itemku: 📡 API: https://www.itemku.com/~partytown/proxytown
2026-05-20 10:54:56,800 [DEBUG] itemku: 📡 API: https://www.itemku.com/~partytown/proxytown
2026-05-20 10:54:56,808 [DEBUG] itemku: 📡 API: https://www.itemku.com/~partytown/proxytown
2026-05-20 10:54:56,815 [DEBUG] itemku: 📡 API: https://www.itemku.com/~partytown/proxytown
2026-05-20 10:54:56,815 [DEBUG] itemku: 📡 API: https://www.itemku.com/~partytown/proxytown
2026-05-20 10:54:56,820 [DEBUG] itemku: 📡 API: https://www.itemku.com/~partytown/proxytown
2026-05-20 10:54:56,825 [DEBUG] itemku: 📡 API: https://www.itemku.com/~partytown/proxytown
2026-05-20 10:54:56,829 [DEBUG] itemku: 📡 API: https://www.itemku.com/~partytown/proxytown
2026-05-20 10:54:56,834 [DEBUG] itemku: 📡 API: https://www.itemku.com/~partytown/proxytown
2026-05-20 10:54:56,837 [DEBUG] itemku: 📡 API: https://www.itemku.com/~partytown/proxytown
2026-05-20 10:54:56,841 [DEBUG] itemku: 📡 API: https://www.itemku.com/~partytown/proxytown
2026-05-20 10:54:56,845 [DEBUG] itemku: 📡 API: https://www.itemku.com/~partytown/proxytown
2026-05-20 10:54:56,852 [DEBUG] itemku: 📡 API: https://www.itemku.com/~partytown/proxytown
2026-05-20 10:54:56,852 [DEBUG] itemku: 📡 API: https://www.itemku.com/~partytown/proxytown
2026-05-20 10:54:56,855 [DEBUG] itemku: 📡 API: https://www.itemku.com/~partytown/proxytown
2026-05-20 10:54:56,861 [DEBUG] itemku: 📡 API: https://www.itemku.com/~partytown/proxytown
2026-05-20 10:54:56,864 [DEBUG] itemku: 📡 API: https://www.itemku.com/~partytown/proxytown
2026-05-20 10:54:56,868 [DEBUG] itemku: 📡 API: https://www.itemku.com/~partytown/proxytown
2026-05-20 10:54:56,871 [DEBUG] itemku: 📡 API: https://www.itemku.com/~partytown/proxytown
2026-05-20 10:54:56,875 [DEBUG] itemku: 📡 API: https://www.itemku.com/~partytown/proxytown
2026-05-20 10:54:56,880 [DEBUG] itemku: 📡 API: https://www.itemku.com/~partytown/proxytown
2026-05-20 10:54:56,884 [DEBUG] itemku: 📡 API: https://www.itemku.com/~partytown/proxytown
2026-05-20 10:54:56,888 [DEBUG] itemku: 📡 API: https://www.itemku.com/~partytown/proxytown
2026-05-20 10:54:56,891 [DEBUG] itemku: 📡 API: https://www.itemku.com/~partytown/proxytown
2026-05-20 10:54:56,897 [DEBUG] itemku: 📡 API: https://www.itemku.com/~partytown/proxytown
2026-05-20 10:54:56,903 [DEBUG] itemku: 📡 API: https://www.itemku.com/~partytown/proxytown
2026-05-20 10:54:56,906 [DEBUG] itemku: 📡 API: https://www.itemku.com/~partytown/proxytown
2026-05-20 10:54:56,910 [DEBUG] itemku: 📡 API: https://www.itemku.com/~partytown/proxytown
2026-05-20 10:54:56,915 [DEBUG] itemku: 📡 API: https://www.itemku.com/~partytown/proxytown
2026-05-20 10:54:56,918 [DEBUG] itemku: 📡 API: https://www.itemku.com/~partytown/proxytown
2026-05-20 10:54:56,922 [DEBUG] itemku: 📡 API: https://www.itemku.com/~partytown/proxytown
2026-05-20 10:54:56,928 [DEBUG] itemku: 📡 API: https://www.itemku.com/~partytown/proxytown
2026-05-20 10:54:56,929 [DEBUG] itemku: 📡 API: https://www.itemku.com/~partytown/proxytown
2026-05-20 10:54:56,931 [DEBUG] itemku: 📡 API: https://www.itemku.com/~partytown/proxytown
2026-05-20 10:54:56,935 [DEBUG] itemku: 📡 API: https://www.itemku.com/~partytown/proxytown
2026-05-20 10:54:56,938 [DEBUG] itemku: 📡 API: https://www.itemku.com/~partytown/proxytown
2026-05-20 10:54:56,941 [DEBUG] itemku: 📡 API: https://www.itemku.com/~partytown/proxytown
2026-05-20 10:54:56,945 [DEBUG] itemku: 📡 API: https://www.itemku.com/~partytown/proxytown
2026-05-20 10:54:56,950 [DEBUG] itemku: 📡 API: https://www.itemku.com/~partytown/proxytown
2026-05-20 10:54:56,953 [DEBUG] itemku: 📡 API: https://www.itemku.com/~partytown/proxytown
2026-05-20 10:54:56,955 [DEBUG] itemku: 📡 API: https://www.itemku.com/~partytown/proxytown
2026-05-20 10:54:58,593 [DEBUG] itemku: 📡 API: https://www.itemku.com/~partytown/proxytown
2026-05-20 10:54:58,791 [DEBUG] itemku: 📡 API: https://www.itemku.com/~partytown/proxytown
2026-05-20 10:54:58,812 [DEBUG] itemku: 📡 API: https://www.itemku.com/~partytown/proxytown
2026-05-20 10:54:58,827 [DEBUG] itemku: 📡 API: https://www.itemku.com/~partytown/proxytown
2026-05-20 10:54:58,827 [DEBUG] itemku: 📡 API: https://www.itemku.com/~partytown/proxytown
2026-05-20 10:54:58,832 [DEBUG] itemku: 📡 API: https://www.itemku.com/~partytown/proxytown
2026-05-20 10:54:58,836 [DEBUG] itemku: 📡 API: https://www.itemku.com/~partytown/proxytown
2026-05-20 10:54:58,840 [DEBUG] itemku: 📡 API: https://www.itemku.com/~partytown/proxytown
2026-05-20 10:54:58,844 [DEBUG] itemku: 📡 API: https://www.itemku.com/~partytown/proxytown
2026-05-20 10:54:58,852 [DEBUG] itemku: 📡 API: https://www.itemku.com/~partytown/proxytown
2026-05-20 10:54:58,856 [DEBUG] itemku: 📡 API: https://www.itemku.com/~partytown/proxytown
2026-05-20 10:54:58,860 [DEBUG] itemku: 📡 API: https://www.itemku.com/~partytown/proxytown
2026-05-20 10:54:58,866 [DEBUG] itemku: 📡 API: https://www.itemku.com/~partytown/proxytown
2026-05-20 10:54:58,869 [DEBUG] itemku: 📡 API: https://www.itemku.com/~partytown/proxytown
2026-05-20 10:54:58,875 [DEBUG] itemku: 📡 API: https://www.itemku.com/~partytown/proxytown
2026-05-20 10:54:58,882 [DEBUG] itemku: 📡 API: https://www.itemku.com/~partytown/proxytown
2026-05-20 10:54:58,887 [DEBUG] itemku: 📡 API: https://www.itemku.com/~partytown/proxytown
2026-05-20 10:54:58,890 [DEBUG] itemku: 📡 API: https://www.itemku.com/~partytown/proxytown
2026-05-20 10:54:58,899 [DEBUG] itemku: 📡 API: https://www.itemku.com/~partytown/proxytown
2026-05-20 10:54:58,915 [DEBUG] itemku: 📡 API: https://www.itemku.com/~partytown/proxytown
2026-05-20 10:54:58,936 [DEBUG] itemku: 📡 API: https://www.itemku.com/~partytown/proxytown
2026-05-20 10:54:58,944 [DEBUG] itemku: 📡 API: https://www.itemku.com/~partytown/proxytown
2026-05-20 10:54:58,952 [DEBUG] itemku: 📡 API: https://www.itemku.com/~partytown/proxytown
2026-05-20 10:54:58,952 [DEBUG] itemku: 📡 API: https://www.itemku.com/~partytown/proxytown
2026-05-20 10:54:58,972 [DEBUG] itemku: 📡 API: https://www.itemku.com/~partytown/proxytown
2026-05-20 10:54:58,972 [DEBUG] itemku: 📡 API: https://www.itemku.com/~partytown/proxytown
2026-05-20 10:54:58,978 [DEBUG] itemku: 📡 API: https://www.itemku.com/~partytown/proxytown
2026-05-20 10:54:58,988 [DEBUG] itemku: 📡 API: https://www.itemku.com/~partytown/proxytown
2026-05-20 10:54:58,992 [DEBUG] itemku: 📡 API: https://www.itemku.com/~partytown/proxytown
2026-05-20 10:54:58,999 [DEBUG] itemku: 📡 API: https://www.itemku.com/~partytown/proxytown
2026-05-20 10:54:59,007 [DEBUG] itemku: 📡 API: https://www.itemku.com/~partytown/proxytown
2026-05-20 10:54:59,007 [DEBUG] itemku: 📡 API: https://www.itemku.com/~partytown/proxytown
2026-05-20 10:54:59,011 [DEBUG] itemku: 📡 API: https://www.itemku.com/~partytown/proxytown
2026-05-20 10:54:59,015 [DEBUG] itemku: 📡 API: https://www.itemku.com/~partytown/proxytown
2026-05-20 10:54:59,023 [DEBUG] itemku: 📡 API: https://www.itemku.com/~partytown/proxytown
2026-05-20 10:54:59,032 [DEBUG] itemku: 📡 API: https://www.itemku.com/~partytown/proxytown
2026-05-20 10:54:59,037 [DEBUG] itemku: 📡 API: https://www.itemku.com/~partytown/proxytown
2026-05-20 10:54:59,042 [DEBUG] itemku: 📡 API: https://www.itemku.com/~partytown/proxytown
2026-05-20 10:54:59,049 [DEBUG] itemku: 📡 API: https://www.itemku.com/~partytown/proxytown
2026-05-20 10:54:59,053 [DEBUG] itemku: 📡 API: https://www.itemku.com/~partytown/proxytown
2026-05-20 10:54:59,060 [DEBUG] itemku: 📡 API: https://www.itemku.com/~partytown/proxytown
2026-05-20 10:54:59,064 [DEBUG] itemku: 📡 API: https://www.itemku.com/~partytown/proxytown
2026-05-20 10:54:59,068 [DEBUG] itemku: 📡 API: https://www.itemku.com/~partytown/proxytown
2026-05-20 10:54:59,069 [DEBUG] itemku: 📡 API: https://www.itemku.com/~partytown/proxytown
2026-05-20 10:54:59,072 [DEBUG] itemku: 📡 API: https://www.itemku.com/~partytown/proxytown
2026-05-20 10:54:59,073 [DEBUG] itemku: 📡 API: https://www.itemku.com/~partytown/proxytown
2026-05-20 10:54:59,076 [DEBUG] itemku: 📡 API: https://www.itemku.com/~partytown/proxytown
2026-05-20 10:54:59,081 [DEBUG] itemku: 📡 API: https://www.itemku.com/~partytown/proxytown
2026-05-20 10:54:59,084 [DEBUG] itemku: 📡 API: https://www.itemku.com/~partytown/proxytown
2026-05-20 10:54:59,089 [DEBUG] itemku: 📡 API: https://www.itemku.com/~partytown/proxytown
2026-05-20 10:54:59,097 [DEBUG] itemku: 📡 API: https://www.itemku.com/~partytown/proxytown
2026-05-20 10:54:59,097 [DEBUG] itemku: 📡 API: https://www.itemku.com/~partytown/proxytown
2026-05-20 10:54:59,100 [DEBUG] itemku: 📡 API: https://www.itemku.com/~partytown/proxytown
2026-05-20 10:54:59,105 [DEBUG] itemku: 📡 API: https://www.itemku.com/~partytown/proxytown
2026-05-20 10:54:59,110 [DEBUG] itemku: 📡 API: https://www.itemku.com/~partytown/proxytown
2026-05-20 10:54:59,117 [DEBUG] itemku: 📡 API: https://www.itemku.com/~partytown/proxytown
2026-05-20 10:54:59,118 [DEBUG] itemku: 📡 API: https://www.itemku.com/~partytown/proxytown
2026-05-20 10:55:00,824 [DEBUG] itemku: 📡 API: https://www.itemku.com/~partytown/proxytown
2026-05-20 10:55:00,837 [DEBUG] itemku: 📡 API: https://www.itemku.com/~partytown/proxytown
2026-05-20 10:55:00,847 [DEBUG] itemku: 📡 API: https://www.itemku.com/~partytown/proxytown
2026-05-20 10:55:00,858 [DEBUG] itemku: 📡 API: https://www.itemku.com/~partytown/proxytown
2026-05-20 10:55:00,869 [DEBUG] itemku: 📡 API: https://www.itemku.com/~partytown/proxytown
2026-05-20 10:55:00,878 [DEBUG] itemku: 📡 API: https://www.itemku.com/~partytown/proxytown
2026-05-20 10:55:00,887 [DEBUG] itemku: 📡 API: https://www.itemku.com/~partytown/proxytown
2026-05-20 10:55:00,898 [DEBUG] itemku: 📡 API: https://www.itemku.com/~partytown/proxytown
2026-05-20 10:55:00,900 [DEBUG] itemku: 📡 API: https://www.itemku.com/~partytown/proxytown
2026-05-20 10:55:00,905 [DEBUG] itemku: 📡 API: https://www.itemku.com/~partytown/proxytown
2026-05-20 10:55:00,906 [DEBUG] itemku: 📡 API: https://www.itemku.com/~partytown/proxytown
2026-05-20 10:55:00,914 [DEBUG] itemku: 📡 API: https://www.itemku.com/~partytown/proxytown
2026-05-20 10:55:00,914 [DEBUG] itemku: 📡 API: https://www.itemku.com/~partytown/proxytown
2026-05-20 10:55:00,921 [DEBUG] itemku: 📡 API: https://www.itemku.com/~partytown/proxytown
2026-05-20 10:55:00,921 [DEBUG] itemku: 📡 API: https://www.itemku.com/~partytown/proxytown
2026-05-20 10:55:00,924 [DEBUG] itemku: 📡 API: https://www.itemku.com/~partytown/proxytown
2026-05-20 10:55:00,929 [DEBUG] itemku: 📡 API: https://www.itemku.com/~partytown/proxytown
2026-05-20 10:55:00,932 [DEBUG] itemku: 📡 API: https://www.itemku.com/~partytown/proxytown
2026-05-20 10:55:00,937 [DEBUG] itemku: 📡 API: https://www.itemku.com/~partytown/proxytown
2026-05-20 10:55:00,941 [DEBUG] itemku: 📡 API: https://www.itemku.com/~partytown/proxytown
2026-05-20 10:55:00,944 [DEBUG] itemku: 📡 API: https://www.itemku.com/~partytown/proxytown
2026-05-20 10:55:00,950 [DEBUG] itemku: 📡 API: https://www.itemku.com/~partytown/proxytown
2026-05-20 10:55:00,955 [DEBUG] itemku: 📡 API: https://www.itemku.com/~partytown/proxytown
2026-05-20 10:55:00,958 [DEBUG] itemku: 📡 API: https://www.itemku.com/~partytown/proxytown
2026-05-20 10:55:00,964 [DEBUG] itemku: 📡 API: https://www.itemku.com/~partytown/proxytown
2026-05-20 10:55:00,970 [DEBUG] itemku: 📡 API: https://www.itemku.com/~partytown/proxytown
2026-05-20 10:55:00,979 [DEBUG] itemku: 📡 API: https://www.itemku.com/~partytown/proxytown
2026-05-20 10:55:00,979 [DEBUG] itemku: 📡 API: https://www.itemku.com/~partytown/proxytown
2026-05-20 10:55:00,985 [DEBUG] itemku: 📡 API: https://www.itemku.com/~partytown/proxytown
2026-05-20 10:55:00,988 [DEBUG] itemku: 📡 API: https://www.itemku.com/~partytown/proxytown
2026-05-20 10:55:00,992 [DEBUG] itemku: 📡 API: https://www.itemku.com/~partytown/proxytown
2026-05-20 10:55:00,999 [DEBUG] itemku: 📡 API: https://www.itemku.com/~partytown/proxytown
2026-05-20 10:55:01,003 [DEBUG] itemku: 📡 API: https://www.itemku.com/~partytown/proxytown
2026-05-20 10:55:01,009 [DEBUG] itemku: 📡 API: https://www.itemku.com/~partytown/proxytown
2026-05-20 10:55:01,014 [DEBUG] itemku: 📡 API: https://www.itemku.com/~partytown/proxytown
2026-05-20 10:55:01,018 [DEBUG] itemku: 📡 API: https://www.itemku.com/~partytown/proxytown
2026-05-20 10:55:01,026 [DEBUG] itemku: 📡 API: https://www.itemku.com/~partytown/proxytown
2026-05-20 10:55:01,033 [DEBUG] itemku: 📡 API: https://www.itemku.com/~partytown/proxytown
2026-05-20 10:55:01,035 [DEBUG] itemku: 📡 API: https://www.itemku.com/~partytown/proxytown
2026-05-20 10:55:01,039 [DEBUG] itemku: 📡 API: https://www.itemku.com/~partytown/proxytown
2026-05-20 10:55:01,042 [DEBUG] itemku: 📡 API: https://www.itemku.com/~partytown/proxytown
2026-05-20 10:55:01,042 [DEBUG] itemku: 📡 API: https://www.itemku.com/~partytown/proxytown
2026-05-20 10:55:01,046 [DEBUG] itemku: 📡 API: https://www.itemku.com/~partytown/proxytown
2026-05-20 10:55:01,053 [DEBUG] itemku: 📡 API: https://www.itemku.com/~partytown/proxytown
2026-05-20 10:55:01,053 [DEBUG] itemku: 📡 API: https://www.itemku.com/~partytown/proxytown
2026-05-20 10:55:01,056 [DEBUG] itemku: 📡 API: https://www.itemku.com/~partytown/proxytown
2026-05-20 10:55:01,061 [DEBUG] itemku: 📡 API: https://www.itemku.com/~partytown/proxytown
2026-05-20 10:55:01,068 [DEBUG] itemku: 📡 API: https://www.itemku.com/~partytown/proxytown
2026-05-20 10:55:01,068 [DEBUG] itemku: 📡 API: https://www.itemku.com/~partytown/proxytown
2026-05-20 10:55:01,072 [DEBUG] itemku: 📡 API: https://www.itemku.com/~partytown/proxytown
2026-05-20 10:55:01,076 [DEBUG] itemku: 📡 API: https://www.itemku.com/~partytown/proxytown
2026-05-20 10:55:01,079 [DEBUG] itemku: 📡 API: https://www.itemku.com/~partytown/proxytown
2026-05-20 10:55:01,084 [DEBUG] itemku: 📡 API: https://www.itemku.com/~partytown/proxytown
2026-05-20 10:55:01,090 [DEBUG] itemku: 📡 API: https://www.itemku.com/~partytown/proxytown
2026-05-20 10:55:01,095 [DEBUG] itemku: 📡 API: https://www.itemku.com/~partytown/proxytown
2026-05-20 10:55:01,096 [DEBUG] itemku: 📡 API: https://www.itemku.com/~partytown/proxytown
2026-05-20 10:55:02,821 [DEBUG] itemku: 📡 API: https://www.itemku.com/~partytown/proxytown
2026-05-20 10:55:02,842 [DEBUG] itemku: 📡 API: https://www.itemku.com/~partytown/proxytown
2026-05-20 10:55:02,843 [DEBUG] itemku: 📡 API: https://www.itemku.com/~partytown/proxytown
2026-05-20 10:55:02,852 [DEBUG] itemku: 📡 API: https://www.itemku.com/~partytown/proxytown
2026-05-20 10:55:02,862 [DEBUG] itemku: 📡 API: https://www.itemku.com/~partytown/proxytown
2026-05-20 10:55:02,871 [DEBUG] itemku: 📡 API: https://www.itemku.com/~partytown/proxytown
2026-05-20 10:55:02,880 [DEBUG] itemku: 📡 API: https://www.itemku.com/~partytown/proxytown
2026-05-20 10:55:02,891 [DEBUG] itemku: 📡 API: https://www.itemku.com/~partytown/proxytown
2026-05-20 10:55:02,891 [DEBUG] itemku: 📡 API: https://www.itemku.com/~partytown/proxytown
2026-05-20 10:55:02,900 [DEBUG] itemku: 📡 API: https://www.itemku.com/~partytown/proxytown
2026-05-20 10:55:02,912 [DEBUG] itemku: 📡 API: https://www.itemku.com/~partytown/proxytown
2026-05-20 10:55:02,912 [DEBUG] itemku: 📡 API: https://www.itemku.com/~partytown/proxytown
2026-05-20 10:55:02,925 [DEBUG] itemku: 📡 API: https://www.itemku.com/~partytown/proxytown
2026-05-20 10:55:02,925 [DEBUG] itemku: 📡 API: https://www.itemku.com/~partytown/proxytown
2026-05-20 10:55:02,935 [DEBUG] itemku: 📡 API: https://www.itemku.com/~partytown/proxytown
2026-05-20 10:55:02,942 [DEBUG] itemku: 📡 API: https://www.itemku.com/~partytown/proxytown
2026-05-20 10:55:02,942 [DEBUG] itemku: 📡 API: https://www.itemku.com/~partytown/proxytown
2026-05-20 10:55:02,953 [DEBUG] itemku: 📡 API: https://www.itemku.com/~partytown/proxytown
2026-05-20 10:55:02,953 [DEBUG] itemku: 📡 API: https://www.itemku.com/~partytown/proxytown
2026-05-20 10:55:02,959 [DEBUG] itemku: 📡 API: https://www.itemku.com/~partytown/proxytown
2026-05-20 10:55:02,963 [DEBUG] itemku: 📡 API: https://www.itemku.com/~partytown/proxytown
2026-05-20 10:55:02,965 [DEBUG] itemku: 📡 API: https://www.itemku.com/~partytown/proxytown
2026-05-20 10:55:02,969 [DEBUG] itemku: 📡 API: https://www.itemku.com/~partytown/proxytown
2026-05-20 10:55:02,974 [DEBUG] itemku: 📡 API: https://www.itemku.com/~partytown/proxytown
2026-05-20 10:55:02,974 [DEBUG] itemku: 📡 API: https://www.itemku.com/~partytown/proxytown
2026-05-20 10:55:02,980 [DEBUG] itemku: 📡 API: https://www.itemku.com/~partytown/proxytown
2026-05-20 10:55:02,986 [DEBUG] itemku: 📡 API: https://www.itemku.com/~partytown/proxytown
2026-05-20 10:55:02,986 [DEBUG] itemku: 📡 API: https://www.itemku.com/~partytown/proxytown
2026-05-20 10:55:02,991 [DEBUG] itemku: 📡 API: https://www.itemku.com/~partytown/proxytown
2026-05-20 10:55:03,005 [DEBUG] itemku: 📡 API: https://www.itemku.com/~partytown/proxytown
2026-05-20 10:55:03,005 [DEBUG] itemku: 📡 API: https://www.itemku.com/~partytown/proxytown
2026-05-20 10:55:03,014 [DEBUG] itemku: 📡 API: https://www.itemku.com/~partytown/proxytown
2026-05-20 10:55:03,019 [DEBUG] itemku: 📡 API: https://www.itemku.com/~partytown/proxytown
2026-05-20 10:55:03,020 [DEBUG] itemku: 📡 API: https://www.itemku.com/~partytown/proxytown
2026-05-20 10:55:03,025 [DEBUG] itemku: 📡 API: https://www.itemku.com/~partytown/proxytown
2026-05-20 10:55:03,025 [DEBUG] itemku: 📡 API: https://www.itemku.com/~partytown/proxytown
2026-05-20 10:55:03,027 [DEBUG] itemku: 📡 API: https://www.itemku.com/~partytown/proxytown
2026-05-20 10:55:03,033 [DEBUG] itemku: 📡 API: https://www.itemku.com/~partytown/proxytown
2026-05-20 10:55:03,042 [DEBUG] itemku: 📡 API: https://www.itemku.com/~partytown/proxytown
2026-05-20 10:55:03,046 [DEBUG] itemku: 📡 API: https://www.itemku.com/~partytown/proxytown
2026-05-20 10:55:03,050 [DEBUG] itemku: 📡 API: https://www.itemku.com/~partytown/proxytown
2026-05-20 10:55:03,053 [DEBUG] itemku: 📡 API: https://www.itemku.com/~partytown/proxytown
2026-05-20 10:55:03,056 [DEBUG] itemku: 📡 API: https://www.itemku.com/~partytown/proxytown
2026-05-20 10:55:03,059 [DEBUG] itemku: 📡 API: https://www.itemku.com/~partytown/proxytown
2026-05-20 10:55:03,064 [DEBUG] itemku: 📡 API: https://www.itemku.com/~partytown/proxytown
2026-05-20 10:55:03,064 [DEBUG] itemku: 📡 API: https://www.itemku.com/~partytown/proxytown
2026-05-20 10:55:03,073 [DEBUG] itemku: 📡 API: https://www.itemku.com/~partytown/proxytown
2026-05-20 10:55:03,078 [DEBUG] itemku: 📡 API: https://www.itemku.com/~partytown/proxytown
2026-05-20 10:55:03,082 [DEBUG] itemku: 📡 API: https://www.itemku.com/~partytown/proxytown
2026-05-20 10:55:03,086 [DEBUG] itemku: 📡 API: https://www.itemku.com/~partytown/proxytown
2026-05-20 10:55:03,088 [DEBUG] itemku: 📡 API: https://www.itemku.com/~partytown/proxytown
2026-05-20 10:55:03,093 [DEBUG] itemku: 📡 API: https://www.itemku.com/~partytown/proxytown
2026-05-20 10:55:03,093 [DEBUG] itemku: 📡 API: https://www.itemku.com/~partytown/proxytown
2026-05-20 10:55:03,102 [DEBUG] itemku: 📡 API: https://www.itemku.com/~partytown/proxytown
2026-05-20 10:55:03,103 [DEBUG] itemku: 📡 API: https://www.itemku.com/~partytown/proxytown
2026-05-20 10:55:03,103 [DEBUG] itemku: 📡 API: https://www.itemku.com/~partytown/proxytown
2026-05-20 10:55:35,025 [INFO] itemku: 💾 Simpan debug...
2026-05-20 10:55:35,301 [DEBUG] itemku: 📡 API: https://www.itemku.com/~partytown/proxytown
2026-05-20 10:55:36,584 [INFO] itemku: 📸 Screenshot tersimpan
2026-05-20 10:55:36,585 [INFO] itemku: 📡 API tertangkap: 559
2026-05-20 10:55:36,585 [INFO] itemku: ✅ Produk dari API: 13
2026-05-20 10:55:36,655 [INFO] itemku: 📦 Total produk: 13
2026-05-20 10:55:36,657 [DEBUG] itemku: ⏳ Delay 2.3s...
2026-05-20 10:55:38,916 [INFO] itemku: 
============================================================
2026-05-20 10:55:38,917 [INFO] itemku: 📂 KATEGORI: honkai-star-rail
2026-05-20 10:55:38,917 [INFO] itemku: ============================================================
2026-05-20 10:55:38,918 [INFO] itemku: 🔍 Scrape kategori:
2026-05-20 10:55:38,918 [INFO] itemku:    URL: https://www.itemku.com/c/honkai-star-rail
2026-05-20 10:55:40,916 [DEBUG] itemku: 📡 API: https://files.itemku.com/language/id.json
2026-05-20 10:55:40,932 [DEBUG] itemku: 📡 API: https://api-gateway.itemku.com/v1/user-location
2026-05-20 10:55:40,949 [DEBUG] itemku: 📡 API: https://api-gateway.itemku.com/v1/metadata/icon-placeholder-mobile-payment
2026-05-20 10:55:41,017 [DEBUG] itemku: 📡 API: https://api-gateway.itemku.com/v1/product/game-category?country_codes[]=id&slug=mobile-game&is_exclude_empty_game_category_lists=true&per_page=50&is_exclusive=false
2026-05-20 10:55:41,297 [DEBUG] itemku: 📡 API: https://www.itemku.com/~partytown/proxytown
2026-05-20 10:55:41,306 [DEBUG] itemku: 📡 API: https://www.itemku.com/~partytown/proxytown
2026-05-20 10:55:41,314 [DEBUG] itemku: 📡 API: https://www.itemku.com/~partytown/proxytown
2026-05-20 10:55:41,320 [DEBUG] itemku: 📡 API: https://www.itemku.com/~partytown/proxytown
2026-05-20 10:55:41,325 [DEBUG] itemku: 📡 API: https://www.itemku.com/~partytown/proxytown
2026-05-20 10:55:41,329 [DEBUG] itemku: 📡 API: https://www.itemku.com/~partytown/proxytown
2026-05-20 10:55:41,334 [DEBUG] itemku: 📡 API: https://www.itemku.com/~partytown/proxytown
2026-05-20 10:55:41,343 [DEBUG] itemku: 📡 API: https://www.itemku.com/~partytown/proxytown
2026-05-20 10:55:41,348 [DEBUG] itemku: 📡 API: https://www.itemku.com/~partytown/proxytown
2026-05-20 10:55:41,353 [DEBUG] itemku: 📡 API: https://www.itemku.com/~partytown/proxytown
2026-05-20 10:55:41,359 [DEBUG] itemku: 📡 API: https://www.itemku.com/~partytown/proxytown
2026-05-20 10:55:41,369 [DEBUG] itemku: 📡 API: https://www.itemku.com/~partytown/proxytown
2026-05-20 10:55:41,467 [DEBUG] itemku: 📡 API: https://www.itemku.com/~partytown/proxytown
2026-05-20 10:55:41,472 [DEBUG] itemku: 📡 API: https://www.itemku.com/~partytown/proxytown
2026-05-20 10:55:41,513 [DEBUG] itemku: 📡 API: https://www.itemku.com/~partytown/proxytown
2026-05-20 10:55:41,513 [DEBUG] itemku: 📡 API: https://www.itemku.com/~partytown/proxytown
2026-05-20 10:55:41,519 [DEBUG] itemku: 📡 API: https://www.itemku.com/~partytown/proxytown
2026-05-20 10:55:41,524 [DEBUG] itemku: 📡 API: https://www.itemku.com/~partytown/proxytown
2026-05-20 10:55:41,683 [DEBUG] itemku: 📡 API: https://www.itemku.com/~partytown/proxytown
2026-05-20 10:55:41,687 [DEBUG] itemku: 📡 API: https://www.itemku.com/~partytown/proxytown
2026-05-20 10:55:41,690 [DEBUG] itemku: 📡 API: https://www.itemku.com/~partytown/proxytown
2026-05-20 10:55:41,693 [DEBUG] itemku: 📡 API: https://www.itemku.com/~partytown/proxytown
2026-05-20 10:55:41,698 [DEBUG] itemku: 📡 API: https://www.itemku.com/~partytown/proxytown
2026-05-20 10:55:41,703 [DEBUG] itemku: 📡 API: https://www.itemku.com/~partytown/proxytown
2026-05-20 10:55:41,706 [DEBUG] itemku: 📡 API: https://www.itemku.com/~partytown/proxytown
2026-05-20 10:55:41,710 [DEBUG] itemku: 📡 API: https://www.itemku.com/~partytown/proxytown
2026-05-20 10:55:41,713 [DEBUG] itemku: 📡 API: https://www.itemku.com/~partytown/proxytown
2026-05-20 10:55:41,716 [DEBUG] itemku: 📡 API: https://www.itemku.com/~partytown/proxytown
2026-05-20 10:55:41,719 [DEBUG] itemku: 📡 API: https://www.itemku.com/~partytown/proxytown
2026-05-20 10:55:41,724 [DEBUG] itemku: 📡 API: https://www.itemku.com/~partytown/proxytown
2026-05-20 10:55:41,729 [DEBUG] itemku: 📡 API: https://www.itemku.com/~partytown/proxytown
2026-05-20 10:55:41,734 [DEBUG] itemku: 📡 API: https://www.itemku.com/~partytown/proxytown
2026-05-20 10:55:41,737 [DEBUG] itemku: 📡 API: https://www.itemku.com/~partytown/proxytown
2026-05-20 10:55:41,744 [DEBUG] itemku: 📡 API: https://www.itemku.com/~partytown/proxytown
2026-05-20 10:55:41,745 [DEBUG] itemku: 📡 API: https://www.itemku.com/~partytown/proxytown
2026-05-20 10:55:41,757 [DEBUG] itemku: 📡 API: https://www.itemku.com/~partytown/proxytown
2026-05-20 10:55:41,761 [DEBUG] itemku: 📡 API: https://www.itemku.com/~partytown/proxytown
2026-05-20 10:55:41,765 [DEBUG] itemku: 📡 API: https://www.itemku.com/~partytown/proxytown
2026-05-20 10:55:41,769 [DEBUG] itemku: 📡 API: https://www.itemku.com/~partytown/proxytown
2026-05-20 10:55:41,772 [DEBUG] itemku: 📡 API: https://www.itemku.com/~partytown/proxytown
2026-05-20 10:55:41,777 [DEBUG] itemku: 📡 API: https://www.itemku.com/~partytown/proxytown
2026-05-20 10:55:41,781 [DEBUG] itemku: 📡 API: https://www.itemku.com/~partytown/proxytown
2026-05-20 10:55:41,791 [DEBUG] itemku: 📡 API: https://www.itemku.com/~partytown/proxytown
2026-05-20 10:55:41,796 [DEBUG] itemku: 📡 API: https://www.itemku.com/~partytown/proxytown
2026-05-20 10:55:41,799 [DEBUG] itemku: 📡 API: https://www.itemku.com/~partytown/proxytown
2026-05-20 10:55:41,800 [DEBUG] itemku: 📡 API: https://www.itemku.com/~partytown/proxytown
2026-05-20 10:55:41,803 [DEBUG] itemku: 📡 API: https://www.itemku.com/~partytown/proxytown
2026-05-20 10:55:41,807 [DEBUG] itemku: 📡 API: https://www.itemku.com/~partytown/proxytown
2026-05-20 10:55:41,813 [DEBUG] itemku: 📡 API: https://www.itemku.com/~partytown/proxytown
2026-05-20 10:55:41,819 [DEBUG] itemku: 📡 API: https://www.itemku.com/~partytown/proxytown
2026-05-20 10:55:41,819 [DEBUG] itemku: 📡 API: https://www.itemku.com/~partytown/proxytown
2026-05-20 10:55:41,822 [DEBUG] itemku: 📡 API: https://www.itemku.com/~partytown/proxytown
2026-05-20 10:55:41,825 [DEBUG] itemku: 📡 API: https://www.itemku.com/~partytown/proxytown
2026-05-20 10:55:41,828 [DEBUG] itemku: 📡 API: https://www.itemku.com/~partytown/proxytown
2026-05-20 10:55:41,833 [DEBUG] itemku: 📡 API: https://www.itemku.com/~partytown/proxytown
2026-05-20 10:55:41,836 [DEBUG] itemku: 📡 API: https://www.itemku.com/~partytown/proxytown
2026-05-20 10:55:41,843 [DEBUG] itemku: 📡 API: https://www.itemku.com/~partytown/proxytown
2026-05-20 10:55:41,846 [DEBUG] itemku: 📡 API: https://www.itemku.com/~partytown/proxytown
2026-05-20 10:55:41,852 [DEBUG] itemku: 📡 API: https://www.itemku.com/~partytown/proxytown
2026-05-20 10:55:41,856 [DEBUG] itemku: 📡 API: https://www.itemku.com/~partytown/proxytown
2026-05-20 10:55:41,862 [DEBUG] itemku: 📡 API: https://www.itemku.com/~partytown/proxytown
2026-05-20 10:55:41,866 [DEBUG] itemku: 📡 API: https://www.itemku.com/~partytown/proxytown
2026-05-20 10:55:41,874 [DEBUG] itemku: 📡 API: https://www.itemku.com/~partytown/proxytown
2026-05-20 10:55:41,878 [DEBUG] itemku: 📡 API: https://www.itemku.com/~partytown/proxytown
2026-05-20 10:55:41,883 [DEBUG] itemku: 📡 API: https://www.itemku.com/~partytown/proxytown
2026-05-20 10:55:41,889 [DEBUG] itemku: 📡 API: https://www.itemku.com/~partytown/proxytown
2026-05-20 10:55:41,894 [DEBUG] itemku: 📡 API: https://www.itemku.com/~partytown/proxytown
2026-05-20 10:55:41,899 [DEBUG] itemku: 📡 API: https://www.itemku.com/~partytown/proxytown
2026-05-20 10:55:41,905 [DEBUG] itemku: 📡 API: https://www.itemku.com/~partytown/proxytown
2026-05-20 10:55:41,908 [DEBUG] itemku: 📡 API: https://www.itemku.com/~partytown/proxytown
2026-05-20 10:55:41,917 [DEBUG] itemku: 📡 API: https://www.itemku.com/~partytown/proxytown
2026-05-20 10:55:41,922 [DEBUG] itemku: 📡 API: https://www.itemku.com/~partytown/proxytown
2026-05-20 10:55:41,927 [DEBUG] itemku: 📡 API: https://www.itemku.com/~partytown/proxytown
2026-05-20 10:55:41,931 [DEBUG] itemku: 📡 API: https://www.itemku.com/~partytown/proxytown
2026-05-20 10:55:41,938 [DEBUG] itemku: 📡 API: https://www.itemku.com/~partytown/proxytown
2026-05-20 10:55:41,939 [DEBUG] itemku: 📡 API: https://www.itemku.com/~partytown/proxytown
2026-05-20 10:55:42,001 [DEBUG] itemku: 📡 API: https://www.itemku.com/~partytown/proxytown
2026-05-20 10:55:42,009 [DEBUG] itemku: 📡 API: https://www.itemku.com/~partytown/proxytown
2026-05-20 10:55:42,011 [DEBUG] itemku: 📡 API: https://www.itemku.com/~partytown/proxytown
2026-05-20 10:55:42,034 [DEBUG] itemku: 📡 API: https://www.itemku.com/~partytown/proxytown
2026-05-20 10:55:42,041 [DEBUG] itemku: 📡 API: https://www.itemku.com/~partytown/proxytown
2026-05-20 10:55:42,052 [DEBUG] itemku: 📡 API: https://www.itemku.com/~partytown/proxytown
2026-05-20 10:55:42,060 [DEBUG] itemku: 📡 API: https://www.itemku.com/~partytown/proxytown
2026-05-20 10:55:42,069 [DEBUG] itemku: 📡 API: https://www.itemku.com/~partytown/proxytown
2026-05-20 10:55:42,080 [DEBUG] itemku: 📡 API: https://www.itemku.com/~partytown/proxytown
2026-05-20 10:55:42,092 [DEBUG] itemku: 📡 API: https://www.itemku.com/~partytown/proxytown
2026-05-20 10:55:42,103 [DEBUG] itemku: 📡 API: https://www.itemku.com/~partytown/proxytown
2026-05-20 10:55:42,114 [DEBUG] itemku: 📡 API: https://www.itemku.com/~partytown/proxytown
2026-05-20 10:55:42,121 [DEBUG] itemku: 📡 API: https://www.itemku.com/~partytown/proxytown
2026-05-20 10:55:42,132 [DEBUG] itemku: 📡 API: https://www.itemku.com/~partytown/proxytown
2026-05-20 10:55:42,141 [DEBUG] itemku: 📡 API: https://www.itemku.com/~partytown/proxytown
2026-05-20 10:55:42,150 [DEBUG] itemku: 📡 API: https://www.itemku.com/~partytown/proxytown
2026-05-20 10:55:42,155 [DEBUG] itemku: 📡 API: https://www.itemku.com/~partytown/proxytown
2026-05-20 10:55:42,165 [DEBUG] itemku: 📡 API: https://www.itemku.com/~partytown/proxytown
2026-05-20 10:55:42,165 [DEBUG] itemku: 📡 API: https://www.itemku.com/~partytown/proxytown
2026-05-20 10:55:42,171 [DEBUG] itemku: 📡 API: https://www.itemku.com/~partytown/proxytown
2026-05-20 10:55:42,175 [DEBUG] itemku: 📡 API: https://www.itemku.com/~partytown/proxytown
2026-05-20 10:55:42,178 [DEBUG] itemku: 📡 API: https://www.itemku.com/~partytown/proxytown
2026-05-20 10:55:42,182 [DEBUG] itemku: 📡 API: https://www.itemku.com/~partytown/proxytown
2026-05-20 10:55:42,182 [DEBUG] itemku: 📡 API: https://www.itemku.com/~partytown/proxytown
2026-05-20 10:55:42,188 [DEBUG] itemku: 📡 API: https://www.itemku.com/~partytown/proxytown
2026-05-20 10:55:42,192 [DEBUG] itemku: 📡 API: https://www.itemku.com/~partytown/proxytown
2026-05-20 10:55:42,193 [DEBUG] itemku: 📡 API: https://www.itemku.com/~partytown/proxytown
2026-05-20 10:55:42,200 [DEBUG] itemku: 📡 API: https://www.itemku.com/~partytown/proxytown
2026-05-20 10:55:42,200 [DEBUG] itemku: 📡 API: https://www.itemku.com/~partytown/proxytown
2026-05-20 10:55:42,204 [DEBUG] itemku: 📡 API: https://www.itemku.com/~partytown/proxytown
2026-05-20 10:55:42,209 [DEBUG] itemku: 📡 API: https://www.itemku.com/~partytown/proxytown
2026-05-20 10:55:42,213 [DEBUG] itemku: 📡 API: https://www.itemku.com/~partytown/proxytown
2026-05-20 10:55:42,219 [DEBUG] itemku: 📡 API: https://www.itemku.com/~partytown/proxytown
2026-05-20 10:55:42,224 [DEBUG] itemku: 📡 API: https://www.itemku.com/~partytown/proxytown
2026-05-20 10:55:42,230 [DEBUG] itemku: 📡 API: https://www.itemku.com/~partytown/proxytown
2026-05-20 10:55:42,230 [DEBUG] itemku: 📡 API: https://www.itemku.com/~partytown/proxytown
2026-05-20 10:55:42,233 [DEBUG] itemku: 📡 API: https://www.itemku.com/~partytown/proxytown
2026-05-20 10:55:42,237 [DEBUG] itemku: 📡 API: https://www.itemku.com/~partytown/proxytown
2026-05-20 10:55:42,241 [DEBUG] itemku: 📡 API: https://www.itemku.com/~partytown/proxytown
2026-05-20 10:55:42,244 [DEBUG] itemku: 📡 API: https://www.itemku.com/~partytown/proxytown
2026-05-20 10:55:42,247 [DEBUG] itemku: 📡 API: https://www.itemku.com/~partytown/proxytown
2026-05-20 10:55:42,250 [DEBUG] itemku: 📡 API: https://www.itemku.com/~partytown/proxytown
2026-05-20 10:55:42,253 [DEBUG] itemku: 📡 API: https://www.itemku.com/~partytown/proxytown
2026-05-20 10:55:42,256 [DEBUG] itemku: 📡 API: https://www.itemku.com/~partytown/proxytown
2026-05-20 10:55:42,261 [DEBUG] itemku: 📡 API: https://www.itemku.com/~partytown/proxytown
2026-05-20 10:55:42,267 [DEBUG] itemku: 📡 API: https://www.itemku.com/~partytown/proxytown
2026-05-20 10:55:42,273 [DEBUG] itemku: 📡 API: https://www.itemku.com/~partytown/proxytown
2026-05-20 10:55:42,277 [DEBUG] itemku: 📡 API: https://www.itemku.com/~partytown/proxytown
2026-05-20 10:55:42,281 [DEBUG] itemku: 📡 API: https://www.itemku.com/~partytown/proxytown
2026-05-20 10:55:42,285 [DEBUG] itemku: 📡 API: https://www.itemku.com/~partytown/proxytown
2026-05-20 10:55:42,290 [DEBUG] itemku: 📡 API: https://www.itemku.com/~partytown/proxytown
2026-05-20 10:55:42,296 [DEBUG] itemku: 📡 API: https://www.itemku.com/~partytown/proxytown
2026-05-20 10:55:42,299 [DEBUG] itemku: 📡 API: https://www.itemku.com/~partytown/proxytown
2026-05-20 10:55:42,304 [DEBUG] itemku: 📡 API: https://www.itemku.com/~partytown/proxytown
2026-05-20 10:55:42,304 [DEBUG] itemku: 📡 API: https://www.itemku.com/~partytown/proxytown
2026-05-20 10:55:42,309 [DEBUG] itemku: 📡 API: https://www.itemku.com/~partytown/proxytown
2026-05-20 10:55:42,314 [DEBUG] itemku: 📡 API: https://www.itemku.com/~partytown/proxytown
2026-05-20 10:55:42,322 [DEBUG] itemku: 📡 API: https://www.itemku.com/~partytown/proxytown
2026-05-20 10:55:42,327 [DEBUG] itemku: 📡 API: https://www.itemku.com/~partytown/proxytown
2026-05-20 10:55:42,328 [DEBUG] itemku: 📡 API: https://www.itemku.com/~partytown/proxytown
2026-05-20 10:55:42,344 [DEBUG] itemku: 📡 API: https://www.itemku.com/~partytown/proxytown
2026-05-20 10:55:42,349 [DEBUG] itemku: 📡 API: https://www.itemku.com/~partytown/proxytown
2026-05-20 10:55:42,353 [DEBUG] itemku: 📡 API: https://www.itemku.com/~partytown/proxytown
2026-05-20 10:55:42,359 [DEBUG] itemku: 📡 API: https://www.itemku.com/~partytown/proxytown
2026-05-20 10:55:42,364 [DEBUG] itemku: 📡 API: https://www.itemku.com/~partytown/proxytown
2026-05-20 10:55:42,372 [DEBUG] itemku: 📡 API: https://www.itemku.com/~partytown/proxytown
2026-05-20 10:55:42,378 [DEBUG] itemku: 📡 API: https://www.itemku.com/~partytown/proxytown
2026-05-20 10:55:42,384 [DEBUG] itemku: 📡 API: https://www.itemku.com/~partytown/proxytown
2026-05-20 10:55:42,393 [DEBUG] itemku: 📡 API: https://www.itemku.com/~partytown/proxytown
2026-05-20 10:55:42,401 [DEBUG] itemku: 📡 API: https://www.itemku.com/~partytown/proxytown
2026-05-20 10:55:42,409 [DEBUG] itemku: 📡 API: https://www.itemku.com/~partytown/proxytown
2026-05-20 10:55:42,416 [DEBUG] itemku: 📡 API: https://www.itemku.com/~partytown/proxytown
2026-05-20 10:55:42,426 [DEBUG] itemku: 📡 API: https://www.itemku.com/~partytown/proxytown
2026-05-20 10:55:42,436 [DEBUG] itemku: 📡 API: https://www.itemku.com/~partytown/proxytown
2026-05-20 10:55:42,443 [DEBUG] itemku: 📡 API: https://www.itemku.com/~partytown/proxytown
2026-05-20 10:55:42,452 [DEBUG] itemku: 📡 API: https://www.itemku.com/~partytown/proxytown
2026-05-20 10:55:42,460 [DEBUG] itemku: 📡 API: https://www.itemku.com/~partytown/proxytown
2026-05-20 10:55:42,468 [DEBUG] itemku: 📡 API: https://www.itemku.com/~partytown/proxytown
2026-05-20 10:55:42,477 [DEBUG] itemku: 📡 API: https://www.itemku.com/~partytown/proxytown
2026-05-20 10:55:42,485 [DEBUG] itemku: 📡 API: https://www.itemku.com/~partytown/proxytown
2026-05-20 10:55:42,494 [DEBUG] itemku: 📡 API: https://www.itemku.com/~partytown/proxytown
2026-05-20 10:55:42,505 [DEBUG] itemku: 📡 API: https://www.itemku.com/~partytown/proxytown
2026-05-20 10:55:42,512 [DEBUG] itemku: 📡 API: https://www.itemku.com/~partytown/proxytown
2026-05-20 10:55:42,520 [DEBUG] itemku: 📡 API: https://www.itemku.com/~partytown/proxytown
2026-05-20 10:55:42,528 [DEBUG] itemku: 📡 API: https://www.itemku.com/~partytown/proxytown
2026-05-20 10:55:42,537 [DEBUG] itemku: 📡 API: https://www.itemku.com/~partytown/proxytown
2026-05-20 10:55:42,545 [DEBUG] itemku: 📡 API: https://www.itemku.com/~partytown/proxytown
2026-05-20 10:55:42,554 [DEBUG] itemku: 📡 API: https://www.itemku.com/~partytown/proxytown
2026-05-20 10:55:42,562 [DEBUG] itemku: 📡 API: https://www.itemku.com/~partytown/proxytown
2026-05-20 10:55:42,569 [DEBUG] itemku: 📡 API: https://www.itemku.com/~partytown/proxytown
2026-05-20 10:55:42,575 [DEBUG] itemku: 📡 API: https://www.itemku.com/~partytown/proxytown
2026-05-20 10:55:42,583 [DEBUG] itemku: 📡 API: https://www.itemku.com/~partytown/proxytown
2026-05-20 10:55:42,591 [DEBUG] itemku: 📡 API: https://www.itemku.com/~partytown/proxytown
2026-05-20 10:55:42,597 [DEBUG] itemku: 📡 API: https://www.itemku.com/~partytown/proxytown
2026-05-20 10:55:42,599 [DEBUG] itemku: 📡 API: https://www.itemku.com/~partytown/proxytown
2026-05-20 10:55:42,617 [DEBUG] itemku: 📡 API: https://www.itemku.com/~partytown/proxytown
2026-05-20 10:55:42,622 [DEBUG] itemku: 📡 API: https://www.itemku.com/~partytown/proxytown
2026-05-20 10:55:42,629 [DEBUG] itemku: 📡 API: https://www.itemku.com/~partytown/proxytown
2026-05-20 10:55:42,637 [DEBUG] itemku: 📡 API: https://www.itemku.com/~partytown/proxytown
2026-05-20 10:55:42,644 [DEBUG] itemku: 📡 API: https://www.itemku.com/~partytown/proxytown
2026-05-20 10:55:42,651 [DEBUG] itemku: 📡 API: https://www.itemku.com/~partytown/proxytown
2026-05-20 10:55:42,655 [DEBUG] itemku: 📡 API: https://www.itemku.com/~partytown/proxytown
2026-05-20 10:55:42,659 [DEBUG] itemku: 📡 API: https://www.itemku.com/~partytown/proxytown
2026-05-20 10:55:42,668 [DEBUG] itemku: 📡 API: https://www.itemku.com/~partytown/proxytown
2026-05-20 10:55:42,674 [DEBUG] itemku: 📡 API: https://www.itemku.com/~partytown/proxytown
2026-05-20 10:55:42,680 [DEBUG] itemku: 📡 API: https://www.itemku.com/~partytown/proxytown
2026-05-20 10:55:42,688 [DEBUG] itemku: 📡 API: https://www.itemku.com/~partytown/proxytown
2026-05-20 10:55:42,689 [DEBUG] itemku: 📡 API: https://www.itemku.com/~partytown/proxytown
2026-05-20 10:55:42,699 [DEBUG] itemku: 📡 API: https://www.itemku.com/~partytown/proxytown
2026-05-20 10:55:42,699 [DEBUG] itemku: 📡 API: https://www.itemku.com/~partytown/proxytown
2026-05-20 10:55:42,704 [DEBUG] itemku: 📡 API: https://www.itemku.com/~partytown/proxytown
2026-05-20 10:55:42,708 [DEBUG] itemku: 📡 API: https://www.itemku.com/~partytown/proxytown
2026-05-20 10:55:42,709 [DEBUG] itemku: 📡 API: https://www.itemku.com/~partytown/proxytown
2026-05-20 10:55:42,715 [DEBUG] itemku: 📡 API: https://www.itemku.com/~partytown/proxytown
2026-05-20 10:55:42,718 [DEBUG] itemku: 📡 API: https://www.itemku.com/~partytown/proxytown
2026-05-20 10:55:42,721 [DEBUG] itemku: 📡 API: https://www.itemku.com/~partytown/proxytown
2026-05-20 10:55:42,724 [DEBUG] itemku: 📡 API: https://www.itemku.com/~partytown/proxytown
2026-05-20 10:55:42,727 [DEBUG] itemku: 📡 API: https://www.itemku.com/~partytown/proxytown
2026-05-20 10:55:42,727 [DEBUG] itemku: 📡 API: https://www.itemku.com/~partytown/proxytown
2026-05-20 10:55:42,730 [DEBUG] itemku: 📡 API: https://www.itemku.com/~partytown/proxytown
2026-05-20 10:55:42,737 [DEBUG] itemku: 📡 API: https://www.itemku.com/~partytown/proxytown
2026-05-20 10:55:42,767 [DEBUG] itemku: 📡 API: https://www.itemku.com/~partytown/proxytown
2026-05-20 10:55:42,767 [DEBUG] itemku: 📡 API: https://www.itemku.com/~partytown/proxytown
2026-05-20 10:55:42,779 [DEBUG] itemku: 📡 API: https://www.itemku.com/~partytown/proxytown
2026-05-20 10:55:42,787 [DEBUG] itemku: 📡 API: https://www.itemku.com/~partytown/proxytown
2026-05-20 10:55:42,796 [DEBUG] itemku: 📡 API: https://www.itemku.com/~partytown/proxytown
2026-05-20 10:55:42,796 [DEBUG] itemku: 📡 API: https://www.itemku.com/~partytown/proxytown
2026-05-20 10:55:42,803 [DEBUG] itemku: 📡 API: https://www.itemku.com/~partytown/proxytown
2026-05-20 10:55:42,808 [DEBUG] itemku: 📡 API: https://www.itemku.com/~partytown/proxytown
2026-05-20 10:55:42,816 [DEBUG] itemku: 📡 API: https://www.itemku.com/~partytown/proxytown
2026-05-20 10:55:42,816 [DEBUG] itemku: 📡 API: https://www.itemku.com/~partytown/proxytown
2026-05-20 10:55:42,821 [DEBUG] itemku: 📡 API: https://www.itemku.com/~partytown/proxytown
2026-05-20 10:55:42,827 [DEBUG] itemku: 📡 API: https://www.itemku.com/~partytown/proxytown
2026-05-20 10:55:42,834 [DEBUG] itemku: 📡 API: https://www.itemku.com/~partytown/proxytown
2026-05-20 10:55:42,841 [DEBUG] itemku: 📡 API: https://www.itemku.com/~partytown/proxytown
2026-05-20 10:55:42,842 [DEBUG] itemku: 📡 API: https://www.itemku.com/~partytown/proxytown
2026-05-20 10:55:42,849 [DEBUG] itemku: 📡 API: https://www.itemku.com/~partytown/proxytown
2026-05-20 10:55:42,849 [DEBUG] itemku: 📡 API: https://www.itemku.com/~partytown/proxytown
2026-05-20 10:55:42,854 [DEBUG] itemku: 📡 API: https://www.itemku.com/~partytown/proxytown
2026-05-20 10:55:42,861 [DEBUG] itemku: 📡 API: https://www.itemku.com/~partytown/proxytown
2026-05-20 10:55:42,867 [DEBUG] itemku: 📡 API: https://www.itemku.com/~partytown/proxytown
2026-05-20 10:55:42,875 [DEBUG] itemku: 📡 API: https://www.itemku.com/~partytown/proxytown
2026-05-20 10:55:42,883 [DEBUG] itemku: 📡 API: https://www.itemku.com/~partytown/proxytown
2026-05-20 10:55:42,891 [DEBUG] itemku: 📡 API: https://www.itemku.com/~partytown/proxytown
2026-05-20 10:55:42,899 [DEBUG] itemku: 📡 API: https://www.itemku.com/~partytown/proxytown
2026-05-20 10:55:42,907 [DEBUG] itemku: 📡 API: https://www.itemku.com/~partytown/proxytown
2026-05-20 10:55:42,916 [DEBUG] itemku: 📡 API: https://www.itemku.com/~partytown/proxytown
2026-05-20 10:55:42,924 [DEBUG] itemku: 📡 API: https://www.itemku.com/~partytown/proxytown
2026-05-20 10:55:42,935 [DEBUG] itemku: 📡 API: https://www.itemku.com/~partytown/proxytown
2026-05-20 10:55:42,942 [DEBUG] itemku: 📡 API: https://www.itemku.com/~partytown/proxytown
2026-05-20 10:55:42,951 [DEBUG] itemku: 📡 API: https://www.itemku.com/~partytown/proxytown
2026-05-20 10:55:42,952 [DEBUG] itemku: 📡 API: https://www.itemku.com/~partytown/proxytown
2026-05-20 10:55:42,972 [DEBUG] itemku: 📡 API: https://www.itemku.com/~partytown/proxytown
2026-05-20 10:55:42,979 [DEBUG] itemku: 📡 API: https://www.itemku.com/~partytown/proxytown
2026-05-20 10:55:42,986 [DEBUG] itemku: 📡 API: https://www.itemku.com/~partytown/proxytown
2026-05-20 10:55:42,998 [DEBUG] itemku: 📡 API: https://www.itemku.com/~partytown/proxytown
2026-05-20 10:55:43,007 [DEBUG] itemku: 📡 API: https://www.itemku.com/~partytown/proxytown
2026-05-20 10:55:43,014 [DEBUG] itemku: 📡 API: https://www.itemku.com/~partytown/proxytown
2026-05-20 10:55:43,023 [DEBUG] itemku: 📡 API: https://www.itemku.com/~partytown/proxytown
2026-05-20 10:55:43,030 [DEBUG] itemku: 📡 API: https://www.itemku.com/~partytown/proxytown
2026-05-20 10:55:43,039 [DEBUG] itemku: 📡 API: https://www.itemku.com/~partytown/proxytown
2026-05-20 10:55:43,047 [DEBUG] itemku: 📡 API: https://www.itemku.com/~partytown/proxytown
2026-05-20 10:55:43,055 [DEBUG] itemku: 📡 API: https://www.itemku.com/~partytown/proxytown
2026-05-20 10:55:43,062 [DEBUG] itemku: 📡 API: https://www.itemku.com/~partytown/proxytown
2026-05-20 10:55:43,071 [DEBUG] itemku: 📡 API: https://www.itemku.com/~partytown/proxytown
2026-05-20 10:55:43,080 [DEBUG] itemku: 📡 API: https://www.itemku.com/~partytown/proxytown
2026-05-20 10:55:43,089 [DEBUG] itemku: 📡 API: https://www.itemku.com/~partytown/proxytown
2026-05-20 10:55:43,097 [DEBUG] itemku: 📡 API: https://www.itemku.com/~partytown/proxytown
2026-05-20 10:55:43,105 [DEBUG] itemku: 📡 API: https://www.itemku.com/~partytown/proxytown
2026-05-20 10:55:43,114 [DEBUG] itemku: 📡 API: https://www.itemku.com/~partytown/proxytown
2026-05-20 10:55:43,122 [DEBUG] itemku: 📡 API: https://www.itemku.com/~partytown/proxytown
2026-05-20 10:55:43,129 [DEBUG] itemku: 📡 API: https://www.itemku.com/~partytown/proxytown
2026-05-20 10:55:43,139 [DEBUG] itemku: 📡 API: https://www.itemku.com/~partytown/proxytown
2026-05-20 10:55:43,147 [DEBUG] itemku: 📡 API: https://www.itemku.com/~partytown/proxytown
2026-05-20 10:55:43,160 [DEBUG] itemku: 📡 API: https://www.itemku.com/~partytown/proxytown
2026-05-20 10:55:43,168 [DEBUG] itemku: 📡 API: https://www.itemku.com/~partytown/proxytown
2026-05-20 10:55:43,177 [DEBUG] itemku: 📡 API: https://www.itemku.com/~partytown/proxytown
2026-05-20 10:55:43,185 [DEBUG] itemku: 📡 API: https://www.itemku.com/~partytown/proxytown
2026-05-20 10:55:43,195 [DEBUG] itemku: 📡 API: https://www.itemku.com/~partytown/proxytown
2026-05-20 10:55:43,206 [DEBUG] itemku: 📡 API: https://www.itemku.com/~partytown/proxytown
2026-05-20 10:55:43,215 [DEBUG] itemku: 📡 API: https://www.itemku.com/~partytown/proxytown
2026-05-20 10:55:43,221 [DEBUG] itemku: 📡 API: https://www.itemku.com/~partytown/proxytown
2026-05-20 10:55:43,227 [DEBUG] itemku: 📡 API: https://www.itemku.com/~partytown/proxytown
2026-05-20 10:55:43,233 [DEBUG] itemku: 📡 API: https://www.itemku.com/~partytown/proxytown
2026-05-20 10:55:43,238 [DEBUG] itemku: 📡 API: https://www.itemku.com/~partytown/proxytown
2026-05-20 10:55:43,242 [DEBUG] itemku: 📡 API: https://www.itemku.com/~partytown/proxytown
2026-05-20 10:55:43,245 [DEBUG] itemku: 📡 API: https://www.itemku.com/~partytown/proxytown
2026-05-20 10:55:43,263 [DEBUG] itemku: 📡 API: https://www.itemku.com/~partytown/proxytown
2026-05-20 10:55:43,273 [DEBUG] itemku: 📡 API: https://www.itemku.com/~partytown/proxytown
2026-05-20 10:55:43,275 [DEBUG] itemku: 📡 API: https://www.itemku.com/~partytown/proxytown
2026-05-20 10:55:43,281 [DEBUG] itemku: 📡 API: https://www.itemku.com/~partytown/proxytown
2026-05-20 10:55:43,281 [DEBUG] itemku: 📡 API: https://www.itemku.com/~partytown/proxytown
2026-05-20 10:55:43,289 [DEBUG] itemku: 📡 API: https://www.itemku.com/~partytown/proxytown
2026-05-20 10:55:43,289 [DEBUG] itemku: 📡 API: https://www.itemku.com/~partytown/proxytown
2026-05-20 10:55:43,293 [DEBUG] itemku: 📡 API: https://www.itemku.com/~partytown/proxytown
2026-05-20 10:55:43,295 [DEBUG] itemku: 📡 API: https://www.itemku.com/~partytown/proxytown
2026-05-20 10:55:43,299 [DEBUG] itemku: 📡 API: https://www.itemku.com/~partytown/proxytown
2026-05-20 10:55:43,302 [DEBUG] itemku: 📡 API: https://www.itemku.com/~partytown/proxytown
2026-05-20 10:55:43,305 [DEBUG] itemku: 📡 API: https://www.itemku.com/~partytown/proxytown
2026-05-20 10:55:43,308 [DEBUG] itemku: 📡 API: https://www.itemku.com/~partytown/proxytown
2026-05-20 10:55:43,311 [DEBUG] itemku: 📡 API: https://www.itemku.com/~partytown/proxytown
2026-05-20 10:55:43,315 [DEBUG] itemku: 📡 API: https://www.itemku.com/~partytown/proxytown
2026-05-20 10:55:43,317 [DEBUG] itemku: 📡 API: https://www.itemku.com/~partytown/proxytown
2026-05-20 10:55:43,320 [DEBUG] itemku: 📡 API: https://www.itemku.com/~partytown/proxytown
2026-05-20 10:55:43,323 [DEBUG] itemku: 📡 API: https://www.itemku.com/~partytown/proxytown
2026-05-20 10:55:43,327 [DEBUG] itemku: 📡 API: https://www.itemku.com/~partytown/proxytown
2026-05-20 10:55:43,330 [DEBUG] itemku: 📡 API: https://www.itemku.com/~partytown/proxytown
2026-05-20 10:55:43,333 [DEBUG] itemku: 📡 API: https://www.itemku.com/~partytown/proxytown
2026-05-20 10:55:43,336 [DEBUG] itemku: 📡 API: https://www.itemku.com/~partytown/proxytown
2026-05-20 10:55:43,339 [DEBUG] itemku: 📡 API: https://www.itemku.com/~partytown/proxytown
2026-05-20 10:55:43,342 [DEBUG] itemku: 📡 API: https://www.itemku.com/~partytown/proxytown
2026-05-20 10:55:43,345 [DEBUG] itemku: 📡 API: https://www.itemku.com/~partytown/proxytown
2026-05-20 10:55:43,348 [DEBUG] itemku: 📡 API: https://www.itemku.com/~partytown/proxytown
2026-05-20 10:55:43,351 [DEBUG] itemku: 📡 API: https://www.itemku.com/~partytown/proxytown
2026-05-20 10:55:43,354 [DEBUG] itemku: 📡 API: https://www.itemku.com/~partytown/proxytown
2026-05-20 10:55:43,358 [DEBUG] itemku: 📡 API: https://www.itemku.com/~partytown/proxytown
2026-05-20 10:55:43,361 [DEBUG] itemku: 📡 API: https://www.itemku.com/~partytown/proxytown
2026-05-20 10:55:43,365 [DEBUG] itemku: 📡 API: https://www.itemku.com/~partytown/proxytown
2026-05-20 10:55:43,371 [DEBUG] itemku: 📡 API: https://www.itemku.com/~partytown/proxytown
2026-05-20 10:55:43,372 [DEBUG] itemku: 📡 API: https://www.itemku.com/~partytown/proxytown
2026-05-20 10:55:43,378 [DEBUG] itemku: 📡 API: https://www.itemku.com/~partytown/proxytown
2026-05-20 10:55:43,404 [DEBUG] itemku: 📡 API: https://www.itemku.com/_next/data/ox5kkx6ecmuea2igmr6vx/c/tipe-produk.json
2026-05-20 10:55:43,406 [DEBUG] itemku: 📡 API: https://www.itemku.com/~partytown/proxytown
2026-05-20 10:55:43,407 [DEBUG] itemku: 📡 API: https://api-gateway.itemku.com/v1/currency/detail
2026-05-20 10:55:43,421 [DEBUG] itemku: 📡 API: https://www.itemku.com/~partytown/proxytown
2026-05-20 10:55:43,421 [DEBUG] itemku: 📡 API: https://www.itemku.com/~partytown/proxytown
2026-05-20 10:55:43,421 [DEBUG] itemku: 📡 API: https://www.itemku.com/~partytown/proxytown
2026-05-20 10:55:43,428 [DEBUG] itemku: 📡 API: https://www.itemku.com/~partytown/proxytown
2026-05-20 10:55:43,431 [DEBUG] itemku: 📡 API: https://www.itemku.com/~partytown/proxytown
2026-05-20 10:55:43,435 [DEBUG] itemku: 📡 API: https://www.itemku.com/~partytown/proxytown
2026-05-20 10:55:43,488 [DEBUG] itemku: 📡 API: https://www.itemku.com/~partytown/proxytown
2026-05-20 10:55:43,488 [DEBUG] itemku: 📡 API: https://www.itemku.com/~partytown/proxytown
2026-05-20 10:55:43,618 [DEBUG] itemku: 📡 API: https://www.itemku.com/~partytown/proxytown
2026-05-20 10:55:43,635 [DEBUG] itemku: 📡 API: https://www.itemku.com/~partytown/proxytown
2026-05-20 10:55:43,646 [DEBUG] itemku: 📡 API: https://www.itemku.com/~partytown/proxytown
2026-05-20 10:55:44,083 [DEBUG] itemku: 📡 API: https://www.itemku.com/~partytown/proxytown
2026-05-20 10:55:44,775 [DEBUG] itemku: 📡 API: https://www.itemku.com/~partytown/proxytown
2026-05-20 10:55:44,871 [DEBUG] itemku: 📡 API: https://api-gateway.itemku.com/v1/expansion-country?sort=sequence
2026-05-20 10:55:44,939 [DEBUG] itemku: 📡 API: https://api-gateway.itemku.com/v1/product/game-category-popular?per_page=50&is_exclude_empty_game_category_lists=1&country_codes[]=id&type=1&usecache=false&is_category_v2=true&is_exclusive=false
2026-05-20 10:55:44,943 [DEBUG] itemku: 📡 API: https://www.itemku.com/~partytown/proxytown
2026-05-20 10:55:44,949 [DEBUG] itemku: 📡 API: https://www.itemku.com/~partytown/proxytown
2026-05-20 10:55:44,951 [DEBUG] itemku: 📡 API: https://www.itemku.com/~partytown/proxytown
2026-05-20 10:55:44,951 [DEBUG] itemku: 📡 API: https://www.itemku.com/~partytown/proxytown
2026-05-20 10:55:44,951 [DEBUG] itemku: 📡 API: https://www.itemku.com/~partytown/proxytown
2026-05-20 10:55:44,951 [DEBUG] itemku: 📡 API: https://www.itemku.com/~partytown/proxytown
2026-05-20 10:55:44,956 [DEBUG] itemku: 📡 API: https://www.itemku.com/~partytown/proxytown
2026-05-20 10:55:44,963 [DEBUG] itemku: 📡 API: https://www.itemku.com/~partytown/proxytown
2026-05-20 10:55:44,968 [DEBUG] itemku: 📡 API: https://www.itemku.com/~partytown/proxytown
2026-05-20 10:55:44,992 [DEBUG] itemku: 📡 API: https://www.itemku.com/~partytown/proxytown
2026-05-20 10:55:44,997 [DEBUG] itemku: 📡 API: https://www.itemku.com/~partytown/proxytown
2026-05-20 10:55:44,997 [DEBUG] itemku: 📡 API: https://www.itemku.com/~partytown/proxytown
2026-05-20 10:55:45,001 [DEBUG] itemku: 📡 API: https://www.itemku.com/~partytown/proxytown
2026-05-20 10:55:45,010 [DEBUG] itemku: 📡 API: https://www.itemku.com/~partytown/proxytown
2026-05-20 10:55:45,010 [DEBUG] itemku: 📡 API: https://www.itemku.com/~partytown/proxytown
2026-05-20 10:55:45,017 [DEBUG] itemku: 📡 API: https://www.itemku.com/~partytown/proxytown
2026-05-20 10:55:45,018 [DEBUG] itemku: 📡 API: https://www.itemku.com/~partytown/proxytown
2026-05-20 10:55:45,023 [DEBUG] itemku: 📡 API: https://www.itemku.com/~partytown/proxytown
2026-05-20 10:55:45,029 [DEBUG] itemku: 📡 API: https://www.itemku.com/~partytown/proxytown
2026-05-20 10:55:45,038 [DEBUG] itemku: 📡 API: https://www.itemku.com/~partytown/proxytown
2026-05-20 10:55:45,038 [DEBUG] itemku: 📡 API: https://www.itemku.com/~partytown/proxytown
2026-05-20 10:55:45,044 [DEBUG] itemku: 📡 API: https://www.itemku.com/~partytown/proxytown
2026-05-20 10:55:45,049 [DEBUG] itemku: 📡 API: https://www.itemku.com/~partytown/proxytown
2026-05-20 10:55:45,054 [DEBUG] itemku: 📡 API: https://www.itemku.com/~partytown/proxytown
2026-05-20 10:55:45,060 [DEBUG] itemku: 📡 API: https://www.itemku.com/~partytown/proxytown
2026-05-20 10:55:45,063 [DEBUG] itemku: 📡 API: https://www.itemku.com/~partytown/proxytown
2026-05-20 10:55:45,067 [DEBUG] itemku: 📡 API: https://www.itemku.com/~partytown/proxytown
2026-05-20 10:55:45,071 [DEBUG] itemku: 📡 API: https://www.itemku.com/~partytown/proxytown
2026-05-20 10:55:45,076 [DEBUG] itemku: 📡 API: https://www.itemku.com/~partytown/proxytown
2026-05-20 10:55:45,080 [DEBUG] itemku: 📡 API: https://www.itemku.com/~partytown/proxytown
2026-05-20 10:55:45,084 [DEBUG] itemku: 📡 API: https://www.itemku.com/~partytown/proxytown
2026-05-20 10:55:45,087 [DEBUG] itemku: 📡 API: https://www.itemku.com/~partytown/proxytown
2026-05-20 10:55:45,092 [DEBUG] itemku: 📡 API: https://www.itemku.com/~partytown/proxytown
2026-05-20 10:55:45,097 [DEBUG] itemku: 📡 API: https://www.itemku.com/~partytown/proxytown
2026-05-20 10:55:45,100 [DEBUG] itemku: 📡 API: https://www.itemku.com/~partytown/proxytown
2026-05-20 10:55:45,105 [DEBUG] itemku: 📡 API: https://www.itemku.com/~partytown/proxytown
2026-05-20 10:55:45,111 [DEBUG] itemku: 📡 API: https://www.itemku.com/~partytown/proxytown
2026-05-20 10:55:45,117 [DEBUG] itemku: 📡 API: https://www.itemku.com/~partytown/proxytown
2026-05-20 10:55:45,122 [DEBUG] itemku: 📡 API: https://www.itemku.com/~partytown/proxytown
2026-05-20 10:55:45,129 [DEBUG] itemku: 📡 API: https://www.itemku.com/~partytown/proxytown
2026-05-20 10:55:45,133 [DEBUG] itemku: 📡 API: https://www.itemku.com/~partytown/proxytown
2026-05-20 10:55:45,141 [DEBUG] itemku: 📡 API: https://www.itemku.com/~partytown/proxytown
2026-05-20 10:55:45,146 [DEBUG] itemku: 📡 API: https://www.itemku.com/~partytown/proxytown
2026-05-20 10:55:45,151 [DEBUG] itemku: 📡 API: https://www.itemku.com/~partytown/proxytown
2026-05-20 10:55:45,156 [DEBUG] itemku: 📡 API: https://www.itemku.com/~partytown/proxytown
2026-05-20 10:55:45,163 [DEBUG] itemku: 📡 API: https://www.itemku.com/~partytown/proxytown
2026-05-20 10:55:45,172 [DEBUG] itemku: 📡 API: https://www.itemku.com/~partytown/proxytown
2026-05-20 10:55:45,180 [DEBUG] itemku: 📡 API: https://www.itemku.com/~partytown/proxytown
2026-05-20 10:55:45,185 [DEBUG] itemku: 📡 API: https://www.itemku.com/~partytown/proxytown
2026-05-20 10:55:45,191 [DEBUG] itemku: 📡 API: https://www.itemku.com/~partytown/proxytown
2026-05-20 10:55:45,197 [DEBUG] itemku: 📡 API: https://www.itemku.com/~partytown/proxytown
2026-05-20 10:55:45,202 [DEBUG] itemku: 📡 API: https://www.itemku.com/~partytown/proxytown
2026-05-20 10:55:45,209 [DEBUG] itemku: 📡 API: https://www.itemku.com/~partytown/proxytown
2026-05-20 10:55:45,214 [DEBUG] itemku: 📡 API: https://www.itemku.com/~partytown/proxytown
2026-05-20 10:55:45,220 [DEBUG] itemku: 📡 API: https://www.itemku.com/~partytown/proxytown
2026-05-20 10:55:45,227 [DEBUG] itemku: 📡 API: https://www.itemku.com/~partytown/proxytown
2026-05-20 10:55:45,232 [DEBUG] itemku: 📡 API: https://www.itemku.com/~partytown/proxytown
2026-05-20 10:55:45,239 [DEBUG] itemku: 📡 API: https://www.itemku.com/~partytown/proxytown
2026-05-20 10:55:45,239 [DEBUG] itemku: 📡 API: https://www.itemku.com/~partytown/proxytown
2026-05-20 10:55:45,244 [DEBUG] itemku: 📡 API: https://www.itemku.com/~partytown/proxytown
2026-05-20 10:55:45,250 [DEBUG] itemku: 📡 API: https://www.itemku.com/~partytown/proxytown
2026-05-20 10:55:45,255 [DEBUG] itemku: 📡 API: https://www.itemku.com/~partytown/proxytown
2026-05-20 10:55:45,261 [DEBUG] itemku: 📡 API: https://www.itemku.com/~partytown/proxytown
2026-05-20 10:55:45,267 [DEBUG] itemku: 📡 API: https://www.itemku.com/~partytown/proxytown
2026-05-20 10:55:45,273 [DEBUG] itemku: 📡 API: https://www.itemku.com/~partytown/proxytown
2026-05-20 10:55:45,279 [DEBUG] itemku: 📡 API: https://www.itemku.com/~partytown/proxytown
2026-05-20 10:55:45,285 [DEBUG] itemku: 📡 API: https://www.itemku.com/~partytown/proxytown
2026-05-20 10:55:45,291 [DEBUG] itemku: 📡 API: https://www.itemku.com/~partytown/proxytown
2026-05-20 10:55:45,297 [DEBUG] itemku: 📡 API: https://www.itemku.com/~partytown/proxytown
2026-05-20 10:55:45,302 [DEBUG] itemku: 📡 API: https://www.itemku.com/~partytown/proxytown
2026-05-20 10:55:45,308 [DEBUG] itemku: 📡 API: https://www.itemku.com/~partytown/proxytown
2026-05-20 10:55:45,313 [DEBUG] itemku: 📡 API: https://www.itemku.com/~partytown/proxytown
2026-05-20 10:55:45,318 [DEBUG] itemku: 📡 API: https://www.itemku.com/~partytown/proxytown
2026-05-20 10:55:45,321 [DEBUG] itemku: 📡 API: https://www.itemku.com/~partytown/proxytown
2026-05-20 10:55:45,327 [DEBUG] itemku: 📡 API: https://www.itemku.com/~partytown/proxytown
2026-05-20 10:55:45,335 [DEBUG] itemku: 📡 API: https://www.itemku.com/~partytown/proxytown
2026-05-20 10:55:45,336 [DEBUG] itemku: 📡 API: https://www.itemku.com/~partytown/proxytown
2026-05-20 10:55:45,346 [DEBUG] itemku: 📡 API: https://www.itemku.com/~partytown/proxytown
2026-05-20 10:55:45,347 [DEBUG] itemku: 📡 API: https://www.itemku.com/~partytown/proxytown
2026-05-20 10:55:45,352 [DEBUG] itemku: 📡 API: https://www.itemku.com/~partytown/proxytown
2026-05-20 10:55:45,352 [DEBUG] itemku: 📡 API: https://www.itemku.com/~partytown/proxytown
2026-05-20 10:55:45,365 [DEBUG] itemku: 📡 API: https://www.itemku.com/~partytown/proxytown
2026-05-20 10:55:45,374 [DEBUG] itemku: 📡 API: https://www.itemku.com/~partytown/proxytown
2026-05-20 10:55:45,390 [DEBUG] itemku: 📡 API: https://api-gateway.itemku.com/v1/product/game-list?per_page=5&sort=latest&country_codes[]=id&utm_src=csr_c2c&is_exclusive=false
2026-05-20 10:55:45,396 [DEBUG] itemku: 📡 API: https://www.itemku.com/~partytown/proxytown
2026-05-20 10:55:45,404 [DEBUG] itemku: 📡 API: https://www.itemku.com/~partytown/proxytown
2026-05-20 10:55:45,404 [DEBUG] itemku: 📡 API: https://www.itemku.com/~partytown/proxytown
2026-05-20 10:55:45,411 [DEBUG] itemku: 📡 API: https://www.itemku.com/~partytown/proxytown
2026-05-20 10:55:45,415 [DEBUG] itemku: 📡 API: https://www.itemku.com/~partytown/proxytown
2026-05-20 10:55:45,418 [DEBUG] itemku: 📡 API: https://www.itemku.com/~partytown/proxytown
2026-05-20 10:55:45,421 [DEBUG] itemku: 📡 API: https://www.itemku.com/~partytown/proxytown
2026-05-20 10:55:45,426 [DEBUG] itemku: 📡 API: https://www.itemku.com/~partytown/proxytown
2026-05-20 10:55:45,427 [DEBUG] itemku: 📡 API: https://www.itemku.com/~partytown/proxytown
2026-05-20 10:55:45,436 [DEBUG] itemku: 📡 API: https://www.itemku.com/~partytown/proxytown
2026-05-20 10:55:45,441 [DEBUG] itemku: 📡 API: https://www.itemku.com/~partytown/proxytown
2026-05-20 10:55:45,446 [DEBUG] itemku: 📡 API: https://www.itemku.com/~partytown/proxytown
2026-05-20 10:55:45,450 [DEBUG] itemku: 📡 API: https://www.itemku.com/~partytown/proxytown
2026-05-20 10:55:45,457 [DEBUG] itemku: 📡 API: https://www.itemku.com/~partytown/proxytown
2026-05-20 10:55:45,457 [DEBUG] itemku: 📡 API: https://www.itemku.com/~partytown/proxytown
2026-05-20 10:55:45,466 [DEBUG] itemku: 📡 API: https://www.itemku.com/~partytown/proxytown
2026-05-20 10:55:45,488 [DEBUG] itemku: 📡 API: https://www.itemku.com/~partytown/proxytown
2026-05-20 10:55:45,491 [DEBUG] itemku: 📡 API: https://script.crazyegg.com/pages/data-scripts/0113/7987/site/www.itemku.com.json?t=1
2026-05-20 10:55:45,494 [DEBUG] itemku: 📡 API: https://www.itemku.com/~partytown/proxytown
2026-05-20 10:55:45,495 [DEBUG] itemku: 📡 API: https://www.itemku.com/~partytown/proxytown
2026-05-20 10:55:45,560 [DEBUG] itemku: 📡 API: https://www.itemku.com/~partytown/proxytown
2026-05-20 10:55:45,724 [DEBUG] itemku: 📡 API: https://script.crazyegg.com/pages/data-scripts/0113/7987/sampling/www.itemku.com.json?t=1
2026-05-20 10:55:45,814 [DEBUG] itemku: 📡 API: https://www.itemku.com/~partytown/proxytown
2026-05-20 10:55:45,815 [DEBUG] itemku: 📡 API: https://www.itemku.com/~partytown/proxytown
2026-05-20 10:55:45,845 [DEBUG] itemku: 📡 API: https://www.itemku.com/~partytown/proxytown
2026-05-20 10:55:45,854 [DEBUG] itemku: 📡 API: https://www.itemku.com/~partytown/proxytown
2026-05-20 10:55:45,867 [DEBUG] itemku: 📡 API: https://www.itemku.com/~partytown/proxytown
2026-05-20 10:55:45,868 [DEBUG] itemku: 📡 API: https://www.itemku.com/~partytown/proxytown
2026-05-20 10:55:45,876 [DEBUG] itemku: 📡 API: https://www.itemku.com/~partytown/proxytown
2026-05-20 10:55:45,876 [DEBUG] itemku: 📡 API: https://www.itemku.com/~partytown/proxytown
2026-05-20 10:55:45,882 [DEBUG] itemku: 📡 API: https://www.itemku.com/~partytown/proxytown
2026-05-20 10:55:45,885 [DEBUG] itemku: 📡 API: https://www.itemku.com/~partytown/proxytown
2026-05-20 10:55:45,885 [DEBUG] itemku: 📡 API: https://www.itemku.com/~partytown/proxytown
2026-05-20 10:55:45,890 [DEBUG] itemku: 📡 API: https://www.itemku.com/~partytown/proxytown
2026-05-20 10:55:45,901 [DEBUG] itemku: 📡 API: https://www.itemku.com/~partytown/proxytown
2026-05-20 10:55:45,901 [DEBUG] itemku: 📡 API: https://www.itemku.com/~partytown/proxytown
2026-05-20 10:55:45,904 [DEBUG] itemku: 📡 API: https://www.itemku.com/~partytown/proxytown
2026-05-20 10:55:45,916 [DEBUG] itemku: 📡 API: https://www.itemku.com/~partytown/proxytown
2026-05-20 10:55:45,916 [DEBUG] itemku: 📡 API: https://www.itemku.com/~partytown/proxytown
2026-05-20 10:55:45,920 [DEBUG] itemku: 📡 API: https://www.itemku.com/~partytown/proxytown
2026-05-20 10:55:45,925 [DEBUG] itemku: 📡 API: https://www.itemku.com/~partytown/proxytown
2026-05-20 10:55:45,929 [DEBUG] itemku: 📡 API: https://www.itemku.com/~partytown/proxytown
2026-05-20 10:55:45,932 [DEBUG] itemku: 📡 API: https://www.itemku.com/~partytown/proxytown
2026-05-20 10:55:45,939 [DEBUG] itemku: 📡 API: https://www.itemku.com/~partytown/proxytown
2026-05-20 10:55:45,943 [DEBUG] itemku: 📡 API: https://www.itemku.com/~partytown/proxytown
2026-05-20 10:55:45,946 [DEBUG] itemku: 📡 API: https://www.itemku.com/~partytown/proxytown
2026-05-20 10:55:45,946 [DEBUG] itemku: 📡 API: https://www.itemku.com/~partytown/proxytown
2026-05-20 10:55:45,950 [DEBUG] itemku: 📡 API: https://www.itemku.com/~partytown/proxytown
2026-05-20 10:55:45,956 [DEBUG] itemku: 📡 API: https://www.itemku.com/~partytown/proxytown
2026-05-20 10:55:45,960 [DEBUG] itemku: 📡 API: https://www.itemku.com/~partytown/proxytown
2026-05-20 10:55:45,967 [DEBUG] itemku: 📡 API: https://www.itemku.com/~partytown/proxytown
2026-05-20 10:55:45,967 [DEBUG] itemku: 📡 API: https://www.itemku.com/~partytown/proxytown
2026-05-20 10:55:45,971 [DEBUG] itemku: 📡 API: https://www.itemku.com/~partytown/proxytown
2026-05-20 10:55:45,976 [DEBUG] itemku: 📡 API: https://www.itemku.com/~partytown/proxytown
2026-05-20 10:55:45,979 [DEBUG] itemku: 📡 API: https://www.itemku.com/~partytown/proxytown
2026-05-20 10:55:45,983 [DEBUG] itemku: 📡 API: https://www.itemku.com/~partytown/proxytown
2026-05-20 10:55:45,988 [DEBUG] itemku: 📡 API: https://www.itemku.com/~partytown/proxytown
2026-05-20 10:55:45,994 [DEBUG] itemku: 📡 API: https://www.itemku.com/~partytown/proxytown
2026-05-20 10:55:45,994 [DEBUG] itemku: 📡 API: https://www.itemku.com/~partytown/proxytown
2026-05-20 10:55:45,999 [DEBUG] itemku: 📡 API: https://www.itemku.com/~partytown/proxytown
2026-05-20 10:55:46,002 [DEBUG] itemku: 📡 API: https://www.itemku.com/~partytown/proxytown
2026-05-20 10:55:46,006 [DEBUG] itemku: 📡 API: https://www.itemku.com/~partytown/proxytown
2026-05-20 10:55:46,010 [DEBUG] itemku: 📡 API: https://www.itemku.com/~partytown/proxytown
2026-05-20 10:55:46,015 [DEBUG] itemku: 📡 API: https://www.itemku.com/~partytown/proxytown
2026-05-20 10:55:46,019 [DEBUG] itemku: 📡 API: https://www.itemku.com/~partytown/proxytown
2026-05-20 10:55:46,023 [DEBUG] itemku: 📡 API: https://www.itemku.com/~partytown/proxytown
2026-05-20 10:55:46,028 [DEBUG] itemku: 📡 API: https://www.itemku.com/~partytown/proxytown
2026-05-20 10:55:46,036 [DEBUG] itemku: 📡 API: https://www.itemku.com/~partytown/proxytown
2026-05-20 10:55:46,036 [DEBUG] itemku: 📡 API: https://www.itemku.com/~partytown/proxytown
2026-05-20 10:55:46,041 [DEBUG] itemku: 📡 API: https://www.itemku.com/~partytown/proxytown
2026-05-20 10:55:46,050 [DEBUG] itemku: 📡 API: https://www.itemku.com/~partytown/proxytown
2026-05-20 10:55:46,050 [DEBUG] itemku: 📡 API: https://www.itemku.com/~partytown/proxytown
2026-05-20 10:55:46,057 [DEBUG] itemku: 📡 API: https://www.itemku.com/~partytown/proxytown
2026-05-20 10:55:46,063 [DEBUG] itemku: 📡 API: https://www.itemku.com/~partytown/proxytown
2026-05-20 10:55:46,064 [DEBUG] itemku: 📡 API: https://www.itemku.com/~partytown/proxytown
2026-05-20 10:55:46,072 [DEBUG] itemku: 📡 API: https://www.itemku.com/~partytown/proxytown
2026-05-20 10:55:46,072 [DEBUG] itemku: 📡 API: https://www.itemku.com/~partytown/proxytown
2026-05-20 10:55:46,073 [DEBUG] itemku: 📡 API: https://www.itemku.com/~partytown/proxytown
2026-05-20 10:55:57,680 [INFO] itemku: 📜 Scroll halaman...
2026-05-20 10:55:58,013 [DEBUG] itemku: 📡 API: https://www.itemku.com/~partytown/proxytown
2026-05-20 10:55:59,801 [DEBUG] itemku: 📡 API: https://www.itemku.com/~partytown/proxytown
2026-05-20 10:55:59,982 [DEBUG] itemku: 📡 API: https://www.itemku.com/~partytown/proxytown
2026-05-20 10:55:59,993 [DEBUG] itemku: 📡 API: https://www.itemku.com/~partytown/proxytown
2026-05-20 10:56:00,010 [DEBUG] itemku: 📡 API: https://www.itemku.com/~partytown/proxytown
2026-05-20 10:56:00,038 [DEBUG] itemku: 📡 API: https://www.itemku.com/~partytown/proxytown
2026-05-20 10:56:00,053 [DEBUG] itemku: 📡 API: https://www.itemku.com/~partytown/proxytown
2026-05-20 10:56:00,059 [DEBUG] itemku: 📡 API: https://www.itemku.com/~partytown/proxytown
2026-05-20 10:56:00,062 [DEBUG] itemku: 📡 API: https://www.itemku.com/~partytown/proxytown
2026-05-20 10:56:00,063 [DEBUG] itemku: 📡 API: https://www.itemku.com/~partytown/proxytown
2026-05-20 10:56:00,066 [DEBUG] itemku: 📡 API: https://www.itemku.com/~partytown/proxytown
2026-05-20 10:56:00,068 [DEBUG] itemku: 📡 API: https://www.itemku.com/~partytown/proxytown
2026-05-20 10:56:00,068 [DEBUG] itemku: 📡 API: https://www.itemku.com/~partytown/proxytown
2026-05-20 10:56:00,071 [DEBUG] itemku: 📡 API: https://www.itemku.com/~partytown/proxytown
2026-05-20 10:56:00,073 [DEBUG] itemku: 📡 API: https://www.itemku.com/~partytown/proxytown
2026-05-20 10:56:00,074 [DEBUG] itemku: 📡 API: https://www.itemku.com/~partytown/proxytown
2026-05-20 10:56:00,076 [DEBUG] itemku: 📡 API: https://www.itemku.com/~partytown/proxytown
2026-05-20 10:56:00,080 [DEBUG] itemku: 📡 API: https://www.itemku.com/~partytown/proxytown
2026-05-20 10:56:00,083 [DEBUG] itemku: 📡 API: https://www.itemku.com/~partytown/proxytown
2026-05-20 10:56:00,087 [DEBUG] itemku: 📡 API: https://www.itemku.com/~partytown/proxytown
2026-05-20 10:56:00,094 [DEBUG] itemku: 📡 API: https://www.itemku.com/~partytown/proxytown
2026-05-20 10:56:00,208 [DEBUG] itemku: 📡 API: https://www.itemku.com/~partytown/proxytown
2026-05-20 10:56:00,209 [DEBUG] itemku: 📡 API: https://www.itemku.com/~partytown/proxytown
2026-05-20 10:56:00,238 [DEBUG] itemku: 📡 API: https://www.itemku.com/~partytown/proxytown
2026-05-20 10:56:00,238 [DEBUG] itemku: 📡 API: https://www.itemku.com/~partytown/proxytown
2026-05-20 10:56:00,238 [DEBUG] itemku: 📡 API: https://www.itemku.com/~partytown/proxytown
2026-05-20 10:56:00,238 [DEBUG] itemku: 📡 API: https://www.itemku.com/~partytown/proxytown
2026-05-20 10:56:00,240 [DEBUG] itemku: 📡 API: https://www.itemku.com/~partytown/proxytown
2026-05-20 10:56:00,240 [DEBUG] itemku: 📡 API: https://www.itemku.com/~partytown/proxytown
2026-05-20 10:56:00,240 [DEBUG] itemku: 📡 API: https://www.itemku.com/~partytown/proxytown
2026-05-20 10:56:00,240 [DEBUG] itemku: 📡 API: https://www.itemku.com/~partytown/proxytown
2026-05-20 10:56:00,240 [DEBUG] itemku: 📡 API: https://www.itemku.com/~partytown/proxytown
2026-05-20 10:56:00,240 [DEBUG] itemku: 📡 API: https://www.itemku.com/~partytown/proxytown
2026-05-20 10:56:00,240 [DEBUG] itemku: 📡 API: https://www.itemku.com/~partytown/proxytown
2026-05-20 10:56:00,240 [DEBUG] itemku: 📡 API: https://www.itemku.com/~partytown/proxytown
2026-05-20 10:56:00,240 [DEBUG] itemku: 📡 API: https://www.itemku.com/~partytown/proxytown
2026-05-20 10:56:00,242 [DEBUG] itemku: 📡 API: https://www.itemku.com/~partytown/proxytown
2026-05-20 10:56:00,242 [DEBUG] itemku: 📡 API: https://www.itemku.com/~partytown/proxytown
2026-05-20 10:56:00,242 [DEBUG] itemku: 📡 API: https://www.itemku.com/~partytown/proxytown
2026-05-20 10:56:00,242 [DEBUG] itemku: 📡 API: https://www.itemku.com/~partytown/proxytown
2026-05-20 10:56:00,242 [DEBUG] itemku: 📡 API: https://www.itemku.com/~partytown/proxytown
2026-05-20 10:56:00,242 [DEBUG] itemku: 📡 API: https://www.itemku.com/~partytown/proxytown
2026-05-20 10:56:00,242 [DEBUG] itemku: 📡 API: https://www.itemku.com/~partytown/proxytown
2026-05-20 10:56:00,243 [DEBUG] itemku: 📡 API: https://www.itemku.com/~partytown/proxytown
2026-05-20 10:56:00,243 [DEBUG] itemku: 📡 API: https://www.itemku.com/~partytown/proxytown
2026-05-20 10:56:00,243 [DEBUG] itemku: 📡 API: https://www.itemku.com/~partytown/proxytown
2026-05-20 10:56:00,244 [DEBUG] itemku: 📡 API: https://www.itemku.com/~partytown/proxytown
2026-05-20 10:56:00,244 [DEBUG] itemku: 📡 API: https://www.itemku.com/~partytown/proxytown
2026-05-20 10:56:00,246 [DEBUG] itemku: 📡 API: https://www.itemku.com/~partytown/proxytown
2026-05-20 10:56:00,246 [DEBUG] itemku: 📡 API: https://www.itemku.com/~partytown/proxytown
2026-05-20 10:56:00,246 [DEBUG] itemku: 📡 API: https://www.itemku.com/~partytown/proxytown
2026-05-20 10:56:00,246 [DEBUG] itemku: 📡 API: https://www.itemku.com/~partytown/proxytown
2026-05-20 10:56:00,246 [DEBUG] itemku: 📡 API: https://www.itemku.com/~partytown/proxytown
2026-05-20 10:56:00,246 [DEBUG] itemku: 📡 API: https://www.itemku.com/~partytown/proxytown
2026-05-20 10:56:00,246 [DEBUG] itemku: 📡 API: https://www.itemku.com/~partytown/proxytown
2026-05-20 10:56:00,246 [DEBUG] itemku: 📡 API: https://www.itemku.com/~partytown/proxytown
2026-05-20 10:56:00,246 [DEBUG] itemku: 📡 API: https://www.itemku.com/~partytown/proxytown
2026-05-20 10:56:00,247 [DEBUG] itemku: 📡 API: https://www.itemku.com/~partytown/proxytown
2026-05-20 10:56:01,821 [DEBUG] itemku: 📡 API: https://www.itemku.com/~partytown/proxytown
2026-05-20 10:56:01,991 [DEBUG] itemku: 📡 API: https://www.itemku.com/~partytown/proxytown
2026-05-20 10:56:02,002 [DEBUG] itemku: 📡 API: https://www.itemku.com/~partytown/proxytown
2026-05-20 10:56:02,011 [DEBUG] itemku: 📡 API: https://www.itemku.com/~partytown/proxytown
2026-05-20 10:56:02,020 [DEBUG] itemku: 📡 API: https://www.itemku.com/~partytown/proxytown
2026-05-20 10:56:02,028 [DEBUG] itemku: 📡 API: https://www.itemku.com/~partytown/proxytown
2026-05-20 10:56:02,039 [DEBUG] itemku: 📡 API: https://www.itemku.com/~partytown/proxytown
2026-05-20 10:56:02,040 [DEBUG] itemku: 📡 API: https://www.itemku.com/~partytown/proxytown
2026-05-20 10:56:02,047 [DEBUG] itemku: 📡 API: https://www.itemku.com/~partytown/proxytown
2026-05-20 10:56:02,047 [DEBUG] itemku: 📡 API: https://www.itemku.com/~partytown/proxytown
2026-05-20 10:56:02,055 [DEBUG] itemku: 📡 API: https://www.itemku.com/~partytown/proxytown
2026-05-20 10:56:02,063 [DEBUG] itemku: 📡 API: https://www.itemku.com/~partytown/proxytown
2026-05-20 10:56:02,068 [DEBUG] itemku: 📡 API: https://www.itemku.com/~partytown/proxytown
2026-05-20 10:56:02,068 [DEBUG] itemku: 📡 API: https://www.itemku.com/~partytown/proxytown
2026-05-20 10:56:02,075 [DEBUG] itemku: 📡 API: https://www.itemku.com/~partytown/proxytown
2026-05-20 10:56:02,078 [DEBUG] itemku: 📡 API: https://www.itemku.com/~partytown/proxytown
2026-05-20 10:56:02,078 [DEBUG] itemku: 📡 API: https://www.itemku.com/~partytown/proxytown
2026-05-20 10:56:02,082 [DEBUG] itemku: 📡 API: https://www.itemku.com/~partytown/proxytown
2026-05-20 10:56:02,090 [DEBUG] itemku: 📡 API: https://www.itemku.com/~partytown/proxytown
2026-05-20 10:56:02,093 [DEBUG] itemku: 📡 API: https://www.itemku.com/~partytown/proxytown
2026-05-20 10:56:02,098 [DEBUG] itemku: 📡 API: https://www.itemku.com/~partytown/proxytown
2026-05-20 10:56:02,104 [DEBUG] itemku: 📡 API: https://www.itemku.com/~partytown/proxytown
2026-05-20 10:56:02,112 [DEBUG] itemku: 📡 API: https://www.itemku.com/~partytown/proxytown
2026-05-20 10:56:02,117 [DEBUG] itemku: 📡 API: https://www.itemku.com/~partytown/proxytown
2026-05-20 10:56:02,122 [DEBUG] itemku: 📡 API: https://www.itemku.com/~partytown/proxytown
2026-05-20 10:56:02,127 [DEBUG] itemku: 📡 API: https://www.itemku.com/~partytown/proxytown
2026-05-20 10:56:02,133 [DEBUG] itemku: 📡 API: https://www.itemku.com/~partytown/proxytown
2026-05-20 10:56:02,138 [DEBUG] itemku: 📡 API: https://www.itemku.com/~partytown/proxytown
2026-05-20 10:56:02,148 [DEBUG] itemku: 📡 API: https://www.itemku.com/~partytown/proxytown
2026-05-20 10:56:02,148 [DEBUG] itemku: 📡 API: https://www.itemku.com/~partytown/proxytown
2026-05-20 10:56:02,161 [DEBUG] itemku: 📡 API: https://www.itemku.com/~partytown/proxytown
2026-05-20 10:56:02,171 [DEBUG] itemku: 📡 API: https://www.itemku.com/~partytown/proxytown
2026-05-20 10:56:02,171 [DEBUG] itemku: 📡 API: https://www.itemku.com/~partytown/proxytown
2026-05-20 10:56:02,182 [DEBUG] itemku: 📡 API: https://www.itemku.com/~partytown/proxytown
2026-05-20 10:56:02,182 [DEBUG] itemku: 📡 API: https://www.itemku.com/~partytown/proxytown
2026-05-20 10:56:02,188 [DEBUG] itemku: 📡 API: https://www.itemku.com/~partytown/proxytown
2026-05-20 10:56:02,197 [DEBUG] itemku: 📡 API: https://www.itemku.com/~partytown/proxytown
2026-05-20 10:56:02,205 [DEBUG] itemku: 📡 API: https://www.itemku.com/~partytown/proxytown
2026-05-20 10:56:02,205 [DEBUG] itemku: 📡 API: https://www.itemku.com/~partytown/proxytown
2026-05-20 10:56:02,210 [DEBUG] itemku: 📡 API: https://www.itemku.com/~partytown/proxytown
2026-05-20 10:56:02,217 [DEBUG] itemku: 📡 API: https://www.itemku.com/~partytown/proxytown
2026-05-20 10:56:02,222 [DEBUG] itemku: 📡 API: https://www.itemku.com/~partytown/proxytown
2026-05-20 10:56:02,228 [DEBUG] itemku: 📡 API: https://www.itemku.com/~partytown/proxytown
2026-05-20 10:56:02,238 [DEBUG] itemku: 📡 API: https://www.itemku.com/~partytown/proxytown
2026-05-20 10:56:02,245 [DEBUG] itemku: 📡 API: https://www.itemku.com/~partytown/proxytown
2026-05-20 10:56:02,246 [DEBUG] itemku: 📡 API: https://www.itemku.com/~partytown/proxytown
2026-05-20 10:56:02,251 [DEBUG] itemku: 📡 API: https://www.itemku.com/~partytown/proxytown
2026-05-20 10:56:02,256 [DEBUG] itemku: 📡 API: https://www.itemku.com/~partytown/proxytown
2026-05-20 10:56:02,262 [DEBUG] itemku: 📡 API: https://www.itemku.com/~partytown/proxytown
2026-05-20 10:56:02,269 [DEBUG] itemku: 📡 API: https://www.itemku.com/~partytown/proxytown
2026-05-20 10:56:02,278 [DEBUG] itemku: 📡 API: https://www.itemku.com/~partytown/proxytown
2026-05-20 10:56:02,278 [DEBUG] itemku: 📡 API: https://www.itemku.com/~partytown/proxytown
2026-05-20 10:56:02,284 [DEBUG] itemku: 📡 API: https://www.itemku.com/~partytown/proxytown
2026-05-20 10:56:02,289 [DEBUG] itemku: 📡 API: https://www.itemku.com/~partytown/proxytown
2026-05-20 10:56:02,295 [DEBUG] itemku: 📡 API: https://www.itemku.com/~partytown/proxytown
2026-05-20 10:56:02,300 [DEBUG] itemku: 📡 API: https://www.itemku.com/~partytown/proxytown
2026-05-20 10:56:02,302 [DEBUG] itemku: 📡 API: https://www.itemku.com/~partytown/proxytown
2026-05-20 10:56:04,010 [DEBUG] itemku: 📡 API: https://www.itemku.com/~partytown/proxytown
2026-05-20 10:56:04,022 [DEBUG] itemku: 📡 API: https://www.itemku.com/~partytown/proxytown
2026-05-20 10:56:04,035 [DEBUG] itemku: 📡 API: https://www.itemku.com/~partytown/proxytown
2026-05-20 10:56:04,044 [DEBUG] itemku: 📡 API: https://www.itemku.com/~partytown/proxytown
2026-05-20 10:56:04,050 [DEBUG] itemku: 📡 API: https://www.itemku.com/~partytown/proxytown
2026-05-20 10:56:04,058 [DEBUG] itemku: 📡 API: https://www.itemku.com/~partytown/proxytown
2026-05-20 10:56:04,063 [DEBUG] itemku: 📡 API: https://www.itemku.com/~partytown/proxytown
2026-05-20 10:56:04,074 [DEBUG] itemku: 📡 API: https://www.itemku.com/~partytown/proxytown
2026-05-20 10:56:04,081 [DEBUG] itemku: 📡 API: https://www.itemku.com/~partytown/proxytown
2026-05-20 10:56:04,087 [DEBUG] itemku: 📡 API: https://www.itemku.com/~partytown/proxytown
2026-05-20 10:56:04,091 [DEBUG] itemku: 📡 API: https://www.itemku.com/~partytown/proxytown
2026-05-20 10:56:04,097 [DEBUG] itemku: 📡 API: https://www.itemku.com/~partytown/proxytown
2026-05-20 10:56:04,101 [DEBUG] itemku: 📡 API: https://www.itemku.com/~partytown/proxytown
2026-05-20 10:56:04,108 [DEBUG] itemku: 📡 API: https://www.itemku.com/~partytown/proxytown
2026-05-20 10:56:04,116 [DEBUG] itemku: 📡 API: https://www.itemku.com/~partytown/proxytown
2026-05-20 10:56:04,120 [DEBUG] itemku: 📡 API: https://www.itemku.com/~partytown/proxytown
2026-05-20 10:56:04,129 [DEBUG] itemku: 📡 API: https://www.itemku.com/~partytown/proxytown
2026-05-20 10:56:04,132 [DEBUG] itemku: 📡 API: https://www.itemku.com/~partytown/proxytown
2026-05-20 10:56:04,136 [DEBUG] itemku: 📡 API: https://www.itemku.com/~partytown/proxytown
2026-05-20 10:56:04,138 [DEBUG] itemku: 📡 API: https://www.itemku.com/~partytown/proxytown
2026-05-20 10:56:04,141 [DEBUG] itemku: 📡 API: https://www.itemku.com/~partytown/proxytown
2026-05-20 10:56:04,141 [DEBUG] itemku: 📡 API: https://www.itemku.com/~partytown/proxytown
2026-05-20 10:56:04,146 [DEBUG] itemku: 📡 API: https://www.itemku.com/~partytown/proxytown
2026-05-20 10:56:04,146 [DEBUG] itemku: 📡 API: https://www.itemku.com/~partytown/proxytown
2026-05-20 10:56:04,150 [DEBUG] itemku: 📡 API: https://www.itemku.com/~partytown/proxytown
2026-05-20 10:56:04,153 [DEBUG] itemku: 📡 API: https://www.itemku.com/~partytown/proxytown
2026-05-20 10:56:04,157 [DEBUG] itemku: 📡 API: https://www.itemku.com/~partytown/proxytown
2026-05-20 10:56:04,161 [DEBUG] itemku: 📡 API: https://www.itemku.com/~partytown/proxytown
2026-05-20 10:56:04,165 [DEBUG] itemku: 📡 API: https://www.itemku.com/~partytown/proxytown
2026-05-20 10:56:04,174 [DEBUG] itemku: 📡 API: https://www.itemku.com/~partytown/proxytown
2026-05-20 10:56:04,174 [DEBUG] itemku: 📡 API: https://www.itemku.com/~partytown/proxytown
2026-05-20 10:56:04,179 [DEBUG] itemku: 📡 API: https://www.itemku.com/~partytown/proxytown
2026-05-20 10:56:04,185 [DEBUG] itemku: 📡 API: https://www.itemku.com/~partytown/proxytown
2026-05-20 10:56:04,193 [DEBUG] itemku: 📡 API: https://www.itemku.com/~partytown/proxytown
2026-05-20 10:56:04,195 [DEBUG] itemku: 📡 API: https://www.itemku.com/~partytown/proxytown
2026-05-20 10:56:04,200 [DEBUG] itemku: 📡 API: https://www.itemku.com/~partytown/proxytown
2026-05-20 10:56:04,200 [DEBUG] itemku: 📡 API: https://www.itemku.com/~partytown/proxytown
2026-05-20 10:56:04,207 [DEBUG] itemku: 📡 API: https://www.itemku.com/~partytown/proxytown
2026-05-20 10:56:04,208 [DEBUG] itemku: 📡 API: https://www.itemku.com/~partytown/proxytown
2026-05-20 10:56:04,215 [DEBUG] itemku: 📡 API: https://www.itemku.com/~partytown/proxytown
2026-05-20 10:56:04,219 [DEBUG] itemku: 📡 API: https://www.itemku.com/~partytown/proxytown
2026-05-20 10:56:04,228 [DEBUG] itemku: 📡 API: https://www.itemku.com/~partytown/proxytown
2026-05-20 10:56:04,232 [DEBUG] itemku: 📡 API: https://www.itemku.com/~partytown/proxytown
2026-05-20 10:56:04,235 [DEBUG] itemku: 📡 API: https://www.itemku.com/~partytown/proxytown
2026-05-20 10:56:04,238 [DEBUG] itemku: 📡 API: https://www.itemku.com/~partytown/proxytown
2026-05-20 10:56:04,242 [DEBUG] itemku: 📡 API: https://www.itemku.com/~partytown/proxytown
2026-05-20 10:56:04,242 [DEBUG] itemku: 📡 API: https://www.itemku.com/~partytown/proxytown
2026-05-20 10:56:04,243 [DEBUG] itemku: 📡 API: https://www.itemku.com/~partytown/proxytown
2026-05-20 10:56:04,247 [DEBUG] itemku: 📡 API: https://www.itemku.com/~partytown/proxytown
2026-05-20 10:56:04,255 [DEBUG] itemku: 📡 API: https://www.itemku.com/~partytown/proxytown
2026-05-20 10:56:04,266 [DEBUG] itemku: 📡 API: https://www.itemku.com/~partytown/proxytown
2026-05-20 10:56:04,266 [DEBUG] itemku: 📡 API: https://www.itemku.com/~partytown/proxytown
2026-05-20 10:56:04,269 [DEBUG] itemku: 📡 API: https://www.itemku.com/~partytown/proxytown
2026-05-20 10:56:04,276 [DEBUG] itemku: 📡 API: https://www.itemku.com/~partytown/proxytown
2026-05-20 10:56:04,281 [DEBUG] itemku: 📡 API: https://www.itemku.com/~partytown/proxytown
2026-05-20 10:56:04,282 [DEBUG] itemku: 📡 API: https://www.itemku.com/~partytown/proxytown
2026-05-20 10:56:06,031 [DEBUG] itemku: 📡 API: https://www.itemku.com/~partytown/proxytown
2026-05-20 10:56:06,043 [DEBUG] itemku: 📡 API: https://www.itemku.com/~partytown/proxytown
2026-05-20 10:56:06,054 [DEBUG] itemku: 📡 API: https://www.itemku.com/~partytown/proxytown
2026-05-20 10:56:06,060 [DEBUG] itemku: 📡 API: https://www.itemku.com/~partytown/proxytown
2026-05-20 10:56:06,069 [DEBUG] itemku: 📡 API: https://www.itemku.com/~partytown/proxytown
2026-05-20 10:56:06,082 [DEBUG] itemku: 📡 API: https://www.itemku.com/~partytown/proxytown
2026-05-20 10:56:06,094 [DEBUG] itemku: 📡 API: https://www.itemku.com/~partytown/proxytown
2026-05-20 10:56:06,105 [DEBUG] itemku: 📡 API: https://www.itemku.com/~partytown/proxytown
2026-05-20 10:56:06,115 [DEBUG] itemku: 📡 API: https://www.itemku.com/~partytown/proxytown
2026-05-20 10:56:06,120 [DEBUG] itemku: 📡 API: https://www.itemku.com/~partytown/proxytown
2026-05-20 10:56:06,125 [DEBUG] itemku: 📡 API: https://www.itemku.com/~partytown/proxytown
2026-05-20 10:56:06,132 [DEBUG] itemku: 📡 API: https://www.itemku.com/~partytown/proxytown
2026-05-20 10:56:06,137 [DEBUG] itemku: 📡 API: https://www.itemku.com/~partytown/proxytown
2026-05-20 10:56:06,138 [DEBUG] itemku: 📡 API: https://www.itemku.com/~partytown/proxytown
2026-05-20 10:56:06,147 [DEBUG] itemku: 📡 API: https://www.itemku.com/~partytown/proxytown
2026-05-20 10:56:06,153 [DEBUG] itemku: 📡 API: https://www.itemku.com/~partytown/proxytown
2026-05-20 10:56:06,156 [DEBUG] itemku: 📡 API: https://www.itemku.com/~partytown/proxytown
2026-05-20 10:56:06,162 [DEBUG] itemku: 📡 API: https://www.itemku.com/~partytown/proxytown
2026-05-20 10:56:06,168 [DEBUG] itemku: 📡 API: https://www.itemku.com/~partytown/proxytown
2026-05-20 10:56:06,168 [DEBUG] itemku: 📡 API: https://www.itemku.com/~partytown/proxytown
2026-05-20 10:56:06,177 [DEBUG] itemku: 📡 API: https://www.itemku.com/~partytown/proxytown
2026-05-20 10:56:06,182 [DEBUG] itemku: 📡 API: https://www.itemku.com/~partytown/proxytown
2026-05-20 10:56:06,183 [DEBUG] itemku: 📡 API: https://www.itemku.com/~partytown/proxytown
2026-05-20 10:56:06,190 [DEBUG] itemku: 📡 API: https://www.itemku.com/~partytown/proxytown
2026-05-20 10:56:06,200 [DEBUG] itemku: 📡 API: https://www.itemku.com/~partytown/proxytown
2026-05-20 10:56:06,206 [DEBUG] itemku: 📡 API: https://www.itemku.com/~partytown/proxytown
2026-05-20 10:56:06,206 [DEBUG] itemku: 📡 API: https://www.itemku.com/~partytown/proxytown
2026-05-20 10:56:06,215 [DEBUG] itemku: 📡 API: https://www.itemku.com/~partytown/proxytown
2026-05-20 10:56:06,215 [DEBUG] itemku: 📡 API: https://www.itemku.com/~partytown/proxytown
2026-05-20 10:56:06,224 [DEBUG] itemku: 📡 API: https://www.itemku.com/~partytown/proxytown
2026-05-20 10:56:06,227 [DEBUG] itemku: 📡 API: https://www.itemku.com/~partytown/proxytown
2026-05-20 10:56:06,230 [DEBUG] itemku: 📡 API: https://www.itemku.com/~partytown/proxytown
2026-05-20 10:56:06,234 [DEBUG] itemku: 📡 API: https://www.itemku.com/~partytown/proxytown
2026-05-20 10:56:06,234 [DEBUG] itemku: 📡 API: https://www.itemku.com/~partytown/proxytown
2026-05-20 10:56:06,241 [DEBUG] itemku: 📡 API: https://www.itemku.com/~partytown/proxytown
2026-05-20 10:56:06,241 [DEBUG] itemku: 📡 API: https://www.itemku.com/~partytown/proxytown
2026-05-20 10:56:06,248 [DEBUG] itemku: 📡 API: https://www.itemku.com/~partytown/proxytown
2026-05-20 10:56:06,248 [DEBUG] itemku: 📡 API: https://www.itemku.com/~partytown/proxytown
2026-05-20 10:56:06,256 [DEBUG] itemku: 📡 API: https://www.itemku.com/~partytown/proxytown
2026-05-20 10:56:06,260 [DEBUG] itemku: 📡 API: https://www.itemku.com/~partytown/proxytown
2026-05-20 10:56:06,262 [DEBUG] itemku: 📡 API: https://www.itemku.com/~partytown/proxytown
2026-05-20 10:56:06,269 [DEBUG] itemku: 📡 API: https://www.itemku.com/~partytown/proxytown
2026-05-20 10:56:06,269 [DEBUG] itemku: 📡 API: https://www.itemku.com/~partytown/proxytown
2026-05-20 10:56:06,277 [DEBUG] itemku: 📡 API: https://www.itemku.com/~partytown/proxytown
2026-05-20 10:56:06,282 [DEBUG] itemku: 📡 API: https://www.itemku.com/~partytown/proxytown
2026-05-20 10:56:06,289 [DEBUG] itemku: 📡 API: https://www.itemku.com/~partytown/proxytown
2026-05-20 10:56:06,293 [DEBUG] itemku: 📡 API: https://www.itemku.com/~partytown/proxytown
2026-05-20 10:56:06,295 [DEBUG] itemku: 📡 API: https://www.itemku.com/~partytown/proxytown
2026-05-20 10:56:06,296 [DEBUG] itemku: 📡 API: https://www.itemku.com/~partytown/proxytown
2026-05-20 10:56:06,298 [DEBUG] itemku: 📡 API: https://www.itemku.com/~partytown/proxytown
2026-05-20 10:56:06,304 [DEBUG] itemku: 📡 API: https://www.itemku.com/~partytown/proxytown
2026-05-20 10:56:06,304 [DEBUG] itemku: 📡 API: https://www.itemku.com/~partytown/proxytown
2026-05-20 10:56:06,311 [DEBUG] itemku: 📡 API: https://www.itemku.com/~partytown/proxytown
2026-05-20 10:56:06,311 [DEBUG] itemku: 📡 API: https://www.itemku.com/~partytown/proxytown
2026-05-20 10:56:06,316 [DEBUG] itemku: 📡 API: https://www.itemku.com/~partytown/proxytown
2026-05-20 10:56:06,318 [DEBUG] itemku: 📡 API: https://www.itemku.com/~partytown/proxytown
2026-05-20 10:56:38,211 [INFO] itemku: 💾 Simpan debug...
2026-05-20 10:56:39,932 [DEBUG] itemku: 📡 API: https://api-gateway.itemku.com/v1/expansion-country?sort=sequence
2026-05-20 10:56:39,975 [DEBUG] itemku: 📡 API: https://www.itemku.com/~partytown/proxytown
2026-05-20 10:56:39,977 [DEBUG] itemku: 📡 API: https://www.itemku.com/~partytown/proxytown
2026-05-20 10:56:40,099 [DEBUG] itemku: 📡 API: https://api-gateway.itemku.com/v1/product/game-list?per_page=5&sort=latest&country_codes[]=id&utm_src=csr_c2c&is_exclusive=false
2026-05-20 10:56:40,101 [DEBUG] itemku: 📡 API: https://www.itemku.com/~partytown/proxytown
2026-05-20 10:56:40,860 [INFO] itemku: 📸 Screenshot tersimpan
2026-05-20 10:56:40,861 [INFO] itemku: 📡 API tertangkap: 713
2026-05-20 10:56:40,862 [INFO] itemku: ✅ Produk dari API: 13
2026-05-20 10:56:40,921 [INFO] itemku: 📦 Total produk: 13
2026-05-20 10:56:40,922 [DEBUG] itemku: ⏳ Delay 3.2s...
2026-05-20 10:56:44,135 [INFO] itemku: 
============================================================
2026-05-20 10:56:44,136 [INFO] itemku: 📂 KATEGORI: point-blank
2026-05-20 10:56:44,137 [INFO] itemku: ============================================================
2026-05-20 10:56:44,137 [INFO] itemku: 🔍 Scrape kategori:
2026-05-20 10:56:44,137 [INFO] itemku:    URL: https://www.itemku.com/c/point-blank
2026-05-20 10:56:45,902 [DEBUG] itemku: 📡 API: https://files.itemku.com/language/id.json
2026-05-20 10:56:45,909 [DEBUG] itemku: 📡 API: https://api-gateway.itemku.com/v1/user-location
2026-05-20 10:56:45,956 [DEBUG] itemku: 📡 API: https://api-gateway.itemku.com/v1/product/game-category?country_codes[]=id&slug=mobile-game&is_exclude_empty_game_category_lists=true&per_page=50&is_exclusive=false
2026-05-20 10:56:45,960 [DEBUG] itemku: 📡 API: https://api-gateway.itemku.com/v1/metadata/icon-placeholder-mobile-payment
2026-05-20 10:56:46,086 [DEBUG] itemku: 📡 API: https://api-gateway.itemku.com/v1/currency/detail
2026-05-20 10:56:46,102 [DEBUG] itemku: 📡 API: https://www.itemku.com/_next/data/ox5kkx6ecmuea2igmr6vx/c/tipe-produk.json
2026-05-20 10:56:46,176 [DEBUG] itemku: 📡 API: https://www.itemku.com/~partytown/proxytown
2026-05-20 10:56:46,196 [DEBUG] itemku: 📡 API: https://www.itemku.com/~partytown/proxytown
2026-05-20 10:56:46,268 [DEBUG] itemku: 📡 API: https://www.itemku.com/~partytown/proxytown
2026-05-20 10:56:46,270 [DEBUG] itemku: 📡 API: https://www.itemku.com/~partytown/proxytown
2026-05-20 10:56:47,355 [DEBUG] itemku: 📡 API: https://api-gateway.itemku.com/v1/expansion-country?sort=sequence
2026-05-20 10:56:47,426 [DEBUG] itemku: 📡 API: https://api-gateway.itemku.com/v1/product/game-category-popular?per_page=50&is_exclude_empty_game_category_lists=1&country_codes[]=id&type=1&usecache=false&is_category_v2=true&is_exclusive=false
2026-05-20 10:56:47,429 [DEBUG] itemku: 📡 API: https://www.itemku.com/~partytown/proxytown
2026-05-20 10:56:47,493 [DEBUG] itemku: 📡 API: https://api-gateway.itemku.com/v1/product/game-list?per_page=5&sort=latest&country_codes[]=id&utm_src=csr_c2c&is_exclusive=false
2026-05-20 10:56:47,497 [DEBUG] itemku: 📡 API: https://www.itemku.com/~partytown/proxytown
2026-05-20 10:56:47,506 [DEBUG] itemku: 📡 API: https://www.itemku.com/~partytown/proxytown
2026-05-20 10:56:47,566 [DEBUG] itemku: 📡 API: https://www.itemku.com/~partytown/proxytown
2026-05-20 10:56:47,684 [DEBUG] itemku: 📡 API: https://www.itemku.com/~partytown/proxytown
2026-05-20 10:56:47,706 [DEBUG] itemku: 📡 API: https://www.itemku.com/~partytown/proxytown
2026-05-20 10:56:47,715 [DEBUG] itemku: 📡 API: https://www.itemku.com/~partytown/proxytown
2026-05-20 10:56:47,717 [DEBUG] itemku: 📡 API: https://www.itemku.com/~partytown/proxytown
2026-05-20 10:56:47,899 [DEBUG] itemku: 📡 API: https://www.itemku.com/~partytown/proxytown
2026-05-20 10:56:47,919 [DEBUG] itemku: 📡 API: https://www.itemku.com/~partytown/proxytown
2026-05-20 10:56:47,925 [DEBUG] itemku: 📡 API: https://www.itemku.com/~partytown/proxytown
2026-05-20 10:56:47,933 [DEBUG] itemku: 📡 API: https://www.itemku.com/~partytown/proxytown
2026-05-20 10:56:47,939 [DEBUG] itemku: 📡 API: https://www.itemku.com/~partytown/proxytown
2026-05-20 10:56:47,947 [DEBUG] itemku: 📡 API: https://www.itemku.com/~partytown/proxytown
2026-05-20 10:56:47,951 [DEBUG] itemku: 📡 API: https://www.itemku.com/~partytown/proxytown
2026-05-20 10:56:47,958 [DEBUG] itemku: 📡 API: https://www.itemku.com/~partytown/proxytown
2026-05-20 10:56:47,967 [DEBUG] itemku: 📡 API: https://www.itemku.com/~partytown/proxytown
2026-05-20 10:56:47,968 [DEBUG] itemku: 📡 API: https://www.itemku.com/~partytown/proxytown
2026-05-20 10:56:47,975 [DEBUG] itemku: 📡 API: https://www.itemku.com/~partytown/proxytown
2026-05-20 10:56:47,988 [DEBUG] itemku: 📡 API: https://www.itemku.com/~partytown/proxytown
2026-05-20 10:56:47,995 [DEBUG] itemku: 📡 API: https://www.itemku.com/~partytown/proxytown
2026-05-20 10:56:48,002 [DEBUG] itemku: 📡 API: https://www.itemku.com/~partytown/proxytown
2026-05-20 10:56:48,007 [DEBUG] itemku: 📡 API: https://www.itemku.com/~partytown/proxytown
2026-05-20 10:56:48,018 [DEBUG] itemku: 📡 API: https://www.itemku.com/~partytown/proxytown
2026-05-20 10:56:48,024 [DEBUG] itemku: 📡 API: https://www.itemku.com/~partytown/proxytown
2026-05-20 10:56:48,032 [DEBUG] itemku: 📡 API: https://www.itemku.com/~partytown/proxytown
2026-05-20 10:56:48,041 [DEBUG] itemku: 📡 API: https://www.itemku.com/~partytown/proxytown
2026-05-20 10:56:48,045 [DEBUG] itemku: 📡 API: https://www.itemku.com/~partytown/proxytown
2026-05-20 10:56:48,049 [DEBUG] itemku: 📡 API: https://www.itemku.com/~partytown/proxytown
2026-05-20 10:56:48,053 [DEBUG] itemku: 📡 API: https://www.itemku.com/~partytown/proxytown
2026-05-20 10:56:48,056 [DEBUG] itemku: 📡 API: https://www.itemku.com/~partytown/proxytown
2026-05-20 10:56:48,062 [DEBUG] itemku: 📡 API: https://www.itemku.com/~partytown/proxytown
2026-05-20 10:56:48,063 [DEBUG] itemku: 📡 API: https://www.itemku.com/~partytown/proxytown
2026-05-20 10:56:48,068 [DEBUG] itemku: 📡 API: https://www.itemku.com/~partytown/proxytown
2026-05-20 10:56:48,073 [DEBUG] itemku: 📡 API: https://www.itemku.com/~partytown/proxytown
2026-05-20 10:56:48,073 [DEBUG] itemku: 📡 API: https://www.itemku.com/~partytown/proxytown
2026-05-20 10:56:48,080 [DEBUG] itemku: 📡 API: https://www.itemku.com/~partytown/proxytown
2026-05-20 10:56:48,083 [DEBUG] itemku: 📡 API: https://www.itemku.com/~partytown/proxytown
2026-05-20 10:56:48,084 [DEBUG] itemku: 📡 API: https://www.itemku.com/~partytown/proxytown
2026-05-20 10:56:48,090 [DEBUG] itemku: 📡 API: https://www.itemku.com/~partytown/proxytown
2026-05-20 10:56:48,097 [DEBUG] itemku: 📡 API: https://www.itemku.com/~partytown/proxytown
2026-05-20 10:56:48,101 [DEBUG] itemku: 📡 API: https://www.itemku.com/~partytown/proxytown
2026-05-20 10:56:48,102 [DEBUG] itemku: 📡 API: https://www.itemku.com/~partytown/proxytown
2026-05-20 10:56:48,104 [DEBUG] itemku: 📡 API: https://www.itemku.com/~partytown/proxytown
2026-05-20 10:56:48,109 [DEBUG] itemku: 📡 API: https://www.itemku.com/~partytown/proxytown
2026-05-20 10:56:48,113 [DEBUG] itemku: 📡 API: https://www.itemku.com/~partytown/proxytown
2026-05-20 10:56:48,118 [DEBUG] itemku: 📡 API: https://www.itemku.com/~partytown/proxytown
2026-05-20 10:56:48,127 [DEBUG] itemku: 📡 API: https://www.itemku.com/~partytown/proxytown
2026-05-20 10:56:48,133 [DEBUG] itemku: 📡 API: https://www.itemku.com/~partytown/proxytown
2026-05-20 10:56:48,138 [DEBUG] itemku: 📡 API: https://www.itemku.com/~partytown/proxytown
2026-05-20 10:56:48,144 [DEBUG] itemku: 📡 API: https://www.itemku.com/~partytown/proxytown
2026-05-20 10:56:48,152 [DEBUG] itemku: 📡 API: https://www.itemku.com/~partytown/proxytown
2026-05-20 10:56:48,184 [DEBUG] itemku: 📡 API: https://www.itemku.com/~partytown/proxytown
2026-05-20 10:56:48,193 [DEBUG] itemku: 📡 API: https://www.itemku.com/~partytown/proxytown
2026-05-20 10:56:48,195 [DEBUG] itemku: 📡 API: https://www.itemku.com/~partytown/proxytown
2026-05-20 10:56:48,201 [DEBUG] itemku: 📡 API: https://www.itemku.com/~partytown/proxytown
2026-05-20 10:56:48,204 [DEBUG] itemku: 📡 API: https://www.itemku.com/~partytown/proxytown
2026-05-20 10:56:48,204 [DEBUG] itemku: 📡 API: https://www.itemku.com/~partytown/proxytown
2026-05-20 10:56:48,206 [DEBUG] itemku: 📡 API: https://www.itemku.com/~partytown/proxytown
2026-05-20 10:56:48,207 [DEBUG] itemku: 📡 API: https://www.itemku.com/~partytown/proxytown
2026-05-20 10:56:48,208 [DEBUG] itemku: 📡 API: https://www.itemku.com/~partytown/proxytown
2026-05-20 10:56:48,216 [DEBUG] itemku: 📡 API: https://www.itemku.com/~partytown/proxytown
2026-05-20 10:56:48,222 [DEBUG] itemku: 📡 API: https://www.itemku.com/~partytown/proxytown
2026-05-20 10:56:48,232 [DEBUG] itemku: 📡 API: https://www.itemku.com/~partytown/proxytown
2026-05-20 10:56:48,232 [DEBUG] itemku: 📡 API: https://www.itemku.com/~partytown/proxytown
2026-05-20 10:56:48,235 [DEBUG] itemku: 📡 API: https://www.itemku.com/~partytown/proxytown
2026-05-20 10:56:48,238 [DEBUG] itemku: 📡 API: https://www.itemku.com/~partytown/proxytown
2026-05-20 10:56:48,359 [DEBUG] itemku: 📡 API: https://www.itemku.com/~partytown/proxytown
2026-05-20 10:56:48,371 [DEBUG] itemku: 📡 API: https://www.itemku.com/~partytown/proxytown
2026-05-20 10:56:48,371 [DEBUG] itemku: 📡 API: https://www.itemku.com/~partytown/proxytown
2026-05-20 10:56:48,382 [DEBUG] itemku: 📡 API: https://www.itemku.com/~partytown/proxytown
2026-05-20 10:56:48,385 [DEBUG] itemku: 📡 API: https://www.itemku.com/~partytown/proxytown
2026-05-20 10:56:48,444 [DEBUG] itemku: 📡 API: https://www.itemku.com/~partytown/proxytown
2026-05-20 10:56:48,444 [DEBUG] itemku: 📡 API: https://www.itemku.com/~partytown/proxytown
2026-05-20 10:56:48,446 [DEBUG] itemku: 📡 API: https://www.itemku.com/~partytown/proxytown
2026-05-20 10:56:48,469 [DEBUG] itemku: 📡 API: https://www.itemku.com/~partytown/proxytown
2026-05-20 10:56:48,480 [DEBUG] itemku: 📡 API: https://www.itemku.com/~partytown/proxytown
2026-05-20 10:56:48,480 [DEBUG] itemku: 📡 API: https://www.itemku.com/~partytown/proxytown
2026-05-20 10:56:48,496 [DEBUG] itemku: 📡 API: https://www.itemku.com/~partytown/proxytown
2026-05-20 10:56:48,497 [DEBUG] itemku: 📡 API: https://www.itemku.com/~partytown/proxytown
2026-05-20 10:56:48,515 [DEBUG] itemku: 📡 API: https://www.itemku.com/~partytown/proxytown
2026-05-20 10:56:48,515 [DEBUG] itemku: 📡 API: https://www.itemku.com/~partytown/proxytown
2026-05-20 10:56:48,524 [DEBUG] itemku: 📡 API: https://www.itemku.com/~partytown/proxytown
2026-05-20 10:56:48,589 [DEBUG] itemku: 📡 API: https://script.crazyegg.com/pages/data-scripts/0113/7987/site/www.itemku.com.json?t=1
2026-05-20 10:56:48,608 [DEBUG] itemku: 📡 API: https://www.itemku.com/~partytown/proxytown
2026-05-20 10:56:48,663 [DEBUG] itemku: 📡 API: https://www.itemku.com/~partytown/proxytown
2026-05-20 10:56:48,677 [DEBUG] itemku: 📡 API: https://www.itemku.com/~partytown/proxytown
2026-05-20 10:56:48,683 [DEBUG] itemku: 📡 API: https://www.itemku.com/~partytown/proxytown
2026-05-20 10:56:48,724 [DEBUG] itemku: 📡 API: https://www.itemku.com/~partytown/proxytown
2026-05-20 10:56:48,772 [DEBUG] itemku: 📡 API: https://www.itemku.com/~partytown/proxytown
2026-05-20 10:56:48,796 [DEBUG] itemku: 📡 API: https://script.crazyegg.com/pages/data-scripts/0113/7987/sampling/www.itemku.com.json?t=1
2026-05-20 10:56:48,800 [DEBUG] itemku: 📡 API: https://www.itemku.com/~partytown/proxytown
2026-05-20 10:56:48,810 [DEBUG] itemku: 📡 API: https://www.itemku.com/~partytown/proxytown
2026-05-20 10:56:48,817 [DEBUG] itemku: 📡 API: https://www.itemku.com/~partytown/proxytown
2026-05-20 10:56:48,817 [DEBUG] itemku: 📡 API: https://www.itemku.com/~partytown/proxytown
2026-05-20 10:56:48,824 [DEBUG] itemku: 📡 API: https://www.itemku.com/~partytown/proxytown
2026-05-20 10:56:48,825 [DEBUG] itemku: 📡 API: https://www.itemku.com/~partytown/proxytown
2026-05-20 10:56:48,831 [DEBUG] itemku: 📡 API: https://www.itemku.com/~partytown/proxytown
2026-05-20 10:56:48,840 [DEBUG] itemku: 📡 API: https://www.itemku.com/~partytown/proxytown
2026-05-20 10:56:48,842 [DEBUG] itemku: 📡 API: https://www.itemku.com/~partytown/proxytown
2026-05-20 10:56:48,870 [DEBUG] itemku: 📡 API: https://www.itemku.com/~partytown/proxytown
2026-05-20 10:56:48,870 [DEBUG] itemku: 📡 API: https://www.itemku.com/~partytown/proxytown
2026-05-20 10:56:48,878 [DEBUG] itemku: 📡 API: https://www.itemku.com/~partytown/proxytown
2026-05-20 10:56:48,879 [DEBUG] itemku: 📡 API: https://www.itemku.com/~partytown/proxytown
2026-05-20 10:56:48,884 [DEBUG] itemku: 📡 API: https://www.itemku.com/~partytown/proxytown
2026-05-20 10:56:48,891 [DEBUG] itemku: 📡 API: https://www.itemku.com/~partytown/proxytown
2026-05-20 10:56:48,896 [DEBUG] itemku: 📡 API: https://www.itemku.com/~partytown/proxytown
2026-05-20 10:56:48,897 [DEBUG] itemku: 📡 API: https://www.itemku.com/~partytown/proxytown
2026-05-20 10:56:48,903 [DEBUG] itemku: 📡 API: https://www.itemku.com/~partytown/proxytown
2026-05-20 10:56:48,910 [DEBUG] itemku: 📡 API: https://www.itemku.com/~partytown/proxytown
2026-05-20 10:56:48,910 [DEBUG] itemku: 📡 API: https://www.itemku.com/~partytown/proxytown
2026-05-20 10:56:48,914 [DEBUG] itemku: 📡 API: https://www.itemku.com/~partytown/proxytown
2026-05-20 10:56:48,918 [DEBUG] itemku: 📡 API: https://www.itemku.com/~partytown/proxytown
2026-05-20 10:56:48,923 [DEBUG] itemku: 📡 API: https://www.itemku.com/~partytown/proxytown
2026-05-20 10:56:48,927 [DEBUG] itemku: 📡 API: https://www.itemku.com/~partytown/proxytown
2026-05-20 10:56:48,930 [DEBUG] itemku: 📡 API: https://www.itemku.com/~partytown/proxytown
2026-05-20 10:56:48,935 [DEBUG] itemku: 📡 API: https://www.itemku.com/~partytown/proxytown
2026-05-20 10:56:48,940 [DEBUG] itemku: 📡 API: https://www.itemku.com/~partytown/proxytown
2026-05-20 10:56:48,945 [DEBUG] itemku: 📡 API: https://www.itemku.com/~partytown/proxytown
2026-05-20 10:56:48,949 [DEBUG] itemku: 📡 API: https://www.itemku.com/~partytown/proxytown
2026-05-20 10:56:48,956 [DEBUG] itemku: 📡 API: https://www.itemku.com/~partytown/proxytown
2026-05-20 10:56:48,965 [DEBUG] itemku: 📡 API: https://www.itemku.com/~partytown/proxytown
2026-05-20 10:56:48,965 [DEBUG] itemku: 📡 API: https://www.itemku.com/~partytown/proxytown
2026-05-20 10:56:48,972 [DEBUG] itemku: 📡 API: https://www.itemku.com/~partytown/proxytown
2026-05-20 10:56:48,972 [DEBUG] itemku: 📡 API: https://www.itemku.com/~partytown/proxytown
2026-05-20 10:56:48,977 [DEBUG] itemku: 📡 API: https://www.itemku.com/~partytown/proxytown
2026-05-20 10:56:48,983 [DEBUG] itemku: 📡 API: https://www.itemku.com/~partytown/proxytown
2026-05-20 10:56:48,988 [DEBUG] itemku: 📡 API: https://www.itemku.com/~partytown/proxytown
2026-05-20 10:56:48,994 [DEBUG] itemku: 📡 API: https://www.itemku.com/~partytown/proxytown
2026-05-20 10:56:49,000 [DEBUG] itemku: 📡 API: https://www.itemku.com/~partytown/proxytown
2026-05-20 10:56:49,007 [DEBUG] itemku: 📡 API: https://www.itemku.com/~partytown/proxytown
2026-05-20 10:56:49,012 [DEBUG] itemku: 📡 API: https://www.itemku.com/~partytown/proxytown
2026-05-20 10:56:49,020 [DEBUG] itemku: 📡 API: https://www.itemku.com/~partytown/proxytown
2026-05-20 10:56:49,023 [DEBUG] itemku: 📡 API: https://www.itemku.com/~partytown/proxytown
2026-05-20 10:56:49,037 [DEBUG] itemku: 📡 API: https://www.itemku.com/~partytown/proxytown
2026-05-20 10:56:49,044 [DEBUG] itemku: 📡 API: https://www.itemku.com/~partytown/proxytown
2026-05-20 10:56:49,051 [DEBUG] itemku: 📡 API: https://www.itemku.com/~partytown/proxytown
2026-05-20 10:56:49,060 [DEBUG] itemku: 📡 API: https://www.itemku.com/~partytown/proxytown
2026-05-20 10:56:49,072 [DEBUG] itemku: 📡 API: https://www.itemku.com/~partytown/proxytown
2026-05-20 10:56:49,080 [DEBUG] itemku: 📡 API: https://www.itemku.com/~partytown/proxytown
2026-05-20 10:56:49,087 [DEBUG] itemku: 📡 API: https://www.itemku.com/~partytown/proxytown
2026-05-20 10:56:49,092 [DEBUG] itemku: 📡 API: https://www.itemku.com/~partytown/proxytown
2026-05-20 10:56:49,098 [DEBUG] itemku: 📡 API: https://www.itemku.com/~partytown/proxytown
2026-05-20 10:56:49,104 [DEBUG] itemku: 📡 API: https://www.itemku.com/~partytown/proxytown
2026-05-20 10:56:49,115 [DEBUG] itemku: 📡 API: https://www.itemku.com/~partytown/proxytown
2026-05-20 10:56:49,115 [DEBUG] itemku: 📡 API: https://www.itemku.com/~partytown/proxytown
2026-05-20 10:56:49,126 [DEBUG] itemku: 📡 API: https://www.itemku.com/~partytown/proxytown
2026-05-20 10:56:49,126 [DEBUG] itemku: 📡 API: https://www.itemku.com/~partytown/proxytown
2026-05-20 10:56:49,135 [DEBUG] itemku: 📡 API: https://www.itemku.com/~partytown/proxytown
2026-05-20 10:56:49,141 [DEBUG] itemku: 📡 API: https://www.itemku.com/~partytown/proxytown
2026-05-20 10:56:49,141 [DEBUG] itemku: 📡 API: https://www.itemku.com/~partytown/proxytown
2026-05-20 10:56:49,149 [DEBUG] itemku: 📡 API: https://www.itemku.com/~partytown/proxytown
2026-05-20 10:56:49,152 [DEBUG] itemku: 📡 API: https://www.itemku.com/~partytown/proxytown
2026-05-20 10:56:49,156 [DEBUG] itemku: 📡 API: https://www.itemku.com/~partytown/proxytown
2026-05-20 10:56:49,160 [DEBUG] itemku: 📡 API: https://www.itemku.com/~partytown/proxytown
2026-05-20 10:56:49,160 [DEBUG] itemku: 📡 API: https://www.itemku.com/~partytown/proxytown
2026-05-20 10:56:49,164 [DEBUG] itemku: 📡 API: https://www.itemku.com/~partytown/proxytown
2026-05-20 10:56:49,168 [DEBUG] itemku: 📡 API: https://www.itemku.com/~partytown/proxytown
2026-05-20 10:56:49,173 [DEBUG] itemku: 📡 API: https://www.itemku.com/~partytown/proxytown
2026-05-20 10:56:49,183 [DEBUG] itemku: 📡 API: https://www.itemku.com/~partytown/proxytown
2026-05-20 10:56:49,187 [DEBUG] itemku: 📡 API: https://www.itemku.com/~partytown/proxytown
2026-05-20 10:56:49,191 [DEBUG] itemku: 📡 API: https://www.itemku.com/~partytown/proxytown
2026-05-20 10:56:49,193 [DEBUG] itemku: 📡 API: https://www.itemku.com/~partytown/proxytown
2026-05-20 10:56:49,198 [DEBUG] itemku: 📡 API: https://www.itemku.com/~partytown/proxytown
2026-05-20 10:56:49,198 [DEBUG] itemku: 📡 API: https://www.itemku.com/~partytown/proxytown
2026-05-20 10:56:49,204 [DEBUG] itemku: 📡 API: https://www.itemku.com/~partytown/proxytown
2026-05-20 10:56:49,209 [DEBUG] itemku: 📡 API: https://www.itemku.com/~partytown/proxytown
2026-05-20 10:56:49,214 [DEBUG] itemku: 📡 API: https://www.itemku.com/~partytown/proxytown
2026-05-20 10:56:49,223 [DEBUG] itemku: 📡 API: https://www.itemku.com/~partytown/proxytown
2026-05-20 10:56:49,231 [DEBUG] itemku: 📡 API: https://www.itemku.com/~partytown/proxytown
2026-05-20 10:56:49,237 [DEBUG] itemku: 📡 API: https://www.itemku.com/~partytown/proxytown
2026-05-20 10:56:49,246 [DEBUG] itemku: 📡 API: https://www.itemku.com/~partytown/proxytown
2026-05-20 10:56:49,251 [DEBUG] itemku: 📡 API: https://www.itemku.com/~partytown/proxytown
2026-05-20 10:56:49,256 [DEBUG] itemku: 📡 API: https://www.itemku.com/~partytown/proxytown
2026-05-20 10:56:49,261 [DEBUG] itemku: 📡 API: https://www.itemku.com/~partytown/proxytown
2026-05-20 10:56:49,267 [DEBUG] itemku: 📡 API: https://www.itemku.com/~partytown/proxytown
2026-05-20 10:56:49,271 [DEBUG] itemku: 📡 API: https://www.itemku.com/~partytown/proxytown
2026-05-20 10:56:49,277 [DEBUG] itemku: 📡 API: https://www.itemku.com/~partytown/proxytown
2026-05-20 10:56:49,282 [DEBUG] itemku: 📡 API: https://www.itemku.com/~partytown/proxytown
2026-05-20 10:56:49,286 [DEBUG] itemku: 📡 API: https://www.itemku.com/~partytown/proxytown
2026-05-20 10:56:49,291 [DEBUG] itemku: 📡 API: https://www.itemku.com/~partytown/proxytown
2026-05-20 10:56:49,297 [DEBUG] itemku: 📡 API: https://www.itemku.com/~partytown/proxytown
2026-05-20 10:56:49,301 [DEBUG] itemku: 📡 API: https://www.itemku.com/~partytown/proxytown
2026-05-20 10:56:49,307 [DEBUG] itemku: 📡 API: https://www.itemku.com/~partytown/proxytown
2026-05-20 10:56:49,312 [DEBUG] itemku: 📡 API: https://www.itemku.com/~partytown/proxytown
2026-05-20 10:56:49,317 [DEBUG] itemku: 📡 API: https://www.itemku.com/~partytown/proxytown
2026-05-20 10:56:49,320 [DEBUG] itemku: 📡 API: https://www.itemku.com/~partytown/proxytown
2026-05-20 10:56:49,325 [DEBUG] itemku: 📡 API: https://www.itemku.com/~partytown/proxytown
2026-05-20 10:56:49,332 [DEBUG] itemku: 📡 API: https://www.itemku.com/~partytown/proxytown
2026-05-20 10:56:49,338 [DEBUG] itemku: 📡 API: https://www.itemku.com/~partytown/proxytown
2026-05-20 10:56:49,338 [DEBUG] itemku: 📡 API: https://www.itemku.com/~partytown/proxytown
2026-05-20 10:56:49,345 [DEBUG] itemku: 📡 API: https://www.itemku.com/~partytown/proxytown
2026-05-20 10:56:49,352 [DEBUG] itemku: 📡 API: https://www.itemku.com/~partytown/proxytown
2026-05-20 10:56:49,352 [DEBUG] itemku: 📡 API: https://www.itemku.com/~partytown/proxytown
2026-05-20 10:56:49,357 [DEBUG] itemku: 📡 API: https://www.itemku.com/~partytown/proxytown
2026-05-20 10:56:49,357 [DEBUG] itemku: 📡 API: https://www.itemku.com/~partytown/proxytown
2026-05-20 10:56:49,361 [DEBUG] itemku: 📡 API: https://www.itemku.com/~partytown/proxytown
2026-05-20 10:56:49,366 [DEBUG] itemku: 📡 API: https://www.itemku.com/~partytown/proxytown
2026-05-20 10:56:49,371 [DEBUG] itemku: 📡 API: https://www.itemku.com/~partytown/proxytown
2026-05-20 10:56:49,378 [DEBUG] itemku: 📡 API: https://www.itemku.com/~partytown/proxytown
2026-05-20 10:56:49,386 [DEBUG] itemku: 📡 API: https://www.itemku.com/~partytown/proxytown
2026-05-20 10:56:49,389 [DEBUG] itemku: 📡 API: https://www.itemku.com/~partytown/proxytown
2026-05-20 10:56:49,396 [DEBUG] itemku: 📡 API: https://www.itemku.com/~partytown/proxytown
2026-05-20 10:56:49,402 [DEBUG] itemku: 📡 API: https://www.itemku.com/~partytown/proxytown
2026-05-20 10:56:49,406 [DEBUG] itemku: 📡 API: https://www.itemku.com/~partytown/proxytown
2026-05-20 10:56:49,412 [DEBUG] itemku: 📡 API: https://www.itemku.com/~partytown/proxytown
2026-05-20 10:56:49,417 [DEBUG] itemku: 📡 API: https://www.itemku.com/~partytown/proxytown
2026-05-20 10:56:49,424 [DEBUG] itemku: 📡 API: https://www.itemku.com/~partytown/proxytown
2026-05-20 10:56:49,429 [DEBUG] itemku: 📡 API: https://www.itemku.com/~partytown/proxytown
2026-05-20 10:56:49,437 [DEBUG] itemku: 📡 API: https://www.itemku.com/~partytown/proxytown
2026-05-20 10:56:49,444 [DEBUG] itemku: 📡 API: https://www.itemku.com/~partytown/proxytown
2026-05-20 10:56:49,450 [DEBUG] itemku: 📡 API: https://www.itemku.com/~partytown/proxytown
2026-05-20 10:56:49,457 [DEBUG] itemku: 📡 API: https://www.itemku.com/~partytown/proxytown
2026-05-20 10:56:49,465 [DEBUG] itemku: 📡 API: https://www.itemku.com/~partytown/proxytown
2026-05-20 10:56:49,473 [DEBUG] itemku: 📡 API: https://www.itemku.com/~partytown/proxytown
2026-05-20 10:56:49,479 [DEBUG] itemku: 📡 API: https://www.itemku.com/~partytown/proxytown
2026-05-20 10:56:49,492 [DEBUG] itemku: 📡 API: https://www.itemku.com/~partytown/proxytown
2026-05-20 10:56:49,501 [DEBUG] itemku: 📡 API: https://www.itemku.com/~partytown/proxytown
2026-05-20 10:56:49,501 [DEBUG] itemku: 📡 API: https://www.itemku.com/~partytown/proxytown
2026-05-20 10:56:49,510 [DEBUG] itemku: 📡 API: https://www.itemku.com/~partytown/proxytown
2026-05-20 10:56:49,516 [DEBUG] itemku: 📡 API: https://www.itemku.com/~partytown/proxytown
2026-05-20 10:56:49,523 [DEBUG] itemku: 📡 API: https://www.itemku.com/~partytown/proxytown
2026-05-20 10:56:49,531 [DEBUG] itemku: 📡 API: https://www.itemku.com/~partytown/proxytown
2026-05-20 10:56:49,537 [DEBUG] itemku: 📡 API: https://www.itemku.com/~partytown/proxytown
2026-05-20 10:56:49,545 [DEBUG] itemku: 📡 API: https://www.itemku.com/~partytown/proxytown
2026-05-20 10:56:49,551 [DEBUG] itemku: 📡 API: https://www.itemku.com/~partytown/proxytown
2026-05-20 10:56:49,559 [DEBUG] itemku: 📡 API: https://www.itemku.com/~partytown/proxytown
2026-05-20 10:56:49,565 [DEBUG] itemku: 📡 API: https://www.itemku.com/~partytown/proxytown
2026-05-20 10:56:49,573 [DEBUG] itemku: 📡 API: https://www.itemku.com/~partytown/proxytown
2026-05-20 10:56:49,581 [DEBUG] itemku: 📡 API: https://www.itemku.com/~partytown/proxytown
2026-05-20 10:56:49,592 [DEBUG] itemku: 📡 API: https://www.itemku.com/~partytown/proxytown
2026-05-20 10:56:49,593 [DEBUG] itemku: 📡 API: https://www.itemku.com/~partytown/proxytown
2026-05-20 10:56:49,599 [DEBUG] itemku: 📡 API: https://www.itemku.com/~partytown/proxytown
2026-05-20 10:56:49,606 [DEBUG] itemku: 📡 API: https://www.itemku.com/~partytown/proxytown
2026-05-20 10:56:49,612 [DEBUG] itemku: 📡 API: https://www.itemku.com/~partytown/proxytown
2026-05-20 10:56:49,617 [DEBUG] itemku: 📡 API: https://www.itemku.com/~partytown/proxytown
2026-05-20 10:56:49,624 [DEBUG] itemku: 📡 API: https://www.itemku.com/~partytown/proxytown
2026-05-20 10:56:49,631 [DEBUG] itemku: 📡 API: https://www.itemku.com/~partytown/proxytown
2026-05-20 10:56:49,642 [DEBUG] itemku: 📡 API: https://www.itemku.com/~partytown/proxytown
2026-05-20 10:56:49,642 [DEBUG] itemku: 📡 API: https://www.itemku.com/~partytown/proxytown
2026-05-20 10:56:49,648 [DEBUG] itemku: 📡 API: https://www.itemku.com/~partytown/proxytown
2026-05-20 10:56:49,654 [DEBUG] itemku: 📡 API: https://www.itemku.com/~partytown/proxytown
2026-05-20 10:56:49,661 [DEBUG] itemku: 📡 API: https://www.itemku.com/~partytown/proxytown
2026-05-20 10:56:49,667 [DEBUG] itemku: 📡 API: https://www.itemku.com/~partytown/proxytown
2026-05-20 10:56:49,675 [DEBUG] itemku: 📡 API: https://www.itemku.com/~partytown/proxytown
2026-05-20 10:56:49,679 [DEBUG] itemku: 📡 API: https://www.itemku.com/~partytown/proxytown
2026-05-20 10:56:49,686 [DEBUG] itemku: 📡 API: https://www.itemku.com/~partytown/proxytown
2026-05-20 10:56:49,687 [DEBUG] itemku: 📡 API: https://www.itemku.com/~partytown/proxytown
2026-05-20 10:56:49,692 [DEBUG] itemku: 📡 API: https://www.itemku.com/~partytown/proxytown
2026-05-20 10:56:49,696 [DEBUG] itemku: 📡 API: https://www.itemku.com/~partytown/proxytown
2026-05-20 10:56:49,702 [DEBUG] itemku: 📡 API: https://www.itemku.com/~partytown/proxytown
2026-05-20 10:56:49,708 [DEBUG] itemku: 📡 API: https://www.itemku.com/~partytown/proxytown
2026-05-20 10:56:49,717 [DEBUG] itemku: 📡 API: https://www.itemku.com/~partytown/proxytown
2026-05-20 10:56:49,727 [DEBUG] itemku: 📡 API: https://www.itemku.com/~partytown/proxytown
2026-05-20 10:56:49,727 [DEBUG] itemku: 📡 API: https://www.itemku.com/~partytown/proxytown
2026-05-20 10:56:49,733 [DEBUG] itemku: 📡 API: https://www.itemku.com/~partytown/proxytown
2026-05-20 10:56:49,740 [DEBUG] itemku: 📡 API: https://www.itemku.com/~partytown/proxytown
2026-05-20 10:56:49,743 [DEBUG] itemku: 📡 API: https://www.itemku.com/~partytown/proxytown
2026-05-20 10:56:49,752 [DEBUG] itemku: 📡 API: https://www.itemku.com/~partytown/proxytown
2026-05-20 10:56:49,758 [DEBUG] itemku: 📡 API: https://www.itemku.com/~partytown/proxytown
2026-05-20 10:56:49,761 [DEBUG] itemku: 📡 API: https://www.itemku.com/~partytown/proxytown
2026-05-20 10:56:49,783 [DEBUG] itemku: 📡 API: https://www.itemku.com/~partytown/proxytown
2026-05-20 10:56:49,788 [DEBUG] itemku: 📡 API: https://www.itemku.com/~partytown/proxytown
2026-05-20 10:56:49,789 [DEBUG] itemku: 📡 API: https://www.itemku.com/~partytown/proxytown
2026-05-20 10:56:49,796 [DEBUG] itemku: 📡 API: https://www.itemku.com/~partytown/proxytown
2026-05-20 10:56:49,796 [DEBUG] itemku: 📡 API: https://www.itemku.com/~partytown/proxytown
2026-05-20 10:56:49,803 [DEBUG] itemku: 📡 API: https://www.itemku.com/~partytown/proxytown
2026-05-20 10:56:49,812 [DEBUG] itemku: 📡 API: https://www.itemku.com/~partytown/proxytown
2026-05-20 10:56:49,816 [DEBUG] itemku: 📡 API: https://www.itemku.com/~partytown/proxytown
2026-05-20 10:56:49,818 [DEBUG] itemku: 📡 API: https://www.itemku.com/~partytown/proxytown
2026-05-20 10:56:49,822 [DEBUG] itemku: 📡 API: https://www.itemku.com/~partytown/proxytown
2026-05-20 10:56:49,822 [DEBUG] itemku: 📡 API: https://www.itemku.com/~partytown/proxytown
2026-05-20 10:56:49,828 [DEBUG] itemku: 📡 API: https://www.itemku.com/~partytown/proxytown
2026-05-20 10:56:49,835 [DEBUG] itemku: 📡 API: https://www.itemku.com/~partytown/proxytown
2026-05-20 10:56:49,839 [DEBUG] itemku: 📡 API: https://www.itemku.com/~partytown/proxytown
2026-05-20 10:56:49,839 [DEBUG] itemku: 📡 API: https://www.itemku.com/~partytown/proxytown
2026-05-20 10:56:49,848 [DEBUG] itemku: 📡 API: https://www.itemku.com/~partytown/proxytown
2026-05-20 10:56:49,851 [DEBUG] itemku: 📡 API: https://www.itemku.com/~partytown/proxytown
2026-05-20 10:56:49,853 [DEBUG] itemku: 📡 API: https://www.itemku.com/~partytown/proxytown
2026-05-20 10:56:49,860 [DEBUG] itemku: 📡 API: https://www.itemku.com/~partytown/proxytown
2026-05-20 10:56:49,860 [DEBUG] itemku: 📡 API: https://www.itemku.com/~partytown/proxytown
2026-05-20 10:56:49,866 [DEBUG] itemku: 📡 API: https://www.itemku.com/~partytown/proxytown
2026-05-20 10:56:49,866 [DEBUG] itemku: 📡 API: https://www.itemku.com/~partytown/proxytown
2026-05-20 10:56:49,874 [DEBUG] itemku: 📡 API: https://www.itemku.com/~partytown/proxytown
2026-05-20 10:56:49,875 [DEBUG] itemku: 📡 API: https://www.itemku.com/~partytown/proxytown
2026-05-20 10:56:49,880 [DEBUG] itemku: 📡 API: https://www.itemku.com/~partytown/proxytown
2026-05-20 10:56:49,883 [DEBUG] itemku: 📡 API: https://www.itemku.com/~partytown/proxytown
2026-05-20 10:56:49,892 [DEBUG] itemku: 📡 API: https://www.itemku.com/~partytown/proxytown
2026-05-20 10:56:49,898 [DEBUG] itemku: 📡 API: https://www.itemku.com/~partytown/proxytown
2026-05-20 10:56:49,905 [DEBUG] itemku: 📡 API: https://www.itemku.com/~partytown/proxytown
2026-05-20 10:56:49,911 [DEBUG] itemku: 📡 API: https://www.itemku.com/~partytown/proxytown
2026-05-20 10:56:49,920 [DEBUG] itemku: 📡 API: https://www.itemku.com/~partytown/proxytown
2026-05-20 10:56:49,925 [DEBUG] itemku: 📡 API: https://www.itemku.com/~partytown/proxytown
2026-05-20 10:56:49,929 [DEBUG] itemku: 📡 API: https://www.itemku.com/~partytown/proxytown
2026-05-20 10:56:49,933 [DEBUG] itemku: 📡 API: https://www.itemku.com/~partytown/proxytown
2026-05-20 10:56:49,938 [DEBUG] itemku: 📡 API: https://www.itemku.com/~partytown/proxytown
2026-05-20 10:56:49,941 [DEBUG] itemku: 📡 API: https://www.itemku.com/~partytown/proxytown
2026-05-20 10:56:49,943 [DEBUG] itemku: 📡 API: https://www.itemku.com/~partytown/proxytown
2026-05-20 10:56:49,949 [DEBUG] itemku: 📡 API: https://www.itemku.com/~partytown/proxytown
2026-05-20 10:56:49,950 [DEBUG] itemku: 📡 API: https://www.itemku.com/~partytown/proxytown
2026-05-20 10:56:49,957 [DEBUG] itemku: 📡 API: https://www.itemku.com/~partytown/proxytown
2026-05-20 10:56:49,960 [DEBUG] itemku: 📡 API: https://www.itemku.com/~partytown/proxytown
2026-05-20 10:56:49,964 [DEBUG] itemku: 📡 API: https://www.itemku.com/~partytown/proxytown
2026-05-20 10:56:49,964 [DEBUG] itemku: 📡 API: https://www.itemku.com/~partytown/proxytown
2026-05-20 10:56:49,972 [DEBUG] itemku: 📡 API: https://www.itemku.com/~partytown/proxytown
2026-05-20 10:56:49,972 [DEBUG] itemku: 📡 API: https://www.itemku.com/~partytown/proxytown
2026-05-20 10:56:49,981 [DEBUG] itemku: 📡 API: https://www.itemku.com/~partytown/proxytown
2026-05-20 10:56:49,981 [DEBUG] itemku: 📡 API: https://www.itemku.com/~partytown/proxytown
2026-05-20 10:56:49,988 [DEBUG] itemku: 📡 API: https://www.itemku.com/~partytown/proxytown
2026-05-20 10:56:49,991 [DEBUG] itemku: 📡 API: https://www.itemku.com/~partytown/proxytown
2026-05-20 10:56:49,995 [DEBUG] itemku: 📡 API: https://www.itemku.com/~partytown/proxytown
2026-05-20 10:56:49,995 [DEBUG] itemku: 📡 API: https://www.itemku.com/~partytown/proxytown
2026-05-20 10:56:50,000 [DEBUG] itemku: 📡 API: https://www.itemku.com/~partytown/proxytown
2026-05-20 10:56:50,007 [DEBUG] itemku: 📡 API: https://www.itemku.com/~partytown/proxytown
2026-05-20 10:56:50,012 [DEBUG] itemku: 📡 API: https://www.itemku.com/~partytown/proxytown
2026-05-20 10:56:50,020 [DEBUG] itemku: 📡 API: https://www.itemku.com/~partytown/proxytown
2026-05-20 10:56:50,027 [DEBUG] itemku: 📡 API: https://www.itemku.com/~partytown/proxytown
2026-05-20 10:56:50,030 [DEBUG] itemku: 📡 API: https://www.itemku.com/~partytown/proxytown
2026-05-20 10:57:02,731 [INFO] itemku: 📜 Scroll halaman...
2026-05-20 10:57:03,070 [DEBUG] itemku: 📡 API: https://www.itemku.com/~partytown/proxytown
2026-05-20 10:57:04,858 [DEBUG] itemku: 📡 API: https://www.itemku.com/~partytown/proxytown
2026-05-20 10:57:05,114 [DEBUG] itemku: 📡 API: https://www.itemku.com/~partytown/proxytown
2026-05-20 10:57:05,126 [DEBUG] itemku: 📡 API: https://www.itemku.com/~partytown/proxytown
2026-05-20 10:57:05,135 [DEBUG] itemku: 📡 API: https://www.itemku.com/~partytown/proxytown
2026-05-20 10:57:05,148 [DEBUG] itemku: 📡 API: https://www.itemku.com/~partytown/proxytown
2026-05-20 10:57:05,164 [DEBUG] itemku: 📡 API: https://www.itemku.com/~partytown/proxytown
2026-05-20 10:57:05,172 [DEBUG] itemku: 📡 API: https://www.itemku.com/~partytown/proxytown
2026-05-20 10:57:05,183 [DEBUG] itemku: 📡 API: https://www.itemku.com/~partytown/proxytown
2026-05-20 10:57:05,184 [DEBUG] itemku: 📡 API: https://www.itemku.com/~partytown/proxytown
2026-05-20 10:57:05,191 [DEBUG] itemku: 📡 API: https://www.itemku.com/~partytown/proxytown
2026-05-20 10:57:05,192 [DEBUG] itemku: 📡 API: https://www.itemku.com/~partytown/proxytown
2026-05-20 10:57:05,199 [DEBUG] itemku: 📡 API: https://www.itemku.com/~partytown/proxytown
2026-05-20 10:57:05,205 [DEBUG] itemku: 📡 API: https://www.itemku.com/~partytown/proxytown
2026-05-20 10:57:05,211 [DEBUG] itemku: 📡 API: https://www.itemku.com/~partytown/proxytown
2026-05-20 10:57:05,215 [DEBUG] itemku: 📡 API: https://www.itemku.com/~partytown/proxytown
2026-05-20 10:57:05,218 [DEBUG] itemku: 📡 API: https://www.itemku.com/~partytown/proxytown
2026-05-20 10:57:05,218 [DEBUG] itemku: 📡 API: https://www.itemku.com/~partytown/proxytown
2026-05-20 10:57:05,225 [DEBUG] itemku: 📡 API: https://www.itemku.com/~partytown/proxytown
2026-05-20 10:57:05,233 [DEBUG] itemku: 📡 API: https://www.itemku.com/~partytown/proxytown
2026-05-20 10:57:05,241 [DEBUG] itemku: 📡 API: https://www.itemku.com/~partytown/proxytown
2026-05-20 10:57:05,241 [DEBUG] itemku: 📡 API: https://www.itemku.com/~partytown/proxytown
2026-05-20 10:57:05,266 [DEBUG] itemku: 📡 API: https://www.itemku.com/~partytown/proxytown
2026-05-20 10:57:05,266 [DEBUG] itemku: 📡 API: https://www.itemku.com/~partytown/proxytown
2026-05-20 10:57:05,274 [DEBUG] itemku: 📡 API: https://www.itemku.com/~partytown/proxytown
2026-05-20 10:57:05,279 [DEBUG] itemku: 📡 API: https://www.itemku.com/~partytown/proxytown
2026-05-20 10:57:05,285 [DEBUG] itemku: 📡 API: https://www.itemku.com/~partytown/proxytown
2026-05-20 10:57:05,291 [DEBUG] itemku: 📡 API: https://www.itemku.com/~partytown/proxytown
2026-05-20 10:57:05,299 [DEBUG] itemku: 📡 API: https://www.itemku.com/~partytown/proxytown
2026-05-20 10:57:05,305 [DEBUG] itemku: 📡 API: https://www.itemku.com/~partytown/proxytown
2026-05-20 10:57:05,309 [DEBUG] itemku: 📡 API: https://www.itemku.com/~partytown/proxytown
2026-05-20 10:57:05,310 [DEBUG] itemku: 📡 API: https://www.itemku.com/~partytown/proxytown
2026-05-20 10:57:05,319 [DEBUG] itemku: 📡 API: https://www.itemku.com/~partytown/proxytown
2026-05-20 10:57:05,320 [DEBUG] itemku: 📡 API: https://www.itemku.com/~partytown/proxytown
2026-05-20 10:57:05,326 [DEBUG] itemku: 📡 API: https://www.itemku.com/~partytown/proxytown
2026-05-20 10:57:05,330 [DEBUG] itemku: 📡 API: https://www.itemku.com/~partytown/proxytown
2026-05-20 10:57:05,333 [DEBUG] itemku: 📡 API: https://www.itemku.com/~partytown/proxytown
2026-05-20 10:57:05,336 [DEBUG] itemku: 📡 API: https://www.itemku.com/~partytown/proxytown
2026-05-20 10:57:05,340 [DEBUG] itemku: 📡 API: https://www.itemku.com/~partytown/proxytown
2026-05-20 10:57:05,344 [DEBUG] itemku: 📡 API: https://www.itemku.com/~partytown/proxytown
2026-05-20 10:57:05,351 [DEBUG] itemku: 📡 API: https://www.itemku.com/~partytown/proxytown
2026-05-20 10:57:05,355 [DEBUG] itemku: 📡 API: https://www.itemku.com/~partytown/proxytown
2026-05-20 10:57:05,359 [DEBUG] itemku: 📡 API: https://www.itemku.com/~partytown/proxytown
2026-05-20 10:57:05,361 [DEBUG] itemku: 📡 API: https://www.itemku.com/~partytown/proxytown
2026-05-20 10:57:05,365 [DEBUG] itemku: 📡 API: https://www.itemku.com/~partytown/proxytown
2026-05-20 10:57:05,369 [DEBUG] itemku: 📡 API: https://www.itemku.com/~partytown/proxytown
2026-05-20 10:57:05,374 [DEBUG] itemku: 📡 API: https://www.itemku.com/~partytown/proxytown
2026-05-20 10:57:05,374 [DEBUG] itemku: 📡 API: https://www.itemku.com/~partytown/proxytown
2026-05-20 10:57:05,382 [DEBUG] itemku: 📡 API: https://www.itemku.com/~partytown/proxytown
2026-05-20 10:57:05,386 [DEBUG] itemku: 📡 API: https://www.itemku.com/~partytown/proxytown
2026-05-20 10:57:05,389 [DEBUG] itemku: 📡 API: https://www.itemku.com/~partytown/proxytown
2026-05-20 10:57:05,391 [DEBUG] itemku: 📡 API: https://www.itemku.com/~partytown/proxytown
2026-05-20 10:57:05,395 [DEBUG] itemku: 📡 API: https://www.itemku.com/~partytown/proxytown
2026-05-20 10:57:05,395 [DEBUG] itemku: 📡 API: https://www.itemku.com/~partytown/proxytown
2026-05-20 10:57:05,400 [DEBUG] itemku: 📡 API: https://www.itemku.com/~partytown/proxytown
2026-05-20 10:57:05,406 [DEBUG] itemku: 📡 API: https://www.itemku.com/~partytown/proxytown
2026-05-20 10:57:05,407 [DEBUG] itemku: 📡 API: https://www.itemku.com/~partytown/proxytown
2026-05-20 10:57:05,407 [DEBUG] itemku: 📡 API: https://www.itemku.com/~partytown/proxytown
2026-05-20 10:57:06,880 [DEBUG] itemku: 📡 API: https://www.itemku.com/~partytown/proxytown
2026-05-20 10:57:07,026 [DEBUG] itemku: 📡 API: https://www.itemku.com/~partytown/proxytown
2026-05-20 10:57:07,031 [DEBUG] itemku: 📡 API: https://www.itemku.com/~partytown/proxytown
2026-05-20 10:57:07,035 [DEBUG] itemku: 📡 API: https://www.itemku.com/~partytown/proxytown
2026-05-20 10:57:07,041 [DEBUG] itemku: 📡 API: https://www.itemku.com/~partytown/proxytown
2026-05-20 10:57:07,045 [DEBUG] itemku: 📡 API: https://www.itemku.com/~partytown/proxytown
2026-05-20 10:57:07,052 [DEBUG] itemku: 📡 API: https://www.itemku.com/~partytown/proxytown
2026-05-20 10:57:07,052 [DEBUG] itemku: 📡 API: https://www.itemku.com/~partytown/proxytown
2026-05-20 10:57:07,057 [DEBUG] itemku: 📡 API: https://www.itemku.com/~partytown/proxytown
2026-05-20 10:57:07,060 [DEBUG] itemku: 📡 API: https://www.itemku.com/~partytown/proxytown
2026-05-20 10:57:07,061 [DEBUG] itemku: 📡 API: https://www.itemku.com/~partytown/proxytown
2026-05-20 10:57:07,066 [DEBUG] itemku: 📡 API: https://www.itemku.com/~partytown/proxytown
2026-05-20 10:57:07,073 [DEBUG] itemku: 📡 API: https://www.itemku.com/~partytown/proxytown
2026-05-20 10:57:07,077 [DEBUG] itemku: 📡 API: https://www.itemku.com/~partytown/proxytown
2026-05-20 10:57:07,078 [DEBUG] itemku: 📡 API: https://www.itemku.com/~partytown/proxytown
2026-05-20 10:57:07,085 [DEBUG] itemku: 📡 API: https://www.itemku.com/~partytown/proxytown
2026-05-20 10:57:07,085 [DEBUG] itemku: 📡 API: https://www.itemku.com/~partytown/proxytown
2026-05-20 10:57:07,092 [DEBUG] itemku: 📡 API: https://www.itemku.com/~partytown/proxytown
2026-05-20 10:57:07,095 [DEBUG] itemku: 📡 API: https://www.itemku.com/~partytown/proxytown
2026-05-20 10:57:07,098 [DEBUG] itemku: 📡 API: https://www.itemku.com/~partytown/proxytown
2026-05-20 10:57:07,100 [DEBUG] itemku: 📡 API: https://www.itemku.com/~partytown/proxytown
2026-05-20 10:57:07,104 [DEBUG] itemku: 📡 API: https://www.itemku.com/~partytown/proxytown
2026-05-20 10:57:07,106 [DEBUG] itemku: 📡 API: https://www.itemku.com/~partytown/proxytown
2026-05-20 10:57:07,111 [DEBUG] itemku: 📡 API: https://www.itemku.com/~partytown/proxytown
2026-05-20 10:57:07,111 [DEBUG] itemku: 📡 API: https://www.itemku.com/~partytown/proxytown
2026-05-20 10:57:07,118 [DEBUG] itemku: 📡 API: https://www.itemku.com/~partytown/proxytown
2026-05-20 10:57:07,120 [DEBUG] itemku: 📡 API: https://www.itemku.com/~partytown/proxytown
2026-05-20 10:57:07,123 [DEBUG] itemku: 📡 API: https://www.itemku.com/~partytown/proxytown
2026-05-20 10:57:07,123 [DEBUG] itemku: 📡 API: https://www.itemku.com/~partytown/proxytown
2026-05-20 10:57:07,131 [DEBUG] itemku: 📡 API: https://www.itemku.com/~partytown/proxytown
2026-05-20 10:57:07,140 [DEBUG] itemku: 📡 API: https://www.itemku.com/~partytown/proxytown
2026-05-20 10:57:07,140 [DEBUG] itemku: 📡 API: https://www.itemku.com/~partytown/proxytown
2026-05-20 10:57:07,148 [DEBUG] itemku: 📡 API: https://www.itemku.com/~partytown/proxytown
2026-05-20 10:57:07,152 [DEBUG] itemku: 📡 API: https://www.itemku.com/~partytown/proxytown
2026-05-20 10:57:07,155 [DEBUG] itemku: 📡 API: https://www.itemku.com/~partytown/proxytown
2026-05-20 10:57:07,155 [DEBUG] itemku: 📡 API: https://www.itemku.com/~partytown/proxytown
2026-05-20 10:57:07,161 [DEBUG] itemku: 📡 API: https://www.itemku.com/~partytown/proxytown
2026-05-20 10:57:07,161 [DEBUG] itemku: 📡 API: https://www.itemku.com/~partytown/proxytown
2026-05-20 10:57:07,166 [DEBUG] itemku: 📡 API: https://www.itemku.com/~partytown/proxytown
2026-05-20 10:57:07,170 [DEBUG] itemku: 📡 API: https://www.itemku.com/~partytown/proxytown
2026-05-20 10:57:07,177 [DEBUG] itemku: 📡 API: https://www.itemku.com/~partytown/proxytown
2026-05-20 10:57:07,183 [DEBUG] itemku: 📡 API: https://www.itemku.com/~partytown/proxytown
2026-05-20 10:57:07,189 [DEBUG] itemku: 📡 API: https://www.itemku.com/~partytown/proxytown
2026-05-20 10:57:07,205 [DEBUG] itemku: 📡 API: https://www.itemku.com/~partytown/proxytown
2026-05-20 10:57:07,211 [DEBUG] itemku: 📡 API: https://www.itemku.com/~partytown/proxytown
2026-05-20 10:57:07,222 [DEBUG] itemku: 📡 API: https://www.itemku.com/~partytown/proxytown
2026-05-20 10:57:07,228 [DEBUG] itemku: 📡 API: https://www.itemku.com/~partytown/proxytown
2026-05-20 10:57:07,228 [DEBUG] itemku: 📡 API: https://www.itemku.com/~partytown/proxytown
2026-05-20 10:57:07,237 [DEBUG] itemku: 📡 API: https://www.itemku.com/~partytown/proxytown
2026-05-20 10:57:07,241 [DEBUG] itemku: 📡 API: https://www.itemku.com/~partytown/proxytown
2026-05-20 10:57:07,242 [DEBUG] itemku: 📡 API: https://www.itemku.com/~partytown/proxytown
2026-05-20 10:57:07,248 [DEBUG] itemku: 📡 API: https://www.itemku.com/~partytown/proxytown
2026-05-20 10:57:07,257 [DEBUG] itemku: 📡 API: https://www.itemku.com/~partytown/proxytown
2026-05-20 10:57:07,266 [DEBUG] itemku: 📡 API: https://www.itemku.com/~partytown/proxytown
2026-05-20 10:57:07,277 [DEBUG] itemku: 📡 API: https://www.itemku.com/~partytown/proxytown
2026-05-20 10:57:07,282 [DEBUG] itemku: 📡 API: https://www.itemku.com/~partytown/proxytown
2026-05-20 10:57:07,284 [DEBUG] itemku: 📡 API: https://www.itemku.com/~partytown/proxytown
2026-05-20 10:57:09,085 [DEBUG] itemku: 📡 API: https://www.itemku.com/~partytown/proxytown
2026-05-20 10:57:09,097 [DEBUG] itemku: 📡 API: https://www.itemku.com/~partytown/proxytown
2026-05-20 10:57:09,107 [DEBUG] itemku: 📡 API: https://www.itemku.com/~partytown/proxytown
2026-05-20 10:57:09,114 [DEBUG] itemku: 📡 API: https://www.itemku.com/~partytown/proxytown
2026-05-20 10:57:09,120 [DEBUG] itemku: 📡 API: https://www.itemku.com/~partytown/proxytown
2026-05-20 10:57:09,125 [DEBUG] itemku: 📡 API: https://www.itemku.com/~partytown/proxytown
2026-05-20 10:57:09,131 [DEBUG] itemku: 📡 API: https://www.itemku.com/~partytown/proxytown
2026-05-20 10:57:09,137 [DEBUG] itemku: 📡 API: https://www.itemku.com/~partytown/proxytown
2026-05-20 10:57:09,144 [DEBUG] itemku: 📡 API: https://www.itemku.com/~partytown/proxytown
2026-05-20 10:57:09,144 [DEBUG] itemku: 📡 API: https://www.itemku.com/~partytown/proxytown
2026-05-20 10:57:09,150 [DEBUG] itemku: 📡 API: https://www.itemku.com/~partytown/proxytown
2026-05-20 10:57:09,162 [DEBUG] itemku: 📡 API: https://www.itemku.com/~partytown/proxytown
2026-05-20 10:57:09,162 [DEBUG] itemku: 📡 API: https://www.itemku.com/~partytown/proxytown
2026-05-20 10:57:09,171 [DEBUG] itemku: 📡 API: https://www.itemku.com/~partytown/proxytown
2026-05-20 10:57:09,180 [DEBUG] itemku: 📡 API: https://www.itemku.com/~partytown/proxytown
2026-05-20 10:57:09,180 [DEBUG] itemku: 📡 API: https://www.itemku.com/~partytown/proxytown
2026-05-20 10:57:09,187 [DEBUG] itemku: 📡 API: https://www.itemku.com/~partytown/proxytown
2026-05-20 10:57:09,192 [DEBUG] itemku: 📡 API: https://www.itemku.com/~partytown/proxytown
2026-05-20 10:57:09,195 [DEBUG] itemku: 📡 API: https://www.itemku.com/~partytown/proxytown
2026-05-20 10:57:09,199 [DEBUG] itemku: 📡 API: https://www.itemku.com/~partytown/proxytown
2026-05-20 10:57:09,203 [DEBUG] itemku: 📡 API: https://www.itemku.com/~partytown/proxytown
2026-05-20 10:57:09,205 [DEBUG] itemku: 📡 API: https://www.itemku.com/~partytown/proxytown
2026-05-20 10:57:09,209 [DEBUG] itemku: 📡 API: https://www.itemku.com/~partytown/proxytown
2026-05-20 10:57:09,209 [DEBUG] itemku: 📡 API: https://www.itemku.com/~partytown/proxytown
2026-05-20 10:57:09,216 [DEBUG] itemku: 📡 API: https://www.itemku.com/~partytown/proxytown
2026-05-20 10:57:09,216 [DEBUG] itemku: 📡 API: https://www.itemku.com/~partytown/proxytown
2026-05-20 10:57:09,221 [DEBUG] itemku: 📡 API: https://www.itemku.com/~partytown/proxytown
2026-05-20 10:57:09,226 [DEBUG] itemku: 📡 API: https://www.itemku.com/~partytown/proxytown
2026-05-20 10:57:09,233 [DEBUG] itemku: 📡 API: https://www.itemku.com/~partytown/proxytown
2026-05-20 10:57:09,233 [DEBUG] itemku: 📡 API: https://www.itemku.com/~partytown/proxytown
2026-05-20 10:57:09,239 [DEBUG] itemku: 📡 API: https://www.itemku.com/~partytown/proxytown
2026-05-20 10:57:09,246 [DEBUG] itemku: 📡 API: https://www.itemku.com/~partytown/proxytown
2026-05-20 10:57:09,246 [DEBUG] itemku: 📡 API: https://www.itemku.com/~partytown/proxytown
2026-05-20 10:57:09,254 [DEBUG] itemku: 📡 API: https://www.itemku.com/~partytown/proxytown
2026-05-20 10:57:09,254 [DEBUG] itemku: 📡 API: https://www.itemku.com/~partytown/proxytown
2026-05-20 10:57:09,262 [DEBUG] itemku: 📡 API: https://www.itemku.com/~partytown/proxytown
2026-05-20 10:57:09,267 [DEBUG] itemku: 📡 API: https://www.itemku.com/~partytown/proxytown
2026-05-20 10:57:09,267 [DEBUG] itemku: 📡 API: https://www.itemku.com/~partytown/proxytown
2026-05-20 10:57:09,276 [DEBUG] itemku: 📡 API: https://www.itemku.com/~partytown/proxytown
2026-05-20 10:57:09,287 [DEBUG] itemku: 📡 API: https://www.itemku.com/~partytown/proxytown
2026-05-20 10:57:09,291 [DEBUG] itemku: 📡 API: https://www.itemku.com/~partytown/proxytown
2026-05-20 10:57:09,299 [DEBUG] itemku: 📡 API: https://www.itemku.com/~partytown/proxytown
2026-05-20 10:57:09,309 [DEBUG] itemku: 📡 API: https://www.itemku.com/~partytown/proxytown
2026-05-20 10:57:09,309 [DEBUG] itemku: 📡 API: https://www.itemku.com/~partytown/proxytown
2026-05-20 10:57:09,319 [DEBUG] itemku: 📡 API: https://www.itemku.com/~partytown/proxytown
2026-05-20 10:57:09,319 [DEBUG] itemku: 📡 API: https://www.itemku.com/~partytown/proxytown
2026-05-20 10:57:09,327 [DEBUG] itemku: 📡 API: https://www.itemku.com/~partytown/proxytown
2026-05-20 10:57:09,331 [DEBUG] itemku: 📡 API: https://www.itemku.com/~partytown/proxytown
2026-05-20 10:57:09,333 [DEBUG] itemku: 📡 API: https://www.itemku.com/~partytown/proxytown
2026-05-20 10:57:09,339 [DEBUG] itemku: 📡 API: https://www.itemku.com/~partytown/proxytown
2026-05-20 10:57:09,340 [DEBUG] itemku: 📡 API: https://www.itemku.com/~partytown/proxytown
2026-05-20 10:57:09,347 [DEBUG] itemku: 📡 API: https://www.itemku.com/~partytown/proxytown
2026-05-20 10:57:09,351 [DEBUG] itemku: 📡 API: https://www.itemku.com/~partytown/proxytown
2026-05-20 10:57:09,352 [DEBUG] itemku: 📡 API: https://www.itemku.com/~partytown/proxytown
2026-05-20 10:57:09,356 [DEBUG] itemku: 📡 API: https://www.itemku.com/~partytown/proxytown
2026-05-20 10:57:09,358 [DEBUG] itemku: 📡 API: https://www.itemku.com/~partytown/proxytown
2026-05-20 10:57:11,107 [DEBUG] itemku: 📡 API: https://www.itemku.com/~partytown/proxytown
2026-05-20 10:57:11,118 [DEBUG] itemku: 📡 API: https://www.itemku.com/~partytown/proxytown
2026-05-20 10:57:11,128 [DEBUG] itemku: 📡 API: https://www.itemku.com/~partytown/proxytown
2026-05-20 10:57:11,137 [DEBUG] itemku: 📡 API: https://www.itemku.com/~partytown/proxytown
2026-05-20 10:57:11,142 [DEBUG] itemku: 📡 API: https://www.itemku.com/~partytown/proxytown
2026-05-20 10:57:11,150 [DEBUG] itemku: 📡 API: https://www.itemku.com/~partytown/proxytown
2026-05-20 10:57:11,157 [DEBUG] itemku: 📡 API: https://www.itemku.com/~partytown/proxytown
2026-05-20 10:57:11,167 [DEBUG] itemku: 📡 API: https://www.itemku.com/~partytown/proxytown
2026-05-20 10:57:11,167 [DEBUG] itemku: 📡 API: https://www.itemku.com/~partytown/proxytown
2026-05-20 10:57:11,173 [DEBUG] itemku: 📡 API: https://www.itemku.com/~partytown/proxytown
2026-05-20 10:57:11,180 [DEBUG] itemku: 📡 API: https://www.itemku.com/~partytown/proxytown
2026-05-20 10:57:11,188 [DEBUG] itemku: 📡 API: https://www.itemku.com/~partytown/proxytown
2026-05-20 10:57:11,192 [DEBUG] itemku: 📡 API: https://www.itemku.com/~partytown/proxytown
2026-05-20 10:57:11,195 [DEBUG] itemku: 📡 API: https://www.itemku.com/~partytown/proxytown
2026-05-20 10:57:11,199 [DEBUG] itemku: 📡 API: https://www.itemku.com/~partytown/proxytown
2026-05-20 10:57:11,202 [DEBUG] itemku: 📡 API: https://www.itemku.com/~partytown/proxytown
2026-05-20 10:57:11,204 [DEBUG] itemku: 📡 API: https://www.itemku.com/~partytown/proxytown
2026-05-20 10:57:11,210 [DEBUG] itemku: 📡 API: https://www.itemku.com/~partytown/proxytown
2026-05-20 10:57:11,210 [DEBUG] itemku: 📡 API: https://www.itemku.com/~partytown/proxytown
2026-05-20 10:57:11,217 [DEBUG] itemku: 📡 API: https://www.itemku.com/~partytown/proxytown
2026-05-20 10:57:11,219 [DEBUG] itemku: 📡 API: https://www.itemku.com/~partytown/proxytown
2026-05-20 10:57:11,224 [DEBUG] itemku: 📡 API: https://www.itemku.com/~partytown/proxytown
2026-05-20 10:57:11,224 [DEBUG] itemku: 📡 API: https://www.itemku.com/~partytown/proxytown
2026-05-20 10:57:11,231 [DEBUG] itemku: 📡 API: https://www.itemku.com/~partytown/proxytown
2026-05-20 10:57:11,235 [DEBUG] itemku: 📡 API: https://www.itemku.com/~partytown/proxytown
2026-05-20 10:57:11,237 [DEBUG] itemku: 📡 API: https://www.itemku.com/~partytown/proxytown
2026-05-20 10:57:11,242 [DEBUG] itemku: 📡 API: https://www.itemku.com/~partytown/proxytown
2026-05-20 10:57:11,243 [DEBUG] itemku: 📡 API: https://www.itemku.com/~partytown/proxytown
2026-05-20 10:57:11,250 [DEBUG] itemku: 📡 API: https://www.itemku.com/~partytown/proxytown
2026-05-20 10:57:11,253 [DEBUG] itemku: 📡 API: https://www.itemku.com/~partytown/proxytown
2026-05-20 10:57:11,256 [DEBUG] itemku: 📡 API: https://www.itemku.com/~partytown/proxytown
2026-05-20 10:57:11,260 [DEBUG] itemku: 📡 API: https://www.itemku.com/~partytown/proxytown
2026-05-20 10:57:11,260 [DEBUG] itemku: 📡 API: https://www.itemku.com/~partytown/proxytown
2026-05-20 10:57:11,268 [DEBUG] itemku: 📡 API: https://www.itemku.com/~partytown/proxytown
2026-05-20 10:57:11,268 [DEBUG] itemku: 📡 API: https://www.itemku.com/~partytown/proxytown
2026-05-20 10:57:11,277 [DEBUG] itemku: 📡 API: https://www.itemku.com/~partytown/proxytown
2026-05-20 10:57:11,277 [DEBUG] itemku: 📡 API: https://www.itemku.com/~partytown/proxytown
2026-05-20 10:57:11,282 [DEBUG] itemku: 📡 API: https://www.itemku.com/~partytown/proxytown
2026-05-20 10:57:11,287 [DEBUG] itemku: 📡 API: https://www.itemku.com/~partytown/proxytown
2026-05-20 10:57:11,294 [DEBUG] itemku: 📡 API: https://www.itemku.com/~partytown/proxytown
2026-05-20 10:57:11,298 [DEBUG] itemku: 📡 API: https://www.itemku.com/~partytown/proxytown
2026-05-20 10:57:11,298 [DEBUG] itemku: 📡 API: https://www.itemku.com/~partytown/proxytown
2026-05-20 10:57:11,304 [DEBUG] itemku: 📡 API: https://www.itemku.com/~partytown/proxytown
2026-05-20 10:57:11,308 [DEBUG] itemku: 📡 API: https://www.itemku.com/~partytown/proxytown
2026-05-20 10:57:11,312 [DEBUG] itemku: 📡 API: https://www.itemku.com/~partytown/proxytown
2026-05-20 10:57:11,312 [DEBUG] itemku: 📡 API: https://www.itemku.com/~partytown/proxytown
2026-05-20 10:57:11,315 [DEBUG] itemku: 📡 API: https://www.itemku.com/~partytown/proxytown
2026-05-20 10:57:11,320 [DEBUG] itemku: 📡 API: https://www.itemku.com/~partytown/proxytown
2026-05-20 10:57:11,327 [DEBUG] itemku: 📡 API: https://www.itemku.com/~partytown/proxytown
2026-05-20 10:57:11,327 [DEBUG] itemku: 📡 API: https://www.itemku.com/~partytown/proxytown
2026-05-20 10:57:11,330 [DEBUG] itemku: 📡 API: https://www.itemku.com/~partytown/proxytown
2026-05-20 10:57:11,334 [DEBUG] itemku: 📡 API: https://www.itemku.com/~partytown/proxytown
2026-05-20 10:57:11,337 [DEBUG] itemku: 📡 API: https://www.itemku.com/~partytown/proxytown
2026-05-20 10:57:11,342 [DEBUG] itemku: 📡 API: https://www.itemku.com/~partytown/proxytown
2026-05-20 10:57:11,345 [DEBUG] itemku: 📡 API: https://www.itemku.com/~partytown/proxytown
2026-05-20 10:57:11,347 [DEBUG] itemku: 📡 API: https://www.itemku.com/~partytown/proxytown
2026-05-20 10:57:43,290 [INFO] itemku: 💾 Simpan debug...
2026-05-20 10:57:43,771 [DEBUG] itemku: 📡 API: https://www.itemku.com/~partytown/proxytown
2026-05-20 10:57:45,101 [INFO] itemku: 📸 Screenshot tersimpan
2026-05-20 10:57:45,101 [INFO] itemku: 📡 API tertangkap: 559
2026-05-20 10:57:45,102 [INFO] itemku: ✅ Produk dari API: 13
2026-05-20 10:57:45,149 [INFO] itemku: 📦 Total produk: 13
2026-05-20 10:57:45,150 [DEBUG] itemku: ⏳ Delay 2.2s...
2026-05-20 10:57:47,784 [INFO] itemku: 🔒 Browser ditutup
2026-05-20 10:57:47,784 [INFO] run: ✅ Selesai scraping: 104 produk dari 8 kategori
2026-05-20 10:57:47,784 [INFO] run: 
🖊️  Membuat file PHP Seeder...
2026-05-20 10:57:47,784 [INFO] seeder_generator: 
🖊️  Membuat Laravel Seeder di: C:\TB SBD\TB-K1-Database\lapak_gaming\database\seeders
2026-05-20 10:57:47,786 [INFO] seeder_generator: 📁 Seeder kategori: ../database/seeders\ItemkuCategoriesSeeder.php (8 kategori)
2026-05-20 10:57:47,790 [INFO] seeder_generator: 📦 Seeder produk: ../database/seeders\ItemkuProductsSeeder.php (104 produk)
2026-05-20 10:57:47,790 [INFO] run: 
============================================================
2026-05-20 10:57:47,790 [INFO] run: ✅ SEEDER BERHASIL DIBUAT!
2026-05-20 10:57:47,790 [INFO] run:    📁 ../database/seeders\ItemkuCategoriesSeeder.php
2026-05-20 10:57:47,791 [INFO] run:    📦 ../database/seeders\ItemkuProductsSeeder.php
2026-05-20 10:57:47,791 [INFO] run: 
   Kategori : 8
2026-05-20 10:57:47,792 [INFO] run:    Produk   : 104
2026-05-20 10:57:47,792 [INFO] run: 
📌 Langkah selanjutnya di terminal Laravel:
2026-05-20 10:57:47,793 [INFO] run:    php artisan db:seed --class=ItemkuCategoriesSeeder
2026-05-20 10:57:47,793 [INFO] run:    php artisan db:seed --class=ItemkuProductsSeeder
2026-05-20 10:57:47,793 [INFO] run: ============================================================
2026-05-20 11:20:10,515 [INFO] run: ============================================================
2026-05-20 11:20:10,516 [INFO] run: 🚀 ITEMKU SCRAPER → LARAVEL SEEDER
2026-05-20 11:20:10,517 [INFO] run: ============================================================
2026-05-20 11:20:10,517 [INFO] run: 👤 Seller User ID  : 1
2026-05-20 11:20:10,517 [INFO] run: 🎯 Kategori target : mobile-legends, free-fire, pubg-mobile, genshin-impact, valorant, steam-wallet, honkai-star-rail, point-blank
2026-05-20 11:20:10,517 [INFO] run: 📂 Output folder   : C:\TB SBD\TB-K1-Database\lapak_gaming\database\seeders
2026-05-20 11:20:10,518 [INFO] run: 
📡 Memulai scraping...
2026-05-20 11:20:13,204 [INFO] itemku: 🌐 Browser berhasil dijalankan
2026-05-20 11:20:13,205 [INFO] itemku: 
============================================================
2026-05-20 11:20:13,206 [INFO] itemku: 📂 KATEGORI: mobile-legends
2026-05-20 11:20:13,206 [INFO] itemku: ============================================================
2026-05-20 11:20:13,206 [INFO] itemku: 🔍 Scrape kategori:
2026-05-20 11:20:13,207 [INFO] itemku:    URL: https://www.itemku.com/c/mobile-legends
2026-05-20 11:21:13,419 [ERROR] itemku: ❌ Error scrape: Page.goto: Timeout 60000ms exceeded.
Call log:
  - navigating to "https://www.itemku.com/c/mobile-legends", waiting until "domcontentloaded"

2026-05-20 11:21:13,442 [INFO] itemku: 📦 Total produk: 0
2026-05-20 11:21:13,444 [DEBUG] itemku: ⏳ Delay 2.9s...
2026-05-20 11:21:16,359 [INFO] itemku: 
============================================================
2026-05-20 11:21:16,360 [INFO] itemku: 📂 KATEGORI: free-fire
2026-05-20 11:21:16,360 [INFO] itemku: ============================================================
2026-05-20 11:21:16,360 [INFO] itemku: 🔍 Scrape kategori:
2026-05-20 11:21:16,360 [INFO] itemku:    URL: https://www.itemku.com/c/free-fire
2026-05-20 11:22:16,460 [ERROR] itemku: ❌ Error scrape: Page.goto: Timeout 60000ms exceeded.
Call log:
  - navigating to "https://www.itemku.com/c/free-fire", waiting until "domcontentloaded"

2026-05-20 11:22:16,473 [INFO] itemku: 📦 Total produk: 0
2026-05-20 11:22:16,474 [DEBUG] itemku: ⏳ Delay 3.4s...
2026-05-20 11:22:19,849 [INFO] itemku: 
============================================================
2026-05-20 11:22:19,849 [INFO] itemku: 📂 KATEGORI: pubg-mobile
2026-05-20 11:22:19,850 [INFO] itemku: ============================================================
2026-05-20 11:22:19,851 [INFO] itemku: 🔍 Scrape kategori:
2026-05-20 11:22:19,851 [INFO] itemku:    URL: https://www.itemku.com/c/pubg-mobile
2026-05-20 11:22:43,858 [DEBUG] itemku: 📡 API: https://www.itemku.com/~partytown/proxytown
2026-05-20 11:22:43,858 [DEBUG] itemku: 📡 API: https://www.itemku.com/~partytown/proxytown
2026-05-20 11:22:43,863 [DEBUG] itemku: 📡 API: https://www.itemku.com/~partytown/proxytown
2026-05-20 11:22:43,872 [DEBUG] itemku: 📡 API: https://www.itemku.com/~partytown/proxytown
2026-05-20 11:22:43,877 [DEBUG] itemku: 📡 API: https://www.itemku.com/~partytown/proxytown
2026-05-20 11:22:43,881 [DEBUG] itemku: 📡 API: https://www.itemku.com/~partytown/proxytown
2026-05-20 11:22:43,886 [DEBUG] itemku: 📡 API: https://www.itemku.com/~partytown/proxytown
2026-05-20 11:22:43,889 [DEBUG] itemku: 📡 API: https://www.itemku.com/~partytown/proxytown
2026-05-20 11:22:44,955 [DEBUG] itemku: 📡 API: https://www.itemku.com/_next/data/ox5kkx6ecmuea2igmr6vx/c/tipe-produk.json
2026-05-20 11:22:48,922 [DEBUG] itemku: 📡 API: https://www.itemku.com/~partytown/proxytown
2026-05-20 11:22:48,931 [DEBUG] itemku: 📡 API: https://www.itemku.com/~partytown/proxytown
2026-05-20 11:22:48,941 [DEBUG] itemku: 📡 API: https://www.itemku.com/~partytown/proxytown
2026-05-20 11:22:48,944 [DEBUG] itemku: 📡 API: https://www.itemku.com/~partytown/proxytown
2026-05-20 11:22:51,035 [DEBUG] itemku: 📡 API: https://api-gateway.itemku.com/v1/user-location
2026-05-20 11:22:51,056 [DEBUG] itemku: 📡 API: https://api-gateway.itemku.com/v1/user-region-data
2026-05-20 11:22:51,064 [DEBUG] itemku: 📡 API: https://api-gateway.itemku.com/v1/metadata/icon-placeholder-mobile-payment
2026-05-20 11:22:51,266 [DEBUG] itemku: 📡 API: https://api-gateway.itemku.com/v1/expansion-country?sort=sequence
2026-05-20 11:22:51,340 [DEBUG] itemku: 📡 API: https://api-gateway.itemku.com/v1/currency/detail
2026-05-20 11:22:51,774 [DEBUG] itemku: 📡 API: https://api-gateway.itemku.com/v1/config
2026-05-20 11:22:51,780 [DEBUG] itemku: 📡 API: https://api-gateway.itemku.com/v1/foreign-exchange/bulk-rate?source_currency=idr
2026-05-20 11:22:51,781 [DEBUG] itemku: 📡 API: https://api-gateway.itemku.com/v1/popup-banner?country_codes[]=id
2026-05-20 11:22:51,969 [DEBUG] itemku: 📡 API: https://api-gateway.itemku.com/v1/config/feature/product
2026-05-20 11:22:52,001 [DEBUG] itemku: 📡 API: https://api-gateway.itemku.com/v1/bottom-navigation-content?country_code=id
2026-05-20 11:22:52,044 [DEBUG] itemku: 📡 API: https://api-gateway.itemku.com/v1/product/game-category-popular?per_page=50&is_exclude_empty_game_category_lists=1&country_codes[]=id&type=1&usecache=false&is_category_v2=true&is_exclusive=false
2026-05-20 11:22:52,045 [DEBUG] itemku: 📡 API: https://api-gateway.itemku.com/v1/config/feature/product
2026-05-20 11:22:52,130 [DEBUG] itemku: 📡 API: https://api-gateway.itemku.com/v1/product/game-list?per_page=5&sort=latest&country_codes[]=id&utm_src=csr_c2c&is_exclusive=false
2026-05-20 11:22:52,646 [DEBUG] itemku: 📡 API: https://files.itemku.com/language/id.json
2026-05-20 11:22:52,885 [DEBUG] itemku: 📡 API: https://api-gateway.itemku.com/v1/expansion-country?sort=sequence
2026-05-20 11:22:52,886 [DEBUG] itemku: 📡 API: https://api-gateway.itemku.com/v1/metadata/icon-placeholder-mobile-payment
2026-05-20 11:22:53,153 [DEBUG] itemku: 📡 API: https://api-gateway.itemku.com/v1/product/game-list?per_page=5&sort=latest&country_codes[]=id&utm_src=csr_c2c&is_exclusive=false
2026-05-20 11:22:55,868 [DEBUG] itemku: 📡 API: https://www.itemku.com/~partytown/proxytown
2026-05-20 11:22:55,869 [DEBUG] itemku: 📡 API: https://www.itemku.com/~partytown/proxytown
2026-05-20 11:22:55,873 [DEBUG] itemku: 📡 API: https://www.itemku.com/~partytown/proxytown
2026-05-20 11:22:55,873 [DEBUG] itemku: 📡 API: https://www.itemku.com/~partytown/proxytown
2026-05-20 11:22:55,895 [DEBUG] itemku: 📡 API: https://www.itemku.com/~partytown/proxytown
2026-05-20 11:22:55,902 [DEBUG] itemku: 📡 API: https://www.itemku.com/~partytown/proxytown
2026-05-20 11:22:55,904 [DEBUG] itemku: 📡 API: https://www.itemku.com/~partytown/proxytown
2026-05-20 11:22:55,916 [DEBUG] itemku: 📡 API: https://www.itemku.com/~partytown/proxytown
2026-05-20 11:22:55,916 [DEBUG] itemku: 📡 API: https://www.itemku.com/~partytown/proxytown
2026-05-20 11:22:55,925 [DEBUG] itemku: 📡 API: https://www.itemku.com/~partytown/proxytown
2026-05-20 11:22:55,933 [DEBUG] itemku: 📡 API: https://www.itemku.com/~partytown/proxytown
2026-05-20 11:22:55,933 [DEBUG] itemku: 📡 API: https://www.itemku.com/~partytown/proxytown
2026-05-20 11:22:56,023 [DEBUG] itemku: 📡 API: https://www.itemku.com/~partytown/proxytown
2026-05-20 11:22:56,027 [DEBUG] itemku: 📡 API: https://www.itemku.com/~partytown/proxytown
2026-05-20 11:22:56,048 [DEBUG] itemku: 📡 API: https://www.itemku.com/~partytown/proxytown
2026-05-20 11:22:56,070 [DEBUG] itemku: 📡 API: https://www.itemku.com/~partytown/proxytown
2026-05-20 11:22:56,075 [DEBUG] itemku: 📡 API: https://www.itemku.com/~partytown/proxytown
2026-05-20 11:22:56,077 [DEBUG] itemku: 📡 API: https://www.itemku.com/~partytown/proxytown
2026-05-20 11:22:56,783 [DEBUG] itemku: 📡 API: https://script.crazyegg.com/pages/data-scripts/0113/7987/site/www.itemku.com.json?t=1
2026-05-20 11:22:56,836 [DEBUG] itemku: 📡 API: https://www.itemku.com/~partytown/proxytown
2026-05-20 11:22:56,844 [DEBUG] itemku: 📡 API: https://www.itemku.com/~partytown/proxytown
2026-05-20 11:22:56,855 [DEBUG] itemku: 📡 API: https://www.itemku.com/~partytown/proxytown
2026-05-20 11:22:56,862 [DEBUG] itemku: 📡 API: https://www.itemku.com/~partytown/proxytown
2026-05-20 11:22:56,873 [DEBUG] itemku: 📡 API: https://www.itemku.com/~partytown/proxytown
2026-05-20 11:22:56,879 [DEBUG] itemku: 📡 API: https://www.itemku.com/~partytown/proxytown
2026-05-20 11:22:56,886 [DEBUG] itemku: 📡 API: https://www.itemku.com/~partytown/proxytown
2026-05-20 11:22:56,887 [DEBUG] itemku: 📡 API: https://www.itemku.com/~partytown/proxytown
2026-05-20 11:22:56,893 [DEBUG] itemku: 📡 API: https://www.itemku.com/~partytown/proxytown
2026-05-20 11:22:56,902 [DEBUG] itemku: 📡 API: https://www.itemku.com/~partytown/proxytown
2026-05-20 11:22:56,911 [DEBUG] itemku: 📡 API: https://www.itemku.com/~partytown/proxytown
2026-05-20 11:22:56,921 [DEBUG] itemku: 📡 API: https://www.itemku.com/~partytown/proxytown
2026-05-20 11:22:56,922 [DEBUG] itemku: 📡 API: https://www.itemku.com/~partytown/proxytown
2026-05-20 11:22:56,923 [DEBUG] itemku: 📡 API: https://www.itemku.com/~partytown/proxytown
2026-05-20 11:22:56,947 [DEBUG] itemku: 📡 API: https://www.itemku.com/~partytown/proxytown
2026-05-20 11:22:56,955 [DEBUG] itemku: 📡 API: https://www.itemku.com/~partytown/proxytown
2026-05-20 11:22:56,964 [DEBUG] itemku: 📡 API: https://www.itemku.com/~partytown/proxytown
2026-05-20 11:22:56,967 [DEBUG] itemku: 📡 API: https://www.itemku.com/~partytown/proxytown
2026-05-20 11:22:56,976 [DEBUG] itemku: 📡 API: https://www.itemku.com/~partytown/proxytown
2026-05-20 11:22:56,984 [DEBUG] itemku: 📡 API: https://www.itemku.com/~partytown/proxytown
2026-05-20 11:22:56,988 [DEBUG] itemku: 📡 API: https://www.itemku.com/~partytown/proxytown
2026-05-20 11:22:56,992 [DEBUG] itemku: 📡 API: https://www.itemku.com/~partytown/proxytown
2026-05-20 11:22:56,993 [DEBUG] itemku: 📡 API: https://www.itemku.com/~partytown/proxytown
2026-05-20 11:22:57,000 [DEBUG] itemku: 📡 API: https://www.itemku.com/~partytown/proxytown
2026-05-20 11:22:57,001 [DEBUG] itemku: 📡 API: https://www.itemku.com/~partytown/proxytown
2026-05-20 11:22:57,005 [DEBUG] itemku: 📡 API: https://www.itemku.com/~partytown/proxytown
2026-05-20 11:22:57,008 [DEBUG] itemku: 📡 API: https://www.itemku.com/~partytown/proxytown
2026-05-20 11:22:57,009 [DEBUG] itemku: 📡 API: https://www.itemku.com/~partytown/proxytown
2026-05-20 11:22:57,012 [DEBUG] itemku: 📡 API: https://www.itemku.com/~partytown/proxytown
2026-05-20 11:22:57,018 [DEBUG] itemku: 📡 API: https://www.itemku.com/~partytown/proxytown
2026-05-20 11:22:57,027 [DEBUG] itemku: 📡 API: https://www.itemku.com/~partytown/proxytown
2026-05-20 11:22:57,027 [DEBUG] itemku: 📡 API: https://www.itemku.com/~partytown/proxytown
2026-05-20 11:22:57,034 [DEBUG] itemku: 📡 API: https://www.itemku.com/~partytown/proxytown
2026-05-20 11:22:57,039 [DEBUG] itemku: 📡 API: https://www.itemku.com/~partytown/proxytown
2026-05-20 11:22:57,042 [DEBUG] itemku: 📡 API: https://www.itemku.com/~partytown/proxytown
2026-05-20 11:22:57,048 [DEBUG] itemku: 📡 API: https://www.itemku.com/~partytown/proxytown
2026-05-20 11:22:57,048 [DEBUG] itemku: 📡 API: https://www.itemku.com/~partytown/proxytown
2026-05-20 11:22:57,051 [DEBUG] itemku: 📡 API: https://www.itemku.com/~partytown/proxytown
2026-05-20 11:22:57,059 [DEBUG] itemku: 📡 API: https://www.itemku.com/~partytown/proxytown
2026-05-20 11:22:57,065 [DEBUG] itemku: 📡 API: https://www.itemku.com/~partytown/proxytown
2026-05-20 11:22:57,070 [DEBUG] itemku: 📡 API: https://www.itemku.com/~partytown/proxytown
2026-05-20 11:22:57,078 [DEBUG] itemku: 📡 API: https://www.itemku.com/~partytown/proxytown
2026-05-20 11:22:57,088 [DEBUG] itemku: 📡 API: https://www.itemku.com/~partytown/proxytown
2026-05-20 11:22:57,094 [DEBUG] itemku: 📡 API: https://www.itemku.com/~partytown/proxytown
2026-05-20 11:22:57,094 [DEBUG] itemku: 📡 API: https://www.itemku.com/~partytown/proxytown
2026-05-20 11:22:57,097 [DEBUG] itemku: 📡 API: https://www.itemku.com/~partytown/proxytown
2026-05-20 11:22:57,105 [DEBUG] itemku: 📡 API: https://www.itemku.com/~partytown/proxytown
2026-05-20 11:22:57,111 [DEBUG] itemku: 📡 API: https://www.itemku.com/~partytown/proxytown
2026-05-20 11:22:57,119 [DEBUG] itemku: 📡 API: https://www.itemku.com/~partytown/proxytown
2026-05-20 11:22:57,119 [DEBUG] itemku: 📡 API: https://www.itemku.com/~partytown/proxytown
2026-05-20 11:22:57,125 [DEBUG] itemku: 📡 API: https://www.itemku.com/~partytown/proxytown
2026-05-20 11:22:57,135 [DEBUG] itemku: 📡 API: https://www.itemku.com/~partytown/proxytown
2026-05-20 11:22:57,138 [DEBUG] itemku: 📡 API: https://www.itemku.com/~partytown/proxytown
2026-05-20 11:22:57,192 [DEBUG] itemku: 📡 API: https://www.itemku.com/~partytown/proxytown
2026-05-20 11:22:57,201 [DEBUG] itemku: 📡 API: https://www.itemku.com/~partytown/proxytown
2026-05-20 11:22:57,206 [DEBUG] itemku: 📡 API: https://www.itemku.com/~partytown/proxytown
2026-05-20 11:22:57,230 [DEBUG] itemku: 📡 API: https://www.itemku.com/~partytown/proxytown
2026-05-20 11:22:57,230 [DEBUG] itemku: 📡 API: https://www.itemku.com/~partytown/proxytown
2026-05-20 11:22:57,239 [DEBUG] itemku: 📡 API: https://www.itemku.com/~partytown/proxytown
2026-05-20 11:22:57,247 [DEBUG] itemku: 📡 API: https://www.itemku.com/~partytown/proxytown
2026-05-20 11:22:57,247 [DEBUG] itemku: 📡 API: https://www.itemku.com/~partytown/proxytown
2026-05-20 11:22:57,257 [DEBUG] itemku: 📡 API: https://www.itemku.com/~partytown/proxytown
2026-05-20 11:22:57,257 [DEBUG] itemku: 📡 API: https://www.itemku.com/~partytown/proxytown
2026-05-20 11:22:57,264 [DEBUG] itemku: 📡 API: https://www.itemku.com/~partytown/proxytown
2026-05-20 11:22:57,269 [DEBUG] itemku: 📡 API: https://www.itemku.com/~partytown/proxytown
2026-05-20 11:22:57,276 [DEBUG] itemku: 📡 API: https://www.itemku.com/~partytown/proxytown
2026-05-20 11:22:57,285 [DEBUG] itemku: 📡 API: https://www.itemku.com/~partytown/proxytown
2026-05-20 11:22:57,285 [DEBUG] itemku: 📡 API: https://www.itemku.com/~partytown/proxytown
2026-05-20 11:22:57,292 [DEBUG] itemku: 📡 API: https://www.itemku.com/~partytown/proxytown
2026-05-20 11:22:57,308 [DEBUG] itemku: 📡 API: https://www.itemku.com/~partytown/proxytown
2026-05-20 11:22:57,308 [DEBUG] itemku: 📡 API: https://www.itemku.com/~partytown/proxytown
2026-05-20 11:22:57,352 [DEBUG] itemku: 📡 API: https://www.itemku.com/~partytown/proxytown
2026-05-20 11:22:57,572 [DEBUG] itemku: 📡 API: https://www.itemku.com/~partytown/proxytown
2026-05-20 11:22:57,578 [DEBUG] itemku: 📡 API: https://www.itemku.com/~partytown/proxytown
2026-05-20 11:22:57,587 [DEBUG] itemku: 📡 API: https://www.itemku.com/~partytown/proxytown
2026-05-20 11:22:57,595 [DEBUG] itemku: 📡 API: https://www.itemku.com/~partytown/proxytown
2026-05-20 11:22:57,604 [DEBUG] itemku: 📡 API: https://www.itemku.com/~partytown/proxytown
2026-05-20 11:22:57,604 [DEBUG] itemku: 📡 API: https://www.itemku.com/~partytown/proxytown
2026-05-20 11:22:57,609 [DEBUG] itemku: 📡 API: https://www.itemku.com/~partytown/proxytown
2026-05-20 11:22:57,617 [DEBUG] itemku: 📡 API: https://www.itemku.com/~partytown/proxytown
2026-05-20 11:22:57,624 [DEBUG] itemku: 📡 API: https://www.itemku.com/~partytown/proxytown
2026-05-20 11:22:57,624 [DEBUG] itemku: 📡 API: https://www.itemku.com/~partytown/proxytown
2026-05-20 11:22:57,634 [DEBUG] itemku: 📡 API: https://www.itemku.com/~partytown/proxytown
2026-05-20 11:22:57,635 [DEBUG] itemku: 📡 API: https://www.itemku.com/~partytown/proxytown
2026-05-20 11:22:57,640 [DEBUG] itemku: 📡 API: https://www.itemku.com/~partytown/proxytown
2026-05-20 11:22:57,647 [DEBUG] itemku: 📡 API: https://www.itemku.com/~partytown/proxytown
2026-05-20 11:22:57,648 [DEBUG] itemku: 📡 API: https://www.itemku.com/~partytown/proxytown
2026-05-20 11:22:57,655 [DEBUG] itemku: 📡 API: https://www.itemku.com/~partytown/proxytown
2026-05-20 11:22:57,661 [DEBUG] itemku: 📡 API: https://www.itemku.com/~partytown/proxytown
2026-05-20 11:22:57,661 [DEBUG] itemku: 📡 API: https://www.itemku.com/~partytown/proxytown
2026-05-20 11:22:57,671 [DEBUG] itemku: 📡 API: https://www.itemku.com/~partytown/proxytown
2026-05-20 11:22:57,675 [DEBUG] itemku: 📡 API: https://www.itemku.com/~partytown/proxytown
2026-05-20 11:22:57,675 [DEBUG] itemku: 📡 API: https://www.itemku.com/~partytown/proxytown
2026-05-20 11:22:57,682 [DEBUG] itemku: 📡 API: https://www.itemku.com/~partytown/proxytown
2026-05-20 11:22:57,687 [DEBUG] itemku: 📡 API: https://www.itemku.com/~partytown/proxytown
2026-05-20 11:22:57,695 [DEBUG] itemku: 📡 API: https://www.itemku.com/~partytown/proxytown
2026-05-20 11:22:57,695 [DEBUG] itemku: 📡 API: https://www.itemku.com/~partytown/proxytown
2026-05-20 11:22:57,699 [DEBUG] itemku: 📡 API: https://www.itemku.com/~partytown/proxytown
2026-05-20 11:22:57,708 [DEBUG] itemku: 📡 API: https://www.itemku.com/~partytown/proxytown
2026-05-20 11:22:57,714 [DEBUG] itemku: 📡 API: https://www.itemku.com/~partytown/proxytown
2026-05-20 11:22:57,715 [DEBUG] itemku: 📡 API: https://www.itemku.com/~partytown/proxytown
2026-05-20 11:22:57,719 [DEBUG] itemku: 📡 API: https://www.itemku.com/~partytown/proxytown
2026-05-20 11:22:57,723 [DEBUG] itemku: 📡 API: https://www.itemku.com/~partytown/proxytown
2026-05-20 11:22:57,727 [DEBUG] itemku: 📡 API: https://www.itemku.com/~partytown/proxytown
2026-05-20 11:22:57,731 [DEBUG] itemku: 📡 API: https://www.itemku.com/~partytown/proxytown
2026-05-20 11:22:57,737 [DEBUG] itemku: 📡 API: https://www.itemku.com/~partytown/proxytown
2026-05-20 11:22:57,742 [DEBUG] itemku: 📡 API: https://www.itemku.com/~partytown/proxytown
2026-05-20 11:22:57,746 [DEBUG] itemku: 📡 API: https://www.itemku.com/~partytown/proxytown
2026-05-20 11:22:57,751 [DEBUG] itemku: 📡 API: https://www.itemku.com/~partytown/proxytown
2026-05-20 11:22:57,756 [DEBUG] itemku: 📡 API: https://www.itemku.com/~partytown/proxytown
2026-05-20 11:22:57,761 [DEBUG] itemku: 📡 API: https://www.itemku.com/~partytown/proxytown
2026-05-20 11:22:57,768 [DEBUG] itemku: 📡 API: https://www.itemku.com/~partytown/proxytown
2026-05-20 11:22:57,774 [DEBUG] itemku: 📡 API: https://www.itemku.com/~partytown/proxytown
2026-05-20 11:22:57,780 [DEBUG] itemku: 📡 API: https://www.itemku.com/~partytown/proxytown
2026-05-20 11:22:57,788 [DEBUG] itemku: 📡 API: https://www.itemku.com/~partytown/proxytown
2026-05-20 11:22:57,798 [DEBUG] itemku: 📡 API: https://www.itemku.com/~partytown/proxytown
2026-05-20 11:22:57,809 [DEBUG] itemku: 📡 API: https://www.itemku.com/~partytown/proxytown
2026-05-20 11:22:57,817 [DEBUG] itemku: 📡 API: https://www.itemku.com/~partytown/proxytown
2026-05-20 11:22:57,827 [DEBUG] itemku: 📡 API: https://www.itemku.com/~partytown/proxytown
2026-05-20 11:22:57,834 [DEBUG] itemku: 📡 API: https://www.itemku.com/~partytown/proxytown
2026-05-20 11:22:57,837 [DEBUG] itemku: 📡 API: https://www.itemku.com/~partytown/proxytown
2026-05-20 11:22:57,849 [DEBUG] itemku: 📡 API: https://www.itemku.com/~partytown/proxytown
2026-05-20 11:22:57,854 [DEBUG] itemku: 📡 API: https://www.itemku.com/~partytown/proxytown
2026-05-20 11:22:57,863 [DEBUG] itemku: 📡 API: https://www.itemku.com/~partytown/proxytown
2026-05-20 11:22:57,870 [DEBUG] itemku: 📡 API: https://www.itemku.com/~partytown/proxytown
2026-05-20 11:22:57,870 [DEBUG] itemku: 📡 API: https://www.itemku.com/~partytown/proxytown
2026-05-20 11:22:57,876 [DEBUG] itemku: 📡 API: https://www.itemku.com/~partytown/proxytown
2026-05-20 11:22:57,880 [DEBUG] itemku: 📡 API: https://www.itemku.com/~partytown/proxytown
2026-05-20 11:22:57,884 [DEBUG] itemku: 📡 API: https://www.itemku.com/~partytown/proxytown
2026-05-20 11:22:57,889 [DEBUG] itemku: 📡 API: https://www.itemku.com/~partytown/proxytown
2026-05-20 11:22:57,893 [DEBUG] itemku: 📡 API: https://www.itemku.com/~partytown/proxytown
2026-05-20 11:22:57,897 [DEBUG] itemku: 📡 API: https://www.itemku.com/~partytown/proxytown
2026-05-20 11:22:57,903 [DEBUG] itemku: 📡 API: https://www.itemku.com/~partytown/proxytown
2026-05-20 11:22:57,910 [DEBUG] itemku: 📡 API: https://www.itemku.com/~partytown/proxytown
2026-05-20 11:22:57,916 [DEBUG] itemku: 📡 API: https://www.itemku.com/~partytown/proxytown
2026-05-20 11:22:57,925 [DEBUG] itemku: 📡 API: https://www.itemku.com/~partytown/proxytown
2026-05-20 11:22:57,934 [DEBUG] itemku: 📡 API: https://www.itemku.com/~partytown/proxytown
2026-05-20 11:22:57,937 [DEBUG] itemku: 📡 API: https://www.itemku.com/~partytown/proxytown
2026-05-20 11:22:57,944 [DEBUG] itemku: 📡 API: https://www.itemku.com/~partytown/proxytown
2026-05-20 11:22:57,944 [DEBUG] itemku: 📡 API: https://www.itemku.com/~partytown/proxytown
2026-05-20 11:22:57,952 [DEBUG] itemku: 📡 API: https://www.itemku.com/~partytown/proxytown
2026-05-20 11:22:57,962 [DEBUG] itemku: 📡 API: https://www.itemku.com/~partytown/proxytown
2026-05-20 11:22:57,967 [DEBUG] itemku: 📡 API: https://www.itemku.com/~partytown/proxytown
2026-05-20 11:22:57,970 [DEBUG] itemku: 📡 API: https://www.itemku.com/~partytown/proxytown
2026-05-20 11:22:57,976 [DEBUG] itemku: 📡 API: https://www.itemku.com/~partytown/proxytown
2026-05-20 11:22:57,977 [DEBUG] itemku: 📡 API: https://www.itemku.com/~partytown/proxytown
2026-05-20 11:22:57,986 [DEBUG] itemku: 📡 API: https://www.itemku.com/~partytown/proxytown
2026-05-20 11:22:57,986 [DEBUG] itemku: 📡 API: https://www.itemku.com/~partytown/proxytown
2026-05-20 11:22:57,990 [DEBUG] itemku: 📡 API: https://www.itemku.com/~partytown/proxytown
2026-05-20 11:22:58,001 [DEBUG] itemku: 📡 API: https://www.itemku.com/~partytown/proxytown
2026-05-20 11:22:58,006 [DEBUG] itemku: 📡 API: https://www.itemku.com/~partytown/proxytown
2026-05-20 11:22:58,011 [DEBUG] itemku: 📡 API: https://www.itemku.com/~partytown/proxytown
2026-05-20 11:22:58,011 [DEBUG] itemku: 📡 API: https://www.itemku.com/~partytown/proxytown
2026-05-20 11:22:58,020 [DEBUG] itemku: 📡 API: https://www.itemku.com/~partytown/proxytown
2026-05-20 11:22:58,026 [DEBUG] itemku: 📡 API: https://www.itemku.com/~partytown/proxytown
2026-05-20 11:22:58,028 [DEBUG] itemku: 📡 API: https://www.itemku.com/~partytown/proxytown
2026-05-20 11:22:58,041 [DEBUG] itemku: 📡 API: https://www.itemku.com/~partytown/proxytown
2026-05-20 11:22:58,061 [DEBUG] itemku: 📡 API: https://www.itemku.com/~partytown/proxytown
2026-05-20 11:22:58,061 [DEBUG] itemku: 📡 API: https://script.crazyegg.com/pages/data-scripts/0113/7987/sampling/www.itemku.com.json?t=1
2026-05-20 11:22:58,067 [DEBUG] itemku: 📡 API: https://www.itemku.com/~partytown/proxytown
2026-05-20 11:22:58,073 [DEBUG] itemku: 📡 API: https://www.itemku.com/~partytown/proxytown
2026-05-20 11:22:58,081 [DEBUG] itemku: 📡 API: https://www.itemku.com/~partytown/proxytown
2026-05-20 11:22:58,081 [DEBUG] itemku: 📡 API: https://www.itemku.com/~partytown/proxytown
2026-05-20 11:22:58,086 [DEBUG] itemku: 📡 API: https://www.itemku.com/~partytown/proxytown
2026-05-20 11:22:58,092 [DEBUG] itemku: 📡 API: https://www.itemku.com/~partytown/proxytown
2026-05-20 11:22:58,092 [DEBUG] itemku: 📡 API: https://www.itemku.com/~partytown/proxytown
2026-05-20 11:22:58,099 [DEBUG] itemku: 📡 API: https://www.itemku.com/~partytown/proxytown
2026-05-20 11:22:58,100 [DEBUG] itemku: 📡 API: https://www.itemku.com/~partytown/proxytown
2026-05-20 11:22:58,110 [DEBUG] itemku: 📡 API: https://www.itemku.com/~partytown/proxytown
2026-05-20 11:22:58,110 [DEBUG] itemku: 📡 API: https://www.itemku.com/~partytown/proxytown
2026-05-20 11:22:58,121 [DEBUG] itemku: 📡 API: https://www.itemku.com/~partytown/proxytown
2026-05-20 11:22:58,122 [DEBUG] itemku: 📡 API: https://www.itemku.com/~partytown/proxytown
2026-05-20 11:22:58,133 [DEBUG] itemku: 📡 API: https://www.itemku.com/~partytown/proxytown
2026-05-20 11:22:58,134 [DEBUG] itemku: 📡 API: https://www.itemku.com/~partytown/proxytown
2026-05-20 11:22:58,139 [DEBUG] itemku: 📡 API: https://www.itemku.com/~partytown/proxytown
2026-05-20 11:22:58,144 [DEBUG] itemku: 📡 API: https://www.itemku.com/~partytown/proxytown
2026-05-20 11:22:58,144 [DEBUG] itemku: 📡 API: https://www.itemku.com/~partytown/proxytown
2026-05-20 11:22:58,149 [DEBUG] itemku: 📡 API: https://www.itemku.com/~partytown/proxytown
2026-05-20 11:22:58,155 [DEBUG] itemku: 📡 API: https://www.itemku.com/~partytown/proxytown
2026-05-20 11:22:58,160 [DEBUG] itemku: 📡 API: https://www.itemku.com/~partytown/proxytown
2026-05-20 11:22:58,167 [DEBUG] itemku: 📡 API: https://www.itemku.com/~partytown/proxytown
2026-05-20 11:22:58,173 [DEBUG] itemku: 📡 API: https://www.itemku.com/~partytown/proxytown
2026-05-20 11:22:58,174 [DEBUG] itemku: 📡 API: https://www.itemku.com/~partytown/proxytown
2026-05-20 11:22:58,179 [DEBUG] itemku: 📡 API: https://www.itemku.com/~partytown/proxytown
2026-05-20 11:22:58,187 [DEBUG] itemku: 📡 API: https://www.itemku.com/~partytown/proxytown
2026-05-20 11:22:58,188 [DEBUG] itemku: 📡 API: https://www.itemku.com/~partytown/proxytown
2026-05-20 11:22:58,194 [DEBUG] itemku: 📡 API: https://www.itemku.com/~partytown/proxytown
2026-05-20 11:22:58,194 [DEBUG] itemku: 📡 API: https://www.itemku.com/~partytown/proxytown
2026-05-20 11:22:58,201 [DEBUG] itemku: 📡 API: https://www.itemku.com/~partytown/proxytown
2026-05-20 11:22:58,210 [DEBUG] itemku: 📡 API: https://www.itemku.com/~partytown/proxytown
2026-05-20 11:22:58,212 [DEBUG] itemku: 📡 API: https://www.itemku.com/~partytown/proxytown
2026-05-20 11:22:58,216 [DEBUG] itemku: 📡 API: https://www.itemku.com/~partytown/proxytown
2026-05-20 11:22:58,217 [DEBUG] itemku: 📡 API: https://www.itemku.com/~partytown/proxytown
2026-05-20 11:22:58,222 [DEBUG] itemku: 📡 API: https://www.itemku.com/~partytown/proxytown
2026-05-20 11:22:58,231 [DEBUG] itemku: 📡 API: https://www.itemku.com/~partytown/proxytown
2026-05-20 11:22:58,232 [DEBUG] itemku: 📡 API: https://www.itemku.com/~partytown/proxytown
2026-05-20 11:22:58,239 [DEBUG] itemku: 📡 API: https://www.itemku.com/~partytown/proxytown
2026-05-20 11:22:58,243 [DEBUG] itemku: 📡 API: https://www.itemku.com/~partytown/proxytown
2026-05-20 11:22:58,244 [DEBUG] itemku: 📡 API: https://www.itemku.com/~partytown/proxytown
2026-05-20 11:22:58,250 [DEBUG] itemku: 📡 API: https://www.itemku.com/~partytown/proxytown
2026-05-20 11:22:58,256 [DEBUG] itemku: 📡 API: https://www.itemku.com/~partytown/proxytown
2026-05-20 11:22:58,257 [DEBUG] itemku: 📡 API: https://www.itemku.com/~partytown/proxytown
2026-05-20 11:22:58,264 [DEBUG] itemku: 📡 API: https://www.itemku.com/~partytown/proxytown
2026-05-20 11:22:58,264 [DEBUG] itemku: 📡 API: https://www.itemku.com/~partytown/proxytown
2026-05-20 11:22:58,268 [DEBUG] itemku: 📡 API: https://www.itemku.com/~partytown/proxytown
2026-05-20 11:22:58,276 [DEBUG] itemku: 📡 API: https://www.itemku.com/~partytown/proxytown
2026-05-20 11:22:58,276 [DEBUG] itemku: 📡 API: https://www.itemku.com/~partytown/proxytown
2026-05-20 11:22:58,286 [DEBUG] itemku: 📡 API: https://www.itemku.com/~partytown/proxytown
2026-05-20 11:22:58,287 [DEBUG] itemku: 📡 API: https://www.itemku.com/~partytown/proxytown
2026-05-20 11:22:58,294 [DEBUG] itemku: 📡 API: https://www.itemku.com/~partytown/proxytown
2026-05-20 11:22:58,294 [DEBUG] itemku: 📡 API: https://www.itemku.com/~partytown/proxytown
2026-05-20 11:22:58,305 [DEBUG] itemku: 📡 API: https://www.itemku.com/~partytown/proxytown
2026-05-20 11:22:58,306 [DEBUG] itemku: 📡 API: https://www.itemku.com/~partytown/proxytown
2026-05-20 11:22:58,312 [DEBUG] itemku: 📡 API: https://www.itemku.com/~partytown/proxytown
2026-05-20 11:22:58,319 [DEBUG] itemku: 📡 API: https://www.itemku.com/~partytown/proxytown
2026-05-20 11:22:58,323 [DEBUG] itemku: 📡 API: https://www.itemku.com/~partytown/proxytown
2026-05-20 11:22:58,328 [DEBUG] itemku: 📡 API: https://www.itemku.com/~partytown/proxytown
2026-05-20 11:22:58,329 [DEBUG] itemku: 📡 API: https://www.itemku.com/~partytown/proxytown
2026-05-20 11:22:58,338 [DEBUG] itemku: 📡 API: https://www.itemku.com/~partytown/proxytown
2026-05-20 11:22:58,342 [DEBUG] itemku: 📡 API: https://www.itemku.com/~partytown/proxytown
2026-05-20 11:22:58,344 [DEBUG] itemku: 📡 API: https://www.itemku.com/~partytown/proxytown
2026-05-20 11:22:58,349 [DEBUG] itemku: 📡 API: https://www.itemku.com/~partytown/proxytown
2026-05-20 11:22:58,351 [DEBUG] itemku: 📡 API: https://www.itemku.com/~partytown/proxytown
2026-05-20 11:22:58,357 [DEBUG] itemku: 📡 API: https://www.itemku.com/~partytown/proxytown
2026-05-20 11:22:58,357 [DEBUG] itemku: 📡 API: https://www.itemku.com/~partytown/proxytown
2026-05-20 11:22:58,363 [DEBUG] itemku: 📡 API: https://www.itemku.com/~partytown/proxytown
2026-05-20 11:22:58,368 [DEBUG] itemku: 📡 API: https://www.itemku.com/~partytown/proxytown
2026-05-20 11:22:58,368 [DEBUG] itemku: 📡 API: https://www.itemku.com/~partytown/proxytown
2026-05-20 11:22:58,375 [DEBUG] itemku: 📡 API: https://www.itemku.com/~partytown/proxytown
2026-05-20 11:22:58,375 [DEBUG] itemku: 📡 API: https://www.itemku.com/~partytown/proxytown
2026-05-20 11:22:58,381 [DEBUG] itemku: 📡 API: https://www.itemku.com/~partytown/proxytown
2026-05-20 11:22:58,389 [DEBUG] itemku: 📡 API: https://www.itemku.com/~partytown/proxytown
2026-05-20 11:22:58,394 [DEBUG] itemku: 📡 API: https://www.itemku.com/~partytown/proxytown
2026-05-20 11:22:58,397 [DEBUG] itemku: 📡 API: https://www.itemku.com/~partytown/proxytown
2026-05-20 11:22:58,402 [DEBUG] itemku: 📡 API: https://www.itemku.com/~partytown/proxytown
2026-05-20 11:22:58,402 [DEBUG] itemku: 📡 API: https://www.itemku.com/~partytown/proxytown
2026-05-20 11:22:58,411 [DEBUG] itemku: 📡 API: https://www.itemku.com/~partytown/proxytown
2026-05-20 11:22:58,411 [DEBUG] itemku: 📡 API: https://www.itemku.com/~partytown/proxytown
2026-05-20 11:22:58,420 [DEBUG] itemku: 📡 API: https://www.itemku.com/~partytown/proxytown
2026-05-20 11:22:58,429 [DEBUG] itemku: 📡 API: https://www.itemku.com/~partytown/proxytown
2026-05-20 11:22:58,432 [DEBUG] itemku: 📡 API: https://www.itemku.com/~partytown/proxytown
2026-05-20 11:22:58,436 [DEBUG] itemku: 📡 API: https://www.itemku.com/~partytown/proxytown
2026-05-20 11:22:58,438 [DEBUG] itemku: 📡 API: https://www.itemku.com/~partytown/proxytown
2026-05-20 11:22:58,443 [DEBUG] itemku: 📡 API: https://www.itemku.com/~partytown/proxytown
2026-05-20 11:22:58,443 [DEBUG] itemku: 📡 API: https://www.itemku.com/~partytown/proxytown
2026-05-20 11:22:58,450 [DEBUG] itemku: 📡 API: https://www.itemku.com/~partytown/proxytown
2026-05-20 11:22:58,457 [DEBUG] itemku: 📡 API: https://www.itemku.com/~partytown/proxytown
2026-05-20 11:22:58,465 [DEBUG] itemku: 📡 API: https://www.itemku.com/~partytown/proxytown
2026-05-20 11:22:58,468 [DEBUG] itemku: 📡 API: https://www.itemku.com/~partytown/proxytown
2026-05-20 11:22:58,490 [DEBUG] itemku: 📡 API: https://www.itemku.com/~partytown/proxytown
2026-05-20 11:22:58,498 [DEBUG] itemku: 📡 API: https://www.itemku.com/~partytown/proxytown
2026-05-20 11:22:58,498 [DEBUG] itemku: 📡 API: https://www.itemku.com/~partytown/proxytown
2026-05-20 11:22:58,510 [DEBUG] itemku: 📡 API: https://www.itemku.com/~partytown/proxytown
2026-05-20 11:22:58,510 [DEBUG] itemku: 📡 API: https://www.itemku.com/~partytown/proxytown
2026-05-20 11:22:58,516 [DEBUG] itemku: 📡 API: https://www.itemku.com/~partytown/proxytown
2026-05-20 11:22:58,521 [DEBUG] itemku: 📡 API: https://www.itemku.com/~partytown/proxytown
2026-05-20 11:22:58,521 [DEBUG] itemku: 📡 API: https://www.itemku.com/~partytown/proxytown
2026-05-20 11:22:58,521 [DEBUG] itemku: 📡 API: https://www.itemku.com/~partytown/proxytown
2026-05-20 11:22:58,525 [DEBUG] itemku: 📡 API: https://www.itemku.com/~partytown/proxytown
2026-05-20 11:22:58,533 [DEBUG] itemku: 📡 API: https://www.itemku.com/~partytown/proxytown
2026-05-20 11:22:58,533 [DEBUG] itemku: 📡 API: https://www.itemku.com/~partytown/proxytown
2026-05-20 11:22:58,543 [DEBUG] itemku: 📡 API: https://www.itemku.com/~partytown/proxytown
2026-05-20 11:22:58,547 [DEBUG] itemku: 📡 API: https://www.itemku.com/~partytown/proxytown
2026-05-20 11:22:58,554 [DEBUG] itemku: 📡 API: https://www.itemku.com/~partytown/proxytown
2026-05-20 11:22:58,554 [DEBUG] itemku: 📡 API: https://www.itemku.com/~partytown/proxytown
2026-05-20 11:22:58,562 [DEBUG] itemku: 📡 API: https://www.itemku.com/~partytown/proxytown
2026-05-20 11:22:58,562 [DEBUG] itemku: 📡 API: https://www.itemku.com/~partytown/proxytown
2026-05-20 11:22:58,570 [DEBUG] itemku: 📡 API: https://www.itemku.com/~partytown/proxytown
2026-05-20 11:22:58,574 [DEBUG] itemku: 📡 API: https://www.itemku.com/~partytown/proxytown
2026-05-20 11:22:58,574 [DEBUG] itemku: 📡 API: https://www.itemku.com/~partytown/proxytown
2026-05-20 11:22:58,582 [DEBUG] itemku: 📡 API: https://www.itemku.com/~partytown/proxytown
2026-05-20 11:22:58,591 [DEBUG] itemku: 📡 API: https://www.itemku.com/~partytown/proxytown
2026-05-20 11:22:58,598 [DEBUG] itemku: 📡 API: https://www.itemku.com/~partytown/proxytown
2026-05-20 11:22:58,599 [DEBUG] itemku: 📡 API: https://www.itemku.com/~partytown/proxytown
2026-05-20 11:22:58,712 [DEBUG] itemku: 📡 API: https://www.itemku.com/~partytown/proxytown
2026-05-20 11:22:58,737 [DEBUG] itemku: 📡 API: https://www.itemku.com/~partytown/proxytown
2026-05-20 11:22:58,746 [DEBUG] itemku: 📡 API: https://www.itemku.com/~partytown/proxytown
2026-05-20 11:22:58,751 [DEBUG] itemku: 📡 API: https://www.itemku.com/~partytown/proxytown
2026-05-20 11:22:58,760 [DEBUG] itemku: 📡 API: https://www.itemku.com/~partytown/proxytown
2026-05-20 11:22:58,761 [DEBUG] itemku: 📡 API: https://www.itemku.com/~partytown/proxytown
2026-05-20 11:22:58,769 [DEBUG] itemku: 📡 API: https://www.itemku.com/~partytown/proxytown
2026-05-20 11:22:58,775 [DEBUG] itemku: 📡 API: https://www.itemku.com/~partytown/proxytown
2026-05-20 11:22:58,778 [DEBUG] itemku: 📡 API: https://www.itemku.com/~partytown/proxytown
2026-05-20 11:22:58,782 [DEBUG] itemku: 📡 API: https://www.itemku.com/~partytown/proxytown
2026-05-20 11:22:58,787 [DEBUG] itemku: 📡 API: https://www.itemku.com/~partytown/proxytown
2026-05-20 11:22:58,795 [DEBUG] itemku: 📡 API: https://www.itemku.com/~partytown/proxytown
2026-05-20 11:22:58,796 [DEBUG] itemku: 📡 API: https://www.itemku.com/~partytown/proxytown
2026-05-20 11:22:58,808 [DEBUG] itemku: 📡 API: https://www.itemku.com/~partytown/proxytown
2026-05-20 11:22:58,892 [DEBUG] itemku: 📡 API: https://www.itemku.com/~partytown/proxytown
2026-05-20 11:22:58,943 [DEBUG] itemku: 📡 API: https://www.itemku.com/~partytown/proxytown
2026-05-20 11:22:58,958 [DEBUG] itemku: 📡 API: https://www.itemku.com/~partytown/proxytown
2026-05-20 11:22:59,019 [DEBUG] itemku: 📡 API: https://www.itemku.com/~partytown/proxytown
2026-05-20 11:22:59,041 [DEBUG] itemku: 📡 API: https://www.itemku.com/~partytown/proxytown
2026-05-20 11:22:59,064 [DEBUG] itemku: 📡 API: https://www.itemku.com/~partytown/proxytown
2026-05-20 11:22:59,084 [DEBUG] itemku: 📡 API: https://www.itemku.com/~partytown/proxytown
2026-05-20 11:22:59,085 [DEBUG] itemku: 📡 API: https://www.itemku.com/~partytown/proxytown
2026-05-20 11:22:59,088 [DEBUG] itemku: 📡 API: https://www.itemku.com/~partytown/proxytown
2026-05-20 11:22:59,107 [DEBUG] itemku: 📡 API: https://www.itemku.com/~partytown/proxytown
2026-05-20 11:22:59,160 [DEBUG] itemku: 📡 API: https://www.itemku.com/~partytown/proxytown
2026-05-20 11:22:59,169 [DEBUG] itemku: 📡 API: https://www.itemku.com/~partytown/proxytown
2026-05-20 11:22:59,171 [DEBUG] itemku: 📡 API: https://www.itemku.com/~partytown/proxytown
2026-05-20 11:22:59,178 [DEBUG] itemku: 📡 API: https://www.itemku.com/~partytown/proxytown
2026-05-20 11:22:59,178 [DEBUG] itemku: 📡 API: https://www.itemku.com/~partytown/proxytown
2026-05-20 11:22:59,187 [DEBUG] itemku: 📡 API: https://www.itemku.com/~partytown/proxytown
2026-05-20 11:22:59,187 [DEBUG] itemku: 📡 API: https://www.itemku.com/~partytown/proxytown
2026-05-20 11:22:59,190 [DEBUG] itemku: 📡 API: https://www.itemku.com/~partytown/proxytown
2026-05-20 11:22:59,788 [INFO] itemku: 📜 Scroll halaman...
2026-05-20 11:23:00,137 [DEBUG] itemku: 📡 API: https://www.itemku.com/~partytown/proxytown
2026-05-20 11:23:01,951 [DEBUG] itemku: 📡 API: https://www.itemku.com/~partytown/proxytown
2026-05-20 11:23:02,184 [DEBUG] itemku: 📡 API: https://www.itemku.com/~partytown/proxytown
2026-05-20 11:23:02,196 [DEBUG] itemku: 📡 API: https://www.itemku.com/~partytown/proxytown
2026-05-20 11:23:02,206 [DEBUG] itemku: 📡 API: https://www.itemku.com/~partytown/proxytown
2026-05-20 11:23:02,214 [DEBUG] itemku: 📡 API: https://www.itemku.com/~partytown/proxytown
2026-05-20 11:23:02,222 [DEBUG] itemku: 📡 API: https://www.itemku.com/~partytown/proxytown
2026-05-20 11:23:02,229 [DEBUG] itemku: 📡 API: https://www.itemku.com/~partytown/proxytown
2026-05-20 11:23:02,240 [DEBUG] itemku: 📡 API: https://www.itemku.com/~partytown/proxytown
2026-05-20 11:23:02,246 [DEBUG] itemku: 📡 API: https://www.itemku.com/~partytown/proxytown
2026-05-20 11:23:02,247 [DEBUG] itemku: 📡 API: https://www.itemku.com/~partytown/proxytown
2026-05-20 11:23:02,253 [DEBUG] itemku: 📡 API: https://www.itemku.com/~partytown/proxytown
2026-05-20 11:23:02,258 [DEBUG] itemku: 📡 API: https://www.itemku.com/~partytown/proxytown
2026-05-20 11:23:02,266 [DEBUG] itemku: 📡 API: https://www.itemku.com/~partytown/proxytown
2026-05-20 11:23:02,273 [DEBUG] itemku: 📡 API: https://www.itemku.com/~partytown/proxytown
2026-05-20 11:23:02,279 [DEBUG] itemku: 📡 API: https://www.itemku.com/~partytown/proxytown
2026-05-20 11:23:02,286 [DEBUG] itemku: 📡 API: https://www.itemku.com/~partytown/proxytown
2026-05-20 11:23:02,292 [DEBUG] itemku: 📡 API: https://www.itemku.com/~partytown/proxytown
2026-05-20 11:23:02,301 [DEBUG] itemku: 📡 API: https://www.itemku.com/~partytown/proxytown
2026-05-20 11:23:02,301 [DEBUG] itemku: 📡 API: https://www.itemku.com/~partytown/proxytown
2026-05-20 11:23:02,308 [DEBUG] itemku: 📡 API: https://www.itemku.com/~partytown/proxytown
2026-05-20 11:23:02,314 [DEBUG] itemku: 📡 API: https://www.itemku.com/~partytown/proxytown
2026-05-20 11:23:02,314 [DEBUG] itemku: 📡 API: https://www.itemku.com/~partytown/proxytown
2026-05-20 11:23:02,323 [DEBUG] itemku: 📡 API: https://www.itemku.com/~partytown/proxytown
2026-05-20 11:23:02,327 [DEBUG] itemku: 📡 API: https://www.itemku.com/~partytown/proxytown
2026-05-20 11:23:02,328 [DEBUG] itemku: 📡 API: https://www.itemku.com/~partytown/proxytown
2026-05-20 11:23:02,333 [DEBUG] itemku: 📡 API: https://www.itemku.com/~partytown/proxytown
2026-05-20 11:23:02,345 [DEBUG] itemku: 📡 API: https://www.itemku.com/~partytown/proxytown
2026-05-20 11:23:02,345 [DEBUG] itemku: 📡 API: https://www.itemku.com/~partytown/proxytown
2026-05-20 11:23:02,347 [DEBUG] itemku: 📡 API: https://www.itemku.com/~partytown/proxytown
2026-05-20 11:23:02,351 [DEBUG] itemku: 📡 API: https://www.itemku.com/~partytown/proxytown
2026-05-20 11:23:02,356 [DEBUG] itemku: 📡 API: https://www.itemku.com/~partytown/proxytown
2026-05-20 11:23:02,361 [DEBUG] itemku: 📡 API: https://www.itemku.com/~partytown/proxytown
2026-05-20 11:23:02,368 [DEBUG] itemku: 📡 API: https://www.itemku.com/~partytown/proxytown
2026-05-20 11:23:02,371 [DEBUG] itemku: 📡 API: https://www.itemku.com/~partytown/proxytown
2026-05-20 11:23:02,375 [DEBUG] itemku: 📡 API: https://www.itemku.com/~partytown/proxytown
2026-05-20 11:23:02,376 [DEBUG] itemku: 📡 API: https://www.itemku.com/~partytown/proxytown
2026-05-20 11:23:02,385 [DEBUG] itemku: 📡 API: https://www.itemku.com/~partytown/proxytown
2026-05-20 11:23:02,388 [DEBUG] itemku: 📡 API: https://www.itemku.com/~partytown/proxytown
2026-05-20 11:23:02,388 [DEBUG] itemku: 📡 API: https://www.itemku.com/~partytown/proxytown
2026-05-20 11:23:02,393 [DEBUG] itemku: 📡 API: https://www.itemku.com/~partytown/proxytown
2026-05-20 11:23:02,399 [DEBUG] itemku: 📡 API: https://www.itemku.com/~partytown/proxytown
2026-05-20 11:23:02,404 [DEBUG] itemku: 📡 API: https://www.itemku.com/~partytown/proxytown
2026-05-20 11:23:02,410 [DEBUG] itemku: 📡 API: https://www.itemku.com/~partytown/proxytown
2026-05-20 11:23:02,416 [DEBUG] itemku: 📡 API: https://www.itemku.com/~partytown/proxytown
2026-05-20 11:23:02,422 [DEBUG] itemku: 📡 API: https://www.itemku.com/~partytown/proxytown
2026-05-20 11:23:02,422 [DEBUG] itemku: 📡 API: https://www.itemku.com/~partytown/proxytown
2026-05-20 11:23:02,430 [DEBUG] itemku: 📡 API: https://www.itemku.com/~partytown/proxytown
2026-05-20 11:23:02,433 [DEBUG] itemku: 📡 API: https://www.itemku.com/~partytown/proxytown
2026-05-20 11:23:02,436 [DEBUG] itemku: 📡 API: https://www.itemku.com/~partytown/proxytown
2026-05-20 11:23:02,439 [DEBUG] itemku: 📡 API: https://www.itemku.com/~partytown/proxytown
2026-05-20 11:23:02,443 [DEBUG] itemku: 📡 API: https://www.itemku.com/~partytown/proxytown
2026-05-20 11:23:02,445 [DEBUG] itemku: 📡 API: https://www.itemku.com/~partytown/proxytown
2026-05-20 11:23:02,449 [DEBUG] itemku: 📡 API: https://www.itemku.com/~partytown/proxytown
2026-05-20 11:23:02,449 [DEBUG] itemku: 📡 API: https://www.itemku.com/~partytown/proxytown
2026-05-20 11:23:02,453 [DEBUG] itemku: 📡 API: https://www.itemku.com/~partytown/proxytown
2026-05-20 11:23:02,457 [DEBUG] itemku: 📡 API: https://www.itemku.com/~partytown/proxytown
2026-05-20 11:23:02,460 [DEBUG] itemku: 📡 API: https://www.itemku.com/~partytown/proxytown
2026-05-20 11:23:03,993 [DEBUG] itemku: 📡 API: https://www.itemku.com/~partytown/proxytown
2026-05-20 11:23:04,120 [DEBUG] itemku: 📡 API: https://www.itemku.com/~partytown/proxytown
2026-05-20 11:23:04,122 [DEBUG] itemku: 📡 API: https://www.itemku.com/~partytown/proxytown
2026-05-20 11:23:04,130 [DEBUG] itemku: 📡 API: https://www.itemku.com/~partytown/proxytown
2026-05-20 11:23:04,131 [DEBUG] itemku: 📡 API: https://www.itemku.com/~partytown/proxytown
2026-05-20 11:23:04,139 [DEBUG] itemku: 📡 API: https://www.itemku.com/~partytown/proxytown
2026-05-20 11:23:04,142 [DEBUG] itemku: 📡 API: https://www.itemku.com/~partytown/proxytown
2026-05-20 11:23:04,144 [DEBUG] itemku: 📡 API: https://www.itemku.com/~partytown/proxytown
2026-05-20 11:23:04,145 [DEBUG] itemku: 📡 API: https://www.itemku.com/~partytown/proxytown
2026-05-20 11:23:04,145 [DEBUG] itemku: 📡 API: https://www.itemku.com/~partytown/proxytown
2026-05-20 11:23:04,148 [DEBUG] itemku: 📡 API: https://www.itemku.com/~partytown/proxytown
2026-05-20 11:23:04,154 [DEBUG] itemku: 📡 API: https://www.itemku.com/~partytown/proxytown
2026-05-20 11:23:04,162 [DEBUG] itemku: 📡 API: https://www.itemku.com/~partytown/proxytown
2026-05-20 11:23:04,162 [DEBUG] itemku: 📡 API: https://www.itemku.com/~partytown/proxytown
2026-05-20 11:23:04,169 [DEBUG] itemku: 📡 API: https://www.itemku.com/~partytown/proxytown
2026-05-20 11:23:04,171 [DEBUG] itemku: 📡 API: https://www.itemku.com/~partytown/proxytown
2026-05-20 11:23:04,176 [DEBUG] itemku: 📡 API: https://www.itemku.com/~partytown/proxytown
2026-05-20 11:23:04,176 [DEBUG] itemku: 📡 API: https://www.itemku.com/~partytown/proxytown
2026-05-20 11:23:04,190 [DEBUG] itemku: 📡 API: https://www.itemku.com/~partytown/proxytown
2026-05-20 11:23:04,191 [DEBUG] itemku: 📡 API: https://www.itemku.com/~partytown/proxytown
2026-05-20 11:23:04,195 [DEBUG] itemku: 📡 API: https://www.itemku.com/~partytown/proxytown
2026-05-20 11:23:04,205 [DEBUG] itemku: 📡 API: https://www.itemku.com/~partytown/proxytown
2026-05-20 11:23:04,205 [DEBUG] itemku: 📡 API: https://www.itemku.com/~partytown/proxytown
2026-05-20 11:23:04,209 [DEBUG] itemku: 📡 API: https://www.itemku.com/~partytown/proxytown
2026-05-20 11:23:04,210 [DEBUG] itemku: 📡 API: https://www.itemku.com/~partytown/proxytown
2026-05-20 11:23:04,215 [DEBUG] itemku: 📡 API: https://www.itemku.com/~partytown/proxytown
2026-05-20 11:23:04,221 [DEBUG] itemku: 📡 API: https://www.itemku.com/~partytown/proxytown
2026-05-20 11:23:04,228 [DEBUG] itemku: 📡 API: https://www.itemku.com/~partytown/proxytown
2026-05-20 11:23:04,228 [DEBUG] itemku: 📡 API: https://www.itemku.com/~partytown/proxytown
2026-05-20 11:23:04,232 [DEBUG] itemku: 📡 API: https://www.itemku.com/~partytown/proxytown
2026-05-20 11:23:04,240 [DEBUG] itemku: 📡 API: https://www.itemku.com/~partytown/proxytown
2026-05-20 11:23:04,244 [DEBUG] itemku: 📡 API: https://www.itemku.com/~partytown/proxytown
2026-05-20 11:23:04,244 [DEBUG] itemku: 📡 API: https://www.itemku.com/~partytown/proxytown
2026-05-20 11:23:04,248 [DEBUG] itemku: 📡 API: https://www.itemku.com/~partytown/proxytown
2026-05-20 11:23:04,255 [DEBUG] itemku: 📡 API: https://www.itemku.com/~partytown/proxytown
2026-05-20 11:23:04,260 [DEBUG] itemku: 📡 API: https://www.itemku.com/~partytown/proxytown
2026-05-20 11:23:04,261 [DEBUG] itemku: 📡 API: https://www.itemku.com/~partytown/proxytown
2026-05-20 11:23:04,266 [DEBUG] itemku: 📡 API: https://www.itemku.com/~partytown/proxytown
2026-05-20 11:23:04,273 [DEBUG] itemku: 📡 API: https://www.itemku.com/~partytown/proxytown
2026-05-20 11:23:04,273 [DEBUG] itemku: 📡 API: https://www.itemku.com/~partytown/proxytown
2026-05-20 11:23:04,276 [DEBUG] itemku: 📡 API: https://www.itemku.com/~partytown/proxytown
2026-05-20 11:23:04,281 [DEBUG] itemku: 📡 API: https://www.itemku.com/~partytown/proxytown
2026-05-20 11:23:04,284 [DEBUG] itemku: 📡 API: https://www.itemku.com/~partytown/proxytown
2026-05-20 11:23:04,289 [DEBUG] itemku: 📡 API: https://www.itemku.com/~partytown/proxytown
2026-05-20 11:23:04,293 [DEBUG] itemku: 📡 API: https://www.itemku.com/~partytown/proxytown
2026-05-20 11:23:04,296 [DEBUG] itemku: 📡 API: https://www.itemku.com/~partytown/proxytown
2026-05-20 11:23:04,302 [DEBUG] itemku: 📡 API: https://www.itemku.com/~partytown/proxytown
2026-05-20 11:23:04,307 [DEBUG] itemku: 📡 API: https://www.itemku.com/~partytown/proxytown
2026-05-20 11:23:04,307 [DEBUG] itemku: 📡 API: https://www.itemku.com/~partytown/proxytown
2026-05-20 11:23:04,311 [DEBUG] itemku: 📡 API: https://www.itemku.com/~partytown/proxytown
2026-05-20 11:23:04,316 [DEBUG] itemku: 📡 API: https://www.itemku.com/~partytown/proxytown
2026-05-20 11:23:04,320 [DEBUG] itemku: 📡 API: https://www.itemku.com/~partytown/proxytown
2026-05-20 11:23:04,324 [DEBUG] itemku: 📡 API: https://www.itemku.com/~partytown/proxytown
2026-05-20 11:23:04,327 [DEBUG] itemku: 📡 API: https://www.itemku.com/~partytown/proxytown
2026-05-20 11:23:04,331 [DEBUG] itemku: 📡 API: https://www.itemku.com/~partytown/proxytown
2026-05-20 11:23:04,337 [DEBUG] itemku: 📡 API: https://www.itemku.com/~partytown/proxytown
2026-05-20 11:23:04,338 [DEBUG] itemku: 📡 API: https://www.itemku.com/~partytown/proxytown
2026-05-20 11:23:06,149 [DEBUG] itemku: 📡 API: https://www.itemku.com/~partytown/proxytown
2026-05-20 11:23:06,160 [DEBUG] itemku: 📡 API: https://www.itemku.com/~partytown/proxytown
2026-05-20 11:23:06,171 [DEBUG] itemku: 📡 API: https://www.itemku.com/~partytown/proxytown
2026-05-20 11:23:06,186 [DEBUG] itemku: 📡 API: https://www.itemku.com/~partytown/proxytown
2026-05-20 11:23:06,186 [DEBUG] itemku: 📡 API: https://www.itemku.com/~partytown/proxytown
2026-05-20 11:23:06,189 [DEBUG] itemku: 📡 API: https://www.itemku.com/~partytown/proxytown
2026-05-20 11:23:06,197 [DEBUG] itemku: 📡 API: https://www.itemku.com/~partytown/proxytown
2026-05-20 11:23:06,206 [DEBUG] itemku: 📡 API: https://www.itemku.com/~partytown/proxytown
2026-05-20 11:23:06,212 [DEBUG] itemku: 📡 API: https://www.itemku.com/~partytown/proxytown
2026-05-20 11:23:06,213 [DEBUG] itemku: 📡 API: https://www.itemku.com/~partytown/proxytown
2026-05-20 11:23:06,217 [DEBUG] itemku: 📡 API: https://www.itemku.com/~partytown/proxytown
2026-05-20 11:23:06,217 [DEBUG] itemku: 📡 API: https://www.itemku.com/~partytown/proxytown
2026-05-20 11:23:06,221 [DEBUG] itemku: 📡 API: https://www.itemku.com/~partytown/proxytown
2026-05-20 11:23:06,233 [DEBUG] itemku: 📡 API: https://www.itemku.com/~partytown/proxytown
2026-05-20 11:23:06,241 [DEBUG] itemku: 📡 API: https://www.itemku.com/~partytown/proxytown
2026-05-20 11:23:06,245 [DEBUG] itemku: 📡 API: https://www.itemku.com/~partytown/proxytown
2026-05-20 11:23:06,245 [DEBUG] itemku: 📡 API: https://www.itemku.com/~partytown/proxytown
2026-05-20 11:23:06,245 [DEBUG] itemku: 📡 API: https://www.itemku.com/~partytown/proxytown
2026-05-20 11:23:06,249 [DEBUG] itemku: 📡 API: https://www.itemku.com/~partytown/proxytown
2026-05-20 11:23:06,249 [DEBUG] itemku: 📡 API: https://www.itemku.com/~partytown/proxytown
2026-05-20 11:23:06,254 [DEBUG] itemku: 📡 API: https://www.itemku.com/~partytown/proxytown
2026-05-20 11:23:06,262 [DEBUG] itemku: 📡 API: https://www.itemku.com/~partytown/proxytown
2026-05-20 11:23:06,262 [DEBUG] itemku: 📡 API: https://www.itemku.com/~partytown/proxytown
2026-05-20 11:23:06,267 [DEBUG] itemku: 📡 API: https://www.itemku.com/~partytown/proxytown
2026-05-20 11:23:06,274 [DEBUG] itemku: 📡 API: https://www.itemku.com/~partytown/proxytown
2026-05-20 11:23:06,274 [DEBUG] itemku: 📡 API: https://www.itemku.com/~partytown/proxytown
2026-05-20 11:23:06,280 [DEBUG] itemku: 📡 API: https://www.itemku.com/~partytown/proxytown
2026-05-20 11:23:06,283 [DEBUG] itemku: 📡 API: https://www.itemku.com/~partytown/proxytown
2026-05-20 11:23:06,287 [DEBUG] itemku: 📡 API: https://www.itemku.com/~partytown/proxytown
2026-05-20 11:23:06,287 [DEBUG] itemku: 📡 API: https://www.itemku.com/~partytown/proxytown
2026-05-20 11:23:06,290 [DEBUG] itemku: 📡 API: https://www.itemku.com/~partytown/proxytown
2026-05-20 11:23:06,294 [DEBUG] itemku: 📡 API: https://www.itemku.com/~partytown/proxytown
2026-05-20 11:23:06,301 [DEBUG] itemku: 📡 API: https://www.itemku.com/~partytown/proxytown
2026-05-20 11:23:06,308 [DEBUG] itemku: 📡 API: https://www.itemku.com/~partytown/proxytown
2026-05-20 11:23:06,314 [DEBUG] itemku: 📡 API: https://www.itemku.com/~partytown/proxytown
2026-05-20 11:23:06,315 [DEBUG] itemku: 📡 API: https://www.itemku.com/~partytown/proxytown
2026-05-20 11:23:06,322 [DEBUG] itemku: 📡 API: https://www.itemku.com/~partytown/proxytown
2026-05-20 11:23:06,326 [DEBUG] itemku: 📡 API: https://www.itemku.com/~partytown/proxytown
2026-05-20 11:23:06,328 [DEBUG] itemku: 📡 API: https://www.itemku.com/~partytown/proxytown
2026-05-20 11:23:06,331 [DEBUG] itemku: 📡 API: https://www.itemku.com/~partytown/proxytown
2026-05-20 11:23:06,332 [DEBUG] itemku: 📡 API: https://www.itemku.com/~partytown/proxytown
2026-05-20 11:23:06,337 [DEBUG] itemku: 📡 API: https://www.itemku.com/~partytown/proxytown
2026-05-20 11:23:06,345 [DEBUG] itemku: 📡 API: https://www.itemku.com/~partytown/proxytown
2026-05-20 11:23:06,347 [DEBUG] itemku: 📡 API: https://www.itemku.com/~partytown/proxytown
2026-05-20 11:23:06,350 [DEBUG] itemku: 📡 API: https://www.itemku.com/~partytown/proxytown
2026-05-20 11:23:06,351 [DEBUG] itemku: 📡 API: https://www.itemku.com/~partytown/proxytown
2026-05-20 11:23:06,355 [DEBUG] itemku: 📡 API: https://www.itemku.com/~partytown/proxytown
2026-05-20 11:23:06,361 [DEBUG] itemku: 📡 API: https://www.itemku.com/~partytown/proxytown
2026-05-20 11:23:06,368 [DEBUG] itemku: 📡 API: https://www.itemku.com/~partytown/proxytown
2026-05-20 11:23:06,368 [DEBUG] itemku: 📡 API: https://www.itemku.com/~partytown/proxytown
2026-05-20 11:23:06,375 [DEBUG] itemku: 📡 API: https://www.itemku.com/~partytown/proxytown
2026-05-20 11:23:06,378 [DEBUG] itemku: 📡 API: https://www.itemku.com/~partytown/proxytown
2026-05-20 11:23:06,382 [DEBUG] itemku: 📡 API: https://www.itemku.com/~partytown/proxytown
2026-05-20 11:23:06,382 [DEBUG] itemku: 📡 API: https://www.itemku.com/~partytown/proxytown
2026-05-20 11:23:06,388 [DEBUG] itemku: 📡 API: https://www.itemku.com/~partytown/proxytown
2026-05-20 11:23:06,389 [DEBUG] itemku: 📡 API: https://www.itemku.com/~partytown/proxytown
2026-05-20 11:23:07,171 [DEBUG] itemku: 📡 API: https://www.itemku.com/~partytown/proxytown
2026-05-20 11:23:08,152 [DEBUG] itemku: 📡 API: https://www.itemku.com/~partytown/proxytown
2026-05-20 11:23:08,165 [DEBUG] itemku: 📡 API: https://www.itemku.com/~partytown/proxytown
2026-05-20 11:23:08,180 [DEBUG] itemku: 📡 API: https://www.itemku.com/~partytown/proxytown
2026-05-20 11:23:08,191 [DEBUG] itemku: 📡 API: https://www.itemku.com/~partytown/proxytown
2026-05-20 11:23:08,200 [DEBUG] itemku: 📡 API: https://www.itemku.com/~partytown/proxytown
2026-05-20 11:23:08,231 [DEBUG] itemku: 📡 API: https://www.itemku.com/~partytown/proxytown
2026-05-20 11:23:08,252 [DEBUG] itemku: 📡 API: https://www.itemku.com/~partytown/proxytown
2026-05-20 11:23:08,304 [DEBUG] itemku: 📡 API: https://www.itemku.com/~partytown/proxytown
2026-05-20 11:23:08,314 [DEBUG] itemku: 📡 API: https://www.itemku.com/~partytown/proxytown
2026-05-20 11:23:08,321 [DEBUG] itemku: 📡 API: https://www.itemku.com/~partytown/proxytown
2026-05-20 11:23:08,323 [DEBUG] itemku: 📡 API: https://www.itemku.com/~partytown/proxytown
2026-05-20 11:23:08,328 [DEBUG] itemku: 📡 API: https://www.itemku.com/~partytown/proxytown
2026-05-20 11:23:08,329 [DEBUG] itemku: 📡 API: https://www.itemku.com/~partytown/proxytown
2026-05-20 11:23:08,335 [DEBUG] itemku: 📡 API: https://www.itemku.com/~partytown/proxytown
2026-05-20 11:23:08,338 [DEBUG] itemku: 📡 API: https://www.itemku.com/~partytown/proxytown
2026-05-20 11:23:08,340 [DEBUG] itemku: 📡 API: https://www.itemku.com/~partytown/proxytown
2026-05-20 11:23:08,344 [DEBUG] itemku: 📡 API: https://www.itemku.com/~partytown/proxytown
2026-05-20 11:23:08,344 [DEBUG] itemku: 📡 API: https://www.itemku.com/~partytown/proxytown
2026-05-20 11:23:08,351 [DEBUG] itemku: 📡 API: https://www.itemku.com/~partytown/proxytown
2026-05-20 11:23:08,353 [DEBUG] itemku: 📡 API: https://www.itemku.com/~partytown/proxytown
2026-05-20 11:23:08,359 [DEBUG] itemku: 📡 API: https://www.itemku.com/~partytown/proxytown
2026-05-20 11:23:08,359 [DEBUG] itemku: 📡 API: https://www.itemku.com/~partytown/proxytown
2026-05-20 11:23:08,364 [DEBUG] itemku: 📡 API: https://www.itemku.com/~partytown/proxytown
2026-05-20 11:23:08,369 [DEBUG] itemku: 📡 API: https://www.itemku.com/~partytown/proxytown
2026-05-20 11:23:08,370 [DEBUG] itemku: 📡 API: https://www.itemku.com/~partytown/proxytown
2026-05-20 11:23:08,376 [DEBUG] itemku: 📡 API: https://www.itemku.com/~partytown/proxytown
2026-05-20 11:23:08,380 [DEBUG] itemku: 📡 API: https://www.itemku.com/~partytown/proxytown
2026-05-20 11:23:08,382 [DEBUG] itemku: 📡 API: https://www.itemku.com/~partytown/proxytown
2026-05-20 11:23:08,387 [DEBUG] itemku: 📡 API: https://www.itemku.com/~partytown/proxytown
2026-05-20 11:23:08,387 [DEBUG] itemku: 📡 API: https://www.itemku.com/~partytown/proxytown
2026-05-20 11:23:08,396 [DEBUG] itemku: 📡 API: https://www.itemku.com/~partytown/proxytown
2026-05-20 11:23:08,397 [DEBUG] itemku: 📡 API: https://www.itemku.com/~partytown/proxytown
2026-05-20 11:23:08,401 [DEBUG] itemku: 📡 API: https://www.itemku.com/~partytown/proxytown
2026-05-20 11:23:08,406 [DEBUG] itemku: 📡 API: https://www.itemku.com/~partytown/proxytown
2026-05-20 11:23:08,406 [DEBUG] itemku: 📡 API: https://www.itemku.com/~partytown/proxytown
2026-05-20 11:23:08,411 [DEBUG] itemku: 📡 API: https://www.itemku.com/~partytown/proxytown
2026-05-20 11:23:08,416 [DEBUG] itemku: 📡 API: https://www.itemku.com/~partytown/proxytown
2026-05-20 11:23:08,422 [DEBUG] itemku: 📡 API: https://www.itemku.com/~partytown/proxytown
2026-05-20 11:23:08,430 [DEBUG] itemku: 📡 API: https://www.itemku.com/~partytown/proxytown
2026-05-20 11:23:08,430 [DEBUG] itemku: 📡 API: https://www.itemku.com/~partytown/proxytown
2026-05-20 11:23:08,438 [DEBUG] itemku: 📡 API: https://www.itemku.com/~partytown/proxytown
2026-05-20 11:23:08,438 [DEBUG] itemku: 📡 API: https://www.itemku.com/~partytown/proxytown
2026-05-20 11:23:08,445 [DEBUG] itemku: 📡 API: https://www.itemku.com/~partytown/proxytown
2026-05-20 11:23:08,445 [DEBUG] itemku: 📡 API: https://www.itemku.com/~partytown/proxytown
2026-05-20 11:23:08,451 [DEBUG] itemku: 📡 API: https://www.itemku.com/~partytown/proxytown
2026-05-20 11:23:08,455 [DEBUG] itemku: 📡 API: https://www.itemku.com/~partytown/proxytown
2026-05-20 11:23:08,461 [DEBUG] itemku: 📡 API: https://www.itemku.com/~partytown/proxytown
2026-05-20 11:23:08,467 [DEBUG] itemku: 📡 API: https://www.itemku.com/~partytown/proxytown
2026-05-20 11:23:08,473 [DEBUG] itemku: 📡 API: https://www.itemku.com/~partytown/proxytown
2026-05-20 11:23:08,473 [DEBUG] itemku: 📡 API: https://www.itemku.com/~partytown/proxytown
2026-05-20 11:23:08,478 [DEBUG] itemku: 📡 API: https://www.itemku.com/~partytown/proxytown
2026-05-20 11:23:08,483 [DEBUG] itemku: 📡 API: https://www.itemku.com/~partytown/proxytown
2026-05-20 11:23:08,486 [DEBUG] itemku: 📡 API: https://www.itemku.com/~partytown/proxytown
2026-05-20 11:23:08,491 [DEBUG] itemku: 📡 API: https://www.itemku.com/~partytown/proxytown
2026-05-20 11:23:08,497 [DEBUG] itemku: 📡 API: https://www.itemku.com/~partytown/proxytown
2026-05-20 11:23:08,498 [DEBUG] itemku: 📡 API: https://www.itemku.com/~partytown/proxytown
2026-05-20 11:23:40,321 [INFO] itemku: 💾 Simpan debug...
2026-05-20 11:23:40,632 [DEBUG] itemku: 📡 API: https://www.itemku.com/~partytown/proxytown
2026-05-20 11:23:41,444 [INFO] itemku: 📸 Screenshot tersimpan
2026-05-20 11:23:41,444 [INFO] itemku: 📡 API tertangkap: 584
2026-05-20 11:23:41,445 [INFO] itemku: ✅ Produk dari API: 13
2026-05-20 11:23:41,492 [INFO] itemku: 📦 Total produk: 13
2026-05-20 11:23:41,493 [DEBUG] itemku: ⏳ Delay 2.4s...
2026-05-20 11:23:43,928 [INFO] itemku: 
============================================================
2026-05-20 11:23:43,929 [INFO] itemku: 📂 KATEGORI: genshin-impact
2026-05-20 11:23:43,929 [INFO] itemku: ============================================================
2026-05-20 11:23:43,929 [INFO] itemku: 🔍 Scrape kategori:
2026-05-20 11:23:43,929 [INFO] itemku:    URL: https://www.itemku.com/c/genshin-impact
2026-05-20 11:23:47,594 [DEBUG] itemku: 📡 API: https://files.itemku.com/language/id.json
2026-05-20 11:23:47,645 [DEBUG] itemku: 📡 API: https://www.itemku.com/~partytown/proxytown
2026-05-20 11:23:47,647 [DEBUG] itemku: 📡 API: https://www.itemku.com/~partytown/proxytown
2026-05-20 11:23:47,652 [DEBUG] itemku: 📡 API: https://www.itemku.com/~partytown/proxytown
2026-05-20 11:23:47,653 [DEBUG] itemku: 📡 API: https://www.itemku.com/~partytown/proxytown
2026-05-20 11:23:47,662 [DEBUG] itemku: 📡 API: https://www.itemku.com/~partytown/proxytown
2026-05-20 11:23:47,666 [DEBUG] itemku: 📡 API: https://www.itemku.com/~partytown/proxytown
2026-05-20 11:23:47,668 [DEBUG] itemku: 📡 API: https://www.itemku.com/~partytown/proxytown
2026-05-20 11:23:47,669 [DEBUG] itemku: 📡 API: https://www.itemku.com/~partytown/proxytown
2026-05-20 11:23:47,670 [DEBUG] itemku: 📡 API: https://www.itemku.com/~partytown/proxytown
2026-05-20 11:23:47,673 [DEBUG] itemku: 📡 API: https://www.itemku.com/~partytown/proxytown
2026-05-20 11:23:47,673 [DEBUG] itemku: 📡 API: https://www.itemku.com/~partytown/proxytown
2026-05-20 11:23:47,673 [DEBUG] itemku: 📡 API: https://www.itemku.com/~partytown/proxytown
2026-05-20 11:23:47,702 [DEBUG] itemku: 📡 API: https://www.itemku.com/~partytown/proxytown
2026-05-20 11:23:47,703 [DEBUG] itemku: 📡 API: https://www.itemku.com/~partytown/proxytown
2026-05-20 11:23:47,713 [DEBUG] itemku: 📡 API: https://www.itemku.com/~partytown/proxytown
2026-05-20 11:23:47,715 [DEBUG] itemku: 📡 API: https://www.itemku.com/~partytown/proxytown
2026-05-20 11:23:47,715 [DEBUG] itemku: 📡 API: https://www.itemku.com/~partytown/proxytown
2026-05-20 11:23:47,716 [DEBUG] itemku: 📡 API: https://www.itemku.com/~partytown/proxytown
2026-05-20 11:23:47,763 [DEBUG] itemku: 📡 API: https://www.itemku.com/~partytown/proxytown
2026-05-20 11:23:47,765 [DEBUG] itemku: 📡 API: https://www.itemku.com/~partytown/proxytown
2026-05-20 11:23:47,768 [DEBUG] itemku: 📡 API: https://www.itemku.com/~partytown/proxytown
2026-05-20 11:23:47,772 [DEBUG] itemku: 📡 API: https://www.itemku.com/~partytown/proxytown
2026-05-20 11:23:47,775 [DEBUG] itemku: 📡 API: https://www.itemku.com/~partytown/proxytown
2026-05-20 11:23:47,775 [DEBUG] itemku: 📡 API: https://www.itemku.com/~partytown/proxytown
2026-05-20 11:23:47,778 [DEBUG] itemku: 📡 API: https://www.itemku.com/~partytown/proxytown
2026-05-20 11:23:47,782 [DEBUG] itemku: 📡 API: https://www.itemku.com/~partytown/proxytown
2026-05-20 11:23:47,782 [DEBUG] itemku: 📡 API: https://www.itemku.com/~partytown/proxytown
2026-05-20 11:23:47,785 [DEBUG] itemku: 📡 API: https://www.itemku.com/~partytown/proxytown
2026-05-20 11:23:47,785 [DEBUG] itemku: 📡 API: https://www.itemku.com/~partytown/proxytown
2026-05-20 11:23:47,787 [DEBUG] itemku: 📡 API: https://www.itemku.com/~partytown/proxytown
2026-05-20 11:23:47,789 [DEBUG] itemku: 📡 API: https://www.itemku.com/~partytown/proxytown
2026-05-20 11:23:47,791 [DEBUG] itemku: 📡 API: https://www.itemku.com/~partytown/proxytown
2026-05-20 11:23:47,793 [DEBUG] itemku: 📡 API: https://www.itemku.com/~partytown/proxytown
2026-05-20 11:23:47,796 [DEBUG] itemku: 📡 API: https://www.itemku.com/~partytown/proxytown
2026-05-20 11:23:47,798 [DEBUG] itemku: 📡 API: https://www.itemku.com/~partytown/proxytown
2026-05-20 11:23:47,803 [DEBUG] itemku: 📡 API: https://www.itemku.com/~partytown/proxytown
2026-05-20 11:23:47,805 [DEBUG] itemku: 📡 API: https://www.itemku.com/~partytown/proxytown
2026-05-20 11:23:47,807 [DEBUG] itemku: 📡 API: https://www.itemku.com/~partytown/proxytown
2026-05-20 11:23:47,811 [DEBUG] itemku: 📡 API: https://www.itemku.com/~partytown/proxytown
2026-05-20 11:23:47,811 [DEBUG] itemku: 📡 API: https://www.itemku.com/~partytown/proxytown
2026-05-20 11:23:47,814 [DEBUG] itemku: 📡 API: https://www.itemku.com/~partytown/proxytown
2026-05-20 11:23:47,817 [DEBUG] itemku: 📡 API: https://www.itemku.com/~partytown/proxytown
2026-05-20 11:23:47,821 [DEBUG] itemku: 📡 API: https://www.itemku.com/~partytown/proxytown
2026-05-20 11:23:47,821 [DEBUG] itemku: 📡 API: https://www.itemku.com/~partytown/proxytown
2026-05-20 11:23:47,824 [DEBUG] itemku: 📡 API: https://www.itemku.com/~partytown/proxytown
2026-05-20 11:23:47,827 [DEBUG] itemku: 📡 API: https://www.itemku.com/~partytown/proxytown
2026-05-20 11:23:47,830 [DEBUG] itemku: 📡 API: https://www.itemku.com/~partytown/proxytown
2026-05-20 11:23:47,830 [DEBUG] itemku: 📡 API: https://www.itemku.com/~partytown/proxytown
2026-05-20 11:23:47,833 [DEBUG] itemku: 📡 API: https://www.itemku.com/~partytown/proxytown
2026-05-20 11:23:47,836 [DEBUG] itemku: 📡 API: https://www.itemku.com/~partytown/proxytown
2026-05-20 11:23:47,838 [DEBUG] itemku: 📡 API: https://www.itemku.com/~partytown/proxytown
2026-05-20 11:23:47,839 [DEBUG] itemku: 📡 API: https://www.itemku.com/~partytown/proxytown
2026-05-20 11:23:47,841 [DEBUG] itemku: 📡 API: https://www.itemku.com/~partytown/proxytown
2026-05-20 11:23:47,843 [DEBUG] itemku: 📡 API: https://www.itemku.com/~partytown/proxytown
2026-05-20 11:23:47,846 [DEBUG] itemku: 📡 API: https://www.itemku.com/~partytown/proxytown
2026-05-20 11:23:47,848 [DEBUG] itemku: 📡 API: https://www.itemku.com/~partytown/proxytown
2026-05-20 11:23:47,851 [DEBUG] itemku: 📡 API: https://www.itemku.com/~partytown/proxytown
2026-05-20 11:23:47,854 [DEBUG] itemku: 📡 API: https://www.itemku.com/~partytown/proxytown
2026-05-20 11:23:47,856 [DEBUG] itemku: 📡 API: https://www.itemku.com/~partytown/proxytown
2026-05-20 11:23:47,858 [DEBUG] itemku: 📡 API: https://www.itemku.com/~partytown/proxytown
2026-05-20 11:23:47,862 [DEBUG] itemku: 📡 API: https://www.itemku.com/~partytown/proxytown
2026-05-20 11:23:47,865 [DEBUG] itemku: 📡 API: https://www.itemku.com/~partytown/proxytown
2026-05-20 11:23:47,869 [DEBUG] itemku: 📡 API: https://www.itemku.com/~partytown/proxytown
2026-05-20 11:23:47,874 [DEBUG] itemku: 📡 API: https://www.itemku.com/~partytown/proxytown
2026-05-20 11:23:47,877 [DEBUG] itemku: 📡 API: https://www.itemku.com/~partytown/proxytown
2026-05-20 11:23:47,879 [DEBUG] itemku: 📡 API: https://www.itemku.com/~partytown/proxytown
2026-05-20 11:23:47,879 [DEBUG] itemku: 📡 API: https://www.itemku.com/~partytown/proxytown
2026-05-20 11:23:47,883 [DEBUG] itemku: 📡 API: https://www.itemku.com/~partytown/proxytown
2026-05-20 11:23:47,887 [DEBUG] itemku: 📡 API: https://www.itemku.com/~partytown/proxytown
2026-05-20 11:23:47,890 [DEBUG] itemku: 📡 API: https://www.itemku.com/~partytown/proxytown
2026-05-20 11:23:47,890 [DEBUG] itemku: 📡 API: https://www.itemku.com/~partytown/proxytown
2026-05-20 11:23:47,893 [DEBUG] itemku: 📡 API: https://www.itemku.com/~partytown/proxytown
2026-05-20 11:23:47,895 [DEBUG] itemku: 📡 API: https://www.itemku.com/~partytown/proxytown
2026-05-20 11:23:47,898 [DEBUG] itemku: 📡 API: https://www.itemku.com/~partytown/proxytown
2026-05-20 11:23:47,898 [DEBUG] itemku: 📡 API: https://www.itemku.com/~partytown/proxytown
2026-05-20 11:23:47,899 [DEBUG] itemku: 📡 API: https://www.itemku.com/~partytown/proxytown
2026-05-20 11:23:47,925 [DEBUG] itemku: 📡 API: https://www.itemku.com/~partytown/proxytown
2026-05-20 11:23:47,926 [DEBUG] itemku: 📡 API: https://www.itemku.com/~partytown/proxytown
2026-05-20 11:23:47,930 [DEBUG] itemku: 📡 API: https://www.itemku.com/~partytown/proxytown
2026-05-20 11:23:47,932 [DEBUG] itemku: 📡 API: https://www.itemku.com/~partytown/proxytown
2026-05-20 11:23:47,934 [DEBUG] itemku: 📡 API: https://www.itemku.com/~partytown/proxytown
2026-05-20 11:23:47,936 [DEBUG] itemku: 📡 API: https://www.itemku.com/~partytown/proxytown
2026-05-20 11:23:47,940 [DEBUG] itemku: 📡 API: https://www.itemku.com/~partytown/proxytown
2026-05-20 11:23:47,941 [DEBUG] itemku: 📡 API: https://www.itemku.com/~partytown/proxytown
2026-05-20 11:23:47,944 [DEBUG] itemku: 📡 API: https://www.itemku.com/~partytown/proxytown
2026-05-20 11:23:47,946 [DEBUG] itemku: 📡 API: https://www.itemku.com/~partytown/proxytown
2026-05-20 11:23:47,948 [DEBUG] itemku: 📡 API: https://www.itemku.com/~partytown/proxytown
2026-05-20 11:23:47,951 [DEBUG] itemku: 📡 API: https://www.itemku.com/~partytown/proxytown
2026-05-20 11:23:47,954 [DEBUG] itemku: 📡 API: https://www.itemku.com/~partytown/proxytown
2026-05-20 11:23:47,956 [DEBUG] itemku: 📡 API: https://www.itemku.com/~partytown/proxytown
2026-05-20 11:23:47,959 [DEBUG] itemku: 📡 API: https://www.itemku.com/~partytown/proxytown
2026-05-20 11:23:47,961 [DEBUG] itemku: 📡 API: https://www.itemku.com/~partytown/proxytown
2026-05-20 11:23:47,963 [DEBUG] itemku: 📡 API: https://www.itemku.com/~partytown/proxytown
2026-05-20 11:23:47,965 [DEBUG] itemku: 📡 API: https://www.itemku.com/~partytown/proxytown
2026-05-20 11:23:47,967 [DEBUG] itemku: 📡 API: https://www.itemku.com/~partytown/proxytown
2026-05-20 11:23:47,969 [DEBUG] itemku: 📡 API: https://www.itemku.com/~partytown/proxytown
2026-05-20 11:23:47,972 [DEBUG] itemku: 📡 API: https://www.itemku.com/~partytown/proxytown
2026-05-20 11:23:47,974 [DEBUG] itemku: 📡 API: https://www.itemku.com/~partytown/proxytown
2026-05-20 11:23:47,976 [DEBUG] itemku: 📡 API: https://www.itemku.com/~partytown/proxytown
2026-05-20 11:23:47,978 [DEBUG] itemku: 📡 API: https://www.itemku.com/~partytown/proxytown
2026-05-20 11:23:47,980 [DEBUG] itemku: 📡 API: https://www.itemku.com/~partytown/proxytown
2026-05-20 11:23:47,982 [DEBUG] itemku: 📡 API: https://www.itemku.com/~partytown/proxytown
2026-05-20 11:23:47,984 [DEBUG] itemku: 📡 API: https://www.itemku.com/~partytown/proxytown
2026-05-20 11:23:47,986 [DEBUG] itemku: 📡 API: https://www.itemku.com/~partytown/proxytown
2026-05-20 11:23:47,988 [DEBUG] itemku: 📡 API: https://www.itemku.com/~partytown/proxytown
2026-05-20 11:23:47,991 [DEBUG] itemku: 📡 API: https://www.itemku.com/~partytown/proxytown
2026-05-20 11:23:47,993 [DEBUG] itemku: 📡 API: https://www.itemku.com/~partytown/proxytown
2026-05-20 11:23:47,995 [DEBUG] itemku: 📡 API: https://www.itemku.com/~partytown/proxytown
2026-05-20 11:23:47,997 [DEBUG] itemku: 📡 API: https://www.itemku.com/~partytown/proxytown
2026-05-20 11:23:47,999 [DEBUG] itemku: 📡 API: https://www.itemku.com/~partytown/proxytown
2026-05-20 11:23:48,001 [DEBUG] itemku: 📡 API: https://www.itemku.com/~partytown/proxytown
2026-05-20 11:23:48,003 [DEBUG] itemku: 📡 API: https://www.itemku.com/~partytown/proxytown
2026-05-20 11:23:48,005 [DEBUG] itemku: 📡 API: https://www.itemku.com/~partytown/proxytown
2026-05-20 11:23:48,007 [DEBUG] itemku: 📡 API: https://www.itemku.com/~partytown/proxytown
2026-05-20 11:23:48,009 [DEBUG] itemku: 📡 API: https://www.itemku.com/~partytown/proxytown
2026-05-20 11:23:48,011 [DEBUG] itemku: 📡 API: https://www.itemku.com/~partytown/proxytown
2026-05-20 11:23:48,013 [DEBUG] itemku: 📡 API: https://www.itemku.com/~partytown/proxytown
2026-05-20 11:23:48,016 [DEBUG] itemku: 📡 API: https://www.itemku.com/~partytown/proxytown
2026-05-20 11:23:48,018 [DEBUG] itemku: 📡 API: https://www.itemku.com/~partytown/proxytown
2026-05-20 11:23:48,021 [DEBUG] itemku: 📡 API: https://www.itemku.com/~partytown/proxytown
2026-05-20 11:23:48,024 [DEBUG] itemku: 📡 API: https://www.itemku.com/~partytown/proxytown
2026-05-20 11:23:48,024 [DEBUG] itemku: 📡 API: https://www.itemku.com/~partytown/proxytown
2026-05-20 11:23:48,026 [DEBUG] itemku: 📡 API: https://www.itemku.com/~partytown/proxytown
2026-05-20 11:23:48,028 [DEBUG] itemku: 📡 API: https://www.itemku.com/~partytown/proxytown
2026-05-20 11:23:48,030 [DEBUG] itemku: 📡 API: https://www.itemku.com/~partytown/proxytown
2026-05-20 11:23:48,032 [DEBUG] itemku: 📡 API: https://www.itemku.com/~partytown/proxytown
2026-05-20 11:23:48,035 [DEBUG] itemku: 📡 API: https://www.itemku.com/~partytown/proxytown
2026-05-20 11:23:48,038 [DEBUG] itemku: 📡 API: https://www.itemku.com/~partytown/proxytown
2026-05-20 11:23:48,039 [DEBUG] itemku: 📡 API: https://www.itemku.com/~partytown/proxytown
2026-05-20 11:23:48,041 [DEBUG] itemku: 📡 API: https://www.itemku.com/~partytown/proxytown
2026-05-20 11:23:48,043 [DEBUG] itemku: 📡 API: https://www.itemku.com/~partytown/proxytown
2026-05-20 11:23:48,047 [DEBUG] itemku: 📡 API: https://www.itemku.com/~partytown/proxytown
2026-05-20 11:23:48,047 [DEBUG] itemku: 📡 API: https://www.itemku.com/~partytown/proxytown
2026-05-20 11:23:48,049 [DEBUG] itemku: 📡 API: https://www.itemku.com/~partytown/proxytown
2026-05-20 11:23:48,052 [DEBUG] itemku: 📡 API: https://www.itemku.com/~partytown/proxytown
2026-05-20 11:23:48,056 [DEBUG] itemku: 📡 API: https://www.itemku.com/~partytown/proxytown
2026-05-20 11:23:48,058 [DEBUG] itemku: 📡 API: https://www.itemku.com/~partytown/proxytown
2026-05-20 11:23:48,061 [DEBUG] itemku: 📡 API: https://www.itemku.com/~partytown/proxytown
2026-05-20 11:23:48,063 [DEBUG] itemku: 📡 API: https://www.itemku.com/~partytown/proxytown
2026-05-20 11:23:48,065 [DEBUG] itemku: 📡 API: https://www.itemku.com/~partytown/proxytown
2026-05-20 11:23:48,067 [DEBUG] itemku: 📡 API: https://www.itemku.com/~partytown/proxytown
2026-05-20 11:23:48,070 [DEBUG] itemku: 📡 API: https://www.itemku.com/~partytown/proxytown
2026-05-20 11:23:48,072 [DEBUG] itemku: 📡 API: https://www.itemku.com/~partytown/proxytown
2026-05-20 11:23:48,074 [DEBUG] itemku: 📡 API: https://www.itemku.com/~partytown/proxytown
2026-05-20 11:23:48,076 [DEBUG] itemku: 📡 API: https://www.itemku.com/~partytown/proxytown
2026-05-20 11:23:48,079 [DEBUG] itemku: 📡 API: https://www.itemku.com/~partytown/proxytown
2026-05-20 11:23:48,081 [DEBUG] itemku: 📡 API: https://www.itemku.com/~partytown/proxytown
2026-05-20 11:23:48,085 [DEBUG] itemku: 📡 API: https://www.itemku.com/~partytown/proxytown
2026-05-20 11:23:48,086 [DEBUG] itemku: 📡 API: https://www.itemku.com/~partytown/proxytown
2026-05-20 11:23:48,089 [DEBUG] itemku: 📡 API: https://www.itemku.com/~partytown/proxytown
2026-05-20 11:23:48,090 [DEBUG] itemku: 📡 API: https://www.itemku.com/~partytown/proxytown
2026-05-20 11:23:48,092 [DEBUG] itemku: 📡 API: https://www.itemku.com/~partytown/proxytown
2026-05-20 11:23:48,094 [DEBUG] itemku: 📡 API: https://www.itemku.com/~partytown/proxytown
2026-05-20 11:23:48,097 [DEBUG] itemku: 📡 API: https://www.itemku.com/~partytown/proxytown
2026-05-20 11:23:48,099 [DEBUG] itemku: 📡 API: https://www.itemku.com/~partytown/proxytown
2026-05-20 11:23:48,101 [DEBUG] itemku: 📡 API: https://www.itemku.com/~partytown/proxytown
2026-05-20 11:23:48,104 [DEBUG] itemku: 📡 API: https://www.itemku.com/~partytown/proxytown
2026-05-20 11:23:48,106 [DEBUG] itemku: 📡 API: https://www.itemku.com/~partytown/proxytown
2026-05-20 11:23:48,108 [DEBUG] itemku: 📡 API: https://www.itemku.com/~partytown/proxytown
2026-05-20 11:23:48,111 [DEBUG] itemku: 📡 API: https://www.itemku.com/~partytown/proxytown
2026-05-20 11:23:48,113 [DEBUG] itemku: 📡 API: https://www.itemku.com/~partytown/proxytown
2026-05-20 11:23:48,115 [DEBUG] itemku: 📡 API: https://www.itemku.com/~partytown/proxytown
2026-05-20 11:23:48,117 [DEBUG] itemku: 📡 API: https://www.itemku.com/~partytown/proxytown
2026-05-20 11:23:48,120 [DEBUG] itemku: 📡 API: https://www.itemku.com/~partytown/proxytown
2026-05-20 11:23:48,124 [DEBUG] itemku: 📡 API: https://www.itemku.com/~partytown/proxytown
2026-05-20 11:23:48,124 [DEBUG] itemku: 📡 API: https://www.itemku.com/~partytown/proxytown
2026-05-20 11:23:48,127 [DEBUG] itemku: 📡 API: https://www.itemku.com/~partytown/proxytown
2026-05-20 11:23:48,129 [DEBUG] itemku: 📡 API: https://www.itemku.com/~partytown/proxytown
2026-05-20 11:23:48,141 [DEBUG] itemku: 📡 API: https://www.itemku.com/~partytown/proxytown
2026-05-20 11:23:48,144 [DEBUG] itemku: 📡 API: https://www.itemku.com/~partytown/proxytown
2026-05-20 11:23:48,144 [DEBUG] itemku: 📡 API: https://www.itemku.com/~partytown/proxytown
2026-05-20 11:23:48,153 [DEBUG] itemku: 📡 API: https://www.itemku.com/~partytown/proxytown
2026-05-20 11:23:48,155 [DEBUG] itemku: 📡 API: https://www.itemku.com/~partytown/proxytown
2026-05-20 11:23:48,157 [DEBUG] itemku: 📡 API: https://www.itemku.com/~partytown/proxytown
2026-05-20 11:23:48,159 [DEBUG] itemku: 📡 API: https://www.itemku.com/~partytown/proxytown
2026-05-20 11:23:48,162 [DEBUG] itemku: 📡 API: https://www.itemku.com/~partytown/proxytown
2026-05-20 11:23:48,164 [DEBUG] itemku: 📡 API: https://www.itemku.com/~partytown/proxytown
2026-05-20 11:23:48,166 [DEBUG] itemku: 📡 API: https://www.itemku.com/~partytown/proxytown
2026-05-20 11:23:48,170 [DEBUG] itemku: 📡 API: https://www.itemku.com/~partytown/proxytown
2026-05-20 11:23:48,170 [DEBUG] itemku: 📡 API: https://www.itemku.com/~partytown/proxytown
2026-05-20 11:23:48,172 [DEBUG] itemku: 📡 API: https://www.itemku.com/~partytown/proxytown
2026-05-20 11:23:48,174 [DEBUG] itemku: 📡 API: https://www.itemku.com/~partytown/proxytown
2026-05-20 11:23:48,176 [DEBUG] itemku: 📡 API: https://www.itemku.com/~partytown/proxytown
2026-05-20 11:23:48,179 [DEBUG] itemku: 📡 API: https://www.itemku.com/~partytown/proxytown
2026-05-20 11:23:48,181 [DEBUG] itemku: 📡 API: https://www.itemku.com/~partytown/proxytown
2026-05-20 11:23:48,181 [DEBUG] itemku: 📡 API: https://www.itemku.com/~partytown/proxytown
2026-05-20 11:23:48,183 [DEBUG] itemku: 📡 API: https://www.itemku.com/~partytown/proxytown
2026-05-20 11:23:48,185 [DEBUG] itemku: 📡 API: https://www.itemku.com/~partytown/proxytown
2026-05-20 11:23:48,189 [DEBUG] itemku: 📡 API: https://www.itemku.com/~partytown/proxytown
2026-05-20 11:23:48,189 [DEBUG] itemku: 📡 API: https://www.itemku.com/~partytown/proxytown
2026-05-20 11:23:48,192 [DEBUG] itemku: 📡 API: https://www.itemku.com/~partytown/proxytown
2026-05-20 11:23:48,194 [DEBUG] itemku: 📡 API: https://www.itemku.com/~partytown/proxytown
2026-05-20 11:23:48,196 [DEBUG] itemku: 📡 API: https://www.itemku.com/~partytown/proxytown
2026-05-20 11:23:48,197 [DEBUG] itemku: 📡 API: https://www.itemku.com/~partytown/proxytown
2026-05-20 11:23:48,199 [DEBUG] itemku: 📡 API: https://www.itemku.com/~partytown/proxytown
2026-05-20 11:23:48,199 [DEBUG] itemku: 📡 API: https://www.itemku.com/~partytown/proxytown
2026-05-20 11:23:48,201 [DEBUG] itemku: 📡 API: https://www.itemku.com/~partytown/proxytown
2026-05-20 11:23:48,205 [DEBUG] itemku: 📡 API: https://www.itemku.com/~partytown/proxytown
2026-05-20 11:23:48,205 [DEBUG] itemku: 📡 API: https://www.itemku.com/~partytown/proxytown
2026-05-20 11:23:48,209 [DEBUG] itemku: 📡 API: https://www.itemku.com/~partytown/proxytown
2026-05-20 11:23:48,210 [DEBUG] itemku: 📡 API: https://www.itemku.com/~partytown/proxytown
2026-05-20 11:23:48,211 [DEBUG] itemku: 📡 API: https://www.itemku.com/~partytown/proxytown
2026-05-20 11:23:48,212 [DEBUG] itemku: 📡 API: https://www.itemku.com/~partytown/proxytown
2026-05-20 11:23:48,214 [DEBUG] itemku: 📡 API: https://www.itemku.com/~partytown/proxytown
2026-05-20 11:23:48,216 [DEBUG] itemku: 📡 API: https://www.itemku.com/~partytown/proxytown
2026-05-20 11:23:48,218 [DEBUG] itemku: 📡 API: https://www.itemku.com/~partytown/proxytown
2026-05-20 11:23:48,221 [DEBUG] itemku: 📡 API: https://www.itemku.com/~partytown/proxytown
2026-05-20 11:23:48,222 [DEBUG] itemku: 📡 API: https://www.itemku.com/~partytown/proxytown
2026-05-20 11:23:48,223 [DEBUG] itemku: 📡 API: https://www.itemku.com/~partytown/proxytown
2026-05-20 11:23:48,227 [DEBUG] itemku: 📡 API: https://www.itemku.com/~partytown/proxytown
2026-05-20 11:23:48,229 [DEBUG] itemku: 📡 API: https://www.itemku.com/~partytown/proxytown
2026-05-20 11:23:48,229 [DEBUG] itemku: 📡 API: https://www.itemku.com/~partytown/proxytown
2026-05-20 11:23:48,231 [DEBUG] itemku: 📡 API: https://www.itemku.com/~partytown/proxytown
2026-05-20 11:23:48,233 [DEBUG] itemku: 📡 API: https://www.itemku.com/~partytown/proxytown
2026-05-20 11:23:48,237 [DEBUG] itemku: 📡 API: https://www.itemku.com/~partytown/proxytown
2026-05-20 11:23:48,237 [DEBUG] itemku: 📡 API: https://www.itemku.com/~partytown/proxytown
2026-05-20 11:23:48,239 [DEBUG] itemku: 📡 API: https://www.itemku.com/~partytown/proxytown
2026-05-20 11:23:48,241 [DEBUG] itemku: 📡 API: https://www.itemku.com/~partytown/proxytown
2026-05-20 11:23:48,243 [DEBUG] itemku: 📡 API: https://www.itemku.com/~partytown/proxytown
2026-05-20 11:23:48,246 [DEBUG] itemku: 📡 API: https://www.itemku.com/~partytown/proxytown
2026-05-20 11:23:48,248 [DEBUG] itemku: 📡 API: https://www.itemku.com/~partytown/proxytown
2026-05-20 11:23:48,251 [DEBUG] itemku: 📡 API: https://www.itemku.com/~partytown/proxytown
2026-05-20 11:23:48,253 [DEBUG] itemku: 📡 API: https://www.itemku.com/~partytown/proxytown
2026-05-20 11:23:48,253 [DEBUG] itemku: 📡 API: https://www.itemku.com/~partytown/proxytown
2026-05-20 11:23:48,254 [DEBUG] itemku: 📡 API: https://www.itemku.com/~partytown/proxytown
2026-05-20 11:23:48,256 [DEBUG] itemku: 📡 API: https://www.itemku.com/~partytown/proxytown
2026-05-20 11:23:48,258 [DEBUG] itemku: 📡 API: https://www.itemku.com/~partytown/proxytown
2026-05-20 11:23:48,261 [DEBUG] itemku: 📡 API: https://www.itemku.com/~partytown/proxytown
2026-05-20 11:23:49,216 [DEBUG] itemku: 📡 API: https://www.itemku.com/_next/data/ox5kkx6ecmuea2igmr6vx/c/tipe-produk.json
2026-05-20 11:23:52,292 [DEBUG] itemku: 📡 API: https://api-gateway.itemku.com/v1/user-location
2026-05-20 11:23:53,626 [DEBUG] itemku: 📡 API: https://www.itemku.com/~partytown/proxytown
2026-05-20 11:23:53,627 [DEBUG] itemku: 📡 API: https://www.itemku.com/~partytown/proxytown
2026-05-20 11:23:53,629 [DEBUG] itemku: 📡 API: https://www.itemku.com/~partytown/proxytown
2026-05-20 11:23:53,631 [DEBUG] itemku: 📡 API: https://www.itemku.com/~partytown/proxytown
2026-05-20 11:23:53,633 [DEBUG] itemku: 📡 API: https://www.itemku.com/~partytown/proxytown
2026-05-20 11:23:53,635 [DEBUG] itemku: 📡 API: https://www.itemku.com/~partytown/proxytown
2026-05-20 11:23:53,637 [DEBUG] itemku: 📡 API: https://www.itemku.com/~partytown/proxytown
2026-05-20 11:23:53,639 [DEBUG] itemku: 📡 API: https://www.itemku.com/~partytown/proxytown
2026-05-20 11:23:53,642 [DEBUG] itemku: 📡 API: https://www.itemku.com/~partytown/proxytown
2026-05-20 11:23:53,647 [DEBUG] itemku: 📡 API: https://www.itemku.com/~partytown/proxytown
2026-05-20 11:23:53,650 [DEBUG] itemku: 📡 API: https://www.itemku.com/~partytown/proxytown
2026-05-20 11:23:53,650 [DEBUG] itemku: 📡 API: https://www.itemku.com/~partytown/proxytown
2026-05-20 11:23:53,652 [DEBUG] itemku: 📡 API: https://www.itemku.com/~partytown/proxytown
2026-05-20 11:23:53,655 [DEBUG] itemku: 📡 API: https://www.itemku.com/~partytown/proxytown
2026-05-20 11:23:53,657 [DEBUG] itemku: 📡 API: https://www.itemku.com/~partytown/proxytown
2026-05-20 11:23:53,658 [DEBUG] itemku: 📡 API: https://www.itemku.com/~partytown/proxytown
2026-05-20 11:23:53,660 [DEBUG] itemku: 📡 API: https://www.itemku.com/~partytown/proxytown
2026-05-20 11:23:53,663 [DEBUG] itemku: 📡 API: https://www.itemku.com/~partytown/proxytown
2026-05-20 11:23:53,665 [DEBUG] itemku: 📡 API: https://www.itemku.com/~partytown/proxytown
2026-05-20 11:23:53,667 [DEBUG] itemku: 📡 API: https://www.itemku.com/~partytown/proxytown
2026-05-20 11:23:53,670 [DEBUG] itemku: 📡 API: https://www.itemku.com/~partytown/proxytown
2026-05-20 11:23:53,672 [DEBUG] itemku: 📡 API: https://www.itemku.com/~partytown/proxytown
2026-05-20 11:23:53,674 [DEBUG] itemku: 📡 API: https://www.itemku.com/~partytown/proxytown
2026-05-20 11:23:53,676 [DEBUG] itemku: 📡 API: https://www.itemku.com/~partytown/proxytown
2026-05-20 11:23:53,678 [DEBUG] itemku: 📡 API: https://www.itemku.com/~partytown/proxytown
2026-05-20 11:23:53,681 [DEBUG] itemku: 📡 API: https://www.itemku.com/~partytown/proxytown
2026-05-20 11:23:53,683 [DEBUG] itemku: 📡 API: https://www.itemku.com/~partytown/proxytown
2026-05-20 11:23:53,685 [DEBUG] itemku: 📡 API: https://www.itemku.com/~partytown/proxytown
2026-05-20 11:23:53,687 [DEBUG] itemku: 📡 API: https://www.itemku.com/~partytown/proxytown
2026-05-20 11:23:53,689 [DEBUG] itemku: 📡 API: https://www.itemku.com/~partytown/proxytown
2026-05-20 11:23:53,692 [DEBUG] itemku: 📡 API: https://www.itemku.com/~partytown/proxytown
2026-05-20 11:23:53,694 [DEBUG] itemku: 📡 API: https://www.itemku.com/~partytown/proxytown
2026-05-20 11:23:53,695 [DEBUG] itemku: 📡 API: https://www.itemku.com/~partytown/proxytown
2026-05-20 11:23:53,697 [DEBUG] itemku: 📡 API: https://www.itemku.com/~partytown/proxytown
2026-05-20 11:23:53,699 [DEBUG] itemku: 📡 API: https://www.itemku.com/~partytown/proxytown
2026-05-20 11:23:53,701 [DEBUG] itemku: 📡 API: https://www.itemku.com/~partytown/proxytown
2026-05-20 11:23:53,703 [DEBUG] itemku: 📡 API: https://www.itemku.com/~partytown/proxytown
2026-05-20 11:23:53,706 [DEBUG] itemku: 📡 API: https://www.itemku.com/~partytown/proxytown
2026-05-20 11:23:53,708 [DEBUG] itemku: 📡 API: https://www.itemku.com/~partytown/proxytown
2026-05-20 11:23:53,710 [DEBUG] itemku: 📡 API: https://www.itemku.com/~partytown/proxytown
2026-05-20 11:23:53,712 [DEBUG] itemku: 📡 API: https://www.itemku.com/~partytown/proxytown
2026-05-20 11:23:53,714 [DEBUG] itemku: 📡 API: https://www.itemku.com/~partytown/proxytown
2026-05-20 11:23:53,716 [DEBUG] itemku: 📡 API: https://www.itemku.com/~partytown/proxytown
2026-05-20 11:23:53,718 [DEBUG] itemku: 📡 API: https://www.itemku.com/~partytown/proxytown
2026-05-20 11:23:53,720 [DEBUG] itemku: 📡 API: https://www.itemku.com/~partytown/proxytown
2026-05-20 11:23:53,722 [DEBUG] itemku: 📡 API: https://www.itemku.com/~partytown/proxytown
2026-05-20 11:23:53,723 [DEBUG] itemku: 📡 API: https://www.itemku.com/~partytown/proxytown
2026-05-20 11:23:53,725 [DEBUG] itemku: 📡 API: https://www.itemku.com/~partytown/proxytown
2026-05-20 11:23:53,727 [DEBUG] itemku: 📡 API: https://www.itemku.com/~partytown/proxytown
2026-05-20 11:23:53,729 [DEBUG] itemku: 📡 API: https://www.itemku.com/~partytown/proxytown
2026-05-20 11:23:53,731 [DEBUG] itemku: 📡 API: https://www.itemku.com/~partytown/proxytown
2026-05-20 11:23:53,735 [DEBUG] itemku: 📡 API: https://www.itemku.com/~partytown/proxytown
2026-05-20 11:23:53,735 [DEBUG] itemku: 📡 API: https://www.itemku.com/~partytown/proxytown
2026-05-20 11:23:53,738 [DEBUG] itemku: 📡 API: https://www.itemku.com/~partytown/proxytown
2026-05-20 11:23:53,741 [DEBUG] itemku: 📡 API: https://www.itemku.com/~partytown/proxytown
2026-05-20 11:23:53,742 [DEBUG] itemku: 📡 API: https://www.itemku.com/~partytown/proxytown
2026-05-20 11:23:53,744 [DEBUG] itemku: 📡 API: https://www.itemku.com/~partytown/proxytown
2026-05-20 11:23:53,746 [DEBUG] itemku: 📡 API: https://www.itemku.com/~partytown/proxytown
2026-05-20 11:23:53,748 [DEBUG] itemku: 📡 API: https://www.itemku.com/~partytown/proxytown
2026-05-20 11:23:53,749 [DEBUG] itemku: 📡 API: https://www.itemku.com/~partytown/proxytown
2026-05-20 11:23:53,752 [DEBUG] itemku: 📡 API: https://www.itemku.com/~partytown/proxytown
2026-05-20 11:23:53,755 [DEBUG] itemku: 📡 API: https://www.itemku.com/~partytown/proxytown
2026-05-20 11:23:53,755 [DEBUG] itemku: 📡 API: https://www.itemku.com/~partytown/proxytown
2026-05-20 11:23:53,757 [DEBUG] itemku: 📡 API: https://www.itemku.com/~partytown/proxytown
2026-05-20 11:23:53,759 [DEBUG] itemku: 📡 API: https://www.itemku.com/~partytown/proxytown
2026-05-20 11:23:53,761 [DEBUG] itemku: 📡 API: https://www.itemku.com/~partytown/proxytown
2026-05-20 11:23:53,763 [DEBUG] itemku: 📡 API: https://www.itemku.com/~partytown/proxytown
2026-05-20 11:23:53,765 [DEBUG] itemku: 📡 API: https://www.itemku.com/~partytown/proxytown
2026-05-20 11:23:53,768 [DEBUG] itemku: 📡 API: https://www.itemku.com/~partytown/proxytown
2026-05-20 11:23:53,770 [DEBUG] itemku: 📡 API: https://www.itemku.com/~partytown/proxytown
2026-05-20 11:23:53,772 [DEBUG] itemku: 📡 API: https://www.itemku.com/~partytown/proxytown
2026-05-20 11:23:53,774 [DEBUG] itemku: 📡 API: https://www.itemku.com/~partytown/proxytown
2026-05-20 11:23:53,778 [DEBUG] itemku: 📡 API: https://www.itemku.com/~partytown/proxytown
2026-05-20 11:23:53,780 [DEBUG] itemku: 📡 API: https://www.itemku.com/~partytown/proxytown
2026-05-20 11:23:53,782 [DEBUG] itemku: 📡 API: https://www.itemku.com/~partytown/proxytown
2026-05-20 11:23:53,782 [DEBUG] itemku: 📡 API: https://www.itemku.com/~partytown/proxytown
2026-05-20 11:23:53,784 [DEBUG] itemku: 📡 API: https://www.itemku.com/~partytown/proxytown
2026-05-20 11:23:53,786 [DEBUG] itemku: 📡 API: https://www.itemku.com/~partytown/proxytown
2026-05-20 11:23:53,789 [DEBUG] itemku: 📡 API: https://www.itemku.com/~partytown/proxytown
2026-05-20 11:23:53,791 [DEBUG] itemku: 📡 API: https://www.itemku.com/~partytown/proxytown
2026-05-20 11:23:53,794 [DEBUG] itemku: 📡 API: https://www.itemku.com/~partytown/proxytown
2026-05-20 11:23:53,794 [DEBUG] itemku: 📡 API: https://www.itemku.com/~partytown/proxytown
2026-05-20 11:23:53,796 [DEBUG] itemku: 📡 API: https://www.itemku.com/~partytown/proxytown
2026-05-20 11:23:53,798 [DEBUG] itemku: 📡 API: https://www.itemku.com/~partytown/proxytown
2026-05-20 11:23:53,800 [DEBUG] itemku: 📡 API: https://www.itemku.com/~partytown/proxytown
2026-05-20 11:23:53,802 [DEBUG] itemku: 📡 API: https://www.itemku.com/~partytown/proxytown
2026-05-20 11:23:53,804 [DEBUG] itemku: 📡 API: https://www.itemku.com/~partytown/proxytown
2026-05-20 11:23:53,806 [DEBUG] itemku: 📡 API: https://www.itemku.com/~partytown/proxytown
2026-05-20 11:23:53,809 [DEBUG] itemku: 📡 API: https://www.itemku.com/~partytown/proxytown
2026-05-20 11:23:53,810 [DEBUG] itemku: 📡 API: https://www.itemku.com/~partytown/proxytown
2026-05-20 11:23:53,812 [DEBUG] itemku: 📡 API: https://www.itemku.com/~partytown/proxytown
2026-05-20 11:23:53,813 [DEBUG] itemku: 📡 API: https://www.itemku.com/~partytown/proxytown
2026-05-20 11:23:55,813 [DEBUG] itemku: 📡 API: https://files.itemku.com/language/id.json
2026-05-20 11:23:56,393 [DEBUG] itemku: 📡 API: https://api-gateway.itemku.com/v1/expansion-country?sort=sequence
2026-05-20 11:23:56,393 [DEBUG] itemku: 📡 API: https://api-gateway.itemku.com/v1/user-location
2026-05-20 11:23:56,497 [DEBUG] itemku: 📡 API: https://api-gateway.itemku.com/v1/metadata/icon-placeholder-mobile-payment
2026-05-20 11:23:56,896 [DEBUG] itemku: 📡 API: https://api-gateway.itemku.com/v1/currency/detail
2026-05-20 11:23:57,045 [DEBUG] itemku: 📡 API: https://api-gateway.itemku.com/v1/product/game-category-popular?per_page=50&is_exclude_empty_game_category_lists=1&country_codes[]=id&type=1&usecache=false&is_category_v2=true&is_exclusive=false
2026-05-20 11:23:57,051 [DEBUG] itemku: 📡 API: https://api-gateway.itemku.com/v1/product/game-list?per_page=5&sort=latest&country_codes[]=id&utm_src=csr_c2c&is_exclusive=false
2026-05-20 11:24:04,441 [INFO] itemku: 📜 Scroll halaman...
2026-05-20 11:24:22,625 [DEBUG] itemku: 📡 API: https://script.crazyegg.com/pages/data-scripts/0113/7987/site/www.itemku.com.json?t=1
2026-05-20 11:24:23,119 [DEBUG] itemku: 📡 API: https://script.crazyegg.com/pages/data-scripts/0113/7987/sampling/www.itemku.com.json?t=1
2026-05-20 11:24:44,907 [INFO] itemku: 💾 Simpan debug...
2026-05-20 11:24:45,796 [INFO] itemku: 📸 Screenshot tersimpan
2026-05-20 11:24:45,796 [INFO] itemku: 📡 API tertangkap: 332
2026-05-20 11:24:45,797 [INFO] itemku: ✅ Produk dari API: 13
2026-05-20 11:24:45,823 [INFO] itemku: 📦 Total produk: 13
2026-05-20 11:24:45,823 [DEBUG] itemku: ⏳ Delay 4.2s...
2026-05-20 11:24:50,069 [INFO] itemku: 
============================================================
2026-05-20 11:24:50,069 [INFO] itemku: 📂 KATEGORI: valorant
2026-05-20 11:24:50,070 [INFO] itemku: ============================================================
2026-05-20 11:24:50,070 [INFO] itemku: 🔍 Scrape kategori:
2026-05-20 11:24:50,070 [INFO] itemku:    URL: https://www.itemku.com/c/valorant
2026-05-20 11:24:55,948 [DEBUG] itemku: 📡 API: https://files.itemku.com/language/id.json
2026-05-20 11:24:56,052 [DEBUG] itemku: 📡 API: https://www.itemku.com/~partytown/proxytown
2026-05-20 11:24:56,056 [DEBUG] itemku: 📡 API: https://www.itemku.com/~partytown/proxytown
2026-05-20 11:24:56,058 [DEBUG] itemku: 📡 API: https://www.itemku.com/~partytown/proxytown
2026-05-20 11:24:56,062 [DEBUG] itemku: 📡 API: https://www.itemku.com/~partytown/proxytown
2026-05-20 11:24:56,066 [DEBUG] itemku: 📡 API: https://www.itemku.com/~partytown/proxytown
2026-05-20 11:24:56,071 [DEBUG] itemku: 📡 API: https://www.itemku.com/~partytown/proxytown
2026-05-20 11:24:56,071 [DEBUG] itemku: 📡 API: https://www.itemku.com/~partytown/proxytown
2026-05-20 11:24:56,075 [DEBUG] itemku: 📡 API: https://www.itemku.com/~partytown/proxytown
2026-05-20 11:24:56,078 [DEBUG] itemku: 📡 API: https://www.itemku.com/~partytown/proxytown
2026-05-20 11:24:56,082 [DEBUG] itemku: 📡 API: https://www.itemku.com/~partytown/proxytown
2026-05-20 11:24:56,082 [DEBUG] itemku: 📡 API: https://www.itemku.com/~partytown/proxytown
2026-05-20 11:24:56,082 [DEBUG] itemku: 📡 API: https://www.itemku.com/~partytown/proxytown
2026-05-20 11:24:56,122 [DEBUG] itemku: 📡 API: https://www.itemku.com/~partytown/proxytown
2026-05-20 11:24:56,123 [DEBUG] itemku: 📡 API: https://www.itemku.com/~partytown/proxytown
2026-05-20 11:24:56,141 [DEBUG] itemku: 📡 API: https://www.itemku.com/~partytown/proxytown
2026-05-20 11:24:56,149 [DEBUG] itemku: 📡 API: https://www.itemku.com/~partytown/proxytown
2026-05-20 11:24:56,150 [DEBUG] itemku: 📡 API: https://www.itemku.com/~partytown/proxytown
2026-05-20 11:24:56,153 [DEBUG] itemku: 📡 API: https://www.itemku.com/~partytown/proxytown
2026-05-20 11:24:56,251 [DEBUG] itemku: 📡 API: https://www.itemku.com/~partytown/proxytown
2026-05-20 11:24:56,255 [DEBUG] itemku: 📡 API: https://www.itemku.com/~partytown/proxytown
2026-05-20 11:24:56,260 [DEBUG] itemku: 📡 API: https://www.itemku.com/~partytown/proxytown
2026-05-20 11:24:56,263 [DEBUG] itemku: 📡 API: https://www.itemku.com/~partytown/proxytown
2026-05-20 11:24:56,266 [DEBUG] itemku: 📡 API: https://www.itemku.com/~partytown/proxytown
2026-05-20 11:24:56,268 [DEBUG] itemku: 📡 API: https://www.itemku.com/~partytown/proxytown
2026-05-20 11:24:56,272 [DEBUG] itemku: 📡 API: https://www.itemku.com/~partytown/proxytown
2026-05-20 11:24:56,274 [DEBUG] itemku: 📡 API: https://www.itemku.com/~partytown/proxytown
2026-05-20 11:24:56,277 [DEBUG] itemku: 📡 API: https://www.itemku.com/~partytown/proxytown
2026-05-20 11:24:56,281 [DEBUG] itemku: 📡 API: https://www.itemku.com/~partytown/proxytown
2026-05-20 11:24:56,292 [DEBUG] itemku: 📡 API: https://www.itemku.com/_next/data/ox5kkx6ecmuea2igmr6vx/c/tipe-produk.json
2026-05-20 11:24:56,295 [DEBUG] itemku: 📡 API: https://www.itemku.com/~partytown/proxytown
2026-05-20 11:24:56,296 [DEBUG] itemku: 📡 API: https://www.itemku.com/~partytown/proxytown
2026-05-20 11:24:56,301 [DEBUG] itemku: 📡 API: https://www.itemku.com/~partytown/proxytown
2026-05-20 11:24:56,306 [DEBUG] itemku: 📡 API: https://www.itemku.com/~partytown/proxytown
2026-05-20 11:24:56,310 [DEBUG] itemku: 📡 API: https://www.itemku.com/~partytown/proxytown
2026-05-20 11:24:56,313 [DEBUG] itemku: 📡 API: https://www.itemku.com/~partytown/proxytown
2026-05-20 11:24:56,316 [DEBUG] itemku: 📡 API: https://www.itemku.com/~partytown/proxytown
2026-05-20 11:24:56,322 [DEBUG] itemku: 📡 API: https://www.itemku.com/~partytown/proxytown
2026-05-20 11:24:56,325 [DEBUG] itemku: 📡 API: https://www.itemku.com/~partytown/proxytown
2026-05-20 11:24:56,329 [DEBUG] itemku: 📡 API: https://www.itemku.com/~partytown/proxytown
2026-05-20 11:24:56,335 [DEBUG] itemku: 📡 API: https://www.itemku.com/~partytown/proxytown
2026-05-20 11:24:56,337 [DEBUG] itemku: 📡 API: https://www.itemku.com/~partytown/proxytown
2026-05-20 11:24:56,344 [DEBUG] itemku: 📡 API: https://www.itemku.com/~partytown/proxytown
2026-05-20 11:24:56,347 [DEBUG] itemku: 📡 API: https://www.itemku.com/~partytown/proxytown
2026-05-20 11:24:56,350 [DEBUG] itemku: 📡 API: https://www.itemku.com/~partytown/proxytown
2026-05-20 11:24:56,353 [DEBUG] itemku: 📡 API: https://www.itemku.com/~partytown/proxytown
2026-05-20 11:24:56,357 [DEBUG] itemku: 📡 API: https://www.itemku.com/~partytown/proxytown
2026-05-20 11:24:56,360 [DEBUG] itemku: 📡 API: https://www.itemku.com/~partytown/proxytown
2026-05-20 11:24:56,363 [DEBUG] itemku: 📡 API: https://www.itemku.com/~partytown/proxytown
2026-05-20 11:24:56,367 [DEBUG] itemku: 📡 API: https://www.itemku.com/~partytown/proxytown
2026-05-20 11:24:56,367 [DEBUG] itemku: 📡 API: https://www.itemku.com/~partytown/proxytown
2026-05-20 11:24:56,372 [DEBUG] itemku: 📡 API: https://www.itemku.com/~partytown/proxytown
2026-05-20 11:24:56,372 [DEBUG] itemku: 📡 API: https://www.itemku.com/~partytown/proxytown
2026-05-20 11:24:56,378 [DEBUG] itemku: 📡 API: https://www.itemku.com/~partytown/proxytown
2026-05-20 11:24:56,384 [DEBUG] itemku: 📡 API: https://www.itemku.com/~partytown/proxytown
2026-05-20 11:24:56,384 [DEBUG] itemku: 📡 API: https://www.itemku.com/~partytown/proxytown
2026-05-20 11:24:56,388 [DEBUG] itemku: 📡 API: https://www.itemku.com/~partytown/proxytown
2026-05-20 11:24:56,389 [DEBUG] itemku: 📡 API: https://www.itemku.com/~partytown/proxytown
2026-05-20 11:24:56,392 [DEBUG] itemku: 📡 API: https://www.itemku.com/~partytown/proxytown
2026-05-20 11:24:56,393 [DEBUG] itemku: 📡 API: https://www.itemku.com/~partytown/proxytown
2026-05-20 11:24:56,394 [DEBUG] itemku: 📡 API: https://www.itemku.com/~partytown/proxytown
2026-05-20 11:24:56,397 [DEBUG] itemku: 📡 API: https://www.itemku.com/~partytown/proxytown
2026-05-20 11:24:56,398 [DEBUG] itemku: 📡 API: https://www.itemku.com/~partytown/proxytown
2026-05-20 11:24:56,402 [DEBUG] itemku: 📡 API: https://www.itemku.com/~partytown/proxytown
2026-05-20 11:24:56,408 [DEBUG] itemku: 📡 API: https://www.itemku.com/~partytown/proxytown
2026-05-20 11:24:56,410 [DEBUG] itemku: 📡 API: https://www.itemku.com/~partytown/proxytown
2026-05-20 11:24:56,410 [DEBUG] itemku: 📡 API: https://www.itemku.com/~partytown/proxytown
2026-05-20 11:24:56,412 [DEBUG] itemku: 📡 API: https://www.itemku.com/~partytown/proxytown
2026-05-20 11:24:56,414 [DEBUG] itemku: 📡 API: https://www.itemku.com/~partytown/proxytown
2026-05-20 11:24:56,417 [DEBUG] itemku: 📡 API: https://www.itemku.com/~partytown/proxytown
2026-05-20 11:24:56,418 [DEBUG] itemku: 📡 API: https://www.itemku.com/~partytown/proxytown
2026-05-20 11:24:56,418 [DEBUG] itemku: 📡 API: https://www.itemku.com/~partytown/proxytown
2026-05-20 11:24:56,418 [DEBUG] itemku: 📡 API: https://www.itemku.com/~partytown/proxytown
2026-05-20 11:24:56,420 [DEBUG] itemku: 📡 API: https://www.itemku.com/~partytown/proxytown
2026-05-20 11:24:56,420 [DEBUG] itemku: 📡 API: https://www.itemku.com/~partytown/proxytown
2026-05-20 11:24:56,420 [DEBUG] itemku: 📡 API: https://www.itemku.com/~partytown/proxytown
2026-05-20 11:24:56,420 [DEBUG] itemku: 📡 API: https://www.itemku.com/~partytown/proxytown
2026-05-20 11:24:56,422 [DEBUG] itemku: 📡 API: https://www.itemku.com/~partytown/proxytown
2026-05-20 11:24:56,428 [DEBUG] itemku: 📡 API: https://www.itemku.com/~partytown/proxytown
2026-05-20 11:24:56,431 [DEBUG] itemku: 📡 API: https://www.itemku.com/~partytown/proxytown
2026-05-20 11:24:56,437 [DEBUG] itemku: 📡 API: https://www.itemku.com/~partytown/proxytown
2026-05-20 11:24:56,440 [DEBUG] itemku: 📡 API: https://www.itemku.com/~partytown/proxytown
2026-05-20 11:24:56,446 [DEBUG] itemku: 📡 API: https://www.itemku.com/~partytown/proxytown
2026-05-20 11:24:56,448 [DEBUG] itemku: 📡 API: https://www.itemku.com/~partytown/proxytown
2026-05-20 11:24:56,454 [DEBUG] itemku: 📡 API: https://www.itemku.com/~partytown/proxytown
2026-05-20 11:24:56,457 [DEBUG] itemku: 📡 API: https://www.itemku.com/~partytown/proxytown
2026-05-20 11:24:56,461 [DEBUG] itemku: 📡 API: https://www.itemku.com/~partytown/proxytown
2026-05-20 11:24:56,469 [DEBUG] itemku: 📡 API: https://www.itemku.com/~partytown/proxytown
2026-05-20 11:24:56,472 [DEBUG] itemku: 📡 API: https://www.itemku.com/~partytown/proxytown
2026-05-20 11:24:56,477 [DEBUG] itemku: 📡 API: https://www.itemku.com/~partytown/proxytown
2026-05-20 11:24:56,482 [DEBUG] itemku: 📡 API: https://www.itemku.com/~partytown/proxytown
2026-05-20 11:24:56,491 [DEBUG] itemku: 📡 API: https://www.itemku.com/~partytown/proxytown
2026-05-20 11:24:56,494 [DEBUG] itemku: 📡 API: https://www.itemku.com/~partytown/proxytown
2026-05-20 11:24:56,503 [DEBUG] itemku: 📡 API: https://www.itemku.com/~partytown/proxytown
2026-05-20 11:24:56,506 [DEBUG] itemku: 📡 API: https://www.itemku.com/~partytown/proxytown
2026-05-20 11:24:56,509 [DEBUG] itemku: 📡 API: https://www.itemku.com/~partytown/proxytown
2026-05-20 11:24:56,515 [DEBUG] itemku: 📡 API: https://www.itemku.com/~partytown/proxytown
2026-05-20 11:24:56,522 [DEBUG] itemku: 📡 API: https://www.itemku.com/~partytown/proxytown
2026-05-20 11:24:56,522 [DEBUG] itemku: 📡 API: https://www.itemku.com/~partytown/proxytown
2026-05-20 11:24:56,524 [DEBUG] itemku: 📡 API: https://www.itemku.com/~partytown/proxytown
2026-05-20 11:24:56,533 [DEBUG] itemku: 📡 API: https://www.itemku.com/~partytown/proxytown
2026-05-20 11:24:56,535 [DEBUG] itemku: 📡 API: https://www.itemku.com/~partytown/proxytown
2026-05-20 11:24:56,538 [DEBUG] itemku: 📡 API: https://www.itemku.com/~partytown/proxytown
2026-05-20 11:24:56,542 [DEBUG] itemku: 📡 API: https://www.itemku.com/~partytown/proxytown
2026-05-20 11:24:56,542 [DEBUG] itemku: 📡 API: https://www.itemku.com/~partytown/proxytown
2026-05-20 11:24:56,543 [DEBUG] itemku: 📡 API: https://www.itemku.com/~partytown/proxytown
2026-05-20 11:24:56,547 [DEBUG] itemku: 📡 API: https://www.itemku.com/~partytown/proxytown
2026-05-20 11:24:56,547 [DEBUG] itemku: 📡 API: https://www.itemku.com/~partytown/proxytown
2026-05-20 11:24:56,550 [DEBUG] itemku: 📡 API: https://www.itemku.com/~partytown/proxytown
2026-05-20 11:24:56,553 [DEBUG] itemku: 📡 API: https://www.itemku.com/~partytown/proxytown
2026-05-20 11:24:56,556 [DEBUG] itemku: 📡 API: https://www.itemku.com/~partytown/proxytown
2026-05-20 11:24:56,561 [DEBUG] itemku: 📡 API: https://www.itemku.com/~partytown/proxytown
2026-05-20 11:24:56,564 [DEBUG] itemku: 📡 API: https://www.itemku.com/~partytown/proxytown
2026-05-20 11:24:56,567 [DEBUG] itemku: 📡 API: https://www.itemku.com/~partytown/proxytown
2026-05-20 11:24:56,568 [DEBUG] itemku: 📡 API: https://www.itemku.com/~partytown/proxytown
2026-05-20 11:24:56,574 [DEBUG] itemku: 📡 API: https://www.itemku.com/~partytown/proxytown
2026-05-20 11:24:56,576 [DEBUG] itemku: 📡 API: https://www.itemku.com/~partytown/proxytown
2026-05-20 11:24:56,580 [DEBUG] itemku: 📡 API: https://www.itemku.com/~partytown/proxytown
2026-05-20 11:24:56,584 [DEBUG] itemku: 📡 API: https://www.itemku.com/~partytown/proxytown
2026-05-20 11:24:56,589 [DEBUG] itemku: 📡 API: https://www.itemku.com/~partytown/proxytown
2026-05-20 11:24:56,591 [DEBUG] itemku: 📡 API: https://www.itemku.com/~partytown/proxytown
2026-05-20 11:24:56,592 [DEBUG] itemku: 📡 API: https://www.itemku.com/~partytown/proxytown
2026-05-20 11:24:56,595 [DEBUG] itemku: 📡 API: https://www.itemku.com/~partytown/proxytown
2026-05-20 11:24:56,597 [DEBUG] itemku: 📡 API: https://www.itemku.com/~partytown/proxytown
2026-05-20 11:24:56,600 [DEBUG] itemku: 📡 API: https://www.itemku.com/~partytown/proxytown
2026-05-20 11:24:56,604 [DEBUG] itemku: 📡 API: https://www.itemku.com/~partytown/proxytown
2026-05-20 11:24:56,605 [DEBUG] itemku: 📡 API: https://www.itemku.com/~partytown/proxytown
2026-05-20 11:24:56,608 [DEBUG] itemku: 📡 API: https://www.itemku.com/~partytown/proxytown
2026-05-20 11:24:56,612 [DEBUG] itemku: 📡 API: https://www.itemku.com/~partytown/proxytown
2026-05-20 11:24:56,613 [DEBUG] itemku: 📡 API: https://www.itemku.com/~partytown/proxytown
2026-05-20 11:24:56,616 [DEBUG] itemku: 📡 API: https://www.itemku.com/~partytown/proxytown
2026-05-20 11:24:56,626 [DEBUG] itemku: 📡 API: https://www.itemku.com/~partytown/proxytown
2026-05-20 11:24:56,627 [DEBUG] itemku: 📡 API: https://www.itemku.com/~partytown/proxytown
2026-05-20 11:24:56,633 [DEBUG] itemku: 📡 API: https://www.itemku.com/~partytown/proxytown
2026-05-20 11:24:56,635 [DEBUG] itemku: 📡 API: https://www.itemku.com/~partytown/proxytown
2026-05-20 11:24:56,638 [DEBUG] itemku: 📡 API: https://www.itemku.com/~partytown/proxytown
2026-05-20 11:24:56,639 [DEBUG] itemku: 📡 API: https://www.itemku.com/~partytown/proxytown
2026-05-20 11:24:56,644 [DEBUG] itemku: 📡 API: https://www.itemku.com/~partytown/proxytown
2026-05-20 11:24:56,650 [DEBUG] itemku: 📡 API: https://www.itemku.com/~partytown/proxytown
2026-05-20 11:24:56,653 [DEBUG] itemku: 📡 API: https://www.itemku.com/~partytown/proxytown
2026-05-20 11:24:56,657 [DEBUG] itemku: 📡 API: https://www.itemku.com/~partytown/proxytown
2026-05-20 11:24:56,661 [DEBUG] itemku: 📡 API: https://www.itemku.com/~partytown/proxytown
2026-05-20 11:24:56,664 [DEBUG] itemku: 📡 API: https://www.itemku.com/~partytown/proxytown
2026-05-20 11:24:56,667 [DEBUG] itemku: 📡 API: https://www.itemku.com/~partytown/proxytown
2026-05-20 11:24:56,671 [DEBUG] itemku: 📡 API: https://www.itemku.com/~partytown/proxytown
2026-05-20 11:24:56,673 [DEBUG] itemku: 📡 API: https://www.itemku.com/~partytown/proxytown
2026-05-20 11:24:56,673 [DEBUG] itemku: 📡 API: https://www.itemku.com/~partytown/proxytown
2026-05-20 11:24:56,674 [DEBUG] itemku: 📡 API: https://www.itemku.com/~partytown/proxytown
2026-05-20 11:24:56,677 [DEBUG] itemku: 📡 API: https://www.itemku.com/~partytown/proxytown
2026-05-20 11:24:56,682 [DEBUG] itemku: 📡 API: https://www.itemku.com/~partytown/proxytown
2026-05-20 11:24:56,686 [DEBUG] itemku: 📡 API: https://www.itemku.com/~partytown/proxytown
2026-05-20 11:24:56,693 [DEBUG] itemku: 📡 API: https://www.itemku.com/~partytown/proxytown
2026-05-20 11:24:56,696 [DEBUG] itemku: 📡 API: https://www.itemku.com/~partytown/proxytown
2026-05-20 11:24:56,699 [DEBUG] itemku: 📡 API: https://www.itemku.com/~partytown/proxytown
2026-05-20 11:24:56,702 [DEBUG] itemku: 📡 API: https://www.itemku.com/~partytown/proxytown
2026-05-20 11:24:56,702 [DEBUG] itemku: 📡 API: https://www.itemku.com/~partytown/proxytown
2026-05-20 11:24:56,703 [DEBUG] itemku: 📡 API: https://www.itemku.com/~partytown/proxytown
2026-05-20 11:24:56,705 [DEBUG] itemku: 📡 API: https://www.itemku.com/~partytown/proxytown
2026-05-20 11:24:56,711 [DEBUG] itemku: 📡 API: https://www.itemku.com/~partytown/proxytown
2026-05-20 11:24:56,711 [DEBUG] itemku: 📡 API: https://www.itemku.com/~partytown/proxytown
2026-05-20 11:24:56,721 [DEBUG] itemku: 📡 API: https://www.itemku.com/~partytown/proxytown
2026-05-20 11:24:56,721 [DEBUG] itemku: 📡 API: https://www.itemku.com/~partytown/proxytown
2026-05-20 11:24:56,721 [DEBUG] itemku: 📡 API: https://www.itemku.com/~partytown/proxytown
2026-05-20 11:24:56,721 [DEBUG] itemku: 📡 API: https://www.itemku.com/~partytown/proxytown
2026-05-20 11:24:56,721 [DEBUG] itemku: 📡 API: https://www.itemku.com/~partytown/proxytown
2026-05-20 11:24:56,722 [DEBUG] itemku: 📡 API: https://www.itemku.com/~partytown/proxytown
2026-05-20 11:24:56,723 [DEBUG] itemku: 📡 API: https://www.itemku.com/~partytown/proxytown
2026-05-20 11:24:56,727 [DEBUG] itemku: 📡 API: https://www.itemku.com/~partytown/proxytown
2026-05-20 11:24:56,848 [DEBUG] itemku: 📡 API: https://www.itemku.com/~partytown/proxytown
2026-05-20 11:24:56,850 [DEBUG] itemku: 📡 API: https://www.itemku.com/~partytown/proxytown
2026-05-20 11:24:56,850 [DEBUG] itemku: 📡 API: https://www.itemku.com/~partytown/proxytown
2026-05-20 11:24:56,851 [DEBUG] itemku: 📡 API: https://www.itemku.com/~partytown/proxytown
2026-05-20 11:24:56,851 [DEBUG] itemku: 📡 API: https://www.itemku.com/~partytown/proxytown
2026-05-20 11:24:56,851 [DEBUG] itemku: 📡 API: https://www.itemku.com/~partytown/proxytown
2026-05-20 11:24:56,851 [DEBUG] itemku: 📡 API: https://www.itemku.com/~partytown/proxytown
2026-05-20 11:24:56,852 [DEBUG] itemku: 📡 API: https://www.itemku.com/~partytown/proxytown
2026-05-20 11:24:56,852 [DEBUG] itemku: 📡 API: https://www.itemku.com/~partytown/proxytown
2026-05-20 11:24:56,852 [DEBUG] itemku: 📡 API: https://www.itemku.com/~partytown/proxytown
2026-05-20 11:24:56,852 [DEBUG] itemku: 📡 API: https://www.itemku.com/~partytown/proxytown
2026-05-20 11:24:56,852 [DEBUG] itemku: 📡 API: https://www.itemku.com/~partytown/proxytown
2026-05-20 11:24:56,852 [DEBUG] itemku: 📡 API: https://www.itemku.com/~partytown/proxytown
2026-05-20 11:24:56,852 [DEBUG] itemku: 📡 API: https://www.itemku.com/~partytown/proxytown
2026-05-20 11:24:56,853 [DEBUG] itemku: 📡 API: https://www.itemku.com/~partytown/proxytown
2026-05-20 11:24:56,853 [DEBUG] itemku: 📡 API: https://www.itemku.com/~partytown/proxytown
2026-05-20 11:24:56,853 [DEBUG] itemku: 📡 API: https://www.itemku.com/~partytown/proxytown
2026-05-20 11:24:56,853 [DEBUG] itemku: 📡 API: https://www.itemku.com/~partytown/proxytown
2026-05-20 11:24:56,853 [DEBUG] itemku: 📡 API: https://www.itemku.com/~partytown/proxytown
2026-05-20 11:24:56,853 [DEBUG] itemku: 📡 API: https://www.itemku.com/~partytown/proxytown
2026-05-20 11:24:56,853 [DEBUG] itemku: 📡 API: https://www.itemku.com/~partytown/proxytown
2026-05-20 11:24:56,853 [DEBUG] itemku: 📡 API: https://www.itemku.com/~partytown/proxytown
2026-05-20 11:24:56,853 [DEBUG] itemku: 📡 API: https://www.itemku.com/~partytown/proxytown
2026-05-20 11:24:56,853 [DEBUG] itemku: 📡 API: https://www.itemku.com/~partytown/proxytown
2026-05-20 11:24:56,853 [DEBUG] itemku: 📡 API: https://www.itemku.com/~partytown/proxytown
2026-05-20 11:24:56,853 [DEBUG] itemku: 📡 API: https://www.itemku.com/~partytown/proxytown
2026-05-20 11:24:56,853 [DEBUG] itemku: 📡 API: https://www.itemku.com/~partytown/proxytown
2026-05-20 11:24:56,854 [DEBUG] itemku: 📡 API: https://www.itemku.com/~partytown/proxytown
2026-05-20 11:24:56,854 [DEBUG] itemku: 📡 API: https://www.itemku.com/~partytown/proxytown
2026-05-20 11:24:56,854 [DEBUG] itemku: 📡 API: https://www.itemku.com/~partytown/proxytown
2026-05-20 11:24:56,854 [DEBUG] itemku: 📡 API: https://www.itemku.com/~partytown/proxytown
2026-05-20 11:24:56,855 [DEBUG] itemku: 📡 API: https://www.itemku.com/~partytown/proxytown
2026-05-20 11:24:56,855 [DEBUG] itemku: 📡 API: https://www.itemku.com/~partytown/proxytown
2026-05-20 11:24:56,855 [DEBUG] itemku: 📡 API: https://www.itemku.com/~partytown/proxytown
2026-05-20 11:24:56,855 [DEBUG] itemku: 📡 API: https://www.itemku.com/~partytown/proxytown
2026-05-20 11:24:56,855 [DEBUG] itemku: 📡 API: https://www.itemku.com/~partytown/proxytown
2026-05-20 11:24:56,856 [DEBUG] itemku: 📡 API: https://www.itemku.com/~partytown/proxytown
2026-05-20 11:24:56,856 [DEBUG] itemku: 📡 API: https://www.itemku.com/~partytown/proxytown
2026-05-20 11:24:56,856 [DEBUG] itemku: 📡 API: https://www.itemku.com/~partytown/proxytown
2026-05-20 11:24:56,856 [DEBUG] itemku: 📡 API: https://www.itemku.com/~partytown/proxytown
2026-05-20 11:24:56,856 [DEBUG] itemku: 📡 API: https://www.itemku.com/~partytown/proxytown
2026-05-20 11:24:56,857 [DEBUG] itemku: 📡 API: https://www.itemku.com/~partytown/proxytown
2026-05-20 11:24:56,857 [DEBUG] itemku: 📡 API: https://www.itemku.com/~partytown/proxytown
2026-05-20 11:24:56,857 [DEBUG] itemku: 📡 API: https://www.itemku.com/~partytown/proxytown
2026-05-20 11:24:56,857 [DEBUG] itemku: 📡 API: https://www.itemku.com/~partytown/proxytown
2026-05-20 11:24:56,857 [DEBUG] itemku: 📡 API: https://www.itemku.com/~partytown/proxytown
2026-05-20 11:24:56,858 [DEBUG] itemku: 📡 API: https://www.itemku.com/~partytown/proxytown
2026-05-20 11:24:56,858 [DEBUG] itemku: 📡 API: https://www.itemku.com/~partytown/proxytown
2026-05-20 11:24:56,858 [DEBUG] itemku: 📡 API: https://www.itemku.com/~partytown/proxytown
2026-05-20 11:24:56,858 [DEBUG] itemku: 📡 API: https://www.itemku.com/~partytown/proxytown
2026-05-20 11:24:56,859 [DEBUG] itemku: 📡 API: https://www.itemku.com/~partytown/proxytown
2026-05-20 11:24:56,859 [DEBUG] itemku: 📡 API: https://www.itemku.com/~partytown/proxytown
2026-05-20 11:24:56,859 [DEBUG] itemku: 📡 API: https://www.itemku.com/~partytown/proxytown
2026-05-20 11:24:56,859 [DEBUG] itemku: 📡 API: https://www.itemku.com/~partytown/proxytown
2026-05-20 11:24:56,860 [DEBUG] itemku: 📡 API: https://www.itemku.com/~partytown/proxytown
2026-05-20 11:24:56,860 [DEBUG] itemku: 📡 API: https://www.itemku.com/~partytown/proxytown
2026-05-20 11:24:56,860 [DEBUG] itemku: 📡 API: https://www.itemku.com/~partytown/proxytown
2026-05-20 11:24:56,860 [DEBUG] itemku: 📡 API: https://www.itemku.com/~partytown/proxytown
2026-05-20 11:24:56,861 [DEBUG] itemku: 📡 API: https://www.itemku.com/~partytown/proxytown
2026-05-20 11:24:56,861 [DEBUG] itemku: 📡 API: https://www.itemku.com/~partytown/proxytown
2026-05-20 11:24:56,861 [DEBUG] itemku: 📡 API: https://www.itemku.com/~partytown/proxytown
2026-05-20 11:24:56,861 [DEBUG] itemku: 📡 API: https://www.itemku.com/~partytown/proxytown
2026-05-20 11:25:08,110 [DEBUG] itemku: 📡 API: https://www.itemku.com/~partytown/proxytown
2026-05-20 11:25:08,111 [DEBUG] itemku: 📡 API: https://www.itemku.com/~partytown/proxytown
2026-05-20 11:25:08,114 [DEBUG] itemku: 📡 API: https://www.itemku.com/~partytown/proxytown
2026-05-20 11:25:08,117 [DEBUG] itemku: 📡 API: https://www.itemku.com/~partytown/proxytown
2026-05-20 11:25:08,123 [DEBUG] itemku: 📡 API: https://www.itemku.com/~partytown/proxytown
2026-05-20 11:25:08,123 [DEBUG] itemku: 📡 API: https://www.itemku.com/~partytown/proxytown
2026-05-20 11:25:08,125 [DEBUG] itemku: 📡 API: https://www.itemku.com/~partytown/proxytown
2026-05-20 11:25:08,128 [DEBUG] itemku: 📡 API: https://www.itemku.com/~partytown/proxytown
2026-05-20 11:25:08,128 [DEBUG] itemku: 📡 API: https://www.itemku.com/~partytown/proxytown
2026-05-20 11:25:08,131 [DEBUG] itemku: 📡 API: https://www.itemku.com/~partytown/proxytown
2026-05-20 11:25:08,134 [DEBUG] itemku: 📡 API: https://www.itemku.com/~partytown/proxytown
2026-05-20 11:25:08,135 [DEBUG] itemku: 📡 API: https://www.itemku.com/~partytown/proxytown
2026-05-20 11:25:08,138 [DEBUG] itemku: 📡 API: https://www.itemku.com/~partytown/proxytown
2026-05-20 11:25:08,138 [DEBUG] itemku: 📡 API: https://www.itemku.com/~partytown/proxytown
2026-05-20 11:25:08,140 [DEBUG] itemku: 📡 API: https://www.itemku.com/~partytown/proxytown
2026-05-20 11:25:08,143 [DEBUG] itemku: 📡 API: https://www.itemku.com/~partytown/proxytown
2026-05-20 11:25:08,153 [DEBUG] itemku: 📡 API: https://www.itemku.com/~partytown/proxytown
2026-05-20 11:25:08,161 [DEBUG] itemku: 📡 API: https://www.itemku.com/~partytown/proxytown
2026-05-20 11:25:08,165 [DEBUG] itemku: 📡 API: https://www.itemku.com/~partytown/proxytown
2026-05-20 11:25:08,166 [DEBUG] itemku: 📡 API: https://www.itemku.com/~partytown/proxytown
2026-05-20 11:25:08,167 [DEBUG] itemku: 📡 API: https://www.itemku.com/~partytown/proxytown
2026-05-20 11:25:08,168 [DEBUG] itemku: 📡 API: https://www.itemku.com/~partytown/proxytown
2026-05-20 11:25:08,170 [DEBUG] itemku: 📡 API: https://www.itemku.com/~partytown/proxytown
2026-05-20 11:25:08,170 [DEBUG] itemku: 📡 API: https://www.itemku.com/~partytown/proxytown
2026-05-20 11:25:08,171 [DEBUG] itemku: 📡 API: https://www.itemku.com/~partytown/proxytown
2026-05-20 11:25:08,173 [DEBUG] itemku: 📡 API: https://www.itemku.com/~partytown/proxytown
2026-05-20 11:25:08,175 [DEBUG] itemku: 📡 API: https://www.itemku.com/~partytown/proxytown
2026-05-20 11:25:08,177 [DEBUG] itemku: 📡 API: https://www.itemku.com/~partytown/proxytown
2026-05-20 11:25:08,178 [DEBUG] itemku: 📡 API: https://www.itemku.com/~partytown/proxytown
2026-05-20 11:25:08,181 [DEBUG] itemku: 📡 API: https://www.itemku.com/~partytown/proxytown
2026-05-20 11:25:08,183 [DEBUG] itemku: 📡 API: https://www.itemku.com/~partytown/proxytown
2026-05-20 11:25:08,183 [DEBUG] itemku: 📡 API: https://www.itemku.com/~partytown/proxytown
2026-05-20 11:25:08,185 [DEBUG] itemku: 📡 API: https://www.itemku.com/~partytown/proxytown
2026-05-20 11:25:08,189 [DEBUG] itemku: 📡 API: https://www.itemku.com/~partytown/proxytown
2026-05-20 11:25:08,189 [DEBUG] itemku: 📡 API: https://www.itemku.com/~partytown/proxytown
2026-05-20 11:25:08,190 [DEBUG] itemku: 📡 API: https://www.itemku.com/~partytown/proxytown
2026-05-20 11:25:08,192 [DEBUG] itemku: 📡 API: https://www.itemku.com/~partytown/proxytown
2026-05-20 11:25:08,194 [DEBUG] itemku: 📡 API: https://www.itemku.com/~partytown/proxytown
2026-05-20 11:25:08,196 [DEBUG] itemku: 📡 API: https://www.itemku.com/~partytown/proxytown
2026-05-20 11:25:08,199 [DEBUG] itemku: 📡 API: https://www.itemku.com/~partytown/proxytown
2026-05-20 11:25:08,200 [DEBUG] itemku: 📡 API: https://www.itemku.com/~partytown/proxytown
2026-05-20 11:25:08,203 [DEBUG] itemku: 📡 API: https://www.itemku.com/~partytown/proxytown
2026-05-20 11:25:08,204 [DEBUG] itemku: 📡 API: https://www.itemku.com/~partytown/proxytown
2026-05-20 11:25:08,206 [DEBUG] itemku: 📡 API: https://www.itemku.com/~partytown/proxytown
2026-05-20 11:25:08,208 [DEBUG] itemku: 📡 API: https://www.itemku.com/~partytown/proxytown
2026-05-20 11:25:08,214 [DEBUG] itemku: 📡 API: https://www.itemku.com/~partytown/proxytown
2026-05-20 11:25:08,214 [DEBUG] itemku: 📡 API: https://www.itemku.com/~partytown/proxytown
2026-05-20 11:25:08,216 [DEBUG] itemku: 📡 API: https://www.itemku.com/~partytown/proxytown
2026-05-20 11:25:08,219 [DEBUG] itemku: 📡 API: https://www.itemku.com/~partytown/proxytown
2026-05-20 11:25:08,219 [DEBUG] itemku: 📡 API: https://www.itemku.com/~partytown/proxytown
2026-05-20 11:25:08,223 [DEBUG] itemku: 📡 API: https://www.itemku.com/~partytown/proxytown
2026-05-20 11:25:08,223 [DEBUG] itemku: 📡 API: https://www.itemku.com/~partytown/proxytown
2026-05-20 11:25:08,225 [DEBUG] itemku: 📡 API: https://www.itemku.com/~partytown/proxytown
2026-05-20 11:25:08,227 [DEBUG] itemku: 📡 API: https://www.itemku.com/~partytown/proxytown
2026-05-20 11:25:08,227 [DEBUG] itemku: 📡 API: https://www.itemku.com/~partytown/proxytown
2026-05-20 11:25:08,229 [DEBUG] itemku: 📡 API: https://www.itemku.com/~partytown/proxytown
2026-05-20 11:25:08,232 [DEBUG] itemku: 📡 API: https://www.itemku.com/~partytown/proxytown
2026-05-20 11:25:08,236 [DEBUG] itemku: 📡 API: https://www.itemku.com/~partytown/proxytown
2026-05-20 11:25:08,239 [DEBUG] itemku: 📡 API: https://www.itemku.com/~partytown/proxytown
2026-05-20 11:25:08,241 [DEBUG] itemku: 📡 API: https://www.itemku.com/~partytown/proxytown
2026-05-20 11:25:08,242 [DEBUG] itemku: 📡 API: https://www.itemku.com/~partytown/proxytown
2026-05-20 11:25:08,244 [DEBUG] itemku: 📡 API: https://www.itemku.com/~partytown/proxytown
2026-05-20 11:25:08,244 [DEBUG] itemku: 📡 API: https://www.itemku.com/~partytown/proxytown
2026-05-20 11:25:08,247 [DEBUG] itemku: 📡 API: https://www.itemku.com/~partytown/proxytown
2026-05-20 11:25:08,250 [DEBUG] itemku: 📡 API: https://www.itemku.com/~partytown/proxytown
2026-05-20 11:25:08,252 [DEBUG] itemku: 📡 API: https://www.itemku.com/~partytown/proxytown
2026-05-20 11:25:08,252 [DEBUG] itemku: 📡 API: https://www.itemku.com/~partytown/proxytown
2026-05-20 11:25:08,254 [DEBUG] itemku: 📡 API: https://www.itemku.com/~partytown/proxytown
2026-05-20 11:25:08,256 [DEBUG] itemku: 📡 API: https://www.itemku.com/~partytown/proxytown
2026-05-20 11:25:08,259 [DEBUG] itemku: 📡 API: https://www.itemku.com/~partytown/proxytown
2026-05-20 11:25:08,263 [DEBUG] itemku: 📡 API: https://www.itemku.com/~partytown/proxytown
2026-05-20 11:25:08,263 [DEBUG] itemku: 📡 API: https://www.itemku.com/~partytown/proxytown
2026-05-20 11:25:08,265 [DEBUG] itemku: 📡 API: https://www.itemku.com/~partytown/proxytown
2026-05-20 11:25:08,270 [DEBUG] itemku: 📡 API: https://www.itemku.com/~partytown/proxytown
2026-05-20 11:25:08,270 [DEBUG] itemku: 📡 API: https://www.itemku.com/~partytown/proxytown
2026-05-20 11:25:08,273 [DEBUG] itemku: 📡 API: https://www.itemku.com/~partytown/proxytown
2026-05-20 11:25:08,275 [DEBUG] itemku: 📡 API: https://www.itemku.com/~partytown/proxytown
2026-05-20 11:25:08,275 [DEBUG] itemku: 📡 API: https://www.itemku.com/~partytown/proxytown
2026-05-20 11:25:08,279 [DEBUG] itemku: 📡 API: https://www.itemku.com/~partytown/proxytown
2026-05-20 11:25:08,279 [DEBUG] itemku: 📡 API: https://www.itemku.com/~partytown/proxytown
2026-05-20 11:25:08,282 [DEBUG] itemku: 📡 API: https://www.itemku.com/~partytown/proxytown
2026-05-20 11:25:08,285 [DEBUG] itemku: 📡 API: https://www.itemku.com/~partytown/proxytown
2026-05-20 11:25:08,287 [DEBUG] itemku: 📡 API: https://www.itemku.com/~partytown/proxytown
2026-05-20 11:25:08,290 [DEBUG] itemku: 📡 API: https://www.itemku.com/~partytown/proxytown
2026-05-20 11:25:08,290 [DEBUG] itemku: 📡 API: https://www.itemku.com/~partytown/proxytown
2026-05-20 11:25:08,293 [DEBUG] itemku: 📡 API: https://www.itemku.com/~partytown/proxytown
2026-05-20 11:25:08,293 [DEBUG] itemku: 📡 API: https://www.itemku.com/~partytown/proxytown
2026-05-20 11:25:08,294 [DEBUG] itemku: 📡 API: https://www.itemku.com/~partytown/proxytown
2026-05-20 11:25:08,297 [DEBUG] itemku: 📡 API: https://www.itemku.com/~partytown/proxytown
2026-05-20 11:25:08,298 [DEBUG] itemku: 📡 API: https://www.itemku.com/~partytown/proxytown
2026-05-20 11:25:08,301 [DEBUG] itemku: 📡 API: https://www.itemku.com/~partytown/proxytown
2026-05-20 11:25:08,302 [DEBUG] itemku: 📡 API: https://www.itemku.com/~partytown/proxytown
2026-05-20 11:25:10,434 [DEBUG] itemku: 📡 API: https://files.itemku.com/language/id.json
2026-05-20 11:25:12,883 [INFO] itemku: 📜 Scroll halaman...
2026-05-20 11:25:13,675 [DEBUG] itemku: 📡 API: https://api-gateway.itemku.com/v1/user-location
2026-05-20 11:25:13,687 [DEBUG] itemku: 📡 API: https://api-gateway.itemku.com/v1/expansion-country?sort=sequence
2026-05-20 11:25:13,688 [DEBUG] itemku: 📡 API: https://api-gateway.itemku.com/v1/metadata/icon-placeholder-mobile-payment
2026-05-20 11:25:13,688 [DEBUG] itemku: 📡 API: https://api-gateway.itemku.com/v1/currency/detail
2026-05-20 11:25:13,970 [DEBUG] itemku: 📡 API: https://api-gateway.itemku.com/v1/product/game-list?per_page=5&sort=latest&country_codes[]=id&utm_src=csr_c2c&is_exclusive=false
2026-05-20 11:25:15,746 [DEBUG] itemku: 📡 API: https://api-gateway.itemku.com/v1/product/game-category-popular?per_page=50&is_exclude_empty_game_category_lists=1&country_codes[]=id&type=1&usecache=false&is_category_v2=true&is_exclusive=false
2026-05-20 11:25:31,008 [DEBUG] itemku: 📡 API: https://script.crazyegg.com/pages/data-scripts/0113/7987/site/www.itemku.com.json?t=1
2026-05-20 11:25:31,534 [DEBUG] itemku: 📡 API: https://script.crazyegg.com/pages/data-scripts/0113/7987/sampling/www.itemku.com.json?t=1
2026-05-20 11:25:53,369 [INFO] itemku: 💾 Simpan debug...
2026-05-20 11:25:55,174 [INFO] itemku: 📸 Screenshot tersimpan
2026-05-20 11:25:55,175 [INFO] itemku: 📡 API tertangkap: 331
2026-05-20 11:25:55,175 [INFO] itemku: ✅ Produk dari API: 13
2026-05-20 11:25:55,219 [INFO] itemku: 📦 Total produk: 13
2026-05-20 11:25:55,220 [DEBUG] itemku: ⏳ Delay 3.1s...
2026-05-20 11:25:58,359 [INFO] itemku: 
============================================================
2026-05-20 11:25:58,360 [INFO] itemku: 📂 KATEGORI: steam-wallet
2026-05-20 11:25:58,360 [INFO] itemku: ============================================================
2026-05-20 11:25:58,361 [INFO] itemku: 🔍 Scrape kategori:
2026-05-20 11:25:58,362 [INFO] itemku:    URL: https://www.itemku.com/c/steam-wallet
2026-05-20 11:26:00,046 [DEBUG] itemku: 📡 API: https://files.itemku.com/language/id.json
2026-05-20 11:26:00,196 [DEBUG] itemku: 📡 API: https://www.itemku.com/_next/data/ox5kkx6ecmuea2igmr6vx/c/tipe-produk.json
2026-05-20 11:26:00,275 [DEBUG] itemku: 📡 API: https://www.itemku.com/~partytown/proxytown
2026-05-20 11:26:00,276 [DEBUG] itemku: 📡 API: https://www.itemku.com/~partytown/proxytown
2026-05-20 11:26:00,281 [DEBUG] itemku: 📡 API: https://www.itemku.com/~partytown/proxytown
2026-05-20 11:26:00,288 [DEBUG] itemku: 📡 API: https://www.itemku.com/~partytown/proxytown
2026-05-20 11:26:00,293 [DEBUG] itemku: 📡 API: https://www.itemku.com/~partytown/proxytown
2026-05-20 11:26:00,297 [DEBUG] itemku: 📡 API: https://www.itemku.com/~partytown/proxytown
2026-05-20 11:26:00,304 [DEBUG] itemku: 📡 API: https://www.itemku.com/~partytown/proxytown
2026-05-20 11:26:00,305 [DEBUG] itemku: 📡 API: https://www.itemku.com/~partytown/proxytown
2026-05-20 11:26:00,316 [DEBUG] itemku: 📡 API: https://www.itemku.com/~partytown/proxytown
2026-05-20 11:26:00,322 [DEBUG] itemku: 📡 API: https://www.itemku.com/~partytown/proxytown
2026-05-20 11:26:00,327 [DEBUG] itemku: 📡 API: https://www.itemku.com/~partytown/proxytown
2026-05-20 11:26:00,331 [DEBUG] itemku: 📡 API: https://www.itemku.com/~partytown/proxytown
2026-05-20 11:26:00,354 [DEBUG] itemku: 📡 API: https://api-gateway.itemku.com/v1/user-location
2026-05-20 11:26:00,372 [DEBUG] itemku: 📡 API: https://api-gateway.itemku.com/v1/metadata/icon-placeholder-mobile-payment
2026-05-20 11:26:00,763 [DEBUG] itemku: 📡 API: https://api-gateway.itemku.com/v1/currency/detail
2026-05-20 11:26:01,287 [DEBUG] itemku: 📡 API: https://api-gateway.itemku.com/v1/product/game-category?country_codes[]=id&slug=mobile-game&is_exclude_empty_game_category_lists=true&per_page=50&is_exclusive=false
2026-05-20 11:26:01,288 [DEBUG] itemku: 📡 API: https://api-gateway.itemku.com/v1/currency/detail
2026-05-20 11:26:01,292 [DEBUG] itemku: 📡 API: https://www.itemku.com/~partytown/proxytown
2026-05-20 11:26:01,305 [DEBUG] itemku: 📡 API: https://www.itemku.com/~partytown/proxytown
2026-05-20 11:26:01,332 [DEBUG] itemku: 📡 API: https://api-gateway.itemku.com/v1/expansion-country?sort=sequence
2026-05-20 11:26:01,468 [DEBUG] itemku: 📡 API: https://api-gateway.itemku.com/v1/product/game-category-popular?per_page=50&is_exclude_empty_game_category_lists=1&country_codes[]=id&type=1&usecache=false&is_category_v2=true&is_exclusive=false
2026-05-20 11:26:01,675 [DEBUG] itemku: 📡 API: https://api-gateway.itemku.com/v1/product/game-list?per_page=5&sort=latest&country_codes[]=id&utm_src=csr_c2c&is_exclusive=false
2026-05-20 11:26:01,681 [DEBUG] itemku: 📡 API: https://www.itemku.com/~partytown/proxytown
2026-05-20 11:26:01,692 [DEBUG] itemku: 📡 API: https://www.itemku.com/~partytown/proxytown
2026-05-20 11:26:01,706 [DEBUG] itemku: 📡 API: https://www.itemku.com/~partytown/proxytown
2026-05-20 11:26:01,707 [DEBUG] itemku: 📡 API: https://www.itemku.com/~partytown/proxytown
2026-05-20 11:26:01,945 [DEBUG] itemku: 📡 API: https://www.itemku.com/~partytown/proxytown
2026-05-20 11:26:01,985 [DEBUG] itemku: 📡 API: https://www.itemku.com/~partytown/proxytown
2026-05-20 11:26:02,006 [DEBUG] itemku: 📡 API: https://www.itemku.com/~partytown/proxytown
2026-05-20 11:26:02,014 [DEBUG] itemku: 📡 API: https://www.itemku.com/~partytown/proxytown
2026-05-20 11:26:02,042 [DEBUG] itemku: 📡 API: https://www.itemku.com/~partytown/proxytown
2026-05-20 11:26:02,049 [DEBUG] itemku: 📡 API: https://www.itemku.com/~partytown/proxytown
2026-05-20 11:26:02,060 [DEBUG] itemku: 📡 API: https://www.itemku.com/~partytown/proxytown
2026-05-20 11:26:02,066 [DEBUG] itemku: 📡 API: https://www.itemku.com/~partytown/proxytown
2026-05-20 11:26:02,066 [DEBUG] itemku: 📡 API: https://www.itemku.com/~partytown/proxytown
2026-05-20 11:26:02,073 [DEBUG] itemku: 📡 API: https://www.itemku.com/~partytown/proxytown
2026-05-20 11:26:02,074 [DEBUG] itemku: 📡 API: https://www.itemku.com/~partytown/proxytown
2026-05-20 11:26:02,079 [DEBUG] itemku: 📡 API: https://www.itemku.com/~partytown/proxytown
2026-05-20 11:26:02,087 [DEBUG] itemku: 📡 API: https://www.itemku.com/~partytown/proxytown
2026-05-20 11:26:02,098 [DEBUG] itemku: 📡 API: https://www.itemku.com/~partytown/proxytown
2026-05-20 11:26:02,098 [DEBUG] itemku: 📡 API: https://www.itemku.com/~partytown/proxytown
2026-05-20 11:26:02,105 [DEBUG] itemku: 📡 API: https://www.itemku.com/~partytown/proxytown
2026-05-20 11:26:02,114 [DEBUG] itemku: 📡 API: https://www.itemku.com/~partytown/proxytown
2026-05-20 11:26:02,122 [DEBUG] itemku: 📡 API: https://www.itemku.com/~partytown/proxytown
2026-05-20 11:26:02,128 [DEBUG] itemku: 📡 API: https://www.itemku.com/~partytown/proxytown
2026-05-20 11:26:02,128 [DEBUG] itemku: 📡 API: https://www.itemku.com/~partytown/proxytown
2026-05-20 11:26:02,136 [DEBUG] itemku: 📡 API: https://www.itemku.com/~partytown/proxytown
2026-05-20 11:26:02,142 [DEBUG] itemku: 📡 API: https://www.itemku.com/~partytown/proxytown
2026-05-20 11:26:02,143 [DEBUG] itemku: 📡 API: https://www.itemku.com/~partytown/proxytown
2026-05-20 11:26:02,162 [DEBUG] itemku: 📡 API: https://www.itemku.com/~partytown/proxytown
2026-05-20 11:26:02,169 [DEBUG] itemku: 📡 API: https://www.itemku.com/~partytown/proxytown
2026-05-20 11:26:02,170 [DEBUG] itemku: 📡 API: https://www.itemku.com/~partytown/proxytown
2026-05-20 11:26:02,176 [DEBUG] itemku: 📡 API: https://www.itemku.com/~partytown/proxytown
2026-05-20 11:26:02,185 [DEBUG] itemku: 📡 API: https://www.itemku.com/~partytown/proxytown
2026-05-20 11:26:02,185 [DEBUG] itemku: 📡 API: https://www.itemku.com/~partytown/proxytown
2026-05-20 11:26:02,188 [DEBUG] itemku: 📡 API: https://www.itemku.com/~partytown/proxytown
2026-05-20 11:26:02,197 [DEBUG] itemku: 📡 API: https://www.itemku.com/~partytown/proxytown
2026-05-20 11:26:02,206 [DEBUG] itemku: 📡 API: https://www.itemku.com/~partytown/proxytown
2026-05-20 11:26:02,206 [DEBUG] itemku: 📡 API: https://www.itemku.com/~partytown/proxytown
2026-05-20 11:26:02,214 [DEBUG] itemku: 📡 API: https://www.itemku.com/~partytown/proxytown
2026-05-20 11:26:02,214 [DEBUG] itemku: 📡 API: https://www.itemku.com/~partytown/proxytown
2026-05-20 11:26:02,217 [DEBUG] itemku: 📡 API: https://www.itemku.com/~partytown/proxytown
2026-05-20 11:26:02,225 [DEBUG] itemku: 📡 API: https://www.itemku.com/~partytown/proxytown
2026-05-20 11:26:02,229 [DEBUG] itemku: 📡 API: https://www.itemku.com/~partytown/proxytown
2026-05-20 11:26:02,233 [DEBUG] itemku: 📡 API: https://www.itemku.com/~partytown/proxytown
2026-05-20 11:26:02,238 [DEBUG] itemku: 📡 API: https://www.itemku.com/~partytown/proxytown
2026-05-20 11:26:02,242 [DEBUG] itemku: 📡 API: https://www.itemku.com/~partytown/proxytown
2026-05-20 11:26:02,246 [DEBUG] itemku: 📡 API: https://www.itemku.com/~partytown/proxytown
2026-05-20 11:26:02,254 [DEBUG] itemku: 📡 API: https://www.itemku.com/~partytown/proxytown
2026-05-20 11:26:02,257 [DEBUG] itemku: 📡 API: https://www.itemku.com/~partytown/proxytown
2026-05-20 11:26:02,264 [DEBUG] itemku: 📡 API: https://www.itemku.com/~partytown/proxytown
2026-05-20 11:26:02,268 [DEBUG] itemku: 📡 API: https://www.itemku.com/~partytown/proxytown
2026-05-20 11:26:02,273 [DEBUG] itemku: 📡 API: https://www.itemku.com/~partytown/proxytown
2026-05-20 11:26:02,278 [DEBUG] itemku: 📡 API: https://www.itemku.com/~partytown/proxytown
2026-05-20 11:26:02,286 [DEBUG] itemku: 📡 API: https://www.itemku.com/~partytown/proxytown
2026-05-20 11:26:02,292 [DEBUG] itemku: 📡 API: https://www.itemku.com/~partytown/proxytown
2026-05-20 11:26:02,300 [DEBUG] itemku: 📡 API: https://www.itemku.com/~partytown/proxytown
2026-05-20 11:26:02,309 [DEBUG] itemku: 📡 API: https://www.itemku.com/~partytown/proxytown
2026-05-20 11:26:02,318 [DEBUG] itemku: 📡 API: https://www.itemku.com/~partytown/proxytown
2026-05-20 11:26:02,363 [DEBUG] itemku: 📡 API: https://www.itemku.com/~partytown/proxytown
2026-05-20 11:26:02,370 [DEBUG] itemku: 📡 API: https://script.crazyegg.com/pages/data-scripts/0113/7987/site/www.itemku.com.json?t=1
2026-05-20 11:26:02,374 [DEBUG] itemku: 📡 API: https://www.itemku.com/~partytown/proxytown
2026-05-20 11:26:02,418 [DEBUG] itemku: 📡 API: https://www.itemku.com/~partytown/proxytown
2026-05-20 11:26:02,436 [DEBUG] itemku: 📡 API: https://www.itemku.com/~partytown/proxytown
2026-05-20 11:26:02,438 [DEBUG] itemku: 📡 API: https://www.itemku.com/~partytown/proxytown
2026-05-20 11:26:02,498 [DEBUG] itemku: 📡 API: https://www.itemku.com/~partytown/proxytown
2026-05-20 11:26:02,504 [DEBUG] itemku: 📡 API: https://www.itemku.com/~partytown/proxytown
2026-05-20 11:26:02,513 [DEBUG] itemku: 📡 API: https://www.itemku.com/~partytown/proxytown
2026-05-20 11:26:02,526 [DEBUG] itemku: 📡 API: https://www.itemku.com/~partytown/proxytown
2026-05-20 11:26:02,527 [DEBUG] itemku: 📡 API: https://www.itemku.com/~partytown/proxytown
2026-05-20 11:26:02,541 [DEBUG] itemku: 📡 API: https://www.itemku.com/~partytown/proxytown
2026-05-20 11:26:02,541 [DEBUG] itemku: 📡 API: https://www.itemku.com/~partytown/proxytown
2026-05-20 11:26:02,547 [DEBUG] itemku: 📡 API: https://www.itemku.com/~partytown/proxytown
2026-05-20 11:26:02,552 [DEBUG] itemku: 📡 API: https://www.itemku.com/~partytown/proxytown
2026-05-20 11:26:02,560 [DEBUG] itemku: 📡 API: https://www.itemku.com/~partytown/proxytown
2026-05-20 11:26:02,566 [DEBUG] itemku: 📡 API: https://www.itemku.com/~partytown/proxytown
2026-05-20 11:26:02,573 [DEBUG] itemku: 📡 API: https://www.itemku.com/~partytown/proxytown
2026-05-20 11:26:02,587 [DEBUG] itemku: 📡 API: https://www.itemku.com/~partytown/proxytown
2026-05-20 11:26:02,588 [DEBUG] itemku: 📡 API: https://www.itemku.com/~partytown/proxytown
2026-05-20 11:26:02,600 [DEBUG] itemku: 📡 API: https://www.itemku.com/~partytown/proxytown
2026-05-20 11:26:02,600 [DEBUG] itemku: 📡 API: https://www.itemku.com/~partytown/proxytown
2026-05-20 11:26:02,609 [DEBUG] itemku: 📡 API: https://www.itemku.com/~partytown/proxytown
2026-05-20 11:26:02,626 [DEBUG] itemku: 📡 API: https://www.itemku.com/~partytown/proxytown
2026-05-20 11:26:02,626 [DEBUG] itemku: 📡 API: https://www.itemku.com/~partytown/proxytown
2026-05-20 11:26:02,672 [DEBUG] itemku: 📡 API: https://script.crazyegg.com/pages/data-scripts/0113/7987/sampling/www.itemku.com.json?t=1
2026-05-20 11:26:02,679 [DEBUG] itemku: 📡 API: https://www.itemku.com/~partytown/proxytown
2026-05-20 11:26:02,686 [DEBUG] itemku: 📡 API: https://www.itemku.com/~partytown/proxytown
2026-05-20 11:26:02,687 [DEBUG] itemku: 📡 API: https://www.itemku.com/~partytown/proxytown
2026-05-20 11:26:02,691 [DEBUG] itemku: 📡 API: https://www.itemku.com/~partytown/proxytown
2026-05-20 11:26:02,697 [DEBUG] itemku: 📡 API: https://www.itemku.com/~partytown/proxytown
2026-05-20 11:26:02,705 [DEBUG] itemku: 📡 API: https://www.itemku.com/~partytown/proxytown
2026-05-20 11:26:02,705 [DEBUG] itemku: 📡 API: https://www.itemku.com/~partytown/proxytown
2026-05-20 11:26:02,713 [DEBUG] itemku: 📡 API: https://www.itemku.com/~partytown/proxytown
2026-05-20 11:26:02,718 [DEBUG] itemku: 📡 API: https://www.itemku.com/~partytown/proxytown
2026-05-20 11:26:02,719 [DEBUG] itemku: 📡 API: https://www.itemku.com/~partytown/proxytown
2026-05-20 11:26:02,722 [DEBUG] itemku: 📡 API: https://www.itemku.com/~partytown/proxytown
2026-05-20 11:26:02,729 [DEBUG] itemku: 📡 API: https://www.itemku.com/~partytown/proxytown
2026-05-20 11:26:02,737 [DEBUG] itemku: 📡 API: https://www.itemku.com/~partytown/proxytown
2026-05-20 11:26:02,737 [DEBUG] itemku: 📡 API: https://www.itemku.com/~partytown/proxytown
2026-05-20 11:26:02,742 [DEBUG] itemku: 📡 API: https://www.itemku.com/~partytown/proxytown
2026-05-20 11:26:02,748 [DEBUG] itemku: 📡 API: https://www.itemku.com/~partytown/proxytown
2026-05-20 11:26:02,752 [DEBUG] itemku: 📡 API: https://www.itemku.com/~partytown/proxytown
2026-05-20 11:26:02,758 [DEBUG] itemku: 📡 API: https://www.itemku.com/~partytown/proxytown
2026-05-20 11:26:02,764 [DEBUG] itemku: 📡 API: https://www.itemku.com/~partytown/proxytown
2026-05-20 11:26:02,769 [DEBUG] itemku: 📡 API: https://www.itemku.com/~partytown/proxytown
2026-05-20 11:26:02,776 [DEBUG] itemku: 📡 API: https://www.itemku.com/~partytown/proxytown
2026-05-20 11:26:02,783 [DEBUG] itemku: 📡 API: https://www.itemku.com/~partytown/proxytown
2026-05-20 11:26:02,789 [DEBUG] itemku: 📡 API: https://www.itemku.com/~partytown/proxytown
2026-05-20 11:26:02,789 [DEBUG] itemku: 📡 API: https://www.itemku.com/~partytown/proxytown
2026-05-20 11:26:02,796 [DEBUG] itemku: 📡 API: https://www.itemku.com/~partytown/proxytown
2026-05-20 11:26:02,796 [DEBUG] itemku: 📡 API: https://www.itemku.com/~partytown/proxytown
2026-05-20 11:26:02,802 [DEBUG] itemku: 📡 API: https://www.itemku.com/~partytown/proxytown
2026-05-20 11:26:02,810 [DEBUG] itemku: 📡 API: https://www.itemku.com/~partytown/proxytown
2026-05-20 11:26:02,813 [DEBUG] itemku: 📡 API: https://www.itemku.com/~partytown/proxytown
2026-05-20 11:26:02,818 [DEBUG] itemku: 📡 API: https://www.itemku.com/~partytown/proxytown
2026-05-20 11:26:02,819 [DEBUG] itemku: 📡 API: https://www.itemku.com/~partytown/proxytown
2026-05-20 11:26:02,827 [DEBUG] itemku: 📡 API: https://www.itemku.com/~partytown/proxytown
2026-05-20 11:26:02,830 [DEBUG] itemku: 📡 API: https://www.itemku.com/~partytown/proxytown
2026-05-20 11:26:02,837 [DEBUG] itemku: 📡 API: https://www.itemku.com/~partytown/proxytown
2026-05-20 11:26:02,837 [DEBUG] itemku: 📡 API: https://www.itemku.com/~partytown/proxytown
2026-05-20 11:26:02,843 [DEBUG] itemku: 📡 API: https://www.itemku.com/~partytown/proxytown
2026-05-20 11:26:02,848 [DEBUG] itemku: 📡 API: https://www.itemku.com/~partytown/proxytown
2026-05-20 11:26:02,848 [DEBUG] itemku: 📡 API: https://www.itemku.com/~partytown/proxytown
2026-05-20 11:26:02,853 [DEBUG] itemku: 📡 API: https://www.itemku.com/~partytown/proxytown
2026-05-20 11:26:02,858 [DEBUG] itemku: 📡 API: https://www.itemku.com/~partytown/proxytown
2026-05-20 11:26:02,867 [DEBUG] itemku: 📡 API: https://www.itemku.com/~partytown/proxytown
2026-05-20 11:26:02,872 [DEBUG] itemku: 📡 API: https://www.itemku.com/~partytown/proxytown
2026-05-20 11:26:02,879 [DEBUG] itemku: 📡 API: https://www.itemku.com/~partytown/proxytown
2026-05-20 11:26:02,886 [DEBUG] itemku: 📡 API: https://www.itemku.com/~partytown/proxytown
2026-05-20 11:26:02,895 [DEBUG] itemku: 📡 API: https://www.itemku.com/~partytown/proxytown
2026-05-20 11:26:02,900 [DEBUG] itemku: 📡 API: https://www.itemku.com/~partytown/proxytown
2026-05-20 11:26:02,907 [DEBUG] itemku: 📡 API: https://www.itemku.com/~partytown/proxytown
2026-05-20 11:26:02,907 [DEBUG] itemku: 📡 API: https://www.itemku.com/~partytown/proxytown
2026-05-20 11:26:02,915 [DEBUG] itemku: 📡 API: https://www.itemku.com/~partytown/proxytown
2026-05-20 11:26:02,918 [DEBUG] itemku: 📡 API: https://www.itemku.com/~partytown/proxytown
2026-05-20 11:26:02,920 [DEBUG] itemku: 📡 API: https://www.itemku.com/~partytown/proxytown
2026-05-20 11:26:02,926 [DEBUG] itemku: 📡 API: https://www.itemku.com/~partytown/proxytown
2026-05-20 11:26:02,926 [DEBUG] itemku: 📡 API: https://www.itemku.com/~partytown/proxytown
2026-05-20 11:26:02,930 [DEBUG] itemku: 📡 API: https://www.itemku.com/~partytown/proxytown
2026-05-20 11:26:02,937 [DEBUG] itemku: 📡 API: https://www.itemku.com/~partytown/proxytown
2026-05-20 11:26:02,937 [DEBUG] itemku: 📡 API: https://www.itemku.com/~partytown/proxytown
2026-05-20 11:26:02,943 [DEBUG] itemku: 📡 API: https://www.itemku.com/~partytown/proxytown
2026-05-20 11:26:02,948 [DEBUG] itemku: 📡 API: https://www.itemku.com/~partytown/proxytown
2026-05-20 11:26:02,954 [DEBUG] itemku: 📡 API: https://www.itemku.com/~partytown/proxytown
2026-05-20 11:26:02,960 [DEBUG] itemku: 📡 API: https://www.itemku.com/~partytown/proxytown
2026-05-20 11:26:02,960 [DEBUG] itemku: 📡 API: https://www.itemku.com/~partytown/proxytown
2026-05-20 11:26:02,966 [DEBUG] itemku: 📡 API: https://www.itemku.com/~partytown/proxytown
2026-05-20 11:26:02,976 [DEBUG] itemku: 📡 API: https://www.itemku.com/~partytown/proxytown
2026-05-20 11:26:02,976 [DEBUG] itemku: 📡 API: https://www.itemku.com/~partytown/proxytown
2026-05-20 11:26:02,984 [DEBUG] itemku: 📡 API: https://www.itemku.com/~partytown/proxytown
2026-05-20 11:26:02,989 [DEBUG] itemku: 📡 API: https://www.itemku.com/~partytown/proxytown
2026-05-20 11:26:02,989 [DEBUG] itemku: 📡 API: https://www.itemku.com/~partytown/proxytown
2026-05-20 11:26:02,995 [DEBUG] itemku: 📡 API: https://www.itemku.com/~partytown/proxytown
2026-05-20 11:26:03,000 [DEBUG] itemku: 📡 API: https://www.itemku.com/~partytown/proxytown
2026-05-20 11:26:03,003 [DEBUG] itemku: 📡 API: https://www.itemku.com/~partytown/proxytown
2026-05-20 11:26:03,011 [DEBUG] itemku: 📡 API: https://www.itemku.com/~partytown/proxytown
2026-05-20 11:26:03,016 [DEBUG] itemku: 📡 API: https://www.itemku.com/~partytown/proxytown
2026-05-20 11:26:03,022 [DEBUG] itemku: 📡 API: https://www.itemku.com/~partytown/proxytown
2026-05-20 11:26:03,031 [DEBUG] itemku: 📡 API: https://www.itemku.com/~partytown/proxytown
2026-05-20 11:26:03,031 [DEBUG] itemku: 📡 API: https://www.itemku.com/~partytown/proxytown
2026-05-20 11:26:03,032 [DEBUG] itemku: 📡 API: https://www.itemku.com/~partytown/proxytown
2026-05-20 11:26:03,048 [DEBUG] itemku: 📡 API: https://www.itemku.com/~partytown/proxytown
2026-05-20 11:26:03,056 [DEBUG] itemku: 📡 API: https://www.itemku.com/~partytown/proxytown
2026-05-20 11:26:03,056 [DEBUG] itemku: 📡 API: https://www.itemku.com/~partytown/proxytown
2026-05-20 11:26:03,063 [DEBUG] itemku: 📡 API: https://www.itemku.com/~partytown/proxytown
2026-05-20 11:26:03,063 [DEBUG] itemku: 📡 API: https://www.itemku.com/~partytown/proxytown
2026-05-20 11:26:03,074 [DEBUG] itemku: 📡 API: https://www.itemku.com/~partytown/proxytown
2026-05-20 11:26:03,086 [DEBUG] itemku: 📡 API: https://www.itemku.com/~partytown/proxytown
2026-05-20 11:26:03,088 [DEBUG] itemku: 📡 API: https://www.itemku.com/~partytown/proxytown
2026-05-20 11:26:03,094 [DEBUG] itemku: 📡 API: https://www.itemku.com/~partytown/proxytown
2026-05-20 11:26:03,100 [DEBUG] itemku: 📡 API: https://www.itemku.com/~partytown/proxytown
2026-05-20 11:26:03,101 [DEBUG] itemku: 📡 API: https://www.itemku.com/~partytown/proxytown
2026-05-20 11:26:03,105 [DEBUG] itemku: 📡 API: https://www.itemku.com/~partytown/proxytown
2026-05-20 11:26:03,112 [DEBUG] itemku: 📡 API: https://www.itemku.com/~partytown/proxytown
2026-05-20 11:26:03,118 [DEBUG] itemku: 📡 API: https://www.itemku.com/~partytown/proxytown
2026-05-20 11:26:03,119 [DEBUG] itemku: 📡 API: https://www.itemku.com/~partytown/proxytown
2026-05-20 11:26:03,126 [DEBUG] itemku: 📡 API: https://www.itemku.com/~partytown/proxytown
2026-05-20 11:26:03,131 [DEBUG] itemku: 📡 API: https://www.itemku.com/~partytown/proxytown
2026-05-20 11:26:03,134 [DEBUG] itemku: 📡 API: https://www.itemku.com/~partytown/proxytown
2026-05-20 11:26:03,134 [DEBUG] itemku: 📡 API: https://www.itemku.com/~partytown/proxytown
2026-05-20 11:26:03,139 [DEBUG] itemku: 📡 API: https://www.itemku.com/~partytown/proxytown
2026-05-20 11:26:03,146 [DEBUG] itemku: 📡 API: https://www.itemku.com/~partytown/proxytown
2026-05-20 11:26:03,146 [DEBUG] itemku: 📡 API: https://www.itemku.com/~partytown/proxytown
2026-05-20 11:26:03,153 [DEBUG] itemku: 📡 API: https://www.itemku.com/~partytown/proxytown
2026-05-20 11:26:03,157 [DEBUG] itemku: 📡 API: https://www.itemku.com/~partytown/proxytown
2026-05-20 11:26:03,158 [DEBUG] itemku: 📡 API: https://www.itemku.com/~partytown/proxytown
2026-05-20 11:26:03,162 [DEBUG] itemku: 📡 API: https://www.itemku.com/~partytown/proxytown
2026-05-20 11:26:03,171 [DEBUG] itemku: 📡 API: https://www.itemku.com/~partytown/proxytown
2026-05-20 11:26:03,174 [DEBUG] itemku: 📡 API: https://www.itemku.com/~partytown/proxytown
2026-05-20 11:26:03,174 [DEBUG] itemku: 📡 API: https://www.itemku.com/~partytown/proxytown
2026-05-20 11:26:03,180 [DEBUG] itemku: 📡 API: https://www.itemku.com/~partytown/proxytown
2026-05-20 11:26:03,187 [DEBUG] itemku: 📡 API: https://www.itemku.com/~partytown/proxytown
2026-05-20 11:26:03,187 [DEBUG] itemku: 📡 API: https://www.itemku.com/~partytown/proxytown
2026-05-20 11:26:03,195 [DEBUG] itemku: 📡 API: https://www.itemku.com/~partytown/proxytown
2026-05-20 11:26:03,202 [DEBUG] itemku: 📡 API: https://www.itemku.com/~partytown/proxytown
2026-05-20 11:26:03,208 [DEBUG] itemku: 📡 API: https://www.itemku.com/~partytown/proxytown
2026-05-20 11:26:03,208 [DEBUG] itemku: 📡 API: https://www.itemku.com/~partytown/proxytown
2026-05-20 11:26:03,216 [DEBUG] itemku: 📡 API: https://www.itemku.com/~partytown/proxytown
2026-05-20 11:26:03,217 [DEBUG] itemku: 📡 API: https://www.itemku.com/~partytown/proxytown
2026-05-20 11:26:03,226 [DEBUG] itemku: 📡 API: https://www.itemku.com/~partytown/proxytown
2026-05-20 11:26:03,227 [DEBUG] itemku: 📡 API: https://www.itemku.com/~partytown/proxytown
2026-05-20 11:26:03,237 [DEBUG] itemku: 📡 API: https://www.itemku.com/~partytown/proxytown
2026-05-20 11:26:03,240 [DEBUG] itemku: 📡 API: https://www.itemku.com/~partytown/proxytown
2026-05-20 11:26:03,246 [DEBUG] itemku: 📡 API: https://www.itemku.com/~partytown/proxytown
2026-05-20 11:26:03,247 [DEBUG] itemku: 📡 API: https://www.itemku.com/~partytown/proxytown
2026-05-20 11:26:03,254 [DEBUG] itemku: 📡 API: https://www.itemku.com/~partytown/proxytown
2026-05-20 11:26:03,259 [DEBUG] itemku: 📡 API: https://www.itemku.com/~partytown/proxytown
2026-05-20 11:26:03,260 [DEBUG] itemku: 📡 API: https://www.itemku.com/~partytown/proxytown
2026-05-20 11:26:03,264 [DEBUG] itemku: 📡 API: https://www.itemku.com/~partytown/proxytown
2026-05-20 11:26:03,270 [DEBUG] itemku: 📡 API: https://www.itemku.com/~partytown/proxytown
2026-05-20 11:26:03,275 [DEBUG] itemku: 📡 API: https://www.itemku.com/~partytown/proxytown
2026-05-20 11:26:03,281 [DEBUG] itemku: 📡 API: https://www.itemku.com/~partytown/proxytown
2026-05-20 11:26:03,288 [DEBUG] itemku: 📡 API: https://www.itemku.com/~partytown/proxytown
2026-05-20 11:26:03,289 [DEBUG] itemku: 📡 API: https://www.itemku.com/~partytown/proxytown
2026-05-20 11:26:03,295 [DEBUG] itemku: 📡 API: https://www.itemku.com/~partytown/proxytown
2026-05-20 11:26:03,300 [DEBUG] itemku: 📡 API: https://www.itemku.com/~partytown/proxytown
2026-05-20 11:26:03,300 [DEBUG] itemku: 📡 API: https://www.itemku.com/~partytown/proxytown
2026-05-20 11:26:03,308 [DEBUG] itemku: 📡 API: https://www.itemku.com/~partytown/proxytown
2026-05-20 11:26:03,314 [DEBUG] itemku: 📡 API: https://www.itemku.com/~partytown/proxytown
2026-05-20 11:26:03,314 [DEBUG] itemku: 📡 API: https://www.itemku.com/~partytown/proxytown
2026-05-20 11:26:03,319 [DEBUG] itemku: 📡 API: https://www.itemku.com/~partytown/proxytown
2026-05-20 11:26:03,323 [DEBUG] itemku: 📡 API: https://www.itemku.com/~partytown/proxytown
2026-05-20 11:26:03,327 [DEBUG] itemku: 📡 API: https://www.itemku.com/~partytown/proxytown
2026-05-20 11:26:03,337 [DEBUG] itemku: 📡 API: https://www.itemku.com/~partytown/proxytown
2026-05-20 11:26:03,337 [DEBUG] itemku: 📡 API: https://www.itemku.com/~partytown/proxytown
2026-05-20 11:26:03,341 [DEBUG] itemku: 📡 API: https://www.itemku.com/~partytown/proxytown
2026-05-20 11:26:03,346 [DEBUG] itemku: 📡 API: https://www.itemku.com/~partytown/proxytown
2026-05-20 11:26:03,350 [DEBUG] itemku: 📡 API: https://www.itemku.com/~partytown/proxytown
2026-05-20 11:26:03,355 [DEBUG] itemku: 📡 API: https://www.itemku.com/~partytown/proxytown
2026-05-20 11:26:03,359 [DEBUG] itemku: 📡 API: https://www.itemku.com/~partytown/proxytown
2026-05-20 11:26:03,364 [DEBUG] itemku: 📡 API: https://www.itemku.com/~partytown/proxytown
2026-05-20 11:26:03,368 [DEBUG] itemku: 📡 API: https://www.itemku.com/~partytown/proxytown
2026-05-20 11:26:03,371 [DEBUG] itemku: 📡 API: https://www.itemku.com/~partytown/proxytown
2026-05-20 11:26:03,378 [DEBUG] itemku: 📡 API: https://www.itemku.com/~partytown/proxytown
2026-05-20 11:26:03,383 [DEBUG] itemku: 📡 API: https://www.itemku.com/~partytown/proxytown
2026-05-20 11:26:03,390 [DEBUG] itemku: 📡 API: https://www.itemku.com/~partytown/proxytown
2026-05-20 11:26:03,397 [DEBUG] itemku: 📡 API: https://www.itemku.com/~partytown/proxytown
2026-05-20 11:26:03,398 [DEBUG] itemku: 📡 API: https://www.itemku.com/~partytown/proxytown
2026-05-20 11:26:03,407 [DEBUG] itemku: 📡 API: https://www.itemku.com/~partytown/proxytown
2026-05-20 11:26:03,411 [DEBUG] itemku: 📡 API: https://www.itemku.com/~partytown/proxytown
2026-05-20 11:26:03,415 [DEBUG] itemku: 📡 API: https://www.itemku.com/~partytown/proxytown
2026-05-20 11:26:03,415 [DEBUG] itemku: 📡 API: https://www.itemku.com/~partytown/proxytown
2026-05-20 11:26:03,420 [DEBUG] itemku: 📡 API: https://www.itemku.com/~partytown/proxytown
2026-05-20 11:26:03,427 [DEBUG] itemku: 📡 API: https://www.itemku.com/~partytown/proxytown
2026-05-20 11:26:03,435 [DEBUG] itemku: 📡 API: https://www.itemku.com/~partytown/proxytown
2026-05-20 11:26:03,438 [DEBUG] itemku: 📡 API: https://www.itemku.com/~partytown/proxytown
2026-05-20 11:26:03,438 [DEBUG] itemku: 📡 API: https://www.itemku.com/~partytown/proxytown
2026-05-20 11:26:03,446 [DEBUG] itemku: 📡 API: https://www.itemku.com/~partytown/proxytown
2026-05-20 11:26:03,452 [DEBUG] itemku: 📡 API: https://www.itemku.com/~partytown/proxytown
2026-05-20 11:26:03,452 [DEBUG] itemku: 📡 API: https://www.itemku.com/~partytown/proxytown
2026-05-20 11:26:03,461 [DEBUG] itemku: 📡 API: https://www.itemku.com/~partytown/proxytown
2026-05-20 11:26:03,466 [DEBUG] itemku: 📡 API: https://www.itemku.com/~partytown/proxytown
2026-05-20 11:26:03,469 [DEBUG] itemku: 📡 API: https://www.itemku.com/~partytown/proxytown
2026-05-20 11:26:03,501 [DEBUG] itemku: 📡 API: https://www.itemku.com/~partytown/proxytown
2026-05-20 11:26:03,508 [DEBUG] itemku: 📡 API: https://www.itemku.com/~partytown/proxytown
2026-05-20 11:26:03,508 [DEBUG] itemku: 📡 API: https://www.itemku.com/~partytown/proxytown
2026-05-20 11:26:03,515 [DEBUG] itemku: 📡 API: https://www.itemku.com/~partytown/proxytown
2026-05-20 11:26:03,519 [DEBUG] itemku: 📡 API: https://www.itemku.com/~partytown/proxytown
2026-05-20 11:26:03,526 [DEBUG] itemku: 📡 API: https://www.itemku.com/~partytown/proxytown
2026-05-20 11:26:03,526 [DEBUG] itemku: 📡 API: https://www.itemku.com/~partytown/proxytown
2026-05-20 11:26:03,533 [DEBUG] itemku: 📡 API: https://www.itemku.com/~partytown/proxytown
2026-05-20 11:26:03,537 [DEBUG] itemku: 📡 API: https://www.itemku.com/~partytown/proxytown
2026-05-20 11:26:03,540 [DEBUG] itemku: 📡 API: https://www.itemku.com/~partytown/proxytown
2026-05-20 11:26:03,543 [DEBUG] itemku: 📡 API: https://www.itemku.com/~partytown/proxytown
2026-05-20 11:26:03,544 [DEBUG] itemku: 📡 API: https://www.itemku.com/~partytown/proxytown
2026-05-20 11:26:03,552 [DEBUG] itemku: 📡 API: https://www.itemku.com/~partytown/proxytown
2026-05-20 11:26:03,556 [DEBUG] itemku: 📡 API: https://www.itemku.com/~partytown/proxytown
2026-05-20 11:26:03,557 [DEBUG] itemku: 📡 API: https://www.itemku.com/~partytown/proxytown
2026-05-20 11:26:03,566 [DEBUG] itemku: 📡 API: https://www.itemku.com/~partytown/proxytown
2026-05-20 11:26:03,569 [DEBUG] itemku: 📡 API: https://www.itemku.com/~partytown/proxytown
2026-05-20 11:26:03,574 [DEBUG] itemku: 📡 API: https://www.itemku.com/~partytown/proxytown
2026-05-20 11:26:03,577 [DEBUG] itemku: 📡 API: https://www.itemku.com/~partytown/proxytown
2026-05-20 11:26:03,578 [DEBUG] itemku: 📡 API: https://www.itemku.com/~partytown/proxytown
2026-05-20 11:26:03,586 [DEBUG] itemku: 📡 API: https://www.itemku.com/~partytown/proxytown
2026-05-20 11:26:03,586 [DEBUG] itemku: 📡 API: https://www.itemku.com/~partytown/proxytown
2026-05-20 11:26:03,590 [DEBUG] itemku: 📡 API: https://www.itemku.com/~partytown/proxytown
2026-05-20 11:26:03,595 [DEBUG] itemku: 📡 API: https://www.itemku.com/~partytown/proxytown
2026-05-20 11:26:03,601 [DEBUG] itemku: 📡 API: https://www.itemku.com/~partytown/proxytown
2026-05-20 11:26:03,609 [DEBUG] itemku: 📡 API: https://www.itemku.com/~partytown/proxytown
2026-05-20 11:26:03,612 [DEBUG] itemku: 📡 API: https://www.itemku.com/~partytown/proxytown
2026-05-20 11:26:03,612 [DEBUG] itemku: 📡 API: https://www.itemku.com/~partytown/proxytown
2026-05-20 11:26:03,618 [DEBUG] itemku: 📡 API: https://www.itemku.com/~partytown/proxytown
2026-05-20 11:26:03,628 [DEBUG] itemku: 📡 API: https://www.itemku.com/~partytown/proxytown
2026-05-20 11:26:03,629 [DEBUG] itemku: 📡 API: https://www.itemku.com/~partytown/proxytown
2026-05-20 11:26:03,635 [DEBUG] itemku: 📡 API: https://www.itemku.com/~partytown/proxytown
2026-05-20 11:26:03,639 [DEBUG] itemku: 📡 API: https://www.itemku.com/~partytown/proxytown
2026-05-20 11:26:03,639 [DEBUG] itemku: 📡 API: https://www.itemku.com/~partytown/proxytown
2026-05-20 11:26:03,646 [DEBUG] itemku: 📡 API: https://www.itemku.com/~partytown/proxytown
2026-05-20 11:26:03,650 [DEBUG] itemku: 📡 API: https://www.itemku.com/~partytown/proxytown
2026-05-20 11:26:03,655 [DEBUG] itemku: 📡 API: https://www.itemku.com/~partytown/proxytown
2026-05-20 11:26:03,655 [DEBUG] itemku: 📡 API: https://www.itemku.com/~partytown/proxytown
2026-05-20 11:26:03,658 [DEBUG] itemku: 📡 API: https://www.itemku.com/~partytown/proxytown
2026-05-20 11:26:03,662 [DEBUG] itemku: 📡 API: https://www.itemku.com/~partytown/proxytown
2026-05-20 11:26:03,667 [DEBUG] itemku: 📡 API: https://www.itemku.com/~partytown/proxytown
2026-05-20 11:26:03,672 [DEBUG] itemku: 📡 API: https://www.itemku.com/~partytown/proxytown
2026-05-20 11:26:03,684 [DEBUG] itemku: 📡 API: https://www.itemku.com/~partytown/proxytown
2026-05-20 11:26:03,685 [DEBUG] itemku: 📡 API: https://www.itemku.com/~partytown/proxytown
2026-05-20 11:26:03,692 [DEBUG] itemku: 📡 API: https://www.itemku.com/~partytown/proxytown
2026-05-20 11:26:03,692 [DEBUG] itemku: 📡 API: https://www.itemku.com/~partytown/proxytown
2026-05-20 11:26:03,697 [DEBUG] itemku: 📡 API: https://www.itemku.com/~partytown/proxytown
2026-05-20 11:26:03,704 [DEBUG] itemku: 📡 API: https://www.itemku.com/~partytown/proxytown
2026-05-20 11:26:03,712 [DEBUG] itemku: 📡 API: https://www.itemku.com/~partytown/proxytown
2026-05-20 11:26:03,716 [DEBUG] itemku: 📡 API: https://www.itemku.com/~partytown/proxytown
2026-05-20 11:26:03,716 [DEBUG] itemku: 📡 API: https://www.itemku.com/~partytown/proxytown
2026-05-20 11:26:03,721 [DEBUG] itemku: 📡 API: https://www.itemku.com/~partytown/proxytown
2026-05-20 11:26:03,730 [DEBUG] itemku: 📡 API: https://www.itemku.com/~partytown/proxytown
2026-05-20 11:26:03,737 [DEBUG] itemku: 📡 API: https://www.itemku.com/~partytown/proxytown
2026-05-20 11:26:03,748 [DEBUG] itemku: 📡 API: https://www.itemku.com/~partytown/proxytown
2026-05-20 11:26:03,749 [DEBUG] itemku: 📡 API: https://www.itemku.com/~partytown/proxytown
2026-05-20 11:26:03,750 [DEBUG] itemku: 📡 API: https://www.itemku.com/~partytown/proxytown
2026-05-20 11:26:16,798 [INFO] itemku: 📜 Scroll halaman...
2026-05-20 11:26:17,165 [DEBUG] itemku: 📡 API: https://www.itemku.com/~partytown/proxytown
2026-05-20 11:26:18,933 [DEBUG] itemku: 📡 API: https://www.itemku.com/~partytown/proxytown
2026-05-20 11:26:19,164 [DEBUG] itemku: 📡 API: https://www.itemku.com/~partytown/proxytown
2026-05-20 11:26:19,176 [DEBUG] itemku: 📡 API: https://www.itemku.com/~partytown/proxytown
2026-05-20 11:26:19,188 [DEBUG] itemku: 📡 API: https://www.itemku.com/~partytown/proxytown
2026-05-20 11:26:19,194 [DEBUG] itemku: 📡 API: https://www.itemku.com/~partytown/proxytown
2026-05-20 11:26:19,201 [DEBUG] itemku: 📡 API: https://www.itemku.com/~partytown/proxytown
2026-05-20 11:26:19,214 [DEBUG] itemku: 📡 API: https://www.itemku.com/~partytown/proxytown
2026-05-20 11:26:19,215 [DEBUG] itemku: 📡 API: https://www.itemku.com/~partytown/proxytown
2026-05-20 11:26:19,222 [DEBUG] itemku: 📡 API: https://www.itemku.com/~partytown/proxytown
2026-05-20 11:26:19,222 [DEBUG] itemku: 📡 API: https://www.itemku.com/~partytown/proxytown
2026-05-20 11:26:19,227 [DEBUG] itemku: 📡 API: https://www.itemku.com/~partytown/proxytown
2026-05-20 11:26:19,232 [DEBUG] itemku: 📡 API: https://www.itemku.com/~partytown/proxytown
2026-05-20 11:26:19,239 [DEBUG] itemku: 📡 API: https://www.itemku.com/~partytown/proxytown
2026-05-20 11:26:19,252 [DEBUG] itemku: 📡 API: https://www.itemku.com/~partytown/proxytown
2026-05-20 11:26:19,260 [DEBUG] itemku: 📡 API: https://www.itemku.com/~partytown/proxytown
2026-05-20 11:26:19,260 [DEBUG] itemku: 📡 API: https://www.itemku.com/~partytown/proxytown
2026-05-20 11:26:19,267 [DEBUG] itemku: 📡 API: https://www.itemku.com/~partytown/proxytown
2026-05-20 11:26:19,274 [DEBUG] itemku: 📡 API: https://www.itemku.com/~partytown/proxytown
2026-05-20 11:26:19,287 [DEBUG] itemku: 📡 API: https://www.itemku.com/~partytown/proxytown
2026-05-20 11:26:19,287 [DEBUG] itemku: 📡 API: https://www.itemku.com/~partytown/proxytown
2026-05-20 11:26:19,296 [DEBUG] itemku: 📡 API: https://www.itemku.com/~partytown/proxytown
2026-05-20 11:26:19,296 [DEBUG] itemku: 📡 API: https://www.itemku.com/~partytown/proxytown
2026-05-20 11:26:19,298 [DEBUG] itemku: 📡 API: https://www.itemku.com/~partytown/proxytown
2026-05-20 11:26:19,308 [DEBUG] itemku: 📡 API: https://www.itemku.com/~partytown/proxytown
2026-05-20 11:26:19,319 [DEBUG] itemku: 📡 API: https://www.itemku.com/~partytown/proxytown
2026-05-20 11:26:19,319 [DEBUG] itemku: 📡 API: https://www.itemku.com/~partytown/proxytown
2026-05-20 11:26:19,325 [DEBUG] itemku: 📡 API: https://www.itemku.com/~partytown/proxytown
2026-05-20 11:26:19,325 [DEBUG] itemku: 📡 API: https://www.itemku.com/~partytown/proxytown
2026-05-20 11:26:19,333 [DEBUG] itemku: 📡 API: https://www.itemku.com/~partytown/proxytown
2026-05-20 11:26:19,333 [DEBUG] itemku: 📡 API: https://www.itemku.com/~partytown/proxytown
2026-05-20 11:26:19,340 [DEBUG] itemku: 📡 API: https://www.itemku.com/~partytown/proxytown
2026-05-20 11:26:19,345 [DEBUG] itemku: 📡 API: https://www.itemku.com/~partytown/proxytown
2026-05-20 11:26:19,345 [DEBUG] itemku: 📡 API: https://www.itemku.com/~partytown/proxytown
2026-05-20 11:26:19,348 [DEBUG] itemku: 📡 API: https://www.itemku.com/~partytown/proxytown
2026-05-20 11:26:19,354 [DEBUG] itemku: 📡 API: https://www.itemku.com/~partytown/proxytown
2026-05-20 11:26:19,364 [DEBUG] itemku: 📡 API: https://www.itemku.com/~partytown/proxytown
2026-05-20 11:26:19,367 [DEBUG] itemku: 📡 API: https://www.itemku.com/~partytown/proxytown
2026-05-20 11:26:19,371 [DEBUG] itemku: 📡 API: https://www.itemku.com/~partytown/proxytown
2026-05-20 11:26:19,373 [DEBUG] itemku: 📡 API: https://www.itemku.com/~partytown/proxytown
2026-05-20 11:26:19,377 [DEBUG] itemku: 📡 API: https://www.itemku.com/~partytown/proxytown
2026-05-20 11:26:19,380 [DEBUG] itemku: 📡 API: https://www.itemku.com/~partytown/proxytown
2026-05-20 11:26:19,380 [DEBUG] itemku: 📡 API: https://www.itemku.com/~partytown/proxytown
2026-05-20 11:26:19,384 [DEBUG] itemku: 📡 API: https://www.itemku.com/~partytown/proxytown
2026-05-20 11:26:19,391 [DEBUG] itemku: 📡 API: https://www.itemku.com/~partytown/proxytown
2026-05-20 11:26:19,391 [DEBUG] itemku: 📡 API: https://www.itemku.com/~partytown/proxytown
2026-05-20 11:26:19,394 [DEBUG] itemku: 📡 API: https://www.itemku.com/~partytown/proxytown
2026-05-20 11:26:19,397 [DEBUG] itemku: 📡 API: https://www.itemku.com/~partytown/proxytown
2026-05-20 11:26:19,401 [DEBUG] itemku: 📡 API: https://www.itemku.com/~partytown/proxytown
2026-05-20 11:26:19,405 [DEBUG] itemku: 📡 API: https://www.itemku.com/~partytown/proxytown
2026-05-20 11:26:19,408 [DEBUG] itemku: 📡 API: https://www.itemku.com/~partytown/proxytown
2026-05-20 11:26:19,413 [DEBUG] itemku: 📡 API: https://www.itemku.com/~partytown/proxytown
2026-05-20 11:26:19,418 [DEBUG] itemku: 📡 API: https://www.itemku.com/~partytown/proxytown
2026-05-20 11:26:19,422 [DEBUG] itemku: 📡 API: https://www.itemku.com/~partytown/proxytown
2026-05-20 11:26:19,428 [DEBUG] itemku: 📡 API: https://www.itemku.com/~partytown/proxytown
2026-05-20 11:26:19,434 [DEBUG] itemku: 📡 API: https://www.itemku.com/~partytown/proxytown
2026-05-20 11:26:19,436 [DEBUG] itemku: 📡 API: https://www.itemku.com/~partytown/proxytown
2026-05-20 11:26:19,436 [DEBUG] itemku: 📡 API: https://www.itemku.com/~partytown/proxytown
2026-05-20 11:26:20,937 [DEBUG] itemku: 📡 API: https://www.itemku.com/~partytown/proxytown
2026-05-20 11:26:21,125 [DEBUG] itemku: 📡 API: https://www.itemku.com/~partytown/proxytown
2026-05-20 11:26:21,139 [DEBUG] itemku: 📡 API: https://www.itemku.com/~partytown/proxytown
2026-05-20 11:26:21,148 [DEBUG] itemku: 📡 API: https://www.itemku.com/~partytown/proxytown
2026-05-20 11:26:21,162 [DEBUG] itemku: 📡 API: https://www.itemku.com/~partytown/proxytown
2026-05-20 11:26:21,171 [DEBUG] itemku: 📡 API: https://www.itemku.com/~partytown/proxytown
2026-05-20 11:26:21,180 [DEBUG] itemku: 📡 API: https://www.itemku.com/~partytown/proxytown
2026-05-20 11:26:21,194 [DEBUG] itemku: 📡 API: https://www.itemku.com/~partytown/proxytown
2026-05-20 11:26:21,201 [DEBUG] itemku: 📡 API: https://www.itemku.com/~partytown/proxytown
2026-05-20 11:26:21,210 [DEBUG] itemku: 📡 API: https://www.itemku.com/~partytown/proxytown
2026-05-20 11:26:21,214 [DEBUG] itemku: 📡 API: https://www.itemku.com/~partytown/proxytown
2026-05-20 11:26:21,225 [DEBUG] itemku: 📡 API: https://www.itemku.com/~partytown/proxytown
2026-05-20 11:26:21,237 [DEBUG] itemku: 📡 API: https://www.itemku.com/~partytown/proxytown
2026-05-20 11:26:21,242 [DEBUG] itemku: 📡 API: https://www.itemku.com/~partytown/proxytown
2026-05-20 11:26:21,242 [DEBUG] itemku: 📡 API: https://www.itemku.com/~partytown/proxytown
2026-05-20 11:26:21,246 [DEBUG] itemku: 📡 API: https://www.itemku.com/~partytown/proxytown
2026-05-20 11:26:21,249 [DEBUG] itemku: 📡 API: https://www.itemku.com/~partytown/proxytown
2026-05-20 11:26:21,253 [DEBUG] itemku: 📡 API: https://www.itemku.com/~partytown/proxytown
2026-05-20 11:26:21,256 [DEBUG] itemku: 📡 API: https://www.itemku.com/~partytown/proxytown
2026-05-20 11:26:21,260 [DEBUG] itemku: 📡 API: https://www.itemku.com/~partytown/proxytown
2026-05-20 11:26:21,264 [DEBUG] itemku: 📡 API: https://www.itemku.com/~partytown/proxytown
2026-05-20 11:26:21,267 [DEBUG] itemku: 📡 API: https://www.itemku.com/~partytown/proxytown
2026-05-20 11:26:21,271 [DEBUG] itemku: 📡 API: https://www.itemku.com/~partytown/proxytown
2026-05-20 11:26:21,275 [DEBUG] itemku: 📡 API: https://www.itemku.com/~partytown/proxytown
2026-05-20 11:26:21,279 [DEBUG] itemku: 📡 API: https://www.itemku.com/~partytown/proxytown
2026-05-20 11:26:21,284 [DEBUG] itemku: 📡 API: https://www.itemku.com/~partytown/proxytown
2026-05-20 11:26:21,287 [DEBUG] itemku: 📡 API: https://www.itemku.com/~partytown/proxytown
2026-05-20 11:26:21,292 [DEBUG] itemku: 📡 API: https://www.itemku.com/~partytown/proxytown
2026-05-20 11:26:21,298 [DEBUG] itemku: 📡 API: https://www.itemku.com/~partytown/proxytown
2026-05-20 11:26:21,307 [DEBUG] itemku: 📡 API: https://www.itemku.com/~partytown/proxytown
2026-05-20 11:26:21,313 [DEBUG] itemku: 📡 API: https://www.itemku.com/~partytown/proxytown
2026-05-20 11:26:21,315 [DEBUG] itemku: 📡 API: https://www.itemku.com/~partytown/proxytown
2026-05-20 11:26:21,320 [DEBUG] itemku: 📡 API: https://www.itemku.com/~partytown/proxytown
2026-05-20 11:26:21,321 [DEBUG] itemku: 📡 API: https://www.itemku.com/~partytown/proxytown
2026-05-20 11:26:21,328 [DEBUG] itemku: 📡 API: https://www.itemku.com/~partytown/proxytown
2026-05-20 11:26:21,336 [DEBUG] itemku: 📡 API: https://www.itemku.com/~partytown/proxytown
2026-05-20 11:26:21,364 [DEBUG] itemku: 📡 API: https://www.itemku.com/~partytown/proxytown
2026-05-20 11:26:21,371 [DEBUG] itemku: 📡 API: https://www.itemku.com/~partytown/proxytown
2026-05-20 11:26:21,377 [DEBUG] itemku: 📡 API: https://www.itemku.com/~partytown/proxytown
2026-05-20 11:26:21,398 [DEBUG] itemku: 📡 API: https://www.itemku.com/~partytown/proxytown
2026-05-20 11:26:21,402 [DEBUG] itemku: 📡 API: https://www.itemku.com/~partytown/proxytown
2026-05-20 11:26:21,410 [DEBUG] itemku: 📡 API: https://www.itemku.com/~partytown/proxytown
2026-05-20 11:26:21,417 [DEBUG] itemku: 📡 API: https://www.itemku.com/~partytown/proxytown
2026-05-20 11:26:21,418 [DEBUG] itemku: 📡 API: https://www.itemku.com/~partytown/proxytown
2026-05-20 11:26:21,422 [DEBUG] itemku: 📡 API: https://www.itemku.com/~partytown/proxytown
2026-05-20 11:26:21,432 [DEBUG] itemku: 📡 API: https://www.itemku.com/~partytown/proxytown
2026-05-20 11:26:21,432 [DEBUG] itemku: 📡 API: https://www.itemku.com/~partytown/proxytown
2026-05-20 11:26:21,436 [DEBUG] itemku: 📡 API: https://www.itemku.com/~partytown/proxytown
2026-05-20 11:26:21,452 [DEBUG] itemku: 📡 API: https://www.itemku.com/~partytown/proxytown
2026-05-20 11:26:21,463 [DEBUG] itemku: 📡 API: https://www.itemku.com/~partytown/proxytown
2026-05-20 11:26:21,469 [DEBUG] itemku: 📡 API: https://www.itemku.com/~partytown/proxytown
2026-05-20 11:26:21,473 [DEBUG] itemku: 📡 API: https://www.itemku.com/~partytown/proxytown
2026-05-20 11:26:21,478 [DEBUG] itemku: 📡 API: https://www.itemku.com/~partytown/proxytown
2026-05-20 11:26:21,481 [DEBUG] itemku: 📡 API: https://www.itemku.com/~partytown/proxytown
2026-05-20 11:26:21,486 [DEBUG] itemku: 📡 API: https://www.itemku.com/~partytown/proxytown
2026-05-20 11:26:21,489 [DEBUG] itemku: 📡 API: https://www.itemku.com/~partytown/proxytown
2026-05-20 11:26:21,490 [DEBUG] itemku: 📡 API: https://www.itemku.com/~partytown/proxytown
2026-05-20 11:26:23,131 [DEBUG] itemku: 📡 API: https://www.itemku.com/~partytown/proxytown
2026-05-20 11:26:23,139 [DEBUG] itemku: 📡 API: https://www.itemku.com/~partytown/proxytown
2026-05-20 11:26:23,146 [DEBUG] itemku: 📡 API: https://www.itemku.com/~partytown/proxytown
2026-05-20 11:26:23,152 [DEBUG] itemku: 📡 API: https://www.itemku.com/~partytown/proxytown
2026-05-20 11:26:23,157 [DEBUG] itemku: 📡 API: https://www.itemku.com/~partytown/proxytown
2026-05-20 11:26:23,162 [DEBUG] itemku: 📡 API: https://www.itemku.com/~partytown/proxytown
2026-05-20 11:26:23,166 [DEBUG] itemku: 📡 API: https://www.itemku.com/~partytown/proxytown
2026-05-20 11:26:23,174 [DEBUG] itemku: 📡 API: https://www.itemku.com/~partytown/proxytown
2026-05-20 11:26:23,182 [DEBUG] itemku: 📡 API: https://www.itemku.com/~partytown/proxytown
2026-05-20 11:26:23,186 [DEBUG] itemku: 📡 API: https://www.itemku.com/~partytown/proxytown
2026-05-20 11:26:23,187 [DEBUG] itemku: 📡 API: https://www.itemku.com/~partytown/proxytown
2026-05-20 11:26:23,192 [DEBUG] itemku: 📡 API: https://www.itemku.com/~partytown/proxytown
2026-05-20 11:26:23,203 [DEBUG] itemku: 📡 API: https://www.itemku.com/~partytown/proxytown
2026-05-20 11:26:23,203 [DEBUG] itemku: 📡 API: https://www.itemku.com/~partytown/proxytown
2026-05-20 11:26:23,208 [DEBUG] itemku: 📡 API: https://www.itemku.com/~partytown/proxytown
2026-05-20 11:26:23,212 [DEBUG] itemku: 📡 API: https://www.itemku.com/~partytown/proxytown
2026-05-20 11:26:23,217 [DEBUG] itemku: 📡 API: https://www.itemku.com/~partytown/proxytown
2026-05-20 11:26:23,223 [DEBUG] itemku: 📡 API: https://www.itemku.com/~partytown/proxytown
2026-05-20 11:26:23,229 [DEBUG] itemku: 📡 API: https://www.itemku.com/~partytown/proxytown
2026-05-20 11:26:23,233 [DEBUG] itemku: 📡 API: https://www.itemku.com/~partytown/proxytown
2026-05-20 11:26:23,234 [DEBUG] itemku: 📡 API: https://www.itemku.com/~partytown/proxytown
2026-05-20 11:26:23,241 [DEBUG] itemku: 📡 API: https://www.itemku.com/~partytown/proxytown
2026-05-20 11:26:23,244 [DEBUG] itemku: 📡 API: https://www.itemku.com/~partytown/proxytown
2026-05-20 11:26:23,251 [DEBUG] itemku: 📡 API: https://www.itemku.com/~partytown/proxytown
2026-05-20 11:26:23,251 [DEBUG] itemku: 📡 API: https://www.itemku.com/~partytown/proxytown
2026-05-20 11:26:23,258 [DEBUG] itemku: 📡 API: https://www.itemku.com/~partytown/proxytown
2026-05-20 11:26:23,258 [DEBUG] itemku: 📡 API: https://www.itemku.com/~partytown/proxytown
2026-05-20 11:26:23,265 [DEBUG] itemku: 📡 API: https://www.itemku.com/~partytown/proxytown
2026-05-20 11:26:23,265 [DEBUG] itemku: 📡 API: https://www.itemku.com/~partytown/proxytown
2026-05-20 11:26:23,274 [DEBUG] itemku: 📡 API: https://www.itemku.com/~partytown/proxytown
2026-05-20 11:26:23,279 [DEBUG] itemku: 📡 API: https://www.itemku.com/~partytown/proxytown
2026-05-20 11:26:23,280 [DEBUG] itemku: 📡 API: https://www.itemku.com/~partytown/proxytown
2026-05-20 11:26:23,286 [DEBUG] itemku: 📡 API: https://www.itemku.com/~partytown/proxytown
2026-05-20 11:26:23,290 [DEBUG] itemku: 📡 API: https://www.itemku.com/~partytown/proxytown
2026-05-20 11:26:23,290 [DEBUG] itemku: 📡 API: https://www.itemku.com/~partytown/proxytown
2026-05-20 11:26:23,294 [DEBUG] itemku: 📡 API: https://www.itemku.com/~partytown/proxytown
2026-05-20 11:26:23,298 [DEBUG] itemku: 📡 API: https://www.itemku.com/~partytown/proxytown
2026-05-20 11:26:23,304 [DEBUG] itemku: 📡 API: https://www.itemku.com/~partytown/proxytown
2026-05-20 11:26:23,314 [DEBUG] itemku: 📡 API: https://www.itemku.com/~partytown/proxytown
2026-05-20 11:26:23,317 [DEBUG] itemku: 📡 API: https://www.itemku.com/~partytown/proxytown
2026-05-20 11:26:23,317 [DEBUG] itemku: 📡 API: https://www.itemku.com/~partytown/proxytown
2026-05-20 11:26:23,326 [DEBUG] itemku: 📡 API: https://www.itemku.com/~partytown/proxytown
2026-05-20 11:26:23,326 [DEBUG] itemku: 📡 API: https://www.itemku.com/~partytown/proxytown
2026-05-20 11:26:23,333 [DEBUG] itemku: 📡 API: https://www.itemku.com/~partytown/proxytown
2026-05-20 11:26:23,338 [DEBUG] itemku: 📡 API: https://www.itemku.com/~partytown/proxytown
2026-05-20 11:26:23,338 [DEBUG] itemku: 📡 API: https://www.itemku.com/~partytown/proxytown
2026-05-20 11:26:23,346 [DEBUG] itemku: 📡 API: https://www.itemku.com/~partytown/proxytown
2026-05-20 11:26:23,346 [DEBUG] itemku: 📡 API: https://www.itemku.com/~partytown/proxytown
2026-05-20 11:26:23,353 [DEBUG] itemku: 📡 API: https://www.itemku.com/~partytown/proxytown
2026-05-20 11:26:23,359 [DEBUG] itemku: 📡 API: https://www.itemku.com/~partytown/proxytown
2026-05-20 11:26:23,359 [DEBUG] itemku: 📡 API: https://www.itemku.com/~partytown/proxytown
2026-05-20 11:26:23,366 [DEBUG] itemku: 📡 API: https://www.itemku.com/~partytown/proxytown
2026-05-20 11:26:23,368 [DEBUG] itemku: 📡 API: https://www.itemku.com/~partytown/proxytown
2026-05-20 11:26:23,373 [DEBUG] itemku: 📡 API: https://www.itemku.com/~partytown/proxytown
2026-05-20 11:26:23,374 [DEBUG] itemku: 📡 API: https://www.itemku.com/~partytown/proxytown
2026-05-20 11:26:23,375 [DEBUG] itemku: 📡 API: https://www.itemku.com/~partytown/proxytown
2026-05-20 11:26:25,159 [DEBUG] itemku: 📡 API: https://www.itemku.com/~partytown/proxytown
2026-05-20 11:26:25,167 [DEBUG] itemku: 📡 API: https://www.itemku.com/~partytown/proxytown
2026-05-20 11:26:25,173 [DEBUG] itemku: 📡 API: https://www.itemku.com/~partytown/proxytown
2026-05-20 11:26:25,180 [DEBUG] itemku: 📡 API: https://www.itemku.com/~partytown/proxytown
2026-05-20 11:26:25,187 [DEBUG] itemku: 📡 API: https://www.itemku.com/~partytown/proxytown
2026-05-20 11:26:25,187 [DEBUG] itemku: 📡 API: https://www.itemku.com/~partytown/proxytown
2026-05-20 11:26:25,199 [DEBUG] itemku: 📡 API: https://www.itemku.com/~partytown/proxytown
2026-05-20 11:26:25,200 [DEBUG] itemku: 📡 API: https://www.itemku.com/~partytown/proxytown
2026-05-20 11:26:25,210 [DEBUG] itemku: 📡 API: https://www.itemku.com/~partytown/proxytown
2026-05-20 11:26:25,210 [DEBUG] itemku: 📡 API: https://www.itemku.com/~partytown/proxytown
2026-05-20 11:26:25,216 [DEBUG] itemku: 📡 API: https://www.itemku.com/~partytown/proxytown
2026-05-20 11:26:25,220 [DEBUG] itemku: 📡 API: https://www.itemku.com/~partytown/proxytown
2026-05-20 11:26:25,227 [DEBUG] itemku: 📡 API: https://www.itemku.com/~partytown/proxytown
2026-05-20 11:26:25,235 [DEBUG] itemku: 📡 API: https://www.itemku.com/~partytown/proxytown
2026-05-20 11:26:25,236 [DEBUG] itemku: 📡 API: https://www.itemku.com/~partytown/proxytown
2026-05-20 11:26:25,239 [DEBUG] itemku: 📡 API: https://www.itemku.com/~partytown/proxytown
2026-05-20 11:26:25,243 [DEBUG] itemku: 📡 API: https://www.itemku.com/~partytown/proxytown
2026-05-20 11:26:25,249 [DEBUG] itemku: 📡 API: https://www.itemku.com/~partytown/proxytown
2026-05-20 11:26:25,258 [DEBUG] itemku: 📡 API: https://www.itemku.com/~partytown/proxytown
2026-05-20 11:26:25,262 [DEBUG] itemku: 📡 API: https://www.itemku.com/~partytown/proxytown
2026-05-20 11:26:25,267 [DEBUG] itemku: 📡 API: https://www.itemku.com/~partytown/proxytown
2026-05-20 11:26:25,273 [DEBUG] itemku: 📡 API: https://www.itemku.com/~partytown/proxytown
2026-05-20 11:26:25,273 [DEBUG] itemku: 📡 API: https://www.itemku.com/~partytown/proxytown
2026-05-20 11:26:25,282 [DEBUG] itemku: 📡 API: https://www.itemku.com/~partytown/proxytown
2026-05-20 11:26:25,287 [DEBUG] itemku: 📡 API: https://www.itemku.com/~partytown/proxytown
2026-05-20 11:26:25,288 [DEBUG] itemku: 📡 API: https://www.itemku.com/~partytown/proxytown
2026-05-20 11:26:25,297 [DEBUG] itemku: 📡 API: https://www.itemku.com/~partytown/proxytown
2026-05-20 11:26:25,304 [DEBUG] itemku: 📡 API: https://www.itemku.com/~partytown/proxytown
2026-05-20 11:26:25,305 [DEBUG] itemku: 📡 API: https://www.itemku.com/~partytown/proxytown
2026-05-20 11:26:25,311 [DEBUG] itemku: 📡 API: https://www.itemku.com/~partytown/proxytown
2026-05-20 11:26:25,316 [DEBUG] itemku: 📡 API: https://www.itemku.com/~partytown/proxytown
2026-05-20 11:26:25,322 [DEBUG] itemku: 📡 API: https://www.itemku.com/~partytown/proxytown
2026-05-20 11:26:25,322 [DEBUG] itemku: 📡 API: https://www.itemku.com/~partytown/proxytown
2026-05-20 11:26:25,325 [DEBUG] itemku: 📡 API: https://www.itemku.com/~partytown/proxytown
2026-05-20 11:26:25,331 [DEBUG] itemku: 📡 API: https://www.itemku.com/~partytown/proxytown
2026-05-20 11:26:25,338 [DEBUG] itemku: 📡 API: https://www.itemku.com/~partytown/proxytown
2026-05-20 11:26:25,339 [DEBUG] itemku: 📡 API: https://www.itemku.com/~partytown/proxytown
2026-05-20 11:26:25,345 [DEBUG] itemku: 📡 API: https://www.itemku.com/~partytown/proxytown
2026-05-20 11:26:25,368 [DEBUG] itemku: 📡 API: https://www.itemku.com/~partytown/proxytown
2026-05-20 11:26:25,368 [DEBUG] itemku: 📡 API: https://www.itemku.com/~partytown/proxytown
2026-05-20 11:26:25,376 [DEBUG] itemku: 📡 API: https://www.itemku.com/~partytown/proxytown
2026-05-20 11:26:25,380 [DEBUG] itemku: 📡 API: https://www.itemku.com/~partytown/proxytown
2026-05-20 11:26:25,380 [DEBUG] itemku: 📡 API: https://www.itemku.com/~partytown/proxytown
2026-05-20 11:26:25,384 [DEBUG] itemku: 📡 API: https://www.itemku.com/~partytown/proxytown
2026-05-20 11:26:25,389 [DEBUG] itemku: 📡 API: https://www.itemku.com/~partytown/proxytown
2026-05-20 11:26:25,392 [DEBUG] itemku: 📡 API: https://www.itemku.com/~partytown/proxytown
2026-05-20 11:26:25,398 [DEBUG] itemku: 📡 API: https://www.itemku.com/~partytown/proxytown
2026-05-20 11:26:25,403 [DEBUG] itemku: 📡 API: https://www.itemku.com/~partytown/proxytown
2026-05-20 11:26:25,408 [DEBUG] itemku: 📡 API: https://www.itemku.com/~partytown/proxytown
2026-05-20 11:26:25,415 [DEBUG] itemku: 📡 API: https://www.itemku.com/~partytown/proxytown
2026-05-20 11:26:25,415 [DEBUG] itemku: 📡 API: https://www.itemku.com/~partytown/proxytown
2026-05-20 11:26:25,425 [DEBUG] itemku: 📡 API: https://www.itemku.com/~partytown/proxytown
2026-05-20 11:26:25,425 [DEBUG] itemku: 📡 API: https://www.itemku.com/~partytown/proxytown
2026-05-20 11:26:25,426 [DEBUG] itemku: 📡 API: https://www.itemku.com/~partytown/proxytown
2026-05-20 11:26:25,431 [DEBUG] itemku: 📡 API: https://www.itemku.com/~partytown/proxytown
2026-05-20 11:26:25,432 [DEBUG] itemku: 📡 API: https://www.itemku.com/~partytown/proxytown
2026-05-20 11:26:57,407 [INFO] itemku: 💾 Simpan debug...
2026-05-20 11:26:57,765 [DEBUG] itemku: 📡 API: https://www.itemku.com/~partytown/proxytown
2026-05-20 11:26:59,206 [INFO] itemku: 📸 Screenshot tersimpan
2026-05-20 11:26:59,206 [INFO] itemku: 📡 API tertangkap: 560
2026-05-20 11:26:59,207 [INFO] itemku: ✅ Produk dari API: 13
2026-05-20 11:26:59,249 [INFO] itemku: 📦 Total produk: 13
2026-05-20 11:26:59,250 [DEBUG] itemku: ⏳ Delay 3.8s...
2026-05-20 11:27:03,048 [INFO] itemku: 
============================================================
2026-05-20 11:27:03,049 [INFO] itemku: 📂 KATEGORI: honkai-star-rail
2026-05-20 11:27:03,049 [INFO] itemku: ============================================================
2026-05-20 11:27:03,049 [INFO] itemku: 🔍 Scrape kategori:
2026-05-20 11:27:03,050 [INFO] itemku:    URL: https://www.itemku.com/c/honkai-star-rail
2026-05-20 11:27:05,706 [DEBUG] itemku: 📡 API: https://files.itemku.com/language/id.json
2026-05-20 11:27:05,959 [DEBUG] itemku: 📡 API: https://www.itemku.com/~partytown/proxytown
2026-05-20 11:27:05,960 [DEBUG] itemku: 📡 API: https://www.itemku.com/~partytown/proxytown
2026-05-20 11:27:05,966 [DEBUG] itemku: 📡 API: https://www.itemku.com/~partytown/proxytown
2026-05-20 11:27:05,975 [DEBUG] itemku: 📡 API: https://www.itemku.com/~partytown/proxytown
2026-05-20 11:27:05,980 [DEBUG] itemku: 📡 API: https://www.itemku.com/~partytown/proxytown
2026-05-20 11:27:05,985 [DEBUG] itemku: 📡 API: https://www.itemku.com/~partytown/proxytown
2026-05-20 11:27:05,991 [DEBUG] itemku: 📡 API: https://www.itemku.com/~partytown/proxytown
2026-05-20 11:27:05,995 [DEBUG] itemku: 📡 API: https://www.itemku.com/~partytown/proxytown
2026-05-20 11:27:06,000 [DEBUG] itemku: 📡 API: https://www.itemku.com/~partytown/proxytown
2026-05-20 11:27:06,003 [DEBUG] itemku: 📡 API: https://www.itemku.com/~partytown/proxytown
2026-05-20 11:27:06,004 [DEBUG] itemku: 📡 API: https://www.itemku.com/~partytown/proxytown
2026-05-20 11:27:06,011 [DEBUG] itemku: 📡 API: https://www.itemku.com/~partytown/proxytown
2026-05-20 11:27:06,070 [DEBUG] itemku: 📡 API: https://www.itemku.com/~partytown/proxytown
2026-05-20 11:27:06,071 [DEBUG] itemku: 📡 API: https://www.itemku.com/~partytown/proxytown
2026-05-20 11:27:06,094 [DEBUG] itemku: 📡 API: https://www.itemku.com/~partytown/proxytown
2026-05-20 11:27:06,095 [DEBUG] itemku: 📡 API: https://www.itemku.com/~partytown/proxytown
2026-05-20 11:27:06,100 [DEBUG] itemku: 📡 API: https://www.itemku.com/~partytown/proxytown
2026-05-20 11:27:06,101 [DEBUG] itemku: 📡 API: https://www.itemku.com/~partytown/proxytown
2026-05-20 11:27:06,191 [DEBUG] itemku: 📡 API: https://www.itemku.com/~partytown/proxytown
2026-05-20 11:27:06,195 [DEBUG] itemku: 📡 API: https://www.itemku.com/~partytown/proxytown
2026-05-20 11:27:06,203 [DEBUG] itemku: 📡 API: https://www.itemku.com/~partytown/proxytown
2026-05-20 11:27:06,203 [DEBUG] itemku: 📡 API: https://www.itemku.com/~partytown/proxytown
2026-05-20 11:27:06,212 [DEBUG] itemku: 📡 API: https://www.itemku.com/~partytown/proxytown
2026-05-20 11:27:06,217 [DEBUG] itemku: 📡 API: https://www.itemku.com/~partytown/proxytown
2026-05-20 11:27:06,222 [DEBUG] itemku: 📡 API: https://www.itemku.com/~partytown/proxytown
2026-05-20 11:27:06,228 [DEBUG] itemku: 📡 API: https://www.itemku.com/~partytown/proxytown
2026-05-20 11:27:06,233 [DEBUG] itemku: 📡 API: https://www.itemku.com/~partytown/proxytown
2026-05-20 11:27:06,239 [DEBUG] itemku: 📡 API: https://www.itemku.com/~partytown/proxytown
2026-05-20 11:27:06,243 [DEBUG] itemku: 📡 API: https://www.itemku.com/~partytown/proxytown
2026-05-20 11:27:06,248 [DEBUG] itemku: 📡 API: https://www.itemku.com/~partytown/proxytown
2026-05-20 11:27:06,254 [DEBUG] itemku: 📡 API: https://www.itemku.com/~partytown/proxytown
2026-05-20 11:27:06,261 [DEBUG] itemku: 📡 API: https://www.itemku.com/~partytown/proxytown
2026-05-20 11:27:06,262 [DEBUG] itemku: 📡 API: https://www.itemku.com/~partytown/proxytown
2026-05-20 11:27:06,271 [DEBUG] itemku: 📡 API: https://www.itemku.com/~partytown/proxytown
2026-05-20 11:27:06,272 [DEBUG] itemku: 📡 API: https://www.itemku.com/~partytown/proxytown
2026-05-20 11:27:06,287 [DEBUG] itemku: 📡 API: https://www.itemku.com/~partytown/proxytown
2026-05-20 11:27:06,296 [DEBUG] itemku: 📡 API: https://www.itemku.com/~partytown/proxytown
2026-05-20 11:27:06,301 [DEBUG] itemku: 📡 API: https://www.itemku.com/~partytown/proxytown
2026-05-20 11:27:06,305 [DEBUG] itemku: 📡 API: https://www.itemku.com/~partytown/proxytown
2026-05-20 11:27:06,310 [DEBUG] itemku: 📡 API: https://www.itemku.com/~partytown/proxytown
2026-05-20 11:27:06,310 [DEBUG] itemku: 📡 API: https://www.itemku.com/~partytown/proxytown
2026-05-20 11:27:06,318 [DEBUG] itemku: 📡 API: https://www.itemku.com/~partytown/proxytown
2026-05-20 11:27:06,319 [DEBUG] itemku: 📡 API: https://www.itemku.com/~partytown/proxytown
2026-05-20 11:27:06,324 [DEBUG] itemku: 📡 API: https://www.itemku.com/~partytown/proxytown
2026-05-20 11:27:06,330 [DEBUG] itemku: 📡 API: https://www.itemku.com/~partytown/proxytown
2026-05-20 11:27:06,339 [DEBUG] itemku: 📡 API: https://www.itemku.com/~partytown/proxytown
2026-05-20 11:27:06,339 [DEBUG] itemku: 📡 API: https://www.itemku.com/~partytown/proxytown
2026-05-20 11:27:06,345 [DEBUG] itemku: 📡 API: https://www.itemku.com/~partytown/proxytown
2026-05-20 11:27:06,351 [DEBUG] itemku: 📡 API: https://www.itemku.com/~partytown/proxytown
2026-05-20 11:27:06,355 [DEBUG] itemku: 📡 API: https://www.itemku.com/~partytown/proxytown
2026-05-20 11:27:06,363 [DEBUG] itemku: 📡 API: https://www.itemku.com/~partytown/proxytown
2026-05-20 11:27:06,372 [DEBUG] itemku: 📡 API: https://www.itemku.com/~partytown/proxytown
2026-05-20 11:27:06,376 [DEBUG] itemku: 📡 API: https://www.itemku.com/~partytown/proxytown
2026-05-20 11:27:06,383 [DEBUG] itemku: 📡 API: https://www.itemku.com/~partytown/proxytown
2026-05-20 11:27:06,388 [DEBUG] itemku: 📡 API: https://www.itemku.com/~partytown/proxytown
2026-05-20 11:27:06,396 [DEBUG] itemku: 📡 API: https://www.itemku.com/~partytown/proxytown
2026-05-20 11:27:06,401 [DEBUG] itemku: 📡 API: https://www.itemku.com/~partytown/proxytown
2026-05-20 11:27:06,405 [DEBUG] itemku: 📡 API: https://www.itemku.com/~partytown/proxytown
2026-05-20 11:27:06,408 [DEBUG] itemku: 📡 API: https://www.itemku.com/~partytown/proxytown
2026-05-20 11:27:06,408 [DEBUG] itemku: 📡 API: https://www.itemku.com/~partytown/proxytown
2026-05-20 11:27:06,413 [DEBUG] itemku: 📡 API: https://www.itemku.com/~partytown/proxytown
2026-05-20 11:27:06,417 [DEBUG] itemku: 📡 API: https://www.itemku.com/~partytown/proxytown
2026-05-20 11:27:06,421 [DEBUG] itemku: 📡 API: https://www.itemku.com/~partytown/proxytown
2026-05-20 11:27:06,428 [DEBUG] itemku: 📡 API: https://www.itemku.com/~partytown/proxytown
2026-05-20 11:27:06,432 [DEBUG] itemku: 📡 API: https://www.itemku.com/~partytown/proxytown
2026-05-20 11:27:06,436 [DEBUG] itemku: 📡 API: https://www.itemku.com/~partytown/proxytown
2026-05-20 11:27:06,439 [DEBUG] itemku: 📡 API: https://www.itemku.com/~partytown/proxytown
2026-05-20 11:27:06,445 [DEBUG] itemku: 📡 API: https://www.itemku.com/~partytown/proxytown
2026-05-20 11:27:06,445 [DEBUG] itemku: 📡 API: https://www.itemku.com/~partytown/proxytown
2026-05-20 11:27:06,449 [DEBUG] itemku: 📡 API: https://www.itemku.com/~partytown/proxytown
2026-05-20 11:27:06,455 [DEBUG] itemku: 📡 API: https://www.itemku.com/~partytown/proxytown
2026-05-20 11:27:06,461 [DEBUG] itemku: 📡 API: https://www.itemku.com/~partytown/proxytown
2026-05-20 11:27:06,467 [DEBUG] itemku: 📡 API: https://www.itemku.com/~partytown/proxytown
2026-05-20 11:27:06,472 [DEBUG] itemku: 📡 API: https://www.itemku.com/~partytown/proxytown
2026-05-20 11:27:06,473 [DEBUG] itemku: 📡 API: https://www.itemku.com/~partytown/proxytown
2026-05-20 11:27:06,473 [DEBUG] itemku: 📡 API: https://www.itemku.com/~partytown/proxytown
2026-05-20 11:27:06,526 [DEBUG] itemku: 📡 API: https://www.itemku.com/~partytown/proxytown
2026-05-20 11:27:06,526 [DEBUG] itemku: 📡 API: https://www.itemku.com/~partytown/proxytown
2026-05-20 11:27:06,526 [DEBUG] itemku: 📡 API: https://www.itemku.com/~partytown/proxytown
2026-05-20 11:27:06,550 [DEBUG] itemku: 📡 API: https://www.itemku.com/~partytown/proxytown
2026-05-20 11:27:06,556 [DEBUG] itemku: 📡 API: https://www.itemku.com/~partytown/proxytown
2026-05-20 11:27:06,563 [DEBUG] itemku: 📡 API: https://www.itemku.com/~partytown/proxytown
2026-05-20 11:27:06,570 [DEBUG] itemku: 📡 API: https://www.itemku.com/~partytown/proxytown
2026-05-20 11:27:06,577 [DEBUG] itemku: 📡 API: https://www.itemku.com/~partytown/proxytown
2026-05-20 11:27:06,585 [DEBUG] itemku: 📡 API: https://www.itemku.com/~partytown/proxytown
2026-05-20 11:27:06,591 [DEBUG] itemku: 📡 API: https://www.itemku.com/~partytown/proxytown
2026-05-20 11:27:06,591 [DEBUG] itemku: 📡 API: https://www.itemku.com/~partytown/proxytown
2026-05-20 11:27:06,596 [DEBUG] itemku: 📡 API: https://www.itemku.com/~partytown/proxytown
2026-05-20 11:27:06,601 [DEBUG] itemku: 📡 API: https://www.itemku.com/~partytown/proxytown
2026-05-20 11:27:06,607 [DEBUG] itemku: 📡 API: https://www.itemku.com/~partytown/proxytown
2026-05-20 11:27:06,611 [DEBUG] itemku: 📡 API: https://www.itemku.com/~partytown/proxytown
2026-05-20 11:27:06,618 [DEBUG] itemku: 📡 API: https://www.itemku.com/~partytown/proxytown
2026-05-20 11:27:06,625 [DEBUG] itemku: 📡 API: https://www.itemku.com/~partytown/proxytown
2026-05-20 11:27:06,630 [DEBUG] itemku: 📡 API: https://www.itemku.com/~partytown/proxytown
2026-05-20 11:27:06,634 [DEBUG] itemku: 📡 API: https://www.itemku.com/~partytown/proxytown
2026-05-20 11:27:06,638 [DEBUG] itemku: 📡 API: https://www.itemku.com/~partytown/proxytown
2026-05-20 11:27:06,642 [DEBUG] itemku: 📡 API: https://www.itemku.com/~partytown/proxytown
2026-05-20 11:27:06,646 [DEBUG] itemku: 📡 API: https://www.itemku.com/~partytown/proxytown
2026-05-20 11:27:06,650 [DEBUG] itemku: 📡 API: https://www.itemku.com/~partytown/proxytown
2026-05-20 11:27:06,659 [DEBUG] itemku: 📡 API: https://www.itemku.com/~partytown/proxytown
2026-05-20 11:27:06,659 [DEBUG] itemku: 📡 API: https://www.itemku.com/~partytown/proxytown
2026-05-20 11:27:06,668 [DEBUG] itemku: 📡 API: https://www.itemku.com/~partytown/proxytown
2026-05-20 11:27:06,671 [DEBUG] itemku: 📡 API: https://www.itemku.com/~partytown/proxytown
2026-05-20 11:27:06,677 [DEBUG] itemku: 📡 API: https://www.itemku.com/~partytown/proxytown
2026-05-20 11:27:06,681 [DEBUG] itemku: 📡 API: https://www.itemku.com/~partytown/proxytown
2026-05-20 11:27:06,685 [DEBUG] itemku: 📡 API: https://www.itemku.com/~partytown/proxytown
2026-05-20 11:27:06,690 [DEBUG] itemku: 📡 API: https://www.itemku.com/~partytown/proxytown
2026-05-20 11:27:06,694 [DEBUG] itemku: 📡 API: https://www.itemku.com/~partytown/proxytown
2026-05-20 11:27:06,698 [DEBUG] itemku: 📡 API: https://www.itemku.com/~partytown/proxytown
2026-05-20 11:27:06,702 [DEBUG] itemku: 📡 API: https://www.itemku.com/~partytown/proxytown
2026-05-20 11:27:06,712 [DEBUG] itemku: 📡 API: https://www.itemku.com/~partytown/proxytown
2026-05-20 11:27:06,719 [DEBUG] itemku: 📡 API: https://www.itemku.com/~partytown/proxytown
2026-05-20 11:27:06,724 [DEBUG] itemku: 📡 API: https://www.itemku.com/~partytown/proxytown
2026-05-20 11:27:06,728 [DEBUG] itemku: 📡 API: https://www.itemku.com/~partytown/proxytown
2026-05-20 11:27:06,733 [DEBUG] itemku: 📡 API: https://www.itemku.com/~partytown/proxytown
2026-05-20 11:27:06,747 [DEBUG] itemku: 📡 API: https://www.itemku.com/~partytown/proxytown
2026-05-20 11:27:06,751 [DEBUG] itemku: 📡 API: https://www.itemku.com/~partytown/proxytown
2026-05-20 11:27:06,756 [DEBUG] itemku: 📡 API: https://www.itemku.com/~partytown/proxytown
2026-05-20 11:27:06,766 [DEBUG] itemku: 📡 API: https://www.itemku.com/~partytown/proxytown
2026-05-20 11:27:06,770 [DEBUG] itemku: 📡 API: https://www.itemku.com/~partytown/proxytown
2026-05-20 11:27:06,778 [DEBUG] itemku: 📡 API: https://www.itemku.com/~partytown/proxytown
2026-05-20 11:27:06,782 [DEBUG] itemku: 📡 API: https://www.itemku.com/~partytown/proxytown
2026-05-20 11:27:06,791 [DEBUG] itemku: 📡 API: https://www.itemku.com/~partytown/proxytown
2026-05-20 11:27:06,797 [DEBUG] itemku: 📡 API: https://www.itemku.com/~partytown/proxytown
2026-05-20 11:27:06,801 [DEBUG] itemku: 📡 API: https://www.itemku.com/~partytown/proxytown
2026-05-20 11:27:06,982 [DEBUG] itemku: 📡 API: https://www.itemku.com/~partytown/proxytown
2026-05-20 11:27:06,987 [DEBUG] itemku: 📡 API: https://www.itemku.com/~partytown/proxytown
2026-05-20 11:27:06,988 [DEBUG] itemku: 📡 API: https://www.itemku.com/~partytown/proxytown
2026-05-20 11:27:06,993 [DEBUG] itemku: 📡 API: https://www.itemku.com/~partytown/proxytown
2026-05-20 11:27:06,993 [DEBUG] itemku: 📡 API: https://www.itemku.com/~partytown/proxytown
2026-05-20 11:27:06,997 [DEBUG] itemku: 📡 API: https://www.itemku.com/~partytown/proxytown
2026-05-20 11:27:07,004 [DEBUG] itemku: 📡 API: https://www.itemku.com/~partytown/proxytown
2026-05-20 11:27:07,004 [DEBUG] itemku: 📡 API: https://www.itemku.com/~partytown/proxytown
2026-05-20 11:27:07,010 [DEBUG] itemku: 📡 API: https://www.itemku.com/~partytown/proxytown
2026-05-20 11:27:07,163 [DEBUG] itemku: 📡 API: https://www.itemku.com/~partytown/proxytown
2026-05-20 11:27:07,166 [DEBUG] itemku: 📡 API: https://www.itemku.com/~partytown/proxytown
2026-05-20 11:27:07,169 [DEBUG] itemku: 📡 API: https://www.itemku.com/~partytown/proxytown
2026-05-20 11:27:07,203 [DEBUG] itemku: 📡 API: https://www.itemku.com/~partytown/proxytown
2026-05-20 11:27:07,210 [DEBUG] itemku: 📡 API: https://www.itemku.com/~partytown/proxytown
2026-05-20 11:27:07,211 [DEBUG] itemku: 📡 API: https://www.itemku.com/~partytown/proxytown
2026-05-20 11:27:07,211 [DEBUG] itemku: 📡 API: https://www.itemku.com/~partytown/proxytown
2026-05-20 11:27:07,211 [DEBUG] itemku: 📡 API: https://www.itemku.com/~partytown/proxytown
2026-05-20 11:27:07,211 [DEBUG] itemku: 📡 API: https://www.itemku.com/~partytown/proxytown
2026-05-20 11:27:07,211 [DEBUG] itemku: 📡 API: https://www.itemku.com/~partytown/proxytown
2026-05-20 11:27:07,212 [DEBUG] itemku: 📡 API: https://www.itemku.com/~partytown/proxytown
2026-05-20 11:27:07,212 [DEBUG] itemku: 📡 API: https://www.itemku.com/~partytown/proxytown
2026-05-20 11:27:07,212 [DEBUG] itemku: 📡 API: https://www.itemku.com/~partytown/proxytown
2026-05-20 11:27:07,212 [DEBUG] itemku: 📡 API: https://www.itemku.com/~partytown/proxytown
2026-05-20 11:27:07,212 [DEBUG] itemku: 📡 API: https://www.itemku.com/~partytown/proxytown
2026-05-20 11:27:07,212 [DEBUG] itemku: 📡 API: https://www.itemku.com/~partytown/proxytown
2026-05-20 11:27:07,213 [DEBUG] itemku: 📡 API: https://www.itemku.com/~partytown/proxytown
2026-05-20 11:27:07,213 [DEBUG] itemku: 📡 API: https://www.itemku.com/~partytown/proxytown
2026-05-20 11:27:07,213 [DEBUG] itemku: 📡 API: https://www.itemku.com/~partytown/proxytown
2026-05-20 11:27:07,213 [DEBUG] itemku: 📡 API: https://www.itemku.com/~partytown/proxytown
2026-05-20 11:27:07,213 [DEBUG] itemku: 📡 API: https://www.itemku.com/~partytown/proxytown
2026-05-20 11:27:07,213 [DEBUG] itemku: 📡 API: https://www.itemku.com/~partytown/proxytown
2026-05-20 11:27:07,213 [DEBUG] itemku: 📡 API: https://www.itemku.com/~partytown/proxytown
2026-05-20 11:27:07,214 [DEBUG] itemku: 📡 API: https://www.itemku.com/~partytown/proxytown
2026-05-20 11:27:07,256 [DEBUG] itemku: 📡 API: https://www.itemku.com/~partytown/proxytown
2026-05-20 11:27:07,256 [DEBUG] itemku: 📡 API: https://www.itemku.com/~partytown/proxytown
2026-05-20 11:27:07,256 [DEBUG] itemku: 📡 API: https://www.itemku.com/~partytown/proxytown
2026-05-20 11:27:07,262 [DEBUG] itemku: 📡 API: https://www.itemku.com/~partytown/proxytown
2026-05-20 11:27:07,262 [DEBUG] itemku: 📡 API: https://www.itemku.com/~partytown/proxytown
2026-05-20 11:27:07,262 [DEBUG] itemku: 📡 API: https://www.itemku.com/~partytown/proxytown
2026-05-20 11:27:07,263 [DEBUG] itemku: 📡 API: https://www.itemku.com/~partytown/proxytown
2026-05-20 11:27:07,263 [DEBUG] itemku: 📡 API: https://www.itemku.com/~partytown/proxytown
2026-05-20 11:27:07,263 [DEBUG] itemku: 📡 API: https://www.itemku.com/~partytown/proxytown
2026-05-20 11:27:07,263 [DEBUG] itemku: 📡 API: https://www.itemku.com/~partytown/proxytown
2026-05-20 11:27:07,263 [DEBUG] itemku: 📡 API: https://www.itemku.com/~partytown/proxytown
2026-05-20 11:27:07,263 [DEBUG] itemku: 📡 API: https://www.itemku.com/~partytown/proxytown
2026-05-20 11:27:07,263 [DEBUG] itemku: 📡 API: https://www.itemku.com/~partytown/proxytown
2026-05-20 11:27:07,264 [DEBUG] itemku: 📡 API: https://www.itemku.com/~partytown/proxytown
2026-05-20 11:27:07,264 [DEBUG] itemku: 📡 API: https://www.itemku.com/~partytown/proxytown
2026-05-20 11:27:07,264 [DEBUG] itemku: 📡 API: https://www.itemku.com/~partytown/proxytown
2026-05-20 11:27:07,264 [DEBUG] itemku: 📡 API: https://www.itemku.com/~partytown/proxytown
2026-05-20 11:27:07,264 [DEBUG] itemku: 📡 API: https://www.itemku.com/~partytown/proxytown
2026-05-20 11:27:07,264 [DEBUG] itemku: 📡 API: https://www.itemku.com/~partytown/proxytown
2026-05-20 11:27:07,264 [DEBUG] itemku: 📡 API: https://www.itemku.com/~partytown/proxytown
2026-05-20 11:27:07,264 [DEBUG] itemku: 📡 API: https://www.itemku.com/~partytown/proxytown
2026-05-20 11:27:07,265 [DEBUG] itemku: 📡 API: https://www.itemku.com/~partytown/proxytown
2026-05-20 11:27:07,265 [DEBUG] itemku: 📡 API: https://www.itemku.com/~partytown/proxytown
2026-05-20 11:27:07,265 [DEBUG] itemku: 📡 API: https://www.itemku.com/~partytown/proxytown
2026-05-20 11:27:07,265 [DEBUG] itemku: 📡 API: https://www.itemku.com/~partytown/proxytown
2026-05-20 11:27:07,265 [DEBUG] itemku: 📡 API: https://www.itemku.com/~partytown/proxytown
2026-05-20 11:27:07,265 [DEBUG] itemku: 📡 API: https://www.itemku.com/~partytown/proxytown
2026-05-20 11:27:07,265 [DEBUG] itemku: 📡 API: https://www.itemku.com/~partytown/proxytown
2026-05-20 11:27:07,265 [DEBUG] itemku: 📡 API: https://www.itemku.com/~partytown/proxytown
2026-05-20 11:27:07,265 [DEBUG] itemku: 📡 API: https://www.itemku.com/~partytown/proxytown
2026-05-20 11:27:07,266 [DEBUG] itemku: 📡 API: https://www.itemku.com/~partytown/proxytown
2026-05-20 11:27:07,266 [DEBUG] itemku: 📡 API: https://www.itemku.com/~partytown/proxytown
2026-05-20 11:27:07,266 [DEBUG] itemku: 📡 API: https://www.itemku.com/~partytown/proxytown
2026-05-20 11:27:07,266 [DEBUG] itemku: 📡 API: https://www.itemku.com/~partytown/proxytown
2026-05-20 11:27:07,266 [DEBUG] itemku: 📡 API: https://www.itemku.com/~partytown/proxytown
2026-05-20 11:27:07,266 [DEBUG] itemku: 📡 API: https://www.itemku.com/~partytown/proxytown
2026-05-20 11:27:07,266 [DEBUG] itemku: 📡 API: https://www.itemku.com/~partytown/proxytown
2026-05-20 11:27:07,266 [DEBUG] itemku: 📡 API: https://www.itemku.com/~partytown/proxytown
2026-05-20 11:27:07,267 [DEBUG] itemku: 📡 API: https://www.itemku.com/~partytown/proxytown
2026-05-20 11:27:07,267 [DEBUG] itemku: 📡 API: https://www.itemku.com/~partytown/proxytown
2026-05-20 11:27:07,267 [DEBUG] itemku: 📡 API: https://www.itemku.com/~partytown/proxytown
2026-05-20 11:27:07,267 [DEBUG] itemku: 📡 API: https://www.itemku.com/~partytown/proxytown
2026-05-20 11:27:07,267 [DEBUG] itemku: 📡 API: https://www.itemku.com/~partytown/proxytown
2026-05-20 11:27:07,267 [DEBUG] itemku: 📡 API: https://www.itemku.com/~partytown/proxytown
2026-05-20 11:27:07,267 [DEBUG] itemku: 📡 API: https://www.itemku.com/~partytown/proxytown
2026-05-20 11:27:07,267 [DEBUG] itemku: 📡 API: https://www.itemku.com/~partytown/proxytown
2026-05-20 11:27:07,268 [DEBUG] itemku: 📡 API: https://www.itemku.com/~partytown/proxytown
2026-05-20 11:27:07,268 [DEBUG] itemku: 📡 API: https://www.itemku.com/~partytown/proxytown
2026-05-20 11:27:07,268 [DEBUG] itemku: 📡 API: https://www.itemku.com/~partytown/proxytown
2026-05-20 11:27:07,268 [DEBUG] itemku: 📡 API: https://www.itemku.com/~partytown/proxytown
2026-05-20 11:27:07,268 [DEBUG] itemku: 📡 API: https://www.itemku.com/~partytown/proxytown
2026-05-20 11:27:07,268 [DEBUG] itemku: 📡 API: https://www.itemku.com/~partytown/proxytown
2026-05-20 11:27:07,268 [DEBUG] itemku: 📡 API: https://www.itemku.com/~partytown/proxytown
2026-05-20 11:27:07,268 [DEBUG] itemku: 📡 API: https://www.itemku.com/~partytown/proxytown
2026-05-20 11:27:07,268 [DEBUG] itemku: 📡 API: https://www.itemku.com/~partytown/proxytown
2026-05-20 11:27:07,269 [DEBUG] itemku: 📡 API: https://www.itemku.com/~partytown/proxytown
2026-05-20 11:27:07,269 [DEBUG] itemku: 📡 API: https://www.itemku.com/~partytown/proxytown
2026-05-20 11:27:07,269 [DEBUG] itemku: 📡 API: https://www.itemku.com/~partytown/proxytown
2026-05-20 11:27:07,269 [DEBUG] itemku: 📡 API: https://www.itemku.com/~partytown/proxytown
2026-05-20 11:27:07,269 [DEBUG] itemku: 📡 API: https://www.itemku.com/~partytown/proxytown
2026-05-20 11:27:07,269 [DEBUG] itemku: 📡 API: https://www.itemku.com/~partytown/proxytown
2026-05-20 11:27:07,269 [DEBUG] itemku: 📡 API: https://www.itemku.com/~partytown/proxytown
2026-05-20 11:27:07,269 [DEBUG] itemku: 📡 API: https://www.itemku.com/~partytown/proxytown
2026-05-20 11:27:07,269 [DEBUG] itemku: 📡 API: https://www.itemku.com/~partytown/proxytown
2026-05-20 11:27:07,270 [DEBUG] itemku: 📡 API: https://www.itemku.com/~partytown/proxytown
2026-05-20 11:27:07,270 [DEBUG] itemku: 📡 API: https://www.itemku.com/~partytown/proxytown
2026-05-20 11:27:07,270 [DEBUG] itemku: 📡 API: https://www.itemku.com/~partytown/proxytown
2026-05-20 11:27:07,270 [DEBUG] itemku: 📡 API: https://www.itemku.com/~partytown/proxytown
2026-05-20 11:27:07,270 [DEBUG] itemku: 📡 API: https://www.itemku.com/~partytown/proxytown
2026-05-20 11:27:07,270 [DEBUG] itemku: 📡 API: https://www.itemku.com/~partytown/proxytown
2026-05-20 11:27:09,018 [DEBUG] itemku: 📡 API: https://www.itemku.com/_next/data/ox5kkx6ecmuea2igmr6vx/c/tipe-produk.json
2026-05-20 11:27:12,398 [DEBUG] itemku: 📡 API: https://api-gateway.itemku.com/v1/user-location
2026-05-20 11:27:12,446 [DEBUG] itemku: 📡 API: https://api-gateway.itemku.com/v1/product/game-category?country_codes[]=id&slug=mobile-game&is_exclude_empty_game_category_lists=true&per_page=50&is_exclusive=false
2026-05-20 11:27:12,644 [DEBUG] itemku: 📡 API: https://www.itemku.com/~partytown/proxytown
2026-05-20 11:27:12,651 [DEBUG] itemku: 📡 API: https://www.itemku.com/~partytown/proxytown
2026-05-20 11:27:12,657 [DEBUG] itemku: 📡 API: https://www.itemku.com/~partytown/proxytown
2026-05-20 11:27:12,663 [DEBUG] itemku: 📡 API: https://www.itemku.com/~partytown/proxytown
2026-05-20 11:27:12,670 [DEBUG] itemku: 📡 API: https://www.itemku.com/~partytown/proxytown
2026-05-20 11:27:12,675 [DEBUG] itemku: 📡 API: https://www.itemku.com/~partytown/proxytown
2026-05-20 11:27:12,679 [DEBUG] itemku: 📡 API: https://www.itemku.com/~partytown/proxytown
2026-05-20 11:27:12,687 [DEBUG] itemku: 📡 API: https://www.itemku.com/~partytown/proxytown
2026-05-20 11:27:12,691 [DEBUG] itemku: 📡 API: https://www.itemku.com/~partytown/proxytown
2026-05-20 11:27:12,696 [DEBUG] itemku: 📡 API: https://www.itemku.com/~partytown/proxytown
2026-05-20 11:27:12,700 [DEBUG] itemku: 📡 API: https://www.itemku.com/~partytown/proxytown
2026-05-20 11:27:12,705 [DEBUG] itemku: 📡 API: https://www.itemku.com/~partytown/proxytown
2026-05-20 11:27:12,710 [DEBUG] itemku: 📡 API: https://www.itemku.com/~partytown/proxytown
2026-05-20 11:27:12,715 [DEBUG] itemku: 📡 API: https://www.itemku.com/~partytown/proxytown
2026-05-20 11:27:12,724 [DEBUG] itemku: 📡 API: https://www.itemku.com/~partytown/proxytown
2026-05-20 11:27:12,730 [DEBUG] itemku: 📡 API: https://www.itemku.com/~partytown/proxytown
2026-05-20 11:27:12,735 [DEBUG] itemku: 📡 API: https://www.itemku.com/~partytown/proxytown
2026-05-20 11:27:12,744 [DEBUG] itemku: 📡 API: https://www.itemku.com/~partytown/proxytown
2026-05-20 11:27:12,748 [DEBUG] itemku: 📡 API: https://www.itemku.com/~partytown/proxytown
2026-05-20 11:27:12,757 [DEBUG] itemku: 📡 API: https://www.itemku.com/~partytown/proxytown
2026-05-20 11:27:12,762 [DEBUG] itemku: 📡 API: https://www.itemku.com/~partytown/proxytown
2026-05-20 11:27:12,767 [DEBUG] itemku: 📡 API: https://www.itemku.com/~partytown/proxytown
2026-05-20 11:27:12,777 [DEBUG] itemku: 📡 API: https://www.itemku.com/~partytown/proxytown
2026-05-20 11:27:12,782 [DEBUG] itemku: 📡 API: https://www.itemku.com/~partytown/proxytown
2026-05-20 11:27:12,786 [DEBUG] itemku: 📡 API: https://www.itemku.com/~partytown/proxytown
2026-05-20 11:27:12,791 [DEBUG] itemku: 📡 API: https://www.itemku.com/~partytown/proxytown
2026-05-20 11:27:12,801 [DEBUG] itemku: 📡 API: https://www.itemku.com/~partytown/proxytown
2026-05-20 11:27:12,806 [DEBUG] itemku: 📡 API: https://www.itemku.com/~partytown/proxytown
2026-05-20 11:27:12,811 [DEBUG] itemku: 📡 API: https://www.itemku.com/~partytown/proxytown
2026-05-20 11:27:12,823 [DEBUG] itemku: 📡 API: https://www.itemku.com/~partytown/proxytown
2026-05-20 11:27:12,830 [DEBUG] itemku: 📡 API: https://www.itemku.com/~partytown/proxytown
2026-05-20 11:27:12,837 [DEBUG] itemku: 📡 API: https://www.itemku.com/~partytown/proxytown
2026-05-20 11:27:12,859 [DEBUG] itemku: 📡 API: https://www.itemku.com/~partytown/proxytown
2026-05-20 11:27:12,860 [DEBUG] itemku: 📡 API: https://www.itemku.com/~partytown/proxytown
2026-05-20 11:27:12,870 [DEBUG] itemku: 📡 API: https://www.itemku.com/~partytown/proxytown
2026-05-20 11:27:12,874 [DEBUG] itemku: 📡 API: https://www.itemku.com/~partytown/proxytown
2026-05-20 11:27:12,875 [DEBUG] itemku: 📡 API: https://www.itemku.com/~partytown/proxytown
2026-05-20 11:27:12,880 [DEBUG] itemku: 📡 API: https://www.itemku.com/~partytown/proxytown
2026-05-20 11:27:12,885 [DEBUG] itemku: 📡 API: https://www.itemku.com/~partytown/proxytown
2026-05-20 11:27:12,890 [DEBUG] itemku: 📡 API: https://www.itemku.com/~partytown/proxytown
2026-05-20 11:27:12,899 [DEBUG] itemku: 📡 API: https://www.itemku.com/~partytown/proxytown
2026-05-20 11:27:12,917 [DEBUG] itemku: 📡 API: https://www.itemku.com/~partytown/proxytown
2026-05-20 11:27:12,922 [DEBUG] itemku: 📡 API: https://www.itemku.com/~partytown/proxytown
2026-05-20 11:27:12,932 [DEBUG] itemku: 📡 API: https://www.itemku.com/~partytown/proxytown
2026-05-20 11:27:12,935 [DEBUG] itemku: 📡 API: https://www.itemku.com/~partytown/proxytown
2026-05-20 11:27:12,941 [DEBUG] itemku: 📡 API: https://www.itemku.com/~partytown/proxytown
2026-05-20 11:27:12,946 [DEBUG] itemku: 📡 API: https://www.itemku.com/~partytown/proxytown
2026-05-20 11:27:12,954 [DEBUG] itemku: 📡 API: https://www.itemku.com/~partytown/proxytown
2026-05-20 11:27:12,960 [DEBUG] itemku: 📡 API: https://www.itemku.com/~partytown/proxytown
2026-05-20 11:27:12,964 [DEBUG] itemku: 📡 API: https://www.itemku.com/~partytown/proxytown
2026-05-20 11:27:12,969 [DEBUG] itemku: 📡 API: https://www.itemku.com/~partytown/proxytown
2026-05-20 11:27:12,973 [DEBUG] itemku: 📡 API: https://www.itemku.com/~partytown/proxytown
2026-05-20 11:27:12,979 [DEBUG] itemku: 📡 API: https://www.itemku.com/~partytown/proxytown
2026-05-20 11:27:12,983 [DEBUG] itemku: 📡 API: https://www.itemku.com/~partytown/proxytown
2026-05-20 11:27:12,989 [DEBUG] itemku: 📡 API: https://www.itemku.com/~partytown/proxytown
2026-05-20 11:27:12,995 [DEBUG] itemku: 📡 API: https://www.itemku.com/~partytown/proxytown
2026-05-20 11:27:13,004 [DEBUG] itemku: 📡 API: https://www.itemku.com/~partytown/proxytown
2026-05-20 11:27:13,009 [DEBUG] itemku: 📡 API: https://www.itemku.com/~partytown/proxytown
2026-05-20 11:27:13,012 [DEBUG] itemku: 📡 API: https://www.itemku.com/~partytown/proxytown
2026-05-20 11:27:13,017 [DEBUG] itemku: 📡 API: https://www.itemku.com/~partytown/proxytown
2026-05-20 11:27:13,021 [DEBUG] itemku: 📡 API: https://www.itemku.com/~partytown/proxytown
2026-05-20 11:27:13,024 [DEBUG] itemku: 📡 API: https://www.itemku.com/~partytown/proxytown
2026-05-20 11:27:13,030 [DEBUG] itemku: 📡 API: https://www.itemku.com/~partytown/proxytown
2026-05-20 11:27:13,036 [DEBUG] itemku: 📡 API: https://www.itemku.com/~partytown/proxytown
2026-05-20 11:27:13,038 [DEBUG] itemku: 📡 API: https://www.itemku.com/~partytown/proxytown
2026-05-20 11:27:13,041 [DEBUG] itemku: 📡 API: https://www.itemku.com/~partytown/proxytown
2026-05-20 11:27:13,044 [DEBUG] itemku: 📡 API: https://www.itemku.com/~partytown/proxytown
2026-05-20 11:27:13,046 [DEBUG] itemku: 📡 API: https://www.itemku.com/~partytown/proxytown
2026-05-20 11:27:13,052 [DEBUG] itemku: 📡 API: https://www.itemku.com/~partytown/proxytown
2026-05-20 11:27:13,057 [DEBUG] itemku: 📡 API: https://www.itemku.com/~partytown/proxytown
2026-05-20 11:27:13,059 [DEBUG] itemku: 📡 API: https://www.itemku.com/~partytown/proxytown
2026-05-20 11:27:13,062 [DEBUG] itemku: 📡 API: https://www.itemku.com/~partytown/proxytown
2026-05-20 11:27:13,065 [DEBUG] itemku: 📡 API: https://www.itemku.com/~partytown/proxytown
2026-05-20 11:27:13,068 [DEBUG] itemku: 📡 API: https://www.itemku.com/~partytown/proxytown
2026-05-20 11:27:13,071 [DEBUG] itemku: 📡 API: https://www.itemku.com/~partytown/proxytown
2026-05-20 11:27:13,074 [DEBUG] itemku: 📡 API: https://www.itemku.com/~partytown/proxytown
2026-05-20 11:27:13,074 [DEBUG] itemku: 📡 API: https://www.itemku.com/~partytown/proxytown
2026-05-20 11:27:13,074 [DEBUG] itemku: 📡 API: https://www.itemku.com/~partytown/proxytown
2026-05-20 11:27:13,074 [DEBUG] itemku: 📡 API: https://www.itemku.com/~partytown/proxytown
2026-05-20 11:27:13,075 [DEBUG] itemku: 📡 API: https://www.itemku.com/~partytown/proxytown
2026-05-20 11:27:13,075 [DEBUG] itemku: 📡 API: https://www.itemku.com/~partytown/proxytown
2026-05-20 11:27:13,075 [DEBUG] itemku: 📡 API: https://www.itemku.com/~partytown/proxytown
2026-05-20 11:27:13,075 [DEBUG] itemku: 📡 API: https://www.itemku.com/~partytown/proxytown
2026-05-20 11:27:13,076 [DEBUG] itemku: 📡 API: https://www.itemku.com/~partytown/proxytown
2026-05-20 11:27:13,076 [DEBUG] itemku: 📡 API: https://www.itemku.com/~partytown/proxytown
2026-05-20 11:27:13,076 [DEBUG] itemku: 📡 API: https://www.itemku.com/~partytown/proxytown
2026-05-20 11:27:13,076 [DEBUG] itemku: 📡 API: https://www.itemku.com/~partytown/proxytown
2026-05-20 11:27:13,076 [DEBUG] itemku: 📡 API: https://www.itemku.com/~partytown/proxytown
2026-05-20 11:27:13,076 [DEBUG] itemku: 📡 API: https://www.itemku.com/~partytown/proxytown
2026-05-20 11:27:13,077 [DEBUG] itemku: 📡 API: https://www.itemku.com/~partytown/proxytown
2026-05-20 11:27:13,077 [DEBUG] itemku: 📡 API: https://www.itemku.com/~partytown/proxytown
2026-05-20 11:27:13,077 [DEBUG] itemku: 📡 API: https://www.itemku.com/~partytown/proxytown
2026-05-20 11:27:17,516 [DEBUG] itemku: 📡 API: https://files.itemku.com/language/id.json
2026-05-20 11:27:22,462 [INFO] itemku: 📜 Scroll halaman...
2026-05-20 11:27:23,754 [DEBUG] itemku: 📡 API: https://api-gateway.itemku.com/v1/expansion-country?sort=sequence
2026-05-20 11:27:23,756 [DEBUG] itemku: 📡 API: https://api-gateway.itemku.com/v1/metadata/icon-placeholder-mobile-payment
2026-05-20 11:27:25,832 [DEBUG] itemku: 📡 API: https://api-gateway.itemku.com/v1/currency/detail
2026-05-20 11:27:28,107 [DEBUG] itemku: 📡 API: https://api-gateway.itemku.com/v1/product/game-list?per_page=5&sort=latest&country_codes[]=id&utm_src=csr_c2c&is_exclusive=false
2026-05-20 11:27:29,397 [DEBUG] itemku: 📡 API: https://api-gateway.itemku.com/v1/product/game-category-popular?per_page=50&is_exclude_empty_game_category_lists=1&country_codes[]=id&type=1&usecache=false&is_category_v2=true&is_exclusive=false
2026-05-20 11:27:33,595 [DEBUG] itemku: 📡 API: https://api-gateway.itemku.com/v1/user-location
2026-05-20 11:28:03,138 [INFO] itemku: 💾 Simpan debug...
2026-05-20 11:28:04,564 [INFO] itemku: 📸 Screenshot tersimpan
2026-05-20 11:28:04,565 [INFO] itemku: 📡 API tertangkap: 331
2026-05-20 11:28:04,565 [INFO] itemku: ✅ Produk dari API: 13
2026-05-20 11:28:04,583 [INFO] itemku: 📦 Total produk: 13
2026-05-20 11:28:04,584 [DEBUG] itemku: ⏳ Delay 2.6s...
2026-05-20 11:28:07,226 [INFO] itemku: 
============================================================
2026-05-20 11:28:07,226 [INFO] itemku: 📂 KATEGORI: point-blank
2026-05-20 11:28:07,227 [INFO] itemku: ============================================================
2026-05-20 11:28:07,228 [INFO] itemku: 🔍 Scrape kategori:
2026-05-20 11:28:07,228 [INFO] itemku:    URL: https://www.itemku.com/c/point-blank
2026-05-20 11:28:08,744 [DEBUG] itemku: 📡 API: https://files.itemku.com/language/id.json
2026-05-20 11:28:08,962 [DEBUG] itemku: 📡 API: https://www.itemku.com/~partytown/proxytown
2026-05-20 11:28:08,966 [DEBUG] itemku: 📡 API: https://www.itemku.com/~partytown/proxytown
2026-05-20 11:28:08,972 [DEBUG] itemku: 📡 API: https://www.itemku.com/~partytown/proxytown
2026-05-20 11:28:08,979 [DEBUG] itemku: 📡 API: https://www.itemku.com/~partytown/proxytown
2026-05-20 11:28:08,991 [DEBUG] itemku: 📡 API: https://www.itemku.com/~partytown/proxytown
2026-05-20 11:28:08,994 [DEBUG] itemku: 📡 API: https://www.itemku.com/~partytown/proxytown
2026-05-20 11:28:08,995 [DEBUG] itemku: 📡 API: https://www.itemku.com/~partytown/proxytown
2026-05-20 11:28:09,000 [DEBUG] itemku: 📡 API: https://www.itemku.com/~partytown/proxytown
2026-05-20 11:28:09,010 [DEBUG] itemku: 📡 API: https://www.itemku.com/~partytown/proxytown
2026-05-20 11:28:09,013 [DEBUG] itemku: 📡 API: https://www.itemku.com/~partytown/proxytown
2026-05-20 11:28:09,014 [DEBUG] itemku: 📡 API: https://www.itemku.com/~partytown/proxytown
2026-05-20 11:28:09,023 [DEBUG] itemku: 📡 API: https://www.itemku.com/~partytown/proxytown
2026-05-20 11:28:09,111 [DEBUG] itemku: 📡 API: https://www.itemku.com/~partytown/proxytown
2026-05-20 11:28:09,114 [DEBUG] itemku: 📡 API: https://www.itemku.com/~partytown/proxytown
2026-05-20 11:28:09,156 [DEBUG] itemku: 📡 API: https://www.itemku.com/_next/data/ox5kkx6ecmuea2igmr6vx/c/tipe-produk.json
2026-05-20 11:28:09,170 [DEBUG] itemku: 📡 API: https://www.itemku.com/~partytown/proxytown
2026-05-20 11:28:09,181 [DEBUG] itemku: 📡 API: https://www.itemku.com/~partytown/proxytown
2026-05-20 11:28:09,181 [DEBUG] itemku: 📡 API: https://www.itemku.com/~partytown/proxytown
2026-05-20 11:28:09,181 [DEBUG] itemku: 📡 API: https://www.itemku.com/~partytown/proxytown
2026-05-20 11:28:09,271 [DEBUG] itemku: 📡 API: https://www.itemku.com/~partytown/proxytown
2026-05-20 11:28:09,283 [DEBUG] itemku: 📡 API: https://www.itemku.com/~partytown/proxytown
2026-05-20 11:28:09,302 [DEBUG] itemku: 📡 API: https://www.itemku.com/~partytown/proxytown
2026-05-20 11:28:09,304 [DEBUG] itemku: 📡 API: https://www.itemku.com/~partytown/proxytown
2026-05-20 11:28:09,321 [DEBUG] itemku: 📡 API: https://www.itemku.com/~partytown/proxytown
2026-05-20 11:28:09,328 [DEBUG] itemku: 📡 API: https://www.itemku.com/~partytown/proxytown
2026-05-20 11:28:09,337 [DEBUG] itemku: 📡 API: https://www.itemku.com/~partytown/proxytown
2026-05-20 11:28:09,342 [DEBUG] itemku: 📡 API: https://www.itemku.com/~partytown/proxytown
2026-05-20 11:28:09,346 [DEBUG] itemku: 📡 API: https://www.itemku.com/~partytown/proxytown
2026-05-20 11:28:09,352 [DEBUG] itemku: 📡 API: https://www.itemku.com/~partytown/proxytown
2026-05-20 11:28:09,360 [DEBUG] itemku: 📡 API: https://www.itemku.com/~partytown/proxytown
2026-05-20 11:28:09,364 [DEBUG] itemku: 📡 API: https://www.itemku.com/~partytown/proxytown
2026-05-20 11:28:09,368 [DEBUG] itemku: 📡 API: https://www.itemku.com/~partytown/proxytown
2026-05-20 11:28:09,369 [DEBUG] itemku: 📡 API: https://www.itemku.com/~partytown/proxytown
2026-05-20 11:28:09,372 [DEBUG] itemku: 📡 API: https://www.itemku.com/~partytown/proxytown
2026-05-20 11:28:09,379 [DEBUG] itemku: 📡 API: https://www.itemku.com/~partytown/proxytown
2026-05-20 11:28:09,380 [DEBUG] itemku: 📡 API: https://www.itemku.com/~partytown/proxytown
2026-05-20 11:28:09,394 [DEBUG] itemku: 📡 API: https://www.itemku.com/~partytown/proxytown
2026-05-20 11:28:09,400 [DEBUG] itemku: 📡 API: https://www.itemku.com/~partytown/proxytown
2026-05-20 11:28:09,404 [DEBUG] itemku: 📡 API: https://www.itemku.com/~partytown/proxytown
2026-05-20 11:28:09,409 [DEBUG] itemku: 📡 API: https://www.itemku.com/~partytown/proxytown
2026-05-20 11:28:09,414 [DEBUG] itemku: 📡 API: https://www.itemku.com/~partytown/proxytown
2026-05-20 11:28:09,420 [DEBUG] itemku: 📡 API: https://www.itemku.com/~partytown/proxytown
2026-05-20 11:28:09,424 [DEBUG] itemku: 📡 API: https://www.itemku.com/~partytown/proxytown
2026-05-20 11:28:09,434 [DEBUG] itemku: 📡 API: https://www.itemku.com/~partytown/proxytown
2026-05-20 11:28:09,442 [DEBUG] itemku: 📡 API: https://www.itemku.com/~partytown/proxytown
2026-05-20 11:28:09,447 [DEBUG] itemku: 📡 API: https://www.itemku.com/~partytown/proxytown
2026-05-20 11:28:09,450 [DEBUG] itemku: 📡 API: https://www.itemku.com/~partytown/proxytown
2026-05-20 11:28:09,455 [DEBUG] itemku: 📡 API: https://www.itemku.com/~partytown/proxytown
2026-05-20 11:28:09,459 [DEBUG] itemku: 📡 API: https://www.itemku.com/~partytown/proxytown
2026-05-20 11:28:09,464 [DEBUG] itemku: 📡 API: https://www.itemku.com/~partytown/proxytown
2026-05-20 11:28:09,469 [DEBUG] itemku: 📡 API: https://www.itemku.com/~partytown/proxytown
2026-05-20 11:28:09,473 [DEBUG] itemku: 📡 API: https://www.itemku.com/~partytown/proxytown
2026-05-20 11:28:09,484 [DEBUG] itemku: 📡 API: https://www.itemku.com/~partytown/proxytown
2026-05-20 11:28:09,490 [DEBUG] itemku: 📡 API: https://www.itemku.com/~partytown/proxytown
2026-05-20 11:28:09,497 [DEBUG] itemku: 📡 API: https://www.itemku.com/~partytown/proxytown
2026-05-20 11:28:09,502 [DEBUG] itemku: 📡 API: https://www.itemku.com/~partytown/proxytown
2026-05-20 11:28:09,507 [DEBUG] itemku: 📡 API: https://www.itemku.com/~partytown/proxytown
2026-05-20 11:28:09,515 [DEBUG] itemku: 📡 API: https://www.itemku.com/~partytown/proxytown
2026-05-20 11:28:09,516 [DEBUG] itemku: 📡 API: https://www.itemku.com/~partytown/proxytown
2026-05-20 11:28:09,522 [DEBUG] itemku: 📡 API: https://www.itemku.com/~partytown/proxytown
2026-05-20 11:28:09,526 [DEBUG] itemku: 📡 API: https://www.itemku.com/~partytown/proxytown
2026-05-20 11:28:09,527 [DEBUG] itemku: 📡 API: https://www.itemku.com/~partytown/proxytown
2026-05-20 11:28:09,537 [DEBUG] itemku: 📡 API: https://www.itemku.com/~partytown/proxytown
2026-05-20 11:28:09,542 [DEBUG] itemku: 📡 API: https://www.itemku.com/~partytown/proxytown
2026-05-20 11:28:09,548 [DEBUG] itemku: 📡 API: https://www.itemku.com/~partytown/proxytown
2026-05-20 11:28:09,553 [DEBUG] itemku: 📡 API: https://www.itemku.com/~partytown/proxytown
2026-05-20 11:28:09,557 [DEBUG] itemku: 📡 API: https://www.itemku.com/~partytown/proxytown
2026-05-20 11:28:09,562 [DEBUG] itemku: 📡 API: https://www.itemku.com/~partytown/proxytown
2026-05-20 11:28:09,566 [DEBUG] itemku: 📡 API: https://www.itemku.com/~partytown/proxytown
2026-05-20 11:28:09,567 [DEBUG] itemku: 📡 API: https://www.itemku.com/~partytown/proxytown
2026-05-20 11:28:09,572 [DEBUG] itemku: 📡 API: https://www.itemku.com/~partytown/proxytown
2026-05-20 11:28:09,577 [DEBUG] itemku: 📡 API: https://www.itemku.com/~partytown/proxytown
2026-05-20 11:28:09,582 [DEBUG] itemku: 📡 API: https://www.itemku.com/~partytown/proxytown
2026-05-20 11:28:09,584 [DEBUG] itemku: 📡 API: https://www.itemku.com/~partytown/proxytown
2026-05-20 11:28:09,585 [DEBUG] itemku: 📡 API: https://www.itemku.com/~partytown/proxytown
2026-05-20 11:28:09,585 [DEBUG] itemku: 📡 API: https://www.itemku.com/~partytown/proxytown
2026-05-20 11:28:09,585 [DEBUG] itemku: 📡 API: https://www.itemku.com/~partytown/proxytown
2026-05-20 11:28:09,636 [DEBUG] itemku: 📡 API: https://www.itemku.com/~partytown/proxytown
2026-05-20 11:28:09,641 [DEBUG] itemku: 📡 API: https://www.itemku.com/~partytown/proxytown
2026-05-20 11:28:09,642 [DEBUG] itemku: 📡 API: https://www.itemku.com/~partytown/proxytown
2026-05-20 11:28:09,659 [DEBUG] itemku: 📡 API: https://www.itemku.com/~partytown/proxytown
2026-05-20 11:28:09,660 [DEBUG] itemku: 📡 API: https://www.itemku.com/~partytown/proxytown
2026-05-20 11:28:09,665 [DEBUG] itemku: 📡 API: https://www.itemku.com/~partytown/proxytown
2026-05-20 11:28:09,675 [DEBUG] itemku: 📡 API: https://www.itemku.com/~partytown/proxytown
2026-05-20 11:28:09,680 [DEBUG] itemku: 📡 API: https://www.itemku.com/~partytown/proxytown
2026-05-20 11:28:09,684 [DEBUG] itemku: 📡 API: https://www.itemku.com/~partytown/proxytown
2026-05-20 11:28:09,688 [DEBUG] itemku: 📡 API: https://www.itemku.com/~partytown/proxytown
2026-05-20 11:28:09,693 [DEBUG] itemku: 📡 API: https://www.itemku.com/~partytown/proxytown
2026-05-20 11:28:09,697 [DEBUG] itemku: 📡 API: https://www.itemku.com/~partytown/proxytown
2026-05-20 11:28:09,702 [DEBUG] itemku: 📡 API: https://www.itemku.com/~partytown/proxytown
2026-05-20 11:28:09,707 [DEBUG] itemku: 📡 API: https://www.itemku.com/~partytown/proxytown
2026-05-20 11:28:09,711 [DEBUG] itemku: 📡 API: https://www.itemku.com/~partytown/proxytown
2026-05-20 11:28:09,716 [DEBUG] itemku: 📡 API: https://www.itemku.com/~partytown/proxytown
2026-05-20 11:28:09,722 [DEBUG] itemku: 📡 API: https://www.itemku.com/~partytown/proxytown
2026-05-20 11:28:09,733 [DEBUG] itemku: 📡 API: https://www.itemku.com/~partytown/proxytown
2026-05-20 11:28:09,739 [DEBUG] itemku: 📡 API: https://www.itemku.com/~partytown/proxytown
2026-05-20 11:28:09,744 [DEBUG] itemku: 📡 API: https://www.itemku.com/~partytown/proxytown
2026-05-20 11:28:09,755 [DEBUG] itemku: 📡 API: https://www.itemku.com/~partytown/proxytown
2026-05-20 11:28:09,760 [DEBUG] itemku: 📡 API: https://www.itemku.com/~partytown/proxytown
2026-05-20 11:28:09,767 [DEBUG] itemku: 📡 API: https://www.itemku.com/~partytown/proxytown
2026-05-20 11:28:09,772 [DEBUG] itemku: 📡 API: https://www.itemku.com/~partytown/proxytown
2026-05-20 11:28:09,776 [DEBUG] itemku: 📡 API: https://www.itemku.com/~partytown/proxytown
2026-05-20 11:28:09,783 [DEBUG] itemku: 📡 API: https://www.itemku.com/~partytown/proxytown
2026-05-20 11:28:09,784 [DEBUG] itemku: 📡 API: https://www.itemku.com/~partytown/proxytown
2026-05-20 11:28:09,788 [DEBUG] itemku: 📡 API: https://www.itemku.com/~partytown/proxytown
2026-05-20 11:28:09,792 [DEBUG] itemku: 📡 API: https://www.itemku.com/~partytown/proxytown
2026-05-20 11:28:09,798 [DEBUG] itemku: 📡 API: https://www.itemku.com/~partytown/proxytown
2026-05-20 11:28:09,802 [DEBUG] itemku: 📡 API: https://www.itemku.com/~partytown/proxytown
2026-05-20 11:28:09,806 [DEBUG] itemku: 📡 API: https://www.itemku.com/~partytown/proxytown
2026-05-20 11:28:09,811 [DEBUG] itemku: 📡 API: https://www.itemku.com/~partytown/proxytown
2026-05-20 11:28:09,816 [DEBUG] itemku: 📡 API: https://www.itemku.com/~partytown/proxytown
2026-05-20 11:28:09,824 [DEBUG] itemku: 📡 API: https://www.itemku.com/~partytown/proxytown
2026-05-20 11:28:09,828 [DEBUG] itemku: 📡 API: https://www.itemku.com/~partytown/proxytown
2026-05-20 11:28:09,833 [DEBUG] itemku: 📡 API: https://www.itemku.com/~partytown/proxytown
2026-05-20 11:28:09,837 [DEBUG] itemku: 📡 API: https://www.itemku.com/~partytown/proxytown
2026-05-20 11:28:09,841 [DEBUG] itemku: 📡 API: https://www.itemku.com/~partytown/proxytown
2026-05-20 11:28:09,845 [DEBUG] itemku: 📡 API: https://www.itemku.com/~partytown/proxytown
2026-05-20 11:28:09,854 [DEBUG] itemku: 📡 API: https://www.itemku.com/~partytown/proxytown
2026-05-20 11:28:09,860 [DEBUG] itemku: 📡 API: https://www.itemku.com/~partytown/proxytown
2026-05-20 11:28:09,866 [DEBUG] itemku: 📡 API: https://www.itemku.com/~partytown/proxytown
2026-05-20 11:28:09,869 [DEBUG] itemku: 📡 API: https://www.itemku.com/~partytown/proxytown
2026-05-20 11:28:09,873 [DEBUG] itemku: 📡 API: https://www.itemku.com/~partytown/proxytown
2026-05-20 11:28:09,877 [DEBUG] itemku: 📡 API: https://www.itemku.com/~partytown/proxytown
2026-05-20 11:28:09,880 [DEBUG] itemku: 📡 API: https://www.itemku.com/~partytown/proxytown
2026-05-20 11:28:09,882 [DEBUG] itemku: 📡 API: https://www.itemku.com/~partytown/proxytown
2026-05-20 11:28:09,885 [DEBUG] itemku: 📡 API: https://www.itemku.com/~partytown/proxytown
2026-05-20 11:28:09,891 [DEBUG] itemku: 📡 API: https://www.itemku.com/~partytown/proxytown
2026-05-20 11:28:09,894 [DEBUG] itemku: 📡 API: https://www.itemku.com/~partytown/proxytown
2026-05-20 11:28:09,897 [DEBUG] itemku: 📡 API: https://www.itemku.com/~partytown/proxytown
2026-05-20 11:28:09,897 [DEBUG] itemku: 📡 API: https://www.itemku.com/~partytown/proxytown
2026-05-20 11:28:09,898 [DEBUG] itemku: 📡 API: https://www.itemku.com/~partytown/proxytown
2026-05-20 11:28:09,901 [DEBUG] itemku: 📡 API: https://www.itemku.com/~partytown/proxytown
2026-05-20 11:28:09,902 [DEBUG] itemku: 📡 API: https://www.itemku.com/~partytown/proxytown
2026-05-20 11:28:09,905 [DEBUG] itemku: 📡 API: https://www.itemku.com/~partytown/proxytown
2026-05-20 11:28:09,909 [DEBUG] itemku: 📡 API: https://www.itemku.com/~partytown/proxytown
2026-05-20 11:28:09,916 [DEBUG] itemku: 📡 API: https://www.itemku.com/~partytown/proxytown
2026-05-20 11:28:09,917 [DEBUG] itemku: 📡 API: https://www.itemku.com/~partytown/proxytown
2026-05-20 11:28:09,921 [DEBUG] itemku: 📡 API: https://www.itemku.com/~partytown/proxytown
2026-05-20 11:28:09,925 [DEBUG] itemku: 📡 API: https://www.itemku.com/~partytown/proxytown
2026-05-20 11:28:09,929 [DEBUG] itemku: 📡 API: https://www.itemku.com/~partytown/proxytown
2026-05-20 11:28:09,934 [DEBUG] itemku: 📡 API: https://www.itemku.com/~partytown/proxytown
2026-05-20 11:28:09,940 [DEBUG] itemku: 📡 API: https://www.itemku.com/~partytown/proxytown
2026-05-20 11:28:09,944 [DEBUG] itemku: 📡 API: https://www.itemku.com/~partytown/proxytown
2026-05-20 11:28:09,948 [DEBUG] itemku: 📡 API: https://www.itemku.com/~partytown/proxytown
2026-05-20 11:28:09,953 [DEBUG] itemku: 📡 API: https://www.itemku.com/~partytown/proxytown
2026-05-20 11:28:09,956 [DEBUG] itemku: 📡 API: https://www.itemku.com/~partytown/proxytown
2026-05-20 11:28:09,961 [DEBUG] itemku: 📡 API: https://www.itemku.com/~partytown/proxytown
2026-05-20 11:28:09,962 [DEBUG] itemku: 📡 API: https://www.itemku.com/~partytown/proxytown
2026-05-20 11:28:09,970 [DEBUG] itemku: 📡 API: https://www.itemku.com/~partytown/proxytown
2026-05-20 11:28:09,976 [DEBUG] itemku: 📡 API: https://www.itemku.com/~partytown/proxytown
2026-05-20 11:28:09,981 [DEBUG] itemku: 📡 API: https://www.itemku.com/~partytown/proxytown
2026-05-20 11:28:09,986 [DEBUG] itemku: 📡 API: https://www.itemku.com/~partytown/proxytown
2026-05-20 11:28:09,990 [DEBUG] itemku: 📡 API: https://www.itemku.com/~partytown/proxytown
2026-05-20 11:28:09,994 [DEBUG] itemku: 📡 API: https://www.itemku.com/~partytown/proxytown
2026-05-20 11:28:10,004 [DEBUG] itemku: 📡 API: https://www.itemku.com/~partytown/proxytown
2026-05-20 11:28:10,008 [DEBUG] itemku: 📡 API: https://www.itemku.com/~partytown/proxytown
2026-05-20 11:28:10,013 [DEBUG] itemku: 📡 API: https://www.itemku.com/~partytown/proxytown
2026-05-20 11:28:10,017 [DEBUG] itemku: 📡 API: https://www.itemku.com/~partytown/proxytown
2026-05-20 11:28:10,022 [DEBUG] itemku: 📡 API: https://www.itemku.com/~partytown/proxytown
2026-05-20 11:28:10,030 [DEBUG] itemku: 📡 API: https://www.itemku.com/~partytown/proxytown
2026-05-20 11:28:10,034 [DEBUG] itemku: 📡 API: https://www.itemku.com/~partytown/proxytown
2026-05-20 11:28:10,037 [DEBUG] itemku: 📡 API: https://www.itemku.com/~partytown/proxytown
2026-05-20 11:28:10,039 [DEBUG] itemku: 📡 API: https://www.itemku.com/~partytown/proxytown
2026-05-20 11:28:10,043 [DEBUG] itemku: 📡 API: https://www.itemku.com/~partytown/proxytown
2026-05-20 11:28:10,045 [DEBUG] itemku: 📡 API: https://www.itemku.com/~partytown/proxytown
2026-05-20 11:28:10,046 [DEBUG] itemku: 📡 API: https://www.itemku.com/~partytown/proxytown
2026-05-20 11:28:10,046 [DEBUG] itemku: 📡 API: https://www.itemku.com/~partytown/proxytown
2026-05-20 11:28:10,047 [DEBUG] itemku: 📡 API: https://www.itemku.com/~partytown/proxytown
2026-05-20 11:28:10,047 [DEBUG] itemku: 📡 API: https://www.itemku.com/~partytown/proxytown
2026-05-20 11:28:10,047 [DEBUG] itemku: 📡 API: https://www.itemku.com/~partytown/proxytown
2026-05-20 11:28:10,047 [DEBUG] itemku: 📡 API: https://www.itemku.com/~partytown/proxytown
2026-05-20 11:28:10,047 [DEBUG] itemku: 📡 API: https://www.itemku.com/~partytown/proxytown
2026-05-20 11:28:10,270 [DEBUG] itemku: 📡 API: https://www.itemku.com/~partytown/proxytown
2026-05-20 11:28:10,292 [DEBUG] itemku: 📡 API: https://www.itemku.com/~partytown/proxytown
2026-05-20 11:28:10,301 [DEBUG] itemku: 📡 API: https://www.itemku.com/~partytown/proxytown
2026-05-20 11:28:10,310 [DEBUG] itemku: 📡 API: https://www.itemku.com/~partytown/proxytown
2026-05-20 11:28:10,315 [DEBUG] itemku: 📡 API: https://www.itemku.com/~partytown/proxytown
2026-05-20 11:28:10,319 [DEBUG] itemku: 📡 API: https://www.itemku.com/~partytown/proxytown
2026-05-20 11:28:10,324 [DEBUG] itemku: 📡 API: https://www.itemku.com/~partytown/proxytown
2026-05-20 11:28:10,337 [DEBUG] itemku: 📡 API: https://www.itemku.com/~partytown/proxytown
2026-05-20 11:28:10,348 [DEBUG] itemku: 📡 API: https://www.itemku.com/~partytown/proxytown
2026-05-20 11:28:10,353 [DEBUG] itemku: 📡 API: https://www.itemku.com/~partytown/proxytown
2026-05-20 11:28:10,366 [DEBUG] itemku: 📡 API: https://www.itemku.com/~partytown/proxytown
2026-05-20 11:28:10,375 [DEBUG] itemku: 📡 API: https://www.itemku.com/~partytown/proxytown
2026-05-20 11:28:10,380 [DEBUG] itemku: 📡 API: https://www.itemku.com/~partytown/proxytown
2026-05-20 11:28:10,387 [DEBUG] itemku: 📡 API: https://www.itemku.com/~partytown/proxytown
2026-05-20 11:28:10,392 [DEBUG] itemku: 📡 API: https://www.itemku.com/~partytown/proxytown
2026-05-20 11:28:10,397 [DEBUG] itemku: 📡 API: https://www.itemku.com/~partytown/proxytown
2026-05-20 11:28:10,403 [DEBUG] itemku: 📡 API: https://www.itemku.com/~partytown/proxytown
2026-05-20 11:28:10,412 [DEBUG] itemku: 📡 API: https://www.itemku.com/~partytown/proxytown
2026-05-20 11:28:10,417 [DEBUG] itemku: 📡 API: https://www.itemku.com/~partytown/proxytown
2026-05-20 11:28:10,421 [DEBUG] itemku: 📡 API: https://www.itemku.com/~partytown/proxytown
2026-05-20 11:28:10,427 [DEBUG] itemku: 📡 API: https://www.itemku.com/~partytown/proxytown
2026-05-20 11:28:10,432 [DEBUG] itemku: 📡 API: https://www.itemku.com/~partytown/proxytown
2026-05-20 11:28:10,437 [DEBUG] itemku: 📡 API: https://www.itemku.com/~partytown/proxytown
2026-05-20 11:28:10,447 [DEBUG] itemku: 📡 API: https://www.itemku.com/~partytown/proxytown
2026-05-20 11:28:10,451 [DEBUG] itemku: 📡 API: https://www.itemku.com/~partytown/proxytown
2026-05-20 11:28:10,460 [DEBUG] itemku: 📡 API: https://www.itemku.com/~partytown/proxytown
2026-05-20 11:28:10,464 [DEBUG] itemku: 📡 API: https://www.itemku.com/~partytown/proxytown
2026-05-20 11:28:10,473 [DEBUG] itemku: 📡 API: https://www.itemku.com/~partytown/proxytown
2026-05-20 11:28:10,478 [DEBUG] itemku: 📡 API: https://www.itemku.com/~partytown/proxytown
2026-05-20 11:28:10,482 [DEBUG] itemku: 📡 API: https://www.itemku.com/~partytown/proxytown
2026-05-20 11:28:10,489 [DEBUG] itemku: 📡 API: https://www.itemku.com/~partytown/proxytown
2026-05-20 11:28:10,491 [DEBUG] itemku: 📡 API: https://www.itemku.com/~partytown/proxytown
2026-05-20 11:28:10,495 [DEBUG] itemku: 📡 API: https://www.itemku.com/~partytown/proxytown
2026-05-20 11:28:10,497 [DEBUG] itemku: 📡 API: https://www.itemku.com/~partytown/proxytown
2026-05-20 11:28:10,499 [DEBUG] itemku: 📡 API: https://www.itemku.com/~partytown/proxytown
2026-05-20 11:28:10,502 [DEBUG] itemku: 📡 API: https://www.itemku.com/~partytown/proxytown
2026-05-20 11:28:10,504 [DEBUG] itemku: 📡 API: https://www.itemku.com/~partytown/proxytown
2026-05-20 11:28:10,506 [DEBUG] itemku: 📡 API: https://www.itemku.com/~partytown/proxytown
2026-05-20 11:28:10,511 [DEBUG] itemku: 📡 API: https://www.itemku.com/~partytown/proxytown
2026-05-20 11:28:10,513 [DEBUG] itemku: 📡 API: https://www.itemku.com/~partytown/proxytown
2026-05-20 11:28:10,515 [DEBUG] itemku: 📡 API: https://www.itemku.com/~partytown/proxytown
2026-05-20 11:28:10,517 [DEBUG] itemku: 📡 API: https://www.itemku.com/~partytown/proxytown
2026-05-20 11:28:10,517 [DEBUG] itemku: 📡 API: https://www.itemku.com/~partytown/proxytown
2026-05-20 11:28:10,518 [DEBUG] itemku: 📡 API: https://www.itemku.com/~partytown/proxytown
2026-05-20 11:28:10,518 [DEBUG] itemku: 📡 API: https://www.itemku.com/~partytown/proxytown
2026-05-20 11:28:10,518 [DEBUG] itemku: 📡 API: https://www.itemku.com/~partytown/proxytown
2026-05-20 11:28:10,519 [DEBUG] itemku: 📡 API: https://www.itemku.com/~partytown/proxytown
2026-05-20 11:28:10,519 [DEBUG] itemku: 📡 API: https://www.itemku.com/~partytown/proxytown
2026-05-20 11:28:10,519 [DEBUG] itemku: 📡 API: https://www.itemku.com/~partytown/proxytown
2026-05-20 11:28:10,519 [DEBUG] itemku: 📡 API: https://www.itemku.com/~partytown/proxytown
2026-05-20 11:28:10,520 [DEBUG] itemku: 📡 API: https://www.itemku.com/~partytown/proxytown
2026-05-20 11:28:10,520 [DEBUG] itemku: 📡 API: https://www.itemku.com/~partytown/proxytown
2026-05-20 11:28:10,520 [DEBUG] itemku: 📡 API: https://www.itemku.com/~partytown/proxytown
2026-05-20 11:28:10,520 [DEBUG] itemku: 📡 API: https://www.itemku.com/~partytown/proxytown
2026-05-20 11:28:10,520 [DEBUG] itemku: 📡 API: https://www.itemku.com/~partytown/proxytown
2026-05-20 11:28:10,520 [DEBUG] itemku: 📡 API: https://www.itemku.com/~partytown/proxytown
2026-05-20 11:28:10,520 [DEBUG] itemku: 📡 API: https://www.itemku.com/~partytown/proxytown
2026-05-20 11:28:11,279 [DEBUG] itemku: 📡 API: https://api-gateway.itemku.com/v1/user-location
2026-05-20 11:28:11,460 [DEBUG] itemku: 📡 API: https://api-gateway.itemku.com/v1/product/game-category?country_codes[]=id&slug=mobile-game&is_exclude_empty_game_category_lists=true&per_page=50&is_exclusive=false
2026-05-20 11:28:11,479 [DEBUG] itemku: 📡 API: https://api-gateway.itemku.com/v1/metadata/icon-placeholder-mobile-payment
2026-05-20 11:28:11,486 [DEBUG] itemku: 📡 API: https://www.itemku.com/~partytown/proxytown
2026-05-20 11:28:11,487 [DEBUG] itemku: 📡 API: https://www.itemku.com/~partytown/proxytown
2026-05-20 11:28:11,518 [DEBUG] itemku: 📡 API: https://api-gateway.itemku.com/v1/currency/detail
2026-05-20 11:28:12,756 [DEBUG] itemku: 📡 API: https://www.itemku.com/~partytown/proxytown
2026-05-20 11:28:12,808 [DEBUG] itemku: 📡 API: https://api-gateway.itemku.com/v1/expansion-country?sort=sequence
2026-05-20 11:28:12,842 [DEBUG] itemku: 📡 API: https://www.itemku.com/~partytown/proxytown
2026-05-20 11:28:12,850 [DEBUG] itemku: 📡 API: https://www.itemku.com/~partytown/proxytown
2026-05-20 11:28:12,858 [DEBUG] itemku: 📡 API: https://www.itemku.com/~partytown/proxytown
2026-05-20 11:28:12,877 [DEBUG] itemku: 📡 API: https://www.itemku.com/~partytown/proxytown
2026-05-20 11:28:12,919 [DEBUG] itemku: 📡 API: https://www.itemku.com/~partytown/proxytown
2026-05-20 11:28:12,919 [DEBUG] itemku: 📡 API: https://www.itemku.com/~partytown/proxytown
2026-05-20 11:28:12,946 [DEBUG] itemku: 📡 API: https://www.itemku.com/~partytown/proxytown
2026-05-20 11:28:12,965 [DEBUG] itemku: 📡 API: https://www.itemku.com/~partytown/proxytown
2026-05-20 11:28:12,971 [DEBUG] itemku: 📡 API: https://www.itemku.com/~partytown/proxytown
2026-05-20 11:28:12,982 [DEBUG] itemku: 📡 API: https://www.itemku.com/~partytown/proxytown
2026-05-20 11:28:12,983 [DEBUG] itemku: 📡 API: https://www.itemku.com/~partytown/proxytown
2026-05-20 11:28:12,992 [DEBUG] itemku: 📡 API: https://www.itemku.com/~partytown/proxytown
2026-05-20 11:28:12,996 [DEBUG] itemku: 📡 API: https://www.itemku.com/~partytown/proxytown
2026-05-20 11:28:13,000 [DEBUG] itemku: 📡 API: https://www.itemku.com/~partytown/proxytown
2026-05-20 11:28:13,005 [DEBUG] itemku: 📡 API: https://www.itemku.com/~partytown/proxytown
2026-05-20 11:28:13,012 [DEBUG] itemku: 📡 API: https://www.itemku.com/~partytown/proxytown
2026-05-20 11:28:13,016 [DEBUG] itemku: 📡 API: https://www.itemku.com/~partytown/proxytown
2026-05-20 11:28:13,017 [DEBUG] itemku: 📡 API: https://www.itemku.com/~partytown/proxytown
2026-05-20 11:28:13,022 [DEBUG] itemku: 📡 API: https://www.itemku.com/~partytown/proxytown
2026-05-20 11:28:13,035 [DEBUG] itemku: 📡 API: https://www.itemku.com/~partytown/proxytown
2026-05-20 11:28:13,036 [DEBUG] itemku: 📡 API: https://www.itemku.com/~partytown/proxytown
2026-05-20 11:28:13,042 [DEBUG] itemku: 📡 API: https://www.itemku.com/~partytown/proxytown
2026-05-20 11:28:13,048 [DEBUG] itemku: 📡 API: https://www.itemku.com/~partytown/proxytown
2026-05-20 11:28:13,053 [DEBUG] itemku: 📡 API: https://www.itemku.com/~partytown/proxytown
2026-05-20 11:28:13,090 [DEBUG] itemku: 📡 API: https://www.itemku.com/~partytown/proxytown
2026-05-20 11:28:13,113 [DEBUG] itemku: 📡 API: https://www.itemku.com/~partytown/proxytown
2026-05-20 11:28:13,146 [DEBUG] itemku: 📡 API: https://www.itemku.com/~partytown/proxytown
2026-05-20 11:28:13,146 [DEBUG] itemku: 📡 API: https://www.itemku.com/~partytown/proxytown
2026-05-20 11:28:13,163 [DEBUG] itemku: 📡 API: https://www.itemku.com/~partytown/proxytown
2026-05-20 11:28:13,186 [DEBUG] itemku: 📡 API: https://www.itemku.com/~partytown/proxytown
2026-05-20 11:28:13,197 [DEBUG] itemku: 📡 API: https://www.itemku.com/~partytown/proxytown
2026-05-20 11:28:13,214 [DEBUG] itemku: 📡 API: https://www.itemku.com/~partytown/proxytown
2026-05-20 11:28:13,224 [DEBUG] itemku: 📡 API: https://www.itemku.com/~partytown/proxytown
2026-05-20 11:28:13,232 [DEBUG] itemku: 📡 API: https://www.itemku.com/~partytown/proxytown
2026-05-20 11:28:13,241 [DEBUG] itemku: 📡 API: https://www.itemku.com/~partytown/proxytown
2026-05-20 11:28:13,245 [DEBUG] itemku: 📡 API: https://www.itemku.com/~partytown/proxytown
2026-05-20 11:28:13,255 [DEBUG] itemku: 📡 API: https://www.itemku.com/~partytown/proxytown
2026-05-20 11:28:13,256 [DEBUG] itemku: 📡 API: https://www.itemku.com/~partytown/proxytown
2026-05-20 11:28:13,259 [DEBUG] itemku: 📡 API: https://www.itemku.com/~partytown/proxytown
2026-05-20 11:28:13,265 [DEBUG] itemku: 📡 API: https://www.itemku.com/~partytown/proxytown
2026-05-20 11:28:13,271 [DEBUG] itemku: 📡 API: https://www.itemku.com/~partytown/proxytown
2026-05-20 11:28:13,276 [DEBUG] itemku: 📡 API: https://www.itemku.com/~partytown/proxytown
2026-05-20 11:28:13,280 [DEBUG] itemku: 📡 API: https://www.itemku.com/~partytown/proxytown
2026-05-20 11:28:13,290 [DEBUG] itemku: 📡 API: https://www.itemku.com/~partytown/proxytown
2026-05-20 11:28:13,294 [DEBUG] itemku: 📡 API: https://www.itemku.com/~partytown/proxytown
2026-05-20 11:28:13,294 [DEBUG] itemku: 📡 API: https://www.itemku.com/~partytown/proxytown
2026-05-20 11:28:13,304 [DEBUG] itemku: 📡 API: https://www.itemku.com/~partytown/proxytown
2026-05-20 11:28:13,309 [DEBUG] itemku: 📡 API: https://www.itemku.com/~partytown/proxytown
2026-05-20 11:28:13,310 [DEBUG] itemku: 📡 API: https://www.itemku.com/~partytown/proxytown
2026-05-20 11:28:13,314 [DEBUG] itemku: 📡 API: https://www.itemku.com/~partytown/proxytown
2026-05-20 11:28:13,320 [DEBUG] itemku: 📡 API: https://www.itemku.com/~partytown/proxytown
2026-05-20 11:28:13,324 [DEBUG] itemku: 📡 API: https://www.itemku.com/~partytown/proxytown
2026-05-20 11:28:13,329 [DEBUG] itemku: 📡 API: https://www.itemku.com/~partytown/proxytown
2026-05-20 11:28:13,334 [DEBUG] itemku: 📡 API: https://www.itemku.com/~partytown/proxytown
2026-05-20 11:28:13,340 [DEBUG] itemku: 📡 API: https://www.itemku.com/~partytown/proxytown
2026-05-20 11:28:13,344 [DEBUG] itemku: 📡 API: https://www.itemku.com/~partytown/proxytown
2026-05-20 11:28:13,354 [DEBUG] itemku: 📡 API: https://www.itemku.com/~partytown/proxytown
2026-05-20 11:28:13,360 [DEBUG] itemku: 📡 API: https://www.itemku.com/~partytown/proxytown
2026-05-20 11:28:13,361 [DEBUG] itemku: 📡 API: https://www.itemku.com/~partytown/proxytown
2026-05-20 11:28:13,368 [DEBUG] itemku: 📡 API: https://www.itemku.com/~partytown/proxytown
2026-05-20 11:28:13,375 [DEBUG] itemku: 📡 API: https://www.itemku.com/~partytown/proxytown
2026-05-20 11:28:13,380 [DEBUG] itemku: 📡 API: https://www.itemku.com/~partytown/proxytown
2026-05-20 11:28:13,385 [DEBUG] itemku: 📡 API: https://www.itemku.com/~partytown/proxytown
2026-05-20 11:28:13,391 [DEBUG] itemku: 📡 API: https://www.itemku.com/~partytown/proxytown
2026-05-20 11:28:13,396 [DEBUG] itemku: 📡 API: https://www.itemku.com/~partytown/proxytown
2026-05-20 11:28:13,406 [DEBUG] itemku: 📡 API: https://www.itemku.com/~partytown/proxytown
2026-05-20 11:28:13,407 [DEBUG] itemku: 📡 API: https://www.itemku.com/~partytown/proxytown
2026-05-20 11:28:13,414 [DEBUG] itemku: 📡 API: https://www.itemku.com/~partytown/proxytown
2026-05-20 11:28:13,418 [DEBUG] itemku: 📡 API: https://www.itemku.com/~partytown/proxytown
2026-05-20 11:28:13,432 [DEBUG] itemku: 📡 API: https://www.itemku.com/~partytown/proxytown
2026-05-20 11:28:13,437 [DEBUG] itemku: 📡 API: https://www.itemku.com/~partytown/proxytown
2026-05-20 11:28:13,446 [DEBUG] itemku: 📡 API: https://www.itemku.com/~partytown/proxytown
2026-05-20 11:28:13,452 [DEBUG] itemku: 📡 API: https://www.itemku.com/~partytown/proxytown
2026-05-20 11:28:13,453 [DEBUG] itemku: 📡 API: https://www.itemku.com/~partytown/proxytown
2026-05-20 11:28:13,461 [DEBUG] itemku: 📡 API: https://www.itemku.com/~partytown/proxytown
2026-05-20 11:28:13,461 [DEBUG] itemku: 📡 API: https://www.itemku.com/~partytown/proxytown
2026-05-20 11:28:13,466 [DEBUG] itemku: 📡 API: https://www.itemku.com/~partytown/proxytown
2026-05-20 11:28:13,480 [DEBUG] itemku: 📡 API: https://www.itemku.com/~partytown/proxytown
2026-05-20 11:28:13,487 [DEBUG] itemku: 📡 API: https://www.itemku.com/~partytown/proxytown
2026-05-20 11:28:13,495 [DEBUG] itemku: 📡 API: https://www.itemku.com/~partytown/proxytown
2026-05-20 11:28:13,501 [DEBUG] itemku: 📡 API: https://www.itemku.com/~partytown/proxytown
2026-05-20 11:28:13,507 [DEBUG] itemku: 📡 API: https://www.itemku.com/~partytown/proxytown
2026-05-20 11:28:13,511 [DEBUG] itemku: 📡 API: https://www.itemku.com/~partytown/proxytown
2026-05-20 11:28:13,516 [DEBUG] itemku: 📡 API: https://www.itemku.com/~partytown/proxytown
2026-05-20 11:28:13,522 [DEBUG] itemku: 📡 API: https://www.itemku.com/~partytown/proxytown
2026-05-20 11:28:13,529 [DEBUG] itemku: 📡 API: https://www.itemku.com/~partytown/proxytown
2026-05-20 11:28:13,536 [DEBUG] itemku: 📡 API: https://www.itemku.com/~partytown/proxytown
2026-05-20 11:28:13,541 [DEBUG] itemku: 📡 API: https://www.itemku.com/~partytown/proxytown
2026-05-20 11:28:13,547 [DEBUG] itemku: 📡 API: https://www.itemku.com/~partytown/proxytown
2026-05-20 11:28:13,553 [DEBUG] itemku: 📡 API: https://www.itemku.com/~partytown/proxytown
2026-05-20 11:28:13,558 [DEBUG] itemku: 📡 API: https://www.itemku.com/~partytown/proxytown
2026-05-20 11:28:13,567 [DEBUG] itemku: 📡 API: https://www.itemku.com/~partytown/proxytown
2026-05-20 11:28:13,573 [DEBUG] itemku: 📡 API: https://www.itemku.com/~partytown/proxytown
2026-05-20 11:28:13,578 [DEBUG] itemku: 📡 API: https://www.itemku.com/~partytown/proxytown
2026-05-20 11:28:13,584 [DEBUG] itemku: 📡 API: https://www.itemku.com/~partytown/proxytown
2026-05-20 11:28:13,589 [DEBUG] itemku: 📡 API: https://www.itemku.com/~partytown/proxytown
2026-05-20 11:28:13,603 [DEBUG] itemku: 📡 API: https://www.itemku.com/~partytown/proxytown
2026-05-20 11:28:13,606 [DEBUG] itemku: 📡 API: https://www.itemku.com/~partytown/proxytown
2026-05-20 11:28:13,610 [DEBUG] itemku: 📡 API: https://www.itemku.com/~partytown/proxytown
2026-05-20 11:28:13,612 [DEBUG] itemku: 📡 API: https://www.itemku.com/~partytown/proxytown
2026-05-20 11:28:13,616 [DEBUG] itemku: 📡 API: https://www.itemku.com/~partytown/proxytown
2026-05-20 11:28:13,624 [DEBUG] itemku: 📡 API: https://www.itemku.com/~partytown/proxytown
2026-05-20 11:28:13,630 [DEBUG] itemku: 📡 API: https://www.itemku.com/~partytown/proxytown
2026-05-20 11:28:13,636 [DEBUG] itemku: 📡 API: https://www.itemku.com/~partytown/proxytown
2026-05-20 11:28:13,641 [DEBUG] itemku: 📡 API: https://www.itemku.com/~partytown/proxytown
2026-05-20 11:28:13,647 [DEBUG] itemku: 📡 API: https://www.itemku.com/~partytown/proxytown
2026-05-20 11:28:13,657 [DEBUG] itemku: 📡 API: https://www.itemku.com/~partytown/proxytown
2026-05-20 11:28:13,661 [DEBUG] itemku: 📡 API: https://www.itemku.com/~partytown/proxytown
2026-05-20 11:28:13,666 [DEBUG] itemku: 📡 API: https://www.itemku.com/~partytown/proxytown
2026-05-20 11:28:13,676 [DEBUG] itemku: 📡 API: https://www.itemku.com/~partytown/proxytown
2026-05-20 11:28:13,676 [DEBUG] itemku: 📡 API: https://www.itemku.com/~partytown/proxytown
2026-05-20 11:28:13,676 [DEBUG] itemku: 📡 API: https://www.itemku.com/~partytown/proxytown
2026-05-20 11:28:13,677 [DEBUG] itemku: 📡 API: https://www.itemku.com/~partytown/proxytown
2026-05-20 11:28:13,678 [DEBUG] itemku: 📡 API: https://www.itemku.com/~partytown/proxytown
2026-05-20 11:28:13,683 [DEBUG] itemku: 📡 API: https://www.itemku.com/~partytown/proxytown
2026-05-20 11:28:13,684 [DEBUG] itemku: 📡 API: https://www.itemku.com/~partytown/proxytown
2026-05-20 11:28:13,689 [DEBUG] itemku: 📡 API: https://www.itemku.com/~partytown/proxytown
2026-05-20 11:28:13,694 [DEBUG] itemku: 📡 API: https://www.itemku.com/~partytown/proxytown
2026-05-20 11:28:13,702 [DEBUG] itemku: 📡 API: https://www.itemku.com/~partytown/proxytown
2026-05-20 11:28:13,707 [DEBUG] itemku: 📡 API: https://www.itemku.com/~partytown/proxytown
2026-05-20 11:28:13,713 [DEBUG] itemku: 📡 API: https://www.itemku.com/~partytown/proxytown
2026-05-20 11:28:13,713 [DEBUG] itemku: 📡 API: https://www.itemku.com/~partytown/proxytown
2026-05-20 11:28:13,718 [DEBUG] itemku: 📡 API: https://www.itemku.com/~partytown/proxytown
2026-05-20 11:28:13,725 [DEBUG] itemku: 📡 API: https://www.itemku.com/~partytown/proxytown
2026-05-20 11:28:13,739 [DEBUG] itemku: 📡 API: https://www.itemku.com/~partytown/proxytown
2026-05-20 11:28:13,742 [DEBUG] itemku: 📡 API: https://www.itemku.com/~partytown/proxytown
2026-05-20 11:28:13,744 [DEBUG] itemku: 📡 API: https://www.itemku.com/~partytown/proxytown
2026-05-20 11:28:13,749 [DEBUG] itemku: 📡 API: https://www.itemku.com/~partytown/proxytown
2026-05-20 11:28:13,752 [DEBUG] itemku: 📡 API: https://www.itemku.com/~partytown/proxytown
2026-05-20 11:28:13,754 [DEBUG] itemku: 📡 API: https://www.itemku.com/~partytown/proxytown
2026-05-20 11:28:13,754 [DEBUG] itemku: 📡 API: https://www.itemku.com/~partytown/proxytown
2026-05-20 11:28:13,755 [DEBUG] itemku: 📡 API: https://www.itemku.com/~partytown/proxytown
2026-05-20 11:28:13,757 [DEBUG] itemku: 📡 API: https://www.itemku.com/~partytown/proxytown
2026-05-20 11:28:13,762 [DEBUG] itemku: 📡 API: https://www.itemku.com/~partytown/proxytown
2026-05-20 11:28:13,765 [DEBUG] itemku: 📡 API: https://www.itemku.com/~partytown/proxytown
2026-05-20 11:28:13,765 [DEBUG] itemku: 📡 API: https://www.itemku.com/~partytown/proxytown
2026-05-20 11:28:13,765 [DEBUG] itemku: 📡 API: https://www.itemku.com/~partytown/proxytown
2026-05-20 11:28:13,766 [DEBUG] itemku: 📡 API: https://www.itemku.com/~partytown/proxytown
2026-05-20 11:28:13,766 [DEBUG] itemku: 📡 API: https://www.itemku.com/~partytown/proxytown
2026-05-20 11:28:13,766 [DEBUG] itemku: 📡 API: https://www.itemku.com/~partytown/proxytown
2026-05-20 11:28:13,766 [DEBUG] itemku: 📡 API: https://www.itemku.com/~partytown/proxytown
2026-05-20 11:28:13,766 [DEBUG] itemku: 📡 API: https://www.itemku.com/~partytown/proxytown
2026-05-20 11:28:13,766 [DEBUG] itemku: 📡 API: https://www.itemku.com/~partytown/proxytown
2026-05-20 11:28:13,766 [DEBUG] itemku: 📡 API: https://www.itemku.com/~partytown/proxytown
2026-05-20 11:28:13,767 [DEBUG] itemku: 📡 API: https://www.itemku.com/~partytown/proxytown
2026-05-20 11:28:13,767 [DEBUG] itemku: 📡 API: https://www.itemku.com/~partytown/proxytown
2026-05-20 11:28:13,767 [DEBUG] itemku: 📡 API: https://www.itemku.com/~partytown/proxytown
2026-05-20 11:28:14,649 [DEBUG] itemku: 📡 API: https://script.crazyegg.com/pages/data-scripts/0113/7987/site/www.itemku.com.json?t=1
2026-05-20 11:28:14,796 [DEBUG] itemku: 📡 API: https://api-gateway.itemku.com/v1/product/game-list?per_page=5&sort=latest&country_codes[]=id&utm_src=csr_c2c&is_exclusive=false
2026-05-20 11:28:15,068 [DEBUG] itemku: 📡 API: https://api-gateway.itemku.com/v1/product/game-category-popular?per_page=50&is_exclude_empty_game_category_lists=1&country_codes[]=id&type=1&usecache=false&is_category_v2=true&is_exclusive=false
2026-05-20 11:28:25,653 [INFO] itemku: 📜 Scroll halaman...
2026-05-20 11:28:26,016 [DEBUG] itemku: 📡 API: https://www.itemku.com/~partytown/proxytown
2026-05-20 11:28:27,819 [DEBUG] itemku: 📡 API: https://www.itemku.com/~partytown/proxytown
2026-05-20 11:28:27,966 [DEBUG] itemku: 📡 API: https://www.itemku.com/~partytown/proxytown
2026-05-20 11:28:28,013 [DEBUG] itemku: 📡 API: https://www.itemku.com/~partytown/proxytown
2026-05-20 11:28:28,031 [DEBUG] itemku: 📡 API: https://www.itemku.com/~partytown/proxytown
2026-05-20 11:28:28,034 [DEBUG] itemku: 📡 API: https://www.itemku.com/~partytown/proxytown
2026-05-20 11:28:28,041 [DEBUG] itemku: 📡 API: https://www.itemku.com/~partytown/proxytown
2026-05-20 11:28:28,047 [DEBUG] itemku: 📡 API: https://www.itemku.com/~partytown/proxytown
2026-05-20 11:28:28,053 [DEBUG] itemku: 📡 API: https://www.itemku.com/~partytown/proxytown
2026-05-20 11:28:28,060 [DEBUG] itemku: 📡 API: https://www.itemku.com/~partytown/proxytown
2026-05-20 11:28:28,066 [DEBUG] itemku: 📡 API: https://www.itemku.com/~partytown/proxytown
2026-05-20 11:28:28,077 [DEBUG] itemku: 📡 API: https://www.itemku.com/~partytown/proxytown
2026-05-20 11:28:28,083 [DEBUG] itemku: 📡 API: https://www.itemku.com/~partytown/proxytown
2026-05-20 11:28:28,090 [DEBUG] itemku: 📡 API: https://www.itemku.com/~partytown/proxytown
2026-05-20 11:28:28,096 [DEBUG] itemku: 📡 API: https://www.itemku.com/~partytown/proxytown
2026-05-20 11:28:28,102 [DEBUG] itemku: 📡 API: https://www.itemku.com/~partytown/proxytown
2026-05-20 11:28:28,105 [DEBUG] itemku: 📡 API: https://www.itemku.com/~partytown/proxytown
2026-05-20 11:28:28,114 [DEBUG] itemku: 📡 API: https://www.itemku.com/~partytown/proxytown
2026-05-20 11:28:28,123 [DEBUG] itemku: 📡 API: https://www.itemku.com/~partytown/proxytown
2026-05-20 11:28:28,126 [DEBUG] itemku: 📡 API: https://www.itemku.com/~partytown/proxytown
2026-05-20 11:28:28,131 [DEBUG] itemku: 📡 API: https://www.itemku.com/~partytown/proxytown
2026-05-20 11:28:28,137 [DEBUG] itemku: 📡 API: https://www.itemku.com/~partytown/proxytown
2026-05-20 11:28:28,141 [DEBUG] itemku: 📡 API: https://www.itemku.com/~partytown/proxytown
2026-05-20 11:28:28,145 [DEBUG] itemku: 📡 API: https://www.itemku.com/~partytown/proxytown
2026-05-20 11:28:28,151 [DEBUG] itemku: 📡 API: https://www.itemku.com/~partytown/proxytown
2026-05-20 11:28:28,157 [DEBUG] itemku: 📡 API: https://www.itemku.com/~partytown/proxytown
2026-05-20 11:28:28,160 [DEBUG] itemku: 📡 API: https://www.itemku.com/~partytown/proxytown
2026-05-20 11:28:28,161 [DEBUG] itemku: 📡 API: https://www.itemku.com/~partytown/proxytown
2026-05-20 11:28:28,166 [DEBUG] itemku: 📡 API: https://www.itemku.com/~partytown/proxytown
2026-05-20 11:28:28,178 [DEBUG] itemku: 📡 API: https://www.itemku.com/~partytown/proxytown
2026-05-20 11:28:28,184 [DEBUG] itemku: 📡 API: https://www.itemku.com/~partytown/proxytown
2026-05-20 11:28:28,188 [DEBUG] itemku: 📡 API: https://www.itemku.com/~partytown/proxytown
2026-05-20 11:28:28,193 [DEBUG] itemku: 📡 API: https://www.itemku.com/~partytown/proxytown
2026-05-20 11:28:28,199 [DEBUG] itemku: 📡 API: https://www.itemku.com/~partytown/proxytown
2026-05-20 11:28:28,204 [DEBUG] itemku: 📡 API: https://www.itemku.com/~partytown/proxytown
2026-05-20 11:28:28,213 [DEBUG] itemku: 📡 API: https://www.itemku.com/~partytown/proxytown
2026-05-20 11:28:28,218 [DEBUG] itemku: 📡 API: https://www.itemku.com/~partytown/proxytown
2026-05-20 11:28:28,223 [DEBUG] itemku: 📡 API: https://www.itemku.com/~partytown/proxytown
2026-05-20 11:28:28,228 [DEBUG] itemku: 📡 API: https://www.itemku.com/~partytown/proxytown
2026-05-20 11:28:28,233 [DEBUG] itemku: 📡 API: https://www.itemku.com/~partytown/proxytown
2026-05-20 11:28:28,242 [DEBUG] itemku: 📡 API: https://www.itemku.com/~partytown/proxytown
2026-05-20 11:28:28,244 [DEBUG] itemku: 📡 API: https://www.itemku.com/~partytown/proxytown
2026-05-20 11:28:28,247 [DEBUG] itemku: 📡 API: https://www.itemku.com/~partytown/proxytown
2026-05-20 11:28:28,249 [DEBUG] itemku: 📡 API: https://www.itemku.com/~partytown/proxytown
2026-05-20 11:28:28,251 [DEBUG] itemku: 📡 API: https://www.itemku.com/~partytown/proxytown
2026-05-20 11:28:28,255 [DEBUG] itemku: 📡 API: https://www.itemku.com/~partytown/proxytown
2026-05-20 11:28:28,257 [DEBUG] itemku: 📡 API: https://www.itemku.com/~partytown/proxytown
2026-05-20 11:28:28,260 [DEBUG] itemku: 📡 API: https://www.itemku.com/~partytown/proxytown
2026-05-20 11:28:28,262 [DEBUG] itemku: 📡 API: https://www.itemku.com/~partytown/proxytown
2026-05-20 11:28:28,262 [DEBUG] itemku: 📡 API: https://www.itemku.com/~partytown/proxytown
2026-05-20 11:28:28,263 [DEBUG] itemku: 📡 API: https://www.itemku.com/~partytown/proxytown
2026-05-20 11:28:28,263 [DEBUG] itemku: 📡 API: https://www.itemku.com/~partytown/proxytown
2026-05-20 11:28:28,263 [DEBUG] itemku: 📡 API: https://www.itemku.com/~partytown/proxytown
2026-05-20 11:28:28,263 [DEBUG] itemku: 📡 API: https://www.itemku.com/~partytown/proxytown
2026-05-20 11:28:28,263 [DEBUG] itemku: 📡 API: https://www.itemku.com/~partytown/proxytown
2026-05-20 11:28:28,263 [DEBUG] itemku: 📡 API: https://www.itemku.com/~partytown/proxytown
2026-05-20 11:28:28,264 [DEBUG] itemku: 📡 API: https://www.itemku.com/~partytown/proxytown
2026-05-20 11:28:28,264 [DEBUG] itemku: 📡 API: https://www.itemku.com/~partytown/proxytown
2026-05-20 11:28:29,949 [DEBUG] itemku: 📡 API: https://www.itemku.com/~partytown/proxytown
2026-05-20 11:28:30,095 [DEBUG] itemku: 📡 API: https://www.itemku.com/~partytown/proxytown
2026-05-20 11:28:30,106 [DEBUG] itemku: 📡 API: https://www.itemku.com/~partytown/proxytown
2026-05-20 11:28:30,113 [DEBUG] itemku: 📡 API: https://www.itemku.com/~partytown/proxytown
2026-05-20 11:28:30,120 [DEBUG] itemku: 📡 API: https://www.itemku.com/~partytown/proxytown
2026-05-20 11:28:30,125 [DEBUG] itemku: 📡 API: https://www.itemku.com/~partytown/proxytown
2026-05-20 11:28:30,131 [DEBUG] itemku: 📡 API: https://www.itemku.com/~partytown/proxytown
2026-05-20 11:28:30,138 [DEBUG] itemku: 📡 API: https://www.itemku.com/~partytown/proxytown
2026-05-20 11:28:30,144 [DEBUG] itemku: 📡 API: https://www.itemku.com/~partytown/proxytown
2026-05-20 11:28:30,150 [DEBUG] itemku: 📡 API: https://www.itemku.com/~partytown/proxytown
2026-05-20 11:28:30,158 [DEBUG] itemku: 📡 API: https://www.itemku.com/~partytown/proxytown
2026-05-20 11:28:30,164 [DEBUG] itemku: 📡 API: https://www.itemku.com/~partytown/proxytown
2026-05-20 11:28:30,167 [DEBUG] itemku: 📡 API: https://www.itemku.com/~partytown/proxytown
2026-05-20 11:28:30,173 [DEBUG] itemku: 📡 API: https://www.itemku.com/~partytown/proxytown
2026-05-20 11:28:30,179 [DEBUG] itemku: 📡 API: https://www.itemku.com/~partytown/proxytown
2026-05-20 11:28:30,185 [DEBUG] itemku: 📡 API: https://www.itemku.com/~partytown/proxytown
2026-05-20 11:28:30,188 [DEBUG] itemku: 📡 API: https://www.itemku.com/~partytown/proxytown
2026-05-20 11:28:30,193 [DEBUG] itemku: 📡 API: https://www.itemku.com/~partytown/proxytown
2026-05-20 11:28:30,202 [DEBUG] itemku: 📡 API: https://www.itemku.com/~partytown/proxytown
2026-05-20 11:28:30,202 [DEBUG] itemku: 📡 API: https://www.itemku.com/~partytown/proxytown
2026-05-20 11:28:30,207 [DEBUG] itemku: 📡 API: https://www.itemku.com/~partytown/proxytown
2026-05-20 11:28:30,212 [DEBUG] itemku: 📡 API: https://www.itemku.com/~partytown/proxytown
2026-05-20 11:28:30,218 [DEBUG] itemku: 📡 API: https://www.itemku.com/~partytown/proxytown
2026-05-20 11:28:30,227 [DEBUG] itemku: 📡 API: https://www.itemku.com/~partytown/proxytown
2026-05-20 11:28:30,231 [DEBUG] itemku: 📡 API: https://www.itemku.com/~partytown/proxytown
2026-05-20 11:28:30,235 [DEBUG] itemku: 📡 API: https://www.itemku.com/~partytown/proxytown
2026-05-20 11:28:30,240 [DEBUG] itemku: 📡 API: https://www.itemku.com/~partytown/proxytown
2026-05-20 11:28:30,244 [DEBUG] itemku: 📡 API: https://www.itemku.com/~partytown/proxytown
2026-05-20 11:28:30,249 [DEBUG] itemku: 📡 API: https://www.itemku.com/~partytown/proxytown
2026-05-20 11:28:30,254 [DEBUG] itemku: 📡 API: https://www.itemku.com/~partytown/proxytown
2026-05-20 11:28:30,258 [DEBUG] itemku: 📡 API: https://www.itemku.com/~partytown/proxytown
2026-05-20 11:28:30,263 [DEBUG] itemku: 📡 API: https://www.itemku.com/~partytown/proxytown
2026-05-20 11:28:30,267 [DEBUG] itemku: 📡 API: https://www.itemku.com/~partytown/proxytown
2026-05-20 11:28:30,271 [DEBUG] itemku: 📡 API: https://www.itemku.com/~partytown/proxytown
2026-05-20 11:28:30,276 [DEBUG] itemku: 📡 API: https://www.itemku.com/~partytown/proxytown
2026-05-20 11:28:30,281 [DEBUG] itemku: 📡 API: https://www.itemku.com/~partytown/proxytown
2026-05-20 11:28:30,285 [DEBUG] itemku: 📡 API: https://www.itemku.com/~partytown/proxytown
2026-05-20 11:28:30,290 [DEBUG] itemku: 📡 API: https://www.itemku.com/~partytown/proxytown
2026-05-20 11:28:30,296 [DEBUG] itemku: 📡 API: https://www.itemku.com/~partytown/proxytown
2026-05-20 11:28:30,301 [DEBUG] itemku: 📡 API: https://www.itemku.com/~partytown/proxytown
2026-05-20 11:28:30,307 [DEBUG] itemku: 📡 API: https://www.itemku.com/~partytown/proxytown
2026-05-20 11:28:30,312 [DEBUG] itemku: 📡 API: https://www.itemku.com/~partytown/proxytown
2026-05-20 11:28:30,321 [DEBUG] itemku: 📡 API: https://www.itemku.com/~partytown/proxytown
2026-05-20 11:28:30,326 [DEBUG] itemku: 📡 API: https://www.itemku.com/~partytown/proxytown
2026-05-20 11:28:30,331 [DEBUG] itemku: 📡 API: https://www.itemku.com/~partytown/proxytown
2026-05-20 11:28:30,334 [DEBUG] itemku: 📡 API: https://www.itemku.com/~partytown/proxytown
2026-05-20 11:28:30,340 [DEBUG] itemku: 📡 API: https://www.itemku.com/~partytown/proxytown
2026-05-20 11:28:30,345 [DEBUG] itemku: 📡 API: https://www.itemku.com/~partytown/proxytown
2026-05-20 11:28:30,350 [DEBUG] itemku: 📡 API: https://www.itemku.com/~partytown/proxytown
2026-05-20 11:28:30,353 [DEBUG] itemku: 📡 API: https://www.itemku.com/~partytown/proxytown
2026-05-20 11:28:30,355 [DEBUG] itemku: 📡 API: https://www.itemku.com/~partytown/proxytown
2026-05-20 11:28:30,355 [DEBUG] itemku: 📡 API: https://www.itemku.com/~partytown/proxytown
2026-05-20 11:28:30,355 [DEBUG] itemku: 📡 API: https://www.itemku.com/~partytown/proxytown
2026-05-20 11:28:30,355 [DEBUG] itemku: 📡 API: https://www.itemku.com/~partytown/proxytown
2026-05-20 11:28:30,356 [DEBUG] itemku: 📡 API: https://www.itemku.com/~partytown/proxytown
2026-05-20 11:28:30,356 [DEBUG] itemku: 📡 API: https://www.itemku.com/~partytown/proxytown
2026-05-20 11:28:30,356 [DEBUG] itemku: 📡 API: https://www.itemku.com/~partytown/proxytown
2026-05-20 11:28:32,138 [DEBUG] itemku: 📡 API: https://www.itemku.com/~partytown/proxytown
2026-05-20 11:28:32,153 [DEBUG] itemku: 📡 API: https://www.itemku.com/~partytown/proxytown
2026-05-20 11:28:32,153 [DEBUG] itemku: 📡 API: https://www.itemku.com/~partytown/proxytown
2026-05-20 11:28:32,184 [DEBUG] itemku: 📡 API: https://script.crazyegg.com/pages/data-scripts/0113/7987/sampling/www.itemku.com.json?t=1
2026-05-20 11:28:32,190 [DEBUG] itemku: 📡 API: https://www.itemku.com/~partytown/proxytown
2026-05-20 11:28:32,207 [DEBUG] itemku: 📡 API: https://www.itemku.com/~partytown/proxytown
2026-05-20 11:28:32,213 [DEBUG] itemku: 📡 API: https://www.itemku.com/~partytown/proxytown
2026-05-20 11:28:32,218 [DEBUG] itemku: 📡 API: https://www.itemku.com/~partytown/proxytown
2026-05-20 11:28:32,222 [DEBUG] itemku: 📡 API: https://www.itemku.com/~partytown/proxytown
2026-05-20 11:28:32,228 [DEBUG] itemku: 📡 API: https://www.itemku.com/~partytown/proxytown
2026-05-20 11:28:32,233 [DEBUG] itemku: 📡 API: https://www.itemku.com/~partytown/proxytown
2026-05-20 11:28:32,236 [DEBUG] itemku: 📡 API: https://www.itemku.com/~partytown/proxytown
2026-05-20 11:28:32,242 [DEBUG] itemku: 📡 API: https://www.itemku.com/~partytown/proxytown
2026-05-20 11:28:32,251 [DEBUG] itemku: 📡 API: https://www.itemku.com/~partytown/proxytown
2026-05-20 11:28:32,256 [DEBUG] itemku: 📡 API: https://www.itemku.com/~partytown/proxytown
2026-05-20 11:28:32,262 [DEBUG] itemku: 📡 API: https://www.itemku.com/~partytown/proxytown
2026-05-20 11:28:32,267 [DEBUG] itemku: 📡 API: https://www.itemku.com/~partytown/proxytown
2026-05-20 11:28:32,271 [DEBUG] itemku: 📡 API: https://www.itemku.com/~partytown/proxytown
2026-05-20 11:28:32,276 [DEBUG] itemku: 📡 API: https://www.itemku.com/~partytown/proxytown
2026-05-20 11:28:32,281 [DEBUG] itemku: 📡 API: https://www.itemku.com/~partytown/proxytown
2026-05-20 11:28:32,290 [DEBUG] itemku: 📡 API: https://www.itemku.com/~partytown/proxytown
2026-05-20 11:28:32,294 [DEBUG] itemku: 📡 API: https://www.itemku.com/~partytown/proxytown
2026-05-20 11:28:32,298 [DEBUG] itemku: 📡 API: https://www.itemku.com/~partytown/proxytown
2026-05-20 11:28:32,303 [DEBUG] itemku: 📡 API: https://www.itemku.com/~partytown/proxytown
2026-05-20 11:28:32,308 [DEBUG] itemku: 📡 API: https://www.itemku.com/~partytown/proxytown
2026-05-20 11:28:32,312 [DEBUG] itemku: 📡 API: https://www.itemku.com/~partytown/proxytown
2026-05-20 11:28:32,318 [DEBUG] itemku: 📡 API: https://www.itemku.com/~partytown/proxytown
2026-05-20 11:28:32,323 [DEBUG] itemku: 📡 API: https://www.itemku.com/~partytown/proxytown
2026-05-20 11:28:32,327 [DEBUG] itemku: 📡 API: https://www.itemku.com/~partytown/proxytown
2026-05-20 11:28:32,335 [DEBUG] itemku: 📡 API: https://www.itemku.com/~partytown/proxytown
2026-05-20 11:28:32,339 [DEBUG] itemku: 📡 API: https://www.itemku.com/~partytown/proxytown
2026-05-20 11:28:32,344 [DEBUG] itemku: 📡 API: https://www.itemku.com/~partytown/proxytown
2026-05-20 11:28:32,349 [DEBUG] itemku: 📡 API: https://www.itemku.com/~partytown/proxytown
2026-05-20 11:28:32,354 [DEBUG] itemku: 📡 API: https://www.itemku.com/~partytown/proxytown
2026-05-20 11:28:32,358 [DEBUG] itemku: 📡 API: https://www.itemku.com/~partytown/proxytown
2026-05-20 11:28:32,361 [DEBUG] itemku: 📡 API: https://www.itemku.com/~partytown/proxytown
2026-05-20 11:28:32,367 [DEBUG] itemku: 📡 API: https://www.itemku.com/~partytown/proxytown
2026-05-20 11:28:32,373 [DEBUG] itemku: 📡 API: https://www.itemku.com/~partytown/proxytown
2026-05-20 11:28:32,377 [DEBUG] itemku: 📡 API: https://www.itemku.com/~partytown/proxytown
2026-05-20 11:28:32,381 [DEBUG] itemku: 📡 API: https://www.itemku.com/~partytown/proxytown
2026-05-20 11:28:32,386 [DEBUG] itemku: 📡 API: https://www.itemku.com/~partytown/proxytown
2026-05-20 11:28:32,394 [DEBUG] itemku: 📡 API: https://www.itemku.com/~partytown/proxytown
2026-05-20 11:28:32,399 [DEBUG] itemku: 📡 API: https://www.itemku.com/~partytown/proxytown
2026-05-20 11:28:32,403 [DEBUG] itemku: 📡 API: https://www.itemku.com/~partytown/proxytown
2026-05-20 11:28:32,412 [DEBUG] itemku: 📡 API: https://www.itemku.com/~partytown/proxytown
2026-05-20 11:28:32,416 [DEBUG] itemku: 📡 API: https://www.itemku.com/~partytown/proxytown
2026-05-20 11:28:32,420 [DEBUG] itemku: 📡 API: https://www.itemku.com/~partytown/proxytown
2026-05-20 11:28:32,422 [DEBUG] itemku: 📡 API: https://www.itemku.com/~partytown/proxytown
2026-05-20 11:28:32,426 [DEBUG] itemku: 📡 API: https://www.itemku.com/~partytown/proxytown
2026-05-20 11:28:32,429 [DEBUG] itemku: 📡 API: https://www.itemku.com/~partytown/proxytown
2026-05-20 11:28:32,431 [DEBUG] itemku: 📡 API: https://www.itemku.com/~partytown/proxytown
2026-05-20 11:28:32,431 [DEBUG] itemku: 📡 API: https://www.itemku.com/~partytown/proxytown
2026-05-20 11:28:32,431 [DEBUG] itemku: 📡 API: https://www.itemku.com/~partytown/proxytown
2026-05-20 11:28:32,432 [DEBUG] itemku: 📡 API: https://www.itemku.com/~partytown/proxytown
2026-05-20 11:28:32,433 [DEBUG] itemku: 📡 API: https://www.itemku.com/~partytown/proxytown
2026-05-20 11:28:32,433 [DEBUG] itemku: 📡 API: https://www.itemku.com/~partytown/proxytown
2026-05-20 11:28:32,434 [DEBUG] itemku: 📡 API: https://www.itemku.com/~partytown/proxytown
2026-05-20 11:28:34,134 [DEBUG] itemku: 📡 API: https://www.itemku.com/~partytown/proxytown
2026-05-20 11:28:34,135 [DEBUG] itemku: 📡 API: https://www.itemku.com/~partytown/proxytown
2026-05-20 11:28:34,142 [DEBUG] itemku: 📡 API: https://www.itemku.com/~partytown/proxytown
2026-05-20 11:28:34,150 [DEBUG] itemku: 📡 API: https://www.itemku.com/~partytown/proxytown
2026-05-20 11:28:34,151 [DEBUG] itemku: 📡 API: https://www.itemku.com/~partytown/proxytown
2026-05-20 11:28:34,160 [DEBUG] itemku: 📡 API: https://www.itemku.com/~partytown/proxytown
2026-05-20 11:28:34,166 [DEBUG] itemku: 📡 API: https://www.itemku.com/~partytown/proxytown
2026-05-20 11:28:34,178 [DEBUG] itemku: 📡 API: https://www.itemku.com/~partytown/proxytown
2026-05-20 11:28:34,178 [DEBUG] itemku: 📡 API: https://www.itemku.com/~partytown/proxytown
2026-05-20 11:28:34,188 [DEBUG] itemku: 📡 API: https://www.itemku.com/~partytown/proxytown
2026-05-20 11:28:34,192 [DEBUG] itemku: 📡 API: https://www.itemku.com/~partytown/proxytown
2026-05-20 11:28:34,193 [DEBUG] itemku: 📡 API: https://www.itemku.com/~partytown/proxytown
2026-05-20 11:28:34,199 [DEBUG] itemku: 📡 API: https://www.itemku.com/~partytown/proxytown
2026-05-20 11:28:34,209 [DEBUG] itemku: 📡 API: https://www.itemku.com/~partytown/proxytown
2026-05-20 11:28:34,214 [DEBUG] itemku: 📡 API: https://www.itemku.com/~partytown/proxytown
2026-05-20 11:28:34,219 [DEBUG] itemku: 📡 API: https://www.itemku.com/~partytown/proxytown
2026-05-20 11:28:34,222 [DEBUG] itemku: 📡 API: https://www.itemku.com/~partytown/proxytown
2026-05-20 11:28:34,226 [DEBUG] itemku: 📡 API: https://www.itemku.com/~partytown/proxytown
2026-05-20 11:28:34,229 [DEBUG] itemku: 📡 API: https://www.itemku.com/~partytown/proxytown
2026-05-20 11:28:34,235 [DEBUG] itemku: 📡 API: https://www.itemku.com/~partytown/proxytown
2026-05-20 11:28:34,235 [DEBUG] itemku: 📡 API: https://www.itemku.com/~partytown/proxytown
2026-05-20 11:28:34,240 [DEBUG] itemku: 📡 API: https://www.itemku.com/~partytown/proxytown
2026-05-20 11:28:34,249 [DEBUG] itemku: 📡 API: https://www.itemku.com/~partytown/proxytown
2026-05-20 11:28:34,249 [DEBUG] itemku: 📡 API: https://www.itemku.com/~partytown/proxytown
2026-05-20 11:28:34,257 [DEBUG] itemku: 📡 API: https://www.itemku.com/~partytown/proxytown
2026-05-20 11:28:34,259 [DEBUG] itemku: 📡 API: https://www.itemku.com/~partytown/proxytown
2026-05-20 11:28:34,263 [DEBUG] itemku: 📡 API: https://www.itemku.com/~partytown/proxytown
2026-05-20 11:28:34,269 [DEBUG] itemku: 📡 API: https://www.itemku.com/~partytown/proxytown
2026-05-20 11:28:34,280 [DEBUG] itemku: 📡 API: https://www.itemku.com/~partytown/proxytown
2026-05-20 11:28:34,284 [DEBUG] itemku: 📡 API: https://www.itemku.com/~partytown/proxytown
2026-05-20 11:28:34,289 [DEBUG] itemku: 📡 API: https://www.itemku.com/~partytown/proxytown
2026-05-20 11:28:34,293 [DEBUG] itemku: 📡 API: https://www.itemku.com/~partytown/proxytown
2026-05-20 11:28:34,301 [DEBUG] itemku: 📡 API: https://www.itemku.com/~partytown/proxytown
2026-05-20 11:28:34,310 [DEBUG] itemku: 📡 API: https://www.itemku.com/~partytown/proxytown
2026-05-20 11:28:34,319 [DEBUG] itemku: 📡 API: https://www.itemku.com/~partytown/proxytown
2026-05-20 11:28:34,330 [DEBUG] itemku: 📡 API: https://www.itemku.com/~partytown/proxytown
2026-05-20 11:28:34,333 [DEBUG] itemku: 📡 API: https://www.itemku.com/~partytown/proxytown
2026-05-20 11:28:34,345 [DEBUG] itemku: 📡 API: https://www.itemku.com/~partytown/proxytown
2026-05-20 11:28:34,345 [DEBUG] itemku: 📡 API: https://www.itemku.com/~partytown/proxytown
2026-05-20 11:28:34,351 [DEBUG] itemku: 📡 API: https://www.itemku.com/~partytown/proxytown
2026-05-20 11:28:34,367 [DEBUG] itemku: 📡 API: https://www.itemku.com/~partytown/proxytown
2026-05-20 11:28:34,377 [DEBUG] itemku: 📡 API: https://www.itemku.com/~partytown/proxytown
2026-05-20 11:28:34,381 [DEBUG] itemku: 📡 API: https://www.itemku.com/~partytown/proxytown
2026-05-20 11:28:34,388 [DEBUG] itemku: 📡 API: https://www.itemku.com/~partytown/proxytown
2026-05-20 11:28:34,395 [DEBUG] itemku: 📡 API: https://www.itemku.com/~partytown/proxytown
2026-05-20 11:28:34,401 [DEBUG] itemku: 📡 API: https://www.itemku.com/~partytown/proxytown
2026-05-20 11:28:34,408 [DEBUG] itemku: 📡 API: https://www.itemku.com/~partytown/proxytown
2026-05-20 11:28:34,414 [DEBUG] itemku: 📡 API: https://www.itemku.com/~partytown/proxytown
2026-05-20 11:28:34,425 [DEBUG] itemku: 📡 API: https://www.itemku.com/~partytown/proxytown
2026-05-20 11:28:34,444 [DEBUG] itemku: 📡 API: https://www.itemku.com/~partytown/proxytown
2026-05-20 11:28:34,458 [DEBUG] itemku: 📡 API: https://www.itemku.com/~partytown/proxytown
2026-05-20 11:28:34,463 [DEBUG] itemku: 📡 API: https://www.itemku.com/~partytown/proxytown
2026-05-20 11:28:34,468 [DEBUG] itemku: 📡 API: https://www.itemku.com/~partytown/proxytown
2026-05-20 11:28:34,468 [DEBUG] itemku: 📡 API: https://www.itemku.com/~partytown/proxytown
2026-05-20 11:28:34,469 [DEBUG] itemku: 📡 API: https://www.itemku.com/~partytown/proxytown
2026-05-20 11:28:34,469 [DEBUG] itemku: 📡 API: https://www.itemku.com/~partytown/proxytown
2026-05-20 11:29:06,493 [INFO] itemku: 💾 Simpan debug...
2026-05-20 11:29:06,788 [DEBUG] itemku: 📡 API: https://www.itemku.com/~partytown/proxytown
2026-05-20 11:29:07,951 [INFO] itemku: 📸 Screenshot tersimpan
2026-05-20 11:29:07,951 [INFO] itemku: 📡 API tertangkap: 617
2026-05-20 11:29:07,952 [INFO] itemku: ✅ Produk dari API: 13
2026-05-20 11:29:08,022 [INFO] itemku: 📦 Total produk: 13
2026-05-20 11:29:08,023 [DEBUG] itemku: ⏳ Delay 2.7s...
2026-05-20 11:29:11,513 [INFO] itemku: 🔒 Browser ditutup
2026-05-20 11:29:11,514 [INFO] run: ✅ Selesai scraping: 78 produk dari 8 kategori
2026-05-20 11:29:11,514 [INFO] run: 
🖊️  Membuat file PHP Seeder...
2026-05-20 11:29:11,515 [INFO] seeder_generator: 
🖊️  Membuat Laravel Seeder di: C:\TB SBD\TB-K1-Database\lapak_gaming\database\seeders
2026-05-20 11:29:11,518 [INFO] seeder_generator: 📁 Seeder kategori: ../database/seeders\ItemkuCategoriesSeeder.php (8 kategori)
2026-05-20 11:29:11,522 [INFO] seeder_generator: 📦 Seeder produk: ../database/seeders\ItemkuProductsSeeder.php (78 produk)
2026-05-20 11:29:11,522 [INFO] run: 
============================================================
2026-05-20 11:29:11,522 [INFO] run: ✅ SEEDER BERHASIL DIBUAT!
2026-05-20 11:29:11,523 [INFO] run:    📁 ../database/seeders\ItemkuCategoriesSeeder.php
2026-05-20 11:29:11,523 [INFO] run:    📦 ../database/seeders\ItemkuProductsSeeder.php
2026-05-20 11:29:11,523 [INFO] run: 
   Kategori : 8
2026-05-20 11:29:11,523 [INFO] run:    Produk   : 78
2026-05-20 11:29:11,524 [INFO] run: 
📌 Langkah selanjutnya di terminal Laravel:
2026-05-20 11:29:11,524 [INFO] run:    php artisan db:seed --class=ItemkuCategoriesSeeder
2026-05-20 11:29:11,524 [INFO] run:    php artisan db:seed --class=ItemkuProductsSeeder
2026-05-20 11:29:11,524 [INFO] run: ============================================================
2026-05-20 11:42:21,221 [INFO] run: ============================================================
2026-05-20 11:42:21,221 [INFO] run: 🚀 ITEMKU SCRAPER → LARAVEL SEEDER
2026-05-20 11:42:21,222 [INFO] run: ============================================================
2026-05-20 11:42:21,223 [INFO] run: 👤 Seller User ID  : 1
2026-05-20 11:42:21,223 [INFO] run: 🎯 Kategori target : mobile-legends
2026-05-20 11:42:21,223 [INFO] run: 📂 Output folder   : C:\TB SBD\TB-K1-Database\lapak_gaming\database\seeders
2026-05-20 11:42:21,223 [INFO] run: 
📡 Memulai scraping...
2026-05-20 11:42:21,906 [INFO] itemku: 🌐 Browser berhasil dijalankan
2026-05-20 11:42:21,907 [INFO] itemku: 
============================================================
2026-05-20 11:42:21,907 [INFO] itemku: 📂 KATEGORI: mobile-legends
2026-05-20 11:42:21,907 [INFO] itemku: ============================================================
2026-05-20 11:42:21,907 [INFO] itemku: 🔍 Scrape kategori:
2026-05-20 11:42:21,907 [INFO] itemku:    URL: https://www.itemku.com/g/mobile-legends
2026-05-20 11:42:39,931 [ERROR] itemku: ❌ Error scrape: Page.goto: Target page, context or browser has been closed
Call log:
  - navigating to "https://www.itemku.com/g/mobile-legends", waiting until "domcontentloaded"

2026-05-20 11:42:39,942 [INFO] itemku: 📦 Total produk: 0
2026-05-20 11:42:39,943 [DEBUG] itemku: ⏳ Delay 4.5s...
2026-05-20 11:42:44,813 [INFO] itemku: 🔒 Browser ditutup
2026-05-20 11:42:44,813 [INFO] run: ✅ Selesai scraping: 0 produk dari 1 kategori
2026-05-20 11:42:44,813 [WARNING] run: ⚠️  Tidak ada produk. Seeder tidak dibuat.
2026-05-20 11:47:50,418 [INFO] run: ============================================================
2026-05-20 11:47:50,418 [INFO] run: 🚀 ITEMKU SCRAPER → LARAVEL SEEDER
2026-05-20 11:47:50,418 [INFO] run: ============================================================
2026-05-20 11:47:50,419 [INFO] run: 👤 Seller User ID  : 1
2026-05-20 11:47:50,419 [INFO] run: 🎯 Kategori target : mobile-legends, free-fire
2026-05-20 11:47:50,419 [INFO] run: 📂 Output folder   : C:\TB SBD\TB-K1-Database\lapak_gaming\database\seeders
2026-05-20 11:47:50,419 [INFO] run: 
📡 Memulai scraping...
2026-05-20 11:47:51,258 [INFO] itemku: 🌐 Browser berhasil dijalankan
2026-05-20 11:47:51,258 [INFO] itemku: 
============================================================
2026-05-20 11:47:51,258 [INFO] itemku: 📂 KATEGORI: mobile-legends
2026-05-20 11:47:51,259 [INFO] itemku: ============================================================
2026-05-20 11:47:51,259 [INFO] itemku: 🔍 Scrape kategori:
2026-05-20 11:47:51,259 [INFO] itemku:    URL: https://www.itemku.com/g/mobile-legends
2026-05-20 11:48:01,991 [DEBUG] itemku: 📡 API: https://www.itemku.com/~partytown/proxytown
2026-05-20 11:48:01,992 [DEBUG] itemku: 📡 API: https://www.itemku.com/~partytown/proxytown
2026-05-20 11:48:01,997 [DEBUG] itemku: 📡 API: https://www.itemku.com/~partytown/proxytown
2026-05-20 11:48:02,000 [DEBUG] itemku: 📡 API: https://www.itemku.com/~partytown/proxytown
2026-05-20 11:48:02,021 [DEBUG] itemku: 📡 API: https://www.itemku.com/~partytown/proxytown
2026-05-20 11:48:02,026 [DEBUG] itemku: 📡 API: https://www.itemku.com/~partytown/proxytown
2026-05-20 11:48:02,027 [DEBUG] itemku: 📡 API: https://www.itemku.com/~partytown/proxytown
2026-05-20 11:48:02,028 [DEBUG] itemku: 📡 API: https://www.itemku.com/~partytown/proxytown
2026-05-20 11:48:02,152 [DEBUG] itemku: 📡 API: https://api-gateway.itemku.com/v1/currency/detail
2026-05-20 11:48:02,406 [DEBUG] itemku: 📡 API: https://api-gateway.itemku.com/v1/item-category
2026-05-20 11:48:02,406 [DEBUG] itemku: 📡 API: https://api-gateway.itemku.com/v1/config/feature/product
2026-05-20 11:48:02,444 [DEBUG] itemku: 📡 API: https://api-gateway.itemku.com/v1/metadata/icon-placeholder-mobile-payment
2026-05-20 11:48:02,853 [DEBUG] itemku: 📡 API: https://api-gateway.itemku.com/v1/popup-banner?country_codes[]=id
2026-05-20 11:48:02,853 [DEBUG] itemku: 📡 API: https://api-gateway.itemku.com/v1/user-location
2026-05-20 11:48:02,858 [DEBUG] itemku: 📡 API: https://api-gateway.itemku.com/v1/user-region-data
2026-05-20 11:48:02,859 [DEBUG] itemku: 📡 API: https://api-gateway.itemku.com/v1/item-type-statistic?item_type_id=95
2026-05-20 11:48:02,862 [DEBUG] itemku: 📡 API: https://api-gateway.itemku.com/v1/config
2026-05-20 11:48:02,863 [DEBUG] itemku: 📡 API: https://api-gateway.itemku.com/v1/metadata/explore-page-configuration
2026-05-20 11:48:02,864 [DEBUG] itemku: 📡 API: https://api-gateway.itemku.com/v1/foreign-exchange/bulk-rate?source_currency=idr
2026-05-20 11:48:02,899 [DEBUG] itemku: 📡 API: https://api-gateway.itemku.com/v1/config/feature/product
2026-05-20 11:48:03,259 [DEBUG] itemku: 📡 API: https://api-gateway.itemku.com/v1/expansion-country?sort=sequence
2026-05-20 11:48:03,264 [DEBUG] itemku: 📡 API: https://api-gateway.itemku.com/v1/config/feature/product
2026-05-20 11:48:03,306 [DEBUG] itemku: 📡 API: https://itemku.zendesk.com//api/v2/help_center/en-us/articles/115001443991.json
2026-05-20 11:48:03,327 [DEBUG] itemku: 📡 API: https://api-gateway.itemku.com/v1/config/feature/product
2026-05-20 11:48:03,520 [DEBUG] itemku: 📡 API: https://api-gateway.itemku.com/v1/product/game-list?per_page=5&sort=latest&country_codes[]=id&utm_src=csr_c2c&is_exclusive=false
2026-05-20 11:48:03,555 [DEBUG] itemku: 📡 API: https://api-gateway.itemku.com/v1/bottom-navigation-content?country_code=id
2026-05-20 11:48:03,604 [DEBUG] itemku: 📡 API: https://api-gateway.itemku.com/v1/product?is_include_game=1&is_include_item_type=1&is_include_item_info_group=1&is_include_item_info=1&is_include_order_record=1&is_from_web=1&exclude_sharing_account_eligible=1&use_simple_pagination=1&game_id=51&item_type_id=95&item_info_id=27777&per_page=10&page=1&sort=cheap&is_default_product_list=1&is_auto_delivery_first=1&is_with_promotion=1&country_codes[]=id&is_exclusive=false&is_include_instant_delivery=true&server_id=125&use_auto_delivery=true
2026-05-20 11:48:03,605 [DEBUG] itemku: 📡 API: https://api-gateway.itemku.com/v1/config/feature/product
2026-05-20 11:48:03,606 [DEBUG] itemku: 📡 API: https://api-gateway.itemku.com/v1/product/monthly-top-item-info?game_id=51&country_codes[]=id&is_exclusive=false
2026-05-20 11:48:03,681 [DEBUG] itemku: 📡 API: https://api-gateway.itemku.com/v1/product/game-category-popular?per_page=50&is_exclude_empty_game_category_lists=1&country_codes[]=id&type=1&usecache=false&is_category_v2=true&is_exclusive=false
2026-05-20 11:48:03,716 [DEBUG] itemku: 📡 API: https://www.itemku.com/~partytown/proxytown
2026-05-20 11:48:03,717 [DEBUG] itemku: 📡 API: https://www.itemku.com/~partytown/proxytown
2026-05-20 11:48:03,717 [DEBUG] itemku: 📡 API: https://www.itemku.com/~partytown/proxytown
2026-05-20 11:48:03,718 [DEBUG] itemku: 📡 API: https://www.itemku.com/~partytown/proxytown
2026-05-20 11:48:03,718 [DEBUG] itemku: 📡 API: https://www.itemku.com/~partytown/proxytown
2026-05-20 11:48:03,718 [DEBUG] itemku: 📡 API: https://www.itemku.com/~partytown/proxytown
2026-05-20 11:48:03,719 [DEBUG] itemku: 📡 API: https://www.itemku.com/~partytown/proxytown
2026-05-20 11:48:03,719 [DEBUG] itemku: 📡 API: https://www.itemku.com/~partytown/proxytown
2026-05-20 11:48:03,721 [DEBUG] itemku: 📡 API: https://www.itemku.com/~partytown/proxytown
2026-05-20 11:48:03,721 [DEBUG] itemku: 📡 API: https://www.itemku.com/~partytown/proxytown
2026-05-20 11:48:03,990 [DEBUG] itemku: 📡 API: https://files.itemku.com/language/id.json
2026-05-20 11:48:04,278 [DEBUG] itemku: 📡 API: https://api-gateway.itemku.com/v1/user/seller-info-by-slug?slug=ontil-store
2026-05-20 11:48:04,279 [DEBUG] itemku: 📡 API: https://api-gateway.itemku.com/v1/expansion-country?sort=sequence
2026-05-20 11:48:04,291 [DEBUG] itemku: 📡 API: https://api-gateway.itemku.com/v1/metadata/icon-placeholder-mobile-payment
2026-05-20 11:48:04,291 [DEBUG] itemku: 📡 API: https://api-gateway.itemku.com/v1/item-type-statistic?item_type_id=95
2026-05-20 11:48:04,294 [DEBUG] itemku: 📡 API: https://www.itemku.com/~partytown/proxytown
2026-05-20 11:48:04,306 [DEBUG] itemku: 📡 API: https://www.itemku.com/~partytown/proxytown
2026-05-20 11:48:04,320 [DEBUG] itemku: 📡 API: https://www.itemku.com/~partytown/proxytown
2026-05-20 11:48:04,327 [DEBUG] itemku: 📡 API: https://www.itemku.com/~partytown/proxytown
2026-05-20 11:48:04,333 [DEBUG] itemku: 📡 API: https://www.itemku.com/~partytown/proxytown
2026-05-20 11:48:04,336 [DEBUG] itemku: 📡 API: https://www.itemku.com/~partytown/proxytown
2026-05-20 11:48:04,342 [DEBUG] itemku: 📡 API: https://www.itemku.com/~partytown/proxytown
2026-05-20 11:48:04,350 [DEBUG] itemku: 📡 API: https://www.itemku.com/~partytown/proxytown
2026-05-20 11:48:04,356 [DEBUG] itemku: 📡 API: https://www.itemku.com/~partytown/proxytown
2026-05-20 11:48:04,356 [DEBUG] itemku: 📡 API: https://www.itemku.com/~partytown/proxytown
2026-05-20 11:48:04,361 [DEBUG] itemku: 📡 API: https://www.itemku.com/~partytown/proxytown
2026-05-20 11:48:04,368 [DEBUG] itemku: 📡 API: https://www.itemku.com/~partytown/proxytown
2026-05-20 11:48:04,378 [DEBUG] itemku: 📡 API: https://www.itemku.com/~partytown/proxytown
2026-05-20 11:48:04,384 [DEBUG] itemku: 📡 API: https://www.itemku.com/~partytown/proxytown
2026-05-20 11:48:04,390 [DEBUG] itemku: 📡 API: https://www.itemku.com/~partytown/proxytown
2026-05-20 11:48:04,391 [DEBUG] itemku: 📡 API: https://www.itemku.com/~partytown/proxytown
2026-05-20 11:48:04,401 [DEBUG] itemku: 📡 API: https://www.itemku.com/~partytown/proxytown
2026-05-20 11:48:04,406 [DEBUG] itemku: 📡 API: https://www.itemku.com/~partytown/proxytown
2026-05-20 11:48:04,410 [DEBUG] itemku: 📡 API: https://www.itemku.com/~partytown/proxytown
2026-05-20 11:48:04,414 [DEBUG] itemku: 📡 API: https://www.itemku.com/~partytown/proxytown
2026-05-20 11:48:04,418 [DEBUG] itemku: 📡 API: https://www.itemku.com/~partytown/proxytown
2026-05-20 11:48:04,419 [DEBUG] itemku: 📡 API: https://www.itemku.com/~partytown/proxytown
2026-05-20 11:48:04,425 [DEBUG] itemku: 📡 API: https://www.itemku.com/~partytown/proxytown
2026-05-20 11:48:04,437 [DEBUG] itemku: 📡 API: https://www.itemku.com/~partytown/proxytown
2026-05-20 11:48:04,445 [DEBUG] itemku: 📡 API: https://www.itemku.com/~partytown/proxytown
2026-05-20 11:48:04,445 [DEBUG] itemku: 📡 API: https://www.itemku.com/~partytown/proxytown
2026-05-20 11:48:04,613 [DEBUG] itemku: 📡 API: https://api-gateway.itemku.com/v1/product?is_include_game=1&is_include_item_type=1&is_include_item_info_group=1&is_include_item_info=1&is_include_order_record=1&is_from_web=1&exclude_sharing_account_eligible=1&use_simple_pagination=1&game_id=51&item_type_id=95&item_info_id=27777&per_page=10&page=1&sort=cheap&is_default_product_list=1&is_auto_delivery_first=1&is_with_promotion=1&country_codes[]=id&is_exclusive=false&is_include_instant_delivery=true&server_id=125&use_auto_delivery=true
2026-05-20 11:48:04,614 [DEBUG] itemku: 📡 API: https://www.itemku.com/~partytown/proxytown
2026-05-20 11:48:04,614 [DEBUG] itemku: 📡 API: https://www.itemku.com/~partytown/proxytown
2026-05-20 11:48:04,618 [DEBUG] itemku: 📡 API: https://api-gateway.itemku.com/v1/zendesk/api?url_path=%252fhelp_center%252fid%252farticles%252f115001443991.json
2026-05-20 11:48:04,619 [DEBUG] itemku: 📡 API: https://api-gateway.itemku.com/v1/product/game-list?per_page=5&sort=latest&country_codes[]=id&utm_src=csr_c2c&is_exclusive=false
2026-05-20 11:48:04,740 [DEBUG] itemku: 📡 API: https://www.itemku.com/~partytown/proxytown
2026-05-20 11:48:04,799 [DEBUG] itemku: 📡 API: https://api-gateway.itemku.com/v1/product/game-info-by-slug?slug=mobile-legends&include_check_active_product=1&is_include_description=1&is_include_game_expansion_country=1&country_codes[]=id&is_exclusive=false
2026-05-20 11:48:04,828 [DEBUG] itemku: 📡 API: https://www.itemku.com/~partytown/proxytown
2026-05-20 11:48:04,888 [DEBUG] itemku: 📡 API: https://api-gateway.itemku.com/v1/user/seller-info-by-slug?slug=ontil-store
2026-05-20 11:48:04,892 [DEBUG] itemku: 📡 API: https://api-gateway.itemku.com/v1/product/detail/2977857?is_include_game=true&is_include_item_type=true&is_include_order_record=true&is_include_item_info=true&is_include_game_expansion_country=true&is_include_instant_delivery=true&include_attributes=true&include_product_booking_config=true&country_code=id&language=id&is_exclusive=false
2026-05-20 11:48:04,899 [DEBUG] itemku: 📡 API: https://www.itemku.com/~partytown/proxytown
2026-05-20 11:48:04,934 [DEBUG] itemku: 📡 API: https://www.itemku.com/~partytown/proxytown
2026-05-20 11:48:04,941 [DEBUG] itemku: 📡 API: https://www.itemku.com/~partytown/proxytown
2026-05-20 11:48:04,955 [DEBUG] itemku: 📡 API: https://www.itemku.com/~partytown/proxytown
2026-05-20 11:48:04,960 [DEBUG] itemku: 📡 API: https://www.itemku.com/~partytown/proxytown
2026-05-20 11:48:04,965 [DEBUG] itemku: 📡 API: https://www.itemku.com/~partytown/proxytown
2026-05-20 11:48:04,971 [DEBUG] itemku: 📡 API: https://www.itemku.com/~partytown/proxytown
2026-05-20 11:48:04,975 [DEBUG] itemku: 📡 API: https://www.itemku.com/~partytown/proxytown
2026-05-20 11:48:04,979 [DEBUG] itemku: 📡 API: https://www.itemku.com/~partytown/proxytown
2026-05-20 11:48:04,985 [DEBUG] itemku: 📡 API: https://www.itemku.com/~partytown/proxytown
2026-05-20 11:48:04,989 [DEBUG] itemku: 📡 API: https://www.itemku.com/~partytown/proxytown
2026-05-20 11:48:04,992 [DEBUG] itemku: 📡 API: https://www.itemku.com/~partytown/proxytown
2026-05-20 11:48:04,996 [DEBUG] itemku: 📡 API: https://www.itemku.com/~partytown/proxytown
2026-05-20 11:48:05,001 [DEBUG] itemku: 📡 API: https://www.itemku.com/~partytown/proxytown
2026-05-20 11:48:05,005 [DEBUG] itemku: 📡 API: https://www.itemku.com/~partytown/proxytown
2026-05-20 11:48:05,009 [DEBUG] itemku: 📡 API: https://www.itemku.com/~partytown/proxytown
2026-05-20 11:48:05,013 [DEBUG] itemku: 📡 API: https://www.itemku.com/~partytown/proxytown
2026-05-20 11:48:05,016 [DEBUG] itemku: 📡 API: https://www.itemku.com/~partytown/proxytown
2026-05-20 11:48:05,019 [DEBUG] itemku: 📡 API: https://www.itemku.com/~partytown/proxytown
2026-05-20 11:48:05,023 [DEBUG] itemku: 📡 API: https://www.itemku.com/~partytown/proxytown
2026-05-20 11:48:05,032 [DEBUG] itemku: 📡 API: https://www.itemku.com/~partytown/proxytown
2026-05-20 11:48:05,036 [DEBUG] itemku: 📡 API: https://www.itemku.com/~partytown/proxytown
2026-05-20 11:48:05,038 [DEBUG] itemku: 📡 API: https://www.itemku.com/~partytown/proxytown
2026-05-20 11:48:05,044 [DEBUG] itemku: 📡 API: https://www.itemku.com/~partytown/proxytown
2026-05-20 11:48:05,048 [DEBUG] itemku: 📡 API: https://www.itemku.com/~partytown/proxytown
2026-05-20 11:48:05,052 [DEBUG] itemku: 📡 API: https://www.itemku.com/~partytown/proxytown
2026-05-20 11:48:05,057 [DEBUG] itemku: 📡 API: https://www.itemku.com/~partytown/proxytown
2026-05-20 11:48:05,061 [DEBUG] itemku: 📡 API: https://www.itemku.com/~partytown/proxytown
2026-05-20 11:48:05,065 [DEBUG] itemku: 📡 API: https://www.itemku.com/~partytown/proxytown
2026-05-20 11:48:05,073 [DEBUG] itemku: 📡 API: https://www.itemku.com/~partytown/proxytown
2026-05-20 11:48:05,077 [DEBUG] itemku: 📡 API: https://www.itemku.com/~partytown/proxytown
2026-05-20 11:48:05,082 [DEBUG] itemku: 📡 API: https://www.itemku.com/~partytown/proxytown
2026-05-20 11:48:05,086 [DEBUG] itemku: 📡 API: https://www.itemku.com/~partytown/proxytown
2026-05-20 11:48:05,090 [DEBUG] itemku: 📡 API: https://script.crazyegg.com/pages/data-scripts/0113/7987/site/www.itemku.com.json?t=1
2026-05-20 11:48:05,098 [DEBUG] itemku: 📡 API: https://www.itemku.com/~partytown/proxytown
2026-05-20 11:48:05,099 [DEBUG] itemku: 📡 API: https://www.itemku.com/~partytown/proxytown
2026-05-20 11:48:05,106 [DEBUG] itemku: 📡 API: https://www.itemku.com/~partytown/proxytown
2026-05-20 11:48:05,111 [DEBUG] itemku: 📡 API: https://www.itemku.com/~partytown/proxytown
2026-05-20 11:48:05,117 [DEBUG] itemku: 📡 API: https://www.itemku.com/~partytown/proxytown
2026-05-20 11:48:05,120 [DEBUG] itemku: 📡 API: https://www.itemku.com/~partytown/proxytown
2026-05-20 11:48:05,122 [DEBUG] itemku: 📡 API: https://www.itemku.com/~partytown/proxytown
2026-05-20 11:48:05,127 [DEBUG] itemku: 📡 API: https://www.itemku.com/~partytown/proxytown
2026-05-20 11:48:05,131 [DEBUG] itemku: 📡 API: https://www.itemku.com/~partytown/proxytown
2026-05-20 11:48:05,136 [DEBUG] itemku: 📡 API: https://www.itemku.com/~partytown/proxytown
2026-05-20 11:48:05,140 [DEBUG] itemku: 📡 API: https://www.itemku.com/~partytown/proxytown
2026-05-20 11:48:05,140 [DEBUG] itemku: 📡 API: https://www.itemku.com/~partytown/proxytown
2026-05-20 11:48:05,143 [DEBUG] itemku: 📡 API: https://www.itemku.com/~partytown/proxytown
2026-05-20 11:48:05,147 [DEBUG] itemku: 📡 API: https://www.itemku.com/~partytown/proxytown
2026-05-20 11:48:05,147 [DEBUG] itemku: 📡 API: https://www.itemku.com/~partytown/proxytown
2026-05-20 11:48:05,153 [DEBUG] itemku: 📡 API: https://www.itemku.com/~partytown/proxytown
2026-05-20 11:48:05,158 [DEBUG] itemku: 📡 API: https://api-gateway.itemku.com/v1/zendesk/api?url_path=%252fhelp_center%252fid%252farticles%252f115001443991.json
2026-05-20 11:48:05,162 [DEBUG] itemku: 📡 API: https://www.itemku.com/~partytown/proxytown
2026-05-20 11:48:05,162 [DEBUG] itemku: 📡 API: https://www.itemku.com/~partytown/proxytown
2026-05-20 11:48:05,162 [DEBUG] itemku: 📡 API: https://www.itemku.com/~partytown/proxytown
2026-05-20 11:48:05,162 [DEBUG] itemku: 📡 API: https://www.itemku.com/~partytown/proxytown
2026-05-20 11:48:05,162 [DEBUG] itemku: 📡 API: https://www.itemku.com/~partytown/proxytown
2026-05-20 11:48:05,172 [DEBUG] itemku: 📡 API: https://www.itemku.com/~partytown/proxytown
2026-05-20 11:48:05,173 [DEBUG] itemku: 📡 API: https://www.itemku.com/~partytown/proxytown
2026-05-20 11:48:05,181 [DEBUG] itemku: 📡 API: https://www.itemku.com/~partytown/proxytown
2026-05-20 11:48:05,183 [DEBUG] itemku: 📡 API: https://www.itemku.com/~partytown/proxytown
2026-05-20 11:48:05,188 [DEBUG] itemku: 📡 API: https://www.itemku.com/~partytown/proxytown
2026-05-20 11:48:05,189 [DEBUG] itemku: 📡 API: https://www.itemku.com/~partytown/proxytown
2026-05-20 11:48:05,196 [DEBUG] itemku: 📡 API: https://www.itemku.com/~partytown/proxytown
2026-05-20 11:48:05,200 [DEBUG] itemku: 📡 API: https://www.itemku.com/~partytown/proxytown
2026-05-20 11:48:05,204 [DEBUG] itemku: 📡 API: https://www.itemku.com/~partytown/proxytown
2026-05-20 11:48:05,207 [DEBUG] itemku: 📡 API: https://www.itemku.com/~partytown/proxytown
2026-05-20 11:48:05,211 [DEBUG] itemku: 📡 API: https://www.itemku.com/~partytown/proxytown
2026-05-20 11:48:05,214 [DEBUG] itemku: 📡 API: https://www.itemku.com/~partytown/proxytown
2026-05-20 11:48:05,215 [DEBUG] itemku: 📡 API: https://www.itemku.com/~partytown/proxytown
2026-05-20 11:48:05,216 [DEBUG] itemku: 📡 API: https://www.itemku.com/~partytown/proxytown
2026-05-20 11:48:05,235 [DEBUG] itemku: 📡 API: https://www.itemku.com/~partytown/proxytown
2026-05-20 11:48:05,239 [DEBUG] itemku: 📡 API: https://www.itemku.com/~partytown/proxytown
2026-05-20 11:48:05,242 [DEBUG] itemku: 📡 API: https://www.itemku.com/~partytown/proxytown
2026-05-20 11:48:05,246 [DEBUG] itemku: 📡 API: https://www.itemku.com/~partytown/proxytown
2026-05-20 11:48:05,250 [DEBUG] itemku: 📡 API: https://www.itemku.com/~partytown/proxytown
2026-05-20 11:48:05,253 [DEBUG] itemku: 📡 API: https://www.itemku.com/~partytown/proxytown
2026-05-20 11:48:05,256 [DEBUG] itemku: 📡 API: https://www.itemku.com/~partytown/proxytown
2026-05-20 11:48:05,260 [DEBUG] itemku: 📡 API: https://www.itemku.com/~partytown/proxytown
2026-05-20 11:48:05,264 [DEBUG] itemku: 📡 API: https://www.itemku.com/~partytown/proxytown
2026-05-20 11:48:05,271 [DEBUG] itemku: 📡 API: https://www.itemku.com/~partytown/proxytown
2026-05-20 11:48:05,273 [DEBUG] itemku: 📡 API: https://www.itemku.com/~partytown/proxytown
2026-05-20 11:48:05,276 [DEBUG] itemku: 📡 API: https://www.itemku.com/~partytown/proxytown
2026-05-20 11:48:05,280 [DEBUG] itemku: 📡 API: https://www.itemku.com/~partytown/proxytown
2026-05-20 11:48:05,280 [DEBUG] itemku: 📡 API: https://www.itemku.com/~partytown/proxytown
2026-05-20 11:48:05,287 [DEBUG] itemku: 📡 API: https://www.itemku.com/~partytown/proxytown
2026-05-20 11:48:05,287 [DEBUG] itemku: 📡 API: https://www.itemku.com/~partytown/proxytown
2026-05-20 11:48:05,294 [DEBUG] itemku: 📡 API: https://www.itemku.com/~partytown/proxytown
2026-05-20 11:48:05,298 [DEBUG] itemku: 📡 API: https://www.itemku.com/~partytown/proxytown
2026-05-20 11:48:05,300 [DEBUG] itemku: 📡 API: https://www.itemku.com/~partytown/proxytown
2026-05-20 11:48:05,304 [DEBUG] itemku: 📡 API: https://www.itemku.com/~partytown/proxytown
2026-05-20 11:48:05,307 [DEBUG] itemku: 📡 API: https://www.itemku.com/~partytown/proxytown
2026-05-20 11:48:05,311 [DEBUG] itemku: 📡 API: https://www.itemku.com/~partytown/proxytown
2026-05-20 11:48:05,312 [DEBUG] itemku: 📡 API: https://www.itemku.com/~partytown/proxytown
2026-05-20 11:48:05,317 [DEBUG] itemku: 📡 API: https://www.itemku.com/~partytown/proxytown
2026-05-20 11:48:05,320 [DEBUG] itemku: 📡 API: https://www.itemku.com/~partytown/proxytown
2026-05-20 11:48:05,322 [DEBUG] itemku: 📡 API: https://www.itemku.com/~partytown/proxytown
2026-05-20 11:48:05,326 [DEBUG] itemku: 📡 API: https://www.itemku.com/~partytown/proxytown
2026-05-20 11:48:05,329 [DEBUG] itemku: 📡 API: https://www.itemku.com/~partytown/proxytown
2026-05-20 11:48:05,329 [DEBUG] itemku: 📡 API: https://www.itemku.com/~partytown/proxytown
2026-05-20 11:48:05,333 [DEBUG] itemku: 📡 API: https://www.itemku.com/~partytown/proxytown
2026-05-20 11:48:05,340 [DEBUG] itemku: 📡 API: https://www.itemku.com/~partytown/proxytown
2026-05-20 11:48:05,343 [DEBUG] itemku: 📡 API: https://www.itemku.com/~partytown/proxytown
2026-05-20 11:48:05,348 [DEBUG] itemku: 📡 API: https://www.itemku.com/~partytown/proxytown
2026-05-20 11:48:05,352 [DEBUG] itemku: 📡 API: https://www.itemku.com/~partytown/proxytown
2026-05-20 11:48:05,355 [DEBUG] itemku: 📡 API: https://www.itemku.com/~partytown/proxytown
2026-05-20 11:48:05,359 [DEBUG] itemku: 📡 API: https://www.itemku.com/~partytown/proxytown
2026-05-20 11:48:05,366 [DEBUG] itemku: 📡 API: https://www.itemku.com/~partytown/proxytown
2026-05-20 11:48:05,366 [DEBUG] itemku: 📡 API: https://www.itemku.com/~partytown/proxytown
2026-05-20 11:48:05,375 [DEBUG] itemku: 📡 API: https://www.itemku.com/~partytown/proxytown
2026-05-20 11:48:05,379 [DEBUG] itemku: 📡 API: https://www.itemku.com/~partytown/proxytown
2026-05-20 11:48:05,380 [DEBUG] itemku: 📡 API: https://www.itemku.com/~partytown/proxytown
2026-05-20 11:48:05,389 [DEBUG] itemku: 📡 API: https://www.itemku.com/~partytown/proxytown
2026-05-20 11:48:05,393 [DEBUG] itemku: 📡 API: https://www.itemku.com/~partytown/proxytown
2026-05-20 11:48:05,397 [DEBUG] itemku: 📡 API: https://www.itemku.com/~partytown/proxytown
2026-05-20 11:48:05,401 [DEBUG] itemku: 📡 API: https://www.itemku.com/~partytown/proxytown
2026-05-20 11:48:05,405 [DEBUG] itemku: 📡 API: https://www.itemku.com/~partytown/proxytown
2026-05-20 11:48:05,412 [DEBUG] itemku: 📡 API: https://www.itemku.com/~partytown/proxytown
2026-05-20 11:48:05,415 [DEBUG] itemku: 📡 API: https://www.itemku.com/~partytown/proxytown
2026-05-20 11:48:05,419 [DEBUG] itemku: 📡 API: https://www.itemku.com/~partytown/proxytown
2026-05-20 11:48:05,424 [DEBUG] itemku: 📡 API: https://www.itemku.com/~partytown/proxytown
2026-05-20 11:48:05,425 [DEBUG] itemku: 📡 API: https://www.itemku.com/~partytown/proxytown
2026-05-20 11:48:05,426 [DEBUG] itemku: 📡 API: https://www.itemku.com/~partytown/proxytown
2026-05-20 11:48:05,429 [DEBUG] itemku: 📡 API: https://www.itemku.com/~partytown/proxytown
2026-05-20 11:48:05,434 [DEBUG] itemku: 📡 API: https://www.itemku.com/~partytown/proxytown
2026-05-20 11:48:05,436 [DEBUG] itemku: 📡 API: https://www.itemku.com/~partytown/proxytown
2026-05-20 11:48:05,443 [DEBUG] itemku: 📡 API: https://www.itemku.com/~partytown/proxytown
2026-05-20 11:48:05,447 [DEBUG] itemku: 📡 API: https://www.itemku.com/~partytown/proxytown
2026-05-20 11:48:05,463 [DEBUG] itemku: 📡 API: https://www.itemku.com/~partytown/proxytown
2026-05-20 11:48:05,464 [DEBUG] itemku: 📡 API: https://www.itemku.com/~partytown/proxytown
2026-05-20 11:48:05,476 [DEBUG] itemku: 📡 API: https://www.itemku.com/~partytown/proxytown
2026-05-20 11:48:05,481 [DEBUG] itemku: 📡 API: https://www.itemku.com/~partytown/proxytown
2026-05-20 11:48:05,486 [DEBUG] itemku: 📡 API: https://www.itemku.com/~partytown/proxytown
2026-05-20 11:48:05,491 [DEBUG] itemku: 📡 API: https://www.itemku.com/~partytown/proxytown
2026-05-20 11:48:05,495 [DEBUG] itemku: 📡 API: https://www.itemku.com/~partytown/proxytown
2026-05-20 11:48:05,499 [DEBUG] itemku: 📡 API: https://www.itemku.com/~partytown/proxytown
2026-05-20 11:48:05,504 [DEBUG] itemku: 📡 API: https://www.itemku.com/~partytown/proxytown
2026-05-20 11:48:05,514 [DEBUG] itemku: 📡 API: https://www.itemku.com/~partytown/proxytown
2026-05-20 11:48:05,518 [DEBUG] itemku: 📡 API: https://www.itemku.com/~partytown/proxytown
2026-05-20 11:48:05,527 [DEBUG] itemku: 📡 API: https://www.itemku.com/~partytown/proxytown
2026-05-20 11:48:05,528 [DEBUG] itemku: 📡 API: https://www.itemku.com/~partytown/proxytown
2026-05-20 11:48:05,532 [DEBUG] itemku: 📡 API: https://www.itemku.com/~partytown/proxytown
2026-05-20 11:48:05,536 [DEBUG] itemku: 📡 API: https://www.itemku.com/~partytown/proxytown
2026-05-20 11:48:05,543 [DEBUG] itemku: 📡 API: https://www.itemku.com/~partytown/proxytown
2026-05-20 11:48:05,545 [DEBUG] itemku: 📡 API: https://www.itemku.com/~partytown/proxytown
2026-05-20 11:48:05,549 [DEBUG] itemku: 📡 API: https://www.itemku.com/~partytown/proxytown
2026-05-20 11:48:05,557 [DEBUG] itemku: 📡 API: https://www.itemku.com/~partytown/proxytown
2026-05-20 11:48:05,561 [DEBUG] itemku: 📡 API: https://www.itemku.com/~partytown/proxytown
2026-05-20 11:48:05,566 [DEBUG] itemku: 📡 API: https://www.itemku.com/~partytown/proxytown
2026-05-20 11:48:05,569 [DEBUG] itemku: 📡 API: https://www.itemku.com/~partytown/proxytown
2026-05-20 11:48:05,573 [DEBUG] itemku: 📡 API: https://www.itemku.com/~partytown/proxytown
2026-05-20 11:48:05,577 [DEBUG] itemku: 📡 API: https://www.itemku.com/~partytown/proxytown
2026-05-20 11:48:05,582 [DEBUG] itemku: 📡 API: https://www.itemku.com/~partytown/proxytown
2026-05-20 11:48:05,592 [DEBUG] itemku: 📡 API: https://www.itemku.com/~partytown/proxytown
2026-05-20 11:48:05,592 [DEBUG] itemku: 📡 API: https://www.itemku.com/~partytown/proxytown
2026-05-20 11:48:05,596 [DEBUG] itemku: 📡 API: https://www.itemku.com/~partytown/proxytown
2026-05-20 11:48:05,599 [DEBUG] itemku: 📡 API: https://www.itemku.com/~partytown/proxytown
2026-05-20 11:48:05,603 [DEBUG] itemku: 📡 API: https://www.itemku.com/~partytown/proxytown
2026-05-20 11:48:05,607 [DEBUG] itemku: 📡 API: https://www.itemku.com/~partytown/proxytown
2026-05-20 11:48:05,616 [DEBUG] itemku: 📡 API: https://www.itemku.com/~partytown/proxytown
2026-05-20 11:48:05,619 [DEBUG] itemku: 📡 API: https://www.itemku.com/~partytown/proxytown
2026-05-20 11:48:05,624 [DEBUG] itemku: 📡 API: https://www.itemku.com/~partytown/proxytown
2026-05-20 11:48:05,627 [DEBUG] itemku: 📡 API: https://www.itemku.com/~partytown/proxytown
2026-05-20 11:48:05,631 [DEBUG] itemku: 📡 API: https://www.itemku.com/~partytown/proxytown
2026-05-20 11:48:05,634 [DEBUG] itemku: 📡 API: https://www.itemku.com/~partytown/proxytown
2026-05-20 11:48:05,641 [DEBUG] itemku: 📡 API: https://www.itemku.com/~partytown/proxytown
2026-05-20 11:48:05,644 [DEBUG] itemku: 📡 API: https://www.itemku.com/~partytown/proxytown
2026-05-20 11:48:05,648 [DEBUG] itemku: 📡 API: https://www.itemku.com/~partytown/proxytown
2026-05-20 11:48:05,653 [DEBUG] itemku: 📡 API: https://www.itemku.com/~partytown/proxytown
2026-05-20 11:48:05,656 [DEBUG] itemku: 📡 API: https://www.itemku.com/~partytown/proxytown
2026-05-20 11:48:05,660 [DEBUG] itemku: 📡 API: https://www.itemku.com/~partytown/proxytown
2026-05-20 11:48:05,662 [DEBUG] itemku: 📡 API: https://www.itemku.com/~partytown/proxytown
2026-05-20 11:48:05,666 [DEBUG] itemku: 📡 API: https://www.itemku.com/~partytown/proxytown
2026-05-20 11:48:05,670 [DEBUG] itemku: 📡 API: https://www.itemku.com/~partytown/proxytown
2026-05-20 11:48:05,681 [DEBUG] itemku: 📡 API: https://www.itemku.com/~partytown/proxytown
2026-05-20 11:48:05,685 [DEBUG] itemku: 📡 API: https://www.itemku.com/~partytown/proxytown
2026-05-20 11:48:05,693 [DEBUG] itemku: 📡 API: https://www.itemku.com/~partytown/proxytown
2026-05-20 11:48:05,697 [DEBUG] itemku: 📡 API: https://www.itemku.com/~partytown/proxytown
2026-05-20 11:48:05,700 [DEBUG] itemku: 📡 API: https://www.itemku.com/~partytown/proxytown
2026-05-20 11:48:05,704 [DEBUG] itemku: 📡 API: https://www.itemku.com/~partytown/proxytown
2026-05-20 11:48:05,707 [DEBUG] itemku: 📡 API: https://www.itemku.com/~partytown/proxytown
2026-05-20 11:48:05,711 [DEBUG] itemku: 📡 API: https://www.itemku.com/~partytown/proxytown
2026-05-20 11:48:05,716 [DEBUG] itemku: 📡 API: https://www.itemku.com/~partytown/proxytown
2026-05-20 11:48:05,724 [DEBUG] itemku: 📡 API: https://www.itemku.com/~partytown/proxytown
2026-05-20 11:48:05,732 [DEBUG] itemku: 📡 API: https://www.itemku.com/~partytown/proxytown
2026-05-20 11:48:05,735 [DEBUG] itemku: 📡 API: https://www.itemku.com/~partytown/proxytown
2026-05-20 11:48:05,739 [DEBUG] itemku: 📡 API: https://www.itemku.com/~partytown/proxytown
2026-05-20 11:48:05,743 [DEBUG] itemku: 📡 API: https://www.itemku.com/~partytown/proxytown
2026-05-20 11:48:05,746 [DEBUG] itemku: 📡 API: https://www.itemku.com/~partytown/proxytown
2026-05-20 11:48:05,755 [DEBUG] itemku: 📡 API: https://www.itemku.com/~partytown/proxytown
2026-05-20 11:48:05,759 [DEBUG] itemku: 📡 API: https://www.itemku.com/~partytown/proxytown
2026-05-20 11:48:05,762 [DEBUG] itemku: 📡 API: https://www.itemku.com/~partytown/proxytown
2026-05-20 11:48:05,766 [DEBUG] itemku: 📡 API: https://www.itemku.com/~partytown/proxytown
2026-05-20 11:48:05,766 [DEBUG] itemku: 📡 API: https://www.itemku.com/~partytown/proxytown
2026-05-20 11:48:05,772 [DEBUG] itemku: 📡 API: https://www.itemku.com/~partytown/proxytown
2026-05-20 11:48:05,776 [DEBUG] itemku: 📡 API: https://www.itemku.com/~partytown/proxytown
2026-05-20 11:48:05,781 [DEBUG] itemku: 📡 API: https://www.itemku.com/~partytown/proxytown
2026-05-20 11:48:05,789 [DEBUG] itemku: 📡 API: https://www.itemku.com/~partytown/proxytown
2026-05-20 11:48:05,790 [DEBUG] itemku: 📡 API: https://www.itemku.com/~partytown/proxytown
2026-05-20 11:48:05,798 [DEBUG] itemku: 📡 API: https://www.itemku.com/~partytown/proxytown
2026-05-20 11:48:05,799 [DEBUG] itemku: 📡 API: https://www.itemku.com/~partytown/proxytown
2026-05-20 11:48:05,800 [DEBUG] itemku: 📡 API: https://www.itemku.com/~partytown/proxytown
2026-05-20 11:48:05,804 [DEBUG] itemku: 📡 API: https://www.itemku.com/~partytown/proxytown
2026-05-20 11:48:05,808 [DEBUG] itemku: 📡 API: https://www.itemku.com/~partytown/proxytown
2026-05-20 11:48:05,813 [DEBUG] itemku: 📡 API: https://www.itemku.com/~partytown/proxytown
2026-05-20 11:48:05,818 [DEBUG] itemku: 📡 API: https://www.itemku.com/~partytown/proxytown
2026-05-20 11:48:05,818 [DEBUG] itemku: 📡 API: https://www.itemku.com/~partytown/proxytown
2026-05-20 11:48:05,824 [DEBUG] itemku: 📡 API: https://www.itemku.com/~partytown/proxytown
2026-05-20 11:48:05,830 [DEBUG] itemku: 📡 API: https://www.itemku.com/~partytown/proxytown
2026-05-20 11:48:05,838 [DEBUG] itemku: 📡 API: https://www.itemku.com/~partytown/proxytown
2026-05-20 11:48:05,843 [DEBUG] itemku: 📡 API: https://www.itemku.com/~partytown/proxytown
2026-05-20 11:48:05,847 [DEBUG] itemku: 📡 API: https://www.itemku.com/~partytown/proxytown
2026-05-20 11:48:05,850 [DEBUG] itemku: 📡 API: https://www.itemku.com/~partytown/proxytown
2026-05-20 11:48:05,856 [DEBUG] itemku: 📡 API: https://www.itemku.com/~partytown/proxytown
2026-05-20 11:48:05,857 [DEBUG] itemku: 📡 API: https://www.itemku.com/~partytown/proxytown
2026-05-20 11:48:05,863 [DEBUG] itemku: 📡 API: https://www.itemku.com/~partytown/proxytown
2026-05-20 11:48:05,867 [DEBUG] itemku: 📡 API: https://www.itemku.com/~partytown/proxytown
2026-05-20 11:48:05,872 [DEBUG] itemku: 📡 API: https://www.itemku.com/~partytown/proxytown
2026-05-20 11:48:05,877 [DEBUG] itemku: 📡 API: https://www.itemku.com/~partytown/proxytown
2026-05-20 11:48:05,881 [DEBUG] itemku: 📡 API: https://www.itemku.com/~partytown/proxytown
2026-05-20 11:48:05,885 [DEBUG] itemku: 📡 API: https://www.itemku.com/~partytown/proxytown
2026-05-20 11:48:05,924 [DEBUG] itemku: 📡 API: https://www.itemku.com/~partytown/proxytown
2026-05-20 11:48:05,924 [DEBUG] itemku: 📡 API: https://www.itemku.com/~partytown/proxytown
2026-05-20 11:48:05,925 [DEBUG] itemku: 📡 API: https://www.itemku.com/~partytown/proxytown
2026-05-20 11:48:05,925 [DEBUG] itemku: 📡 API: https://www.itemku.com/~partytown/proxytown
2026-05-20 11:48:05,925 [DEBUG] itemku: 📡 API: https://www.itemku.com/~partytown/proxytown
2026-05-20 11:48:05,926 [DEBUG] itemku: 📡 API: https://www.itemku.com/~partytown/proxytown
2026-05-20 11:48:05,926 [DEBUG] itemku: 📡 API: https://www.itemku.com/~partytown/proxytown
2026-05-20 11:48:05,926 [DEBUG] itemku: 📡 API: https://www.itemku.com/~partytown/proxytown
2026-05-20 11:48:05,927 [DEBUG] itemku: 📡 API: https://www.itemku.com/~partytown/proxytown
2026-05-20 11:48:05,927 [DEBUG] itemku: 📡 API: https://www.itemku.com/~partytown/proxytown
2026-05-20 11:48:05,927 [DEBUG] itemku: 📡 API: https://www.itemku.com/~partytown/proxytown
2026-05-20 11:48:05,928 [DEBUG] itemku: 📡 API: https://www.itemku.com/~partytown/proxytown
2026-05-20 11:48:05,928 [DEBUG] itemku: 📡 API: https://www.itemku.com/~partytown/proxytown
2026-05-20 11:48:05,929 [DEBUG] itemku: 📡 API: https://www.itemku.com/~partytown/proxytown
2026-05-20 11:48:05,930 [DEBUG] itemku: 📡 API: https://www.itemku.com/~partytown/proxytown
2026-05-20 11:48:05,934 [DEBUG] itemku: 📡 API: https://www.itemku.com/~partytown/proxytown
2026-05-20 11:48:05,944 [DEBUG] itemku: 📡 API: https://www.itemku.com/~partytown/proxytown
2026-05-20 11:48:05,951 [DEBUG] itemku: 📡 API: https://www.itemku.com/~partytown/proxytown
2026-05-20 11:48:05,954 [DEBUG] itemku: 📡 API: https://www.itemku.com/~partytown/proxytown
2026-05-20 11:48:05,960 [DEBUG] itemku: 📡 API: https://www.itemku.com/~partytown/proxytown
2026-05-20 11:48:05,967 [DEBUG] itemku: 📡 API: https://www.itemku.com/~partytown/proxytown
2026-05-20 11:48:05,975 [DEBUG] itemku: 📡 API: https://www.itemku.com/~partytown/proxytown
2026-05-20 11:48:05,981 [DEBUG] itemku: 📡 API: https://www.itemku.com/~partytown/proxytown
2026-05-20 11:48:05,987 [DEBUG] itemku: 📡 API: https://www.itemku.com/~partytown/proxytown
2026-05-20 11:48:06,001 [DEBUG] itemku: 📡 API: https://www.itemku.com/~partytown/proxytown
2026-05-20 11:48:06,002 [DEBUG] itemku: 📡 API: https://www.itemku.com/~partytown/proxytown
2026-05-20 11:48:06,002 [DEBUG] itemku: 📡 API: https://www.itemku.com/~partytown/proxytown
2026-05-20 11:48:06,003 [DEBUG] itemku: 📡 API: https://www.itemku.com/~partytown/proxytown
2026-05-20 11:48:06,013 [DEBUG] itemku: 📡 API: https://www.itemku.com/~partytown/proxytown
2026-05-20 11:48:06,021 [DEBUG] itemku: 📡 API: https://www.itemku.com/~partytown/proxytown
2026-05-20 11:48:06,025 [DEBUG] itemku: 📡 API: https://www.itemku.com/~partytown/proxytown
2026-05-20 11:48:06,030 [DEBUG] itemku: 📡 API: https://www.itemku.com/~partytown/proxytown
2026-05-20 11:48:06,034 [DEBUG] itemku: 📡 API: https://www.itemku.com/~partytown/proxytown
2026-05-20 11:48:06,040 [DEBUG] itemku: 📡 API: https://www.itemku.com/~partytown/proxytown
2026-05-20 11:48:06,044 [DEBUG] itemku: 📡 API: https://www.itemku.com/~partytown/proxytown
2026-05-20 11:48:06,051 [DEBUG] itemku: 📡 API: https://www.itemku.com/~partytown/proxytown
2026-05-20 11:48:06,055 [DEBUG] itemku: 📡 API: https://www.itemku.com/~partytown/proxytown
2026-05-20 11:48:06,058 [DEBUG] itemku: 📡 API: https://www.itemku.com/~partytown/proxytown
2026-05-20 11:48:06,062 [DEBUG] itemku: 📡 API: https://www.itemku.com/~partytown/proxytown
2026-05-20 11:48:06,067 [DEBUG] itemku: 📡 API: https://www.itemku.com/~partytown/proxytown
2026-05-20 11:48:06,072 [DEBUG] itemku: 📡 API: https://www.itemku.com/~partytown/proxytown
2026-05-20 11:48:06,076 [DEBUG] itemku: 📡 API: https://www.itemku.com/~partytown/proxytown
2026-05-20 11:48:06,079 [DEBUG] itemku: 📡 API: https://www.itemku.com/~partytown/proxytown
2026-05-20 11:48:06,083 [DEBUG] itemku: 📡 API: https://www.itemku.com/~partytown/proxytown
2026-05-20 11:48:06,088 [DEBUG] itemku: 📡 API: https://www.itemku.com/~partytown/proxytown
2026-05-20 11:48:06,089 [DEBUG] itemku: 📡 API: https://www.itemku.com/~partytown/proxytown
2026-05-20 11:48:06,093 [DEBUG] itemku: 📡 API: https://www.itemku.com/~partytown/proxytown
2026-05-20 11:48:06,100 [DEBUG] itemku: 📡 API: https://www.itemku.com/~partytown/proxytown
2026-05-20 11:48:06,100 [DEBUG] itemku: 📡 API: https://www.itemku.com/~partytown/proxytown
2026-05-20 11:48:06,100 [DEBUG] itemku: 📡 API: https://www.itemku.com/~partytown/proxytown
2026-05-20 11:48:06,113 [DEBUG] itemku: 📡 API: https://www.itemku.com/~partytown/proxytown
2026-05-20 11:48:06,170 [DEBUG] itemku: 📡 API: https://www.itemku.com/~partytown/proxytown
2026-05-20 11:48:06,171 [DEBUG] itemku: 📡 API: https://www.itemku.com/~partytown/proxytown
2026-05-20 11:48:06,176 [DEBUG] itemku: 📡 API: https://www.itemku.com/~partytown/proxytown
2026-05-20 11:48:06,186 [DEBUG] itemku: 📡 API: https://www.itemku.com/~partytown/proxytown
2026-05-20 11:48:06,202 [DEBUG] itemku: 📡 API: https://www.itemku.com/~partytown/proxytown
2026-05-20 11:48:06,209 [DEBUG] itemku: 📡 API: https://www.itemku.com/~partytown/proxytown
2026-05-20 11:48:06,212 [DEBUG] itemku: 📡 API: https://www.itemku.com/~partytown/proxytown
2026-05-20 11:48:06,217 [DEBUG] itemku: 📡 API: https://www.itemku.com/~partytown/proxytown
2026-05-20 11:48:06,223 [DEBUG] itemku: 📡 API: https://www.itemku.com/~partytown/proxytown
2026-05-20 11:48:06,228 [DEBUG] itemku: 📡 API: https://www.itemku.com/~partytown/proxytown
2026-05-20 11:48:06,233 [DEBUG] itemku: 📡 API: https://www.itemku.com/~partytown/proxytown
2026-05-20 11:48:06,238 [DEBUG] itemku: 📡 API: https://www.itemku.com/~partytown/proxytown
2026-05-20 11:48:06,245 [DEBUG] itemku: 📡 API: https://www.itemku.com/~partytown/proxytown
2026-05-20 11:48:06,253 [DEBUG] itemku: 📡 API: https://www.itemku.com/~partytown/proxytown
2026-05-20 11:48:06,261 [DEBUG] itemku: 📡 API: https://www.itemku.com/~partytown/proxytown
2026-05-20 11:48:06,272 [DEBUG] itemku: 📡 API: https://www.itemku.com/~partytown/proxytown
2026-05-20 11:48:06,278 [DEBUG] itemku: 📡 API: https://www.itemku.com/~partytown/proxytown
2026-05-20 11:48:06,283 [DEBUG] itemku: 📡 API: https://www.itemku.com/~partytown/proxytown
2026-05-20 11:48:06,291 [DEBUG] itemku: 📡 API: https://www.itemku.com/~partytown/proxytown
2026-05-20 11:48:06,297 [DEBUG] itemku: 📡 API: https://www.itemku.com/~partytown/proxytown
2026-05-20 11:48:06,303 [DEBUG] itemku: 📡 API: https://www.itemku.com/~partytown/proxytown
2026-05-20 11:48:06,314 [DEBUG] itemku: 📡 API: https://www.itemku.com/~partytown/proxytown
2026-05-20 11:48:06,321 [DEBUG] itemku: 📡 API: https://www.itemku.com/~partytown/proxytown
2026-05-20 11:48:06,321 [DEBUG] itemku: 📡 API: https://www.itemku.com/~partytown/proxytown
2026-05-20 11:48:06,327 [DEBUG] itemku: 📡 API: https://www.itemku.com/~partytown/proxytown
2026-05-20 11:48:06,340 [DEBUG] itemku: 📡 API: https://www.itemku.com/~partytown/proxytown
2026-05-20 11:48:06,345 [DEBUG] itemku: 📡 API: https://www.itemku.com/~partytown/proxytown
2026-05-20 11:48:06,350 [DEBUG] itemku: 📡 API: https://www.itemku.com/~partytown/proxytown
2026-05-20 11:48:06,354 [DEBUG] itemku: 📡 API: https://www.itemku.com/~partytown/proxytown
2026-05-20 11:48:06,358 [DEBUG] itemku: 📡 API: https://www.itemku.com/~partytown/proxytown
2026-05-20 11:48:06,365 [DEBUG] itemku: 📡 API: https://www.itemku.com/~partytown/proxytown
2026-05-20 11:48:06,373 [DEBUG] itemku: 📡 API: https://www.itemku.com/~partytown/proxytown
2026-05-20 11:48:06,377 [DEBUG] itemku: 📡 API: https://www.itemku.com/~partytown/proxytown
2026-05-20 11:48:06,382 [DEBUG] itemku: 📡 API: https://www.itemku.com/~partytown/proxytown
2026-05-20 11:48:06,392 [DEBUG] itemku: 📡 API: https://www.itemku.com/~partytown/proxytown
2026-05-20 11:48:06,393 [DEBUG] itemku: 📡 API: https://www.itemku.com/~partytown/proxytown
2026-05-20 11:48:06,398 [DEBUG] itemku: 📡 API: https://www.itemku.com/~partytown/proxytown
2026-05-20 11:48:06,405 [DEBUG] itemku: 📡 API: https://www.itemku.com/~partytown/proxytown
2026-05-20 11:48:06,411 [DEBUG] itemku: 📡 API: https://www.itemku.com/~partytown/proxytown
2026-05-20 11:48:06,419 [DEBUG] itemku: 📡 API: https://www.itemku.com/~partytown/proxytown
2026-05-20 11:48:06,424 [DEBUG] itemku: 📡 API: https://www.itemku.com/~partytown/proxytown
2026-05-20 11:48:06,433 [DEBUG] itemku: 📡 API: https://www.itemku.com/~partytown/proxytown
2026-05-20 11:48:06,440 [DEBUG] itemku: 📡 API: https://www.itemku.com/~partytown/proxytown
2026-05-20 11:48:06,441 [DEBUG] itemku: 📡 API: https://www.itemku.com/~partytown/proxytown
2026-05-20 11:48:06,468 [DEBUG] itemku: 📡 API: https://www.itemku.com/~partytown/proxytown
2026-05-20 11:48:06,469 [DEBUG] itemku: 📡 API: https://www.itemku.com/~partytown/proxytown
2026-05-20 11:48:06,470 [DEBUG] itemku: 📡 API: https://www.itemku.com/~partytown/proxytown
2026-05-20 11:48:06,471 [DEBUG] itemku: 📡 API: https://www.itemku.com/~partytown/proxytown
2026-05-20 11:48:06,473 [DEBUG] itemku: 📡 API: https://www.itemku.com/~partytown/proxytown
2026-05-20 11:48:06,473 [DEBUG] itemku: 📡 API: https://www.itemku.com/~partytown/proxytown
2026-05-20 11:48:06,483 [DEBUG] itemku: 📡 API: https://www.itemku.com/~partytown/proxytown
2026-05-20 11:48:06,489 [DEBUG] itemku: 📡 API: https://www.itemku.com/~partytown/proxytown
2026-05-20 11:48:06,494 [DEBUG] itemku: 📡 API: https://www.itemku.com/~partytown/proxytown
2026-05-20 11:48:06,501 [DEBUG] itemku: 📡 API: https://www.itemku.com/~partytown/proxytown
2026-05-20 11:48:06,505 [DEBUG] itemku: 📡 API: https://www.itemku.com/~partytown/proxytown
2026-05-20 11:48:06,506 [DEBUG] itemku: 📡 API: https://www.itemku.com/~partytown/proxytown
2026-05-20 11:48:06,515 [DEBUG] itemku: 📡 API: https://www.itemku.com/~partytown/proxytown
2026-05-20 11:48:06,517 [DEBUG] itemku: 📡 API: https://www.itemku.com/~partytown/proxytown
2026-05-20 11:48:06,746 [DEBUG] itemku: 📡 API: https://www.itemku.com/~partytown/proxytown
2026-05-20 11:48:06,751 [DEBUG] itemku: 📡 API: https://www.itemku.com/~partytown/proxytown
2026-05-20 11:48:06,751 [DEBUG] itemku: 📡 API: https://www.itemku.com/~partytown/proxytown
2026-05-20 11:48:06,754 [DEBUG] itemku: 📡 API: https://www.itemku.com/~partytown/proxytown
2026-05-20 11:48:06,760 [DEBUG] itemku: 📡 API: https://www.itemku.com/~partytown/proxytown
2026-05-20 11:48:06,764 [DEBUG] itemku: 📡 API: https://www.itemku.com/~partytown/proxytown
2026-05-20 11:48:06,767 [DEBUG] itemku: 📡 API: https://www.itemku.com/~partytown/proxytown
2026-05-20 11:48:06,770 [DEBUG] itemku: 📡 API: https://www.itemku.com/~partytown/proxytown
2026-05-20 11:48:06,771 [DEBUG] itemku: 📡 API: https://www.itemku.com/~partytown/proxytown
2026-05-20 11:48:06,773 [DEBUG] itemku: 📡 API: https://www.itemku.com/~partytown/proxytown
2026-05-20 11:48:06,777 [DEBUG] itemku: 📡 API: https://www.itemku.com/~partytown/proxytown
2026-05-20 11:48:06,785 [DEBUG] itemku: 📡 API: https://www.itemku.com/~partytown/proxytown
2026-05-20 11:48:06,790 [DEBUG] itemku: 📡 API: https://www.itemku.com/~partytown/proxytown
2026-05-20 11:48:06,791 [DEBUG] itemku: 📡 API: https://www.itemku.com/~partytown/proxytown
2026-05-20 11:48:06,803 [DEBUG] itemku: 📡 API: https://www.itemku.com/~partytown/proxytown
2026-05-20 11:48:06,806 [DEBUG] itemku: 📡 API: https://www.itemku.com/~partytown/proxytown
2026-05-20 11:48:06,808 [DEBUG] itemku: 📡 API: https://www.itemku.com/~partytown/proxytown
2026-05-20 11:48:06,814 [DEBUG] itemku: 📡 API: https://www.itemku.com/~partytown/proxytown
2026-05-20 11:48:06,817 [DEBUG] itemku: 📡 API: https://www.itemku.com/~partytown/proxytown
2026-05-20 11:48:06,821 [DEBUG] itemku: 📡 API: https://www.itemku.com/~partytown/proxytown
2026-05-20 11:48:06,821 [DEBUG] itemku: 📡 API: https://www.itemku.com/~partytown/proxytown
2026-05-20 11:48:06,826 [DEBUG] itemku: 📡 API: https://www.itemku.com/~partytown/proxytown
2026-05-20 11:48:06,829 [DEBUG] itemku: 📡 API: https://www.itemku.com/~partytown/proxytown
2026-05-20 11:48:06,833 [DEBUG] itemku: 📡 API: https://www.itemku.com/~partytown/proxytown
2026-05-20 11:48:06,835 [DEBUG] itemku: 📡 API: https://www.itemku.com/~partytown/proxytown
2026-05-20 11:48:06,835 [DEBUG] itemku: 📡 API: https://www.itemku.com/~partytown/proxytown
2026-05-20 11:48:06,841 [DEBUG] itemku: 📡 API: https://www.itemku.com/~partytown/proxytown
2026-05-20 11:48:06,841 [DEBUG] itemku: 📡 API: https://www.itemku.com/~partytown/proxytown
2026-05-20 11:48:06,848 [DEBUG] itemku: 📡 API: https://www.itemku.com/~partytown/proxytown
2026-05-20 11:48:06,848 [DEBUG] itemku: 📡 API: https://www.itemku.com/~partytown/proxytown
2026-05-20 11:48:06,850 [DEBUG] itemku: 📡 API: https://www.itemku.com/~partytown/proxytown
2026-05-20 11:48:06,855 [DEBUG] itemku: 📡 API: https://www.itemku.com/~partytown/proxytown
2026-05-20 11:48:06,859 [DEBUG] itemku: 📡 API: https://www.itemku.com/~partytown/proxytown
2026-05-20 11:48:06,862 [DEBUG] itemku: 📡 API: https://www.itemku.com/~partytown/proxytown
2026-05-20 11:48:06,864 [DEBUG] itemku: 📡 API: https://www.itemku.com/~partytown/proxytown
2026-05-20 11:48:06,867 [DEBUG] itemku: 📡 API: https://www.itemku.com/~partytown/proxytown
2026-05-20 11:48:06,870 [DEBUG] itemku: 📡 API: https://www.itemku.com/~partytown/proxytown
2026-05-20 11:48:06,893 [DEBUG] itemku: 📡 API: https://www.itemku.com/~partytown/proxytown
2026-05-20 11:48:06,893 [DEBUG] itemku: 📡 API: https://www.itemku.com/~partytown/proxytown
2026-05-20 11:48:06,907 [DEBUG] itemku: 📡 API: https://www.itemku.com/~partytown/proxytown
2026-05-20 11:48:06,912 [DEBUG] itemku: 📡 API: https://www.itemku.com/~partytown/proxytown
2026-05-20 11:48:06,917 [DEBUG] itemku: 📡 API: https://www.itemku.com/~partytown/proxytown
2026-05-20 11:48:06,922 [DEBUG] itemku: 📡 API: https://www.itemku.com/~partytown/proxytown
2026-05-20 11:48:06,930 [DEBUG] itemku: 📡 API: https://www.itemku.com/~partytown/proxytown
2026-05-20 11:48:06,938 [DEBUG] itemku: 📡 API: https://www.itemku.com/~partytown/proxytown
2026-05-20 11:48:06,939 [DEBUG] itemku: 📡 API: https://www.itemku.com/~partytown/proxytown
2026-05-20 11:48:06,973 [DEBUG] itemku: 📡 API: https://www.itemku.com/~partytown/proxytown
2026-05-20 11:48:06,982 [DEBUG] itemku: 📡 API: https://www.itemku.com/~partytown/proxytown
2026-05-20 11:48:06,987 [DEBUG] itemku: 📡 API: https://www.itemku.com/~partytown/proxytown
2026-05-20 11:48:06,991 [DEBUG] itemku: 📡 API: https://www.itemku.com/~partytown/proxytown
2026-05-20 11:48:06,994 [DEBUG] itemku: 📡 API: https://www.itemku.com/~partytown/proxytown
2026-05-20 11:48:06,998 [DEBUG] itemku: 📡 API: https://www.itemku.com/~partytown/proxytown
2026-05-20 11:48:07,000 [DEBUG] itemku: 📡 API: https://www.itemku.com/~partytown/proxytown
2026-05-20 11:48:07,003 [DEBUG] itemku: 📡 API: https://www.itemku.com/~partytown/proxytown
2026-05-20 11:48:07,007 [DEBUG] itemku: 📡 API: https://www.itemku.com/~partytown/proxytown
2026-05-20 11:48:07,007 [DEBUG] itemku: 📡 API: https://www.itemku.com/~partytown/proxytown
2026-05-20 11:48:07,013 [DEBUG] itemku: 📡 API: https://www.itemku.com/~partytown/proxytown
2026-05-20 11:48:07,014 [DEBUG] itemku: 📡 API: https://www.itemku.com/~partytown/proxytown
2026-05-20 11:48:07,021 [DEBUG] itemku: 📡 API: https://www.itemku.com/~partytown/proxytown
2026-05-20 11:48:07,021 [DEBUG] itemku: 📡 API: https://www.itemku.com/~partytown/proxytown
2026-05-20 11:48:07,026 [DEBUG] itemku: 📡 API: https://www.itemku.com/~partytown/proxytown
2026-05-20 11:48:07,029 [DEBUG] itemku: 📡 API: https://www.itemku.com/~partytown/proxytown
2026-05-20 11:48:07,032 [DEBUG] itemku: 📡 API: https://www.itemku.com/~partytown/proxytown
2026-05-20 11:48:07,033 [DEBUG] itemku: 📡 API: https://www.itemku.com/~partytown/proxytown
2026-05-20 11:48:07,037 [DEBUG] itemku: 📡 API: https://www.itemku.com/~partytown/proxytown
2026-05-20 11:48:07,041 [DEBUG] itemku: 📡 API: https://www.itemku.com/~partytown/proxytown
2026-05-20 11:48:07,042 [DEBUG] itemku: 📡 API: https://www.itemku.com/~partytown/proxytown
2026-05-20 11:48:07,046 [DEBUG] itemku: 📡 API: https://www.itemku.com/~partytown/proxytown
2026-05-20 11:48:07,047 [DEBUG] itemku: 📡 API: https://www.itemku.com/~partytown/proxytown
2026-05-20 11:48:07,050 [DEBUG] itemku: 📡 API: https://www.itemku.com/~partytown/proxytown
2026-05-20 11:48:07,057 [DEBUG] itemku: 📡 API: https://www.itemku.com/~partytown/proxytown
2026-05-20 11:48:07,058 [DEBUG] itemku: 📡 API: https://www.itemku.com/~partytown/proxytown
2026-05-20 11:48:07,063 [DEBUG] itemku: 📡 API: https://www.itemku.com/~partytown/proxytown
2026-05-20 11:48:07,063 [DEBUG] itemku: 📡 API: https://www.itemku.com/~partytown/proxytown
2026-05-20 11:48:07,068 [DEBUG] itemku: 📡 API: https://www.itemku.com/~partytown/proxytown
2026-05-20 11:48:07,071 [DEBUG] itemku: 📡 API: https://www.itemku.com/~partytown/proxytown
2026-05-20 11:48:07,074 [DEBUG] itemku: 📡 API: https://www.itemku.com/~partytown/proxytown
2026-05-20 11:48:07,074 [DEBUG] itemku: 📡 API: https://www.itemku.com/~partytown/proxytown
2026-05-20 11:48:07,079 [DEBUG] itemku: 📡 API: https://www.itemku.com/~partytown/proxytown
2026-05-20 11:48:07,082 [DEBUG] itemku: 📡 API: https://www.itemku.com/~partytown/proxytown
2026-05-20 11:48:07,083 [DEBUG] itemku: 📡 API: https://www.itemku.com/~partytown/proxytown
2026-05-20 11:48:07,086 [DEBUG] itemku: 📡 API: https://www.itemku.com/~partytown/proxytown
2026-05-20 11:48:07,092 [DEBUG] itemku: 📡 API: https://www.itemku.com/~partytown/proxytown
2026-05-20 11:48:07,094 [DEBUG] itemku: 📡 API: https://www.itemku.com/~partytown/proxytown
2026-05-20 11:48:07,098 [DEBUG] itemku: 📡 API: https://www.itemku.com/~partytown/proxytown
2026-05-20 11:48:07,100 [DEBUG] itemku: 📡 API: https://www.itemku.com/~partytown/proxytown
2026-05-20 11:48:07,103 [DEBUG] itemku: 📡 API: https://www.itemku.com/~partytown/proxytown
2026-05-20 11:48:07,103 [DEBUG] itemku: 📡 API: https://www.itemku.com/~partytown/proxytown
2026-05-20 11:48:07,106 [DEBUG] itemku: 📡 API: https://www.itemku.com/~partytown/proxytown
2026-05-20 11:48:07,108 [DEBUG] itemku: 📡 API: https://www.itemku.com/~partytown/proxytown
2026-05-20 11:48:07,114 [DEBUG] itemku: 📡 API: https://www.itemku.com/~partytown/proxytown
2026-05-20 11:48:07,117 [DEBUG] itemku: 📡 API: https://www.itemku.com/~partytown/proxytown
2026-05-20 11:48:07,120 [DEBUG] itemku: 📡 API: https://www.itemku.com/~partytown/proxytown
2026-05-20 11:48:07,122 [DEBUG] itemku: 📡 API: https://www.itemku.com/~partytown/proxytown
2026-05-20 11:48:07,126 [DEBUG] itemku: 📡 API: https://www.itemku.com/~partytown/proxytown
2026-05-20 11:48:07,128 [DEBUG] itemku: 📡 API: https://www.itemku.com/~partytown/proxytown
2026-05-20 11:48:07,132 [DEBUG] itemku: 📡 API: https://www.itemku.com/~partytown/proxytown
2026-05-20 11:48:07,132 [DEBUG] itemku: 📡 API: https://www.itemku.com/~partytown/proxytown
2026-05-20 11:48:07,138 [DEBUG] itemku: 📡 API: https://www.itemku.com/~partytown/proxytown
2026-05-20 11:48:07,141 [DEBUG] itemku: 📡 API: https://www.itemku.com/~partytown/proxytown
2026-05-20 11:48:07,144 [DEBUG] itemku: 📡 API: https://www.itemku.com/~partytown/proxytown
2026-05-20 11:48:07,144 [DEBUG] itemku: 📡 API: https://www.itemku.com/~partytown/proxytown
2026-05-20 11:48:07,146 [DEBUG] itemku: 📡 API: https://www.itemku.com/~partytown/proxytown
2026-05-20 11:48:07,380 [DEBUG] itemku: 📡 API: https://script.crazyegg.com/pages/data-scripts/0113/7987/sampling/www.itemku.com.json?t=1
2026-05-20 11:48:16,550 [DEBUG] itemku: 📡 API: https://www.itemku.com/~partytown/proxytown
2026-05-20 11:48:18,479 [INFO] itemku: 📜 Scroll halaman...
2026-05-20 11:48:18,566 [DEBUG] itemku: 📡 API: https://www.itemku.com/~partytown/proxytown
2026-05-20 11:48:20,572 [DEBUG] itemku: 📡 API: https://www.itemku.com/~partytown/proxytown
2026-05-20 11:48:22,569 [DEBUG] itemku: 📡 API: https://www.itemku.com/~partytown/proxytown
2026-05-20 11:48:22,802 [DEBUG] itemku: 📡 API: https://www.itemku.com/~partytown/proxytown
2026-05-20 11:48:22,812 [DEBUG] itemku: 📡 API: https://www.itemku.com/~partytown/proxytown
2026-05-20 11:48:22,824 [DEBUG] itemku: 📡 API: https://www.itemku.com/~partytown/proxytown
2026-05-20 11:48:22,837 [DEBUG] itemku: 📡 API: https://www.itemku.com/~partytown/proxytown
2026-05-20 11:48:22,847 [DEBUG] itemku: 📡 API: https://www.itemku.com/~partytown/proxytown
2026-05-20 11:48:22,860 [DEBUG] itemku: 📡 API: https://www.itemku.com/~partytown/proxytown
2026-05-20 11:48:22,873 [DEBUG] itemku: 📡 API: https://www.itemku.com/~partytown/proxytown
2026-05-20 11:48:22,879 [DEBUG] itemku: 📡 API: https://www.itemku.com/~partytown/proxytown
2026-05-20 11:48:22,884 [DEBUG] itemku: 📡 API: https://www.itemku.com/~partytown/proxytown
2026-05-20 11:48:22,889 [DEBUG] itemku: 📡 API: https://www.itemku.com/~partytown/proxytown
2026-05-20 11:48:22,894 [DEBUG] itemku: 📡 API: https://www.itemku.com/~partytown/proxytown
2026-05-20 11:48:22,901 [DEBUG] itemku: 📡 API: https://www.itemku.com/~partytown/proxytown
2026-05-20 11:48:22,903 [DEBUG] itemku: 📡 API: https://www.itemku.com/~partytown/proxytown
2026-05-20 11:48:22,908 [DEBUG] itemku: 📡 API: https://www.itemku.com/~partytown/proxytown
2026-05-20 11:48:22,913 [DEBUG] itemku: 📡 API: https://www.itemku.com/~partytown/proxytown
2026-05-20 11:48:22,918 [DEBUG] itemku: 📡 API: https://www.itemku.com/~partytown/proxytown
2026-05-20 11:48:22,922 [DEBUG] itemku: 📡 API: https://www.itemku.com/~partytown/proxytown
2026-05-20 11:48:22,923 [DEBUG] itemku: 📡 API: https://www.itemku.com/~partytown/proxytown
2026-05-20 11:48:22,930 [DEBUG] itemku: 📡 API: https://www.itemku.com/~partytown/proxytown
2026-05-20 11:48:22,938 [DEBUG] itemku: 📡 API: https://www.itemku.com/~partytown/proxytown
2026-05-20 11:48:22,942 [DEBUG] itemku: 📡 API: https://www.itemku.com/~partytown/proxytown
2026-05-20 11:48:22,943 [DEBUG] itemku: 📡 API: https://www.itemku.com/~partytown/proxytown
2026-05-20 11:48:22,948 [DEBUG] itemku: 📡 API: https://www.itemku.com/~partytown/proxytown
2026-05-20 11:48:22,955 [DEBUG] itemku: 📡 API: https://www.itemku.com/~partytown/proxytown
2026-05-20 11:48:22,959 [DEBUG] itemku: 📡 API: https://www.itemku.com/~partytown/proxytown
2026-05-20 11:48:22,963 [DEBUG] itemku: 📡 API: https://www.itemku.com/~partytown/proxytown
2026-05-20 11:48:22,973 [DEBUG] itemku: 📡 API: https://www.itemku.com/~partytown/proxytown
2026-05-20 11:48:22,979 [DEBUG] itemku: 📡 API: https://www.itemku.com/~partytown/proxytown
2026-05-20 11:48:22,983 [DEBUG] itemku: 📡 API: https://www.itemku.com/~partytown/proxytown
2026-05-20 11:48:22,992 [DEBUG] itemku: 📡 API: https://www.itemku.com/~partytown/proxytown
2026-05-20 11:48:22,992 [DEBUG] itemku: 📡 API: https://www.itemku.com/~partytown/proxytown
2026-05-20 11:48:22,999 [DEBUG] itemku: 📡 API: https://www.itemku.com/~partytown/proxytown
2026-05-20 11:48:23,003 [DEBUG] itemku: 📡 API: https://www.itemku.com/~partytown/proxytown
2026-05-20 11:48:23,007 [DEBUG] itemku: 📡 API: https://www.itemku.com/~partytown/proxytown
2026-05-20 11:48:23,018 [DEBUG] itemku: 📡 API: https://www.itemku.com/~partytown/proxytown
2026-05-20 11:48:23,024 [DEBUG] itemku: 📡 API: https://www.itemku.com/~partytown/proxytown
2026-05-20 11:48:23,025 [DEBUG] itemku: 📡 API: https://www.itemku.com/~partytown/proxytown
2026-05-20 11:48:23,028 [DEBUG] itemku: 📡 API: https://www.itemku.com/~partytown/proxytown
2026-05-20 11:48:23,037 [DEBUG] itemku: 📡 API: https://www.itemku.com/~partytown/proxytown
2026-05-20 11:48:23,042 [DEBUG] itemku: 📡 API: https://www.itemku.com/~partytown/proxytown
2026-05-20 11:48:23,046 [DEBUG] itemku: 📡 API: https://www.itemku.com/~partytown/proxytown
2026-05-20 11:48:23,050 [DEBUG] itemku: 📡 API: https://www.itemku.com/~partytown/proxytown
2026-05-20 11:48:23,053 [DEBUG] itemku: 📡 API: https://www.itemku.com/~partytown/proxytown
2026-05-20 11:48:23,057 [DEBUG] itemku: 📡 API: https://www.itemku.com/~partytown/proxytown
2026-05-20 11:48:23,061 [DEBUG] itemku: 📡 API: https://www.itemku.com/~partytown/proxytown
2026-05-20 11:48:23,065 [DEBUG] itemku: 📡 API: https://www.itemku.com/~partytown/proxytown
2026-05-20 11:48:23,073 [DEBUG] itemku: 📡 API: https://www.itemku.com/~partytown/proxytown
2026-05-20 11:48:23,083 [DEBUG] itemku: 📡 API: https://www.itemku.com/~partytown/proxytown
2026-05-20 11:48:23,085 [DEBUG] itemku: 📡 API: https://www.itemku.com/~partytown/proxytown
2026-05-20 11:48:23,093 [DEBUG] itemku: 📡 API: https://www.itemku.com/~partytown/proxytown
2026-05-20 11:48:23,097 [DEBUG] itemku: 📡 API: https://www.itemku.com/~partytown/proxytown
2026-05-20 11:48:23,102 [DEBUG] itemku: 📡 API: https://www.itemku.com/~partytown/proxytown
2026-05-20 11:48:23,109 [DEBUG] itemku: 📡 API: https://www.itemku.com/~partytown/proxytown
2026-05-20 11:48:23,113 [DEBUG] itemku: 📡 API: https://www.itemku.com/~partytown/proxytown
2026-05-20 11:48:23,118 [DEBUG] itemku: 📡 API: https://www.itemku.com/~partytown/proxytown
2026-05-20 11:48:23,119 [DEBUG] itemku: 📡 API: https://www.itemku.com/~partytown/proxytown
2026-05-20 11:48:23,123 [DEBUG] itemku: 📡 API: https://www.itemku.com/~partytown/proxytown
2026-05-20 11:48:23,133 [DEBUG] itemku: 📡 API: https://www.itemku.com/~partytown/proxytown
2026-05-20 11:48:23,137 [DEBUG] itemku: 📡 API: https://www.itemku.com/~partytown/proxytown
2026-05-20 11:48:23,148 [DEBUG] itemku: 📡 API: https://www.itemku.com/~partytown/proxytown
2026-05-20 11:48:23,164 [DEBUG] itemku: 📡 API: https://www.itemku.com/~partytown/proxytown
2026-05-20 11:48:23,164 [DEBUG] itemku: 📡 API: https://www.itemku.com/~partytown/proxytown
2026-05-20 11:48:23,166 [DEBUG] itemku: 📡 API: https://www.itemku.com/~partytown/proxytown
2026-05-20 11:48:23,167 [DEBUG] itemku: 📡 API: https://www.itemku.com/~partytown/proxytown
2026-05-20 11:48:23,172 [DEBUG] itemku: 📡 API: https://www.itemku.com/~partytown/proxytown
2026-05-20 11:48:23,173 [DEBUG] itemku: 📡 API: https://www.itemku.com/~partytown/proxytown
2026-05-20 11:48:23,175 [DEBUG] itemku: 📡 API: https://www.itemku.com/~partytown/proxytown
2026-05-20 11:48:23,176 [DEBUG] itemku: 📡 API: https://www.itemku.com/~partytown/proxytown
2026-05-20 11:48:23,179 [DEBUG] itemku: 📡 API: https://www.itemku.com/~partytown/proxytown
2026-05-20 11:48:23,180 [DEBUG] itemku: 📡 API: https://www.itemku.com/~partytown/proxytown
2026-05-20 11:48:23,184 [DEBUG] itemku: 📡 API: https://www.itemku.com/~partytown/proxytown
2026-05-20 11:48:23,185 [DEBUG] itemku: 📡 API: https://www.itemku.com/~partytown/proxytown
2026-05-20 11:48:23,187 [DEBUG] itemku: 📡 API: https://www.itemku.com/~partytown/proxytown
2026-05-20 11:48:23,189 [DEBUG] itemku: 📡 API: https://www.itemku.com/~partytown/proxytown
2026-05-20 11:48:23,192 [DEBUG] itemku: 📡 API: https://www.itemku.com/~partytown/proxytown
2026-05-20 11:48:23,193 [DEBUG] itemku: 📡 API: https://www.itemku.com/~partytown/proxytown
2026-05-20 11:48:23,196 [DEBUG] itemku: 📡 API: https://www.itemku.com/~partytown/proxytown
2026-05-20 11:48:23,197 [DEBUG] itemku: 📡 API: https://www.itemku.com/~partytown/proxytown
2026-05-20 11:48:23,199 [DEBUG] itemku: 📡 API: https://www.itemku.com/~partytown/proxytown
2026-05-20 11:48:23,199 [DEBUG] itemku: 📡 API: https://www.itemku.com/~partytown/proxytown
2026-05-20 11:48:23,199 [DEBUG] itemku: 📡 API: https://www.itemku.com/~partytown/proxytown
2026-05-20 11:48:23,199 [DEBUG] itemku: 📡 API: https://www.itemku.com/~partytown/proxytown
2026-05-20 11:48:23,199 [DEBUG] itemku: 📡 API: https://www.itemku.com/~partytown/proxytown
2026-05-20 11:48:23,200 [DEBUG] itemku: 📡 API: https://www.itemku.com/~partytown/proxytown
2026-05-20 11:48:23,200 [DEBUG] itemku: 📡 API: https://www.itemku.com/~partytown/proxytown
2026-05-20 11:48:23,200 [DEBUG] itemku: 📡 API: https://www.itemku.com/~partytown/proxytown
2026-05-20 11:48:23,200 [DEBUG] itemku: 📡 API: https://www.itemku.com/~partytown/proxytown
2026-05-20 11:48:23,200 [DEBUG] itemku: 📡 API: https://www.itemku.com/~partytown/proxytown
2026-05-20 11:48:23,200 [DEBUG] itemku: 📡 API: https://www.itemku.com/~partytown/proxytown
2026-05-20 11:48:23,200 [DEBUG] itemku: 📡 API: https://www.itemku.com/~partytown/proxytown
2026-05-20 11:48:23,200 [DEBUG] itemku: 📡 API: https://www.itemku.com/~partytown/proxytown
2026-05-20 11:48:23,200 [DEBUG] itemku: 📡 API: https://www.itemku.com/~partytown/proxytown
2026-05-20 11:48:23,200 [DEBUG] itemku: 📡 API: https://www.itemku.com/~partytown/proxytown
2026-05-20 11:48:23,200 [DEBUG] itemku: 📡 API: https://www.itemku.com/~partytown/proxytown
2026-05-20 11:48:23,200 [DEBUG] itemku: 📡 API: https://www.itemku.com/~partytown/proxytown
2026-05-20 11:48:23,200 [DEBUG] itemku: 📡 API: https://www.itemku.com/~partytown/proxytown
2026-05-20 11:48:23,200 [DEBUG] itemku: 📡 API: https://www.itemku.com/~partytown/proxytown
2026-05-20 11:48:23,200 [DEBUG] itemku: 📡 API: https://www.itemku.com/~partytown/proxytown
2026-05-20 11:48:23,201 [DEBUG] itemku: 📡 API: https://www.itemku.com/~partytown/proxytown
2026-05-20 11:48:23,201 [DEBUG] itemku: 📡 API: https://www.itemku.com/~partytown/proxytown
2026-05-20 11:48:23,201 [DEBUG] itemku: 📡 API: https://www.itemku.com/~partytown/proxytown
2026-05-20 11:48:23,201 [DEBUG] itemku: 📡 API: https://www.itemku.com/~partytown/proxytown
2026-05-20 11:48:24,791 [DEBUG] itemku: 📡 API: https://www.itemku.com/~partytown/proxytown
2026-05-20 11:48:24,791 [DEBUG] itemku: 📡 API: https://www.itemku.com/~partytown/proxytown
2026-05-20 11:48:24,796 [DEBUG] itemku: 📡 API: https://www.itemku.com/~partytown/proxytown
2026-05-20 11:48:24,805 [DEBUG] itemku: 📡 API: https://www.itemku.com/~partytown/proxytown
2026-05-20 11:48:24,811 [DEBUG] itemku: 📡 API: https://www.itemku.com/~partytown/proxytown
2026-05-20 11:48:24,814 [DEBUG] itemku: 📡 API: https://www.itemku.com/~partytown/proxytown
2026-05-20 11:48:24,817 [DEBUG] itemku: 📡 API: https://www.itemku.com/~partytown/proxytown
2026-05-20 11:48:24,821 [DEBUG] itemku: 📡 API: https://www.itemku.com/~partytown/proxytown
2026-05-20 11:48:24,825 [DEBUG] itemku: 📡 API: https://www.itemku.com/~partytown/proxytown
2026-05-20 11:48:24,830 [DEBUG] itemku: 📡 API: https://www.itemku.com/~partytown/proxytown
2026-05-20 11:48:24,838 [DEBUG] itemku: 📡 API: https://www.itemku.com/~partytown/proxytown
2026-05-20 11:48:24,844 [DEBUG] itemku: 📡 API: https://www.itemku.com/~partytown/proxytown
2026-05-20 11:48:24,851 [DEBUG] itemku: 📡 API: https://www.itemku.com/~partytown/proxytown
2026-05-20 11:48:24,852 [DEBUG] itemku: 📡 API: https://www.itemku.com/~partytown/proxytown
2026-05-20 11:48:24,859 [DEBUG] itemku: 📡 API: https://www.itemku.com/~partytown/proxytown
2026-05-20 11:48:24,863 [DEBUG] itemku: 📡 API: https://www.itemku.com/~partytown/proxytown
2026-05-20 11:48:24,867 [DEBUG] itemku: 📡 API: https://www.itemku.com/~partytown/proxytown
2026-05-20 11:48:24,874 [DEBUG] itemku: 📡 API: https://www.itemku.com/~partytown/proxytown
2026-05-20 11:48:24,877 [DEBUG] itemku: 📡 API: https://www.itemku.com/~partytown/proxytown
2026-05-20 11:48:24,885 [DEBUG] itemku: 📡 API: https://www.itemku.com/~partytown/proxytown
2026-05-20 11:48:24,886 [DEBUG] itemku: 📡 API: https://www.itemku.com/~partytown/proxytown
2026-05-20 11:48:24,889 [DEBUG] itemku: 📡 API: https://www.itemku.com/~partytown/proxytown
2026-05-20 11:48:24,894 [DEBUG] itemku: 📡 API: https://www.itemku.com/~partytown/proxytown
2026-05-20 11:48:24,900 [DEBUG] itemku: 📡 API: https://www.itemku.com/~partytown/proxytown
2026-05-20 11:48:24,901 [DEBUG] itemku: 📡 API: https://www.itemku.com/~partytown/proxytown
2026-05-20 11:48:24,904 [DEBUG] itemku: 📡 API: https://www.itemku.com/~partytown/proxytown
2026-05-20 11:48:24,908 [DEBUG] itemku: 📡 API: https://www.itemku.com/~partytown/proxytown
2026-05-20 11:48:24,914 [DEBUG] itemku: 📡 API: https://www.itemku.com/~partytown/proxytown
2026-05-20 11:48:24,915 [DEBUG] itemku: 📡 API: https://www.itemku.com/~partytown/proxytown
2026-05-20 11:48:24,915 [DEBUG] itemku: 📡 API: https://www.itemku.com/~partytown/proxytown
2026-05-20 11:48:24,916 [DEBUG] itemku: 📡 API: https://www.itemku.com/~partytown/proxytown
2026-05-20 11:48:24,919 [DEBUG] itemku: 📡 API: https://www.itemku.com/~partytown/proxytown
2026-05-20 11:48:24,923 [DEBUG] itemku: 📡 API: https://www.itemku.com/~partytown/proxytown
2026-05-20 11:48:24,927 [DEBUG] itemku: 📡 API: https://www.itemku.com/~partytown/proxytown
2026-05-20 11:48:24,930 [DEBUG] itemku: 📡 API: https://www.itemku.com/~partytown/proxytown
2026-05-20 11:48:24,938 [DEBUG] itemku: 📡 API: https://www.itemku.com/~partytown/proxytown
2026-05-20 11:48:24,942 [DEBUG] itemku: 📡 API: https://www.itemku.com/~partytown/proxytown
2026-05-20 11:48:24,944 [DEBUG] itemku: 📡 API: https://www.itemku.com/~partytown/proxytown
2026-05-20 11:48:24,950 [DEBUG] itemku: 📡 API: https://www.itemku.com/~partytown/proxytown
2026-05-20 11:48:24,954 [DEBUG] itemku: 📡 API: https://www.itemku.com/~partytown/proxytown
2026-05-20 11:48:24,954 [DEBUG] itemku: 📡 API: https://www.itemku.com/~partytown/proxytown
2026-05-20 11:48:24,958 [DEBUG] itemku: 📡 API: https://www.itemku.com/~partytown/proxytown
2026-05-20 11:48:24,963 [DEBUG] itemku: 📡 API: https://www.itemku.com/~partytown/proxytown
2026-05-20 11:48:24,966 [DEBUG] itemku: 📡 API: https://www.itemku.com/~partytown/proxytown
2026-05-20 11:48:24,970 [DEBUG] itemku: 📡 API: https://www.itemku.com/~partytown/proxytown
2026-05-20 11:48:24,974 [DEBUG] itemku: 📡 API: https://www.itemku.com/~partytown/proxytown
2026-05-20 11:48:24,977 [DEBUG] itemku: 📡 API: https://www.itemku.com/~partytown/proxytown
2026-05-20 11:48:24,980 [DEBUG] itemku: 📡 API: https://www.itemku.com/~partytown/proxytown
2026-05-20 11:48:24,984 [DEBUG] itemku: 📡 API: https://www.itemku.com/~partytown/proxytown
2026-05-20 11:48:24,986 [DEBUG] itemku: 📡 API: https://www.itemku.com/~partytown/proxytown
2026-05-20 11:48:24,990 [DEBUG] itemku: 📡 API: https://www.itemku.com/~partytown/proxytown
2026-05-20 11:48:24,992 [DEBUG] itemku: 📡 API: https://www.itemku.com/~partytown/proxytown
2026-05-20 11:48:24,992 [DEBUG] itemku: 📡 API: https://www.itemku.com/~partytown/proxytown
2026-05-20 11:48:24,995 [DEBUG] itemku: 📡 API: https://www.itemku.com/~partytown/proxytown
2026-05-20 11:48:24,998 [DEBUG] itemku: 📡 API: https://www.itemku.com/~partytown/proxytown
2026-05-20 11:48:25,003 [DEBUG] itemku: 📡 API: https://www.itemku.com/~partytown/proxytown
2026-05-20 11:48:25,006 [DEBUG] itemku: 📡 API: https://www.itemku.com/~partytown/proxytown
2026-05-20 11:48:25,010 [DEBUG] itemku: 📡 API: https://www.itemku.com/~partytown/proxytown
2026-05-20 11:48:25,012 [DEBUG] itemku: 📡 API: https://www.itemku.com/~partytown/proxytown
2026-05-20 11:48:25,016 [DEBUG] itemku: 📡 API: https://www.itemku.com/~partytown/proxytown
2026-05-20 11:48:25,019 [DEBUG] itemku: 📡 API: https://www.itemku.com/~partytown/proxytown
2026-05-20 11:48:25,021 [DEBUG] itemku: 📡 API: https://www.itemku.com/~partytown/proxytown
2026-05-20 11:48:25,025 [DEBUG] itemku: 📡 API: https://www.itemku.com/~partytown/proxytown
2026-05-20 11:48:25,031 [DEBUG] itemku: 📡 API: https://www.itemku.com/~partytown/proxytown
2026-05-20 11:48:25,032 [DEBUG] itemku: 📡 API: https://www.itemku.com/~partytown/proxytown
2026-05-20 11:48:25,036 [DEBUG] itemku: 📡 API: https://www.itemku.com/~partytown/proxytown
2026-05-20 11:48:25,040 [DEBUG] itemku: 📡 API: https://www.itemku.com/~partytown/proxytown
2026-05-20 11:48:25,047 [DEBUG] itemku: 📡 API: https://www.itemku.com/~partytown/proxytown
2026-05-20 11:48:25,051 [DEBUG] itemku: 📡 API: https://www.itemku.com/~partytown/proxytown
2026-05-20 11:48:25,059 [DEBUG] itemku: 📡 API: https://www.itemku.com/~partytown/proxytown
2026-05-20 11:48:25,062 [DEBUG] itemku: 📡 API: https://www.itemku.com/~partytown/proxytown
2026-05-20 11:48:25,065 [DEBUG] itemku: 📡 API: https://www.itemku.com/~partytown/proxytown
2026-05-20 11:48:25,071 [DEBUG] itemku: 📡 API: https://www.itemku.com/~partytown/proxytown
2026-05-20 11:48:25,075 [DEBUG] itemku: 📡 API: https://www.itemku.com/~partytown/proxytown
2026-05-20 11:48:25,081 [DEBUG] itemku: 📡 API: https://www.itemku.com/~partytown/proxytown
2026-05-20 11:48:25,083 [DEBUG] itemku: 📡 API: https://www.itemku.com/~partytown/proxytown
2026-05-20 11:48:25,085 [DEBUG] itemku: 📡 API: https://www.itemku.com/~partytown/proxytown
2026-05-20 11:48:25,092 [DEBUG] itemku: 📡 API: https://www.itemku.com/~partytown/proxytown
2026-05-20 11:48:25,095 [DEBUG] itemku: 📡 API: https://www.itemku.com/~partytown/proxytown
2026-05-20 11:48:25,097 [DEBUG] itemku: 📡 API: https://www.itemku.com/~partytown/proxytown
2026-05-20 11:48:25,104 [DEBUG] itemku: 📡 API: https://www.itemku.com/~partytown/proxytown
2026-05-20 11:48:25,109 [DEBUG] itemku: 📡 API: https://www.itemku.com/~partytown/proxytown
2026-05-20 11:48:25,113 [DEBUG] itemku: 📡 API: https://www.itemku.com/~partytown/proxytown
2026-05-20 11:48:25,116 [DEBUG] itemku: 📡 API: https://www.itemku.com/~partytown/proxytown
2026-05-20 11:48:25,116 [DEBUG] itemku: 📡 API: https://www.itemku.com/~partytown/proxytown
2026-05-20 11:48:25,121 [DEBUG] itemku: 📡 API: https://www.itemku.com/~partytown/proxytown
2026-05-20 11:48:25,124 [DEBUG] itemku: 📡 API: https://www.itemku.com/~partytown/proxytown
2026-05-20 11:48:25,125 [DEBUG] itemku: 📡 API: https://www.itemku.com/~partytown/proxytown
2026-05-20 11:48:25,128 [DEBUG] itemku: 📡 API: https://www.itemku.com/~partytown/proxytown
2026-05-20 11:48:25,132 [DEBUG] itemku: 📡 API: https://www.itemku.com/~partytown/proxytown
2026-05-20 11:48:25,138 [DEBUG] itemku: 📡 API: https://www.itemku.com/~partytown/proxytown
2026-05-20 11:48:25,138 [DEBUG] itemku: 📡 API: https://www.itemku.com/~partytown/proxytown
2026-05-20 11:48:25,138 [DEBUG] itemku: 📡 API: https://www.itemku.com/~partytown/proxytown
2026-05-20 11:48:25,139 [DEBUG] itemku: 📡 API: https://www.itemku.com/~partytown/proxytown
2026-05-20 11:48:25,139 [DEBUG] itemku: 📡 API: https://www.itemku.com/~partytown/proxytown
2026-05-20 11:48:25,139 [DEBUG] itemku: 📡 API: https://www.itemku.com/~partytown/proxytown
2026-05-20 11:48:25,139 [DEBUG] itemku: 📡 API: https://www.itemku.com/~partytown/proxytown
2026-05-20 11:48:25,139 [DEBUG] itemku: 📡 API: https://www.itemku.com/~partytown/proxytown
2026-05-20 11:48:25,139 [DEBUG] itemku: 📡 API: https://www.itemku.com/~partytown/proxytown
2026-05-20 11:48:25,140 [DEBUG] itemku: 📡 API: https://www.itemku.com/~partytown/proxytown
2026-05-20 11:48:25,140 [DEBUG] itemku: 📡 API: https://www.itemku.com/~partytown/proxytown
2026-05-20 11:48:25,140 [DEBUG] itemku: 📡 API: https://www.itemku.com/~partytown/proxytown
2026-05-20 11:48:26,823 [DEBUG] itemku: 📡 API: https://www.itemku.com/~partytown/proxytown
2026-05-20 11:48:26,833 [DEBUG] itemku: 📡 API: https://www.itemku.com/~partytown/proxytown
2026-05-20 11:48:26,844 [DEBUG] itemku: 📡 API: https://www.itemku.com/~partytown/proxytown
2026-05-20 11:48:26,861 [DEBUG] itemku: 📡 API: https://www.itemku.com/~partytown/proxytown
2026-05-20 11:48:26,867 [DEBUG] itemku: 📡 API: https://www.itemku.com/~partytown/proxytown
2026-05-20 11:48:26,876 [DEBUG] itemku: 📡 API: https://www.itemku.com/~partytown/proxytown
2026-05-20 11:48:26,880 [DEBUG] itemku: 📡 API: https://www.itemku.com/~partytown/proxytown
2026-05-20 11:48:26,893 [DEBUG] itemku: 📡 API: https://www.itemku.com/~partytown/proxytown
2026-05-20 11:48:26,896 [DEBUG] itemku: 📡 API: https://www.itemku.com/~partytown/proxytown
2026-05-20 11:48:26,901 [DEBUG] itemku: 📡 API: https://www.itemku.com/~partytown/proxytown
2026-05-20 11:48:26,909 [DEBUG] itemku: 📡 API: https://www.itemku.com/~partytown/proxytown
2026-05-20 11:48:26,922 [DEBUG] itemku: 📡 API: https://www.itemku.com/~partytown/proxytown
2026-05-20 11:48:26,927 [DEBUG] itemku: 📡 API: https://www.itemku.com/~partytown/proxytown
2026-05-20 11:48:26,934 [DEBUG] itemku: 📡 API: https://www.itemku.com/~partytown/proxytown
2026-05-20 11:48:26,937 [DEBUG] itemku: 📡 API: https://www.itemku.com/~partytown/proxytown
2026-05-20 11:48:26,941 [DEBUG] itemku: 📡 API: https://www.itemku.com/~partytown/proxytown
2026-05-20 11:48:26,945 [DEBUG] itemku: 📡 API: https://www.itemku.com/~partytown/proxytown
2026-05-20 11:48:26,948 [DEBUG] itemku: 📡 API: https://www.itemku.com/~partytown/proxytown
2026-05-20 11:48:26,952 [DEBUG] itemku: 📡 API: https://www.itemku.com/~partytown/proxytown
2026-05-20 11:48:26,956 [DEBUG] itemku: 📡 API: https://www.itemku.com/~partytown/proxytown
2026-05-20 11:48:26,962 [DEBUG] itemku: 📡 API: https://www.itemku.com/~partytown/proxytown
2026-05-20 11:48:26,969 [DEBUG] itemku: 📡 API: https://www.itemku.com/~partytown/proxytown
2026-05-20 11:48:26,972 [DEBUG] itemku: 📡 API: https://www.itemku.com/~partytown/proxytown
2026-05-20 11:48:26,976 [DEBUG] itemku: 📡 API: https://www.itemku.com/~partytown/proxytown
2026-05-20 11:48:26,978 [DEBUG] itemku: 📡 API: https://www.itemku.com/~partytown/proxytown
2026-05-20 11:48:26,982 [DEBUG] itemku: 📡 API: https://www.itemku.com/~partytown/proxytown
2026-05-20 11:48:26,985 [DEBUG] itemku: 📡 API: https://www.itemku.com/~partytown/proxytown
2026-05-20 11:48:26,988 [DEBUG] itemku: 📡 API: https://www.itemku.com/~partytown/proxytown
2026-05-20 11:48:26,992 [DEBUG] itemku: 📡 API: https://www.itemku.com/~partytown/proxytown
2026-05-20 11:48:26,999 [DEBUG] itemku: 📡 API: https://www.itemku.com/~partytown/proxytown
2026-05-20 11:48:27,002 [DEBUG] itemku: 📡 API: https://www.itemku.com/~partytown/proxytown
2026-05-20 11:48:27,006 [DEBUG] itemku: 📡 API: https://www.itemku.com/~partytown/proxytown
2026-05-20 11:48:27,012 [DEBUG] itemku: 📡 API: https://www.itemku.com/~partytown/proxytown
2026-05-20 11:48:27,016 [DEBUG] itemku: 📡 API: https://www.itemku.com/~partytown/proxytown
2026-05-20 11:48:27,019 [DEBUG] itemku: 📡 API: https://www.itemku.com/~partytown/proxytown
2026-05-20 11:48:27,023 [DEBUG] itemku: 📡 API: https://www.itemku.com/~partytown/proxytown
2026-05-20 11:48:27,026 [DEBUG] itemku: 📡 API: https://www.itemku.com/~partytown/proxytown
2026-05-20 11:48:27,028 [DEBUG] itemku: 📡 API: https://www.itemku.com/~partytown/proxytown
2026-05-20 11:48:27,033 [DEBUG] itemku: 📡 API: https://www.itemku.com/~partytown/proxytown
2026-05-20 11:48:27,036 [DEBUG] itemku: 📡 API: https://www.itemku.com/~partytown/proxytown
2026-05-20 11:48:27,042 [DEBUG] itemku: 📡 API: https://www.itemku.com/~partytown/proxytown
2026-05-20 11:48:27,046 [DEBUG] itemku: 📡 API: https://www.itemku.com/~partytown/proxytown
2026-05-20 11:48:27,050 [DEBUG] itemku: 📡 API: https://www.itemku.com/~partytown/proxytown
2026-05-20 11:48:27,053 [DEBUG] itemku: 📡 API: https://www.itemku.com/~partytown/proxytown
2026-05-20 11:48:27,060 [DEBUG] itemku: 📡 API: https://www.itemku.com/~partytown/proxytown
2026-05-20 11:48:27,064 [DEBUG] itemku: 📡 API: https://www.itemku.com/~partytown/proxytown
2026-05-20 11:48:27,067 [DEBUG] itemku: 📡 API: https://www.itemku.com/~partytown/proxytown
2026-05-20 11:48:27,069 [DEBUG] itemku: 📡 API: https://www.itemku.com/~partytown/proxytown
2026-05-20 11:48:27,072 [DEBUG] itemku: 📡 API: https://www.itemku.com/~partytown/proxytown
2026-05-20 11:48:27,075 [DEBUG] itemku: 📡 API: https://www.itemku.com/~partytown/proxytown
2026-05-20 11:48:27,076 [DEBUG] itemku: 📡 API: https://www.itemku.com/~partytown/proxytown
2026-05-20 11:48:27,079 [DEBUG] itemku: 📡 API: https://www.itemku.com/~partytown/proxytown
2026-05-20 11:48:27,088 [DEBUG] itemku: 📡 API: https://www.itemku.com/~partytown/proxytown
2026-05-20 11:48:27,092 [DEBUG] itemku: 📡 API: https://www.itemku.com/~partytown/proxytown
2026-05-20 11:48:27,098 [DEBUG] itemku: 📡 API: https://www.itemku.com/~partytown/proxytown
2026-05-20 11:48:27,099 [DEBUG] itemku: 📡 API: https://www.itemku.com/~partytown/proxytown
2026-05-20 11:48:27,104 [DEBUG] itemku: 📡 API: https://www.itemku.com/~partytown/proxytown
2026-05-20 11:48:27,107 [DEBUG] itemku: 📡 API: https://www.itemku.com/~partytown/proxytown
2026-05-20 11:48:27,111 [DEBUG] itemku: 📡 API: https://www.itemku.com/~partytown/proxytown
2026-05-20 11:48:27,117 [DEBUG] itemku: 📡 API: https://www.itemku.com/~partytown/proxytown
2026-05-20 11:48:27,121 [DEBUG] itemku: 📡 API: https://www.itemku.com/~partytown/proxytown
2026-05-20 11:48:27,126 [DEBUG] itemku: 📡 API: https://www.itemku.com/~partytown/proxytown
2026-05-20 11:48:27,129 [DEBUG] itemku: 📡 API: https://www.itemku.com/~partytown/proxytown
2026-05-20 11:48:27,131 [DEBUG] itemku: 📡 API: https://www.itemku.com/~partytown/proxytown
2026-05-20 11:48:27,132 [DEBUG] itemku: 📡 API: https://www.itemku.com/~partytown/proxytown
2026-05-20 11:48:27,135 [DEBUG] itemku: 📡 API: https://www.itemku.com/~partytown/proxytown
2026-05-20 11:48:27,137 [DEBUG] itemku: 📡 API: https://www.itemku.com/~partytown/proxytown
2026-05-20 11:48:27,140 [DEBUG] itemku: 📡 API: https://www.itemku.com/~partytown/proxytown
2026-05-20 11:48:27,143 [DEBUG] itemku: 📡 API: https://www.itemku.com/~partytown/proxytown
2026-05-20 11:48:27,145 [DEBUG] itemku: 📡 API: https://www.itemku.com/~partytown/proxytown
2026-05-20 11:48:27,150 [DEBUG] itemku: 📡 API: https://www.itemku.com/~partytown/proxytown
2026-05-20 11:48:27,153 [DEBUG] itemku: 📡 API: https://www.itemku.com/~partytown/proxytown
2026-05-20 11:48:27,159 [DEBUG] itemku: 📡 API: https://www.itemku.com/~partytown/proxytown
2026-05-20 11:48:27,163 [DEBUG] itemku: 📡 API: https://www.itemku.com/~partytown/proxytown
2026-05-20 11:48:27,166 [DEBUG] itemku: 📡 API: https://www.itemku.com/~partytown/proxytown
2026-05-20 11:48:27,167 [DEBUG] itemku: 📡 API: https://www.itemku.com/~partytown/proxytown
2026-05-20 11:48:27,173 [DEBUG] itemku: 📡 API: https://www.itemku.com/~partytown/proxytown
2026-05-20 11:48:27,176 [DEBUG] itemku: 📡 API: https://www.itemku.com/~partytown/proxytown
2026-05-20 11:48:27,179 [DEBUG] itemku: 📡 API: https://www.itemku.com/~partytown/proxytown
2026-05-20 11:48:27,181 [DEBUG] itemku: 📡 API: https://www.itemku.com/~partytown/proxytown
2026-05-20 11:48:27,181 [DEBUG] itemku: 📡 API: https://www.itemku.com/~partytown/proxytown
2026-05-20 11:48:27,181 [DEBUG] itemku: 📡 API: https://www.itemku.com/~partytown/proxytown
2026-05-20 11:48:27,182 [DEBUG] itemku: 📡 API: https://www.itemku.com/~partytown/proxytown
2026-05-20 11:48:27,182 [DEBUG] itemku: 📡 API: https://www.itemku.com/~partytown/proxytown
2026-05-20 11:48:27,183 [DEBUG] itemku: 📡 API: https://www.itemku.com/~partytown/proxytown
2026-05-20 11:48:27,183 [DEBUG] itemku: 📡 API: https://www.itemku.com/~partytown/proxytown
2026-05-20 11:48:27,183 [DEBUG] itemku: 📡 API: https://www.itemku.com/~partytown/proxytown
2026-05-20 11:48:27,184 [DEBUG] itemku: 📡 API: https://www.itemku.com/~partytown/proxytown
2026-05-20 11:48:27,184 [DEBUG] itemku: 📡 API: https://www.itemku.com/~partytown/proxytown
2026-05-20 11:48:27,184 [DEBUG] itemku: 📡 API: https://www.itemku.com/~partytown/proxytown
2026-05-20 11:48:27,184 [DEBUG] itemku: 📡 API: https://www.itemku.com/~partytown/proxytown
2026-05-20 11:48:27,184 [DEBUG] itemku: 📡 API: https://www.itemku.com/~partytown/proxytown
2026-05-20 11:48:27,185 [DEBUG] itemku: 📡 API: https://www.itemku.com/~partytown/proxytown
2026-05-20 11:48:27,185 [DEBUG] itemku: 📡 API: https://www.itemku.com/~partytown/proxytown
2026-05-20 11:48:27,185 [DEBUG] itemku: 📡 API: https://www.itemku.com/~partytown/proxytown
2026-05-20 11:48:27,185 [DEBUG] itemku: 📡 API: https://www.itemku.com/~partytown/proxytown
2026-05-20 11:48:27,185 [DEBUG] itemku: 📡 API: https://www.itemku.com/~partytown/proxytown
2026-05-20 11:48:27,185 [DEBUG] itemku: 📡 API: https://www.itemku.com/~partytown/proxytown
2026-05-20 11:48:27,186 [DEBUG] itemku: 📡 API: https://www.itemku.com/~partytown/proxytown
2026-05-20 11:48:27,186 [DEBUG] itemku: 📡 API: https://www.itemku.com/~partytown/proxytown
2026-05-20 11:48:27,186 [DEBUG] itemku: 📡 API: https://www.itemku.com/~partytown/proxytown
2026-05-20 11:48:27,186 [DEBUG] itemku: 📡 API: https://www.itemku.com/~partytown/proxytown
2026-05-20 11:48:59,035 [INFO] itemku: 💾 Simpan debug...
2026-05-20 11:49:01,364 [INFO] itemku: 📸 Screenshot tersimpan
2026-05-20 11:49:01,364 [INFO] itemku: 📡 API tertangkap: 824
2026-05-20 11:49:01,366 [INFO] itemku: ✅ Produk dari API: 42
2026-05-20 11:49:01,416 [INFO] itemku: 📦 Total produk: 42
2026-05-20 11:49:01,416 [DEBUG] itemku: ⏳ Delay 2.6s...
2026-05-20 11:49:03,985 [INFO] itemku: 
============================================================
2026-05-20 11:49:03,986 [INFO] itemku: 📂 KATEGORI: free-fire
2026-05-20 11:49:03,987 [INFO] itemku: ============================================================
2026-05-20 11:49:03,987 [INFO] itemku: 🔍 Scrape kategori:
2026-05-20 11:49:03,987 [INFO] itemku:    URL: https://www.itemku.com/g/free-fire
2026-05-20 11:49:06,078 [INFO] run: ============================================================
2026-05-20 11:49:06,078 [INFO] run: 🚀 ITEMKU SCRAPER → LARAVEL SEEDER
2026-05-20 11:49:06,078 [INFO] run: ============================================================
2026-05-20 11:49:06,079 [INFO] run: 👤 Seller User ID  : 1
2026-05-20 11:49:06,079 [INFO] run: 🎯 Kategori target : mobile-legends, free-fire, pubg-mobile
2026-05-20 11:49:06,079 [INFO] run: 📂 Output folder   : C:\TB SBD\TB-K1-Database\lapak_gaming\database\seeders
2026-05-20 11:49:06,079 [INFO] run: 
📡 Memulai scraping...
2026-05-20 11:49:06,288 [DEBUG] itemku: 📡 API: https://o4509161725165568.ingest.us.sentry.io/api/4510866523684864/envelope/?sentry_version=7&sentry_key=dcb78a197aceb892f5ebb8155c069e23&sentry_client=sentry.javascript.nextjs%2f10.38.0
2026-05-20 11:49:07,123 [INFO] itemku: 🌐 Browser berhasil dijalankan
2026-05-20 11:49:07,123 [INFO] itemku: 
============================================================
2026-05-20 11:49:07,124 [INFO] itemku: 📂 KATEGORI: mobile-legends
2026-05-20 11:49:07,124 [INFO] itemku: ============================================================
2026-05-20 11:49:07,124 [INFO] itemku: 🔍 Scrape kategori:
2026-05-20 11:49:07,124 [INFO] itemku:    URL: https://www.itemku.com/g/mobile-legends
2026-05-20 11:49:09,222 [DEBUG] itemku: 📡 API: https://api-gateway.itemku.com/v1/config
2026-05-20 11:49:09,465 [DEBUG] itemku: 📡 API: https://api-gateway.itemku.com/v2/product/cheapest-per-item-info?game_id=65&country_codes%5b%5d=id&is_exclusive=false&is_include_instant_delivery=1
2026-05-20 11:49:15,110 [DEBUG] itemku: 📡 API: https://script.crazyegg.com/pages/data-scripts/0113/7987/site/www.itemku.com.json?t=1
2026-05-20 11:49:15,714 [DEBUG] itemku: 📡 API: https://script.crazyegg.com/pages/data-scripts/0113/7987/sampling/www.itemku.com.json?t=1
2026-05-20 11:49:16,519 [INFO] itemku: 💾 Simpan debug...
2026-05-20 11:49:16,523 [INFO] itemku: 📦 __NEXT_DATA__ ditemukan
2026-05-20 11:49:16,563 [INFO] itemku: ✅ Produk dari __NEXT_DATA__: 25
2026-05-20 11:49:16,564 [INFO] itemku: 📦 Total produk: 25
2026-05-20 11:49:16,564 [DEBUG] itemku: ⏳ Delay 2.5s...
2026-05-20 11:49:19,066 [INFO] itemku: 
============================================================
2026-05-20 11:49:19,067 [INFO] itemku: 📂 KATEGORI: free-fire
2026-05-20 11:49:19,068 [INFO] itemku: ============================================================
2026-05-20 11:49:19,068 [INFO] itemku: 🔍 Scrape kategori:
2026-05-20 11:49:19,069 [INFO] itemku:    URL: https://www.itemku.com/g/free-fire
2026-05-20 11:49:22,006 [INFO] itemku: 💾 Simpan debug...
2026-05-20 11:49:22,026 [INFO] itemku: 📦 Total produk: 0
2026-05-20 11:49:22,026 [DEBUG] itemku: ⏳ Delay 4.3s...
2026-05-20 11:49:25,628 [INFO] itemku: 📜 Scroll halaman...
2026-05-20 11:49:26,327 [INFO] itemku: 
============================================================
2026-05-20 11:49:26,327 [INFO] itemku: 📂 KATEGORI: pubg-mobile
2026-05-20 11:49:26,328 [INFO] itemku: ============================================================
2026-05-20 11:49:26,328 [INFO] itemku: 🔍 Scrape kategori:
2026-05-20 11:49:26,328 [INFO] itemku:    URL: https://www.itemku.com/g/pubg-mobile
2026-05-20 11:49:26,724 [DEBUG] itemku: 📡 API: https://app.termly.io/api/v1/snippets/websites/2f50857b-446f-430d-bc25-c438216d2c5a/cookies
2026-05-20 11:49:27,170 [DEBUG] itemku: 📡 API: https://app.termly.io/api/v1/snippets/websites/2f50857b-446f-430d-bc25-c438216d2c5a/statistics
2026-05-20 11:49:28,232 [INFO] itemku: 💾 Simpan debug...
2026-05-20 11:49:28,237 [INFO] itemku: 📦 __NEXT_DATA__ ditemukan
2026-05-20 11:49:28,247 [INFO] itemku: ✅ Produk dari __NEXT_DATA__: 6
2026-05-20 11:49:28,248 [INFO] itemku: 📦 Total produk: 6
2026-05-20 11:49:28,248 [DEBUG] itemku: ⏳ Delay 3.6s...
2026-05-20 11:49:32,385 [INFO] itemku: 🔒 Browser ditutup
2026-05-20 11:49:32,386 [INFO] run: ✅ Selesai scraping: 31 produk dari 3 kategori
2026-05-20 11:49:32,386 [INFO] run: 
🖊️  Membuat file PHP Seeder...
2026-05-20 11:49:32,386 [INFO] seeder_generator: 
🖊️  Membuat Laravel Seeder di: C:\TB SBD\TB-K1-Database\lapak_gaming\database\seeders
2026-05-20 11:49:32,389 [INFO] seeder_generator: 📁 Seeder kategori: ../database/seeders\ItemkuCategoriesSeeder.php (3 kategori)
2026-05-20 11:49:32,392 [INFO] seeder_generator: 📦 Seeder produk: ../database/seeders\ItemkuProductsSeeder.php (31 produk)
2026-05-20 11:49:32,392 [INFO] run: 
============================================================
2026-05-20 11:49:32,392 [INFO] run: ✅ SEEDER BERHASIL DIBUAT!
2026-05-20 11:49:32,392 [INFO] run:    📁 ../database/seeders\ItemkuCategoriesSeeder.php
2026-05-20 11:49:32,393 [INFO] run:    📦 ../database/seeders\ItemkuProductsSeeder.php
2026-05-20 11:49:32,393 [INFO] run: 
   Kategori : 3
2026-05-20 11:49:32,393 [INFO] run:    Produk   : 31
2026-05-20 11:49:32,393 [INFO] run: 
📌 Langkah selanjutnya di terminal Laravel:
2026-05-20 11:49:32,393 [INFO] run:    php artisan db:seed --class=ItemkuCategoriesSeeder
2026-05-20 11:49:32,393 [INFO] run:    php artisan db:seed --class=ItemkuProductsSeeder
2026-05-20 11:49:32,393 [INFO] run: ============================================================
2026-05-20 11:50:06,140 [INFO] itemku: 💾 Simpan debug...
2026-05-20 11:50:09,738 [INFO] itemku: 📸 Screenshot tersimpan
2026-05-20 11:50:09,738 [INFO] itemku: 📡 API tertangkap: 7
2026-05-20 11:50:09,738 [ERROR] itemku: ❌ Error scrape: 'int' object has no attribute 'get'
2026-05-20 11:50:09,784 [INFO] itemku: 📦 Total produk: 0
2026-05-20 11:50:09,784 [DEBUG] itemku: ⏳ Delay 2.2s...
2026-05-20 11:50:12,917 [INFO] itemku: 🔒 Browser ditutup
2026-05-20 11:50:12,917 [INFO] run: ✅ Selesai scraping: 42 produk dari 2 kategori
2026-05-20 11:50:12,917 [INFO] run: 
🖊️  Membuat file PHP Seeder...
2026-05-20 11:50:12,917 [INFO] seeder_generator: 
🖊️  Membuat Laravel Seeder di: C:\TB SBD\TB-K1-Database\lapak_gaming\database\seeders
2026-05-20 11:50:12,919 [INFO] seeder_generator: 📁 Seeder kategori: ../database/seeders\ItemkuCategoriesSeeder.php (2 kategori)
2026-05-20 11:50:12,923 [INFO] seeder_generator: 📦 Seeder produk: ../database/seeders\ItemkuProductsSeeder.php (42 produk)
2026-05-20 11:50:12,924 [INFO] run: 
============================================================
2026-05-20 11:50:12,924 [INFO] run: ✅ SEEDER BERHASIL DIBUAT!
2026-05-20 11:50:12,924 [INFO] run:    📁 ../database/seeders\ItemkuCategoriesSeeder.php
2026-05-20 11:50:12,924 [INFO] run:    📦 ../database/seeders\ItemkuProductsSeeder.php
2026-05-20 11:50:12,924 [INFO] run: 
   Kategori : 2
2026-05-20 11:50:12,924 [INFO] run:    Produk   : 42
2026-05-20 11:50:12,924 [INFO] run: 
📌 Langkah selanjutnya di terminal Laravel:
2026-05-20 11:50:12,925 [INFO] run:    php artisan db:seed --class=ItemkuCategoriesSeeder
2026-05-20 11:50:12,925 [INFO] run:    php artisan db:seed --class=ItemkuProductsSeeder
2026-05-20 11:50:12,925 [INFO] run: ============================================================
2026-05-20 11:50:52,761 [INFO] run: ============================================================
2026-05-20 11:50:52,761 [INFO] run: 🚀 ITEMKU SCRAPER → LARAVEL SEEDER
2026-05-20 11:50:52,761 [INFO] run: ============================================================
2026-05-20 11:50:52,761 [INFO] run: 👤 Seller User ID  : 1
2026-05-20 11:50:52,762 [INFO] run: 🎯 Kategori target : mobile-legends, free-fire, pubg-mobile, genshin-impact, valorant, steam-wallet, honkai-star-rail, point-blank
2026-05-20 11:50:52,762 [INFO] run: 📂 Output folder   : C:\TB SBD\TB-K1-Database\lapak_gaming\database\seeders
2026-05-20 11:50:52,762 [INFO] run: 
📡 Memulai scraping...
2026-05-20 11:50:53,789 [INFO] itemku: 🌐 Browser berhasil dijalankan
2026-05-20 11:50:53,790 [INFO] itemku: 
============================================================
2026-05-20 11:50:53,790 [INFO] itemku: 📂 KATEGORI: mobile-legends
2026-05-20 11:50:53,790 [INFO] itemku: ============================================================
2026-05-20 11:50:53,790 [INFO] itemku: 🔍 Scrape kategori:
2026-05-20 11:50:53,790 [INFO] itemku:    URL: https://www.itemku.com/g/mobile-legends
2026-05-20 11:50:56,605 [INFO] itemku: 💾 Simpan debug...
2026-05-20 11:50:56,612 [INFO] itemku: 📦 __NEXT_DATA__ ditemukan
2026-05-20 11:50:56,648 [INFO] itemku: ✅ Produk dari __NEXT_DATA__: 25
2026-05-20 11:50:56,649 [INFO] itemku: 📦 Total produk: 25
2026-05-20 11:50:56,649 [DEBUG] itemku: ⏳ Delay 4.7s...
2026-05-20 11:51:01,337 [INFO] itemku: 
============================================================
2026-05-20 11:51:01,337 [INFO] itemku: 📂 KATEGORI: free-fire
2026-05-20 11:51:01,337 [INFO] itemku: ============================================================
2026-05-20 11:51:01,337 [INFO] itemku: 🔍 Scrape kategori:
2026-05-20 11:51:01,337 [INFO] itemku:    URL: https://www.itemku.com/g/garena-free-fire
2026-05-20 11:51:06,062 [INFO] itemku: 💾 Simpan debug...
2026-05-20 11:51:06,065 [INFO] itemku: 📦 __NEXT_DATA__ ditemukan
2026-05-20 11:51:06,073 [INFO] itemku: ✅ Produk dari __NEXT_DATA__: 45
2026-05-20 11:51:06,073 [INFO] itemku: 📦 Total produk: 45
2026-05-20 11:51:06,073 [DEBUG] itemku: ⏳ Delay 4.0s...
2026-05-20 11:51:10,079 [INFO] itemku: 
============================================================
2026-05-20 11:51:10,079 [INFO] itemku: 📂 KATEGORI: pubg-mobile
2026-05-20 11:51:10,080 [INFO] itemku: ============================================================
2026-05-20 11:51:10,080 [INFO] itemku: 🔍 Scrape kategori:
2026-05-20 11:51:10,080 [INFO] itemku:    URL: https://www.itemku.com/g/pubg-mobile
2026-05-20 11:51:13,129 [INFO] itemku: 💾 Simpan debug...
2026-05-20 11:51:13,133 [INFO] itemku: 📦 __NEXT_DATA__ ditemukan
2026-05-20 11:51:13,142 [INFO] itemku: ✅ Produk dari __NEXT_DATA__: 6
2026-05-20 11:51:13,143 [INFO] itemku: 📦 Total produk: 6
2026-05-20 11:51:13,143 [DEBUG] itemku: ⏳ Delay 2.4s...
2026-05-20 11:51:15,587 [INFO] itemku: 
============================================================
2026-05-20 11:51:15,588 [INFO] itemku: 📂 KATEGORI: genshin-impact
2026-05-20 11:51:15,589 [INFO] itemku: ============================================================
2026-05-20 11:51:15,590 [INFO] itemku: 🔍 Scrape kategori:
2026-05-20 11:51:15,590 [INFO] itemku:    URL: https://www.itemku.com/g/genshin-impact
2026-05-20 11:51:32,470 [INFO] itemku: 💾 Simpan debug...
2026-05-20 11:51:32,473 [INFO] itemku: 📦 __NEXT_DATA__ ditemukan
2026-05-20 11:51:32,480 [INFO] itemku: ✅ Produk dari __NEXT_DATA__: 7
2026-05-20 11:51:32,481 [INFO] itemku: 📦 Total produk: 7
2026-05-20 11:51:32,481 [DEBUG] itemku: ⏳ Delay 4.4s...
2026-05-20 11:51:36,852 [INFO] itemku: 
============================================================
2026-05-20 11:51:36,853 [INFO] itemku: 📂 KATEGORI: valorant
2026-05-20 11:51:36,853 [INFO] itemku: ============================================================
2026-05-20 11:51:36,854 [INFO] itemku: 🔍 Scrape kategori:
2026-05-20 11:51:36,854 [INFO] itemku:    URL: https://www.itemku.com/g/valorant
2026-05-20 11:51:44,498 [ERROR] itemku: ❌ Error scrape: <urlopen error [WinError 10054] An existing connection was forcibly closed by the remote host>
2026-05-20 11:51:44,499 [INFO] itemku: 📦 Total produk: 0
2026-05-20 11:51:44,499 [DEBUG] itemku: ⏳ Delay 2.4s...
2026-05-20 11:51:46,927 [INFO] itemku: 
============================================================
2026-05-20 11:51:46,927 [INFO] itemku: 📂 KATEGORI: steam-wallet
2026-05-20 11:51:46,928 [INFO] itemku: ============================================================
2026-05-20 11:51:46,928 [INFO] itemku: 🔍 Scrape kategori:
2026-05-20 11:51:46,928 [INFO] itemku:    URL: https://www.itemku.com/g/steam-wallet
2026-05-20 11:51:58,292 [INFO] itemku: 💾 Simpan debug...
2026-05-20 11:51:58,339 [INFO] itemku: 📦 Total produk: 0
2026-05-20 11:51:58,340 [DEBUG] itemku: ⏳ Delay 4.5s...
2026-05-20 11:52:02,830 [INFO] itemku: 
============================================================
2026-05-20 11:52:02,834 [INFO] itemku: 📂 KATEGORI: honkai-star-rail
2026-05-20 11:52:02,835 [INFO] itemku: ============================================================
2026-05-20 11:52:02,836 [INFO] itemku: 🔍 Scrape kategori:
2026-05-20 11:52:02,836 [INFO] itemku:    URL: https://www.itemku.com/g/honkai-star-rail
2026-05-20 11:52:05,953 [INFO] itemku: 💾 Simpan debug...
2026-05-20 11:52:05,959 [INFO] itemku: 📦 __NEXT_DATA__ ditemukan
2026-05-20 11:52:05,986 [INFO] itemku: ✅ Produk dari __NEXT_DATA__: 7
2026-05-20 11:52:05,986 [INFO] itemku: 📦 Total produk: 7
2026-05-20 11:52:05,987 [DEBUG] itemku: ⏳ Delay 4.0s...
2026-05-20 11:52:10,001 [INFO] itemku: 
============================================================
2026-05-20 11:52:10,001 [INFO] itemku: 📂 KATEGORI: point-blank
2026-05-20 11:52:10,002 [INFO] itemku: ============================================================
2026-05-20 11:52:10,002 [INFO] itemku: 🔍 Scrape kategori:
2026-05-20 11:52:10,002 [INFO] itemku:    URL: https://www.itemku.com/g/point-blank
2026-05-20 11:52:12,170 [INFO] itemku: 💾 Simpan debug...
2026-05-20 11:52:12,177 [INFO] itemku: 📦 __NEXT_DATA__ ditemukan
2026-05-20 11:52:12,192 [INFO] itemku: ✅ Produk dari __NEXT_DATA__: 7
2026-05-20 11:52:12,194 [INFO] itemku: 📦 Total produk: 7
2026-05-20 11:52:12,194 [DEBUG] itemku: ⏳ Delay 2.1s...
2026-05-20 11:52:15,132 [INFO] itemku: 🔒 Browser ditutup
2026-05-20 11:52:15,132 [INFO] run: ✅ Selesai scraping: 97 produk dari 8 kategori
2026-05-20 11:52:15,133 [INFO] run: 
🖊️  Membuat file PHP Seeder...
2026-05-20 11:52:15,133 [INFO] seeder_generator: 
🖊️  Membuat Laravel Seeder di: C:\TB SBD\TB-K1-Database\lapak_gaming\database\seeders
2026-05-20 11:52:15,136 [INFO] seeder_generator: 📁 Seeder kategori: ../database/seeders\ItemkuCategoriesSeeder.php (8 kategori)
2026-05-20 11:52:15,146 [INFO] seeder_generator: 📦 Seeder produk: ../database/seeders\ItemkuProductsSeeder.php (97 produk)
2026-05-20 11:52:15,147 [INFO] run: 
============================================================
2026-05-20 11:52:15,148 [INFO] run: ✅ SEEDER BERHASIL DIBUAT!
2026-05-20 11:52:15,148 [INFO] run:    📁 ../database/seeders\ItemkuCategoriesSeeder.php
2026-05-20 11:52:15,148 [INFO] run:    📦 ../database/seeders\ItemkuProductsSeeder.php
2026-05-20 11:52:15,149 [INFO] run: 
   Kategori : 8
2026-05-20 11:52:15,149 [INFO] run:    Produk   : 97
2026-05-20 11:52:15,149 [INFO] run: 
📌 Langkah selanjutnya di terminal Laravel:
2026-05-20 11:52:15,150 [INFO] run:    php artisan db:seed --class=ItemkuCategoriesSeeder
2026-05-20 11:52:15,150 [INFO] run:    php artisan db:seed --class=ItemkuProductsSeeder
2026-05-20 11:52:15,150 [INFO] run: ============================================================
