Kategori;Sub Kategori;Harga Produk;Jumlah Produk Terjual;Nama Produk;Foto Produk;;
Top Up;Mobile Legends;Rp28.360;;Weekly Diamond Pass;https://imgop.itemku.com/?url=https%3A%2F%2Fd1x91p7vw3vuq8.cloudfront.net%2Fitem-type%2F202633%2F8t3nf1gl9ivs0wj559d46.png&w=96&q=75;;
Top Up;Mobile Legends;Rp139.990;;568 Diamonds;https://d1x91p7vw3vuq8.cloudfront.net/item-type/2025521/8xtaqjgmqv35n4sslsqznk.svg;;
Top Up;Mobile Legends;Rp238.900;;966 Diamonds;https://d1x91p7vw3vuq8.cloudfront.net/item-type/2025521/59eubz7vmq3sy6jql0wtj.svg;;
Top Up;Mobile Legends;Rp483.990;;2010 Diamonds;https://d1x91p7vw3vuq8.cloudfront.net/item-type/2025521/e1cu0uswssjmf8btfwar.svg;;
Top Up;Mobile Legends;Rp2.970;;10 Diamonds;https://d1x91p7vw3vuq8.cloudfront.net/item-info/20251023/qylw6z8n3vo8psm6a7z9ue.svg;;
Top Up;Mobile Legends;Rp1.055;;3 Diamonds;https://d1x91p7vw3vuq8.cloudfront.net/item-type/2025521/i6wflahld5jqq69cimshwp.svg;;
Top Up;Mobile Legends;Rp1.475;;5 Diamonds;https://d1x91p7vw3vuq8.cloudfront.net/item-type/2025521/qqu29ssm6visr36j6ysuo.svg;;
Top Up;Mobile Legends;Rp3.439;;12 Diamonds;https://d1x91p7vw3vuq8.cloudfront.net/item-type/2025521/q6h5rhrjoqmivciitechim.svg;;
Top Up;Mobile Legends;Rp3.985;;14 Diamonds;https://d1x91p7vw3vuq8.cloudfront.net/item-type/2025521/lhoojmnkm50pplogwkc7g.svg;;
Top Up;Mobile Legends;Rp4.984;;18 Diamonds;https://d1x91p7vw3vuq8.cloudfront.net/item-info/20251023/xg0sw1dxkajg3pj3xm5fs4.svg;;
Top Up;Mobile Legends;Rp5.399;;19 Diamonds;https://d1x91p7vw3vuq8.cloudfront.net/item-type/2025521/k53obntv7mp66eu68xk6yn.svg;;
Top Up;Mobile Legends;Rp9.949;;36 Diamonds;https://d1x91p7vw3vuq8.cloudfront.net/item-type/2025521/racc8mbz6s9wiktizcqqi.svg;;
Top Up;Mobile Legends;Rp10.390;;44 Diamonds;https://d1x91p7vw3vuq8.cloudfront.net/item-type/2025521/b0g27ygbhtf264d2ifjs2r.svg;;
Top Up;Mobile Legends;Rp13.890;;59 Diamonds;https://d1x91p7vw3vuq8.cloudfront.net/item-type/2025521/uko36tj3ayi63pjf7bb6u6.svg;;
Top Up;Mobile Legends;Rp7.900;;28 Diamonds;https://d1x91p7vw3vuq8.cloudfront.net/item-type/20251023/habjtv18hh8l465t5k6pw.svg;;
Top Up;Mobile Legends;Rp17.890;;74 Diamonds;https://d1x91p7vw3vuq8.cloudfront.net/item-type/2025521/b00soiye8pshhsxt5fh0xr.svg;;
Top Up;Mobile Legends;Rp41.800;;170 Diamonds;https://d1x91p7vw3vuq8.cloudfront.net/item-type/2025521/wjnsibn18vmwktfmj6rxco.svg;;
Top Up;Mobile Legends;Rp19.200;;85 Diamonds;https://d1x91p7vw3vuq8.cloudfront.net/item-type/2025521/p2amun7s1cn0309uqf89b8x.svg;;
Top Up;Mobile Legends;Rp53.900;;222 Diamonds;https://d1x91p7vw3vuq8.cloudfront.net/item-info/20251023/kpjog6zwt5hyiafepygkr.svg;;
Top Up;Mobile Legends;Rp57.900;;240 Diamonds;https://d1x91p7vw3vuq8.cloudfront.net/item-type/2025521/tfj3y56ufts697fqs37l.svg;;
Top Up;Mobile Legends;Rp72.990;;296 Diamonds;https://d1x91p7vw3vuq8.cloudfront.net/item-type/2025521/2n5itwhm8qw9g4f3hu3aa.svg;;
Top Up;Mobile Legends;Rp91.900;;370 Diamonds;https://d1x91p7vw3vuq8.cloudfront.net/item-info/20251023/idjcur23jam1w6zm1akun.svg;;
Top Up;Mobile Legends;Rp101.990;;408 Diamonds;https://d1x91p7vw3vuq8.cloudfront.net/item-type/2025521/usppjsgmyllfdg2329wkzl.svg;;
Top Up;Mobile Legends;Rp219.990;;875 Diamonds;https://d1x91p7vw3vuq8.cloudfront.net/item-type/2025521/i9pwr67ycr0m993sy49crr.svg;;
Top Up;Mobile Legends;Rp1.172.900;;4830 Diamonds;https://d1x91p7vw3vuq8.cloudfront.net/item-type/2025521/ikbrff3kv2sqht9qpgd6.svg;;
Top Up;Zepeto;Rp14.810;;4680 Coins;https://imgop.itemku.com/?url=https%3A%2F%2Fd1x91p7vw3vuq8.cloudfront.net%2Fitem-type%2F2025419%2Fi2y9y85s7cnctbahsnxbo.png&w=48&q=75;;
Top Up;Zepeto;Rp28.730;;9700 Coins;https://imgop.itemku.com/?url=https%3A%2F%2Fd1x91p7vw3vuq8.cloudfront.net%2Fitem-type%2F2025419%2Fmaboa30a9sbru3zudxnq.png&w=48&q=75;;
Top Up;Zepeto;Rp43.540;;10200 Coins;https://imgop.itemku.com/?url=https%3A%2F%2Fd1x91p7vw3vuq8.cloudfront.net%2Fitem-type%2F2025419%2Fu9ejm59i5xkcrfn4llv3c.png&w=48&q=75;;
Top Up;Zepeto;Rp71.820;;21000 Coins;https://imgop.itemku.com/?url=https%3A%2F%2Fd1x91p7vw3vuq8.cloudfront.net%2Fitem-type%2F2025419%2F877goo32v7otkby89bbjqs.png&w=48&q=75;;
Top Up;Zepeto;Rp64.900;;25200 Coins;https://imgop.itemku.com/?url=https%3A%2F%2Fd1x91p7vw3vuq8.cloudfront.net%2Fitem-type%2F2025419%2Fklr7oz4ledp6s3vrngg4a4.png&w=48&q=75;;
Top Up;Zepeto;Rp115.750;;38900 Coins;https://imgop.itemku.com/?url=https%3A%2F%2Fd1x91p7vw3vuq8.cloudfront.net%2Fitem-type%2F2025419%2Fhh1jjgm11bwvnelqu66e1c.png&w=48&q=75;;
Top Up;Zepeto;Rp83.600;;40700 Coins;https://imgop.itemku.com/?url=https%3A%2F%2Fd1x91p7vw3vuq8.cloudfront.net%2Fitem-type%2F2025419%2F84izpa6y1hm5ip1poqvkpk.png&w=48&q=75;;
Top Up;Zepeto;Rp187.570;;62800 Coins;https://imgop.itemku.com/?url=https%3A%2F%2Fd1x91p7vw3vuq8.cloudfront.net%2Fitem-type%2F2025419%2F0wea14xwfbbvpclkos6nw.png&w=48&q=75;;
Top Up;Zepeto;Rp304.160;;110000 Coins;https://imgop.itemku.com/?url=https%3A%2F%2Fd1x91p7vw3vuq8.cloudfront.net%2Fitem-type%2F2025419%2Flgsk2udyttd5aqgs30zkug.png&w=48&q=75;;
Top Up;Zepeto;Rp651.850;;234000 Coins;https://imgop.itemku.com/?url=https%3A%2F%2Fd1x91p7vw3vuq8.cloudfront.net%2Fitem-type%2F2025419%2Fh0oxubrlyrnq8qzef03kk.png&w=48&q=75;;
Top Up;Zepeto;Rp723.800;;300000 Coins;https://imgop.itemku.com/?url=https%3A%2F%2Fd1x91p7vw3vuq8.cloudfront.net%2Fitem-type%2F2025419%2Fodddx760z9k77hay06cuma.png&w=48&q=75;;
Top Up;Zepeto;Rp7.410;;7 Zems;https://imgop.itemku.com/?url=https%3A%2F%2Fd1x91p7vw3vuq8.cloudfront.net%2Fitem-type%2F2025419%2F7gbqxm1bup38uiuspozc0o.png&w=96&q=75;;
Top Up;Zepeto;Rp12.390;;14 Zems;https://imgop.itemku.com/?url=https%3A%2F%2Fd1x91p7vw3vuq8.cloudfront.net%2Fitem-type%2F2025419%2Fcr63kftxiwqenj7qw43lnc.png&w=96&q=75;;
Top Up;Zepeto;Rp21.500;;28 Zems;https://imgop.itemku.com/?url=https%3A%2F%2Fd1x91p7vw3vuq8.cloudfront.net%2Fitem-type%2F2025419%2Furpfyynvp6ni7o6xjg04.png&w=96&q=75;;
Top Up;Zepeto;Rp34.400;;29 Zems;https://imgop.itemku.com/?url=https%3A%2F%2Fd1x91p7vw3vuq8.cloudfront.net%2Fitem-type%2F2025419%2Fjky0c6dklg18jbvstn1r.png&w=96&q=75;;
Top Up;Zepeto;Rp43.000;;58 Zems;https://imgop.itemku.com/?url=https%3A%2F%2Fd1x91p7vw3vuq8.cloudfront.net%2Fitem-type%2F2025419%2Fd6w5of9xdpp8lki1qkru7c.png&w=96&q=75;;
Top Up;Zepeto;Rp57.120;;60 Zems;https://imgop.itemku.com/?url=https%3A%2F%2Fd1x91p7vw3vuq8.cloudfront.net%2Fitem-type%2F2025419%2F8z4cjlxevzub5bj0tg9r5.png&w=96&q=75;;
Top Up;Zepeto;Rp104.390;;125 Zems;https://imgop.itemku.com/?url=https%3A%2F%2Fd1x91p7vw3vuq8.cloudfront.net%2Fitem-type%2F2025419%2F0nakqluywa4uhihs33lvj.png&w=96&q=75;;
Top Up;Zepeto;Rp86.300;;128 Zems;https://imgop.itemku.com/?url=https%3A%2F%2Fd1x91p7vw3vuq8.cloudfront.net%2Fitem-type%2F2025419%2Fi2y902xyodcq30i7oeal5.png&w=96&q=75;;
Top Up;Zepeto;Rp166.560;;196 Zems;https://imgop.itemku.com/?url=https%3A%2F%2Fd1x91p7vw3vuq8.cloudfront.net%2Fitem-type%2F2025419%2F9oq9d4c5c8e7fh3wngczis.png&w=96&q=75;;
Top Up;Zepeto;Rp225.000;;323 Zems;https://imgop.itemku.com/?url=https%3A%2F%2Fd1x91p7vw3vuq8.cloudfront.net%2Fitem-type%2F2025419%2Fe3wxfoig24vutvnej254o.png&w=96&q=75;;
Top Up;Zepeto;Rp637.330;;770 Zems;https://imgop.itemku.com/?url=https%3A%2F%2Fd1x91p7vw3vuq8.cloudfront.net%2Fitem-type%2F2025419%2Fdcc9mk6vj5jy7jb462agzq.png&w=96&q=75;;
Top Up;Zepeto;Rp658.000;;1000 Zems;https://imgop.itemku.com/?url=https%3A%2F%2Fd1x91p7vw3vuq8.cloudfront.net%2Fitem-type%2F2025419%2Fajld8qoki1kb72e090tfga.png&w=96&q=75;;
Top Up;Blood Strike;Rp12.270;;100 Golds;https://imgop.itemku.com/?url=https%3A%2F%2Fd1x91p7vw3vuq8.cloudfront.net%2Fitem-type%2F2025420%2Fnb0e5kubuqru0vpl0hvkf.png&w=96&q=75;;
Top Up;Blood Strike;Rp36.760;;300 Golds;https://imgop.itemku.com/?url=https%3A%2F%2Fd1x91p7vw3vuq8.cloudfront.net%2Fitem-type%2F2025420%2Fc6wyx06lk8bqa1h24cc09a.png&w=96&q=75;;
Top Up;Blood Strike;Rp61.206;;500 Golds;https://imgop.itemku.com/?url=https%3A%2F%2Fd1x91p7vw3vuq8.cloudfront.net%2Fitem-type%2F2025420%2Fwdwof8k86utmbccrix738.png&w=96&q=75;;
Top Up;Blood Strike;Rp122.409;;1000 Golds;https://imgop.itemku.com/?url=https%3A%2F%2Fd1x91p7vw3vuq8.cloudfront.net%2Fitem-type%2F2025420%2F0nq8u5c9ki6shmy8noqybzu.png&w=96&q=75;;
Top Up;Blood Strike;Rp234.092;;2000 Golds;https://imgop.itemku.com/?url=https%3A%2F%2Fd1x91p7vw3vuq8.cloudfront.net%2Fitem-type%2F2025420%2Fsc3xi3z46mkc0d614kgo.png&w=96&q=75;;
Top Up;Blood Strike;Rp554.269;;5000 Golds;https://imgop.itemku.com/?url=https%3A%2F%2Fd1x91p7vw3vuq8.cloudfront.net%2Fitem-type%2F2025420%2F6r97dre540rmeyt9p8aupk.png&w=96&q=75;;
Top Up;Blood Strike;Rp110.260;;900 Gold;https://imgop.itemku.com/?url=https%3A%2F%2Fd1x91p7vw3vuq8.cloudfront.net%2Fitem-type%2F2025420%2Fnb0e5kubuqru0vpl0hvkf.png&w=96&q=75;;
Top Up;Blood Strike;Rp332.608;;3000 Gold;https://imgop.itemku.com/?url=https%3A%2F%2Fd1x91p7vw3vuq8.cloudfront.net%2Fitem-type%2F2025420%2Fc6wyx06lk8bqa1h24cc09a.png&w=96&q=75;;
Top Up;Blood Strike;Rp24.540;;200 Gold;https://imgop.itemku.com/?url=https%3A%2F%2Fd1x91p7vw3vuq8.cloudfront.net%2Fitem-type%2F2025420%2Fwdwof8k86utmbccrix738.png&w=96&q=75;;
Top Up;Blood Strike;Rp73.510;;600 Gold;https://imgop.itemku.com/?url=https%3A%2F%2Fd1x91p7vw3vuq8.cloudfront.net%2Fitem-type%2F2025420%2F0nq8u5c9ki6shmy8noqybzu.png&w=96&q=75;;
Top Up;Blood Strike;Rp97.980;;800 Gold;https://imgop.itemku.com/?url=https%3A%2F%2Fd1x91p7vw3vuq8.cloudfront.net%2Fitem-type%2F2025420%2Fsc3xi3z46mkc0d614kgo.png&w=96&q=75;;
Top Up;Blood Strike;Rp85.760;;700 Gold;https://imgop.itemku.com/?url=https%3A%2F%2Fd1x91p7vw3vuq8.cloudfront.net%2Fitem-type%2F2025420%2F6r97dre540rmeyt9p8aupk.png&w=96&q=75;;
Top Up;Blood Strike;Rp49.020;;400 Gold;https://imgop.itemku.com/?url=https%3A%2F%2Fd1x91p7vw3vuq8.cloudfront.net%2Fitem-type%2F2025420%2Fnb0e5kubuqru0vpl0hvkf.png&w=96&q=75;;
Top Up;Blood Strike;Rp751.392;;7000 Gold;https://imgop.itemku.com/?url=https%3A%2F%2Fd1x91p7vw3vuq8.cloudfront.net%2Fitem-type%2F2025420%2Fc6wyx06lk8bqa1h24cc09a.png&w=96&q=75;;
Top Up;Blood Strike;Rp640.538;;6000 Gold;https://imgop.itemku.com/?url=https%3A%2F%2Fd1x91p7vw3vuq8.cloudfront.net%2Fitem-type%2F2025420%2Fwdwof8k86utmbccrix738.png&w=96&q=75;;
Top Up;Blood Strike;Rp443.462;;4000 Gold;https://imgop.itemku.com/?url=https%3A%2F%2Fd1x91p7vw3vuq8.cloudfront.net%2Fitem-type%2F2025420%2F0nq8u5c9ki6shmy8noqybzu.png&w=96&q=75;;
Top Up;Blood Strike;Rp973.101;;9000 Gold;https://imgop.itemku.com/?url=https%3A%2F%2Fd1x91p7vw3vuq8.cloudfront.net%2Fitem-type%2F2025420%2Fsc3xi3z46mkc0d614kgo.png&w=96&q=75;;
Top Up;Blood Strike;Rp862.200;;8000 Gold;https://imgop.itemku.com/?url=https%3A%2F%2Fd1x91p7vw3vuq8.cloudfront.net%2Fitem-type%2F2025420%2F6r97dre540rmeyt9p8aupk.png&w=96&q=75;;
Top Up;Blood Strike;Rp1.083.954;;10000 Gold;https://imgop.itemku.com/?url=https%3A%2F%2Fd1x91p7vw3vuq8.cloudfront.net%2Fitem-type%2F2025420%2F6r97dre540rmeyt9p8aupk.png&w=96&q=75;;
Top Up;Blood Strike;Rp127.400;;Strike Pass Premium;https://imgop.itemku.com/?url=https%3A%2F%2Fd1x91p7vw3vuq8.cloudfront.net%2Fitem-type%2F2025420%2Fmaeke74zbyiblzexyv38.webp&w=48&q=75;;
Top Up;Blood Strike;Rp56.600;;Strike Pass Elite;https://imgop.itemku.com/?url=https%3A%2F%2Fd1x91p7vw3vuq8.cloudfront.net%2Fitem-type%2F2025420%2Fy8qsqkxdcklokw7utrvbb.webp&w=48&q=75;;
Top Up;Blood Strike;Rp28.670;;Level-Up Pass;https://imgop.itemku.com/?url=https%3A%2F%2Fd1x91p7vw3vuq8.cloudfront.net%2Fitem-type%2F2025420%2F28mmh4zo3lzhex1fkkqu6pr.jpg&w=48&q=75;;
Top Up;Valorant;Rp54.333;;475 Points;https://imgop.itemku.com/?url=https%3A%2F%2Fd1x91p7vw3vuq8.cloudfront.net%2Fitem-type%2F20251122%2F6f6bl5dfvzjiastu2t8og.png&w=48&q=75;;
Top Up;Valorant;Rp108.250;;1000 Points;https://imgop.itemku.com/?url=https%3A%2F%2Fd1x91p7vw3vuq8.cloudfront.net%2Fitem-type%2F20251122%2Fq829zqygch21gp9g9pwys.png&w=48&q=75;;
Top Up;Valorant;Rp216.470;;2050 Points;https://imgop.itemku.com/?url=https%3A%2F%2Fd1x91p7vw3vuq8.cloudfront.net%2Fitem-type%2F20251122%2Fxw4wu2lf8ds93b145dse.png&w=48&q=75;;
Top Up;Valorant;Rp377.151;;3650 Points;https://imgop.itemku.com/?url=https%3A%2F%2Fd1x91p7vw3vuq8.cloudfront.net%2Fitem-type%2F20251122%2Fsyn61bz796ii0pjb8dk1g.png&w=48&q=75;;
Top Up;Valorant;Rp540.220;;5350 Points;https://imgop.itemku.com/?url=https%3A%2F%2Fd1x91p7vw3vuq8.cloudfront.net%2Fitem-type%2F20251122%2Fxbdhq5zjpkm7hyvzxi5c8w.png&w=48&q=75;;
Top Up;Valorant;Rp1.062.030;;11000 Points;https://imgop.itemku.com/?url=https%3A%2F%2Fd1x91p7vw3vuq8.cloudfront.net%2Fitem-type%2F20251122%2Fysa627qcwu9rymgoovgeto.png&w=48&q=75;;
Top Up;Garena Free Fire;Rp17.958;;140 Diamonds;https://d1x91p7vw3vuq8.cloudfront.net/item-type/2025327/xf094rbcwxrdupe2pbiuis.svg;;
Top Up;Garena Free Fire;Rp91.821;;720 Diamonds;https://d1x91p7vw3vuq8.cloudfront.net/item-type/2025327/bfyyeojgwghbts4y7jw04r.svg;;
Top Up;Garena Free Fire;Rp9.173;;70 Diamonds;https://d1x91p7vw3vuq8.cloudfront.net/item-type/2025327/8mbeo06527ctkealza453i.svg;;
Top Up;Garena Free Fire;Rp12.746;;100 Diamonds;https://d1x91p7vw3vuq8.cloudfront.net/item-type/2025327/cdhr16bcsf4avbggn1m48.svg;;
Top Up;Garena Free Fire;Rp66.064;;510 Diamonds;https://d1x91p7vw3vuq8.cloudfront.net/item-type/2025327/eluci3n4w0j6ae22fl0yq6.svg;;
Top Up;Garena Free Fire;Rp139.100;;1080 Diamonds;https://d1x91p7vw3vuq8.cloudfront.net/item-type/2025327/q9sus5e3zoo0nb2s8hp8j.svg;;
Top Up;Garena Free Fire;Rp27.101;;210 Diamonds;https://d1x91p7vw3vuq8.cloudfront.net/item-type/2025327/pptbndhcehrzp3722vve9.svg;;
Top Up;Garena Free Fire;Rp840;;5 Diamonds;https://d1x91p7vw3vuq8.cloudfront.net/item-type/2025327/rpo8llps9pjacybumuwkp4.svg;;
Top Up;Garena Free Fire;Rp138.200;;1075 Diamonds;https://d1x91p7vw3vuq8.cloudfront.net/item-type/2025327/t7otqhr9m48n7yxn5ta76.svg;;
Top Up;Garena Free Fire;Rp44.500;;355 Diamonds;https://d1x91p7vw3vuq8.cloudfront.net/item-type/2025327/5fbp89hkwcvl6xuzdjy9nb.svg;;
Top Up;Garena Free Fire;Rp1.840;;12 Diamonds;https://d1x91p7vw3vuq8.cloudfront.net/item-type/2025327/up2ilb7mljky31vehmf43.svg;;
Top Up;Garena Free Fire;Rp4.223;;25 Diamonds;https://d1x91p7vw3vuq8.cloudfront.net/item-type/2025327/hknwdogdru0xxolg5z7jqq.svg;;
Top Up;Garena Free Fire;Rp6.542;;50 Diamonds;https://d1x91p7vw3vuq8.cloudfront.net/item-type/2025327/piwn9lhyh6ozkv5yr7izpg.svg;;
Top Up;Garena Free Fire;Rp7.397;;53 Diamonds;https://d1x91p7vw3vuq8.cloudfront.net/item-type/2025327/5lq52sty1z4ogbge34r7wi.svg;;
Top Up;Garena Free Fire;Rp9.274;;64 Diamonds;https://d1x91p7vw3vuq8.cloudfront.net/item-type/2025327/26bjjbou5823kdopye88fq.svg;;
Top Up;Garena Free Fire;Rp17.500;;127 Diamonds;https://d1x91p7vw3vuq8.cloudfront.net/item-type/2025327/ifnn2lc7lkio2blkqa9igf.svg;;
Top Up;Garena Free Fire;Rp42.700;;323 Diamonds;https://d1x91p7vw3vuq8.cloudfront.net/item-type/2025327/1j97zakz8h5m69iwb8acph.svg;;
Top Up;Garena Free Fire;Rp44.500;;350 Diamonds;https://d1x91p7vw3vuq8.cloudfront.net/item-type/2025327/xogij06msx2swq1djqskb.svg;;
Top Up;Garena Free Fire;Rp83.900;;645 Diamonds;https://d1x91p7vw3vuq8.cloudfront.net/item-type/2025327/s4fa1shra643o6xp8fcl2.svg;;
Top Up;Garena Free Fire;Rp85.600;;655 Diamonds;https://d1x91p7vw3vuq8.cloudfront.net/item-type/2025327/rre3kajr7nacsq2fpx1khe.svg;;
Top Up;Garena Free Fire;Rp119.400;;925 Diamonds;https://d1x91p7vw3vuq8.cloudfront.net/item-type/2025327/o7cpsfjy00kdo9holzo6ud.svg;;
Top Up;Garena Free Fire;Rp154.900;;1200 Diamonds;https://d1x91p7vw3vuq8.cloudfront.net/item-type/2025327/ko0ssej9txeqk1scrat6u.svg;;
Top Up;Garena Free Fire;Rp165.500;;1285 Diamonds;https://d1x91p7vw3vuq8.cloudfront.net/item-type/2025327/ydoxmqqm1xmxzrwdwevrvh.svg;;
Top Up;Garena Free Fire;Rp185.091;;1450 Diamonds;https://d1x91p7vw3vuq8.cloudfront.net/item-type/2025327/7fpelgnq2xy4p2r3342ex9.svg;;
Top Up;Garena Free Fire;Rp231.200;;1800 Diamonds;https://d1x91p7vw3vuq8.cloudfront.net/item-type/2025327/s9pc2c8kv2r0loeoxqr2hc.svg;;
Top Up;Garena Free Fire;Rp241.116;;1875 Diamonds;https://d1x91p7vw3vuq8.cloudfront.net/item-type/2025327/p2v1zkkatsjocv5drr5c6q.svg;;
Top Up;Garena Free Fire;Rp254.758;;1973 Diamonds;https://d1x91p7vw3vuq8.cloudfront.net/item-type/2025327/mw2cwehf6g2j4etxzfbx2.svg;;
Top Up;Garena Free Fire;Rp257.600;;2000 Diamonds;https://d1x91p7vw3vuq8.cloudfront.net/item-type/2025327/6kbxubung0j66qj3sqowwn.svg;;
Top Up;Garena Free Fire;Rp276.400;;2160 Diamonds;https://d1x91p7vw3vuq8.cloudfront.net/item-type/2025327/zfc2x6mg3pbsxubtdxdvla.svg;;
Top Up;Garena Free Fire;Rp277.623;;2180 Diamonds;https://d1x91p7vw3vuq8.cloudfront.net/item-type/2025327/s7abukybqz7tjwqysj2of.svg;;
Top Up;Garena Free Fire;Rp281.622;;2200 Diamonds;https://d1x91p7vw3vuq8.cloudfront.net/item-type/2025327/6lg4gb2bzpv90r5jivxiir.svg;;
Top Up;Garena Free Fire;Rp307.349;;2400 Diamonds;https://d1x91p7vw3vuq8.cloudfront.net/item-type/2025327/3evzvmjx5rg260f94gjo4w.svg;;
Top Up;Garena Free Fire;Rp424.600;;3309 Diamonds;https://d1x91p7vw3vuq8.cloudfront.net/item-type/2025327/zrvgk1n3ifgi2t8zwo31e.svg;;
Top Up;Garena Free Fire;Rp460.600;;3600 Diamonds;https://d1x91p7vw3vuq8.cloudfront.net/item-type/2025327/57n6yob9ogr7qqzrypyxdi.svg;;
Top Up;Garena Free Fire;Rp463.685;;3640 Diamonds;https://d1x91p7vw3vuq8.cloudfront.net/item-type/2025327/6zqwf6n386nzcncyapy3qc.svg;;
Top Up;Garena Free Fire;Rp485.643;;3800 Diamonds;https://d1x91p7vw3vuq8.cloudfront.net/item-type/2025327/f9t34rcst9422vnygpjhkl.svg;;
Top Up;Garena Free Fire;Rp510.906;;4000 Diamonds;https://d1x91p7vw3vuq8.cloudfront.net/item-type/2025327/fy51vjh60o4zy46jz775p.svg;;
Top Up;Garena Free Fire;Rp569.106;;4450 Diamonds;https://d1x91p7vw3vuq8.cloudfront.net/item-type/2025327/8sf266z0xioeexh6ydb834.svg;;
Top Up;Garena Free Fire;Rp614.622;;4800 Diamonds;https://d1x91p7vw3vuq8.cloudfront.net/item-type/2025327/ol87pm5i6h1fwfz00zuft.svg;;
Top Up;Garena Free Fire;Rp829.100;;6480 Diamonds;https://d1x91p7vw3vuq8.cloudfront.net/item-type/2025327/kuaqeub1mcvz500sesndo.svg;;
Top Up;Garena Free Fire;Rp881.853;;6900 Diamonds;https://d1x91p7vw3vuq8.cloudfront.net/item-type/2025327/51au6smvulclf40ogd4ef8.svg;;
Top Up;Garena Free Fire;Rp929.074;;7290 Diamonds;https://d1x91p7vw3vuq8.cloudfront.net/item-type/2025327/2by3nsmk91hk1845qtegnj.svg;;
Top Up;Garena Free Fire;Rp1.251.200;;9800 Diamonds;https://d1x91p7vw3vuq8.cloudfront.net/item-type/2025327/ip8thnidqbr7zkm6vd8rh.svg;;
Top Up;Garena Free Fire;Rp4.650.485;;36500 Diamonds;https://d1x91p7vw3vuq8.cloudfront.net/item-type/2025327/35o3cpz340aizyz4rp13uq.svg;;
Top Up;Garena Free Fire;Rp9.314.190;;73100 Diamonds;https://d1x91p7vw3vuq8.cloudfront.net/item-type/2025327/i6s9oneg77du7iy05x266.svg;;
Top Up;Garena Free Fire;Rp28.147;;Member Mingguan;https://d1x91p7vw3vuq8.cloudfront.net/item-type/2025327/7b2rw7owcfcuej82slth4m.svg;;
Top Up;Garena Free Fire;Rp84.386;;Member Bulanan;https://d1x91p7vw3vuq8.cloudfront.net/item-type/2025327/908dvyro6t7g6fidmob83m.svg;;
Top Up;Garena Free Fire;Rp41.530;;Booyah Pass;https://d1x91p7vw3vuq8.cloudfront.net/item-type/2025327/k4mhd1s665nl2rzdsycad.svg;;
Top Up;Garena Free Fire;Rp13.700;;Level Up Pass - Level 30;https://imgop.itemku.com/?url=https%3A%2F%2Fd1x91p7vw3vuq8.cloudfront.net%2Fitem-type%2F202568%2Fh8i38rnua4udn5mgonvavd.webp&w=96&q=75;;
Top Up;Garena Free Fire;Rp8.560;;Level Up Pass - Level 20;https://imgop.itemku.com/?url=https%3A%2F%2Fd1x91p7vw3vuq8.cloudfront.net%2Fitem-type%2F202568%2F82pbauffqugi32wew6m8td.webp&w=96&q=75;;
Top Up;Garena Free Fire;Rp8.560;;Level Up Pass - Level 15;https://imgop.itemku.com/?url=https%3A%2F%2Fd1x91p7vw3vuq8.cloudfront.net%2Fitem-type%2F202568%2Fi7lyzec0hudw1saehonem.webp&w=96&q=75;;
Top Up;Garena Free Fire;Rp8.560;;Level Up Pass - Level 10;https://imgop.itemku.com/?url=https%3A%2F%2Fd1x91p7vw3vuq8.cloudfront.net%2Fitem-type%2F202568%2Fmdryog0trdg0sc8qo9r8n7.webp&w=96&q=75;;
Top Up;Garena Free Fire;Rp5.140;;Level Up Pass - Level 6;https://imgop.itemku.com/?url=https%3A%2F%2Fd1x91p7vw3vuq8.cloudfront.net%2Fitem-type%2F202568%2Fs1sdx86q0ybgnczgmgvasd.webp&w=96&q=75;;
Top Up;Garena Free Fire;Rp16.930;;Member Mingguan Lite;https://d1x91p7vw3vuq8.cloudfront.net/item-type/2025327/qpoj1bwgj1pfek9zuhpv66.svg;;
Top Up;Garena Free Fire;Rp8.560;;Level Up Pass - Level 25;https://imgop.itemku.com/?url=https%3A%2F%2Fd1x91p7vw3vuq8.cloudfront.net%2Fitem-type%2F202568%2Fwmgauy94mrog8os75tr14.webp&w=96&q=75;;
Top Up;Garena Free Fire;Rp27.300;;100 + 110 Diamonds;https://d1x91p7vw3vuq8.cloudfront.net/item-type/2025329/6v4dokqo1j5krk3gpz6fr.svg;;
Top Up;Garena Free Fire;Rp34.700;;210 + 53 Diamonds;https://d1x91p7vw3vuq8.cloudfront.net/item-type/2025329/ijhbj77c2j44tkhgks5lq.svg;;
Top Up;Garena Free Fire;Rp58.700;;210 + 231 Diamonds;https://d1x91p7vw3vuq8.cloudfront.net/item-type/2025329/btm5o1al474kc1588ziuhp.svg;;
Top Up;Garena Free Fire;Rp85.600;;310 + 341 Diamonds;https://d1x91p7vw3vuq8.cloudfront.net/item-type/2025329/bbmc9geu13r7neysakc7tk.svg;;
Top Up;Garena Free Fire;Rp104.800;;645 + 162 Diamonds;https://d1x91p7vw3vuq8.cloudfront.net/item-type/2025329/gdoqasjq9350fpe3o5qfa45.svg;;
Top Up;Garena Free Fire;Rp141.600;;520 + 572 Diamonds;https://d1x91p7vw3vuq8.cloudfront.net/item-type/2025329/t38x4fvyef4ueiu4oiu2s.svg;;
Top Up;Garena Free Fire;Rp144.800;;530 + 583 Diamonds;https://d1x91p7vw3vuq8.cloudfront.net/item-type/2025329/8z4t57m0lxgna1upbj1wag.svg;;
Top Up;Garena Free Fire;Rp174.300;;1080 + 270 Diamonds;https://d1x91p7vw3vuq8.cloudfront.net/item-type/2025329/7qc23sp04knon91irgvk8.svg;;
Top Up;Garena Free Fire;Rp284.595;;1060 + 1166 Diamonds;https://d1x91p7vw3vuq8.cloudfront.net/item-type/2025329/lqaxx1lf9e0sx94a3skps.svg;;
Top Up;Garena Free Fire;Rp289.750;;1080 + 1183 Diamonds;https://d1x91p7vw3vuq8.cloudfront.net/item-type/2025329/d2b3wm74snaxyrg4glk0wr.svg;;
Top Up;Garena Free Fire;Rp353.059;;2200 + 550 Diamonds;https://d1x91p7vw3vuq8.cloudfront.net/item-type/2025329/a1esmnqwl61x0synhjspyh.svg;;
Top Up;Garena Free Fire;Rp586.500;;2180 + 2398 Diamonds;https://d1x91p7vw3vuq8.cloudfront.net/item-type/2025329/jf0j68z24rg5djx6j5bzef.svg;;
Top Up;Garena Free Fire;Rp592.200;;2200 + 2420 Diamonds;https://d1x91p7vw3vuq8.cloudfront.net/item-type/2025329/74kvmj3gkbfowvcn0ndhyf.svg;;
Top Up;Garena Free Fire;Rp714.000;;4450 + 1113 Diamonds;https://d1x91p7vw3vuq8.cloudfront.net/item-type/2025329/7rbqpun1j8t5nqnafr3czc.svg;;
Top Up;Garena Free Fire;Rp1.103.820;;6900 + 1725 Diamonds;https://d1x91p7vw3vuq8.cloudfront.net/item-type/2025330/wx55xzv6ez35ivt695jh.svg;;
Top Up;Garena Free Fire;Rp1.507.419;;5600 + 6160 Diamonds;https://d1x91p7vw3vuq8.cloudfront.net/item-type/2025329/hmwdb9o40hf5fsjz0kdavn.svg;;
Top Up;Honkai: Star Rail;Rp81.700;;Express Supply Pass;https://imgop.itemku.com/?url=https%3A%2F%2Fd1x91p7vw3vuq8.cloudfront.net%2Fitem-type%2F20251022%2F0x5q8g6zhmar3755wlt5jhi.png&w=96&q=75;;
Top Up;Honkai: Star Rail;Rp15.933;;60 Oneiric Shard;https://imgop.itemku.com/?url=https%3A%2F%2Fd1x91p7vw3vuq8.cloudfront.net%2Fitem-type%2F20251022%2Fw8d4cpyg0oq08mezxrdzg.png&w=96&q=75;;
Top Up;Honkai: Star Rail;Rp79.375;;300+30 Oneiric Shard;https://imgop.itemku.com/?url=https%3A%2F%2Fd1x91p7vw3vuq8.cloudfront.net%2Fitem-type%2F20251022%2Fa5flq7srfx5f2dzp7rd4na.png&w=96&q=75;;
Top Up;Honkai: Star Rail;Rp251.240;;980+110 Oneiric Shard;https://imgop.itemku.com/?url=https%3A%2F%2Fd1x91p7vw3vuq8.cloudfront.net%2Fitem-type%2F20251022%2F939uuqkkmvuuz2gvek312g.png&w=96&q=75;;
Top Up;Honkai: Star Rail;Rp483.220;;1980+260 Oneiric Shard;https://imgop.itemku.com/?url=https%3A%2F%2Fd1x91p7vw3vuq8.cloudfront.net%2Fitem-type%2F20251022%2Fihz7vz6rwtc7f4scza34p.png&w=96&q=75;;
Top Up;Honkai: Star Rail;Rp806.003;;3280+600 Oneiric Shard;https://imgop.itemku.com/?url=https%3A%2F%2Fd1x91p7vw3vuq8.cloudfront.net%2Fitem-type%2F20251022%2Fhom5qxyxe3sfw9k79dib.png&w=96&q=75;;
Top Up;Honkai: Star Rail;Rp1.602.866;;6480+1600 Oneiric Shard;https://imgop.itemku.com/?url=https%3A%2F%2Fd1x91p7vw3vuq8.cloudfront.net%2Fitem-type%2F2025417%2Fk1vgduzrikgi8fzan21ib.png&w=96&q=75;;
Top Up;Magic Chess: Go Go;Rp1.300;;5 Diamonds;https://imgop.itemku.com/?url=https%3A%2F%2Fd1x91p7vw3vuq8.cloudfront.net%2Fitem-type%2F2025420%2Fp1w996o4kfrjx5ky7of5l.png&w=96&q=75;;
Top Up;Magic Chess: Go Go;Rp3.074;;12 Diamonds;https://imgop.itemku.com/?url=https%3A%2F%2Fd1x91p7vw3vuq8.cloudfront.net%2Fitem-type%2F2025420%2F8rmgm02fvj7nhiejf2rugl.png&w=96&q=75;;
Top Up;Magic Chess: Go Go;Rp4.799;;19 Diamonds;https://imgop.itemku.com/?url=https%3A%2F%2Fd1x91p7vw3vuq8.cloudfront.net%2Fitem-type%2F2025420%2Fim4dvb5g4zdc9guyollv6u.png&w=96&q=75;;
Top Up;Magic Chess: Go Go;Rp6.669;;28 Diamonds;https://imgop.itemku.com/?url=https%3A%2F%2Fd1x91p7vw3vuq8.cloudfront.net%2Fitem-type%2F2025420%2Fc5o4sibqe8mijzg8h9kb.png&w=96&q=75;;
Top Up;Magic Chess: Go Go;Rp10.628;;44 Diamonds;https://imgop.itemku.com/?url=https%3A%2F%2Fd1x91p7vw3vuq8.cloudfront.net%2Fitem-type%2F2025420%2Fivp2a751ismah5j03n1947.png&w=96&q=75;;
Top Up;Magic Chess: Go Go;Rp14.668;;59 Diamonds;https://imgop.itemku.com/?url=https%3A%2F%2Fd1x91p7vw3vuq8.cloudfront.net%2Fitem-type%2F2025420%2F1dh4ej7u0cpiagawxscmdk.png&w=96&q=75;;
Top Up;Magic Chess: Go Go;Rp19.899;;85 Diamonds;https://imgop.itemku.com/?url=https%3A%2F%2Fd1x91p7vw3vuq8.cloudfront.net%2Fitem-type%2F2025420%2Fcp73xwd3pdeobiqr48ufwo.png&w=96&q=75;;
Top Up;Magic Chess: Go Go;Rp39.989;;170 Diamonds;https://imgop.itemku.com/?url=https%3A%2F%2Fd1x91p7vw3vuq8.cloudfront.net%2Fitem-type%2F2025420%2Fw033fx42tyn6p1pwnqvexc.png&w=96&q=75;;
Top Up;Magic Chess: Go Go;Rp56.766;;240 Diamonds;https://imgop.itemku.com/?url=https%3A%2F%2Fd1x91p7vw3vuq8.cloudfront.net%2Fitem-type%2F2025420%2Ffpta8xnf3w7mdsxfsj62jc.png&w=96&q=75;;
Top Up;Magic Chess: Go Go;Rp65.000;;296 Diamonds;https://imgop.itemku.com/?url=https%3A%2F%2Fd1x91p7vw3vuq8.cloudfront.net%2Fitem-type%2F2025420%2Fbrgcyxmdlunhrq33a7dvpt.png&w=96&q=75;;
Top Up;Magic Chess: Go Go;Rp95.000;;408 Diamonds;https://imgop.itemku.com/?url=https%3A%2F%2Fd1x91p7vw3vuq8.cloudfront.net%2Fitem-type%2F2025420%2Ffffhsajzhtipi6z7tu95nr.png&w=96&q=75;;
Top Up;Magic Chess: Go Go;Rp129.997;;568 Diamonds;https://imgop.itemku.com/?url=https%3A%2F%2Fd1x91p7vw3vuq8.cloudfront.net%2Fitem-type%2F2025420%2Fb04z0le9cg6uqdr5at7le.png&w=96&q=75;;
Top Up;Magic Chess: Go Go;Rp194.000;;875 Diamonds;https://imgop.itemku.com/?url=https%3A%2F%2Fd1x91p7vw3vuq8.cloudfront.net%2Fitem-type%2F2025420%2F2czf6yx24l1l2iqqxhy407.png&w=96&q=75;;
Top Up;Magic Chess: Go Go;Rp458.599;;2010 Diamonds;https://imgop.itemku.com/?url=https%3A%2F%2Fd1x91p7vw3vuq8.cloudfront.net%2Fitem-type%2F2025420%2Ffwnbhlcxc2u2re912wlule.png&w=96&q=75;;
Top Up;Magic Chess: Go Go;Rp1.040.000;;4830 Diamonds;https://imgop.itemku.com/?url=https%3A%2F%2Fd1x91p7vw3vuq8.cloudfront.net%2Fitem-type%2F2025420%2Fdjz7zeeyrjjobju7j30zi.png&w=96&q=75;;
Top Up;Magic Chess: Go Go;Rp27.835;;Weekly Diamond Pass;https://imgop.itemku.com/?url=https%3A%2F%2Fd1x91p7vw3vuq8.cloudfront.net%2Fitem-type%2F20251019%2Fcm863ctth48dfvu4dlc549.png&w=48&q=75;;
Top Up;LivU;Rp43.500;;299 Coin;https://imgop.itemku.com/?url=https%3A%2F%2Fd1x91p7vw3vuq8.cloudfront.net%2Fitem-type%2F2025419%2F243vfg73atcsre01ffqm4d.png&w=96&q=75;;
Top Up;LivU;Rp43.500;;360 Coin;https://imgop.itemku.com/?url=https%3A%2F%2Fd1x91p7vw3vuq8.cloudfront.net%2Fitem-type%2F2025419%2Fq24kdszmvedai826r62ljf.png&w=96&q=75;;
Top Up;LivU;Rp72.000;;650 Coin;https://imgop.itemku.com/?url=https%3A%2F%2Fd1x91p7vw3vuq8.cloudfront.net%2Fitem-type%2F2025419%2Fqs21awvagbsvrezduazki9.png&w=96&q=75;;
Top Up;LivU;Rp137.500;;990 Coin;https://imgop.itemku.com/?url=https%3A%2F%2Fd1x91p7vw3vuq8.cloudfront.net%2Fitem-type%2F2025419%2Fhnzw75tizw7g9lswhh637.png&w=96&q=75;;
Top Up;LivU;Rp133.000;;1250 Coin;https://imgop.itemku.com/?url=https%3A%2F%2Fd1x91p7vw3vuq8.cloudfront.net%2Fitem-type%2F2025419%2Fhj41capw813jdi4vmog3n.png&w=96&q=75;;
Top Up;LivU;Rp176.500;;1800 Coin;https://imgop.itemku.com/?url=https%3A%2F%2Fd1x91p7vw3vuq8.cloudfront.net%2Fitem-info%2F202592%2Fmf2jvdhqhd9bu2fxhb9hbq.webp&w=96&q=75;;
Top Up;LivU;Rp265.500;;2500 Coin;https://imgop.itemku.com/?url=https%3A%2F%2Fd1x91p7vw3vuq8.cloudfront.net%2Fitem-type%2F2025419%2Ft6bd29iryecdgt964vqxt.png&w=96&q=75;;
Top Up;LivU;Rp321.500;;3500 Coin;https://imgop.itemku.com/?url=https%3A%2F%2Fd1x91p7vw3vuq8.cloudfront.net%2Fitem-info%2F202592%2Fgpzl1m46rp8fqi3b928ib.webp&w=96&q=75;;
Top Up;LivU;Rp497.500;;5000 Coin;https://imgop.itemku.com/?url=https%3A%2F%2Fd1x91p7vw3vuq8.cloudfront.net%2Fitem-type%2F2025419%2F4817wxnp0pztet2t1hknc.png&w=96&q=75;;
Top Up;LivU;Rp605.500;;7000 Coin;https://imgop.itemku.com/?url=https%3A%2F%2Fd1x91p7vw3vuq8.cloudfront.net%2Fitem-type%2F2025119%2Fkxyl19pn0wpqnmouihtc8.png&w=96&q=75;;
Top Up;LivU;Rp927.000;;10000 Coin;https://imgop.itemku.com/?url=https%3A%2F%2Fd1x91p7vw3vuq8.cloudfront.net%2Fitem-type%2F2025419%2Fjbr3ua3x5akgn3rams8h.png&w=96&q=75;;
Top Up;LivU;Rp1.266.000;;15000 Coin;https://imgop.itemku.com/?url=https%3A%2F%2Fd1x91p7vw3vuq8.cloudfront.net%2Fitem-info%2F202592%2Feojcwj4lnlcmypjlanbpq.webp&w=96&q=75;;
Top Up;LivU;Rp1.763.500;;20000 Coin;https://imgop.itemku.com/?url=https%3A%2F%2Fd1x91p7vw3vuq8.cloudfront.net%2Fitem-type%2F2025419%2Fpeku2ctwjf3aqt7pb7d2t.png&w=96&q=75;;
Top Up;LivU;Rp2.881.000;;35000 Coin;https://imgop.itemku.com/?url=https%3A%2F%2Fd1x91p7vw3vuq8.cloudfront.net%2Fitem-info%2F202592%2Fq84guhinr4r9qp0j362von.webp&w=96&q=75;;
Top Up;LivU;Rp4.147.000;;50000 Coin;https://imgop.itemku.com/?url=https%3A%2F%2Fd1x91p7vw3vuq8.cloudfront.net%2Fitem-type%2F2025419%2Fo962mmrozi8eunx0bt29l.png&w=96&q=75;;
Top Up;Genshin Impact;Rp80.168;;Blessing of the Welkin Moon;https://imgop.itemku.com/?url=https%3A%2F%2Fd1x91p7vw3vuq8.cloudfront.net%2Fitem-type%2F20251022%2Fb4vrpz3zqr9qvzaeejebha.png&w=96&q=75;;
Top Up;Genshin Impact;Rp16.144;;60 Genesis Crystals;https://imgop.itemku.com/?url=https%3A%2F%2Fd1x91p7vw3vuq8.cloudfront.net%2Fitem-type%2F20251022%2F1oey2r22bet2kunaexspuc.png&w=96&q=75;;
Top Up;Genshin Impact;Rp80.168;;300+30 Genesis Crystals;https://imgop.itemku.com/?url=https%3A%2F%2Fd1x91p7vw3vuq8.cloudfront.net%2Fitem-type%2F20251022%2Fhw1cn23tno48o0bi6ai0oj.png&w=96&q=75;;
Top Up;Genshin Impact;Rp246.865;;980+110 Genesis Crystals;https://imgop.itemku.com/?url=https%3A%2F%2Fd1x91p7vw3vuq8.cloudfront.net%2Fitem-type%2F20251022%2F96oep52sv5qh58yaxtttq.png&w=96&q=75;;
Top Up;Genshin Impact;Rp467.120;;1980+260 Genesis Crystals;https://imgop.itemku.com/?url=https%3A%2F%2Fd1x91p7vw3vuq8.cloudfront.net%2Fitem-type%2F20251022%2Fuonxqre8avot2ips5eagc.png&w=96&q=75;;
Top Up;Genshin Impact;Rp806.719;;3280+600 Genesis Crystals;https://imgop.itemku.com/?url=https%3A%2F%2Fd1x91p7vw3vuq8.cloudfront.net%2Fitem-type%2F20251022%2Fyd4d69o428rdkgyp5hf5z8.png&w=96&q=75;;
Top Up;Genshin Impact;Rp1.613.411;;6480+1600 Genesis Crystals;https://imgop.itemku.com/?url=https%3A%2F%2Fd1x91p7vw3vuq8.cloudfront.net%2Fitem-type%2F20251022%2Fgdi3t2n6lxrnfdco7fq37.png&w=96&q=75;;
Top Up;PUBG Mobile;Rp379.620;;1800 UC;https://imgop.itemku.com/?url=https%3A%2F%2Fd1x91p7vw3vuq8.cloudfront.net%2Fitem-type%2F2025416%2Fnk0jbpbnlbcqyj7veze9sf.png&w=96&q=75;;
Top Up;PUBG Mobile;Rp15.202;;60 UC;https://imgop.itemku.com/?url=https%3A%2F%2Fd1x91p7vw3vuq8.cloudfront.net%2Fitem-type%2F2025416%2F8lt9cj4zhzx0zbjsug6depr.png&w=96&q=75;;
Top Up;PUBG Mobile;Rp75.924;;325 UC;https://imgop.itemku.com/?url=https%3A%2F%2Fd1x91p7vw3vuq8.cloudfront.net%2Fitem-type%2F2025416%2F7n1lfgti7x93b5l422qrlz.png&w=96&q=75;;
Top Up;PUBG Mobile;Rp151.848;;660 UC;https://imgop.itemku.com/?url=https%3A%2F%2Fd1x91p7vw3vuq8.cloudfront.net%2Fitem-type%2F2025416%2Flbkvxtojtcivvt5df785s.png&w=96&q=75;;
Top Up;PUBG Mobile;Rp759.240;;3850 UC;https://imgop.itemku.com/?url=https%3A%2F%2Fd1x91p7vw3vuq8.cloudfront.net%2Fitem-type%2F2025416%2F9zl1ua7yv6fdygjxp6tq4j.png&w=96&q=75;;
Top Up;PUBG Mobile;Rp1.508.000;;8100 UC;https://imgop.itemku.com/?url=https%3A%2F%2Fd1x91p7vw3vuq8.cloudfront.net%2Fitem-type%2F2025416%2F9xni2y2hgrqcm0r70r4fpu.png&w=96&q=75;;
Top Up;PUBG Mobile;Rp7.940;;Event 30 UC;https://imgop.itemku.com/?url=https%3A%2F%2Fd1x91p7vw3vuq8.cloudfront.net%2Fitem-type%2F2025416%2Fb61ce0juoa2woebba0hh2.png&w=96&q=75;;
Top Up;PUBG Mobile;Rp15.386;;Event 60 UC;https://imgop.itemku.com/?url=https%3A%2F%2Fd1x91p7vw3vuq8.cloudfront.net%2Fitem-type%2F2025416%2Fasanfkqqcp9otvp5owvko8.png&w=96&q=75;;
Top Up;PUBG Mobile;Rp76.140;;Event 300 UC;https://imgop.itemku.com/?url=https%3A%2F%2Fd1x91p7vw3vuq8.cloudfront.net%2Fitem-type%2F2025416%2Fw7chsennyqlxpcjkew0n0l.png&w=96&q=75;;
Top Up;PUBG Mobile;Rp152.280;;Event 600 UC;https://imgop.itemku.com/?url=https%3A%2F%2Fd1x91p7vw3vuq8.cloudfront.net%2Fitem-type%2F2025416%2Foyn1l4jp5b3cgdyg0gt0v.png&w=96&q=75;;
Top Up;PUBG Mobile;Rp380.700;;Event 1500 UC;https://imgop.itemku.com/?url=https%3A%2F%2Fd1x91p7vw3vuq8.cloudfront.net%2Fitem-type%2F2025416%2Fu208wy0d7y6gsm14s8ja9.png&w=96&q=75;;
Top Up;PUBG Mobile;Rp761.400;;Event 3000 UC;https://imgop.itemku.com/?url=https%3A%2F%2Fd1x91p7vw3vuq8.cloudfront.net%2Fitem-type%2F2025416%2F0y4v2l76fb1k9knba5lm6rb.png&w=96&q=75;;
Top Up;PUBG Mobile;Rp1.522.800;;Event 6000 UC;https://imgop.itemku.com/?url=https%3A%2F%2Fd1x91p7vw3vuq8.cloudfront.net%2Fitem-type%2F2025416%2Fro24g7zrm8e7vz3qhdcy5x.png&w=96&q=75;;
Top Up;PUBG Mobile;Rp15.400;;60 UC First Top Up;https://imgop.itemku.com/?url=https%3A%2F%2Fd1x91p7vw3vuq8.cloudfront.net%2Fitem-type%2F2025416%2F2mjeig78m246xmxfmz1te.png&w=96&q=75;;
Top Up;PUBG Mobile;Rp30.790;;120 UC First Top Up;https://imgop.itemku.com/?url=https%3A%2F%2Fd1x91p7vw3vuq8.cloudfront.net%2Fitem-type%2F2025416%2Fzudulezug8ttvx3a6nsng.png&w=96&q=75;;
Top Up;PUBG Mobile;Rp91.570;;360 UC First Top Up;https://imgop.itemku.com/?url=https%3A%2F%2Fd1x91p7vw3vuq8.cloudfront.net%2Fitem-type%2F2025416%2Fx1x7wq9kn9538dfbtxvvi.png&w=96&q=75;;
Top Up;PUBG Mobile;Rp157.173;;600 UC First Top Up;https://imgop.itemku.com/?url=https%3A%2F%2Fd1x91p7vw3vuq8.cloudfront.net%2Fitem-type%2F2025416%2F1cselk0xs9xeeco1abhw5b.png&w=96&q=75;;
Top Up;PUBG Mobile;Rp152.340;;650 UC First Top Up;https://imgop.itemku.com/?url=https%3A%2F%2Fd1x91p7vw3vuq8.cloudfront.net%2Fitem-type%2F2025416%2Fpoz7j896x2dl900v73vl.png&w=96&q=75;;
Top Up;PUBG Mobile;Rp175.670;;750 UC First Top Up;https://imgop.itemku.com/?url=https%3A%2F%2Fd1x91p7vw3vuq8.cloudfront.net%2Fitem-type%2F2025416%2Fjbdnqxt1lyqprnsu3wp9.png&w=96&q=75;;
Top Up;PUBG Mobile;Rp191.060;;800 UC First Top Up;https://imgop.itemku.com/?url=https%3A%2F%2Fd1x91p7vw3vuq8.cloudfront.net%2Fitem-type%2F2025416%2Fba23tny2ihqm22av3t1wt.png&w=96&q=75;;
Top Up;PUBG Mobile;Rp187.900;;ELITE PASS (LV1-100);https://imgop.itemku.com/?url=https%3A%2F%2Fd1x91p7vw3vuq8.cloudfront.net%2Fitem-type%2F2026211%2Fqu00w8cyxg9ho8vz0vx3mj.jpg&w=96&q=75;;
Top Up;PUBG Mobile;Rp477.565;;ELITE PASS PLUS (LV1-100);https://imgop.itemku.com/?url=https%3A%2F%2Fd1x91p7vw3vuq8.cloudfront.net%2Fitem-type%2F2026211%2F7qlmj5wd9ibtqwmhc9goh.jpg&w=96&q=75;;
Top Up;PUBG Mobile;Rp95.220;;ELITE PASS (LV1-50);https://imgop.itemku.com/?url=https%3A%2F%2Fd1x91p7vw3vuq8.cloudfront.net%2Fitem-info%2F2026211%2Fr7nro9aoirl45qos2ghla8.jpg&w=96&q=75;;
Top Up;PUBG Mobile;Rp15.870;;Paket Top-Up Perdana;https://imgop.itemku.com/?url=https%3A%2F%2Fd1x91p7vw3vuq8.cloudfront.net%2Fitem-info%2F2026211%2Flsq6mnf9fpddn7ibf1mm9j.jpg&w=96&q=75;;
Top Up;PUBG Mobile;Rp47.610;;Paket Material Senjata Upgradable;https://imgop.itemku.com/?url=https%3A%2F%2Fd1x91p7vw3vuq8.cloudfront.net%2Fitem-info%2F2026211%2Fzevn09y7modcjbmolvsid.jpg&w=96&q=75;;
Top Up;PUBG Mobile;Rp79.350;;Paket Emblem Mythic;https://imgop.itemku.com/?url=https%3A%2F%2Fd1x91p7vw3vuq8.cloudfront.net%2Fitem-info%2F2026211%2F7ecmtr7s0dgdgyb4741w9.jpg&w=96&q=75;;
Top Up;PUBG Mobile;Rp15.870;;Prime (1 Bulan);https://imgop.itemku.com/?url=https%3A%2F%2Fd1x91p7vw3vuq8.cloudfront.net%2Fitem-info%2F2026211%2Fx5sgz9rj08sratjc9gb14h.jpg&w=96&q=75;;
Top Up;PUBG Mobile;Rp47.610;;Prime (3 Bulan);https://imgop.itemku.com/?url=https%3A%2F%2Fd1x91p7vw3vuq8.cloudfront.net%2Fitem-info%2F2026211%2Fy18vpx2p52ka18xm90a5ft.jpg&w=96&q=75;;
Top Up;PUBG Mobile;Rp95.220;;Prime (6 Bulan);https://imgop.itemku.com/?url=https%3A%2F%2Fd1x91p7vw3vuq8.cloudfront.net%2Fitem-info%2F2026211%2Fd7lt48930ou472hkrblpkk.jpg&w=96&q=75;;
Top Up;PUBG Mobile;Rp190.430;;Prime (12 Bulan);https://imgop.itemku.com/?url=https%3A%2F%2Fd1x91p7vw3vuq8.cloudfront.net%2Fitem-info%2F2026211%2Fsdqokqfbznc4z1tdn3ee7g.jpg&w=96&q=75;;
Top Up;PUBG Mobile;Rp158.690;;Prime Plus (1 Bulan);https://imgop.itemku.com/?url=https%3A%2F%2Fd1x91p7vw3vuq8.cloudfront.net%2Fitem-info%2F2026211%2Fy8ud6ol5vmkuymjqtr33g.jpg&w=96&q=75;;
Top Up;PUBG Mobile;Rp476.060;;Prime Plus (3 Bulan);https://imgop.itemku.com/?url=https%3A%2F%2Fd1x91p7vw3vuq8.cloudfront.net%2Fitem-info%2F2026211%2F04zzdfa1irfkxcri34uwcgd.jpg&w=96&q=75;;
Top Up;PUBG Mobile;Rp952.110;;Prime Plus (6 Bulan);https://imgop.itemku.com/?url=https%3A%2F%2Fd1x91p7vw3vuq8.cloudfront.net%2Fitem-info%2F2026211%2F5wj49v6tvfkueim5wpbpie.png&w=96&q=75;;
Top Up;PUBG Mobile;Rp1.904.220;;Prime Plus (12 Bulan);https://imgop.itemku.com/?url=https%3A%2F%2Fd1x91p7vw3vuq8.cloudfront.net%2Fitem-info%2F2026211%2F3b5sffazfv36t1vggqxfe8.png&w=96&q=75;;
Top Up;PUBG Mobile;Rp15.870;;Weekly Deal Pack 1;https://imgop.itemku.com/?url=https%3A%2F%2Fd1x91p7vw3vuq8.cloudfront.net%2Fitem-info%2F2026211%2Foycdthjizbmidkz81ye8ka.jpg&w=96&q=75;;
Top Up;PUBG Mobile;Rp47.610;;Weekly Deal Pack 2;https://imgop.itemku.com/?url=https%3A%2F%2Fd1x91p7vw3vuq8.cloudfront.net%2Fitem-info%2F2026211%2Fuse0r0h0aegua4crw6xax9.jpg&w=96&q=75;;
Top Up;PUBG Mobile;Rp47.610;;Weekly Mythic Emblem Value Pack;https://imgop.itemku.com/?url=https%3A%2F%2Fd1x91p7vw3vuq8.cloudfront.net%2Fitem-info%2F2026211%2Fn2yryq8ghxeq891o60lmr.jpg&w=96&q=75;;
Top Up;Garena Free Fire Max;Rp850;;5 Diamond;https://d1x91p7vw3vuq8.cloudfront.net/item-type/2025420/lz5gz2rrewbftjcmmc20vd.svg;;
Top Up;Garena Free Fire Max;Rp1.860;;12 Diamond;https://d1x91p7vw3vuq8.cloudfront.net/item-type/2025420/zs90w9zkmuknnpn7pt4r8.svg;;
Top Up;Garena Free Fire Max;Rp3.390;;20 Diamond;https://d1x91p7vw3vuq8.cloudfront.net/item-type/2025420/098z17llebtwpne0l3dnuzb.svg;;
Top Up;Garena Free Fire Max;Rp6.570;;50 Diamond;https://d1x91p7vw3vuq8.cloudfront.net/item-type/2025420/i3xnn35qc2of9as52v4rj.svg;;
Top Up;Garena Free Fire Max;Rp9.280;;70 Diamond;https://d1x91p7vw3vuq8.cloudfront.net/item-type/2025420/y7xfib17ds0aqb4v7wicdi.svg;;
Top Up;Garena Free Fire Max;Rp18.100;;140 Diamond;https://d1x91p7vw3vuq8.cloudfront.net/item-type/2025420/xyge9gnuqgjzvb186o632a.svg;;
Top Up;Garena Free Fire Max;Rp46.390;;355 Diamond;https://d1x91p7vw3vuq8.cloudfront.net/item-type/2025420/qudqli9fcjrf59b82efqni.svg;;
Top Up;Garena Free Fire Max;Rp92.760;;720 Diamond;https://d1x91p7vw3vuq8.cloudfront.net/item-type/2025420/o4ph5qefddaxdvafdcwl.svg;;
Top Up;Garena Free Fire Max;Rp187.200;;1450 Diamond;https://d1x91p7vw3vuq8.cloudfront.net/item-type/2025420/6vdjus4mxm8hmzor6fk766.svg;;
Top Up;Garena Free Fire Max;Rp259.700;;2000 Diamond;https://d1x91p7vw3vuq8.cloudfront.net/item-type/2025420/nkuufpu0cl4fk33scd1n2.svg;;
Top Up;Garena Free Fire Max;Rp281.650;;2180 Diamond;https://d1x91p7vw3vuq8.cloudfront.net/item-type/2025420/yzedqadil5zz8zziyogg.svg;;
Top Up;Garena Free Fire Max;Rp470.320;;3640 Diamond;https://d1x91p7vw3vuq8.cloudfront.net/item-type/2025420/ewn3y4huf75exzhcrd0ns.svg;;
Top Up;Garena Free Fire Max;Rp930.950;;7290 Diamond;https://d1x91p7vw3vuq8.cloudfront.net/item-type/2025420/8o056eeubrw19g74cy4z2o.svg;;
Top Up;Garena Free Fire Max;Rp4.789.800;;36500 Diamond;https://d1x91p7vw3vuq8.cloudfront.net/item-type/2025829/zsxfdt02jmjg3rz02whiz.svg;;
Top Up;Garena Free Fire Max;Rp9.962.200;;73100 Diamond;https://d1x91p7vw3vuq8.cloudfront.net/item-type/2025829/2tcc8xipqe9wt9y1tlaxc.svg;;
Top Up;Garena Free Fire Max;Rp28.485;;Member Mingguan;https://d1x91p7vw3vuq8.cloudfront.net/item-type/2025420/vpv7uisbjfvu32lxmfxs9.svg;;
Top Up;Garena Free Fire Max;Rp84.659;;Member Bulanan;https://d1x91p7vw3vuq8.cloudfront.net/item-type/2025420/l1pbsxby0u402fg76t4qg.svg;;
Top Up;Garena Free Fire Max;Rp18.000;;Member Mingguan Lite;https://d1x91p7vw3vuq8.cloudfront.net/item-type/2025420/88wdo0m4c43wdgw5po720l.svg;;
Top Up;Honor of Kings;Rp1.708;;8 Tokens;https://imgop.itemku.com/?url=https%3A%2F%2Fd1x91p7vw3vuq8.cloudfront.net%2Fitem-type%2F2025417%2F07upbishwsq399t0lblyvm.png&w=96&q=75;;
Top Up;Honor of Kings;Rp3.000;;16 Tokens;https://imgop.itemku.com/?url=https%3A%2F%2Fd1x91p7vw3vuq8.cloudfront.net%2Fitem-type%2F2025417%2Fq5uxl2kp359vd3h7vvs9x.png&w=96&q=75;;
Top Up;Honor of Kings;Rp5.489;;23 Tokens;https://imgop.itemku.com/?url=https%3A%2F%2Fd1x91p7vw3vuq8.cloudfront.net%2Fitem-type%2F2025417%2F3ap691muf29u4dzh27j2v.png&w=96&q=75;;
Top Up;Honor of Kings;Rp14.850;;80 Tokens;https://imgop.itemku.com/?url=https%3A%2F%2Fd1x91p7vw3vuq8.cloudfront.net%2Fitem-type%2F2025417%2Feeoiehuac6i7ej8vvb7aoo.png&w=96&q=75;;
Top Up;Honor of Kings;Rp43.280;;240 Tokens;https://imgop.itemku.com/?url=https%3A%2F%2Fd1x91p7vw3vuq8.cloudfront.net%2Fitem-type%2F2025417%2Fdxudwpkk5d3ug7qpdh8tn.png&w=96&q=75;;
Top Up;Honor of Kings;Rp71.100;;400 Tokens;https://imgop.itemku.com/?url=https%3A%2F%2Fd1x91p7vw3vuq8.cloudfront.net%2Fitem-type%2F2025417%2Fw1vv1xaa13jle1goznzu8p.png&w=96&q=75;;
Top Up;Honor of Kings;Rp97.300;;560 Tokens;https://imgop.itemku.com/?url=https%3A%2F%2Fd1x91p7vw3vuq8.cloudfront.net%2Fitem-type%2F2025417%2Fqodyywk4vgev2quswb3m9.png&w=96&q=75;;
Top Up;Honor of Kings;Rp143.900;;800 Tokens;https://imgop.itemku.com/?url=https%3A%2F%2Fd1x91p7vw3vuq8.cloudfront.net%2Fitem-type%2F2025417%2Fmqy9yrbgyjfzfaxiahu53.png&w=96&q=75;;
Top Up;Honor of Kings;Rp218.070;;1200 Tokens;https://imgop.itemku.com/?url=https%3A%2F%2Fd1x91p7vw3vuq8.cloudfront.net%2Fitem-type%2F2025417%2F67omvfui93kqu0ersl3i.png&w=96&q=75;;
Top Up;Honor of Kings;Rp397.990;;2400 Tokens;https://imgop.itemku.com/?url=https%3A%2F%2Fd1x91p7vw3vuq8.cloudfront.net%2Fitem-type%2F2025417%2F4q35opqe6fd5d83x0jd17.png&w=96&q=75;;
Top Up;Honor of Kings;Rp728.200;;4000 Tokens;https://imgop.itemku.com/?url=https%3A%2F%2Fd1x91p7vw3vuq8.cloudfront.net%2Fitem-type%2F2025417%2F1q8y21ey8jxuh83x96oqm.png&w=96&q=75;;
Top Up;Honor of Kings;Rp1.439.970;;8000 Tokens;https://imgop.itemku.com/?url=https%3A%2F%2Fd1x91p7vw3vuq8.cloudfront.net%2Fitem-type%2F2025417%2Fsd98lvygpzqai2nvpxzo9.png&w=96&q=75;;
Game Key;911 Operator;Rp40.000;24 terjual;911 Operator;https://imgop.itemku.com/?url=https%3A%2F%2Fd1x91p7vw3vuq8.cloudfront.net%2Fsteam-app-image%2Fcapsule-landscape%2F503560.jpg&w=1033&q=75;;
Game Key;911 Operator;Rp29.900;15 terjual;911 Operator;https://imgop.itemku.com/?url=https%3A%2F%2Fd1x91p7vw3vuq8.cloudfront.net%2Fsteam-app-image%2Fcapsule-landscape%2F503560.jpg&w=1033&q=75;;
Game Key;911 Operator;Rp34.900;14 terjual;911 Operator;https://imgop.itemku.com/?url=https%3A%2F%2Fd1x91p7vw3vuq8.cloudfront.net%2Fsteam-app-image%2Fcapsule-landscape%2F503560.jpg&w=1033&q=75;;
Game Key;911 Operator;Rp30.000;14 terjual;911 Operator;https://imgop.itemku.com/?url=https%3A%2F%2Fd1x91p7vw3vuq8.cloudfront.net%2Fsteam-app-image%2Fcapsule-landscape%2F503560.jpg&w=1033&q=75;;
Game Key;911 Operator;Rp29.000;14 terjual;911 Operator;https://imgop.itemku.com/?url=https%3A%2F%2Fd1x91p7vw3vuq8.cloudfront.net%2Fsteam-app-image%2Fcapsule-landscape%2F503560.jpg&w=1033&q=75;;
Game Key;ARK: Survival Ascended;Rp239.000;14 terjual;ARK: Survival Ascended;https://imgop.itemku.com/?url=https%3A%2F%2Fd1x91p7vw3vuq8.cloudfront.net%2Fsteam-app-image%2Fcapsule-landscape%2F2399830.jpg&w=600&q=75;;
Game Key;ARK: Survival Ascended;Rp240.000;14 terjual;ARK: Survival Ascended;https://imgop.itemku.com/?url=https%3A%2F%2Fd1x91p7vw3vuq8.cloudfront.net%2Fsteam-app-image%2Fcapsule-landscape%2F2399830.jpg&w=600&q=75;;
Game Key;Assassin's Creed® Odyssey;Rp1.570.000;14 terjual;Assassin's Creed Odyssey - Ultimate Edition;https://imgop.itemku.com/?url=https%3A%2F%2Fd1x91p7vw3vuq8.cloudfront.net%2Fsteam-app-image%2Fcapsule-landscape%2F812140.jpg&w=1033&q=75;;
Game Key;Assassin's Creed® Odyssey;Rp1.209.000;14 terjual;Assassin's Creed Odyssey - Gold Edition;https://imgop.itemku.com/?url=https%3A%2F%2Fd1x91p7vw3vuq8.cloudfront.net%2Fsteam-app-image%2Fcapsule-landscape%2F812140.jpg&w=1033&q=75;;
Game Key;Assassin's Creed® Odyssey;Rp536.000;14 terjual;Assassin's Creed Odyssey - Deluxe Edition;https://imgop.itemku.com/?url=https%3A%2F%2Fd1x91p7vw3vuq8.cloudfront.net%2Fsteam-app-image%2Fcapsule-landscape%2F812140.jpg&w=1033&q=75;;
Game Key;Assassin's Creed® Odyssey;Rp357.000;14 terjual;Assassin's Creed Odyssey - Standard Edition;https://imgop.itemku.com/?url=https%3A%2F%2Fd1x91p7vw3vuq8.cloudfront.net%2Fsteam-app-image%2Fcapsule-landscape%2F812140.jpg&w=1033&q=75;;
Game Key;Assassin's Creed® Odyssey;Rp913.000;14 terjual;Assassin's Creed Odyssey - Ultimate Edition;https://imgop.itemku.com/?url=https%3A%2F%2Fd1x91p7vw3vuq8.cloudfront.net%2Fsteam-app-image%2Fcapsule-landscape%2F812140.jpg&w=1033&q=75;;
Game Key;Palworld;Rp676.009;14 terjual;Palworld;https://imgop.itemku.com/?url=https%3A%2F%2Fd1x91p7vw3vuq8.cloudfront.net%2Fsteam-app-image%2Fcapsule-landscape%2F1623730.jpg&w=1033&q=75;;
Game Key;Palworld;Rp463.119;14 terjual;Palworld;https://imgop.itemku.com/?url=https%3A%2F%2Fd1x91p7vw3vuq8.cloudfront.net%2Fsteam-app-image%2Fcapsule-landscape%2F1623730.jpg&w=1033&q=75;;
Game Key;Palworld;Rp567.000;14 terjual;Palworld;https://imgop.itemku.com/?url=https%3A%2F%2Fd1x91p7vw3vuq8.cloudfront.net%2Fsteam-app-image%2Fcapsule-landscape%2F1623730.jpg&w=1033&q=75;;
Game Key;Palworld;Rp560.000;14 terjual;Palworld;https://imgop.itemku.com/?url=https%3A%2F%2Fd1x91p7vw3vuq8.cloudfront.net%2Fsteam-app-image%2Fcapsule-landscape%2F1623730.jpg&w=1033&q=75;;
Game Key;Age of Empires II: Definitive Edition;Rp209.272;27 terjual;Age of Empires II: Definitive Edition;https://imgop.itemku.com/?url=https%3A%2F%2Fd1x91p7vw3vuq8.cloudfront.net%2Fsteam-app-image%2Fcapsule-landscape%2F813780.jpg&w=1033&q=75;;
Game Key;Age of Empires II: Definitive Edition;Rp279.000;16 terjual;Age of Empires II: Definitive Edition;https://imgop.itemku.com/?url=https%3A%2F%2Fd1x91p7vw3vuq8.cloudfront.net%2Fsteam-app-image%2Fcapsule-landscape%2F813780.jpg&w=1033&q=75;;
Game Key;Age of Empires II: Definitive Edition;Rp278.000;15 terjual;Age of Empires II: Definitive Edition;https://imgop.itemku.com/?url=https%3A%2F%2Fd1x91p7vw3vuq8.cloudfront.net%2Fsteam-app-image%2Fcapsule-landscape%2F813780.jpg&w=1033&q=75;;
Game Key;Age of Empires II: Definitive Edition;Rp278.000;14 terjual;Age of Empires II: Definitive Edition;https://imgop.itemku.com/?url=https%3A%2F%2Fd1x91p7vw3vuq8.cloudfront.net%2Fsteam-app-image%2Fcapsule-landscape%2F813780.jpg&w=1033&q=75;;
Game Key;Age of Empires II: Definitive Edition;Rp278.000;14 terjual;Age of Empires II: Definitive Edition;https://imgop.itemku.com/?url=https%3A%2F%2Fd1x91p7vw3vuq8.cloudfront.net%2Fsteam-app-image%2Fcapsule-landscape%2F813780.jpg&w=1033&q=75;;
Game Key;Age of Empires II: Definitive Edition;Rp432.000;14 terjual;Age of Empires II: Definitive Edition;https://imgop.itemku.com/?url=https%3A%2F%2Fd1x91p7vw3vuq8.cloudfront.net%2Fsteam-app-image%2Fcapsule-landscape%2F813780.jpg&w=1033&q=75;;
Game Key;Age of Empires II: Definitive Edition;Rp294.000;14 terjual;Age of Empires II: Definitive Edition;https://imgop.itemku.com/?url=https%3A%2F%2Fd1x91p7vw3vuq8.cloudfront.net%2Fsteam-app-image%2Fcapsule-landscape%2F813780.jpg&w=1033&q=75;;
Game Key;Arma 3;Rp164.024;18 terjual;Arma 3;https://imgop.itemku.com/?url=https%3A%2F%2Fd1x91p7vw3vuq8.cloudfront.net%2Fsteam-app-image%2Fcapsule-landscape%2F107410.jpg&w=1033&q=75;;
Game Key;Arma 3;Rp215.000;15 terjual;Arma 3;https://imgop.itemku.com/?url=https%3A%2F%2Fd1x91p7vw3vuq8.cloudfront.net%2Fsteam-app-image%2Fcapsule-landscape%2F107410.jpg&w=1033&q=75;;
Game Key;Arma 3;Rp230.000;15 terjual;Arma 3;https://imgop.itemku.com/?url=https%3A%2F%2Fd1x91p7vw3vuq8.cloudfront.net%2Fsteam-app-image%2Fcapsule-landscape%2F107410.jpg&w=1033&q=75;;
Game Key;Arma 3;Rp199.000;14 terjual;Arma 3 Deluxe Edition;https://imgop.itemku.com/?url=https%3A%2F%2Fd1x91p7vw3vuq8.cloudfront.net%2Fsteam-app-image%2Fcapsule-landscape%2F107410.jpg&w=1033&q=75;;
Game Key;Arma 3;Rp176.500;14 terjual;Arma 3;https://imgop.itemku.com/?url=https%3A%2F%2Fd1x91p7vw3vuq8.cloudfront.net%2Fsteam-app-image%2Fcapsule-landscape%2F107410.jpg&w=1033&q=75;;
Game Key;Arma 3;Rp315.000;14 terjual;Arma 3 Deluxe Edition;https://imgop.itemku.com/?url=https%3A%2F%2Fd1x91p7vw3vuq8.cloudfront.net%2Fsteam-app-image%2Fcapsule-landscape%2F107410.jpg&w=1033&q=75;;
Game Key;Arma 3;Rp178.000;14 terjual;Arma 3;https://imgop.itemku.com/?url=https%3A%2F%2Fd1x91p7vw3vuq8.cloudfront.net%2Fsteam-app-image%2Fcapsule-landscape%2F107410.jpg&w=1033&q=75;;
Game Key;Assassin's Creed Shadows;Rp1.156.000;14 terjual;Assassin's Creed Shadows - Standard Edition;https://imgop.itemku.com/?url=https%3A%2F%2Fd1x91p7vw3vuq8.cloudfront.net%2Fimage_upload%2F202534%2Fksri5oq7yv4a8szz0wa1r.png&w=1033&q=75;;
Game Key;Assassin's Creed Shadows;Rp687.000;14 terjual;Assassin's Creed Shadows - Digital Deluxe Edition;https://imgop.itemku.com/?url=https%3A%2F%2Fd1x91p7vw3vuq8.cloudfront.net%2Fimage_upload%2F202534%2Fksri5oq7yv4a8szz0wa1r.png&w=1033&q=75;;
Game Key;Assassin's Creed Shadows;Rp520.352;14 terjual;Assassin's Creed Shadows - Standard Edition;https://imgop.itemku.com/?url=https%3A%2F%2Fd1x91p7vw3vuq8.cloudfront.net%2Fimage_upload%2F202534%2Fksri5oq7yv4a8szz0wa1r.png&w=1033&q=75;;
Game Key;Assassin's Creed Shadows;Rp599.536;14 terjual;Assassin's Creed Shadows - Digital Deluxe Edition;https://imgop.itemku.com/?url=https%3A%2F%2Fd1x91p7vw3vuq8.cloudfront.net%2Fimage_upload%2F202534%2Fksri5oq7yv4a8szz0wa1r.png&w=1033&q=75;;
Game Key;.hack//G.U. Last Recode;Rp75.000;15 terjual;.hack//G.U. Last Recode;https://imgop.itemku.com/?url=https%3A%2F%2Fd1x91p7vw3vuq8.cloudfront.net%2Fitem-type%2F20251218%2F110a627vzbocc3cd3rl5op.jpg&w=1033&q=75;;
Game Key;.hack//G.U. Last Recode;Rp75.000;17 terjual;.hack//G.U. Last Recode;https://imgop.itemku.com/?url=https%3A%2F%2Fd1x91p7vw3vuq8.cloudfront.net%2Fitem-type%2F20251218%2F110a627vzbocc3cd3rl5op.jpg&w=1033&q=75;;
Game Key;.hack//G.U. Last Recode;Rp66.700;16 terjual;.hack//G.U. Last Recode;https://imgop.itemku.com/?url=https%3A%2F%2Fd1x91p7vw3vuq8.cloudfront.net%2Fitem-type%2F20251218%2F110a627vzbocc3cd3rl5op.jpg&w=1033&q=75;;
Game Key;Age of Empires III: Definitive Edition;Rp89.000;16 terjual;Age of Empires III: Definitive Edition (Base Game);https://imgop.itemku.com/?url=https%3A%2F%2Fd1x91p7vw3vuq8.cloudfront.net%2Fsteam-app-image%2Fcapsule-landscape%2F933110.jpg&w=1033&q=75;;
Game Key;Age of Empires III: Definitive Edition;Rp100.000;15 terjual;Age of Empires III: Definitive Edition (Base Game);https://imgop.itemku.com/?url=https%3A%2F%2Fd1x91p7vw3vuq8.cloudfront.net%2Fsteam-app-image%2Fcapsule-landscape%2F933110.jpg&w=1033&q=75;;
Game Key;Age of Empires III: Definitive Edition;Rp189.000;14 terjual;Age of Empires III: Definitive Edition (Base Game);https://imgop.itemku.com/?url=https%3A%2F%2Fd1x91p7vw3vuq8.cloudfront.net%2Fsteam-app-image%2Fcapsule-landscape%2F933110.jpg&w=1033&q=75;;
Game Key;Age of Empires III: Definitive Edition;Rp88.000;14 terjual;Age of Empires III: Definitive Edition (Base Game);https://imgop.itemku.com/?url=https%3A%2F%2Fd1x91p7vw3vuq8.cloudfront.net%2Fsteam-app-image%2Fcapsule-landscape%2F933110.jpg&w=1033&q=75;;
Game Key;Age of Empires III: Definitive Edition;Rp85.971;14 terjual;Age of Empires III: Definitive Edition (Base Game);https://imgop.itemku.com/?url=https%3A%2F%2Fd1x91p7vw3vuq8.cloudfront.net%2Fsteam-app-image%2Fcapsule-landscape%2F933110.jpg&w=1033&q=75;;
Game Key;Assassin's Creed Mirage;Rp1.635.000;14 terjual;Assassin’s Creed Mirage Master Assassin Edition;https://imgop.itemku.com/?url=https%3A%2F%2Fd1x91p7vw3vuq8.cloudfront.net%2Fsteam-app-image%2Fcapsule-landscape%2F3035570.jpg&w=1033&q=75;;
Game Key;Assassin's Creed Mirage;Rp575.000;14 terjual;Assassin’s Creed® Mirage;https://imgop.itemku.com/?url=https%3A%2F%2Fd1x91p7vw3vuq8.cloudfront.net%2Fsteam-app-image%2Fcapsule-landscape%2F3035570.jpg&w=1033&q=75;;
Game Key;Assassin's Creed Mirage;Rp640.000;14 terjual;Assassin’s Creed® Mirage Deluxe Edition;https://imgop.itemku.com/?url=https%3A%2F%2Fd1x91p7vw3vuq8.cloudfront.net%2Fsteam-app-image%2Fcapsule-landscape%2F3035570.jpg&w=1033&q=75;;
Game Key;Assassin's Creed Mirage;Rp449.000;14 terjual;Assassin’s Creed® Mirage;https://imgop.itemku.com/?url=https%3A%2F%2Fd1x91p7vw3vuq8.cloudfront.net%2Fsteam-app-image%2Fcapsule-landscape%2F3035570.jpg&w=1033&q=75;;
Game Key;Assetto Corsa;Rp80.700;34 terjual;Assetto Corsa;https://imgop.itemku.com/?url=https%3A%2F%2Fd1x91p7vw3vuq8.cloudfront.net%2Fsteam-app-image%2Fcapsule-landscape%2F244210.jpg&w=1033&q=75;;
Game Key;Assetto Corsa;Rp80.800;24 terjual;Assetto Corsa;https://imgop.itemku.com/?url=https%3A%2F%2Fd1x91p7vw3vuq8.cloudfront.net%2Fsteam-app-image%2Fcapsule-landscape%2F244210.jpg&w=1033&q=75;;
Game Key;Assetto Corsa;Rp125.000;16 terjual;Assetto Corsa;https://imgop.itemku.com/?url=https%3A%2F%2Fd1x91p7vw3vuq8.cloudfront.net%2Fsteam-app-image%2Fcapsule-landscape%2F244210.jpg&w=1033&q=75;;
Game Key;Assetto Corsa;Rp87.500;16 terjual;Assetto Corsa;https://imgop.itemku.com/?url=https%3A%2F%2Fd1x91p7vw3vuq8.cloudfront.net%2Fsteam-app-image%2Fcapsule-landscape%2F244210.jpg&w=1033&q=75;;
Roblox Games;Roblox;Rp120;;1 Robux;https://imgop.itemku.com/?url=https%3A%2F%2Fd1x91p7vw3vuq8.cloudfront.net%2Fitem-type%2F2025618%2Fxr1gayk11k57c29k7hjz9.png&w=96&q=75;;
Roblox Games;Roblox;Rp12.000;;100 Robux;https://imgop.itemku.com/?url=https%3A%2F%2Fd1x91p7vw3vuq8.cloudfront.net%2Fitem-type%2F2025618%2Fo36s21ul51as2a4oznihw9.png&w=96&q=75;;
Roblox Games;Roblox;Rp65.000;;500 Robux;https://imgop.itemku.com/?url=https%3A%2F%2Fd1x91p7vw3vuq8.cloudfront.net%2Fitem-type%2F2025618%2Fy6wnxkkplb5vjr7sx937m.png&w=96&q=75;;
Roblox Games;Roblox;Rp120.000;;1000 Robux;https://imgop.itemku.com/?url=https%3A%2F%2Fd1x91p7vw3vuq8.cloudfront.net%2Fitem-type%2F2025618%2F601xf5c7qgnlb1felhxzql.png&w=96&q=75;;
Roblox Games;Roblox;Rp188.000;;1500 Robux;https://imgop.itemku.com/?url=https%3A%2F%2Fd1x91p7vw3vuq8.cloudfront.net%2Fitem-type%2F2025618%2F9nv3c8smk5qvyss2rhgz5.png&w=96&q=75;;
Roblox Games;Roblox;Rp240.000;;2000 Robux;https://imgop.itemku.com/?url=https%3A%2F%2Fd1x91p7vw3vuq8.cloudfront.net%2Fitem-type%2F2025618%2Fsvcgeojjg5n5c5zu67s9.png&w=96&q=75;;
Roblox Games;Roblox;Rp383.990;;3000 Robux;https://imgop.itemku.com/?url=https%3A%2F%2Fd1x91p7vw3vuq8.cloudfront.net%2Fitem-type%2F2025618%2Ff0sv5x3ebuxgiu26u6qri.png&w=96&q=75;;
Roblox Games;Roblox;Rp459.600;;4000 Robux;https://imgop.itemku.com/?url=https%3A%2F%2Fd1x91p7vw3vuq8.cloudfront.net%2Fitem-type%2F2025618%2F334ua6q0kt50vt4jbkrkfu.png&w=96&q=75;;
Roblox Games;Roblox;Rp574.500;;5000 Robux;https://imgop.itemku.com/?url=https%3A%2F%2Fd1x91p7vw3vuq8.cloudfront.net%2Fitem-type%2F2025618%2Fxk6o2p4nlaahcq89jen9gt.png&w=96&q=75;;
Roblox Games;Roblox;Rp689.400;;6000 Robux;https://imgop.itemku.com/?url=https%3A%2F%2Fd1x91p7vw3vuq8.cloudfront.net%2Fitem-type%2F2025618%2Fm6wdfddp07si1vrnhurvig.png&w=96&q=75;;
Roblox Games;Roblox;Rp804.300;;7000 Robux;https://imgop.itemku.com/?url=https%3A%2F%2Fd1x91p7vw3vuq8.cloudfront.net%2Fitem-type%2F2025618%2Fcjyjcmtyklwkq3z3fgn7lq.png&w=96&q=75;;
Roblox Games;Roblox;Rp919.200;;8000 Robux;https://imgop.itemku.com/?url=https%3A%2F%2Fd1x91p7vw3vuq8.cloudfront.net%2Fitem-type%2F2025618%2Fvs3m4xxa16cdsd6w58p84.png&w=96&q=75;;
Roblox Games;Roblox;Rp1.034.100;;9000 Robux;https://imgop.itemku.com/?url=https%3A%2F%2Fd1x91p7vw3vuq8.cloudfront.net%2Fitem-type%2F2025618%2Foth7yluko0rukawa2dewse.png&w=96&q=75;;
Roblox Games;Roblox;Rp1.149.000;;10000 Robux;https://imgop.itemku.com/?url=https%3A%2F%2Fd1x91p7vw3vuq8.cloudfront.net%2Fitem-type%2F2025618%2Fvea75m8c7ao81w8z1tj86e.png&w=96&q=75;;
Roblox Games;Roblox;Rp200;;1 Robux before Tax;https://imgop.itemku.com/?url=https%3A%2F%2Fd1x91p7vw3vuq8.cloudfront.net%2Fitem-type%2F2025618%2Fzw8tzf7v5dk5x2r6xwet1n.png&w=96&q=75;;
Roblox Games;Roblox;Rp10.000;;100 Robux before Tax;https://imgop.itemku.com/?url=https%3A%2F%2Fd1x91p7vw3vuq8.cloudfront.net%2Fitem-type%2F2025618%2F06kuzw99klrcodwqfdpod7.png&w=96&q=75;;
Roblox Games;Roblox;Rp50.000;;500 Robux before Tax;https://imgop.itemku.com/?url=https%3A%2F%2Fd1x91p7vw3vuq8.cloudfront.net%2Fitem-type%2F2025618%2Fp5bbjf5hmzagr4y1lsmfa.png&w=96&q=75;;
Roblox Games;Roblox;Rp95.000;;1000 Robux before Tax;https://imgop.itemku.com/?url=https%3A%2F%2Fd1x91p7vw3vuq8.cloudfront.net%2Fitem-type%2F2025618%2F1dbzeg2i4phbifxx4cq52j.png&w=96&q=75;;
Roblox Games;Roblox;Rp150.000;;1500 Robux before Tax;https://imgop.itemku.com/?url=https%3A%2F%2Fd1x91p7vw3vuq8.cloudfront.net%2Fitem-type%2F2025618%2Fsspw31c9c0pmrgae7typ58.png&w=96&q=75;;
Roblox Games;Roblox;Rp200.000;;2000 Robux before Tax;https://imgop.itemku.com/?url=https%3A%2F%2Fd1x91p7vw3vuq8.cloudfront.net%2Fitem-type%2F2025618%2F8w5t0q02g11newobxe6pg.png&w=96&q=75;;
Roblox Games;Roblox;Rp300.000;;3000 Robux before Tax;https://imgop.itemku.com/?url=https%3A%2F%2Fd1x91p7vw3vuq8.cloudfront.net%2Fitem-type%2F2025618%2F4v1ajrv7xqr6a8eh1pp2qw.png&w=96&q=75;;
Roblox Games;Roblox;Rp400.000;;4000 Robux before Tax;https://imgop.itemku.com/?url=https%3A%2F%2Fd1x91p7vw3vuq8.cloudfront.net%2Fitem-type%2F2025618%2Fvx7ft7x5yredr0dcaeeuj.png&w=96&q=75;;
Roblox Games;Roblox;Rp449.990;;5000 Robux before Tax;https://imgop.itemku.com/?url=https%3A%2F%2Fd1x91p7vw3vuq8.cloudfront.net%2Fitem-type%2F2025618%2Fxyjjii9oomqnmbfz9a2dt8.png&w=96&q=75;;
Roblox Games;Roblox;Rp539.990;;6000 Robux before Tax;https://imgop.itemku.com/?url=https%3A%2F%2Fd1x91p7vw3vuq8.cloudfront.net%2Fitem-type%2F2025618%2Fxgbxvsm1vj6nfh9e560iy.png&w=96&q=75;;
Roblox Games;Roblox;Rp791.000;;7000 Robux before Tax;https://imgop.itemku.com/?url=https%3A%2F%2Fd1x91p7vw3vuq8.cloudfront.net%2Fitem-type%2F2025618%2F25l3kbnxw2bjuejgvryjt9.png&w=96&q=75;;
Roblox Games;Roblox;Rp904.000;;8000 Robux before Tax;https://imgop.itemku.com/?url=https%3A%2F%2Fd1x91p7vw3vuq8.cloudfront.net%2Fitem-type%2F2025618%2F7pb2ab6k3c5yb3fji77wj.png&w=96&q=75;;
Roblox Games;Roblox;Rp1.017.000;;9000 Robux before Tax;https://imgop.itemku.com/?url=https%3A%2F%2Fd1x91p7vw3vuq8.cloudfront.net%2Fitem-type%2F2025618%2Fbtbkhurhsfs0md4th3yt2wb.png&w=96&q=75;;
Roblox Games;Roblox;Rp899.990;;10000 Robux before Tax;https://imgop.itemku.com/?url=https%3A%2F%2Fd1x91p7vw3vuq8.cloudfront.net%2Fitem-type%2F2025618%2F6frew787xzhahegkdxo2va.png&w=96&q=75;;
Roblox Games;Fisch;Rp150;14165 terjual;Cosmic Relic;https://imgop.itemku.com/?url=https%3A%2F%2Fd1x91p7vw3vuq8.cloudfront.net%2Fitemku-upload%2F2025106%2F337cxzsi6ep6zvjx8zghyt_thumbnail.jpg&w=1033&q=75;;
Roblox Games;Fisch;Rp80;8867 terjual;Enchant Relic;https://imgop.itemku.com/?url=https%3A%2F%2Fd1x91p7vw3vuq8.cloudfront.net%2Fitemku-upload%2F202516%2F7b2wz6gdt8x60nv1k6b05b_thumbnail.jpg&w=1033&q=75;;
Roblox Games;Fisch;Rp100;8249 terjual;Exalted Relic;https://imgop.itemku.com/?url=https%3A%2F%2Fd1x91p7vw3vuq8.cloudfront.net%2Fitemku-upload%2F202547%2Fhqgu14fjkzfxs2tpews1x_thumbnail.jpg&w=1033&q=75;;
Roblox Games;Fisch;Rp4.500;7095 terjual;Onirifalx Rod Set;https://imgop.itemku.com/?url=https%3A%2F%2Fd1x91p7vw3vuq8.cloudfront.net%2Fitemku-upload%2F2025106%2F20ha0eqbko53l312p3f8dg_thumbnail.jpg&w=1033&q=75;;
Roblox Games;Fisch;Rp120;483 terjual;Cosmic Relic;https://imgop.itemku.com/?url=https%3A%2F%2Fd1x91p7vw3vuq8.cloudfront.net%2Fitemku-upload%2F2026122%2F75r56y68sd6dvsfo84he47_thumbnail.jpg&w=1033&q=75;;
Roblox Games;Fisch;Rp120;940 terjual;Cosmic Relic | Fisch;https://imgop.itemku.com/?url=https%3A%2F%2Fd1x91p7vw3vuq8.cloudfront.net%2Fitemku-upload%2F20251115%2Fxzr50xu8ywbgjhe2qo9b8l_thumbnail.jpg&w=1033&q=75;;
Roblox Games;Fisch;Rp80;5 terjual;Enchant Relic;https://imgop.itemku.com/?url=https%3A%2F%2Fd1x91p7vw3vuq8.cloudfront.net%2Fitemku-upload%2F202637%2Fvc12pmdkohhipj55yj2v8_thumbnail.jpg&w=1033&q=75;;
Roblox Games;Fisch;Rp80;1118 terjual;Exalted Relic (New Relic) | Fisch (Update);https://imgop.itemku.com/?url=https%3A%2F%2Fd1x91p7vw3vuq8.cloudfront.net%2Fitemku-upload%2F2026419%2Ffugdl9cvsjgarwx22s7478_thumbnail.jpg&w=1033&q=75;;
Roblox Games;Fisch;Rp80;6558 terjual;Exalted Relic;https://imgop.itemku.com/?url=https%3A%2F%2Fd1x91p7vw3vuq8.cloudfront.net%2Fitemku-upload%2F2025104%2Ffrftdtsoh6776axoaebvhi_thumbnail.jpg&w=1033&q=75;;
Roblox Games;Fisch;Rp19.500;2547 terjual;Private Server Fisch 1 Bulan;https://imgop.itemku.com/?url=https%3A%2F%2Fd1x91p7vw3vuq8.cloudfront.net%2Fitemku-upload%2F2025118%2Fhvcg5rxe41eeeirp19eru6_thumbnail.jpg&w=1033&q=75;;
Roblox Games;Fisch;Rp3.500;2296 terjual;Enchant Relic - Fisch - RBL;https://imgop.itemku.com/?url=https%3A%2F%2Fd1x91p7vw3vuq8.cloudfront.net%2Fitemku-upload%2F2025121%2Fbb6s2cnci6phn5oj40hv1d_thumbnail.jpg&w=1033&q=75;;
Roblox Games;Fisch;Rp5.500;2172 terjual;Wind Elemental Set;https://imgop.itemku.com/?url=https%3A%2F%2Fd1x91p7vw3vuq8.cloudfront.net%2Fitemku-upload%2F20251021%2Fvznpta3s82khmjm2nwqmb_thumbnail.jpg&w=1033&q=75;;
Roblox Games;Fisch;Rp2.500;2047 terjual;Chaotic Enchant Relic | FISCH;https://imgop.itemku.com/?url=https%3A%2F%2Fd1x91p7vw3vuq8.cloudfront.net%2Fitemku-upload%2F2025915%2Fajd25jbhif5tdyayc8it38_thumbnail.jpg&w=1033&q=75;;
Roblox Games;Fisch;Rp6.000;1848 terjual;Dreambreaker Rod Set;https://imgop.itemku.com/?url=https%3A%2F%2Fd1x91p7vw3vuq8.cloudfront.net%2Fitemku-upload%2F20251110%2Fu42ujndcijgwlowd25xxwl_thumbnail.jpg&w=1033&q=75;;
Roblox Games;Fisch;Rp2.500;1768 terjual;Chaotic Enchant Relic;https://imgop.itemku.com/?url=https%3A%2F%2Fd1x91p7vw3vuq8.cloudfront.net%2Fitemku-upload%2F2025711%2Fh0bl8pxht44hytx54mxiy_thumbnail.jpg&w=1033&q=75;;
Roblox Games;Fisch;Rp79;1742 terjual;Exalted Relic;https://imgop.itemku.com/?url=https%3A%2F%2Fd1x91p7vw3vuq8.cloudfront.net%2Fitemku-upload%2F202613%2Fkx4cw5m3xjf7kroznzcllq_thumbnail.jpg&w=1033&q=75;;
Roblox Games;Fisch;Rp180;62 terjual;Cosmic Relic;https://imgop.itemku.com/?url=https%3A%2F%2Fd1x91p7vw3vuq8.cloudfront.net%2Fitemku-upload%2F2026418%2Fg1lgvh2n9zpys7i152rmf_thumbnail.jpg&w=1033&q=75;;
Roblox Games;Fisch;Rp25.000;;Bloop Boat (Perahu 5 kursi, Speed 225s/ps) | Fisch;https://imgop.itemku.com/?url=https%3A%2F%2Fd1x91p7vw3vuq8.cloudfront.net%2Fitemku-upload%2F20251114%2F4zem3ob9ak5tqocv2rs5qg_thumbnail.jpg&w=1033&q=75;;
Roblox Games;Fisch;Rp6.000;161 terjual;Onirifalx Rod Set;https://imgop.itemku.com/?url=https%3A%2F%2Fd1x91p7vw3vuq8.cloudfront.net%2Fitemku-upload%2F2026211%2Fccxz8onoozk4hcwejw2a_thumbnail.jpg&w=1033&q=75;;
Roblox Games;Fisch;Rp12.200;48 terjual;Wind Elemental Set;https://imgop.itemku.com/?url=https%3A%2F%2Fd1x91p7vw3vuq8.cloudfront.net%2Fitemku-upload%2F2026122%2Ft7rfofp9msmucboinjuum_thumbnail.jpg&w=1033&q=75;;
Roblox Games;Fisch;Rp4.900;1704 terjual;Bahan Rod Of The Exalted One;https://imgop.itemku.com/?url=https%3A%2F%2Fd1x91p7vw3vuq8.cloudfront.net%2Fitemku-upload%2F2025112%2F7h0jhhi1jzp9u52v0ot1mq_thumbnail.jpg&w=1033&q=75;;
Roblox Games;Fisch;Rp150;1658 terjual;EXALTED RELIC;https://imgop.itemku.com/?url=https%3A%2F%2Fd1x91p7vw3vuq8.cloudfront.net%2Fitemku-upload%2F2026123%2F80fymuy1ls9g7cnj8wxwt_thumbnail.jpg&w=1033&q=75;;
Roblox Games;Fisch;Rp1.800;1574 terjual;Moonstone;https://imgop.itemku.com/?url=https%3A%2F%2Fd1x91p7vw3vuq8.cloudfront.net%2Fitemku-upload%2F202611%2F8cd3be68y345pby5ak2iie_thumbnail.jpg&w=1033&q=75;;
Roblox Games;Fisch;Rp4.305;1330 terjual;Paket Rod Of The Exalted One (ROTEO) | Fisch RBL;https://imgop.itemku.com/?url=https%3A%2F%2Fd1x91p7vw3vuq8.cloudfront.net%2Fitemku-upload%2F2026424%2Ft3otl4et5umt8enak9xm_thumbnail.jpg&w=1033&q=75;;
Roblox Games;Fisch;Rp2.500;1231 terjual;Aurora Totem;https://imgop.itemku.com/?url=https%3A%2F%2Fd1x91p7vw3vuq8.cloudfront.net%2Fitemku-upload%2F20241212%2Fx116dyqtc8dmpdtv92jqsi_thumbnail.jpg&w=1033&q=75;;
Roblox Games;Fisch;Rp10.000;923 terjual;Charred Boot;https://imgop.itemku.com/?url=https%3A%2F%2Fd1x91p7vw3vuq8.cloudfront.net%2Fitemku-upload%2F20251013%2Fnreti2oa86ckjytamvcj6r_thumbnail.jpg&w=1033&q=75;;
Roblox Games;Fisch;Rp8.000;886 terjual;Shrouded Golden Sea Pearl;https://imgop.itemku.com/?url=https%3A%2F%2Fd1x91p7vw3vuq8.cloudfront.net%2Fitemku-upload%2F20251028%2Fm87s5rxxhwa46m5h74naa_thumbnail.jpg&w=1033&q=75;;
Roblox Games;Fisch;Rp500;871 terjual;Twisted Relic;https://imgop.itemku.com/?url=https%3A%2F%2Fd1x91p7vw3vuq8.cloudfront.net%2Fitemku-upload%2F20251215%2Fdif4ioei9znf715p9znu9_thumbnail.jpg&w=1033&q=75;;
Roblox Games;Fisch;Rp11.500;47 terjual;Dreambreaker Rod Set;https://imgop.itemku.com/?url=https%3A%2F%2Fd1x91p7vw3vuq8.cloudfront.net%2Fitemku-upload%2F2026122%2Fger0jadkw4q95knvl30qr8_thumbnail.jpg&w=1033&q=75;;
Roblox Games;Fisch;Rp3.700;55 terjual;Merlin Staff Set;https://imgop.itemku.com/?url=https%3A%2F%2Fd1x91p7vw3vuq8.cloudfront.net%2Fitemku-upload%2F2026122%2Fk8w8vqiordr7x4jjhr5w_thumbnail.jpg&w=1033&q=75;;
Roblox Games;Fisch;Rp4.900;55 terjual;Lucid Rod Set;https://imgop.itemku.com/?url=https%3A%2F%2Fd1x91p7vw3vuq8.cloudfront.net%2Fitemku-upload%2F2026122%2Fqw0aj1tuu9q3r9yi5x6hi_thumbnail.jpg&w=1033&q=75;;
Roblox Games;Fisch;Rp28.000;;Limited Boat Dead Fish Express (Perahu 4 kursi, Speed 190s/ps) | Fisch;https://imgop.itemku.com/?url=https%3A%2F%2Fd1x91p7vw3vuq8.cloudfront.net%2Fitemku-upload%2F20251114%2Fsc3jdwc5mukzknx8p15ox_thumbnail.jpg&w=1033&q=75;;
Roblox Games;Adopt Me Trading Hub;Rp2.000;;Boosting / Joki Full Grown Legendary Pet;https://imgop.itemku.com/?url=https%3A%2F%2Fd1x91p7vw3vuq8.cloudfront.net%2Fitemku-upload%2F2026420%2Fyek48d3npbel4dc9h74b_thumbnail.jpg&w=1033&q=75;;
Roblox Games;Adopt Me Trading Hub;Rp1.500;Baru;Boosting / Joki Full Grown Ultra Rare Pet;https://imgop.itemku.com/?url=https%3A%2F%2Fd1x91p7vw3vuq8.cloudfront.net%2Fitemku-upload%2F2026420%2Fk5tp1rxxxxjpwvkjkzxx8_thumbnail.jpg&w=1033&q=75;;
Roblox Games;Adopt Me Trading Hub;Rp1.000;Baru;Boosting / Joki Full Grown Rare Pet;https://imgop.itemku.com/?url=https%3A%2F%2Fd1x91p7vw3vuq8.cloudfront.net%2Fitemku-upload%2F2026420%2Fwlkdc4p82pqeywoknjjed_thumbnail.jpg&w=1033&q=75;;
Roblox Games;Adopt Me Trading Hub;Rp1.000;Baru;Boosting / Joki Full Grown Uncommon Pet;https://imgop.itemku.com/?url=https%3A%2F%2Fd1x91p7vw3vuq8.cloudfront.net%2Fitemku-upload%2F2026420%2Ffbn9b9jx88fxv3nni8htc_thumbnail.jpg&w=1033&q=75;;
Roblox Games;Adopt Me Trading Hub;Rp500;Baru;Boosting / Joki Full Grown Common Pet;https://imgop.itemku.com/?url=https%3A%2F%2Fd1x91p7vw3vuq8.cloudfront.net%2Fitemku-upload%2F2026420%2Fikkjozrnseduz8kdiclkdd_thumbnail.jpg&w=1033&q=75;;
Roblox Games;Rivals;Rp4.600;;Key Bundle;https://imgop.itemku.com/?url=https%3A%2F%2Fd1x91p7vw3vuq8.cloudfront.net%2Fitem-type%2F202649%2Fo1w1pfngvj8l2dih21mo5.jpg&w=96&q=75;;
Roblox Games;Rivals;Rp42.200;;Super Key Bundle;https://imgop.itemku.com/?url=https%3A%2F%2Fd1x91p7vw3vuq8.cloudfront.net%2Fitem-type%2F202649%2Fzpp8veldjanl107m0vql7q.jpg&w=96&q=75;;
Roblox Games;Rivals;Rp18.700;;Mega Key Bundle;https://imgop.itemku.com/?url=https%3A%2F%2Fd1x91p7vw3vuq8.cloudfront.net%2Fitem-type%2F202649%2Fz5rd7fozw1iow44f1mtus.jpg&w=96&q=75;;
Roblox Games;Rivals;Rp206.700;;Ultra Key Bundle;https://imgop.itemku.com/?url=https%3A%2F%2Fd1x91p7vw3vuq8.cloudfront.net%2Fitem-type%2F202649%2F5f7n6b98invc1sv6yv3t7i.jpg&w=96&q=75;;
Roblox Games;Rivals;Rp469.900;;Legendary Key Bundle;https://imgop.itemku.com/?url=https%3A%2F%2Fd1x91p7vw3vuq8.cloudfront.net%2Fitem-type%2F202649%2Fmiwj15sdcwsquu1jmpfkl.jpg&w=96&q=75;;
Roblox Games;Rivals;Rp23.406;;Skin case;https://imgop.itemku.com/?url=https%3A%2F%2Fd1x91p7vw3vuq8.cloudfront.net%2Fitem-type%2F202649%2Fwesziytjq2fmxe3jg8787r.jpg&w=96&q=75;;
Roblox Games;Rivals;Rp23.406;;Skin Case 2;https://imgop.itemku.com/?url=https%3A%2F%2Fd1x91p7vw3vuq8.cloudfront.net%2Fitem-type%2F202649%2Fcdzqwjk3qoi0ee23n6frb.jpg&w=96&q=75;;
Roblox Games;Rivals;Rp23.400;;Skin Case 3;https://imgop.itemku.com/?url=https%3A%2F%2Fd1x91p7vw3vuq8.cloudfront.net%2Fitem-info%2F202649%2Fkh4j9fk1wbmi70v22zeyr.jpg&w=96&q=75;;
Roblox Games;Fish It!;Rp400;6240 terjual;Thin Armor Shark;https://imgop.itemku.com/?url=https%3A%2F%2Fd1x91p7vw3vuq8.cloudfront.net%2Fitemku-upload%2F2025123%2F8gfayx2odd9812ds7khga_thumbnail.jpg&w=1033&q=75;;
Roblox Games;Fish It!;Rp600;3821 terjual;1M Coins;https://imgop.itemku.com/?url=https%3A%2F%2Fd1x91p7vw3vuq8.cloudfront.net%2Fitemku-upload%2F20251219%2Fog4ervu9y4qttbi09k3d5r_thumbnail.jpg&w=1033&q=75;;
Roblox Games;Fish It!;Rp400;3542 terjual;Elshark Gran Maja;https://imgop.itemku.com/?url=https%3A%2F%2Fd1x91p7vw3vuq8.cloudfront.net%2Fitemku-upload%2F20251219%2Fxb01weifdoihwae6g6j5_thumbnail.jpg&w=1033&q=75;;
Roblox Games;Fish It!;Rp500;3146 terjual;SECRET TUMBAL;https://imgop.itemku.com/?url=https%3A%2F%2Fd1x91p7vw3vuq8.cloudfront.net%2Fitemku-upload%2F20251120%2F5fqj530z4bs2ou7r6rdpi_thumbnail.jpg&w=1033&q=75;;
Roblox Games;Fish It!;Rp1.000;;Festive Flatheaded Whale Shark;https://imgop.itemku.com/?url=https%3A%2F%2Fd1x91p7vw3vuq8.cloudfront.net%2Fitemku-upload%2F2026119%2F1caglt1zqz735b8oxo9uho_thumbnail.jpg&w=1033&q=75;;
Roblox Games;Fish It!;Rp1.000;10 terjual;Pink Dolphin;https://imgop.itemku.com/?url=https%3A%2F%2Fd1x91p7vw3vuq8.cloudfront.net%2Fitemku-upload%2F202625%2Feh7hwjp4dl901acmdw2yu_thumbnail.jpg&w=1033&q=75;;
Roblox Games;Fish It!;Rp500;8 terjual;Queen Crab;https://imgop.itemku.com/?url=https%3A%2F%2Fd1x91p7vw3vuq8.cloudfront.net%2Fitemku-upload%2F2026320%2Fpj51enheh7m4puwmprj645_thumbnail.jpg&w=1033&q=75;;
Roblox Games;Fish It!;Rp500;25 terjual;King Crab;https://imgop.itemku.com/?url=https%3A%2F%2Fd1x91p7vw3vuq8.cloudfront.net%2Fitemku-upload%2F2026320%2Fudnd15yo78be0vozdd22l_thumbnail.jpg&w=1033&q=75;;
Roblox Games;Fish It!;Rp3.500;1763 terjual;Elshark Gran Maja;https://imgop.itemku.com/?url=https%3A%2F%2Fd1x91p7vw3vuq8.cloudfront.net%2Fitemku-upload%2F2026326%2F0hl2qe8cajk7tqtgwj43cf_thumbnail.jpg&w=1033&q=75;;
Roblox Games;Fish It!;Rp10.000;1680 terjual;Ruby Gemstone;https://imgop.itemku.com/?url=https%3A%2F%2Fd1x91p7vw3vuq8.cloudfront.net%2Fitemku-upload%2F202617%2Fibes0hqfvyprmj89ox6g_thumbnail.jpg&w=1033&q=75;;
Roblox Games;Fish It!;Rp150;1473 terjual;secret tumbal;https://imgop.itemku.com/?url=https%3A%2F%2Fd1x91p7vw3vuq8.cloudfront.net%2Fitemku-upload%2F202635%2Fjm862gjfj5ew62b1svsnla_thumbnail.jpg&w=1033&q=75;;
Roblox Games;Fish It!;Rp500;1258 terjual;1M Coins;https://imgop.itemku.com/?url=https%3A%2F%2Fd1x91p7vw3vuq8.cloudfront.net%2Fitemku-upload%2F2026116%2Fzj57a5mlccgm5cm3xsabk8_thumbnail.jpg&w=1033&q=75;;
Roblox Games;Fish It!;Rp145;1126 terjual;SECRET TUMBAL - FISH IT;https://imgop.itemku.com/?url=https%3A%2F%2Fd1x91p7vw3vuq8.cloudfront.net%2Fitemku-upload%2F2025116%2Fo7a00vjz3qfzdl75gajqci_thumbnail.jpg&w=1033&q=75;;
Roblox Games;Fish It!;Rp250;945 terjual;Gladiator Shark;https://imgop.itemku.com/?url=https%3A%2F%2Fd1x91p7vw3vuq8.cloudfront.net%2Fitemku-upload%2F20251219%2F9fgdy2hyyhvy4boovxlz9i_thumbnail.jpg&w=1033&q=75;;
Roblox Games;Fish It!;Rp1.100;902 terjual;Hybodus Shark;https://imgop.itemku.com/?url=https%3A%2F%2Fd1x91p7vw3vuq8.cloudfront.net%2Fitemku-upload%2F20251125%2Fyfx1ze688393d7mmo06tt_thumbnail.jpg&w=1033&q=75;;
Roblox Games;Fish It!;Rp17.500;862 terjual;Cursed Kraken;https://imgop.itemku.com/?url=https%3A%2F%2Fd1x91p7vw3vuq8.cloudfront.net%2Fitemku-upload%2F202623%2Fo1mujhqrhnnaoea4oupjpg_thumbnail.jpg&w=1033&q=75;;
Roblox Games;Fish It!;Rp1.000;51 terjual;Thresher Shark;https://imgop.itemku.com/?url=https%3A%2F%2Fd1x91p7vw3vuq8.cloudfront.net%2Fitemku-upload%2F2025113%2Favpko7dm1cqqykecu0b3g_thumbnail.jpg&w=1033&q=75;;
Roblox Games;Fish It!;Rp2.500;2 terjual;500K Coins;https://imgop.itemku.com/?url=https%3A%2F%2Fd1x91p7vw3vuq8.cloudfront.net%2Fitemku-upload%2F20251229%2F7vas0fspdayp0fkbjp6p5f_thumbnail.jpg&w=1033&q=75;;
Roblox Games;Fish It!;Rp1.000;1 terjual;Ghost Fossilized Shark;https://imgop.itemku.com/?url=https%3A%2F%2Fd1x91p7vw3vuq8.cloudfront.net%2Fitemku-upload%2F20251125%2Fjofb9dhsmcgo7mdvndo0f_thumbnail.jpg&w=1033&q=75;;
Roblox Games;Fish It!;Rp1.000;140 terjual;Leviathan Rage Mutasi | Misi Kapal Pirate;https://imgop.itemku.com/?url=https%3A%2F%2Fd1x91p7vw3vuq8.cloudfront.net%2Fitemku-upload%2F2026312%2F6lnkq1m5b0lqwn7uydpkp_thumbnail.jpg&w=1033&q=75;;
Roblox Games;Fish It!;Rp580;801 terjual;1M Coins;https://imgop.itemku.com/?url=https%3A%2F%2Fd1x91p7vw3vuq8.cloudfront.net%2Fitemku-upload%2F20251123%2Fpfqs4w5gwyp3b51ekic9_thumbnail.jpg&w=1033&q=75;;
Roblox Games;Fish It!;Rp6.000;762 terjual;Gemstone Ruby;https://imgop.itemku.com/?url=https%3A%2F%2Fd1x91p7vw3vuq8.cloudfront.net%2Fitemku-upload%2F2026118%2F3tbwokwm1ekj7tkqahw40g_thumbnail.jpg&w=1033&q=75;;
Roblox Games;Fish It!;Rp60.000;737 terjual;Ruby Gemstone;https://imgop.itemku.com/?url=https%3A%2F%2Fd1x91p7vw3vuq8.cloudfront.net%2Fitemku-upload%2F2026118%2Fdv3t27bbggpoahrpit9li_thumbnail.jpg&w=1033&q=75;;
Roblox Games;Fish It!;Rp7.000;670 terjual;LOCHNESS MONSTER;https://imgop.itemku.com/?url=https%3A%2F%2Fd1x91p7vw3vuq8.cloudfront.net%2Fitemku-upload%2F20251121%2F1gnydqztfznkz2dxilgkk_thumbnail.jpg&w=1033&q=75;;
Roblox Games;Fish It!;Rp500;640 terjual;COIN 100K - FISH IT;https://imgop.itemku.com/?url=https%3A%2F%2Fd1x91p7vw3vuq8.cloudfront.net%2Fitemku-upload%2F20251031%2Faklocaoxi4n82heh8w41n_thumbnail.jpg&w=1033&q=75;;
Roblox Games;Fish It!;Rp4.900;634 terjual;Lochness Monster;https://imgop.itemku.com/?url=https%3A%2F%2Fd1x91p7vw3vuq8.cloudfront.net%2Fitemku-upload%2F20251226%2Fad9r9al4g9nbe3c0rwft9_thumbnail.jpg&w=1033&q=75;;
Roblox Games;Fish It!;Rp1.500;584 terjual;Big Elshark Gran Maja;https://imgop.itemku.com/?url=https%3A%2F%2Fd1x91p7vw3vuq8.cloudfront.net%2Fitemku-upload%2F20251219%2F2mcac6311uy5a59duxog7_thumbnail.jpg&w=1033&q=75;;
Roblox Games;Fish It!;Rp300;570 terjual;Queen Crab;https://imgop.itemku.com/?url=https%3A%2F%2Fd1x91p7vw3vuq8.cloudfront.net%2Fitemku-upload%2F20251219%2F3xxdn9z5r5gy20btl5l2dh_thumbnail.jpg&w=1033&q=75;;
Roblox Games;Fish It!;Rp1.000;1 terjual;Scare;https://imgop.itemku.com/?url=https%3A%2F%2Fd1x91p7vw3vuq8.cloudfront.net%2Fitemku-upload%2F20251128%2Fdtizx2p75ztc24425f0pgl_thumbnail.jpg&w=1033&q=75;;
Roblox Games;Fish It!;Rp500;43 terjual;Great Whale;https://imgop.itemku.com/?url=https%3A%2F%2Fd1x91p7vw3vuq8.cloudfront.net%2Fitemku-upload%2F20251220%2F32jv7xn6r4bt05quo7ocps_thumbnail.jpg&w=1033&q=75;;
Roblox Games;Fish It!;Rp200.000;;MEGA FROSTBORN SHINY 111 TON;https://imgop.itemku.com/?url=https%3A%2F%2Fd1x91p7vw3vuq8.cloudfront.net%2Fitemku-upload%2F20251022%2Fq7fuujuvzjpv47ia2rmdqo_thumbnail.jpg&w=1033&q=75;;
Roblox Games;Fish It!;Rp1.000;;Robot Kraken;https://imgop.itemku.com/?url=https%3A%2F%2Fd1x91p7vw3vuq8.cloudfront.net%2Fitemku-upload%2F2026520%2Fifvsf0sqlldir51zl4vm1b_thumbnail.jpg&w=1033&q=75;;
Roblox Games;Steal A Brainrot;Rp9.200;7606 terjual;Private Server Steal A Brainrot 1 Bulan (NO SHARING);https://imgop.itemku.com/?url=https%3A%2F%2Fd1x91p7vw3vuq8.cloudfront.net%2Fitemku-upload%2F2025611%2Fyg9gwweh6hoosud8vbnfrb_thumbnail.jpg&w=1033&q=75;;
Roblox Games;Steal A Brainrot;Rp10.000;1219 terjual;Private Server 1 Bulan;https://imgop.itemku.com/?url=https%3A%2F%2Fd1x91p7vw3vuq8.cloudfront.net%2Fitemku-upload%2F2025624%2F94dtoc05p3xo1hyzgrt4g_thumbnail.jpg&w=1033&q=75;;
Roblox Games;Steal A Brainrot;Rp4.900;736 terjual;Esok Sekolah;https://imgop.itemku.com/?url=https%3A%2F%2Fd1x91p7vw3vuq8.cloudfront.net%2Fitemku-upload%2F202618%2F57x1iii4m2tvl9hcqhut_thumbnail.jpg&w=1033&q=75;;
Roblox Games;Steal A Brainrot;Rp9.750;669 terjual;Private Server Steal A Brainrot 1 Bulan;https://imgop.itemku.com/?url=https%3A%2F%2Fd1x91p7vw3vuq8.cloudfront.net%2Fitemku-upload%2F2025726%2Fqwo7o6m0gkcqwlrbzofww_thumbnail.jpg&w=1033&q=75;;
Roblox Games;Steal A Brainrot;Rp3.000;8 terjual;1 Month (No Sharing);https://imgop.itemku.com/?url=https%3A%2F%2Fd1x91p7vw3vuq8.cloudfront.net%2Fitemku-upload%2F202651%2F2yp084a6mumkscqtki4k2_thumbnail.jpg&w=1033&q=75;;
Roblox Games;Steal A Brainrot;Rp40.000;;Cyber Esok Sekolah;https://imgop.itemku.com/?url=https%3A%2F%2Fd1x91p7vw3vuq8.cloudfront.net%2Fitemku-upload%2F2026519%2Fnxt47tk6rvs17lqqxn3f1v_thumbnail.jpg&w=1033&q=75;;
Roblox Games;Steal A Brainrot;Rp20.000;14 terjual;Ketchuru and Musturu;https://imgop.itemku.com/?url=https%3A%2F%2Fd1x91p7vw3vuq8.cloudfront.net%2Fitemku-upload%2F202611%2Fqivhb3obevn5tgnv4pqi_thumbnail.jpg&w=1033&q=75;;
Roblox Games;Steal A Brainrot;Rp80.000;1 terjual;Gold Tictac Sahur;https://imgop.itemku.com/?url=https%3A%2F%2Fd1x91p7vw3vuq8.cloudfront.net%2Fitemku-upload%2F2026514%2Fa421o9oslkbcszbg1imutq_thumbnail.jpg&w=1033&q=75;;
Roblox Games;Steal A Brainrot;Rp900;650 terjual;Admin Lucky Block;https://imgop.itemku.com/?url=https%3A%2F%2Fd1x91p7vw3vuq8.cloudfront.net%2Fitemku-upload%2F20251219%2Fsmxmi89jr8on51yh01tad_thumbnail.jpg&w=1033&q=75;;
Roblox Games;Steal A Brainrot;Rp899;543 terjual;Los Lucky Blocks;https://imgop.itemku.com/?url=https%3A%2F%2Fd1x91p7vw3vuq8.cloudfront.net%2Fitemku-upload%2F20251123%2Fgj88smdjqpnop9k7bdtdo_thumbnail.jpg&w=1033&q=75;;
Roblox Games;Steal A Brainrot;Rp13.000;495 terjual;LOS TRALALERITOS | STEAL A BRAINROT;https://imgop.itemku.com/?url=https%3A%2F%2Fd1x91p7vw3vuq8.cloudfront.net%2Fitemku-upload%2F202585%2Fkv4qti2e2zjasg0qf2yc6g_thumbnail.jpg&w=1033&q=75;;
Roblox Games;Steal A Brainrot;Rp16.000;451 terjual;BRAINROT SECRET 100M+/S BEBAS PILIH TERMURAH + BONUS! | Steal A Brainrot;https://imgop.itemku.com/?url=https%3A%2F%2Fd1x91p7vw3vuq8.cloudfront.net%2Fitemku-upload%2F20251118%2Fzqy4nj9vd3f4vtafra6q47_thumbnail.jpg&w=1033&q=75;;
Roblox Games;Steal A Brainrot;Rp1.400;450 terjual;Private Server 1 Minggu (Sharing 4 Player Only);https://imgop.itemku.com/?url=https%3A%2F%2Fd1x91p7vw3vuq8.cloudfront.net%2Fitemku-upload%2F2025712%2F2yvkvtkv3qlhwlqgbk8gcf_thumbnail.jpg&w=1033&q=75;;
Roblox Games;Steal A Brainrot;Rp9.500;439 terjual;LA VACCA SATURNO SATURNITA | STEAL A BRAINROT;https://imgop.itemku.com/?url=https%3A%2F%2Fd1x91p7vw3vuq8.cloudfront.net%2Fitemku-upload%2F202585%2F5q01lsohe1ubmmk8kjehr4_thumbnail.jpg&w=1033&q=75;;
Roblox Games;Steal A Brainrot;Rp16.900;332 terjual;Los Matteos | Steal A Brainrot;https://imgop.itemku.com/?url=https%3A%2F%2Fd1x91p7vw3vuq8.cloudfront.net%2Fitemku-upload%2F2025816%2Fw7mz16ceturomzwe5fl1m_thumbnail.jpg&w=1033&q=75;;
Roblox Games;Steal A Brainrot;Rp750;276 terjual;Taco Lucky Block;https://imgop.itemku.com/?url=https%3A%2F%2Fd1x91p7vw3vuq8.cloudfront.net%2Fitemku-upload%2F202597%2F9up2rlui5v7gif9qhd79tu_thumbnail.jpg&w=1033&q=75;;
Roblox Games;Steal A Brainrot;Rp250.000;;Garama and Madundung Cyber |$1B/s|;https://imgop.itemku.com/?url=https%3A%2F%2Fd1x91p7vw3vuq8.cloudfront.net%2Fitemku-upload%2F2026421%2F9fim1r1ggtfk38ylsl4a5e_thumbnail.jpg&w=1033&q=75;;
Roblox Games;Steal A Brainrot;Rp150.000;;Cerberus;https://imgop.itemku.com/?url=https%3A%2F%2Fd1x91p7vw3vuq8.cloudfront.net%2Fitemku-upload%2F2026519%2Fnl6l5av8hbl0bwihwtu9zni_thumbnail.jpg&w=1033&q=75;;
Roblox Games;Steal A Brainrot;Rp20.000;9 terjual;Ketupat Kepat;https://imgop.itemku.com/?url=https%3A%2F%2Fd1x91p7vw3vuq8.cloudfront.net%2Fitemku-upload%2F202611%2Fwe8wu2ryfx3ljhst0az6r_thumbnail.jpg&w=1033&q=75;;
Roblox Games;Steal A Brainrot;Rp60.000;7 terjual;Burguro and Fryuro;https://imgop.itemku.com/?url=https%3A%2F%2Fd1x91p7vw3vuq8.cloudfront.net%2Fitemku-upload%2F2026116%2Fossu6fhqmwcukweyrtq8is_thumbnail.jpg&w=1033&q=75;;
Roblox Games;Steal A Brainrot;Rp10.890;261 terjual;Private Server No Sharing | Steal a Brainrot;https://imgop.itemku.com/?url=https%3A%2F%2Fd1x91p7vw3vuq8.cloudfront.net%2Fitemku-upload%2F2025628%2Fv6hfake0uykpyebxrwf9n_thumbnail.jpg&w=1033&q=75;;
Roblox Games;Steal A Brainrot;Rp3.500;254 terjual;Girafa Celestre;https://imgop.itemku.com/?url=https%3A%2F%2Fd1x91p7vw3vuq8.cloudfront.net%2Fitemku-upload%2F2025713%2Fmolx3po6yge410lnr2af5g_thumbnail.jpg&w=1033&q=75;;
Roblox Games;Steal A Brainrot;Rp15.000;242 terjual;Los Combinasionas;https://imgop.itemku.com/?url=https%3A%2F%2Fd1x91p7vw3vuq8.cloudfront.net%2Fitemku-upload%2F2025826%2Fx8gubpzl3f8zix7mzaycvo_thumbnail.jpg&w=1033&q=75;;
Roblox Games;Steal A Brainrot;Rp2.500;240 terjual;Cocofanto Elefanto;https://imgop.itemku.com/?url=https%3A%2F%2Fd1x91p7vw3vuq8.cloudfront.net%2Fitemku-upload%2F202597%2Fyizde7lsszwh9yj0r3uyk_thumbnail.jpg&w=1033&q=75;;
Roblox Games;Steal A Brainrot;Rp1.000;229 terjual;Taco Lucky Block;https://imgop.itemku.com/?url=https%3A%2F%2Fd1x91p7vw3vuq8.cloudfront.net%2Fitemku-upload%2F2025125%2Fdmvwyzkcjihhb57s76im2g_thumbnail.jpg&w=1033&q=75;;
Roblox Games;Steal A Brainrot;Rp3.500;223 terjual;Tralalero Tralala;https://imgop.itemku.com/?url=https%3A%2F%2Fd1x91p7vw3vuq8.cloudfront.net%2Fitemku-upload%2F2025617%2Fdp4rklf5rjqhthvl3b6z2b_thumbnail.jpg&w=1033&q=75;;
Roblox Games;Steal A Brainrot;Rp12.000;212 terjual;KARKERKAR KURKUR | STEAL A BRAINROT;https://imgop.itemku.com/?url=https%3A%2F%2Fd1x91p7vw3vuq8.cloudfront.net%2Fitemku-upload%2F2025810%2F1izu5aha2a809mvccqnert9_thumbnail.jpg&w=1033&q=75;;
Roblox Games;Steal A Brainrot;Rp1.000;197 terjual;1 Month;https://imgop.itemku.com/?url=https%3A%2F%2Fd1x91p7vw3vuq8.cloudfront.net%2Fitemku-upload%2F20251129%2Fck4ovvpv4llpx4o4dri7x_thumbnail.jpg&w=1033&q=75;;
Roblox Games;Steal A Brainrot;Rp120.000;;Rainbow La Secret Combinasion;https://imgop.itemku.com/?url=https%3A%2F%2Fd1x91p7vw3vuq8.cloudfront.net%2Fitemku-upload%2F2026519%2F5xqrcjingmcnootxygml9o_thumbnail.jpg&w=1033&q=75;;
Roblox Games;Steal A Brainrot;Rp120.000;;Gold La Lucky Grande;https://imgop.itemku.com/?url=https%3A%2F%2Fd1x91p7vw3vuq8.cloudfront.net%2Fitemku-upload%2F2026519%2Fkbnzpi70b36xpktkjt19i_thumbnail.jpg&w=1033&q=75;;
Roblox Games;Steal A Brainrot;Rp50.000;1 terjual;Garama and Madundung;https://imgop.itemku.com/?url=https%3A%2F%2Fd1x91p7vw3vuq8.cloudfront.net%2Fitemku-upload%2F2026515%2F0zu8lp8v1kog8dw56camo6_thumbnail.jpg&w=1033&q=75;;
Roblox Games;Steal A Brainrot;Rp15.000;15 terjual;Spaghetti Tualetti;https://imgop.itemku.com/?url=https%3A%2F%2Fd1x91p7vw3vuq8.cloudfront.net%2Fitemku-upload%2F2026129%2Fb0yjdznlxcdrfd3wlz3so8_thumbnail.jpg&w=1033&q=75;;
Roblox Games;Blade Ball;Rp6.800;2690 terjual;Nebula Scythe Blade Ball;https://imgop.itemku.com/?url=https%3A%2F%2Fd1x91p7vw3vuq8.cloudfront.net%2Fitemku-upload%2F2025423%2F84lcxp5pnfcr8yzy5i2e3_thumbnail.jpg&w=1033&q=75;;
Roblox Games;Blade Ball;Rp12.900;1730 terjual;Nebula's Lightning Blade Ball;https://imgop.itemku.com/?url=https%3A%2F%2Fd1x91p7vw3vuq8.cloudfront.net%2Fitemku-upload%2F20250318%2F185591a0e9683247296d59a104_thumbnail.png&w=1033&q=75;;
Roblox Games;Blade Ball;Rp4.000;1465 terjual;Hallow's Edge Blade Ball;https://imgop.itemku.com/?url=https%3A%2F%2Fd1x91p7vw3vuq8.cloudfront.net%2Fitemku-upload%2F2024122%2Fmgkyr6xclj8nwst4xoldo_thumbnail.jpg&w=1033&q=75;;
Roblox Games;Blade Ball;Rp11.500;1083 terjual;Nebula Claws Blade Ball;https://imgop.itemku.com/?url=https%3A%2F%2Fd1x91p7vw3vuq8.cloudfront.net%2Fitemku-upload%2F2024123%2F39gftel6464o850m7zcoff_thumbnail.jpg&w=1033&q=75;;
Roblox Games;Blade Ball;Rp41.800;2 terjual;Abyssal Shield;https://imgop.itemku.com/?url=https%3A%2F%2Fd1x91p7vw3vuq8.cloudfront.net%2Fitemku-upload%2F2025720%2Fartls20kyeihe7rni5ee_thumbnail.jpg&w=1033&q=75;;
Roblox Games;Blade Ball;Rp31.900;4 terjual;Heart Blade;https://imgop.itemku.com/?url=https%3A%2F%2Fd1x91p7vw3vuq8.cloudfront.net%2Fitemku-upload%2F202571%2Fp6ru1zn1xqcedhh7cgjj_thumbnail.jpg&w=1033&q=75;;
Roblox Games;Blade Ball;Rp32.500;10 terjual;Dual Nebula Blade set;https://imgop.itemku.com/?url=https%3A%2F%2Fd1x91p7vw3vuq8.cloudfront.net%2Fitemku-upload%2F2026414%2F7npt140ehwu2ynz5dy5hve_thumbnail.jpg&w=1033&q=75;;
Roblox Games;Blade Ball;Rp24.800;2 terjual;Runic Scythe;https://imgop.itemku.com/?url=https%3A%2F%2Fd1x91p7vw3vuq8.cloudfront.net%2Fitemku-upload%2F202647%2F1qnmmtg50cmhu3edbq6vf_thumbnail.jpg&w=1033&q=75;;
Roblox Games;Blade Ball;Rp22.900;723 terjual;Dual Aetherial Azure Katana Blade Ball;https://imgop.itemku.com/?url=https%3A%2F%2Fd1x91p7vw3vuq8.cloudfront.net%2Fitemku-upload%2F2025417%2Frziao9kaphaeflyc521a_thumbnail.jpg&w=1033&q=75;;
Roblox Games;Blade Ball;Rp8.900;686 terjual;Prismatic Harvester;https://imgop.itemku.com/?url=https%3A%2F%2Fd1x91p7vw3vuq8.cloudfront.net%2Fitemku-upload%2F2025117%2F2gn6sxnkfl6uw9lp4c7uvs_thumbnail.jpg&w=1033&q=75;;
Roblox Games;Blade Ball;Rp12.500;579 terjual;Nebula Blaster Blade Ball;https://imgop.itemku.com/?url=https%3A%2F%2Fd1x91p7vw3vuq8.cloudfront.net%2Fitemku-upload%2F2025417%2Fwdybe86f63red8o2ia7uwg_thumbnail.jpg&w=1033&q=75;;
Roblox Games;Blade Ball;Rp25.000;451 terjual;Dual Blackhole Katana set;https://imgop.itemku.com/?url=https%3A%2F%2Fd1x91p7vw3vuq8.cloudfront.net%2Fitemku-upload%2F202554%2F8rhx0qfyq7hwpt64y60qhi_thumbnail.jpg&w=1033&q=75;;
Roblox Games;Blade Ball;Rp20.000;398 terjual;Stardust Katana;https://imgop.itemku.com/?url=https%3A%2F%2Fd1x91p7vw3vuq8.cloudfront.net%2Fitemku-upload%2F20250318%2Fa1e07f3985be5a328af4ae0932_thumbnail.png&w=1033&q=75;;
Roblox Games;Blade Ball;Rp42.000;348 terjual;Voltfire Lash;https://imgop.itemku.com/?url=https%3A%2F%2Fd1x91p7vw3vuq8.cloudfront.net%2Fitemku-upload%2F20250504%2F0c99f32c033702bac934a24635_thumbnail.png&w=1033&q=75;;
Roblox Games;Blade Ball;Rp39.500;330 terjual;Dual Runic Blade Set (Sword, Emote, Explosion) - Blade Ball;https://imgop.itemku.com/?url=https%3A%2F%2Fd1x91p7vw3vuq8.cloudfront.net%2Fitemku-upload%2F20250318%2Ffec26725132bd1dffa3d75f963_thumbnail.png&w=1033&q=75;;
Roblox Games;Blade Ball;Rp55.000;326 terjual;Dual Infinite Scythe Set (Sword, Emote, Explosion) - Blade Ball;https://imgop.itemku.com/?url=https%3A%2F%2Fd1x91p7vw3vuq8.cloudfront.net%2Fitemku-upload%2F2024123%2Fsc276t9xw4n5jujuv3eofi_thumbnail.jpg&w=1033&q=75;;
Roblox Games;Blade Ball;Rp49.500;2 terjual;Heart Blade set;https://imgop.itemku.com/?url=https%3A%2F%2Fd1x91p7vw3vuq8.cloudfront.net%2Fitemku-upload%2F202571%2F6q44gyg8qsdaqx30p5j37_thumbnail.jpg&w=1033&q=75;;
Roblox Games;Blade Ball;Rp18.800;7 terjual;Butterfly Blade;https://imgop.itemku.com/?url=https%3A%2F%2Fd1x91p7vw3vuq8.cloudfront.net%2Fitemku-upload%2F2026310%2F3v3axkctsp44v7l8n6ossh_thumbnail.jpg&w=1033&q=75;;
Roblox Games;Blade Ball;Rp34.200;11 terjual;Dual Zephyr Blade set;https://imgop.itemku.com/?url=https%3A%2F%2Fd1x91p7vw3vuq8.cloudfront.net%2Fitemku-upload%2F2025630%2Fugro20cudg8aysrh6hwncj_thumbnail.jpg&w=1033&q=75;;
Roblox Games;Blade Ball;Rp109.500;1 terjual;Dual Blossom Scythe set;https://imgop.itemku.com/?url=https%3A%2F%2Fd1x91p7vw3vuq8.cloudfront.net%2Fitemku-upload%2F2025728%2Fqqz29f4ojen9kktdcc9ra_thumbnail.jpg&w=1033&q=75;;
Roblox Games;Blade Ball;Rp21.900;297 terjual;Dual Nebula Blade Blade Ball;https://imgop.itemku.com/?url=https%3A%2F%2Fd1x91p7vw3vuq8.cloudfront.net%2Fitemku-upload%2F2025121%2F2dg4ksmdgoj3utgo8ql4vi_thumbnail.jpg&w=1033&q=75;;
Roblox Games;Blade Ball;Rp3.900;291 terjual;Cyber Scythe - Blade Ball;https://imgop.itemku.com/?url=https%3A%2F%2Fd1x91p7vw3vuq8.cloudfront.net%2Fitemku-upload%2F2025120%2Fuadk3ue621pqhftibw70a_thumbnail.jpg&w=1033&q=75;;
Roblox Games;Blade Ball;Rp39.500;275 terjual;Dual Phantom Blade Set (Sword, Emote, Explosion) - Blade Ball;https://imgop.itemku.com/?url=https%3A%2F%2Fd1x91p7vw3vuq8.cloudfront.net%2Fitemku-upload%2F202554%2Fnyukjrteappm7gwi82p28p_thumbnail.jpg&w=1033&q=75;;
Roblox Games;Blade Ball;Rp30.000;265 terjual;Dual Nebula Katana Blade Ball;https://imgop.itemku.com/?url=https%3A%2F%2Fd1x91p7vw3vuq8.cloudfront.net%2Fitemku-upload%2F20250318%2F2bfdd2ba4e9ed89a2dfd59b5bb_thumbnail.png&w=1033&q=75;;
Roblox Games;Blade Ball;Rp22.500;253 terjual;Dual Hakai Blade;https://imgop.itemku.com/?url=https%3A%2F%2Fd1x91p7vw3vuq8.cloudfront.net%2Fitemku-upload%2F20250318%2F24e5a4a245227be72344ff3432_thumbnail.png&w=1033&q=75;;
Roblox Games;Blade Ball;Rp7.000;235 terjual;Singularity Scythe;https://imgop.itemku.com/?url=https%3A%2F%2Fd1x91p7vw3vuq8.cloudfront.net%2Fitemku-upload%2F2025423%2F8kly1d5peoxaxfium66byu_thumbnail.jpg&w=1033&q=75;;
Roblox Games;Blade Ball;Rp35.000;212 terjual;Dual Resurrection Blade Set (Sword, Emote, Explosion) - Blade Ball;https://imgop.itemku.com/?url=https%3A%2F%2Fd1x91p7vw3vuq8.cloudfront.net%2Fitemku-upload%2F202554%2Fyxnn7pbwsss6i5q758tkp_thumbnail.jpg&w=1033&q=75;;
Roblox Games;Blade Ball;Rp15.500;206 terjual;Dual Blackhole Katana;https://imgop.itemku.com/?url=https%3A%2F%2Fd1x91p7vw3vuq8.cloudfront.net%2Fitemku-upload%2F2025116%2Fun2lvtqj0l853utz6k4zvc_thumbnail.jpg&w=1033&q=75;;
Roblox Games;Blade Ball;Rp75.000;1 terjual;Princess Katana;https://imgop.itemku.com/?url=https%3A%2F%2Fd1x91p7vw3vuq8.cloudfront.net%2Fitemku-upload%2F202644%2Fc87kezdcyb8smnxvx27ea9_thumbnail.jpg&w=1033&q=75;;
Roblox Games;Blade Ball;Rp16.800;;Harmonic Staff;https://imgop.itemku.com/?url=https%3A%2F%2Fd1x91p7vw3vuq8.cloudfront.net%2Fitemku-upload%2F2026314%2Fc06i0knpp7e7e2fs2xxl9r_thumbnail.jpg&w=1033&q=75;;
Roblox Games;Blade Ball;Rp36.900;1 terjual;Butterfly Blade set;https://imgop.itemku.com/?url=https%3A%2F%2Fd1x91p7vw3vuq8.cloudfront.net%2Fitemku-upload%2F2026310%2Fzqu4nv9ssoiqo46xbykmjo_thumbnail.jpg&w=1033&q=75;;
Roblox Games;Blade Ball;Rp43.300;2 terjual;Runic Scythe set;https://imgop.itemku.com/?url=https%3A%2F%2Fd1x91p7vw3vuq8.cloudfront.net%2Fitemku-upload%2F2026514%2Fhjkdvptpl9kv4yzp4wlc5_thumbnail.jpg&w=1033&q=75;;
Roblox Games;Bee Swarm Simulator;Rp6.800;2690 terjual;Nebula Scythe Blade Ball;https://imgop.itemku.com/?url=https%3A%2F%2Fd1x91p7vw3vuq8.cloudfront.net%2Fitemku-upload%2F202629%2Fi0utlfg0xnkp0sypr3if_thumbnail.jpg&w=1033&q=75;;
Roblox Games;Bee Swarm Simulator;Rp12.900;1730 terjual;Nebula's Lightning Blade Ball;https://imgop.itemku.com/?url=https%3A%2F%2Fd1x91p7vw3vuq8.cloudfront.net%2Fitemku-upload%2F202629%2F5x3ryttnw3mhk9vol3ird4_thumbnail.jpg&w=1033&q=75;;
Roblox Games;Bee Swarm Simulator;Rp4.000;1465 terjual;Hallow's Edge Blade Ball;https://imgop.itemku.com/?url=https%3A%2F%2Fd1x91p7vw3vuq8.cloudfront.net%2Fitemku-upload%2F202629%2Flv19ze7rd7ib8g3mtjco7m_thumbnail.jpg&w=1033&q=75;;
Roblox Games;Bee Swarm Simulator;Rp11.500;1083 terjual;Nebula Claws Blade Ball;https://imgop.itemku.com/?url=https%3A%2F%2Fd1x91p7vw3vuq8.cloudfront.net%2Fitemku-upload%2F2024103%2Fraq34xbkce6begrketp6g_thumbnail.jpg&w=1033&q=75;;
Roblox Games;Bee Swarm Simulator;Rp41.800;2 terjual;Abyssal Shield;https://imgop.itemku.com/?url=https%3A%2F%2Fd1x91p7vw3vuq8.cloudfront.net%2Fitemku-upload%2F2025720%2Fartls20kyeihe7rni5ee_thumbnail.jpg&w=1033&q=75;;
Roblox Games;Bee Swarm Simulator;Rp31.900;4 terjual;Heart Blade;https://imgop.itemku.com/?url=https%3A%2F%2Fd1x91p7vw3vuq8.cloudfront.net%2Fitemku-upload%2F202571%2Fp6ru1zn1xqcedhh7cgjj_thumbnail.jpg&w=1033&q=75;;
Roblox Games;Bee Swarm Simulator;Rp32.500;10 terjual;Dual Nebula Blade set;https://imgop.itemku.com/?url=https%3A%2F%2Fd1x91p7vw3vuq8.cloudfront.net%2Fitemku-upload%2F2026414%2F7npt140ehwu2ynz5dy5hve_thumbnail.jpg&w=1033&q=75;;
Roblox Games;Bee Swarm Simulator;Rp24.800;2 terjual;Runic Scythe;https://imgop.itemku.com/?url=https%3A%2F%2Fd1x91p7vw3vuq8.cloudfront.net%2Fitemku-upload%2F202647%2F1qnmmtg50cmhu3edbq6vf_thumbnail.jpg&w=1033&q=75;;
Roblox Games;Bee Swarm Simulator;Rp22.900;723 terjual;Dual Aetherial Azure Katana Blade Ball;https://imgop.itemku.com/?url=https%3A%2F%2Fd1x91p7vw3vuq8.cloudfront.net%2Fitemku-upload%2F2025112%2Fggkn7rs8zcspst78ffh96r_thumbnail.jpg&w=1033&q=75;;
Roblox Games;Bee Swarm Simulator;Rp8.900;686 terjual;Prismatic Harvester;https://imgop.itemku.com/?url=https%3A%2F%2Fd1x91p7vw3vuq8.cloudfront.net%2Fitemku-upload%2F20241231%2F8fk7t4n2phvncmw7xso95_thumbnail.jpg&w=1033&q=75;;
Roblox Games;Bee Swarm Simulator;Rp12.500;579 terjual;Nebula Blaster Blade Ball;https://imgop.itemku.com/?url=https%3A%2F%2Fd1x91p7vw3vuq8.cloudfront.net%2Fitemku-upload%2F2024928%2Fmjht2s8gckipulc0xm205_thumbnail.jpg&w=1033&q=75;;
Roblox Games;Bee Swarm Simulator;Rp25.000;451 terjual;Dual Blackhole Katana set;https://imgop.itemku.com/?url=https%3A%2F%2Fd1x91p7vw3vuq8.cloudfront.net%2Fitemku-upload%2F2026112%2Fp34ypftqzpbv250p1l7bd_thumbnail.jpg&w=1033&q=75;;
Roblox Games;Bee Swarm Simulator;Rp20.000;398 terjual;Stardust Katana;https://imgop.itemku.com/?url=https%3A%2F%2Fd1x91p7vw3vuq8.cloudfront.net%2Fitemku-upload%2F2025423%2F84lcxp5pnfcr8yzy5i2e3_thumbnail.jpg&w=1033&q=75;;
Roblox Games;Bee Swarm Simulator;Rp42.000;348 terjual;Voltfire Lash;https://imgop.itemku.com/?url=https%3A%2F%2Fd1x91p7vw3vuq8.cloudfront.net%2Fitemku-upload%2F2025112%2Fn3etjybkt6amyohxv5chi_thumbnail.jpg&w=1033&q=75;;
Roblox Games;Bee Swarm Simulator;Rp39.500;330 terjual;Dual Runic Blade Set (Sword, Emote, Explosion) - Blade Ball;https://imgop.itemku.com/?url=https%3A%2F%2Fd1x91p7vw3vuq8.cloudfront.net%2Fitemku-upload%2F2025930%2Frm83i3ejv1dg6tsmc9a02_thumbnail.jpg&w=1033&q=75;;
Roblox Games;Bee Swarm Simulator;Rp55.000;326 terjual;Dual Infinite Scythe Set (Sword, Emote, Explosion) - Blade Ball;https://imgop.itemku.com/?url=https%3A%2F%2Fd1x91p7vw3vuq8.cloudfront.net%2Fitemku-upload%2F2025823%2Fe0536ednt0ab9bd6w1rpmd_thumbnail.jpg&w=1033&q=75;;
Roblox Games;Bee Swarm Simulator;Rp49.500;2 terjual;Heart Blade set;https://imgop.itemku.com/?url=https%3A%2F%2Fd1x91p7vw3vuq8.cloudfront.net%2Fitemku-upload%2F202571%2F6q44gyg8qsdaqx30p5j37_thumbnail.jpg&w=1033&q=75;;
Roblox Games;Bee Swarm Simulator;Rp18.800;7 terjual;Butterfly Blade;https://imgop.itemku.com/?url=https%3A%2F%2Fd1x91p7vw3vuq8.cloudfront.net%2Fitemku-upload%2F2026310%2F3v3axkctsp44v7l8n6ossh_thumbnail.jpg&w=1033&q=75;;
Roblox Games;Bee Swarm Simulator;Rp34.200;11 terjual;Dual Zephyr Blade set;https://imgop.itemku.com/?url=https%3A%2F%2Fd1x91p7vw3vuq8.cloudfront.net%2Fitemku-upload%2F2025630%2Fugro20cudg8aysrh6hwncj_thumbnail.jpg&w=1033&q=75;;
Roblox Games;Bee Swarm Simulator;Rp109.500;1 terjual;Dual Blossom Scythe set;https://imgop.itemku.com/?url=https%3A%2F%2Fd1x91p7vw3vuq8.cloudfront.net%2Fitemku-upload%2F2025728%2Fqqz29f4ojen9kktdcc9ra_thumbnail.jpg&w=1033&q=75;;
Roblox Games;Bee Swarm Simulator;Rp21.900;297 terjual;Dual Nebula Blade Blade Ball;https://imgop.itemku.com/?url=https%3A%2F%2Fd1x91p7vw3vuq8.cloudfront.net%2Fitemku-upload%2F2025112%2Fnctz5e71b19qr84dwxjnhk_thumbnail.jpg&w=1033&q=75;;
Roblox Games;Bee Swarm Simulator;Rp3.900;291 terjual;Cyber Scythe - Blade Ball;https://imgop.itemku.com/?url=https%3A%2F%2Fd1x91p7vw3vuq8.cloudfront.net%2Fitemku-upload%2F2024928%2Fr4wn5t4n3fntifrxqjp8se_thumbnail.jpg&w=1033&q=75;;
Roblox Games;Bee Swarm Simulator;Rp39.500;275 terjual;Dual Phantom Blade Set (Sword, Emote, Explosion) - Blade Ball;https://imgop.itemku.com/?url=https%3A%2F%2Fd1x91p7vw3vuq8.cloudfront.net%2Fitemku-upload%2F2026112%2Fodunxp9ninoww34m20pen7_thumbnail.jpg&w=1033&q=75;;
Roblox Games;Bee Swarm Simulator;Rp30.000;265 terjual;Dual Nebula Katana Blade Ball;https://imgop.itemku.com/?url=https%3A%2F%2Fd1x91p7vw3vuq8.cloudfront.net%2Fitemku-upload%2F2024928%2Fsoueixssx43xyt4vs5x48_thumbnail.jpg&w=1033&q=75;;
Roblox Games;Bee Swarm Simulator;Rp22.500;253 terjual;Dual Hakai Blade;https://imgop.itemku.com/?url=https%3A%2F%2Fd1x91p7vw3vuq8.cloudfront.net%2Fitemku-upload%2F20250318%2F185591a0e9683247296d59a104_thumbnail.png&w=1033&q=75;;
Roblox Games;Bee Swarm Simulator;Rp7.000;235 terjual;Singularity Scythe;https://imgop.itemku.com/?url=https%3A%2F%2Fd1x91p7vw3vuq8.cloudfront.net%2Fitemku-upload%2F2024122%2Fmgkyr6xclj8nwst4xoldo_thumbnail.jpg&w=1033&q=75;;
Roblox Games;Bee Swarm Simulator;Rp35.000;212 terjual;Dual Resurrection Blade Set (Sword, Emote, Explosion) - Blade Ball;https://imgop.itemku.com/?url=https%3A%2F%2Fd1x91p7vw3vuq8.cloudfront.net%2Fitemku-upload%2F2026117%2Fi9thbco364n05xki9s1dqlx_thumbnail.jpg&w=1033&q=75;;
Roblox Games;Bee Swarm Simulator;Rp15.500;206 terjual;Dual Blackhole Katana;https://imgop.itemku.com/?url=https%3A%2F%2Fd1x91p7vw3vuq8.cloudfront.net%2Fitemku-upload%2F2024123%2F39gftel6464o850m7zcoff_thumbnail.jpg&w=1033&q=75;;
Roblox Games;Bee Swarm Simulator;Rp75.000;1 terjual;Princess Katana;https://imgop.itemku.com/?url=https%3A%2F%2Fd1x91p7vw3vuq8.cloudfront.net%2Fitemku-upload%2F202644%2Fc87kezdcyb8smnxvx27ea9_thumbnail.jpg&w=1033&q=75;;
Roblox Games;Bee Swarm Simulator;Rp16.800;;Harmonic Staff;https://imgop.itemku.com/?url=https%3A%2F%2Fd1x91p7vw3vuq8.cloudfront.net%2Fitemku-upload%2F2026314%2Fc06i0knpp7e7e2fs2xxl9r_thumbnail.jpg&w=1033&q=75;;
Roblox Games;Bee Swarm Simulator;Rp36.900;1 terjual;Butterfly Blade set;https://imgop.itemku.com/?url=https%3A%2F%2Fd1x91p7vw3vuq8.cloudfront.net%2Fitemku-upload%2F2026310%2Fzqu4nv9ssoiqo46xbykmjo_thumbnail.jpg&w=1033&q=75;;
Roblox Games;Bee Swarm Simulator;Rp43.300;2 terjual;Runic Scythe set;https://imgop.itemku.com/?url=https%3A%2F%2Fd1x91p7vw3vuq8.cloudfront.net%2Fitemku-upload%2F2026514%2Fhjkdvptpl9kv4yzp4wlc5_thumbnail.jpg&w=1033&q=75;;
Roblox Games;Blox Fruits;Rp11.800;123224 terjual;Akun Blox Fruit [Level MAX];https://imgop.itemku.com/?url=https%3A%2F%2Fd1x91p7vw3vuq8.cloudfront.net%2Fitemku-upload%2F20251023%2F4sxyutrsej2k8xgiyql94_thumbnail.jpg&w=1033&q=75;;
Roblox Games;Blox Fruits;Rp11.900;65650 terjual;Akun Blox Fruit GODHUMAN [Level MAX];https://imgop.itemku.com/?url=https%3A%2F%2Fd1x91p7vw3vuq8.cloudfront.net%2Fitemku-upload%2F20251023%2Fs7lxbsswouxmsyvs73sn8_thumbnail.jpg&w=1033&q=75;;
Roblox Games;Blox Fruits;Rp1.700;52453 terjual;Akun Blox Fruit Level 1000! Bonus Fruit in Inventory !;https://imgop.itemku.com/?url=https%3A%2F%2Fd1x91p7vw3vuq8.cloudfront.net%2Fitemku-upload%2F2025710%2Ff0mn1u9dhza0o6j9rn477hc_thumbnail.jpg&w=1033&q=75;;
Roblox Games;Blox Fruits;Rp21.900;34321 terjual;Akun Blox Fruit GODHUMAN+CURSED DUAL KATANA [Level MAX];https://imgop.itemku.com/?url=https%3A%2F%2Fd1x91p7vw3vuq8.cloudfront.net%2Fitemku-upload%2F2026327%2F5yr19mc8p8rgl0ldivsx8l_thumbnail.jpg&w=1033&q=75;;
Roblox Games;Blox Fruits;Rp800.000;4 terjual;AKUN SULTAN MAKSIMAL;https://imgop.itemku.com/?url=https%3A%2F%2Fd1x91p7vw3vuq8.cloudfront.net%2Fitemku-upload%2F2026426%2Ftagemk5rfne72o646bvahh_thumbnail.jpg&w=1033&q=75;;
Roblox Games;Blox Fruits;Rp950.000;3 terjual;AKUN PERMANENT DRAGON EASTERN & WESTERN #3;https://imgop.itemku.com/?url=https%3A%2F%2Fd1x91p7vw3vuq8.cloudfront.net%2Fitemku-upload%2F202655%2Fm5x0na1t1s4iz37ca9elt_thumbnail.jpg&w=1033&q=75;;
Roblox Games;Blox Fruits;Rp900.000;3 terjual;AKUN PERMANENT DRAGON EASTERN & WESTERN #24;https://imgop.itemku.com/?url=https%3A%2F%2Fd1x91p7vw3vuq8.cloudfront.net%2Fitemku-upload%2F2026213%2Fsc65tw6svijieb9vixh2an_thumbnail.jpg&w=1033&q=75;;
Roblox Games;Blox Fruits;Rp1.100.000;2 terjual;AKUN BLOX FRUIT GG;https://imgop.itemku.com/?url=https%3A%2F%2Fd1x91p7vw3vuq8.cloudfront.net%2Fitemku-upload%2F2026417%2Ffb36y8co9ulip50b3d1je8_thumbnail.jpg&w=1033&q=75;;
Roblox Games;Blox Fruits;Rp28.900;30304 terjual;Akun Blox Fruit GODHUMAN+CURSED DUAL KATANA+SOUL GUITAR [Level MAX];https://imgop.itemku.com/?url=https%3A%2F%2Fd1x91p7vw3vuq8.cloudfront.net%2Fitemku-upload%2F20251023%2F6fwmnwy262fviuxok2jgd_thumbnail.jpg&w=1033&q=75;;
Roblox Games;Blox Fruits;Rp44.900;23872 terjual;Akun Blox Fruit Level Max Bonus Race Awakening V4 T1 (Godhuman);https://imgop.itemku.com/?url=https%3A%2F%2Fd1x91p7vw3vuq8.cloudfront.net%2Fitemku-upload%2F202642%2Ff3ark1pfiawwolkmtnx5_thumbnail.jpg&w=1033&q=75;;
Roblox Games;Blox Fruits;Rp48.900;20550 terjual;AKUN BLOX FRUIT RACE AWAKENING V4 T10 (FULL GEAR) [LEVEL MAX];https://imgop.itemku.com/?url=https%3A%2F%2Fd1x91p7vw3vuq8.cloudfront.net%2Fitemku-upload%2F202642%2F0zth2t5m0vhru0dtanak9f_thumbnail.jpg&w=1033&q=75;;
Roblox Games;Blox Fruits;Rp1.600;17525 terjual;Akun Level 1000 + Bonus Fruit Di Inventory + Bonus Melee;https://imgop.itemku.com/?url=https%3A%2F%2Fd1x91p7vw3vuq8.cloudfront.net%2Fitemku-upload%2F2026219%2Fcq4eq1vde2g5jld9aalvwn_thumbnail.jpg&w=1033&q=75;;
Roblox Games;Blox Fruits;Rp33.900;17412 terjual;Akun Blox Fruit GODHUMAN + SHARK ANCHOR [Level MAX];https://imgop.itemku.com/?url=https%3A%2F%2Fd1x91p7vw3vuq8.cloudfront.net%2Fitemku-upload%2F2026327%2Fkn2adnuvvzfjefn4utmvy_thumbnail.jpg&w=1033&q=75;;
Roblox Games;Blox Fruits;Rp32.900;12664 terjual;Akun Blox Fruit FULL AWAKEN DOUGH [Level MAX];https://imgop.itemku.com/?url=https%3A%2F%2Fd1x91p7vw3vuq8.cloudfront.net%2Fitemku-upload%2F2026327%2Firvl1kgf7rg6agnza5lkg_thumbnail.jpg&w=1033&q=75;;
Roblox Games;Blox Fruits;Rp15.900;11245 terjual;Akun Blox Fruit T-REX [Level MAX];https://imgop.itemku.com/?url=https%3A%2F%2Fd1x91p7vw3vuq8.cloudfront.net%2Fitemku-upload%2F2026327%2F5ieq20we08p9u1ujx2u2v_thumbnail.jpg&w=1033&q=75;;
Roblox Games;Blox Fruits;Rp11.600;9815 terjual;Akun Blox Fruit - Level MAX - GODHUMAN - Third SEA / SEA 3;https://imgop.itemku.com/?url=https%3A%2F%2Fd1x91p7vw3vuq8.cloudfront.net%2Fitemku-upload%2F2026310%2F6jgfdkxinvk84xasih7uhn_thumbnail.jpg&w=1033&q=75;;
Roblox Games;Blox Fruits;Rp1.000.000;1 terjual;AKUN PERMANENT DRAGON EASTERN & WESTERN #21;https://imgop.itemku.com/?url=https%3A%2F%2Fd1x91p7vw3vuq8.cloudfront.net%2Fitemku-upload%2F2026213%2F4ux1yhp0hokggenm4qarff_thumbnail.jpg&w=1033&q=75;;
Roblox Games;Blox Fruits;Rp600.000;;AKUN PERMANENT DRAGON + GAS + DOUGH + LIGHTNING + BUDDHA ( TOTAL 9 PERMANENT );https://imgop.itemku.com/?url=https%3A%2F%2Fd1x91p7vw3vuq8.cloudfront.net%2Fitemku-upload%2F2026514%2Frd50xlr0r1vorh172srb_thumbnail.jpg&w=1033&q=75;;
Roblox Games;Blox Fruits;Rp900.000;;AKUN PERMANENT DRAGON SULTAN #2;https://imgop.itemku.com/?url=https%3A%2F%2Fd1x91p7vw3vuq8.cloudfront.net%2Fitemku-upload%2F2026516%2Fqd56pal50p9umuk58skkm_thumbnail.jpg&w=1033&q=75;;
Roblox Games;Blox Fruits;Rp755.000;5 terjual;AKUN BLOX FRUIT PERM DRAGON+DLL;https://imgop.itemku.com/?url=https%3A%2F%2Fd1x91p7vw3vuq8.cloudfront.net%2Fitemku-upload%2F2026426%2Fzdiota0n6f9wfgws8cg1n_thumbnail.jpg&w=1033&q=75;;
Roblox Games;Blox Fruits;Rp7.950;9323 terjual;AKUN LEVEL MAX GODHUMAN;https://imgop.itemku.com/?url=https%3A%2F%2Fd1x91p7vw3vuq8.cloudfront.net%2Fitemku-upload%2F202647%2Fk77g93ckkk69m4wwk39h6_thumbnail.jpg&w=1033&q=75;;
Roblox Games;Blox Fruits;Rp7.990;8343 terjual;Akun Blox Fruit Level Max - GODHUMAN;https://imgop.itemku.com/?url=https%3A%2F%2Fd1x91p7vw3vuq8.cloudfront.net%2Fitemku-upload%2F202628%2Fmc256zop7tld1mzzqnkzm_thumbnail.jpg&w=1033&q=75;;
Roblox Games;Blox Fruits;Rp32.900;6397 terjual;Akun Blox Fruit KITSUNE [Level MAX];https://imgop.itemku.com/?url=https%3A%2F%2Fd1x91p7vw3vuq8.cloudfront.net%2Fitemku-upload%2F2026327%2F3bu95zjm1w6wtfvthlgdwf_thumbnail.jpg&w=1033&q=75;;
Roblox Games;Blox Fruits;Rp35.900;5888 terjual;Akun Blox Fruit GODHUMAN + SHARK ANCHOR + CDK [Level MAX];https://imgop.itemku.com/?url=https%3A%2F%2Fd1x91p7vw3vuq8.cloudfront.net%2Fitemku-upload%2F2026327%2F1lf3bfvcup5z5lycfkt29_thumbnail.jpg&w=1033&q=75;;
Roblox Games;Blox Fruits;Rp15.900;4871 terjual;Akun Blox Fruit MAMMOTH [Level MAX];https://imgop.itemku.com/?url=https%3A%2F%2Fd1x91p7vw3vuq8.cloudfront.net%2Fitemku-upload%2F2026327%2Fp3eb48vn4w9fn67scxygco_thumbnail.jpg&w=1033&q=75;;
Roblox Games;Blox Fruits;Rp49.900;4831 terjual;Akun Blox Fruit Race Cyborg V4 Full Gear (Awakening) (Godhuman + CDK) [Level MAX];https://imgop.itemku.com/?url=https%3A%2F%2Fd1x91p7vw3vuq8.cloudfront.net%2Fitemku-upload%2F202642%2Faqpbsgl5fegzllncdeuj6_thumbnail.jpg&w=1033&q=75;;
Roblox Games;Blox Fruits;Rp37.900;4227 terjual;Akun Blox Fruit GODHUMAN + SHARK ANCHOR + FULL AWAKEN DOUGH [Level MAX];https://imgop.itemku.com/?url=https%3A%2F%2Fd1x91p7vw3vuq8.cloudfront.net%2Fitemku-upload%2F202641%2Fm2520brtmjwn95ufx8beg_thumbnail.jpg&w=1033&q=75;;
Roblox Games;Blox Fruits;Rp2.000;3964 terjual;PROMO AKUN BLOX FRUIT LEVEL 1000+ BONUS FRUIT;https://imgop.itemku.com/?url=https%3A%2F%2Fd1x91p7vw3vuq8.cloudfront.net%2Fitemku-upload%2F202595%2Fozwy2e9pjynelpry706ho8_thumbnail.jpg&w=1033&q=75;;
Roblox Games;Blox Fruits;Rp550.000;;Akun Lv 2700 | 6 Permanent (DRAGON!! Kitsune, Dough) | 5 Gamepass | Rabbit V4 | Avatar Keren!! | Lihat Gambar dan Deskripsi Untuk Lebih Lengkap;https://imgop.itemku.com/?url=https%3A%2F%2Fd1x91p7vw3vuq8.cloudfront.net%2Fitemku-upload%2F2026521%2F8t3nyna2jdnw2zwbecgzuq_thumbnail.jpg&w=1033&q=75;;
Roblox Games;Blox Fruits;Rp750.000;26 terjual;Akun Fruit Permanent - No 9;https://imgop.itemku.com/?url=https%3A%2F%2Fd1x91p7vw3vuq8.cloudfront.net%2Fitemku-upload%2F2026512%2F3ayoqnyoyxiueves9hgp1_thumbnail.jpg&w=1033&q=75;;
Roblox Games;Blox Fruits;Rp800.000;29 terjual;Akun Fruit Permanent - No 8;https://imgop.itemku.com/?url=https%3A%2F%2Fd1x91p7vw3vuq8.cloudfront.net%2Fitemku-upload%2F202658%2F4t3x7an1ypu1bpp5o9xdou_thumbnail.jpg&w=1033&q=75;;
Roblox Games;Blox Fruits;Rp750.000;;AKUN PERMANENT DRAGON EASTERN & WESTERN #18;https://imgop.itemku.com/?url=https%3A%2F%2Fd1x91p7vw3vuq8.cloudfront.net%2Fitemku-upload%2F202655%2F6uxj9bv4r36y9qpc0alqyp_thumbnail.jpg&w=1033&q=75;;
Roblox Games;Escape Tsunami for Brainrots;Rp5.000;837 terjual;CELESTIAL ESOK SEKOLAH 636.23Qd/S  |  ESCAPE TSUNAMI FOR BRAINROTS;https://imgop.itemku.com/?url=https%3A%2F%2Fd1x91p7vw3vuq8.cloudfront.net%2Fitemku-upload%2F2026114%2F5q9y8mz9rrctpwocna1om_thumbnail.jpg&w=1033&q=75;;
Roblox Games;Escape Tsunami for Brainrots;Rp14.000;415 terjual;Meta Technetta Random Mutation | Escape Tsunami For Brainrots;https://imgop.itemku.com/?url=https%3A%2F%2Fd1x91p7vw3vuq8.cloudfront.net%2Fitemku-upload%2F2026212%2Fy2eaxijmzgg0y8jm75pvrjb_thumbnail.jpg&w=1033&q=75;;
Roblox Games;Escape Tsunami for Brainrots;Rp14.000;366 terjual;Infinity Meta Technetta | Escape Tsunami For Brainrots;https://imgop.itemku.com/?url=https%3A%2F%2Fd1x91p7vw3vuq8.cloudfront.net%2Fitemku-upload%2F202628%2Fapvvf7paln7jtlthrmz29b_thumbnail.jpg&w=1033&q=75;;
Roblox Games;Escape Tsunami for Brainrots;Rp10.000;160 terjual;Esok Sekolah 636.23Qd/s | Escape Tsunami For Brainrots;https://imgop.itemku.com/?url=https%3A%2F%2Fd1x91p7vw3vuq8.cloudfront.net%2Fitemku-upload%2F2026118%2F5jv13dxda2te6zk2hxvnin_thumbnail.jpg&w=1033&q=75;;
Roblox Games;Escape Tsunami for Brainrots;Rp320.000;1 terjual;Galactio Fantasma ( MAX LEVEL );https://imgop.itemku.com/?url=https%3A%2F%2Fd1x91p7vw3vuq8.cloudfront.net%2Fitemku-upload%2F2026127%2Fxlx4oaj36qbu2xqa7y00gj_thumbnail.jpg&w=1033&q=75;;
Roblox Games;Escape Tsunami for Brainrots;Rp700;44 terjual;Esok Sekolah 5.3 Qn/s;https://imgop.itemku.com/?url=https%3A%2F%2Fd1x91p7vw3vuq8.cloudfront.net%2Fitemku-upload%2F2026221%2Fby5l84na9dt1dhtojfmi9p_thumbnail.jpg&w=1033&q=75;;
Roblox Games;Escape Tsunami for Brainrots;Rp1.900;;Bulbito Bandito Traktorito| Random Mutation | lv.210++;https://imgop.itemku.com/?url=https%3A%2F%2Fd1x91p7vw3vuq8.cloudfront.net%2Fitemku-upload%2F202655%2Fudgsyhwjd8dzqbhdjpfju_thumbnail.jpg&w=1033&q=75;;
Roblox Games;Escape Tsunami for Brainrots;Rp27.900;99 terjual;Meta Technetta (Infinity) Random Mutation Op Unit;https://imgop.itemku.com/?url=https%3A%2F%2Fd1x91p7vw3vuq8.cloudfront.net%2Fitemku-upload%2F2026212%2Fh6jlhmu56zp6sxt1vou_thumbnail.jpg&w=1033&q=75;;
Roblox Games;Escape Tsunami for Brainrots;Rp2.000;157 terjual;Esok Sekolah 636.23Qd/s Celestial Electric;https://imgop.itemku.com/?url=https%3A%2F%2Fd1x91p7vw3vuq8.cloudfront.net%2Fitemku-upload%2F202629%2Fl3iq1aud417txgow1gv74_thumbnail.jpg&w=1033&q=75;;
Roblox Games;Escape Tsunami for Brainrots;Rp850;73 terjual;Draculini Meowlini | Divine;https://imgop.itemku.com/?url=https%3A%2F%2Fd1x91p7vw3vuq8.cloudfront.net%2Fitemku-upload%2F2026223%2Fdc1ssd5urj5ymcmp6gf0hg_thumbnail.jpg&w=1033&q=75;;
Roblox Games;Escape Tsunami for Brainrots;Rp5.000;73 terjual;FREEZETI COBRETTI MINI - COLOSSAL RANDOM  |  ESCAPE TSUNAMI FOR BRAINROTS;https://imgop.itemku.com/?url=https%3A%2F%2Fd1x91p7vw3vuq8.cloudfront.net%2Fitemku-upload%2F2026212%2F621qxbrw04i86ux4bds67q_thumbnail.jpg&w=1033&q=75;;
Roblox Games;Escape Tsunami for Brainrots;Rp2.000;65 terjual;Esok Sekolah Mutasi Hacker 690sx;https://imgop.itemku.com/?url=https%3A%2F%2Fd1x91p7vw3vuq8.cloudfront.net%2Fitemku-upload%2F202629%2Fj4wn8oz7pwnghe6q1sgo4q_thumbnail.jpg&w=1033&q=75;;
Roblox Games;Escape Tsunami for Brainrots;Rp2.000;58 terjual;Esok Sekolah 636qd/s;https://imgop.itemku.com/?url=https%3A%2F%2Fd1x91p7vw3vuq8.cloudfront.net%2Fitemku-upload%2F202629%2Fybkv4qh208j224dqix360z_thumbnail.jpg&w=1033&q=75;;
Roblox Games;Escape Tsunami for Brainrots;Rp3.000;58 terjual;Anububu mutation;https://imgop.itemku.com/?url=https%3A%2F%2Fd1x91p7vw3vuq8.cloudfront.net%2Fitemku-upload%2F2026220%2Frblhs4q70uc2rcohwodiw_thumbnail.jpg&w=1033&q=75;;
Roblox Games;Escape Tsunami for Brainrots;Rp6.300;58 terjual;Magmew;https://imgop.itemku.com/?url=https%3A%2F%2Fd1x91p7vw3vuq8.cloudfront.net%2Fitemku-upload%2F2026320%2F2v3qexn7zxstn9m4roya0l_thumbnail.jpg&w=1033&q=75;;
Roblox Games;Escape Tsunami for Brainrots;Rp5.000;56 terjual;Esok Sekolah 636.23Qd/s;https://imgop.itemku.com/?url=https%3A%2F%2Fd1x91p7vw3vuq8.cloudfront.net%2Fitemku-upload%2F2026115%2Fctl3hj7ywchxz36xqy1ecf_thumbnail.jpg&w=1033&q=75;;
Roblox Games;Escape Tsunami for Brainrots;Rp30.000;;Meta Technetta;https://imgop.itemku.com/?url=https%3A%2F%2Fd1x91p7vw3vuq8.cloudfront.net%2Fitemku-upload%2F2026224%2Fgiyep9xhvsqu3an6v18qy_thumbnail.jpg&w=1033&q=75;;
Roblox Games;Escape Tsunami for Brainrots;Rp109.900;11 terjual;Colossal Meta Technetta (Infinity) Random Mutation LIMITED STOCK!!!;https://imgop.itemku.com/?url=https%3A%2F%2Fd1x91p7vw3vuq8.cloudfront.net%2Fitemku-upload%2F2026224%2F4nhbx6oo5798qztek1zrck_thumbnail.jpg&w=1033&q=75;;
Roblox Games;Escape Tsunami for Brainrots;Rp55.000;1 terjual;La Neutron TikiTress (Infinity) Op Unit;https://imgop.itemku.com/?url=https%3A%2F%2Fd1x91p7vw3vuq8.cloudfront.net%2Fitemku-upload%2F202651%2Fjnmmeyso3h9cjx6ew1yrhv_thumbnail.jpg&w=1033&q=75;;
Roblox Games;Escape Tsunami for Brainrots;Rp5.000;40 terjual;Burgerini Bearini Random (1.77Sp - 1.97Sp);https://imgop.itemku.com/?url=https%3A%2F%2Fd1x91p7vw3vuq8.cloudfront.net%2Fitemku-upload%2F2026117%2Fhx31w8zwnuad1a77fe2idf_thumbnail.jpg&w=1033&q=75;;
Roblox Games;Escape Tsunami for Brainrots;Rp37.000;35 terjual;META TECHNETTA DIAMOND (infinity) MAX LEVEL;https://imgop.itemku.com/?url=https%3A%2F%2Fd1x91p7vw3vuq8.cloudfront.net%2Fitemku-upload%2F2026417%2F16aag39w6w4ejy4oxrnx9a_thumbnail.jpg&w=1033&q=75;;
Roblox Games;Escape Tsunami for Brainrots;Rp15.000;31 terjual;Infinity Magmew Random Mutation | Escape Tsunami For Brainrots;https://imgop.itemku.com/?url=https%3A%2F%2Fd1x91p7vw3vuq8.cloudfront.net%2Fitemku-upload%2F202628%2Fdjo88dkxwo4wuu8pvbsh5m_thumbnail.jpg&w=1033&q=75;;
Roblox Games;Escape Tsunami for Brainrots;Rp1.000;30 terjual;Freezeti Cobretti | Divine;https://imgop.itemku.com/?url=https%3A%2F%2Fd1x91p7vw3vuq8.cloudfront.net%2Fitemku-upload%2F2026212%2Fuzjkjmrb1lq8lj0kct1j57_thumbnail.jpg&w=1033&q=75;;
Roblox Games;Escape Tsunami for Brainrots;Rp10.000;29 terjual;ANUBUBU (Infinity) Diamond Max lvl 200;https://imgop.itemku.com/?url=https%3A%2F%2Fd1x91p7vw3vuq8.cloudfront.net%2Fitemku-upload%2F2026222%2Fxq1iui14n3nfrbpt025jce_thumbnail.jpg&w=1033&q=75;;
Roblox Games;Escape Tsunami for Brainrots;Rp25.000;25 terjual;Diamond Anububu | Infinity Lv 230+;https://imgop.itemku.com/?url=https%3A%2F%2Fd1x91p7vw3vuq8.cloudfront.net%2Fitemku-upload%2F202632%2Ff18ydmr8d1sbufy8sgs3o7_thumbnail.jpg&w=1033&q=75;;
Roblox Games;Escape Tsunami for Brainrots;Rp4.490;22 terjual;ANUBUBU random Mutation Lvl 210++;https://imgop.itemku.com/?url=https%3A%2F%2Fd1x91p7vw3vuq8.cloudfront.net%2Fitemku-upload%2F202628%2F6gh2zbu8uc79yu3x8h1cge_thumbnail.jpg&w=1033&q=75;;
Roblox Games;Escape Tsunami for Brainrots;Rp5.000;19 terjual;Radioactive Bulbito Bandito Traktorito Level 150 ( Max Level ) Divine $1,52Sp/S;https://imgop.itemku.com/?url=https%3A%2F%2Fd1x91p7vw3vuq8.cloudfront.net%2Fitemku-upload%2F2026218%2Fzz69qmd4qc9orxje3s9j58_thumbnail.jpg&w=1033&q=75;;
Roblox Games;Grow A Garden;Rp1.999;2412 terjual;Pet Age 75;https://imgop.itemku.com/?url=https%3A%2F%2Fd1x91p7vw3vuq8.cloudfront.net%2Fitemku-upload%2F2025727%2Feetydp8jihb8rpcp3jihhf_thumbnail.jpg&w=1033&q=75;;
Roblox Games;Grow A Garden;Rp400;1277 terjual;Pet Tumbal Level 45 s/d 50 - Grow A Garden;https://imgop.itemku.com/?url=https%3A%2F%2Fd1x91p7vw3vuq8.cloudfront.net%2Fitemku-upload%2F202587%2F0yyiwx5fmphq2v2w2rov4ad_thumbnail.jpg&w=1033&q=75;;
Roblox Games;Grow A Garden;Rp2.000;1235 terjual;Dragon Fly + BONUS!! | Grow A Garden;https://imgop.itemku.com/?url=https%3A%2F%2Fd1x91p7vw3vuq8.cloudfront.net%2Fitemku-upload%2F202569%2Fugpocx84fao5zhc6imbli_thumbnail.jpg&w=1033&q=75;;
Roblox Games;Grow A Garden;Rp3.840;1071 terjual;Grow a Garden > Dragon Fly;https://imgop.itemku.com/?url=https%3A%2F%2Fd1x91p7vw3vuq8.cloudfront.net%2Fitemku-upload%2F202564%2Ffgfmntcgttflg5b7ju2ie_thumbnail.jpg&w=1033&q=75;;
Roblox Games;Grow A Garden;Rp39.900;2 terjual;HUGE EVERCHANTED PERYTON 60KG / EVERCHANTED HUGE PERYRON 60KG / HUGE EVERCHANTED PERYTON 61KG / EVERCHANTED HUGE PERYRON 61KG;https://imgop.itemku.com/?url=https%3A%2F%2Fd1x91p7vw3vuq8.cloudfront.net%2Fitemku-upload%2F2026515%2Frajv44bn5rr49vs3dtfw_thumbnail.jpg&w=1033&q=75;;
Roblox Games;Grow A Garden;Rp39.900;;HUGE VENOM MIMIC OCTOPUS 60KG / VENOM HUGE MIMIC OCTOPUS 60KG / VENOM HUGE MIMIC 60KG / HUGE VENOM MIMIC 60KG;https://imgop.itemku.com/?url=https%3A%2F%2Fd1x91p7vw3vuq8.cloudfront.net%2Fitemku-upload%2F2026517%2Fqrv7ed7497eg94pdgip26_thumbnail.jpg&w=1033&q=75;;
Roblox Games;Grow A Garden;Rp20.000;2 terjual;QUEEN BEE | GROW A GARDEN;https://imgop.itemku.com/?url=https%3A%2F%2Fd1x91p7vw3vuq8.cloudfront.net%2Fitemku-upload%2F2025815%2Fh166zxdezexmt6aripln_thumbnail.jpg&w=1033&q=75;;
Roblox Games;Grow A Garden;Rp35.000;3 terjual;Dragonfly | Grow A Garden;https://imgop.itemku.com/?url=https%3A%2F%2Fd1x91p7vw3vuq8.cloudfront.net%2Fitemku-upload%2F2025815%2Fx8mopuoo2qt67mlwl2xjwo_thumbnail.jpg&w=1033&q=75;;
Roblox Games;Grow A Garden;Rp3.000;976 terjual;Swan Grow A Garden;https://imgop.itemku.com/?url=https%3A%2F%2Fd1x91p7vw3vuq8.cloudfront.net%2Fitemku-upload%2F2025915%2F0opoam9cokcm3h454wcm6e_thumbnail.jpg&w=1033&q=75;;
Roblox Games;Grow A Garden;Rp25.000;960 terjual;Mimic Octopus;https://imgop.itemku.com/?url=https%3A%2F%2Fd1x91p7vw3vuq8.cloudfront.net%2Fitemku-upload%2F2026119%2Fox9pezkowm3qajqw7mpha_thumbnail.jpg&w=1033&q=75;;
Roblox Games;Grow A Garden;Rp23.500;959 terjual;Racoon / Raccoon / raccon | Grow a garden;https://imgop.itemku.com/?url=https%3A%2F%2Fd1x91p7vw3vuq8.cloudfront.net%2Fitemku-upload%2F202567%2F2mx3b9cizx39zhhmci0uyd_thumbnail.jpg&w=1033&q=75;;
Roblox Games;Grow A Garden;Rp5.000;817 terjual;Dragonfly;https://imgop.itemku.com/?url=https%3A%2F%2Fd1x91p7vw3vuq8.cloudfront.net%2Fitemku-upload%2F2025731%2Fnjv8gzqh8pkrlu3nbpvk8_thumbnail.jpg&w=1033&q=75;;
Roblox Games;Grow A Garden;Rp45.001;770 terjual;Corrupted Kitsune;https://imgop.itemku.com/?url=https%3A%2F%2Fd1x91p7vw3vuq8.cloudfront.net%2Fitemku-upload%2F2025728%2Fkwed0sonmmyyqgqmuu1y_thumbnail.jpg&w=1033&q=75;;
Roblox Games;Grow A Garden;Rp17.993;734 terjual;Moon Cat - Grow A Garden;https://imgop.itemku.com/?url=https%3A%2F%2Fd1x91p7vw3vuq8.cloudfront.net%2Fitemku-upload%2F2025727%2Ff18cpqvgkfu6aap8nwgngr_thumbnail.jpg&w=1033&q=75;;
Roblox Games;Grow A Garden;Rp15.000;731 terjual;T-Rex (Grow A Garden);https://imgop.itemku.com/?url=https%3A%2F%2Fd1x91p7vw3vuq8.cloudfront.net%2Fitemku-upload%2F2026428%2Fzkqs0c3w53f7m9nvx59zd_thumbnail.jpg&w=1033&q=75;;
Roblox Games;Grow A Garden;Rp5.000;646 terjual;T-Rex Grow a Garden;https://imgop.itemku.com/?url=https%3A%2F%2Fd1x91p7vw3vuq8.cloudfront.net%2Fitemku-upload%2F202579%2F2kgw0p99pat3mp9yvfcqg4_thumbnail.jpg&w=1033&q=75;;
Roblox Games;Grow A Garden;Rp120.000;1 terjual;Rainbow Echo Frog Grow A Garden;https://imgop.itemku.com/?url=https%3A%2F%2Fd1x91p7vw3vuq8.cloudfront.net%2Fitemku-upload%2F2025824%2F03escu3id219x9cxchaakto_thumbnail.jpg&w=1033&q=75;;
Roblox Games;Grow A Garden;Rp120.000;;Mega Dilophosaurus Age 100 Grow A Garden;https://imgop.itemku.com/?url=https%3A%2F%2Fd1x91p7vw3vuq8.cloudfront.net%2Fitemku-upload%2F2025824%2Fs0g0on7kmpqvo2o7lz8pf_thumbnail.jpg&w=1033&q=75;;
Roblox Games;Grow A Garden;Rp45.000;1 terjual;Aromatic Spinosaurus Grow A Garden;https://imgop.itemku.com/?url=https%3A%2F%2Fd1x91p7vw3vuq8.cloudfront.net%2Fitemku-upload%2F2025824%2Fwifg3llnbka3c4s3dtij6m_thumbnail.jpg&w=1033&q=75;;
Roblox Games;Grow A Garden;Rp99.000;;HUGE JUMBO KITSUNE 62KG / JUMBO HUGE KITSUNE 62KG / JUMBO HUGE RED KITSUNE 62KG / HUGE JUMBO RED KITSUNE 62KG / HUGE REDKIT 62KG / JUMBO REDKIT 62KG;https://imgop.itemku.com/?url=https%3A%2F%2Fd1x91p7vw3vuq8.cloudfront.net%2Fitemku-upload%2F2026516%2Fsazkwfk27qg89gn6o9lt78_thumbnail.jpg&w=1033&q=75;;
Roblox Games;Grow A Garden;Rp3.420;637 terjual;Golden Goose;https://imgop.itemku.com/?url=https%3A%2F%2Fd1x91p7vw3vuq8.cloudfront.net%2Fitemku-upload%2F2025820%2Fv8m2xpe0cvbqnymlh86bdl_thumbnail.jpg&w=1033&q=75;;
Roblox Games;Grow A Garden;Rp9.990;637 terjual;Mimic Octopus;https://imgop.itemku.com/?url=https%3A%2F%2Fd1x91p7vw3vuq8.cloudfront.net%2Fitemku-upload%2F2025626%2Fo9pr6tvbmks4hrzzzm1lb3_thumbnail.jpg&w=1033&q=75;;
Roblox Games;Grow A Garden;Rp1.500;554 terjual;Pet Tumbal Level 75 - Grow A Garden;https://imgop.itemku.com/?url=https%3A%2F%2Fd1x91p7vw3vuq8.cloudfront.net%2Fitemku-upload%2F2025810%2F60qni9gq0p5qb3zbyc9qv_thumbnail.jpg&w=1033&q=75;;
Roblox Games;Grow A Garden;Rp20.000;535 terjual;Racoon || Grow A Garden;https://imgop.itemku.com/?url=https%3A%2F%2Fd1x91p7vw3vuq8.cloudfront.net%2Fitemku-upload%2F2025528%2Fs31d5d10gvnmlx6er9xjag_thumbnail.jpg&w=1033&q=75;;
Roblox Games;Grow A Garden;Rp9.000;513 terjual;Praying Mantis - Grow A Garden;https://imgop.itemku.com/?url=https%3A%2F%2Fd1x91p7vw3vuq8.cloudfront.net%2Fitemku-upload%2F202558%2Fn0jb3avs2510jdm6x9usyn_thumbnail.jpg&w=1033&q=75;;
Roblox Games;Grow A Garden;Rp11.500;489 terjual;Butterfly Grow a Garden;https://imgop.itemku.com/?url=https%3A%2F%2Fd1x91p7vw3vuq8.cloudfront.net%2Fitemku-upload%2F202568%2Fiym146set4v3v6rzioted_thumbnail.jpg&w=1033&q=75;;
Roblox Games;Grow A Garden;Rp21.500;480 terjual;Kitsune / red kitsune (prismatic) | Grow a Garden;https://imgop.itemku.com/?url=https%3A%2F%2Fd1x91p7vw3vuq8.cloudfront.net%2Fitemku-upload%2F202583%2Fjzvlloq2h6m2f2uh6atin_thumbnail.jpg&w=1033&q=75;;
Roblox Games;Grow A Garden;Rp8.000;459 terjual;Titan Peacock;https://imgop.itemku.com/?url=https%3A%2F%2Fd1x91p7vw3vuq8.cloudfront.net%2Fitemku-upload%2F2026425%2Frt43me19jbbigg1gtc65na_thumbnail.jpg&w=1033&q=75;;
Roblox Games;Grow A Garden;Rp99.900;;COLOSAL NIGHTMARE ORANGE TABBY 110KG / NIGHTMARE COLOSAL ORANGE TABBY 110KG / ORANGE TABBY 5SECOND / TABBY 5S / TABBY MAX PASIF / TABBY CD 5S;https://imgop.itemku.com/?url=https%3A%2F%2Fd1x91p7vw3vuq8.cloudfront.net%2Fitemku-upload%2F2026520%2Ffo12nsgv1yognhxm4cmx_thumbnail.jpg&w=1033&q=75;;
Roblox Games;Grow A Garden;Rp99.900;;COLOSAL MEGA CUCKOO 111KG / MEGA COLOSAL CUCKO 111KG / GODLY MEGA CUCKOO 111KG / MEGA GODLY CUCKOO 111KG;https://imgop.itemku.com/?url=https%3A%2F%2Fd1x91p7vw3vuq8.cloudfront.net%2Fitemku-upload%2F2026520%2Fxyxhu5llm899ysmf99ex6_thumbnail.jpg&w=1033&q=75;;
Roblox Games;Grow A Garden;Rp60.000;;Mega Mooncat Grow A Garden;https://imgop.itemku.com/?url=https%3A%2F%2Fd1x91p7vw3vuq8.cloudfront.net%2Fitemku-upload%2F2025818%2Fwp3fgdyl7h8l37pmjmxtt_thumbnail.jpg&w=1033&q=75;;
Roblox Games;Grow A Garden;Rp150.475;;Gilded Choc Peryton 38KG+;https://imgop.itemku.com/?url=https%3A%2F%2Fd1x91p7vw3vuq8.cloudfront.net%2Fitemku-upload%2F2026425%2Fx3s97y3ndmbi8fk0acl3q_thumbnail.jpg&w=1033&q=75;;
Roblox Games;Anime Vanguards;Rp14.100;;Extra Unit Storage;https://imgop.itemku.com/?url=https%3A%2F%2Fd1x91p7vw3vuq8.cloudfront.net%2Fitem-type%2F202648%2Fjmgwpkr8ypho1wv2paxo79.webp&w=96&q=75;;
Roblox Games;Anime Vanguards;Rp142.890;;Shiny Hunter;https://imgop.itemku.com/?url=https%3A%2F%2Fd1x91p7vw3vuq8.cloudfront.net%2Fitem-type%2F202648%2Fhq1jsaue0iaq594c76nm9.webp&w=96&q=75;;
Roblox Games;Anime Vanguards;Rp29.900;;VIP;https://imgop.itemku.com/?url=https%3A%2F%2Fd1x91p7vw3vuq8.cloudfront.net%2Fitem-type%2F202648%2Fh5gfne4appxc9au15ixx.webp&w=96&q=75;;
Roblox Games;Anime Vanguards;Rp65.890;;Display All Units;https://imgop.itemku.com/?url=https%3A%2F%2Fd1x91p7vw3vuq8.cloudfront.net%2Fitem-type%2F202648%2Fnbrg8vojemlgr5ikqqci.webp&w=96&q=75;;
Roblox Games;Anime Vanguards;Rp79.101;;Premium Pass;https://imgop.itemku.com/?url=https%3A%2F%2Fd1x91p7vw3vuq8.cloudfront.net%2Fitem-type%2F202648%2F21mhycfspz58dmhn66cihp.webp&w=96&q=75;;
Akun;Clash of Clans;Rp78.000;1087 terjual;Town Hall 11;https://imgop.itemku.com/?url=https%3A%2F%2Fd1x91p7vw3vuq8.cloudfront.net%2Fitemku-upload%2F2026520%2Fop7dse9mx5q2wbdpoexqr_thumbnail.jpg&w=1033&q=75;;
Akun;Clash of Clans;Rp49.000;283 terjual;Town Hall 12 Donasi Murah&Aman;https://imgop.itemku.com/?url=https%3A%2F%2Fd1x91p7vw3vuq8.cloudfront.net%2Fitemku-upload%2F2026521%2Fg4h41xy6ja82o68pz6ffmx_thumbnail.jpg&w=1033&q=75;;
Akun;Clash of Clans;Rp50.000;238 terjual;Town Hall 11 Murah & Aman;https://imgop.itemku.com/?url=https%3A%2F%2Fd1x91p7vw3vuq8.cloudfront.net%2Fitemku-upload%2F2026520%2Foyqw3winmjkrxbykfynjmn_thumbnail.jpg&w=1033&q=75;;
Akun;Clash of Clans;Rp6.000;228 terjual;Town Hall 2 Fresh Full Max;https://imgop.itemku.com/?url=https%3A%2F%2Fd1x91p7vw3vuq8.cloudfront.net%2Fitemku-upload%2F202543%2Fu3iql32w4y9eu6wx582gyu_thumbnail.jpg&w=1033&q=75;;
Akun;Clash of Clans;Rp5.000.000;;COC TH 18 GG Base & TROPS SIAP PAKAI Aman Supercell ID |Deff Mantap | TERLIHAT | MURAH BANGET & JOSS | IOS & ANDROID;https://imgop.itemku.com/?url=https%3A%2F%2Fd1x91p7vw3vuq8.cloudfront.net%2Fitemku-upload%2F2025129%2Fosgxfdi78zfi8utgwlmak_thumbnail.jpg&w=1033&q=75;;
Akun;Clash of Clans;Rp3.340.000;;2 SCENERY | TH18 ALL MOST | EXP 241 | SHIVU | HERO 105 105 81 80 55 | GEMS 1417 | CN 1000;https://imgop.itemku.com/?url=https%3A%2F%2Fd1x91p7vw3vuq8.cloudfront.net%2Fitemku-upload%2F2026516%2Fl7tu8h4j008r4k39y6fv4_thumbnail.jpg&w=1033&q=75;;
Akun;Clash of Clans;Rp1.000.000;;TH 17 XP 230 | Strong Heroes | High Hero Equipment | Medium Base | 2K Gems | Ready to Play;https://imgop.itemku.com/?url=https%3A%2F%2Fd1x91p7vw3vuq8.cloudfront.net%2Fitemku-upload%2F2026320%2Fhma5hs5lr9v400nb5tkr55_thumbnail.jpg&w=1033&q=75;;
Akun;Clash of Clans;Rp4.000.000;;LIMITED LATAR ||5012 WAR STAR|| TH18 XP 259||5 HEROES MAXED|| EQUIPMENT EPIC MAXED ||GOOD DEFFENT AND TROOPS FOR WAR;https://imgop.itemku.com/?url=https%3A%2F%2Fd1x91p7vw3vuq8.cloudfront.net%2Fitemku-upload%2F2026510%2Fkyg85hyzwrnlmey9ivybjp_thumbnail.jpg&w=1033&q=75;;
Akun;Clash of Clans;Rp17.000;204 terjual;Town Hall 13 | BUILDER 4;https://imgop.itemku.com/?url=https%3A%2F%2Fd1x91p7vw3vuq8.cloudfront.net%2Fitemku-upload%2F202645%2Foas56gfusv8l8o5afiyxu_thumbnail.jpg&w=1033&q=75;;
Akun;Clash of Clans;Rp95.000;170 terjual;Town Hall 13 DONASI;https://imgop.itemku.com/?url=https%3A%2F%2Fd1x91p7vw3vuq8.cloudfront.net%2Fitemku-upload%2F2026521%2Fkj7hrqwxgguyx5aakcp2_thumbnail.jpg&w=1033&q=75;;
Akun;Clash of Clans;Rp12.000;153 terjual;Town Hall 3 Fresh Full Max;https://imgop.itemku.com/?url=https%3A%2F%2Fd1x91p7vw3vuq8.cloudfront.net%2Fitemku-upload%2F2024626%2F2pjqlk9kxssq1bfu5agq9g_thumbnail.jpg&w=1033&q=75;;
Akun;Clash of Clans;Rp65.000;140 terjual;TH 12 MURAH & AMAN;https://imgop.itemku.com/?url=https%3A%2F%2Fd1x91p7vw3vuq8.cloudfront.net%2Fitemku-upload%2F2026516%2Fvo8r8i2t95ell60p96dg7_thumbnail.jpg&w=1033&q=75;;
Akun;Clash of Clans;Rp85.000;139 terjual;Town Hall 12;https://imgop.itemku.com/?url=https%3A%2F%2Fd1x91p7vw3vuq8.cloudfront.net%2Fitemku-upload%2F2026521%2Fshoivc6nx5bsbh6ztzld0p_thumbnail.jpg&w=1033&q=75;;
Akun;Clash of Clans;Rp14.520;138 terjual;Town Hall 12-13 | 3-5 Builder - Clash Of Clan;https://imgop.itemku.com/?url=https%3A%2F%2Fd1x91p7vw3vuq8.cloudfront.net%2Fitemku-upload%2F202634%2Fudu09ma3ol1pry1yqcpn5_thumbnail.jpg&w=1033&q=75;;
Akun;Clash of Clans;Rp2.222;119 terjual;Town Hall 2;https://imgop.itemku.com/?url=https%3A%2F%2Fd1x91p7vw3vuq8.cloudfront.net%2Fitemku-upload%2F20251118%2Fwe6vz4owcchirkji6w5al_thumbnail.jpg&w=1033&q=75;;
Akun;Clash of Clans;Rp78.000;114 terjual;Town Hall 11 Pertahanan Bagus;https://imgop.itemku.com/?url=https%3A%2F%2Fd1x91p7vw3vuq8.cloudfront.net%2Fitemku-upload%2F2026518%2Fkv2p8a82b7hmnnncgzrxz_thumbnail.jpg&w=1033&q=75;;
Akun;Clash of Clans;Rp1.200.000;;COC TH 14 GG ALLMAX Base & TROPS SIAP PAKAI Aman Supercell ID |Deff Mantap | TERLIHAT | MURAH BANGET & JOSS | IOS & ANDROID;https://imgop.itemku.com/?url=https%3A%2F%2Fd1x91p7vw3vuq8.cloudfront.net%2Fitemku-upload%2F2025812%2F3u88q3r2oqq1qg79gxpvdp_thumbnail.jpg&w=1033&q=75;;
Akun;Clash of Clans;Rp500.000;;Town Hall 16 Hero Super GG / Siap War / Akun Mantap;https://imgop.itemku.com/?url=https%3A%2F%2Fd1x91p7vw3vuq8.cloudfront.net%2Fitemku-upload%2F20251214%2Fjbn81ci74yet6w4m6247ym_thumbnail.jpg&w=1033&q=75;;
Akun;Clash of Clans;Rp500.000;1 terjual;COC TH 13 GG ALLMAX Base & TROPS SIAP PAKAI Aman Supercell ID |Deff Mantap | TERLIHAT | MURAH BANGET & JOSS | IOS & ANDROID;https://imgop.itemku.com/?url=https%3A%2F%2Fd1x91p7vw3vuq8.cloudfront.net%2Fitemku-upload%2F2025812%2Fa9n602xuzc6nt6q2h62pe_thumbnail.jpg&w=1033&q=75;;
Akun;Clash of Clans;Rp700.000;1 terjual;Town Hall 16 Semi Max / Deff dan Pasukan GG;https://imgop.itemku.com/?url=https%3A%2F%2Fd1x91p7vw3vuq8.cloudfront.net%2Fitemku-upload%2F2026418%2Fd2eod282jbf9xq4s6m9iyi_thumbnail.jpg&w=1033&q=75;;
Akun;Clash of Clans;Rp27.000;94 terjual;Town Hall 14;https://imgop.itemku.com/?url=https%3A%2F%2Fd1x91p7vw3vuq8.cloudfront.net%2Fitemku-upload%2F2026313%2Ftz1zl9vxo4c1sapzzyyl8_thumbnail.jpg&w=1033&q=75;;
Akun;Clash of Clans;Rp145.000;88 terjual;TH 13 MURAH & AMAN #2;https://imgop.itemku.com/?url=https%3A%2F%2Fd1x91p7vw3vuq8.cloudfront.net%2Fitemku-upload%2F2026521%2F4whml6tea2ucx8jrp3kc1w_thumbnail.jpg&w=1033&q=75;;
Akun;Clash of Clans;Rp165.000;64 terjual;TH 16 Donasi Pasukan Bagus - Murah & Bergaransi;https://imgop.itemku.com/?url=https%3A%2F%2Fd1x91p7vw3vuq8.cloudfront.net%2Fitemku-upload%2F2026517%2Fgnirm5lhz3rqn7ld9qjzgd_thumbnail.jpg&w=1033&q=75;;
Akun;Clash of Clans;Rp99.000;58 terjual;TH 12 MURAH & BERKUALITAS;https://imgop.itemku.com/?url=https%3A%2F%2Fd1x91p7vw3vuq8.cloudfront.net%2Fitemku-upload%2F2026426%2Foozbdqm74xojdenvs2nh5i_thumbnail.jpg&w=1033&q=75;;
Akun;Clash of Clans;Rp48.000;56 terjual;Town Hall 16 | BUILDER 5 | GEMS 2000;https://imgop.itemku.com/?url=https%3A%2F%2Fd1x91p7vw3vuq8.cloudfront.net%2Fitemku-upload%2F2026317%2Fdw0wfw2v0n85crvccfk5zq_thumbnail.jpg&w=1033&q=75;;
Akun;Clash of Clans;Rp90.000;54 terjual;Town Hall 12 MURAH AJA;https://imgop.itemku.com/?url=https%3A%2F%2Fd1x91p7vw3vuq8.cloudfront.net%2Fitemku-upload%2F2026522%2Fc0ec77gapkb3yr9c5nifih_thumbnail.jpg&w=1033&q=75;;
Akun;Clash of Clans;Rp15.000;53 terjual;Town Hall 11;https://imgop.itemku.com/?url=https%3A%2F%2Fd1x91p7vw3vuq8.cloudfront.net%2Fitemku-upload%2F2026218%2Fnm98nd5eu7sk9lxv5s3lh_thumbnail.jpg&w=1033&q=75;;
Akun;Clash of Clans;Rp100.000;53 terjual;Town Hall 11 Max Hero 50 || 50 Murah;https://imgop.itemku.com/?url=https%3A%2F%2Fd1x91p7vw3vuq8.cloudfront.net%2Fitemku-upload%2F2026522%2F7hehtdv000vd5a4mvx1rkw_thumbnail.jpg&w=1033&q=75;;
Akun;Clash of Clans;Rp200.000;;Town Hall 13 Hampir Max - Siap War;https://imgop.itemku.com/?url=https%3A%2F%2Fd1x91p7vw3vuq8.cloudfront.net%2Fitemku-upload%2F20251121%2Fcp7vb0ppu0k4lajemz742_thumbnail.jpg&w=1033&q=75;;
Akun;Clash of Clans;Rp4.500.000;;COC TH 17 GG HAMPIR ALLMAX Base & TROPS SIAP PAKAI Aman Supercell ID |Deff Mantap | TERLIHAT | MURAH BANGET & JOSS | IOS & ANDROID;https://imgop.itemku.com/?url=https%3A%2F%2Fd1x91p7vw3vuq8.cloudfront.net%2Fitemku-upload%2F202589%2Fxdxd76sv9so2oxy6gtodnd_thumbnail.jpg&w=1033&q=75;;
Akun;Clash of Clans;Rp4.500.000;;COC TH 17 GG ALLMAXX GEAR EPIC BANYAK MURAH ABIEZZ DIJAMIN AMAN 1000%;https://imgop.itemku.com/?url=https%3A%2F%2Fd1x91p7vw3vuq8.cloudfront.net%2Fitemku-upload%2F2025123%2Fgokyhmzndghhuhf9xl0w2n_thumbnail.jpg&w=1033&q=75;;
Akun;Clash of Clans;Rp2.299.000;;MAX GUARDIANS | MAX DEFF AND WALL | TH18 SEMI MAX | EXP 231 | YAHIKO | HERO 100 105 91 80 52 9 | GEMS 308 | CN 1000;https://imgop.itemku.com/?url=https%3A%2F%2Fd1x91p7vw3vuq8.cloudfront.net%2Fitemku-upload%2F2026317%2Fft6ts0wwkc5h5eu68lg5mg_thumbnail.jpg&w=1033&q=75;;
Akun;Roblox;Rp1.300;3385 terjual;AKUN RBL POLOSAN 13+;https://imgop.itemku.com/?url=https%3A%2F%2Fd1x91p7vw3vuq8.cloudfront.net%2Fitem-type%2F20251119%2Fra02yrofmna7s967schpm4.png&w=1033&q=75;;
Akun;Roblox;Rp9.999;2465 terjual;AKUN RBL VOICE CHAT;https://imgop.itemku.com/?url=https%3A%2F%2Fd1x91p7vw3vuq8.cloudfront.net%2Fitem-type%2F20251119%2Fra02yrofmna7s967schpm4.png&w=1033&q=75;;
Akun;Roblox;Rp888;1827 terjual;AKUN RBL POLOSAN 13+ ( 30 Days );https://imgop.itemku.com/?url=https%3A%2F%2Fd1x91p7vw3vuq8.cloudfront.net%2Fitem-type%2F20251119%2Fra02yrofmna7s967schpm4.png&w=1033&q=75;;
Akun;Roblox;Rp1.500;1446 terjual;Akun Roblox Polos 13+ [Akun Tahun 2024];https://imgop.itemku.com/?url=https%3A%2F%2Fd1x91p7vw3vuq8.cloudfront.net%2Fitem-type%2F20251119%2Fra02yrofmna7s967schpm4.png&w=1033&q=75;;
Akun;Roblox;Rp155.000;1 terjual;Akun Ro Ghoul - Max Level (Ghoul);https://imgop.itemku.com/?url=https%3A%2F%2Fd1x91p7vw3vuq8.cloudfront.net%2Fitem-type%2F20251119%2Fra02yrofmna7s967schpm4.png&w=1033&q=75;;
Akun;Roblox;Rp2.400;593 terjual;AKUN RBL 6 DIGIT USERNAME 13+;https://imgop.itemku.com/?url=https%3A%2F%2Fd1x91p7vw3vuq8.cloudfront.net%2Fitem-type%2F20251119%2Fra02yrofmna7s967schpm4.png&w=1033&q=75;;
Akun;Roblox;Rp240.000;;Akun Slap Battle (86K Slap);https://imgop.itemku.com/?url=https%3A%2F%2Fd1x91p7vw3vuq8.cloudfront.net%2Fitem-type%2F20251119%2Fra02yrofmna7s967schpm4.png&w=1033&q=75;;
Akun;Roblox;Rp250.000;;Akun Ro Ghoul Max Level CCG-Ghoul;https://imgop.itemku.com/?url=https%3A%2F%2Fd1x91p7vw3vuq8.cloudfront.net%2Fitem-type%2F20251119%2Fra02yrofmna7s967schpm4.png&w=1033&q=75;;
Akun;Roblox;Rp3.200;1314 terjual;AKUN RBL 5 DIGIT USERNAME 13+;https://imgop.itemku.com/?url=https%3A%2F%2Fd1x91p7vw3vuq8.cloudfront.net%2Fitem-type%2F20251119%2Fra02yrofmna7s967schpm4.png&w=1033&q=75;;
Akun;Roblox;Rp10.000;1073 terjual;AKUN RBL VOICE CHAT ON 18+;https://imgop.itemku.com/?url=https%3A%2F%2Fd1x91p7vw3vuq8.cloudfront.net%2Fitem-type%2F20251119%2Fra02yrofmna7s967schpm4.png&w=1033&q=75;;
Akun;Roblox;Rp15.000;827 terjual;Akun Roblox Voice Chat 21+ Verified;https://imgop.itemku.com/?url=https%3A%2F%2Fd1x91p7vw3vuq8.cloudfront.net%2Fitem-type%2F20251119%2Fra02yrofmna7s967schpm4.png&w=1033&q=75;;
Akun;Roblox;Rp2.000;789 terjual;AKUN RBL 5 DIGIT USERNAME;https://imgop.itemku.com/?url=https%3A%2F%2Fd1x91p7vw3vuq8.cloudfront.net%2Fitem-type%2F20251119%2Fra02yrofmna7s967schpm4.png&w=1033&q=75;;
Akun;Roblox;Rp1.500;782 terjual;Akun Roblox Polos 13+ [Akun Tahun 2023];https://imgop.itemku.com/?url=https%3A%2F%2Fd1x91p7vw3vuq8.cloudfront.net%2Fitem-type%2F20251119%2Fra02yrofmna7s967schpm4.png&w=1033&q=75;;
Akun;Roblox;Rp850;771 terjual;Akun Polosan RBL 13+;https://imgop.itemku.com/?url=https%3A%2F%2Fd1x91p7vw3vuq8.cloudfront.net%2Fitem-type%2F20251119%2Fra02yrofmna7s967schpm4.png&w=1033&q=75;;
Akun;Roblox;Rp14.500;349 terjual;Akun RBL Voice Chat;https://imgop.itemku.com/?url=https%3A%2F%2Fd1x91p7vw3vuq8.cloudfront.net%2Fitem-type%2F20251119%2Fra02yrofmna7s967schpm4.png&w=1033&q=75;;
Akun;Roblox;Rp7.500;269 terjual;Akun Roblox 21+ Bisa Voice Chat Data Polos;https://imgop.itemku.com/?url=https%3A%2F%2Fd1x91p7vw3vuq8.cloudfront.net%2Fitem-type%2F20251119%2Fra02yrofmna7s967schpm4.png&w=1033&q=75;;
Akun;Roblox;Rp312.500;5 terjual;Akun ROBLOX $5M Bloxburg Cash - Welcome to Bloxburg - ROBLOX;https://imgop.itemku.com/?url=https%3A%2F%2Fd1x91p7vw3vuq8.cloudfront.net%2Fitem-type%2F20251119%2Fra02yrofmna7s967schpm4.png&w=1033&q=75;;
Akun;Roblox;Rp55.000;26 terjual;AKUN RBL 2010 MURAH;https://imgop.itemku.com/?url=https%3A%2F%2Fd1x91p7vw3vuq8.cloudfront.net%2Fitem-type%2F20251119%2Fra02yrofmna7s967schpm4.png&w=1033&q=75;;
Akun;Roblox;Rp295.000;;Akun Slap Battle (112K Slap);https://imgop.itemku.com/?url=https%3A%2F%2Fd1x91p7vw3vuq8.cloudfront.net%2Fitem-type%2F20251119%2Fra02yrofmna7s967schpm4.png&w=1033&q=75;;
Akun;Roblox;Rp300.000;;Akun Slap Battle (115K Slap);https://imgop.itemku.com/?url=https%3A%2F%2Fd1x91p7vw3vuq8.cloudfront.net%2Fitem-type%2F20251119%2Fra02yrofmna7s967schpm4.png&w=1033&q=75;;
Akun;Roblox;Rp6.500;248 terjual;Akun RBL Bisa Voice+Chat 21+;https://imgop.itemku.com/?url=https%3A%2F%2Fd1x91p7vw3vuq8.cloudfront.net%2Fitem-type%2F20251119%2Fra02yrofmna7s967schpm4.png&w=1033&q=75;;
Akun;Roblox;Rp8.500;233 terjual;AKUN POLOS TAXI BOSS 10M MONEY;https://imgop.itemku.com/?url=https%3A%2F%2Fd1x91p7vw3vuq8.cloudfront.net%2Fitem-type%2F20251119%2Fra02yrofmna7s967schpm4.png&w=1033&q=75;;
Akun;Roblox;Rp8.250;215 terjual;AKUN RBL VOICE CHAT ON 18+ ( Termurah );https://imgop.itemku.com/?url=https%3A%2F%2Fd1x91p7vw3vuq8.cloudfront.net%2Fitem-type%2F20251119%2Fra02yrofmna7s967schpm4.png&w=1033&q=75;;
Akun;Roblox;Rp2.000;174 terjual;AKUN RBL NAMA 6 HURUF POLOS 13+;https://imgop.itemku.com/?url=https%3A%2F%2Fd1x91p7vw3vuq8.cloudfront.net%2Fitem-type%2F20251119%2Fra02yrofmna7s967schpm4.png&w=1033&q=75;;
Akun;Roblox;Rp30.000;141 terjual;AKUN RBL VOICE CHAT / ON MIC;https://imgop.itemku.com/?url=https%3A%2F%2Fd1x91p7vw3vuq8.cloudfront.net%2Fitem-type%2F20251119%2Fra02yrofmna7s967schpm4.png&w=1033&q=75;;
Akun;Roblox;Rp3.000;138 terjual;Akun RBL Username 5 Digit 13+ POLOSAN;https://imgop.itemku.com/?url=https%3A%2F%2Fd1x91p7vw3vuq8.cloudfront.net%2Fitem-type%2F20251119%2Fra02yrofmna7s967schpm4.png&w=1033&q=75;;
Akun;Roblox;Rp500.000;116 terjual;akun RBL GG #2;https://imgop.itemku.com/?url=https%3A%2F%2Fd1x91p7vw3vuq8.cloudfront.net%2Fitem-type%2F20251119%2Fra02yrofmna7s967schpm4.png&w=1033&q=75;;
Akun;Roblox;Rp2.000;114 terjual;AKUN RBL 5 DIGIT USERNAME;https://imgop.itemku.com/?url=https%3A%2F%2Fd1x91p7vw3vuq8.cloudfront.net%2Fitem-type%2F20251119%2Fra02yrofmna7s967schpm4.png&w=1033&q=75;;
Akun;Roblox;Rp62.500;18 terjual;Akun ROBLOX $1M Bloxburg Cash - Welcome to Bloxburg - ROBLOX;https://imgop.itemku.com/?url=https%3A%2F%2Fd1x91p7vw3vuq8.cloudfront.net%2Fitem-type%2F20251119%2Fra02yrofmna7s967schpm4.png&w=1033&q=75;;
Akun;Roblox;Rp20.000;44 terjual;AKUN Roblox POLOS 18+ VOICE CHAT ON;https://imgop.itemku.com/?url=https%3A%2F%2Fd1x91p7vw3vuq8.cloudfront.net%2Fitem-type%2F20251119%2Fra02yrofmna7s967schpm4.png&w=1033&q=75;;
Akun;Roblox;Rp17.500;81 terjual;AKUN Roblox POLOS 21+ VOICE CHAT ON;https://imgop.itemku.com/?url=https%3A%2F%2Fd1x91p7vw3vuq8.cloudfront.net%2Fitem-type%2F20251119%2Fra02yrofmna7s967schpm4.png&w=1033&q=75;;
Akun;Roblox;Rp2.400;374 terjual;AKUN RBL POLOSAN 13+ (20 Days);https://imgop.itemku.com/?url=https%3A%2F%2Fd1x91p7vw3vuq8.cloudfront.net%2Fitem-type%2F20251119%2Fra02yrofmna7s967schpm4.png&w=1033&q=75;;
Akun;Blox Fruits;Rp11.800;123224 terjual;Akun Blox Fruit [Level MAX];https://imgop.itemku.com/?url=https%3A%2F%2Fd1x91p7vw3vuq8.cloudfront.net%2Fitemku-upload%2F20251023%2F4sxyutrsej2k8xgiyql94_thumbnail.jpg&w=1033&q=75;;
Akun;Blox Fruits;Rp11.900;65650 terjual;Akun Blox Fruit GODHUMAN [Level MAX];https://imgop.itemku.com/?url=https%3A%2F%2Fd1x91p7vw3vuq8.cloudfront.net%2Fitemku-upload%2F20251023%2Fs7lxbsswouxmsyvs73sn8_thumbnail.jpg&w=1033&q=75;;
Akun;Blox Fruits;Rp1.700;52454 terjual;Akun Blox Fruit Level 1000! Bonus Fruit in Inventory !;https://imgop.itemku.com/?url=https%3A%2F%2Fd1x91p7vw3vuq8.cloudfront.net%2Fitemku-upload%2F2025710%2Ff0mn1u9dhza0o6j9rn477hc_thumbnail.jpg&w=1033&q=75;;
Akun;Blox Fruits;Rp21.900;34321 terjual;Akun Blox Fruit GODHUMAN+CURSED DUAL KATANA [Level MAX];https://imgop.itemku.com/?url=https%3A%2F%2Fd1x91p7vw3vuq8.cloudfront.net%2Fitemku-upload%2F2026327%2F5yr19mc8p8rgl0ldivsx8l_thumbnail.jpg&w=1033&q=75;;
Akun;Blox Fruits;Rp1.000.000;1 terjual;AKUN PERMANENT DRAGON EASTERN & WESTERN #21;https://imgop.itemku.com/?url=https%3A%2F%2Fd1x91p7vw3vuq8.cloudfront.net%2Fitemku-upload%2F2026213%2F4ux1yhp0hokggenm4qarff_thumbnail.jpg&w=1033&q=75;;
Akun;Blox Fruits;Rp600.000;;AKUN PERMANENT DRAGON + GAS + DOUGH + LIGHTNING + BUDDHA ( TOTAL 9 PERMANENT );https://imgop.itemku.com/?url=https%3A%2F%2Fd1x91p7vw3vuq8.cloudfront.net%2Fitemku-upload%2F2026514%2Frd50xlr0r1vorh172srb_thumbnail.jpg&w=1033&q=75;;
Akun;Blox Fruits;Rp900.000;;AKUN PERMANENT DRAGON SULTAN #2;https://imgop.itemku.com/?url=https%3A%2F%2Fd1x91p7vw3vuq8.cloudfront.net%2Fitemku-upload%2F2026516%2Fqd56pal50p9umuk58skkm_thumbnail.jpg&w=1033&q=75;;
Akun;Blox Fruits;Rp755.000;5 terjual;AKUN BLOX FRUIT PERM DRAGON+DLL;https://imgop.itemku.com/?url=https%3A%2F%2Fd1x91p7vw3vuq8.cloudfront.net%2Fitemku-upload%2F2026426%2Fzdiota0n6f9wfgws8cg1n_thumbnail.jpg&w=1033&q=75;;
Akun;Blox Fruits;Rp28.900;30304 terjual;Akun Blox Fruit GODHUMAN+CURSED DUAL KATANA+SOUL GUITAR [Level MAX];https://imgop.itemku.com/?url=https%3A%2F%2Fd1x91p7vw3vuq8.cloudfront.net%2Fitemku-upload%2F20251023%2F6fwmnwy262fviuxok2jgd_thumbnail.jpg&w=1033&q=75;;
Akun;Blox Fruits;Rp44.900;23872 terjual;Akun Blox Fruit Level Max Bonus Race Awakening V4 T1 (Godhuman);https://imgop.itemku.com/?url=https%3A%2F%2Fd1x91p7vw3vuq8.cloudfront.net%2Fitemku-upload%2F202642%2Ff3ark1pfiawwolkmtnx5_thumbnail.jpg&w=1033&q=75;;
Akun;Blox Fruits;Rp48.900;20550 terjual;AKUN BLOX FRUIT RACE AWAKENING V4 T10 (FULL GEAR) [LEVEL MAX];https://imgop.itemku.com/?url=https%3A%2F%2Fd1x91p7vw3vuq8.cloudfront.net%2Fitemku-upload%2F202642%2F0zth2t5m0vhru0dtanak9f_thumbnail.jpg&w=1033&q=75;;
Akun;Blox Fruits;Rp1.600;17528 terjual;Akun Level 1000 + Bonus Fruit Di Inventory + Bonus Melee;https://imgop.itemku.com/?url=https%3A%2F%2Fd1x91p7vw3vuq8.cloudfront.net%2Fitemku-upload%2F2026219%2Fcq4eq1vde2g5jld9aalvwn_thumbnail.jpg&w=1033&q=75;;
Akun;Blox Fruits;Rp33.900;17412 terjual;Akun Blox Fruit GODHUMAN + SHARK ANCHOR [Level MAX];https://imgop.itemku.com/?url=https%3A%2F%2Fd1x91p7vw3vuq8.cloudfront.net%2Fitemku-upload%2F2026327%2Fkn2adnuvvzfjefn4utmvy_thumbnail.jpg&w=1033&q=75;;
Akun;Blox Fruits;Rp32.900;12664 terjual;Akun Blox Fruit FULL AWAKEN DOUGH [Level MAX];https://imgop.itemku.com/?url=https%3A%2F%2Fd1x91p7vw3vuq8.cloudfront.net%2Fitemku-upload%2F2026327%2Firvl1kgf7rg6agnza5lkg_thumbnail.jpg&w=1033&q=75;;
Akun;Blox Fruits;Rp15.900;11245 terjual;Akun Blox Fruit T-REX [Level MAX];https://imgop.itemku.com/?url=https%3A%2F%2Fd1x91p7vw3vuq8.cloudfront.net%2Fitemku-upload%2F2026327%2F5ieq20we08p9u1ujx2u2v_thumbnail.jpg&w=1033&q=75;;
Akun;Blox Fruits;Rp11.600;9815 terjual;Akun Blox Fruit - Level MAX - GODHUMAN - Third SEA / SEA 3;https://imgop.itemku.com/?url=https%3A%2F%2Fd1x91p7vw3vuq8.cloudfront.net%2Fitemku-upload%2F2026310%2F6jgfdkxinvk84xasih7uhn_thumbnail.jpg&w=1033&q=75;;
Akun;Blox Fruits;Rp800.000;4 terjual;AKUN SULTAN MAKSIMAL;https://imgop.itemku.com/?url=https%3A%2F%2Fd1x91p7vw3vuq8.cloudfront.net%2Fitemku-upload%2F2026426%2Ftagemk5rfne72o646bvahh_thumbnail.jpg&w=1033&q=75;;
Akun;Blox Fruits;Rp950.000;3 terjual;AKUN PERMANENT DRAGON EASTERN & WESTERN #3;https://imgop.itemku.com/?url=https%3A%2F%2Fd1x91p7vw3vuq8.cloudfront.net%2Fitemku-upload%2F202655%2Fm5x0na1t1s4iz37ca9elt_thumbnail.jpg&w=1033&q=75;;
Akun;Blox Fruits;Rp900.000;3 terjual;AKUN PERMANENT DRAGON EASTERN & WESTERN #24;https://imgop.itemku.com/?url=https%3A%2F%2Fd1x91p7vw3vuq8.cloudfront.net%2Fitemku-upload%2F2026213%2Fsc65tw6svijieb9vixh2an_thumbnail.jpg&w=1033&q=75;;
Akun;Blox Fruits;Rp1.100.000;2 terjual;AKUN BLOX FRUIT GG;https://imgop.itemku.com/?url=https%3A%2F%2Fd1x91p7vw3vuq8.cloudfront.net%2Fitemku-upload%2F2026417%2Ffb36y8co9ulip50b3d1je8_thumbnail.jpg&w=1033&q=75;;
Akun;Blox Fruits;Rp7.950;9323 terjual;AKUN LEVEL MAX GODHUMAN;https://imgop.itemku.com/?url=https%3A%2F%2Fd1x91p7vw3vuq8.cloudfront.net%2Fitemku-upload%2F202647%2Fk77g93ckkk69m4wwk39h6_thumbnail.jpg&w=1033&q=75;;
Akun;Blox Fruits;Rp7.990;8343 terjual;Akun Blox Fruit Level Max - GODHUMAN;https://imgop.itemku.com/?url=https%3A%2F%2Fd1x91p7vw3vuq8.cloudfront.net%2Fitemku-upload%2F202628%2Fmc256zop7tld1mzzqnkzm_thumbnail.jpg&w=1033&q=75;;
Akun;Blox Fruits;Rp32.900;6397 terjual;Akun Blox Fruit KITSUNE [Level MAX];https://imgop.itemku.com/?url=https%3A%2F%2Fd1x91p7vw3vuq8.cloudfront.net%2Fitemku-upload%2F2026327%2F3bu95zjm1w6wtfvthlgdwf_thumbnail.jpg&w=1033&q=75;;
Akun;Blox Fruits;Rp35.900;5888 terjual;Akun Blox Fruit GODHUMAN + SHARK ANCHOR + CDK [Level MAX];https://imgop.itemku.com/?url=https%3A%2F%2Fd1x91p7vw3vuq8.cloudfront.net%2Fitemku-upload%2F2026327%2F1lf3bfvcup5z5lycfkt29_thumbnail.jpg&w=1033&q=75;;
Akun;Blox Fruits;Rp15.900;4871 terjual;Akun Blox Fruit MAMMOTH [Level MAX];https://imgop.itemku.com/?url=https%3A%2F%2Fd1x91p7vw3vuq8.cloudfront.net%2Fitemku-upload%2F2026327%2Fp3eb48vn4w9fn67scxygco_thumbnail.jpg&w=1033&q=75;;
Akun;Blox Fruits;Rp49.900;4831 terjual;Akun Blox Fruit Race Cyborg V4 Full Gear (Awakening) (Godhuman + CDK) [Level MAX];https://imgop.itemku.com/?url=https%3A%2F%2Fd1x91p7vw3vuq8.cloudfront.net%2Fitemku-upload%2F202642%2Faqpbsgl5fegzllncdeuj6_thumbnail.jpg&w=1033&q=75;;
Akun;Blox Fruits;Rp37.900;4227 terjual;Akun Blox Fruit GODHUMAN + SHARK ANCHOR + FULL AWAKEN DOUGH [Level MAX];https://imgop.itemku.com/?url=https%3A%2F%2Fd1x91p7vw3vuq8.cloudfront.net%2Fitemku-upload%2F202641%2Fm2520brtmjwn95ufx8beg_thumbnail.jpg&w=1033&q=75;;
Akun;Blox Fruits;Rp2.000;3964 terjual;PROMO AKUN BLOX FRUIT LEVEL 1000+ BONUS FRUIT;https://imgop.itemku.com/?url=https%3A%2F%2Fd1x91p7vw3vuq8.cloudfront.net%2Fitemku-upload%2F202595%2Fozwy2e9pjynelpry706ho8_thumbnail.jpg&w=1033&q=75;;
Akun;Blox Fruits;Rp550.000;;Akun Lv 2700 | 6 Permanent (DRAGON!! Kitsune, Dough) | 5 Gamepass | Rabbit V4 | Avatar Keren!! | Lihat Gambar dan Deskripsi Untuk Lebih Lengkap;https://imgop.itemku.com/?url=https%3A%2F%2Fd1x91p7vw3vuq8.cloudfront.net%2Fitemku-upload%2F2026521%2F8t3nyna2jdnw2zwbecgzuq_thumbnail.jpg&w=1033&q=75;;
Akun;Blox Fruits;Rp750.000;26 terjual;Akun Fruit Permanent - No 9;https://imgop.itemku.com/?url=https%3A%2F%2Fd1x91p7vw3vuq8.cloudfront.net%2Fitemku-upload%2F2026512%2F3ayoqnyoyxiueves9hgp1_thumbnail.jpg&w=1033&q=75;;
Akun;Blox Fruits;Rp800.000;29 terjual;Akun Fruit Permanent - No 8;https://imgop.itemku.com/?url=https%3A%2F%2Fd1x91p7vw3vuq8.cloudfront.net%2Fitemku-upload%2F202658%2F4t3x7an1ypu1bpp5o9xdou_thumbnail.jpg&w=1033&q=75;;
Akun;Blox Fruits;Rp750.000;;AKUN PERMANENT DRAGON EASTERN & WESTERN #18;https://imgop.itemku.com/?url=https%3A%2F%2Fd1x91p7vw3vuq8.cloudfront.net%2Fitemku-upload%2F202655%2F6uxj9bv4r36y9qpc0alqyp_thumbnail.jpg&w=1033&q=75;;
Akun;Dead Rails;Rp20.000;1045 terjual;Akun All Class - Dead Rails;https://imgop.itemku.com/?url=https%3A%2F%2Fd1x91p7vw3vuq8.cloudfront.net%2Fitemku-upload%2F2026421%2Fu90wx9eks4nf589c6hn3_thumbnail.jpg&w=1033&q=75;;
Akun;Dead Rails;Rp30.000;209 terjual;Akun Dead Rails 15k Bonds;https://imgop.itemku.com/?url=https%3A%2F%2Fd1x91p7vw3vuq8.cloudfront.net%2Fitemku-upload%2F2025523%2Fggrl5jlxqe7k8twbuqx7z_thumbnail.jpg&w=1033&q=75;;
Akun;Dead Rails;Rp20.500;176 terjual;AKUN DEAD RAILS 1000 BOND;https://imgop.itemku.com/?url=https%3A%2F%2Fd1x91p7vw3vuq8.cloudfront.net%2Fitemku-upload%2F2025423%2F1aa50cl8rwgftusxzdcq95_thumbnail.jpg&w=1033&q=75;;
Akun;Dead Rails;Rp10.000;136 terjual;Akun Dead Rails 5k Bonds;https://imgop.itemku.com/?url=https%3A%2F%2Fd1x91p7vw3vuq8.cloudfront.net%2Fitemku-upload%2F2026418%2F5y4uobb7576tqc8j60m5d_thumbnail.jpg&w=1033&q=75;;
Akun;Dead Rails;Rp4.000;90 terjual;Akun 1K+ Bond | Dead Rails;https://imgop.itemku.com/?url=https%3A%2F%2Fd1x91p7vw3vuq8.cloudfront.net%2Fitemku-upload%2F2026421%2F593p62i2qu2gqsx2n6mrn_thumbnail.jpg&w=1033&q=75;;
Akun;Dead Rails;Rp6.000;85 terjual;Akun 2K+ Bond | Dead Rails;https://imgop.itemku.com/?url=https%3A%2F%2Fd1x91p7vw3vuq8.cloudfront.net%2Fitemku-upload%2F2026421%2F4mcxwiorz12p9ydfdek6i8_thumbnail.jpg&w=1033&q=75;;
Akun;Dead Rails;Rp20.000;64 terjual;Akun Dead Rails 10k Bonds;https://imgop.itemku.com/?url=https%3A%2F%2Fd1x91p7vw3vuq8.cloudfront.net%2Fitemku-upload%2F202645%2Fonwe3jvtz0d20718mcvem8_thumbnail.jpg&w=1033&q=75;;
Akun;Dead Rails;Rp41.000;52 terjual;AKUN DEAD RAILS 2000 BOND;https://imgop.itemku.com/?url=https%3A%2F%2Fd1x91p7vw3vuq8.cloudfront.net%2Fitemku-upload%2F202554%2Fvltqkmxbbc550rnz8k683_thumbnail.jpg&w=1033&q=75;;
Akun;Dead Rails;Rp31.000;47 terjual;AKUN DEAD RAILS 1500 BOND;https://imgop.itemku.com/?url=https%3A%2F%2Fd1x91p7vw3vuq8.cloudfront.net%2Fitemku-upload%2F202551%2Frktjtmpb1qhmciv37pqdq_thumbnail.jpg&w=1033&q=75;;
Akun;Dead Rails;Rp11.000;42 terjual;AKUN DEAD RAILS 500 BOND;https://imgop.itemku.com/?url=https%3A%2F%2Fd1x91p7vw3vuq8.cloudfront.net%2Fitemku-upload%2F2025423%2Fg2fcblmd0d86dzvuxsljlg_thumbnail.jpg&w=1033&q=75;;
Akun;Dead Rails;Rp61.000;40 terjual;AKUN DEAD RAILS 3000 BOND;https://imgop.itemku.com/?url=https%3A%2F%2Fd1x91p7vw3vuq8.cloudfront.net%2Fitemku-upload%2F202557%2Fxsq6nuygsv3avi3m548b7_thumbnail.jpg&w=1033&q=75;;
Akun;Dead Rails;Rp6.000;33 terjual;Akun Dead Rails 3k Bonds;https://imgop.itemku.com/?url=https%3A%2F%2Fd1x91p7vw3vuq8.cloudfront.net%2Fitemku-upload%2F202653%2Fc6sbwxysodfy73zf4r4hd_thumbnail.jpg&w=1033&q=75;;
Akun;Dead Rails;Rp3.500;28 terjual;Akun Dead Rails  | ✔️Extra Bonus✔️;https://imgop.itemku.com/?url=https%3A%2F%2Fd1x91p7vw3vuq8.cloudfront.net%2Fitemku-upload%2F202659%2F7ducijdghegzlrh4juasmh_thumbnail.jpg&w=1033&q=75;;
Akun;Dead Rails;Rp18.000;24 terjual;AKUN POLOSAN 1200 BONDS (BONUS) - DEAD RAILS;https://imgop.itemku.com/?url=https%3A%2F%2Fd1x91p7vw3vuq8.cloudfront.net%2Fitemku-upload%2F2026410%2Fqiaa8ij10srx4rkkbxpk_thumbnail.jpg&w=1033&q=75;;
Akun;Dead Rails;Rp2.000;20 terjual;Akun Dead Rails 1k Bonds;https://imgop.itemku.com/?url=https%3A%2F%2Fd1x91p7vw3vuq8.cloudfront.net%2Fitemku-upload%2F202653%2Fauvadq5bijhsz76if3tqmb_thumbnail.jpg&w=1033&q=75;;
Akun;Dead Rails;Rp15.750;17 terjual;Akun Class Krampus;https://imgop.itemku.com/?url=https%3A%2F%2Fd1x91p7vw3vuq8.cloudfront.net%2Fitemku-upload%2F202643%2Fz0bypz4u0a8bc7lg856gn7_thumbnail.jpg&w=1033&q=75;;
Akun;Dead Rails;Rp101.000;16 terjual;AKUN DEAD RAILS 5000 BOND;https://imgop.itemku.com/?url=https%3A%2F%2Fd1x91p7vw3vuq8.cloudfront.net%2Fitemku-upload%2F20251015%2Fl6vn6u5wob5j0kxvf1cr6_thumbnail.jpg&w=1033&q=75;;
Akun;Dead Rails;Rp8.000;14 terjual;Akun 3K+ Bond | Dead Rails;https://imgop.itemku.com/?url=https%3A%2F%2Fd1x91p7vw3vuq8.cloudfront.net%2Fitemku-upload%2F2026423%2Faqds1u93zcp1tly747ld47_thumbnail.jpg&w=1033&q=75;;
Akun;Dead Rails;Rp14.000;13 terjual;Akun Dead Rails 7k Bonds;https://imgop.itemku.com/?url=https%3A%2F%2Fd1x91p7vw3vuq8.cloudfront.net%2Fitemku-upload%2F202653%2Fwhgy99gfkdhprvnnwhty9_thumbnail.jpg&w=1033&q=75;;
Akun;Dead Rails;Rp10.000;12 terjual;Akun 4K+ Bond | Dead Rails;https://imgop.itemku.com/?url=https%3A%2F%2Fd1x91p7vw3vuq8.cloudfront.net%2Fitemku-upload%2F2026423%2Fjbdy0ds7b7hshhl17ihsu_thumbnail.jpg&w=1033&q=75;;
Akun;Steal A Brainrot;Rp9.000;3084 terjual;Akun Secret Termurah;https://imgop.itemku.com/?url=https%3A%2F%2Fd1x91p7vw3vuq8.cloudfront.net%2Fitemku-upload%2F2025117%2Fzh4a4irt88217f4ocybq_thumbnail.jpg&w=1033&q=75;;
Akun;Steal A Brainrot;Rp1.800;1639 terjual;Account Steal A Brainrot;https://imgop.itemku.com/?url=https%3A%2F%2Fd1x91p7vw3vuq8.cloudfront.net%2Fitemku-upload%2F2026117%2F35bztsz2onk5gfh9w707y8_thumbnail.jpg&w=1033&q=75;;
Akun;Steal A Brainrot;Rp350.000;905 terjual;Akun Steal A Brainrot Termurah;https://imgop.itemku.com/?url=https%3A%2F%2Fd1x91p7vw3vuq8.cloudfront.net%2Fitemku-upload%2F2026326%2F8xo4wk4lowddju76ok8k7_thumbnail.jpg&w=1033&q=75;;
Akun;Steal A Brainrot;Rp65.000;590 terjual;Account Steal A Brainrot Starter;https://imgop.itemku.com/?url=https%3A%2F%2Fd1x91p7vw3vuq8.cloudfront.net%2Fitemku-upload%2F202638%2F5w8l3y1q64unh6ede2s4rb_thumbnail.jpg&w=1033&q=75;;
Akun;Steal A Brainrot;Rp72.000;29 terjual;REBITH 17 (3 SKIN BASE) | SAB;https://imgop.itemku.com/?url=https%3A%2F%2Fd1x91p7vw3vuq8.cloudfront.net%2Fitemku-upload%2F2026512%2Fbl6elrzkhhmktx1vagw7yl_thumbnail.jpg&w=1033&q=75;;
Akun;Steal A Brainrot;Rp100.000;1 terjual;Account Rebith 15 / Rebirth 15 / Free Random Brainrot Secret;https://imgop.itemku.com/?url=https%3A%2F%2Fd1x91p7vw3vuq8.cloudfront.net%2Fitemku-upload%2F2026514%2Frzp2sts72j49kxugrrsu1_thumbnail.jpg&w=1033&q=75;;
Akun;Steal A Brainrot;Rp50.000;5 terjual;REBITH 16 (AQUATIC BASE) | SAB;https://imgop.itemku.com/?url=https%3A%2F%2Fd1x91p7vw3vuq8.cloudfront.net%2Fitemku-upload%2F2026427%2Fx35tdlvpmdn46f4jlg0hsl_thumbnail.jpg&w=1033&q=75;;
Akun;Steal A Brainrot;Rp65.000;1 terjual;Akun starter Brainrot secret 100m/s-3b/s (Wajib baca Deskripsi!);https://imgop.itemku.com/?url=https%3A%2F%2Fd1x91p7vw3vuq8.cloudfront.net%2Fitemku-upload%2F2026429%2F5lzfhvyg2sveiuhsiaa1c_thumbnail.jpg&w=1033&q=75;;
Akun;Steal A Brainrot;Rp32.000;427 terjual;Rebirth 10 - Akun Steal a Brainrot (Bonus Brainrot God/Secret);https://imgop.itemku.com/?url=https%3A%2F%2Fd1x91p7vw3vuq8.cloudfront.net%2Fitemku-upload%2F20251121%2Frs7sh6yznxo0u9dtm0l79g9_thumbnail.jpg&w=1033&q=75;;
Akun;Steal A Brainrot;Rp100.000;259 terjual;Akun Steal A Brainrot Termurah;https://imgop.itemku.com/?url=https%3A%2F%2Fd1x91p7vw3vuq8.cloudfront.net%2Fitemku-upload%2F2026414%2Fjmya9u89cqa0d1wmjersrz_thumbnail.jpg&w=1033&q=75;;
Akun;Steal A Brainrot;Rp19.000;138 terjual;AKUN SECRET VALUE 100M+ - STEAL A BRAINROT;https://imgop.itemku.com/?url=https%3A%2F%2Fd1x91p7vw3vuq8.cloudfront.net%2Fitemku-upload%2F20251217%2Fnyaqnkrvgyld2pf4fp3d2i_thumbnail.jpg&w=1033&q=75;;
Akun;Steal A Brainrot;Rp33.000;112 terjual;Akun [Rebirth 10] | Steal A Brainrot | Full Access;https://imgop.itemku.com/?url=https%3A%2F%2Fd1x91p7vw3vuq8.cloudfront.net%2Fitemku-upload%2F2025118%2Ft6lvtlcthn91u5hqqtuod_thumbnail.jpg&w=1033&q=75;;
Akun;Steal A Brainrot;Rp18.000;99 terjual;AKUN SECRET 20M+/SECOND - STEAL A BRAINROT;https://imgop.itemku.com/?url=https%3A%2F%2Fd1x91p7vw3vuq8.cloudfront.net%2Fitemku-upload%2F2025107%2F0uorv1kbbfshzir7fhobr_thumbnail.jpg&w=1033&q=75;;
Akun;Steal A Brainrot;Rp25.000;89 terjual;Account Steal A Brainrot Termurah / Cheapest;https://imgop.itemku.com/?url=https%3A%2F%2Fd1x91p7vw3vuq8.cloudfront.net%2Fitemku-upload%2F2026226%2Fuzo91zogq3jqxyafcz7n8_thumbnail.jpg&w=1033&q=75;;
Akun;Steal A Brainrot;Rp30.000;81 terjual;AKUN SECRET 100M+/SECOND - STEAL A BRAINROT;https://imgop.itemku.com/?url=https%3A%2F%2Fd1x91p7vw3vuq8.cloudfront.net%2Fitemku-upload%2F20251015%2F5wlcz4t8gg6oov0hspy1y_thumbnail.jpg&w=1033&q=75;;
Akun;Steal A Brainrot;Rp55.000;68 terjual;Account Steal A Brainrot Termurah / Cheapest;https://imgop.itemku.com/?url=https%3A%2F%2Fd1x91p7vw3vuq8.cloudfront.net%2Fitemku-upload%2F202638%2Fcaccbbvm6ft4ka82umaps_thumbnail.jpg&w=1033&q=75;;
Akun;Steal A Brainrot;Rp40.000;2 terjual;Akun starter Brainrot secret 100m/s-1b/s (Wajib baca Deskripsi!);https://imgop.itemku.com/?url=https%3A%2F%2Fd1x91p7vw3vuq8.cloudfront.net%2Fitemku-upload%2F2026429%2Fr1yffcgbgoy4shleewx8_thumbnail.jpg&w=1033&q=75;;
Akun;Steal A Brainrot;Rp80.000;;Akun starter Brainrot secret 100m/s-5b/s (wajib baca deskripsi!);https://imgop.itemku.com/?url=https%3A%2F%2Fd1x91p7vw3vuq8.cloudfront.net%2Fitemku-upload%2F2026429%2F6xpi6puxdlqyt2syo5hun_thumbnail.jpg&w=1033&q=75;;
Akun;Steal A Brainrot;Rp52.000;8 terjual;REBITH 16 (CHRISTMAS BASE) | SAB;https://imgop.itemku.com/?url=https%3A%2F%2Fd1x91p7vw3vuq8.cloudfront.net%2Fitemku-upload%2F2026427%2Ffcr9fshhpax7fu3dzwuys_thumbnail.jpg&w=1033&q=75;;
Akun;Steal A Brainrot;Rp52.000;6 terjual;REBITH 16 (HALLOWEEN BASE) | SAB;https://imgop.itemku.com/?url=https%3A%2F%2Fd1x91p7vw3vuq8.cloudfront.net%2Fitemku-upload%2F2026427%2Fa0kh10ct6ywbitb9wml4d_thumbnail.jpg&w=1033&q=75;;
Akun;Steal A Brainrot;Rp7.000;65 terjual;Account Steal A Brainrot Termurah / Cheapest;https://imgop.itemku.com/?url=https%3A%2F%2Fd1x91p7vw3vuq8.cloudfront.net%2Fitemku-upload%2F2026310%2Fo2dbyoi6lzltkxn88q0o3_thumbnail.jpg&w=1033&q=75;;
Akun;Steal A Brainrot;Rp40.000;63 terjual;AKUN SECRET 150M+/SECOND - STEAL A BRAINROT;https://imgop.itemku.com/?url=https%3A%2F%2Fd1x91p7vw3vuq8.cloudfront.net%2Fitemku-upload%2F20251019%2Fpxlhd3u56j7fk2a7np1it_thumbnail.jpg&w=1033&q=75;;
Akun;Steal A Brainrot;Rp4.000;61 terjual;Account Steal A Brainrot Termurah / Cheapest;https://imgop.itemku.com/?url=https%3A%2F%2Fd1x91p7vw3vuq8.cloudfront.net%2Fitemku-upload%2F2026429%2Fdkxzptg9yvhyal33eezm_thumbnail.jpg&w=1033&q=75;;
Akun;Steal A Brainrot;Rp13.000;60 terjual;Account Steal A Brainrot Termurah / Cheapest;https://imgop.itemku.com/?url=https%3A%2F%2Fd1x91p7vw3vuq8.cloudfront.net%2Fitemku-upload%2F2026318%2Fly0pnzviu3n6gjpm5cmvk_thumbnail.jpg&w=1033&q=75;;
Akun;Steal A Brainrot;Rp45.000;41 terjual;Account Steal A Brainrot Termurah;https://imgop.itemku.com/?url=https%3A%2F%2Fd1x91p7vw3vuq8.cloudfront.net%2Fitemku-upload%2F202637%2Fdwzmshan8ft9u4kah0pf7w_thumbnail.jpg&w=1033&q=75;;
Akun;Steal A Brainrot;Rp3.000;39 terjual;AKUN 3 LUCKY BLOCK TACO (RANDOM MUTASI) | AKUN STATRER (POLOS) | STEAL A BRAINROT;https://imgop.itemku.com/?url=https%3A%2F%2Fd1x91p7vw3vuq8.cloudfront.net%2Fitemku-upload%2F202596%2Fpkhia1gakcllk9c5c5snll_thumbnail.jpg&w=1033&q=75;;
Akun;Steal A Brainrot;Rp30.000;37 terjual;AKUN SECRET 50M+/SECOND - STEAL A BRAINROT;https://imgop.itemku.com/?url=https%3A%2F%2Fd1x91p7vw3vuq8.cloudfront.net%2Fitemku-upload%2F20251018%2F5na5wgr1ir6bt8xh6reobk_thumbnail.jpg&w=1033&q=75;;
Akun;Steal A Brainrot;Rp30.000;32 terjual;AKUN SECRET 75M+/SECOND - STEAL A BRAINROT;https://imgop.itemku.com/?url=https%3A%2F%2Fd1x91p7vw3vuq8.cloudfront.net%2Fitemku-upload%2F20251018%2Fmdks5hznux9k8x3vo4t2ll_thumbnail.jpg&w=1033&q=75;;
Akun;Steal A Brainrot;Rp25.000;6 terjual;Akun 1 Brainrot secret (wajib baca deskripsi);https://imgop.itemku.com/?url=https%3A%2F%2Fd1x91p7vw3vuq8.cloudfront.net%2Fitemku-upload%2F2026415%2Fhv5h7nlvcsubg2ulo6tkf5_thumbnail.jpg&w=1033&q=75;;
Akun;Steal A Brainrot;Rp180.000;2 terjual;akun 10 secret op (wajib baca deskripsi!!);https://imgop.itemku.com/?url=https%3A%2F%2Fd1x91p7vw3vuq8.cloudfront.net%2Fitemku-upload%2F2026416%2Foeuq38kt7johdbnbuzrb1u_thumbnail.jpg&w=1033&q=75;;
Akun;Steal A Brainrot;Rp55.000;21 terjual;AKUN STARTER 3 BRAINROT (MYSTERY BOX) WAJIB BACA DESKRIPSI!!;https://imgop.itemku.com/?url=https%3A%2F%2Fd1x91p7vw3vuq8.cloudfront.net%2Fitemku-upload%2F202641%2F8bzr1he11whar66betn5e6_thumbnail.jpg&w=1033&q=75;;
Akun;Steal A Brainrot;Rp140.000;1 terjual;akun 7 secret (WAJIB BACA DESKRIPSI!!);https://imgop.itemku.com/?url=https%3A%2F%2Fd1x91p7vw3vuq8.cloudfront.net%2Fitemku-upload%2F2026415%2Fml2pw9t4yyq82gxus3o8l6_thumbnail.jpg&w=1033&q=75;;
Akun;Garena Free Fire;Rp400.000;141 terjual;Akun Free Fire Newbie Level 20 Aman & Terpercaya 100%;https://imgop.itemku.com/?url=https%3A%2F%2Fd1x91p7vw3vuq8.cloudfront.net%2Fitemku-upload%2F2026521%2F77f5kbkzhcxmnxa9v1g5pe_thumbnail.jpg&w=1033&q=75;;
Akun;Garena Free Fire;Rp281.000;110 terjual;AKUN FREE FIRE NEWBIE MURAH DAN AMAN 100%;https://imgop.itemku.com/?url=https%3A%2F%2Fd1x91p7vw3vuq8.cloudfront.net%2Fitemku-upload%2F2026522%2Fhpzz4c17qr1s8hvdb1q5t_thumbnail.jpg&w=1033&q=75;;
Akun;Garena Free Fire;Rp250.000;44 terjual;akun sultan sg2 lobby on anti hackback sesuai gambar dan deskripsi #5;https://imgop.itemku.com/?url=https%3A%2F%2Fd1x91p7vw3vuq8.cloudfront.net%2Fitemku-upload%2F2026521%2F7ohg9bh6tag2m6fklt8ph2_thumbnail.jpg&w=1033&q=75;;
Akun;Garena Free Fire;Rp270.000;40 terjual;AKUN MURAH ANTI HACKBACK SESUAI GAMBAR DAN DESKRIPSI #1;https://imgop.itemku.com/?url=https%3A%2F%2Fd1x91p7vw3vuq8.cloudfront.net%2Fitemku-upload%2F2026522%2Fo70hi09w1nkjl0fe5bmwj_thumbnail.jpg&w=1033&q=75;;
Akun;Garena Free Fire;Rp2.350.000;;PRIME 7 | EVOGUN 9+ARTIFACT 1 (10) + SG REPPER;https://imgop.itemku.com/?url=https%3A%2F%2Fd1x91p7vw3vuq8.cloudfront.net%2Fitemku-upload%2F2026512%2Fk3pbybqxbnpmjrwmbmbpm9_thumbnail.jpg&w=1033&q=75;;
Akun;Garena Free Fire;Rp1.500.000;;AKUN SG OPM+REPPER;https://imgop.itemku.com/?url=https%3A%2F%2Fd1x91p7vw3vuq8.cloudfront.net%2Fitemku-upload%2F2026516%2Fo9ul6xj19qnnmli3p11gtb_thumbnail.jpg&w=1033&q=75;;
Akun;Garena Free Fire;Rp4.000.000;;AKUN PRIME 7 | S1 ELITE PASS S,5,8,9,10,12,13,14,dst;https://imgop.itemku.com/?url=https%3A%2F%2Fd1x91p7vw3vuq8.cloudfront.net%2Fitemku-upload%2F2026517%2F9rdqhrn3lkro00dluh9el_thumbnail.jpg&w=1033&q=75;;
Akun;Garena Free Fire;Rp1.150.000;2 terjual;AKUN FF GG EVO GUN MAX+SG LOBBY;https://imgop.itemku.com/?url=https%3A%2F%2Fd1x91p7vw3vuq8.cloudfront.net%2Fitemku-upload%2F202657%2Fy9702ux0tukei6l3i9ax_thumbnail.jpg&w=1033&q=75;;
Akun;Garena Free Fire;Rp250.000;39 terjual;Akun Baru Level 20+ Produk Termurah;https://imgop.itemku.com/?url=https%3A%2F%2Fd1x91p7vw3vuq8.cloudfront.net%2Fitemku-upload%2F2026516%2Fbuyshvqnne659ic4gdnvtt_thumbnail.jpg&w=1033&q=75;;
Akun;Garena Free Fire;Rp180.000;31 terjual;AKUN MURAH ANTI HACKBACK SESUAI GAMBAR DAN DESKRIPSI #2;https://imgop.itemku.com/?url=https%3A%2F%2Fd1x91p7vw3vuq8.cloudfront.net%2Fitemku-upload%2F2026516%2Fv39xs1f1boczlayl66xeu_thumbnail.jpg&w=1033&q=75;;
Akun;Garena Free Fire;Rp180.000;30 terjual;akun sultan bundle mewah anti hackback sesuai gambar dan deskripsi #3;https://imgop.itemku.com/?url=https%3A%2F%2Fd1x91p7vw3vuq8.cloudfront.net%2Fitemku-upload%2F2026515%2Fol95uctmv9k8f1i4yn8bbh_thumbnail.jpg&w=1033&q=75;;
Akun;Garena Free Fire;Rp200.000;27 terjual;Akun Free Fire Spek Keren & Bergaransi;https://imgop.itemku.com/?url=https%3A%2F%2Fd1x91p7vw3vuq8.cloudfront.net%2Fitemku-upload%2F2026414%2Fhot9bp7pcmeusszp9olic_thumbnail.jpg&w=1033&q=75;;
Akun;Garena Free Fire;Rp130.000;27 terjual;Akun Free Fire Bagus;https://imgop.itemku.com/?url=https%3A%2F%2Fd1x91p7vw3vuq8.cloudfront.net%2Fitemku-upload%2F2026520%2Fzi0ksifxdo9srljlshif9m_thumbnail.jpg&w=1033&q=75;;
Akun;Garena Free Fire;Rp450.000;26 terjual;STOK AKUN FF #1;https://imgop.itemku.com/?url=https%3A%2F%2Fd1x91p7vw3vuq8.cloudfront.net%2Fitemku-upload%2F2026522%2F696q7gzsf0hj2n19s2jpcm_thumbnail.jpg&w=1033&q=75;;
Akun;Garena Free Fire;Rp171.000;26 terjual;Akun Free Fire Log Google;https://imgop.itemku.com/?url=https%3A%2F%2Fd1x91p7vw3vuq8.cloudfront.net%2Fitemku-upload%2F2026521%2Fmsqherq7rh9i0cljfvnpj_thumbnail.jpg&w=1033&q=75;;
Akun;Garena Free Fire;Rp60.000;22 terjual;AKUN BARU FRESH BISA MAIN RANKED;https://imgop.itemku.com/?url=https%3A%2F%2Fd1x91p7vw3vuq8.cloudfront.net%2Fitemku-upload%2F2026510%2Ftemcr8ziwugnuxm7lldaf9_thumbnail.jpg&w=1033&q=75;;
Akun;Garena Free Fire;Rp4.500.000;;akun evo 12 max 9 otw 10 f joker sg 4 rasa tas bunny pink akun super old;https://imgop.itemku.com/?url=https%3A%2F%2Fd1x91p7vw3vuq8.cloudfront.net%2Fitemku-upload%2F2026518%2Fhuiy0gdaonsen9j3ns8jnr_thumbnail.jpg&w=1033&q=75;;
Akun;Garena Free Fire;Rp2.825.000;;EVOGUN 10 MAX 4 OTW 5 MAX SG RAPPER,LUMUT,GURUN PASIR VAULT 472 EMOTE 73 ANIMASI 4 FIST 1 TAS 101 SKYWING 3 SENJATA 463;https://imgop.itemku.com/?url=https%3A%2F%2Fd1x91p7vw3vuq8.cloudfront.net%2Fitemku-upload%2F2026513%2Fj5vlv6oatfwqv7u547igi_thumbnail.jpg&w=1033&q=75;;
Akun;Garena Free Fire;Rp1.200.000;3 terjual;AKUN FF SG EVOUGUN MAX ON & CELANA ANGEL AMAN ANTI HACK BACK BERGARANSI 1000 % MURAH BANGET;https://imgop.itemku.com/?url=https%3A%2F%2Fd1x91p7vw3vuq8.cloudfront.net%2Fitemku-upload%2F20251212%2Fn2su0vvy4gqv61ye9d4fqd_thumbnail.jpg&w=1033&q=75;;
Akun;Garena Free Fire;Rp1.450.000;2 terjual;AKUN FF SG 2 SKIN ON, EVOUGUN ON, BERGARANSI AKUN ANTI HACK BACK, KE HB = UANG KEMBALI dari Garena Free Fire 1000% AMAN;https://imgop.itemku.com/?url=https%3A%2F%2Fd1x91p7vw3vuq8.cloudfront.net%2Fitemku-upload%2F202649%2F3zwh1qnirxhjnnl96d7ub_thumbnail.jpg&w=1033&q=75;;
Akun;Garena Free Fire;Rp250.000;22 terjual;akun sg2 terompet bergaransi #12;https://imgop.itemku.com/?url=https%3A%2F%2Fd1x91p7vw3vuq8.cloudfront.net%2Fitemku-upload%2F2026521%2F3s6pdtus9r34xeqmr7xfov_thumbnail.jpg&w=1033&q=75;;
Akun;Garena Free Fire;Rp220.000;21 terjual;akun sultan bundle mewah evougun on anti hackback sesuai gambar dan deskripsi #6;https://imgop.itemku.com/?url=https%3A%2F%2Fd1x91p7vw3vuq8.cloudfront.net%2Fitemku-upload%2F2026521%2Fuxp84xsjuwcqopt3dvqb7_thumbnail.jpg&w=1033&q=75;;
Akun;Garena Free Fire;Rp285.000;19 terjual;Akun Level 50-60 | 1 EVO GUN | 100+ Costume | 20+ Bundle | Up to 100 Weapon | Termurah - Free Fire;https://imgop.itemku.com/?url=https%3A%2F%2Fd1x91p7vw3vuq8.cloudfront.net%2Fitemku-upload%2F20260326%2F2b9e3383d56949d7cfb28f4baa_thumbnail.png&w=1033&q=75;;
Akun;Garena Free Fire;Rp300.000;17 terjual;STOK AKUN FF #5;https://imgop.itemku.com/?url=https%3A%2F%2Fd1x91p7vw3vuq8.cloudfront.net%2Fitemku-upload%2F2026521%2Fgrd62l8a226yftfhkvey8o_thumbnail.jpg&w=1033&q=75;;
Akun;Garena Free Fire;Rp1.299.000;16 terjual;Akun Level 60-70 | 4+ EVO GUN | 400+ Weapon | 400+ Costume | Termurah - Free Fire;https://imgop.itemku.com/?url=https%3A%2F%2Fd1x91p7vw3vuq8.cloudfront.net%2Fitemku-upload%2F20260326%2F8253ee3bb51dd27ff3890b41ae_thumbnail.png&w=1033&q=75;;
Akun;Garena Free Fire;Rp499.000;16 terjual;Akun Level 50+ | Up to 4 EVO GUN | 150+ Costume | 1 Set Bundle | 100+ Weapon | Termurah - Free Fire;https://imgop.itemku.com/?url=https%3A%2F%2Fd1x91p7vw3vuq8.cloudfront.net%2Fitemku-upload%2F20260326%2Fa3a1187c7d0d63b4e736afdcb3_thumbnail.png&w=1033&q=75;;
Akun;Garena Free Fire;Rp200.000;16 terjual;AKUN POLOSAN BER SKIN SG 2,MURAH MERIAH;https://imgop.itemku.com/?url=https%3A%2F%2Fd1x91p7vw3vuq8.cloudfront.net%2Fitemku-upload%2F2026522%2Ff3fc3fdn5kuthitvvs3x3_thumbnail.jpg&w=1033&q=75;;
Akun;Garena Free Fire;Rp2.145.000;15 terjual;Akun Level 60+ | 5 EVO GUN MAX | 300+ Weapon | 200+ Costume | 100+ Bundle | Termurah - Free Fire;https://imgop.itemku.com/?url=https%3A%2F%2Fd1x91p7vw3vuq8.cloudfront.net%2Fitemku-upload%2F20260326%2F2a3aba396039ce2b1bd2fdbe12_thumbnail.png&w=1033&q=75;;
Akun;Garena Free Fire;Rp1.600.000;;AKUN FF SG LOBBY + EVO GUN MAX (PRIME 5-8);https://imgop.itemku.com/?url=https%3A%2F%2Fd1x91p7vw3vuq8.cloudfront.net%2Fitemku-upload%2F2026514%2Fhawrg0b3hgkrc7x399mplr_thumbnail.jpg&w=1033&q=75;;
Akun;Garena Free Fire;Rp650.000;;AKUN FF SG HAND OF HOPE (LUMUT) & VAULT GAGAH ON AMAN ANTI HACK BACK BERGARANSI 1000 % MURAH BANGET;https://imgop.itemku.com/?url=https%3A%2F%2Fd1x91p7vw3vuq8.cloudfront.net%2Fitemku-upload%2F202657%2F2471mp0g6pmnvlecw8yqmq_thumbnail.jpg&w=1033&q=75;;
Akun;Garena Free Fire;Rp550.000;;AKUN FF SG 2 METEOR & VAULT GAGAH AMAN ANTI HACK BACK BERGARANSI 1000 % MURAH BANGET;https://imgop.itemku.com/?url=https%3A%2F%2Fd1x91p7vw3vuq8.cloudfront.net%2Fitemku-upload%2F202657%2F4a6foi954q22wj3mjew4m7_thumbnail.jpg&w=1033&q=75;;
Akun;Garena Free Fire;Rp300.000;;AKUN FF VAULT GAGAH & EVOUGUN ON AMAN ANTI HACK BACK BERGARANSI 1000 % MURAH BANGET;https://imgop.itemku.com/?url=https%3A%2F%2Fd1x91p7vw3vuq8.cloudfront.net%2Fitemku-upload%2F202657%2F402ur3o9g1tlmx8pwwv5qt_thumbnail.jpg&w=1033&q=75;;
Akun;Honkai: Star Rail;Rp210.000;397 terjual;Akun Reroll HSR Honkai Star Rail [ASIA];https://imgop.itemku.com/?url=https%3A%2F%2Fd1x91p7vw3vuq8.cloudfront.net%2Fitemku-upload%2F2026514%2Fkaru2y5dk1bnl6ydvbwyc_thumbnail.jpg&w=1033&q=75;;
Akun;Honkai: Star Rail;Rp275.000;326 terjual;Akun Honkai Star Rail HSR-3;https://imgop.itemku.com/?url=https%3A%2F%2Fd1x91p7vw3vuq8.cloudfront.net%2Fitemku-upload%2F202653%2Fdfbyg8h9c7fxh3upnvmvnl_thumbnail.jpg&w=1033&q=75;;
Akun;Honkai: Star Rail;Rp275.000;243 terjual;Akun Honkai Star Rail HSR-4;https://imgop.itemku.com/?url=https%3A%2F%2Fd1x91p7vw3vuq8.cloudfront.net%2Fitemku-upload%2F202653%2Fr4aj5ca2s5vemntywemec_thumbnail.jpg&w=1033&q=75;;
Akun;Honkai: Star Rail;Rp520.000;217 terjual;Akun Honkai Star Rail HSR-6;https://imgop.itemku.com/?url=https%3A%2F%2Fd1x91p7vw3vuq8.cloudfront.net%2Fitemku-upload%2F2026516%2Fwsmisfimbjbhuwophxe2s_thumbnail.jpg&w=1033&q=75;;
Akun;Honkai: Star Rail;Rp200.000;;AKUN STARTER - BONUS 10397 STELLAR JADES - SILVER WOLF + BRONYA || GALLAGHER E1 + HERTA E1 [ASIA];https://imgop.itemku.com/?url=https%3A%2F%2Fd1x91p7vw3vuq8.cloudfront.net%2Fitemku-upload%2F2026516%2Fqj08hcj0zjsxd6s11656k_thumbnail.jpg&w=1033&q=75;;
Akun;Honkai: Star Rail;Rp175.000;;AKUN MIDGAME - EVANESCIA (SIGNATURE) + SEELE + HUOHUO + SPARKLE || LENGKAPNYA CEK DESKRIPSI [ASIA];https://imgop.itemku.com/?url=https%3A%2F%2Fd1x91p7vw3vuq8.cloudfront.net%2Fitemku-upload%2F2026516%2Fkntog1rp6sdvjpo2ewvmu_thumbnail.jpg&w=1033&q=75;;
Akun;Honkai: Star Rail;Rp800.000;;( 15 LIMIT SSR + 7 NORMAL SSR ) Evernight + Yao Guang + Seele + Sign + Kafka + Sign + Acheron + Sign + Himeko + Sign TL 70 SERVER ASIA;https://imgop.itemku.com/?url=https%3A%2F%2Fd1x91p7vw3vuq8.cloudfront.net%2Fitemku-upload%2F2026220%2F0jc7w0m00blupjzzm975gy_thumbnail.jpg&w=1033&q=75;;
Akun;Honkai: Star Rail;Rp680.000;;ASIA TL65+ SW999 E2 + Sign , Dahlia + Sign R2 , Evanescia , Firefly , Sparkle , Wolf , Houhou , Danheng ETC Sesuai Screenshot;https://imgop.itemku.com/?url=https%3A%2F%2Fd1x91p7vw3vuq8.cloudfront.net%2Fitemku-upload%2F2026513%2Fhpdb6rshu5smacyotmakz_thumbnail.jpg&w=1033&q=75;;
Akun;Honkai: Star Rail;Rp520.000;112 terjual;Akun Honkai Star Rail HSR-7;https://imgop.itemku.com/?url=https%3A%2F%2Fd1x91p7vw3vuq8.cloudfront.net%2Fitemku-upload%2F2026516%2Fcwn09cif0wk8x08w1tztmc_thumbnail.jpg&w=1033&q=75;;
Akun;Honkai: Star Rail;Rp45.000;104 terjual;[ Server Asia ] Akun Starter Banyak Karakter ( Dengan Karakter Bintang 5 );https://imgop.itemku.com/?url=https%3A%2F%2Fd1x91p7vw3vuq8.cloudfront.net%2Fitemku-upload%2F202517%2Fb6v8rb2p4b7v4h3qlfzzt_thumbnail.jpg&w=1033&q=75;;
Akun;Honkai: Star Rail;Rp49.900;38 terjual;[ Semua Server ] Akun Baru Pra-Register 100000 Koin 20 Star Rail Pass Karakter Serval ( Ambil Hadiah Di Pesan );https://imgop.itemku.com/?url=https%3A%2F%2Fd1x91p7vw3vuq8.cloudfront.net%2Fitemku-upload%2F2025531%2Fb381q207oetqoezu4nw6x9_thumbnail.jpg&w=1033&q=75;;
Akun;Honkai: Star Rail;Rp100.000;24 terjual;[ Server Asia ] Akun Starter Banyak Karakter ( Dengan 2 Karakter Bintang 5 );https://imgop.itemku.com/?url=https%3A%2F%2Fd1x91p7vw3vuq8.cloudfront.net%2Fitemku-upload%2F2025217%2Fs13rlyhn23l8k84r2qa09r_thumbnail.jpg&w=1033&q=75;;
Akun;Honkai: Star Rail;Rp19.000;16 terjual;[Asia] Akun Starter | Fresh Account | Full Access | Temurah - Honkai: Star Rail;https://imgop.itemku.com/?url=https%3A%2F%2Fd1x91p7vw3vuq8.cloudfront.net%2Fitemku-upload%2F202649%2Fmooo6zdk7w2d4578zyx9x_thumbnail.jpg&w=1033&q=75;;
Akun;Honkai: Star Rail;Rp120.000;14 terjual;[ Server Asia ] Akun Starter Banyak Karakter ( Dengan 3 Karakter Bintang 5 );https://imgop.itemku.com/?url=https%3A%2F%2Fd1x91p7vw3vuq8.cloudfront.net%2Fitemku-upload%2F202542%2F66fhxhjj3bqr3it5vek83_thumbnail.jpg&w=1033&q=75;;
Akun;Honkai: Star Rail;Rp79.000;13 terjual;[Asia] Akun Starter TL 20+ | 3-4 Limited | Take Mail - Honkai: Star Rail;https://imgop.itemku.com/?url=https%3A%2F%2Fd1x91p7vw3vuq8.cloudfront.net%2Fitemku-upload%2F20260409%2F437d87ae997ef0bb978d6384eb_thumbnail.png&w=1033&q=75;;
Akun;Honkai: Star Rail;Rp145.000;10 terjual;[Asia] Akun TL 60+ | 20+ Characters | 5+ 5-Star | Take Mail - Honkai: Star Rail;https://imgop.itemku.com/?url=https%3A%2F%2Fd1x91p7vw3vuq8.cloudfront.net%2Fitemku-upload%2F20260409%2F52728b1210e0d48d57c2ac5a6c_thumbnail.png&w=1033&q=75;;
Akun;Honkai: Star Rail;Rp220.000;;Akun Murah TL35 Seele, Bronya, Archer [Honkai: Star Rail];https://imgop.itemku.com/?url=https%3A%2F%2Fd1x91p7vw3vuq8.cloudfront.net%2Fitemku-upload%2F2025723%2Fnlgu6972e2phgik02h4k1s_thumbnail.jpg&w=1033&q=75;;
Akun;Honkai: Star Rail;Rp5.000.000;;HSR | ASIA — Endgame Accounts + Limited Char (1);https://imgop.itemku.com/?url=https%3A%2F%2Fd1x91p7vw3vuq8.cloudfront.net%2Fitemku-upload%2F2026510%2Fzag7o9n1lwj8sv6drpmz_thumbnail.jpg&w=1033&q=75;;
Akun;Honkai: Star Rail;Rp135.000;;AKUN STARTER - BONUS 33 SPECIAL PASS - ASHVEIL + SPARKLE + CLARA + BAILU || LENGKAPNYA CEK DESKRIPSI [ASIA];https://imgop.itemku.com/?url=https%3A%2F%2Fd1x91p7vw3vuq8.cloudfront.net%2Fitemku-upload%2F202654%2Fidkt8ztwuu8bxd01irol_thumbnail.jpg&w=1033&q=75;;
Akun;Honkai: Star Rail;Rp130.000;;AKUN STARTER - SILVER WOLF LV.999 + ACHERON + DAN HENG PT || TINGYUN E2 [ASIA];https://imgop.itemku.com/?url=https%3A%2F%2Fd1x91p7vw3vuq8.cloudfront.net%2Fitemku-upload%2F202654%2Fzinlw6wtgx3sj8nyenzhw_thumbnail.jpg&w=1033&q=75;;
Akun;Honkai: Star Rail;Rp235.000;9 terjual;[Asia] Akun TL 50+ | 6-8 Limited | Take Mail - Honkai: Star Rail;https://imgop.itemku.com/?url=https%3A%2F%2Fd1x91p7vw3vuq8.cloudfront.net%2Fitemku-upload%2F20260409%2Fdfe6fae2259a9ad093f97275c2_thumbnail.png&w=1033&q=75;;
Akun;Honkai: Star Rail;Rp115.000;9 terjual;[Asia] Akun TL 30+ | 3-5 Limited | Take Mail - Honkai: Star Rail;https://imgop.itemku.com/?url=https%3A%2F%2Fd1x91p7vw3vuq8.cloudfront.net%2Fitemku-upload%2F20260409%2F33fee69651c2b4e1394de5582b_thumbnail.png&w=1033&q=75;;
Akun;Honkai: Star Rail;Rp269.000;6 terjual;[Asia] Akun 56000 - 60000 Stellar Jades | 110+ Star Pass | 5 Special Pass | Take Mail - Honkai: Star Rail;https://imgop.itemku.com/?url=https%3A%2F%2Fd1x91p7vw3vuq8.cloudfront.net%2Fitemku-upload%2F20260409%2F114c0ee9d8a5eedfab41244300_thumbnail.png&w=1033&q=75;;
Akun;Honkai: Star Rail;Rp849.000;6 terjual;[Asia] Akun Endgame Level 60+ | 5+ Limited | 3+ Signature | | Full Access - Honkai: Star Rail;https://imgop.itemku.com/?url=https%3A%2F%2Fd1x91p7vw3vuq8.cloudfront.net%2Fitemku-upload%2F20260409%2F6484a0e5196c59d2f9aa0753cc_thumbnail.png&w=1033&q=75;;
Akun;Honkai: Star Rail;Rp539.000;6 terjual;[Asia] Akun Endgame Level 50-60 | Full Access - Honkai: Star Rail;https://imgop.itemku.com/?url=https%3A%2F%2Fd1x91p7vw3vuq8.cloudfront.net%2Fitemku-upload%2F20260409%2Fe1600ac3ac62290c1ddb980f88_thumbnail.png&w=1033&q=75;;
Akun;Honkai: Star Rail;Rp385.000;6 terjual;[Asia] Akun TL 40-50 | 5-Star Character x15 | 4-Star Characters | Gold Star x14 | Stellar Jades x 2000+ | Take Mail - Honkai: Star Rail;https://imgop.itemku.com/?url=https%3A%2F%2Fd1x91p7vw3vuq8.cloudfront.net%2Fitemku-upload%2F20260409%2Fabb821ec50248ada00c66bf80a_thumbnail.png&w=1033&q=75;;
Akun;Honkai: Star Rail;Rp749.000;5 terjual;Akun ENDGAME MEDIUM GG [server ASIA];https://imgop.itemku.com/?url=https%3A%2F%2Fd1x91p7vw3vuq8.cloudfront.net%2Fitemku-upload%2F2026517%2F7kb9kx8t99nz7s5w0ham9m_thumbnail.jpg&w=1033&q=75;;
Akun;Honkai: Star Rail;Rp50.000;4 terjual;Akun Timbunan Stellar Jade #1;https://imgop.itemku.com/?url=https%3A%2F%2Fd1x91p7vw3vuq8.cloudfront.net%2Fitemku-upload%2F2026516%2Fpzmr06oznmo9gida3pszef_thumbnail.jpg&w=1033&q=75;;
Akun;Honkai: Star Rail;Rp135.000;;AKUN STARTER - KAFKA + LINGSHA + RUAN MEI + DAN HENG PT || LENGKAPNYA CEK DESKRIPSI [ASIA];https://imgop.itemku.com/?url=https%3A%2F%2Fd1x91p7vw3vuq8.cloudfront.net%2Fitemku-upload%2F202635%2Fdtr56r9bpu7fkvciesr1xf_thumbnail.jpg&w=1033&q=75;;
Akun;Honkai: Star Rail;Rp140.000;;AKUN STARTER - SILVER WOLF LV.999 + DAN HENG PT || GALLAGHER E2 + MOZE [ASIA];https://imgop.itemku.com/?url=https%3A%2F%2Fd1x91p7vw3vuq8.cloudfront.net%2Fitemku-upload%2F2026515%2Ff6fvcivx3864tdo1ki15in_thumbnail.jpg&w=1033&q=75;;
Akun;Honkai: Star Rail;Rp500.000;;[Stelle] The Dahlia E1 (Sign) + Firefly (Sign) + Phainon (Sign) + Archer (Sign) + Ruan Mei E1 + DHPT + Blade | All Unset;https://imgop.itemku.com/?url=https%3A%2F%2Fd1x91p7vw3vuq8.cloudfront.net%2Fitemku-upload%2F20251227%2Fqigtb8mg4t8syd12cdgbkp_thumbnail.jpg&w=1033&q=75;;
Akun;Honkai: Star Rail;Rp500.000;;[Stelle] Cyrene E2 (Sign) + Hyacine + Mydei + DHPT + Ruan Mei + Blade E1 + Archer + Bailu (Sign) + Gepard (Sign) | All Unset;https://imgop.itemku.com/?url=https%3A%2F%2Fd1x91p7vw3vuq8.cloudfront.net%2Fitemku-upload%2F20251225%2Fpe5cvzj78y93mvcaexlhff_thumbnail.jpg&w=1033&q=75;;
Akun;Mobile Legends;Rp8.000;9354 terjual;Smurf BP Banyak GG Parah!!!;https://imgop.itemku.com/?url=https%3A%2F%2Fd1x91p7vw3vuq8.cloudfront.net%2Fitemku-upload%2F2026121%2Fs9bbaqfgpa8p56x51u2xyf_thumbnail.jpg&w=1033&q=75;;
Akun;Mobile Legends;Rp11.900;8623 terjual;Akun Smurf Sultan BP 64K + GRATIS PILIH 1 HERO;https://imgop.itemku.com/?url=https%3A%2F%2Fd1x91p7vw3vuq8.cloudfront.net%2Fitemku-upload%2F2026516%2F5xpvj29iud8zcvrqvf55e_thumbnail.jpg&w=1033&q=75;;
Akun;Mobile Legends;Rp17.900;4210 terjual;Akun Smurft BP Banyak;https://imgop.itemku.com/?url=https%3A%2F%2Fd1x91p7vw3vuq8.cloudfront.net%2Fitemku-upload%2F2025116%2F2j4o23ysbsu3f5vches7rd_thumbnail.jpg&w=1033&q=75;;
Akun;Mobile Legends;Rp15.900;3632 terjual;Akun Smurf BP Banyak ++;https://imgop.itemku.com/?url=https%3A%2F%2Fd1x91p7vw3vuq8.cloudfront.net%2Fitemku-upload%2F2026515%2F605tmirrnid952nvqilm5a_thumbnail.jpg&w=1033&q=75;;
Akun;Mobile Legends;Rp500.000;;#107 AKUN MOBILE LEGENDS MURAH;https://imgop.itemku.com/?url=https%3A%2F%2Fd1x91p7vw3vuq8.cloudfront.net%2Fitemku-upload%2F2025102%2Fc6jo3wv25bo9tt96dfthqj_thumbnail.jpg&w=1033&q=75;;
Akun;Mobile Legends;Rp500.000;;AKUN ML PALING AMAN TERMURAH!!!;https://imgop.itemku.com/?url=https%3A%2F%2Fd1x91p7vw3vuq8.cloudfront.net%2Fitemku-upload%2F2026512%2F9clsw1po1ri8jceq36477l_thumbnail.jpg&w=1033&q=75;;
Akun;Mobile Legends;Rp500.000;;#104 AKUN MOBILE LEGENDS MURAH;https://imgop.itemku.com/?url=https%3A%2F%2Fd1x91p7vw3vuq8.cloudfront.net%2Fitemku-upload%2F2025102%2F4m9rczj12vg1ot137zg6f6_thumbnail.jpg&w=1033&q=75;;
Akun;Mobile Legends;Rp500.000;8 terjual;#106 AKUN MOBILE LEGENDS MURAH;https://imgop.itemku.com/?url=https%3A%2F%2Fd1x91p7vw3vuq8.cloudfront.net%2Fitemku-upload%2F202658%2F722yvmqzlaqfoqly7sdnxu_thumbnail.jpg&w=1033&q=75;;
Akun;Mobile Legends;Rp2.800;2790 terjual;Akun baru fresh Cheap;https://imgop.itemku.com/?url=https%3A%2F%2Fd1x91p7vw3vuq8.cloudfront.net%2Fitemku-upload%2F2026415%2F0ovo1jwpgaprfjjl569ayu_thumbnail.jpg&w=1033&q=75;;
Akun;Mobile Legends;Rp2.500;2610 terjual;Akun Mobile Legends Baru Termurah Bergaransi;https://imgop.itemku.com/?url=https%3A%2F%2Fd1x91p7vw3vuq8.cloudfront.net%2Fitemku-upload%2F202648%2F1uda1jptwsaju4qfjnt1am_thumbnail.jpg&w=1033&q=75;;
Akun;Mobile Legends;Rp20.000;2070 terjual;AKUN MURAH MERIAH & AMAN;https://imgop.itemku.com/?url=https%3A%2F%2Fd1x91p7vw3vuq8.cloudfront.net%2Fitemku-upload%2F20251126%2Fh1foi8k1qw3iwubqmvli_thumbnail.jpg&w=1033&q=75;;
Akun;Mobile Legends;Rp12.000;1759 terjual;Akun Siap Ranked Level 8;https://imgop.itemku.com/?url=https%3A%2F%2Fd1x91p7vw3vuq8.cloudfront.net%2Fitemku-upload%2F202475%2Fldbo1n44f7elr2y19a485_thumbnail.jpg&w=1033&q=75;;
Akun;Mobile Legends;Rp6.000;1645 terjual;Akun Smurf Fresh Level 3;https://imgop.itemku.com/?url=https%3A%2F%2Fd1x91p7vw3vuq8.cloudfront.net%2Fitemku-upload%2F202496%2Factkcvnr452hrkhvtt4vg_thumbnail.jpg&w=1033&q=75;;
Akun;Mobile Legends;Rp5.500;1521 terjual;Akun Fresh Murah Berkualitas;https://imgop.itemku.com/?url=https%3A%2F%2Fd1x91p7vw3vuq8.cloudfront.net%2Fitemku-upload%2F2026326%2Fy1p7btewwmdon9kxs1bdd_thumbnail.jpg&w=1033&q=75;;
Akun;Mobile Legends;Rp38.900;1336 terjual;Akun Smurf BP Banyak;https://imgop.itemku.com/?url=https%3A%2F%2Fd1x91p7vw3vuq8.cloudfront.net%2Fitemku-upload%2F2026521%2Fdbu1bn80gj6yc7qpqant1h_thumbnail.jpg&w=1033&q=75;;
Akun;Mobile Legends;Rp13.000;1166 terjual;Advance Server Mobile Legends;https://imgop.itemku.com/?url=https%3A%2F%2Fd1x91p7vw3vuq8.cloudfront.net%2Fitemku-upload%2F2026224%2Fnu5xo83c56rxccq27z9sn_thumbnail.jpg&w=1033&q=75;;
Akun;Mobile Legends;Rp500.000;6 terjual;#105 AKUN MOBILE LEGENDS MURAH;https://imgop.itemku.com/?url=https%3A%2F%2Fd1x91p7vw3vuq8.cloudfront.net%2Fitemku-upload%2F2026513%2Fzkwylo0v0kiilu6dzp75_thumbnail.jpg&w=1033&q=75;;
Akun;Mobile Legends;Rp500.000;5 terjual;#103 AKUN MOBILE LEGENDS MURAH;https://imgop.itemku.com/?url=https%3A%2F%2Fd1x91p7vw3vuq8.cloudfront.net%2Fitemku-upload%2F2026414%2Fzs9y3jroxtg0dq8he09iu8f_thumbnail.jpg&w=1033&q=75;;
Akun;Mobile Legends;Rp500.000;5 terjual;#102 AKUN MOBILE LEGENDS MURAH;https://imgop.itemku.com/?url=https%3A%2F%2Fd1x91p7vw3vuq8.cloudfront.net%2Fitemku-upload%2F2026428%2Fwqudzevdsvh7h2sm3v2gj_thumbnail.jpg&w=1033&q=75;;
Akun;Mobile Legends;Rp500.000;1 terjual;#101 AKUN MOBILE LEGENDS MURAH;https://imgop.itemku.com/?url=https%3A%2F%2Fd1x91p7vw3vuq8.cloudfront.net%2Fitemku-upload%2F2026125%2Fl216iin8tqnys22bow7fml_thumbnail.jpg&w=1033&q=75;;
Akun;Mobile Legends;Rp17.000;806 terjual;Akun Smurf + Advance Server Mobile Legends;https://imgop.itemku.com/?url=https%3A%2F%2Fd1x91p7vw3vuq8.cloudfront.net%2Fitemku-upload%2F2026224%2Fo76j4qb6h5d8mb0jgqa9q8_thumbnail.jpg&w=1033&q=75;;
Akun;Mobile Legends;Rp25.000;629 terjual;Akun Mobile legend Murah Berkualitas;https://imgop.itemku.com/?url=https%3A%2F%2Fd1x91p7vw3vuq8.cloudfront.net%2Fitemku-upload%2F2026421%2F0pyqbwfd39z2fa515vyx5b_thumbnail.jpg&w=1033&q=75;;
Akun;Mobile Legends;Rp5.000;618 terjual;Akun Mobile Legends Termurah Siap Ranked;https://imgop.itemku.com/?url=https%3A%2F%2Fd1x91p7vw3vuq8.cloudfront.net%2Fitemku-upload%2F202648%2Fru1dz1dmeuatrz3jzpxfpb_thumbnail.jpg&w=1033&q=75;;
Akun;Mobile Legends;Rp17.000;551 terjual;Akun Rank Master Mantap;https://imgop.itemku.com/?url=https%3A%2F%2Fd1x91p7vw3vuq8.cloudfront.net%2Fitemku-upload%2F2026329%2F1h0ankfmr1ytp5rh55yh2j_thumbnail.jpg&w=1033&q=75;;
Akun;Mobile Legends;Rp1.650;451 terjual;Akun Baru ML Lv3 Banyak Hero Gratis;https://imgop.itemku.com/?url=https%3A%2F%2Fd1x91p7vw3vuq8.cloudfront.net%2Fitemku-upload%2F20251012%2F43m5tt0r47ypea33sfhdzc_thumbnail.jpg&w=1033&q=75;;
Akun;Mobile Legends;Rp18.000;311 terjual;Akun Baru Ready Rank Murah;https://imgop.itemku.com/?url=https%3A%2F%2Fd1x91p7vw3vuq8.cloudfront.net%2Fitemku-upload%2F2026329%2F7m1h191xxw4qhifb3pfbh8_thumbnail.jpg&w=1033&q=75;;
Akun;Mobile Legends;Rp72.900;292 terjual;Akun Smurf BP Banyak;https://imgop.itemku.com/?url=https%3A%2F%2Fd1x91p7vw3vuq8.cloudfront.net%2Fitemku-upload%2F2026520%2F0wt7a5ugstvq3yhean9ilo2_thumbnail.jpg&w=1033&q=75;;
Akun;Mobile Legends;Rp6.500;225 terjual;AKUN SMURF FRESH SIAP RANKED;https://imgop.itemku.com/?url=https%3A%2F%2Fd1x91p7vw3vuq8.cloudfront.net%2Fitemku-upload%2F20251217%2Fl3jc4ti9s18ng0p8u6p36r_thumbnail.jpg&w=1033&q=75;;
Akun;Mobile Legends;Rp500.000;3 terjual;#100 AKUN MOBILE LEGENDS MURAH;https://imgop.itemku.com/?url=https%3A%2F%2Fd1x91p7vw3vuq8.cloudfront.net%2Fitemku-upload%2F2026428%2Fc0fq6ax64wfv6cv05p3afi_thumbnail.jpg&w=1033&q=75;;
Akun;Mobile Legends;Rp515.000;3 terjual;AKUN ML GG (SESUAI FOTO +DESKRIPSI);https://imgop.itemku.com/?url=https%3A%2F%2Fd1x91p7vw3vuq8.cloudfront.net%2Fitemku-upload%2F2026426%2Fmg5gszzyfur7lmlgyun0rs_thumbnail.jpg&w=1033&q=75;;
Akun;Mobile Legends;Rp2.300.000;;Mobile Legends Account with Legend Skin;https://imgop.itemku.com/?url=https%3A%2F%2Fd1x91p7vw3vuq8.cloudfront.net%2Fitemku-upload%2F2026425%2Fex0ikh1o2ldimigh0cw3a_thumbnail.jpg&w=1033&q=75;;
Akun;Mobile Legends;Rp1.495.000;;SKIN ZENITH VEXANA,STARWARS ALUCARD | 370 SKIN+DLL;https://imgop.itemku.com/?url=https%3A%2F%2Fd1x91p7vw3vuq8.cloudfront.net%2Fitemku-upload%2F2026413%2Fwdqdt2pporcubr0xydqk5_thumbnail.jpg&w=1033&q=75;;
Akun;Genshin Impact;Rp280.000;1695 terjual;Akun Reroll AR 45 Female [ASIA] 370-400x Gacha;https://imgop.itemku.com/?url=https%3A%2F%2Fd1x91p7vw3vuq8.cloudfront.net%2Fitem-type%2F20251020%2F1t1hqgmm26yt4uktuh017s.png&w=1033&q=75;;
Akun;Genshin Impact;Rp280.000;1096 terjual;Akun Reroll AR 45 Male [ASIA] 370-400x Gacha;https://imgop.itemku.com/?url=https%3A%2F%2Fd1x91p7vw3vuq8.cloudfront.net%2Fitem-type%2F20251020%2F1t1hqgmm26yt4uktuh017s.png&w=1033&q=75;;
Akun;Genshin Impact;Rp49.900;673 terjual;[ Server Asia ] Akun Starter Banyak Karakter ( Dengan Karakter Bintang 5 );https://imgop.itemku.com/?url=https%3A%2F%2Fd1x91p7vw3vuq8.cloudfront.net%2Fitem-type%2F20251020%2F1t1hqgmm26yt4uktuh017s.png&w=1033&q=75;;
Akun;Genshin Impact;Rp317.000;408 terjual;Akun 55000 primogem IF 64 AF 127 ASIA;https://imgop.itemku.com/?url=https%3A%2F%2Fd1x91p7vw3vuq8.cloudfront.net%2Fitem-type%2F20251020%2F1t1hqgmm26yt4uktuh017s.png&w=1033&q=75;;
Akun;Genshin Impact;Rp1.050.000;;[12] GG 37B5 FREE HSR,HI DILUC SKIN, C1 CHILDE, ZIBAI, FURINA SIGN, CHIORI SIGN, KOKOMI SIGN, XIAO SIGN, AYAKA, CLORINDE [BACADESK];https://imgop.itemku.com/?url=https%3A%2F%2Fd1x91p7vw3vuq8.cloudfront.net%2Fitem-type%2F20251020%2F1t1hqgmm26yt4uktuh017s.png&w=1033&q=75;;
Akun;Genshin Impact;Rp3.200.000;;[17] AKUN SULTAN TOTAL 79B5 FULL ARCHON 20SIGN C3 CHILDE, C2 FURINA, C1 EULA, MAVUIKA, NEUVILLETE, HUTAO, AYAKA, CHASCA, KAZUHA, YELAN [BACADESKRIPSI];https://imgop.itemku.com/?url=https%3A%2F%2Fd1x91p7vw3vuq8.cloudfront.net%2Fitem-type%2F20251020%2F1t1hqgmm26yt4uktuh017s.png&w=1033&q=75;;
Akun;Genshin Impact;Rp1.500.000;;[19] GG WELLBUILD 45B5, 5 ARCHON, C1 ARLECCHINO SIGN, C1 HUTAO SIGN, C1 RAIDEN, C1 ITTO, C1 AYATO, NEUVILLETE, MAVUIKA, AYAKA [BACADESKRIPSI];https://imgop.itemku.com/?url=https%3A%2F%2Fd1x91p7vw3vuq8.cloudfront.net%2Fitem-type%2F20251020%2F1t1hqgmm26yt4uktuh017s.png&w=1033&q=75;;
Akun;Genshin Impact;Rp2.200.000;;[26] GG WELLBUILD TOTAL 50B5 C2 FURINA, LINNEA, SKIRK SIGN, CITLALI, COLUMBINA, MAVUIKA, ARLECCHINO, RAIDEN SIGN, KAZUHA SIGN [BACADESKRIPSI];https://imgop.itemku.com/?url=https%3A%2F%2Fd1x91p7vw3vuq8.cloudfront.net%2Fitem-type%2F20251020%2F1t1hqgmm26yt4uktuh017s.png&w=1033&q=75;;
Akun;Genshin Impact;Rp262.000;265 terjual;Akun 55000 primogem IF 64 AF 126 AMERIKA;https://imgop.itemku.com/?url=https%3A%2F%2Fd1x91p7vw3vuq8.cloudfront.net%2Fitem-type%2F20251020%2F1t1hqgmm26yt4uktuh017s.png&w=1033&q=75;;
Akun;Genshin Impact;Rp76.700;224 terjual;AKUN PRIMOGEM GENSHIN IMPACT #1;https://imgop.itemku.com/?url=https%3A%2F%2Fd1x91p7vw3vuq8.cloudfront.net%2Fitem-type%2F20251020%2F1t1hqgmm26yt4uktuh017s.png&w=1033&q=75;;
Akun;Genshin Impact;Rp145.000;193 terjual;[ Server Asia ] Akun Starter Banyak Karakter ( Dengan 2 Karakter Bintang 5 );https://imgop.itemku.com/?url=https%3A%2F%2Fd1x91p7vw3vuq8.cloudfront.net%2Fitem-type%2F20251020%2F1t1hqgmm26yt4uktuh017s.png&w=1033&q=75;;
Akun;Genshin Impact;Rp83.800;189 terjual;Akun Gacha Reroll Puluhan Ribu Primogem + 1X Karakter Bintang 5 Aman Bergaransi.;https://imgop.itemku.com/?url=https%3A%2F%2Fd1x91p7vw3vuq8.cloudfront.net%2Fitem-type%2F20251020%2F1t1hqgmm26yt4uktuh017s.png&w=1033&q=75;;
Akun;Genshin Impact;Rp57.400;170 terjual;{ASIA] Akun Reroll Starter Genshin Impact +1X karakter Bintang 5;https://imgop.itemku.com/?url=https%3A%2F%2Fd1x91p7vw3vuq8.cloudfront.net%2Fitem-type%2F20251020%2F1t1hqgmm26yt4uktuh017s.png&w=1033&q=75;;
Akun;Genshin Impact;Rp262.000;142 terjual;Akun Starter Qiqi Asia AR 10;https://imgop.itemku.com/?url=https%3A%2F%2Fd1x91p7vw3vuq8.cloudfront.net%2Fitem-type%2F20251020%2F1t1hqgmm26yt4uktuh017s.png&w=1033&q=75;;
Akun;Genshin Impact;Rp33.600;118 terjual;[Server Asia] Akun Starter Fresh + 1X Karakter Bintang 5;https://imgop.itemku.com/?url=https%3A%2F%2Fd1x91p7vw3vuq8.cloudfront.net%2Fitem-type%2F20251020%2F1t1hqgmm26yt4uktuh017s.png&w=1033&q=75;;
Akun;Genshin Impact;Rp262.000;109 terjual;Akun Starter Shenhe Asia AR 10;https://imgop.itemku.com/?url=https%3A%2F%2Fd1x91p7vw3vuq8.cloudfront.net%2Fitem-type%2F20251020%2F1t1hqgmm26yt4uktuh017s.png&w=1033&q=75;;
Akun;Genshin Impact;Rp1.350.000;;[21] GG WELLBUILD 30B5 HUTAO SKIN, AYAKA SKIN, SHENHE SKIN, NEUVILLETE, ARLECCHINO, SKIRK, COLUMBINA, RAIDEN, ZHONGLI [BACADESKRIPSI];https://imgop.itemku.com/?url=https%3A%2F%2Fd1x91p7vw3vuq8.cloudfront.net%2Fitem-type%2F20251020%2F1t1hqgmm26yt4uktuh017s.png&w=1033&q=75;;
Akun;Genshin Impact;Rp1.700.000;;Asia | Endgame | 20 Limit + 7 Standard + 17 5Star Weapon | Ayaka Skin + Keqing Skin |;https://imgop.itemku.com/?url=https%3A%2F%2Fd1x91p7vw3vuq8.cloudfront.net%2Fitem-type%2F20251020%2F1t1hqgmm26yt4uktuh017s.png&w=1033&q=75;;
Akun;Genshin Impact;Rp510.000;;( ASIA )  XIAO HUTAO ZIBAI NAHIDA ALOY CITLALI / SSR STANDAR KEQING DILUC QIQI ( 6 LIMIT + 3 STANDR + 1B5 LOST PLAYER ) LVL 53 | MC AETHER | SIAP MAIN;https://imgop.itemku.com/?url=https%3A%2F%2Fd1x91p7vw3vuq8.cloudfront.net%2Fitem-type%2F20251020%2F1t1hqgmm26yt4uktuh017s.png&w=1033&q=75;;
Akun;Genshin Impact;Rp950.000;;[26 B5][20 Limit] Akun Super GG / OTW End Game / Akun Siap Pakai [Well Build];https://imgop.itemku.com/?url=https%3A%2F%2Fd1x91p7vw3vuq8.cloudfront.net%2Fitem-type%2F20251020%2F1t1hqgmm26yt4uktuh017s.png&w=1033&q=75;;
Akun;Genshin Impact;Rp13.900;95 terjual;[SERVER ASIA] Starter Akun DILUC Siap Explore;https://imgop.itemku.com/?url=https%3A%2F%2Fd1x91p7vw3vuq8.cloudfront.net%2Fitem-type%2F20251020%2F1t1hqgmm26yt4uktuh017s.png&w=1033&q=75;;
Akun;Genshin Impact;Rp262.000;74 terjual;Akun Klee Starter [ASIA];https://imgop.itemku.com/?url=https%3A%2F%2Fd1x91p7vw3vuq8.cloudfront.net%2Fitem-type%2F20251020%2F1t1hqgmm26yt4uktuh017s.png&w=1033&q=75;;
Akun;Genshin Impact;Rp75.000;71 terjual;[ Server Asia ] Akun Diluc Starter;https://imgop.itemku.com/?url=https%3A%2F%2Fd1x91p7vw3vuq8.cloudfront.net%2Fitem-type%2F20251020%2F1t1hqgmm26yt4uktuh017s.png&w=1033&q=75;;
Akun;Genshin Impact;Rp28.700;67 terjual;[Server Asia] Akun Starter Banyak Karakter Termasuk Karakter Bintang 5 Aman Bergaransi;https://imgop.itemku.com/?url=https%3A%2F%2Fd1x91p7vw3vuq8.cloudfront.net%2Fitem-type%2F20251020%2F1t1hqgmm26yt4uktuh017s.png&w=1033&q=75;;
Akun;Genshin Impact;Rp188.000;55 terjual;[ Server Asia ] Akun Limited Banyak Karakter ( Dengan 4 Karakter Bintang 5 );https://imgop.itemku.com/?url=https%3A%2F%2Fd1x91p7vw3vuq8.cloudfront.net%2Fitem-type%2F20251020%2F1t1hqgmm26yt4uktuh017s.png&w=1033&q=75;;
Akun;Genshin Impact;Rp75.000;51 terjual;[ Server Asia ] Akun Keqing Starter;https://imgop.itemku.com/?url=https%3A%2F%2Fd1x91p7vw3vuq8.cloudfront.net%2Fitem-type%2F20251020%2F1t1hqgmm26yt4uktuh017s.png&w=1033&q=75;;
Akun;Genshin Impact;Rp199.000;44 terjual;[ Server Asia ]  Akun Neuvillette Starter;https://imgop.itemku.com/?url=https%3A%2F%2Fd1x91p7vw3vuq8.cloudfront.net%2Fitem-type%2F20251020%2F1t1hqgmm26yt4uktuh017s.png&w=1033&q=75;;
Akun;Genshin Impact;Rp262.000;43 terjual;Akun Starter Itto Asia AR 10;https://imgop.itemku.com/?url=https%3A%2F%2Fd1x91p7vw3vuq8.cloudfront.net%2Fitem-type%2F20251020%2F1t1hqgmm26yt4uktuh017s.png&w=1033&q=75;;
Akun;Genshin Impact;Rp700.000;;[19 B5][14 Limit] Mid Game Super GG Akun Siap Pakai [Well Build];https://imgop.itemku.com/?url=https%3A%2F%2Fd1x91p7vw3vuq8.cloudfront.net%2Fitem-type%2F20251020%2F1t1hqgmm26yt4uktuh017s.png&w=1033&q=75;;
Akun;Genshin Impact;Rp550.000;;[16 B5][11 Limit] Ayaka Ayato Cyno Furina Ganyu Kazuha Nahida Raiden  Tartaglia Xiao Yelan Akun Siap Pakai [Well Build];https://imgop.itemku.com/?url=https%3A%2F%2Fd1x91p7vw3vuq8.cloudfront.net%2Fitem-type%2F20251020%2F1t1hqgmm26yt4uktuh017s.png&w=1033&q=75;;
Akun;Genshin Impact;Rp720.000;;[11 Limit] Arlecchino C1 + Sign, Hu Tao C1, Kinich, Chasca, Kazuha, Zhongli, Xiao, Ganyu, Ayato, Childe, Nahida Well Build ~ [AR 58, FR 14];https://imgop.itemku.com/?url=https%3A%2F%2Fd1x91p7vw3vuq8.cloudfront.net%2Fitem-type%2F20251020%2F1t1hqgmm26yt4uktuh017s.png&w=1033&q=75;;
Akun;Genshin Impact;Rp600.000;;[Good Acc] [AR 57, FR 31] [9 Limit Char] Zibai, Columbina, Escoffier, Neuvillette, Furina, Arlecchino C1 + Sign, Zhongli, Kazuha, Yelan Well Build;https://imgop.itemku.com/?url=https%3A%2F%2Fd1x91p7vw3vuq8.cloudfront.net%2Fitem-type%2F20251020%2F1t1hqgmm26yt4uktuh017s.png&w=1033&q=75;;
Akun;One Piece Bounty Rush;Rp43.000;7470 terjual;Akun OPBR ONE PIECE Bounty Rush-3;https://imgop.itemku.com/?url=https%3A%2F%2Fd1x91p7vw3vuq8.cloudfront.net%2Fitemku-upload%2F2026521%2Fycedpf5g78cwhgxsm6wcp_thumbnail.jpg&w=1033&q=75;;
Akun;One Piece Bounty Rush;Rp99.000;4389 terjual;Akun OPBR ONE PIECE Bounty Rush-2;https://imgop.itemku.com/?url=https%3A%2F%2Fd1x91p7vw3vuq8.cloudfront.net%2Fitemku-upload%2F2026521%2Fe7x6vmdaj45l4xl4b3156p_thumbnail.jpg&w=1033&q=75;;
Akun;One Piece Bounty Rush;Rp8.800;2976 terjual;Akun OPBR ONE PIECE Bounty Rush-8;https://imgop.itemku.com/?url=https%3A%2F%2Fd1x91p7vw3vuq8.cloudfront.net%2Fitemku-upload%2F2026521%2Fvrxvt0z5a5sxw9qtgxyhs_thumbnail.jpg&w=1033&q=75;;
Akun;One Piece Bounty Rush;Rp55.000;2769 terjual;Akun OPBR ONE PIECE Bounty Rush-5;https://imgop.itemku.com/?url=https%3A%2F%2Fd1x91p7vw3vuq8.cloudfront.net%2Fitemku-upload%2F2026521%2F1eqq3eurx9b8n83w235do_thumbnail.jpg&w=1033&q=75;;
Akun;One Piece Bounty Rush;Rp40.000;7 terjual;Akun gacha one piece bounty rush Global Android 20;https://imgop.itemku.com/?url=https%3A%2F%2Fd1x91p7vw3vuq8.cloudfront.net%2Fitemku-upload%2F2026427%2Fam7q5y1x11qr1w3dunube_thumbnail.jpg&w=1033&q=75;;
Akun;One Piece Bounty Rush;Rp5.500;16 terjual;Akun Gacha One piece Bounty Rush Global IOS lite;https://imgop.itemku.com/?url=https%3A%2F%2Fd1x91p7vw3vuq8.cloudfront.net%2Fitemku-upload%2F2026518%2Fcr5h0k41i2jtwbaxnh7tqa_thumbnail.jpg&w=1033&q=75;;
Akun;One Piece Bounty Rush;Rp23.000;166 terjual;Akun One piece Bounty Rush Global-15;https://imgop.itemku.com/?url=https%3A%2F%2Fd1x91p7vw3vuq8.cloudfront.net%2Fitemku-upload%2F2026417%2F6d7et83w6fu6v5sa77jlc7_thumbnail.jpg&w=1033&q=75;;
Akun;One Piece Bounty Rush;Rp69.000;34 terjual;Akun One piece Bounty rush Android;https://imgop.itemku.com/?url=https%3A%2F%2Fd1x91p7vw3vuq8.cloudfront.net%2Fitemku-upload%2F2026423%2Flfv0p8bsnlihuupy2eu6v_thumbnail.jpg&w=1033&q=75;;
Akun;One Piece Bounty Rush;Rp13.500;1415 terjual;Akun OPBR ONE PIECE Bounty Rush-i2;https://imgop.itemku.com/?url=https%3A%2F%2Fd1x91p7vw3vuq8.cloudfront.net%2Fitemku-upload%2F2026329%2Fj4ftxliohtjg118932o8wm_thumbnail.jpg&w=1033&q=75;;
Akun;One Piece Bounty Rush;Rp12.000;1073 terjual;Akun Starter One Piece Bounty Rush 1000 RD;https://imgop.itemku.com/?url=https%3A%2F%2Fd1x91p7vw3vuq8.cloudfront.net%2Fitemku-upload%2F2024824%2Ffwv8ohjsq4rlduvtugy6bl_thumbnail.jpg&w=1033&q=75;;
Akun;One Piece Bounty Rush;Rp8.600;935 terjual;Akun Reroll ONE PIECE Bounty Rush [Android] - 2;https://imgop.itemku.com/?url=https%3A%2F%2Fd1x91p7vw3vuq8.cloudfront.net%2Fitemku-upload%2F2026415%2F03633xwvrkcvhrop545j9pg_thumbnail.jpg&w=1033&q=75;;
Akun;One Piece Bounty Rush;Rp18.500;863 terjual;Akun Reroll ONE PIECE Bounty Rush [IOS] - 2;https://imgop.itemku.com/?url=https%3A%2F%2Fd1x91p7vw3vuq8.cloudfront.net%2Fitemku-upload%2F2026220%2Fjt5f1ru2cin7l7da7d3vbq_thumbnail.jpg&w=1033&q=75;;
Akun;One Piece Bounty Rush;Rp250.000;760 terjual;Akun OPBR ONE PIECE Bounty Rush-14;https://imgop.itemku.com/?url=https%3A%2F%2Fd1x91p7vw3vuq8.cloudfront.net%2Fitemku-upload%2F2026521%2Fxoejwdpykhr9r8smqyh2vh_thumbnail.jpg&w=1033&q=75;;
Akun;One Piece Bounty Rush;Rp62.800;688 terjual;Akun OPBR ONE PIECE Bounty Rush-16;https://imgop.itemku.com/?url=https%3A%2F%2Fd1x91p7vw3vuq8.cloudfront.net%2Fitemku-upload%2F2026430%2F4raj94ea34c0iaa2xpcool_thumbnail.jpg&w=1033&q=75;;
Akun;One Piece Bounty Rush;Rp41.500;686 terjual;Account One Piece Bounty Rush OPBR Series A;https://imgop.itemku.com/?url=https%3A%2F%2Fd1x91p7vw3vuq8.cloudfront.net%2Fitemku-upload%2F2026513%2F4qhok78cr6qiegx2tiznh9_thumbnail.jpg&w=1033&q=75;;
Akun;One Piece Bounty Rush;Rp16.000;585 terjual;Akun Reroll ONE PIECE Bounty Rush [Android] - 4;https://imgop.itemku.com/?url=https%3A%2F%2Fd1x91p7vw3vuq8.cloudfront.net%2Fitemku-upload%2F2026427%2Fv0itqfrxgaodpnqfoa40f_thumbnail.jpg&w=1033&q=75;;
Akun;One Piece Bounty Rush;Rp16.900;159 terjual;Akun One Piece Bounty Rush Global-10;https://imgop.itemku.com/?url=https%3A%2F%2Fd1x91p7vw3vuq8.cloudfront.net%2Fitemku-upload%2F202643%2F9o54xkd1cnl3ogauamn6nr_thumbnail.jpg&w=1033&q=75;;
Akun;One Piece Bounty Rush;Rp145.000;7 terjual;Akun Gacha One Piece Bounty Rush ios-6;https://imgop.itemku.com/?url=https%3A%2F%2Fd1x91p7vw3vuq8.cloudfront.net%2Fitemku-upload%2F2026413%2Fwhlchmg1vecisi50kw5wv_thumbnail.jpg&w=1033&q=75;;
Akun;One Piece Bounty Rush;Rp145.000;4 terjual;Akun Gacha One piece Bounty Rush ios-5;https://imgop.itemku.com/?url=https%3A%2F%2Fd1x91p7vw3vuq8.cloudfront.net%2Fitemku-upload%2F2026413%2F8o5pe5pxnk43e3l0dzlw_thumbnail.jpg&w=1033&q=75;;
Akun;One Piece Bounty Rush;Rp145.000;1 terjual;Akun Gacha One Piece Bounty Rush ios-4;https://imgop.itemku.com/?url=https%3A%2F%2Fd1x91p7vw3vuq8.cloudfront.net%2Fitemku-upload%2F2026413%2Fdujygiq03gkm4aan0474n_thumbnail.jpg&w=1033&q=75;;
Akun;One Piece Bounty Rush;Rp41.500;499 terjual;Akun Reroll ONE PIECE Bounty Rush [Android] - 1;https://imgop.itemku.com/?url=https%3A%2F%2Fd1x91p7vw3vuq8.cloudfront.net%2Fitemku-upload%2F2026511%2Fhlm07q5tzyqfr8yt4puis_thumbnail.jpg&w=1033&q=75;;
Akun;One Piece Bounty Rush;Rp30.000;407 terjual;Akun Reroll ONE PIECE Bounty Rush [Android] - 3;https://imgop.itemku.com/?url=https%3A%2F%2Fd1x91p7vw3vuq8.cloudfront.net%2Fitemku-upload%2F2026322%2Fvz16nilquh8yu9a5t023d_thumbnail.jpg&w=1033&q=75;;
Akun;One Piece Bounty Rush;Rp42.000;345 terjual;Akun Reroll ONE PIECE Bounty Rush [IOS] - 1;https://imgop.itemku.com/?url=https%3A%2F%2Fd1x91p7vw3vuq8.cloudfront.net%2Fitemku-upload%2F2026427%2Fgjf9xferognrgesaa8u9m_thumbnail.jpg&w=1033&q=75;;
Akun;One Piece Bounty Rush;Rp10.000;268 terjual;Akun One Piece Bounty Rush;https://imgop.itemku.com/?url=https%3A%2F%2Fd1x91p7vw3vuq8.cloudfront.net%2Fitemku-upload%2F2026518%2Fez2hg5d0rv7ea9czs6u8ce_thumbnail.jpg&w=1033&q=75;;
Akun;One Piece Bounty Rush;Rp10.000;252 terjual;Akun Global ios One piece Bounty Rush-4;https://imgop.itemku.com/?url=https%3A%2F%2Fd1x91p7vw3vuq8.cloudfront.net%2Fitemku-upload%2F202639%2Fmf3tq2qqt1b3trvd21p00p_thumbnail.jpg&w=1033&q=75;;
Akun;One Piece Bounty Rush;Rp12.000;233 terjual;Akun Reroll ONE PIECE Bounty Rush [IOS] - 3;https://imgop.itemku.com/?url=https%3A%2F%2Fd1x91p7vw3vuq8.cloudfront.net%2Fitemku-upload%2F2026415%2Fmmdbdhe1tkk9b75zd87tms_thumbnail.jpg&w=1033&q=75;;
Akun;One Piece Bounty Rush;Rp29.800;213 terjual;Akun OPBR ONE PIECE Bounty Rush-17;https://imgop.itemku.com/?url=https%3A%2F%2Fd1x91p7vw3vuq8.cloudfront.net%2Fitemku-upload%2F202647%2Firptyamwo09mk7lkmt8u9_thumbnail.jpg&w=1033&q=75;;
Akun;One Piece Bounty Rush;Rp110.000;187 terjual;Akun Reroll ONE PIECE Bounty Rush [Android] - 6;https://imgop.itemku.com/?url=https%3A%2F%2Fd1x91p7vw3vuq8.cloudfront.net%2Fitemku-upload%2F2026124%2Fd8lxahqgd5ekrzyvppf8zh_thumbnail.jpg&w=1033&q=75;;
Akun;One Piece Bounty Rush;Rp145.000;15 terjual;Akun Gacha One Piece Bounty Rush ios-3;https://imgop.itemku.com/?url=https%3A%2F%2Fd1x91p7vw3vuq8.cloudfront.net%2Fitemku-upload%2F2026410%2F8kckqc3duz50zx95rtcvtfn_thumbnail.jpg&w=1033&q=75;;
Akun;One Piece Bounty Rush;Rp145.000;22 terjual;Akun Gacha One piece Bounty Rush ios Global;https://imgop.itemku.com/?url=https%3A%2F%2Fd1x91p7vw3vuq8.cloudfront.net%2Fitemku-upload%2F2026410%2F9wq8skck3htv2cg87jewt_thumbnail.jpg&w=1033&q=75;;
Akun;One Piece Bounty Rush;Rp145.000;3 terjual;Akun Gacha One piece Bounty Rush Global;https://imgop.itemku.com/?url=https%3A%2F%2Fd1x91p7vw3vuq8.cloudfront.net%2Fitemku-upload%2F2026410%2F0gqr9n82pm9rvk2fonl6k0j_thumbnail.jpg&w=1033&q=75;;
Akun;One Piece Bounty Rush;Rp17.900;123 terjual;Akun one piece bounty rush Android only;https://imgop.itemku.com/?url=https%3A%2F%2Fd1x91p7vw3vuq8.cloudfront.net%2Fitemku-upload%2F2026512%2F0gzmm3lh76dowq8zcn83qd8_thumbnail.jpg&w=1033&q=75;;
Voucher;Steam;Rp6.199;;IDR 6.000;https://imgop.itemku.com/?url=https%3A%2F%2Fd1x91p7vw3vuq8.cloudfront.net%2Fimage_upload%2F2025831%2Fz7wzvdnqwenu4cvffxqcw.png&w=96&q=75;;
Voucher;Steam;Rp7.999;;IDR 8.000;https://imgop.itemku.com/?url=https%3A%2F%2Fd1x91p7vw3vuq8.cloudfront.net%2Fimage_upload%2F2025831%2Fz7wzvdnqwenu4cvffxqcw.png&w=96&q=75;;
Voucher;Steam;Rp12.099;;IDR 10.000;https://imgop.itemku.com/?url=https%3A%2F%2Fd1x91p7vw3vuq8.cloudfront.net%2Fimage_upload%2F2025831%2Fz7wzvdnqwenu4cvffxqcw.png&w=96&q=75;;
Voucher;Steam;Rp11.800;;IDR 12.000;https://imgop.itemku.com/?url=https%3A%2F%2Fd1x91p7vw3vuq8.cloudfront.net%2Fimage_upload%2F2025831%2Fz7wzvdnqwenu4cvffxqcw.png&w=96&q=75;;
Voucher;Steam;Rp44.000;;IDR 45.000;https://imgop.itemku.com/?url=https%3A%2F%2Fd1x91p7vw3vuq8.cloudfront.net%2Fimage_upload%2F2025831%2Fz7wzvdnqwenu4cvffxqcw.png&w=96&q=75;;
Voucher;Steam;Rp59.119;;IDR 60.000;https://imgop.itemku.com/?url=https%3A%2F%2Fd1x91p7vw3vuq8.cloudfront.net%2Fimage_upload%2F2025831%2Fz7wzvdnqwenu4cvffxqcw.png&w=96&q=75;;
Voucher;Steam;Rp88.090;;IDR 90.000;https://imgop.itemku.com/?url=https%3A%2F%2Fd1x91p7vw3vuq8.cloudfront.net%2Fimage_upload%2F2025831%2Fz7wzvdnqwenu4cvffxqcw.png&w=96&q=75;;
Voucher;Steam;Rp119.143;;IDR 120.000;https://imgop.itemku.com/?url=https%3A%2F%2Fd1x91p7vw3vuq8.cloudfront.net%2Fimage_upload%2F2025831%2Fz7wzvdnqwenu4cvffxqcw.png&w=96&q=75;;
Voucher;Steam;Rp246.800;;IDR 250.000;https://imgop.itemku.com/?url=https%3A%2F%2Fd1x91p7vw3vuq8.cloudfront.net%2Fimage_upload%2F2025831%2Fz7wzvdnqwenu4cvffxqcw.png&w=96&q=75;;
Voucher;Steam;Rp404.000;;IDR 400.000;https://imgop.itemku.com/?url=https%3A%2F%2Fd1x91p7vw3vuq8.cloudfront.net%2Fimage_upload%2F2025831%2Fz7wzvdnqwenu4cvffxqcw.png&w=96&q=75;;
Voucher;Steam;Rp594.498;;IDR 600.000;https://imgop.itemku.com/?url=https%3A%2F%2Fd1x91p7vw3vuq8.cloudfront.net%2Fimage_upload%2F2025831%2Fz7wzvdnqwenu4cvffxqcw.png&w=96&q=75;;
Voucher;ExitLag;Rp89.780;;1 Bulan;https://imgop.itemku.com/?url=https%3A%2F%2Fd1x91p7vw3vuq8.cloudfront.net%2Fitem-type%2F2025825%2Fnaf8bzlll49wio25e3x3cb.jpg&w=48&q=75;;
Voucher;ExitLag;Rp260.000;;3 Bulan;https://imgop.itemku.com/?url=https%3A%2F%2Fd1x91p7vw3vuq8.cloudfront.net%2Fitem-type%2F2025825%2F3dqu15k1pm6lgqj4nsbgom.jpg&w=48&q=75;;
Voucher;Nintendo;Rp84.086;;USD $5;https://imgop.itemku.com/?url=https%3A%2F%2Fd1x91p7vw3vuq8.cloudfront.net%2Fimage_upload%2F2025831%2Fim3jgcqkysrj32vw4a9ws.png&w=96&q=75;;
Voucher;Nintendo;Rp152.000;;USD $10;https://imgop.itemku.com/?url=https%3A%2F%2Fd1x91p7vw3vuq8.cloudfront.net%2Fimage_upload%2F2025831%2Fim3jgcqkysrj32vw4a9ws.png&w=96&q=75;;
Voucher;Nintendo;Rp305.900;;USD $20;https://imgop.itemku.com/?url=https%3A%2F%2Fd1x91p7vw3vuq8.cloudfront.net%2Fimage_upload%2F2025831%2Fim3jgcqkysrj32vw4a9ws.png&w=96&q=75;;
Voucher;Nintendo;Rp452.952;;USD $25;https://imgop.itemku.com/?url=https%3A%2F%2Fd1x91p7vw3vuq8.cloudfront.net%2Fimage_upload%2F2025831%2Fim3jgcqkysrj32vw4a9ws.png&w=96&q=75;;
Voucher;Nintendo;Rp535.000;;USD $35;https://imgop.itemku.com/?url=https%3A%2F%2Fd1x91p7vw3vuq8.cloudfront.net%2Fimage_upload%2F2025831%2Fim3jgcqkysrj32vw4a9ws.png&w=96&q=75;;
Voucher;Nintendo;Rp700.000;;USD $45;https://imgop.itemku.com/?url=https%3A%2F%2Fd1x91p7vw3vuq8.cloudfront.net%2Fimage_upload%2F2025831%2Fim3jgcqkysrj32vw4a9ws.png&w=96&q=75;;
Voucher;Nintendo;Rp772.140;;USD $50;https://imgop.itemku.com/?url=https%3A%2F%2Fd1x91p7vw3vuq8.cloudfront.net%2Fimage_upload%2F2025831%2Fim3jgcqkysrj32vw4a9ws.png&w=96&q=75;;
Voucher;Nintendo;Rp1.094.081;;USD $70;https://imgop.itemku.com/?url=https%3A%2F%2Fd1x91p7vw3vuq8.cloudfront.net%2Fimage_upload%2F2025831%2Fim3jgcqkysrj32vw4a9ws.png&w=96&q=75;;
Voucher;Nintendo;Rp1.565.000;;USD $99;https://imgop.itemku.com/?url=https%3A%2F%2Fd1x91p7vw3vuq8.cloudfront.net%2Fimage_upload%2F2025831%2Fim3jgcqkysrj32vw4a9ws.png&w=96&q=75;;
Voucher;Redfinger;Rp19.036;;VIP 7 Day;https://imgop.itemku.com/?url=https%3A%2F%2Fd1x91p7vw3vuq8.cloudfront.net%2Fitem-type%2F20251030%2F8m7zpphxedioa0blprguh.webp&w=96&q=75;;
Voucher;Redfinger;Rp32.630;;KVIP 7 Day;https://imgop.itemku.com/?url=https%3A%2F%2Fd1x91p7vw3vuq8.cloudfront.net%2Fitem-type%2F20251030%2F38ihjsz3oig0p0ds8euea6i.webp&w=96&q=75;;
Voucher;Redfinger;Rp57.499;;VIP 30 Day;https://imgop.itemku.com/?url=https%3A%2F%2Fd1x91p7vw3vuq8.cloudfront.net%2Fitem-type%2F20251030%2Fpijzv8s4gdcmasdlsfkpe.webp&w=96&q=75;;
Voucher;Redfinger;Rp96.838;;KVIP 30 Day;https://imgop.itemku.com/?url=https%3A%2F%2Fd1x91p7vw3vuq8.cloudfront.net%2Fitem-type%2F20251030%2Fb3hvlcexf1ecwp9fmn0sgo.webp&w=96&q=75;;
Voucher;Redfinger;Rp41.616;;SVIP 7 Day;https://imgop.itemku.com/?url=https%3A%2F%2Fd1x91p7vw3vuq8.cloudfront.net%2Fitem-type%2F20251030%2Fq21fvm32bbob7fd1g85js.webp&w=96&q=75;;
Voucher;Redfinger;Rp129.780;;SVIP 30 Day;https://imgop.itemku.com/?url=https%3A%2F%2Fd1x91p7vw3vuq8.cloudfront.net%2Fitem-type%2F20251030%2Fn2h5e04j4vgu7fctjnrs.webp&w=96&q=75;;
Voucher;Redfinger;Rp96.500;;XVIP 7 Day;https://imgop.itemku.com/?url=https%3A%2F%2Fd1x91p7vw3vuq8.cloudfront.net%2Fitem-type%2F2025114%2F8805l30n133ub4dy70lut.webp&w=96&q=75;;
Voucher;Redfinger;Rp290.000;;XVIP 30 Day;https://imgop.itemku.com/?url=https%3A%2F%2Fd1x91p7vw3vuq8.cloudfront.net%2Fitem-type%2F2025114%2Fr5qu5gdfcnhvteujnu73jd.webp&w=96&q=75;;
Voucher;Roblox;Rp48.299;;100 Robux;https://d1x91p7vw3vuq8.cloudfront.net/item-type/2025410/ld1lyl93o9bskakhfa41qf.svg;;
Voucher;Roblox;Rp48.299;;200 Robux;https://d1x91p7vw3vuq8.cloudfront.net/item-type/2025410/2gjhm25dvyfg3uu1ui2l6.svg;;
Voucher;Roblox;Rp47.899;;250 Robux;https://imgop.itemku.com/?url=https%3A%2F%2Fd1x91p7vw3vuq8.cloudfront.net%2Fitem-info%2F20251030%2Fk1y8y53sx0a5zg8jvss84m.jpg&w=96&q=75;;
Voucher;Roblox;Rp79.000;;400 Robux;https://d1x91p7vw3vuq8.cloudfront.net/item-type/2025410/k0g41g2zuwqbozml31gau5.svg;;
Voucher;Roblox;Rp93.000;;500 Robux;https://imgop.itemku.com/?url=https%3A%2F%2Fd1x91p7vw3vuq8.cloudfront.net%2Fitem-type%2F2025618%2Fk1vr5du4edffss9jsq1t.jpg&w=96&q=75;;
Voucher;Roblox;Rp147.990;;800 Robux;https://d1x91p7vw3vuq8.cloudfront.net/item-type/2025410/m34qitbwv7q8ohyxzn281l.svg;;
Voucher;Roblox;Rp185.000;;1000 Robux;https://d1x91p7vw3vuq8.cloudfront.net/item-type/2025410/zttcu6042ohsqb9qqul8v.svg;;
Voucher;Roblox;Rp229.990;;1200 Robux;https://d1x91p7vw3vuq8.cloudfront.net/item-type/2025410/01tn04sqdk9n07aqn0lc2qbk.svg;;
Voucher;Roblox;Rp279.990;;1500 Robux;https://d1x91p7vw3vuq8.cloudfront.net/item-type/2025410/23atjih2yf1nppohjks9wp.svg;;
Voucher;Roblox;Rp294.000;;1600 Robux;https://d1x91p7vw3vuq8.cloudfront.net/item-type/2025410/euiafuzkfvhj81h0gbsbll.svg;;
Voucher;Roblox;Rp315.000;;1700 Robux;https://d1x91p7vw3vuq8.cloudfront.net/item-type/2025410/bq4ctic4idnqf7fubq9o8.svg;;
Voucher;Roblox;Rp369.990;;2000 Robux;https://d1x91p7vw3vuq8.cloudfront.net/item-type/2025410/d768ke2mmiv5hdxyjdb5js.svg;;
Voucher;Roblox;Rp395.000;;2200 Robux;https://d1x91p7vw3vuq8.cloudfront.net/item-type/2025410/mtje9l0l3lglo8tthifydj.svg;;
Voucher;Roblox;Rp420.000;;2500 Robux;https://d1x91p7vw3vuq8.cloudfront.net/item-type/2025410/dg2x5wpoqnacdka2tn15mb.svg;;
Voucher;Roblox;Rp486.300;;2700 Robux;https://d1x91p7vw3vuq8.cloudfront.net/item-type/2025410/9q582hyp6cl1ku9yw4micf.svg;;
Voucher;Roblox;Rp503.320;;3000 Robux;https://d1x91p7vw3vuq8.cloudfront.net/item-type/2025410/ki444u2zthip60o3l7dglm.svg;;
Voucher;Roblox;Rp689.999;;3600 Robux;https://d1x91p7vw3vuq8.cloudfront.net/item-type/2025410/sqwibkcquom9r3qpn6twqn.svg;;
Voucher;Roblox;Rp750.000;;4000 Robux;https://d1x91p7vw3vuq8.cloudfront.net/item-type/2025410/enedd88neplbp32ex6ulq.svg;;
Voucher;Roblox;Rp789.990;;4500 Robux;https://d1x91p7vw3vuq8.cloudfront.net/item-type/2025410/db1oprjvuuourn1p2uajtp.svg;;
Voucher;Roblox;Rp910.000;;5250 Robux;https://d1x91p7vw3vuq8.cloudfront.net/item-type/2025410/bvguoyyto2tzsskijd3d5n.svg;;
Voucher;Roblox;Rp1.300.000;;7000 Robux;https://d1x91p7vw3vuq8.cloudfront.net/item-type/2025410/raq2ad0y0cjfo8s57hu31.svg;;
Voucher;Roblox;Rp1.480.090;;8000 Robux;https://d1x91p7vw3vuq8.cloudfront.net/item-type/2025410/84oxiiwaxraaz5lh723pv8.svg;;
Voucher;Roblox;Rp1.701.183;;10000 Robux;https://d1x91p7vw3vuq8.cloudfront.net/item-type/2025410/cg3n78q3kcmf7qy849t6ni.svg;;
Voucher;Roblox;Rp1.870.000;;11000 Robux;https://d1x91p7vw3vuq8.cloudfront.net/item-type/2025410/5iln5ogoazusawei5uiaie.svg;;
Voucher;Roblox;Rp2.100.000;;13000 Robux;https://d1x91p7vw3vuq8.cloudfront.net/item-type/2025410/cmkfgiwkgjbgv0c33ck7zt.svg;;
Voucher;Roblox;Rp2.432.499;;14000 Robux;https://d1x91p7vw3vuq8.cloudfront.net/item-type/2025410/ndzablmqlm03rr6laft58f.svg;;
Voucher;Roblox;Rp3.177.490;;16000 Robux;https://d1x91p7vw3vuq8.cloudfront.net/item-type/2025410/i665oeh8t91ini9kbhnyz.svg;;
Voucher;Roblox;Rp3.542.790;;17000 Robux;https://d1x91p7vw3vuq8.cloudfront.net/item-type/2025410/juz0zfhg8gj6e74k0upaqk.svg;;
Voucher;Roblox;Rp3.700.000;;22500 Robux;https://d1x91p7vw3vuq8.cloudfront.net/item-type/2025410/jg2o9cey8wrxqfoxmhksed.svg;;
Voucher;Roblox;Rp4.000.000;;24000 Robux;https://d1x91p7vw3vuq8.cloudfront.net/item-type/2025410/3qi43fsby1tg8ays8xehge.svg;;
Voucher;Roblox;Rp5.859.190;;34000 Robux;https://d1x91p7vw3vuq8.cloudfront.net/item-type/2025410/5l7hbd3et9nhvg38txtfg.svg;;
Voucher;Roblox;Rp8.947.090;;36000 Robux;https://d1x91p7vw3vuq8.cloudfront.net/item-type/2025410/7zn2ikuglwtseaxl7xadxd.svg;;
Voucher;Roblox;Rp11.861.590;;48000 Robux;https://d1x91p7vw3vuq8.cloudfront.net/item-type/2025410/9awesqgi2eou4tsl64geik.svg;;
Voucher;PlayStation Gift Card;Rp96.995;;IDR 100.000;https://imgop.itemku.com/?url=https%3A%2F%2Fd1x91p7vw3vuq8.cloudfront.net%2Fimage_upload%2F2025828%2F45zf6yzk3gs6o1ek2cibnh.png&w=48&q=75;;
Voucher;PlayStation Gift Card;Rp198.300;;IDR 200.000;https://imgop.itemku.com/?url=https%3A%2F%2Fd1x91p7vw3vuq8.cloudfront.net%2Fimage_upload%2F2025828%2F45zf6yzk3gs6o1ek2cibnh.png&w=48&q=75;;
Voucher;PlayStation Gift Card;Rp223.057;;IDR 225.000;https://imgop.itemku.com/?url=https%3A%2F%2Fd1x91p7vw3vuq8.cloudfront.net%2Fimage_upload%2F2025828%2F45zf6yzk3gs6o1ek2cibnh.png&w=48&q=75;;
Voucher;PlayStation Gift Card;Rp290.000;;IDR 300.000;https://imgop.itemku.com/?url=https%3A%2F%2Fd1x91p7vw3vuq8.cloudfront.net%2Fimage_upload%2F2025828%2F45zf6yzk3gs6o1ek2cibnh.png&w=48&q=75;;
Voucher;PlayStation Gift Card;Rp401.500;;IDR 400.000;https://imgop.itemku.com/?url=https%3A%2F%2Fd1x91p7vw3vuq8.cloudfront.net%2Fimage_upload%2F2025828%2F45zf6yzk3gs6o1ek2cibnh.png&w=48&q=75;;
Voucher;PlayStation Gift Card;Rp500.000;;IDR 500.000;https://imgop.itemku.com/?url=https%3A%2F%2Fd1x91p7vw3vuq8.cloudfront.net%2Fimage_upload%2F2025828%2F45zf6yzk3gs6o1ek2cibnh.png&w=48&q=75;;
Voucher;PlayStation Gift Card;Rp581.900;;IDR 600.000;https://imgop.itemku.com/?url=https%3A%2F%2Fd1x91p7vw3vuq8.cloudfront.net%2Fimage_upload%2F2025828%2F45zf6yzk3gs6o1ek2cibnh.png&w=48&q=75;;
Voucher;PlayStation Gift Card;Rp979.905;;IDR 1.000.000;https://imgop.itemku.com/?url=https%3A%2F%2Fd1x91p7vw3vuq8.cloudfront.net%2Fimage_upload%2F2025828%2F45zf6yzk3gs6o1ek2cibnh.png&w=48&q=75;;
Voucher;PlayStation Gift Card;Rp1.481.275;;IDR 1.500.000;https://imgop.itemku.com/?url=https%3A%2F%2Fd1x91p7vw3vuq8.cloudfront.net%2Fimage_upload%2F2025828%2F45zf6yzk3gs6o1ek2cibnh.png&w=48&q=75;;
Voucher;Razer Gold;Rp9.800;;IDR 10000;https://d1x91p7vw3vuq8.cloudfront.net/image_upload/2025421/mphigtw0ocyhnxe2v8qd.svg;;
Voucher;Razer Gold;Rp19.860;;IDR 20000;https://d1x91p7vw3vuq8.cloudfront.net/image_upload/2025421/mphigtw0ocyhnxe2v8qd.svg;;
Voucher;Razer Gold;Rp48.900;;IDR 50000;https://d1x91p7vw3vuq8.cloudfront.net/image_upload/2025421/mphigtw0ocyhnxe2v8qd.svg;;
Voucher;Razer Gold;Rp99.400;;IDR 100000;https://d1x91p7vw3vuq8.cloudfront.net/image_upload/2025421/6017bs2ks8oe5axh53qah.svg;;
Voucher;Razer Gold;Rp198.700;;IDR 200000;https://d1x91p7vw3vuq8.cloudfront.net/image_upload/2025421/6017bs2ks8oe5axh53qah.svg;;
Voucher;Razer Gold;Rp496.601;;IDR 500000;https://d1x91p7vw3vuq8.cloudfront.net/image_upload/2025421/bncdrd4clkefli3usveg79.svg;;
Voucher;Razer Gold;Rp993.201;;IDR 1000000;https://d1x91p7vw3vuq8.cloudfront.net/image_upload/2025421/bncdrd4clkefli3usveg79.svg;;
Voucher;VSPhone;Rp85.000;;SVIP 30 Days;https://imgop.itemku.com/?url=https%3A%2F%2Fd1x91p7vw3vuq8.cloudfront.net%2Fitem-type%2F2025116%2Fgwj6lhdn9xeavnmz85s73v.png&w=96&q=75;;
Voucher;VSPhone;Rp3.748;;VIP 1 Day;https://imgop.itemku.com/?url=https%3A%2F%2Fd1x91p7vw3vuq8.cloudfront.net%2Fitem-type%2F2025116%2Fqcgvidkofdk8qve8shf8.png&w=96&q=75;;
Voucher;VSPhone;Rp132.000;;XVIP 30 Days;https://imgop.itemku.com/?url=https%3A%2F%2Fd1x91p7vw3vuq8.cloudfront.net%2Fitem-type%2F2025116%2Fvwh9oso30tg7yvrowqpdih.png&w=96&q=75;;
Voucher;VSPhone;Rp7.090;;SVIP 1 Day;https://imgop.itemku.com/?url=https%3A%2F%2Fd1x91p7vw3vuq8.cloudfront.net%2Fitem-type%2F2025116%2Fbacmw0qrx4dbdb0bs63fao.png&w=96&q=75;;
Voucher;VSPhone;Rp4.659;;KVIP 1 Day;https://imgop.itemku.com/?url=https%3A%2F%2Fd1x91p7vw3vuq8.cloudfront.net%2Fitem-type%2F2025116%2Fen2vbxjmki6vf22g45prde.png&w=96&q=75;;
Voucher;VSPhone;Rp12.910;;Basic 7 Days;https://imgop.itemku.com/?url=https%3A%2F%2Fd1x91p7vw3vuq8.cloudfront.net%2Fitem-info%2F202647%2Fwrw6c76gr4i7mkep07lexw.png&w=96&q=75;;
Voucher;VSPhone;Rp8.740;;XVIP 1 Day;https://imgop.itemku.com/?url=https%3A%2F%2Fd1x91p7vw3vuq8.cloudfront.net%2Fitem-type%2F2025116%2Fm700smmrroozxf01momvfn.png&w=96&q=75;;
Voucher;VSPhone;Rp27.000;;SVIP 7 Days;https://imgop.itemku.com/?url=https%3A%2F%2Fd1x91p7vw3vuq8.cloudfront.net%2Fitem-info%2F2025123%2F6avrzdff6udqg5reeoxdm.png&w=96&q=75;;
Voucher;VSPhone;Rp18.300;;KVIP 7 Days;https://imgop.itemku.com/?url=https%3A%2F%2Fd1x91p7vw3vuq8.cloudfront.net%2Fitem-info%2F2025123%2Fatwwthm2ph72s4y349379l.png&w=96&q=75;;
Voucher;VSPhone;Rp15.800;;MVIP 1 Days;https://imgop.itemku.com/?url=https%3A%2F%2Fd1x91p7vw3vuq8.cloudfront.net%2Fitem-type%2F202647%2Fq6ona1ncnlmndo3kvfs1c.png&w=96&q=75;;
Voucher;VSPhone;Rp49.000;;XVIP 7 Days;https://imgop.itemku.com/?url=https%3A%2F%2Fd1x91p7vw3vuq8.cloudfront.net%2Fitem-info%2F2025123%2Fsi5ja18lx7wexsviinylj.png&w=96&q=75;;
Voucher;VSPhone;Rp68.000;;MVIP 7 Days;https://imgop.itemku.com/?url=https%3A%2F%2Fd1x91p7vw3vuq8.cloudfront.net%2Fitem-type%2F202647%2Fyg7zn7i92hnft1btt7rw4u.png&w=96&q=75;;
Voucher;VSPhone;Rp249.999;;MVIP 30 Days;https://imgop.itemku.com/?url=https%3A%2F%2Fd1x91p7vw3vuq8.cloudfront.net%2Fitem-type%2F202647%2Fpg8ytzhgi1afh3wdfs843n.png&w=96&q=75;;
Voucher;VSPhone;Rp2.770;;Basic 1 Day;https://imgop.itemku.com/?url=https%3A%2F%2Fd1x91p7vw3vuq8.cloudfront.net%2Fitem-info%2F202647%2Fz3q7b88e8nopagegupau.png&w=96&q=75;;
Voucher;VSPhone;Rp79.500;;KVIP 30 Days;https://imgop.itemku.com/?url=https%3A%2F%2Fd1x91p7vw3vuq8.cloudfront.net%2Fitem-type%2F2025116%2Fo2zo8707sfnafamgsnorod.png&w=96&q=75;;
Voucher;VSPhone;Rp14.777;;VIP 7 Days;https://imgop.itemku.com/?url=https%3A%2F%2Fd1x91p7vw3vuq8.cloudfront.net%2Fitem-info%2F2025123%2Fmpi3vyavdidg1la6wmes9.png&w=96&q=75;;
Voucher;VSPhone;Rp53.490;;VIP 30 Days;https://imgop.itemku.com/?url=https%3A%2F%2Fd1x91p7vw3vuq8.cloudfront.net%2Fitem-type%2F2025116%2Fkzamo2y98cz5r0bpu4pio.png&w=96&q=75;;
Voucher;VSPhone;Rp49.500;;Basic 30 Days;https://imgop.itemku.com/?url=https%3A%2F%2Fd1x91p7vw3vuq8.cloudfront.net%2Fitem-info%2F202647%2F3azkyytfjflahoc4pkwyvn.png&w=96&q=75;;
Voucher;Google Play;Rp4.600;;IDR 5.000;https://imgop.itemku.com/?url=https%3A%2F%2Fd1x91p7vw3vuq8.cloudfront.net%2Fimage_upload%2F2025828%2Fy5f7668swpofsnm2dcvtdr.png&w=96&q=75;;
Voucher;Google Play;Rp9.849;;IDR 10.000;https://imgop.itemku.com/?url=https%3A%2F%2Fd1x91p7vw3vuq8.cloudfront.net%2Fimage_upload%2F2025828%2Fy5f7668swpofsnm2dcvtdr.png&w=96&q=75;;
Voucher;Google Play;Rp16.399;;IDR 16.000;https://imgop.itemku.com/?url=https%3A%2F%2Fd1x91p7vw3vuq8.cloudfront.net%2Fimage_upload%2F2025828%2Fy5f7668swpofsnm2dcvtdr.png&w=96&q=75;;
Voucher;Google Play;Rp19.499;;IDR 20.000;https://imgop.itemku.com/?url=https%3A%2F%2Fd1x91p7vw3vuq8.cloudfront.net%2Fimage_upload%2F2025828%2Fy5f7668swpofsnm2dcvtdr.png&w=96&q=75;;
Voucher;Google Play;Rp35.800;;IDR 35.000;https://imgop.itemku.com/?url=https%3A%2F%2Fd1x91p7vw3vuq8.cloudfront.net%2Fimage_upload%2F2025828%2Fy5f7668swpofsnm2dcvtdr.png&w=96&q=75;;
Voucher;Google Play;Rp49.900;;IDR 49.000;https://imgop.itemku.com/?url=https%3A%2F%2Fd1x91p7vw3vuq8.cloudfront.net%2Fimage_upload%2F2025828%2Fy5f7668swpofsnm2dcvtdr.png&w=96&q=75;;
Voucher;Google Play;Rp49.500;;IDR 50.000;https://imgop.itemku.com/?url=https%3A%2F%2Fd1x91p7vw3vuq8.cloudfront.net%2Fimage_upload%2F2025828%2Fy5f7668swpofsnm2dcvtdr.png&w=96&q=75;;
Voucher;Google Play;Rp66.500;;IDR 65.000;https://imgop.itemku.com/?url=https%3A%2F%2Fd1x91p7vw3vuq8.cloudfront.net%2Fimage_upload%2F2025828%2Fy5f7668swpofsnm2dcvtdr.png&w=96&q=75;;
Voucher;Google Play;Rp79.899;;IDR 79.000;https://imgop.itemku.com/?url=https%3A%2F%2Fd1x91p7vw3vuq8.cloudfront.net%2Fimage_upload%2F2025828%2Fy5f7668swpofsnm2dcvtdr.png&w=96&q=75;;
Voucher;Google Play;Rp99.000;;IDR 100.000;https://imgop.itemku.com/?url=https%3A%2F%2Fd1x91p7vw3vuq8.cloudfront.net%2Fimage_upload%2F2025828%2Fy5f7668swpofsnm2dcvtdr.png&w=96&q=75;;
Voucher;Google Play;Rp131.200;;IDR 129.000;https://imgop.itemku.com/?url=https%3A%2F%2Fd1x91p7vw3vuq8.cloudfront.net%2Fimage_upload%2F2025828%2Fy5f7668swpofsnm2dcvtdr.png&w=96&q=75;;
Voucher;Google Play;Rp147.839;;IDR 150.000;https://imgop.itemku.com/?url=https%3A%2F%2Fd1x91p7vw3vuq8.cloudfront.net%2Fimage_upload%2F2025828%2Fy5f7668swpofsnm2dcvtdr.png&w=96&q=75;;
Voucher;Google Play;Rp149.000;;IDR 159.000;https://imgop.itemku.com/?url=https%3A%2F%2Fd1x91p7vw3vuq8.cloudfront.net%2Fimage_upload%2F2025828%2Fy5f7668swpofsnm2dcvtdr.png&w=96&q=75;;
Voucher;Google Play;Rp254.000;;IDR 249.000;https://imgop.itemku.com/?url=https%3A%2F%2Fd1x91p7vw3vuq8.cloudfront.net%2Fimage_upload%2F2025828%2Fy5f7668swpofsnm2dcvtdr.png&w=96&q=75;;
Voucher;Google Play;Rp295.000;;IDR 300.000;https://imgop.itemku.com/?url=https%3A%2F%2Fd1x91p7vw3vuq8.cloudfront.net%2Fimage_upload%2F2025828%2Fy5f7668swpofsnm2dcvtdr.png&w=96&q=75;;
Voucher;Google Play;Rp333.900;;IDR 329.000;https://imgop.itemku.com/?url=https%3A%2F%2Fd1x91p7vw3vuq8.cloudfront.net%2Fimage_upload%2F2025828%2Fy5f7668swpofsnm2dcvtdr.png&w=96&q=75;;
Voucher;Google Play;Rp404.900;;IDR 399.000;https://imgop.itemku.com/?url=https%3A%2F%2Fd1x91p7vw3vuq8.cloudfront.net%2Fimage_upload%2F2025828%2Fy5f7668swpofsnm2dcvtdr.png&w=96&q=75;;
Voucher;Google Play;Rp489.984;;IDR 500.000;https://imgop.itemku.com/?url=https%3A%2F%2Fd1x91p7vw3vuq8.cloudfront.net%2Fimage_upload%2F2025828%2Fy5f7668swpofsnm2dcvtdr.png&w=96&q=75;;
Voucher;Google Play;Rp666.800;;IDR 649.000;https://imgop.itemku.com/?url=https%3A%2F%2Fd1x91p7vw3vuq8.cloudfront.net%2Fimage_upload%2F2025828%2Fy5f7668swpofsnm2dcvtdr.png&w=96&q=75;;
Voucher;Google Play;Rp758.000;;IDR 750.000;https://imgop.itemku.com/?url=https%3A%2F%2Fd1x91p7vw3vuq8.cloudfront.net%2Fimage_upload%2F2025828%2Fy5f7668swpofsnm2dcvtdr.png&w=96&q=75;;
Voucher;Google Play;Rp812.995;;IDR 799.000;https://imgop.itemku.com/?url=https%3A%2F%2Fd1x91p7vw3vuq8.cloudfront.net%2Fimage_upload%2F2025828%2Fy5f7668swpofsnm2dcvtdr.png&w=96&q=75;;
Voucher;Google Play;Rp1.000.000;;IDR 1.000.000;https://imgop.itemku.com/?url=https%3A%2F%2Fd1x91p7vw3vuq8.cloudfront.net%2Fimage_upload%2F2025828%2Fy5f7668swpofsnm2dcvtdr.png&w=96&q=75;;
Voucher;Google Play;Rp1.314.300;;IDR 1.299.000;https://imgop.itemku.com/?url=https%3A%2F%2Fd1x91p7vw3vuq8.cloudfront.net%2Fimage_upload%2F2025828%2Fy5f7668swpofsnm2dcvtdr.png&w=96&q=75;;
Voucher;Google Play;Rp1.516.000;;IDR 1.500.000;https://imgop.itemku.com/?url=https%3A%2F%2Fd1x91p7vw3vuq8.cloudfront.net%2Fimage_upload%2F2025828%2Fy5f7668swpofsnm2dcvtdr.png&w=96&q=75;;
Voucher;Google Play;Rp1.615.807;;IDR 1.599.000;https://imgop.itemku.com/?url=https%3A%2F%2Fd1x91p7vw3vuq8.cloudfront.net%2Fimage_upload%2F2025828%2Fy5f7668swpofsnm2dcvtdr.png&w=96&q=75;;
Voucher;Cherry Credits;Rp68.490;;5.000 CC;https://imgop.itemku.com/?url=https%3A%2F%2Fd1x91p7vw3vuq8.cloudfront.net%2Fitem-type%2F2025826%2F20gte2l1yyro5tvljqo8j.png&w=96&q=75;;
Voucher;Cherry Credits;Rp137.400;;10.000 CC;https://imgop.itemku.com/?url=https%3A%2F%2Fd1x91p7vw3vuq8.cloudfront.net%2Fitem-type%2F2025826%2Fxma4bu6adddi0hc9og2c0a.png&w=96&q=75;;
Voucher;Cherry Credits;Rp213.080;;15.000 CC;https://imgop.itemku.com/?url=https%3A%2F%2Fd1x91p7vw3vuq8.cloudfront.net%2Fitem-type%2F2025826%2F6x76cwxgzk7ov89u8bj94e.png&w=96&q=75;;
Voucher;Cherry Credits;Rp416.000;;30.000 CC;https://imgop.itemku.com/?url=https%3A%2F%2Fd1x91p7vw3vuq8.cloudfront.net%2Fitem-type%2F2025826%2F8e3so8883kr79cl31noh9j.png&w=96&q=75;;
Voucher;Cherry Credits;Rp692.500;;50.000 CC;https://imgop.itemku.com/?url=https%3A%2F%2Fd1x91p7vw3vuq8.cloudfront.net%2Fitem-type%2F2025826%2Fhwyfvtks2tduj16t4c3j1k.png&w=96&q=75;;
Voucher;Cherry Credits;Rp1.385.000;;100.000 CC;https://imgop.itemku.com/?url=https%3A%2F%2Fd1x91p7vw3vuq8.cloudfront.net%2Fitem-type%2F2025826%2F5s3o9q455p8blb0qkv64f.png&w=96&q=75;;
Voucher;Valorant;Rp42.949;;375 Points (region Indonesia);https://imgop.itemku.com/?url=https%3A%2F%2Fd1x91p7vw3vuq8.cloudfront.net%2Fimage_upload%2F20251122%2Fhtz1d2izpua9f9zqf41f.png&w=96&q=75;;
Voucher;Valorant;Rp85.800;;650 Points (region Indonesia);https://imgop.itemku.com/?url=https%3A%2F%2Fd1x91p7vw3vuq8.cloudfront.net%2Fimage_upload%2F20251122%2Ftthg4hy2x1390t2bo0u3k.png&w=96&q=75;;
Voucher;Valorant;Rp139.143;;1350 Points (region Indonesia);https://imgop.itemku.com/?url=https%3A%2F%2Fd1x91p7vw3vuq8.cloudfront.net%2Fimage_upload%2F20251122%2F1h1s71pkkq7i4j6udm7bv.png&w=96&q=75;;
Voucher;Valorant;Rp237.250;;2100 Points (region Indonesia);https://imgop.itemku.com/?url=https%3A%2F%2Fd1x91p7vw3vuq8.cloudfront.net%2Fimage_upload%2F20251122%2Fkqx8h4jmlohgwrzl4b6s.png&w=96&q=75;;
Voucher;Valorant;Rp374.444;;3600 Points (region Indonesia);https://imgop.itemku.com/?url=https%3A%2F%2Fd1x91p7vw3vuq8.cloudfront.net%2Fimage_upload%2F20251122%2Feaply6ap3eo2wtk8nusct.png&w=96&q=75;;
Voucher;Valorant;Rp744.444;;7500 Points (region Indonesia);https://imgop.itemku.com/?url=https%3A%2F%2Fd1x91p7vw3vuq8.cloudfront.net%2Fimage_upload%2F20251122%2Fmpq9xpvo9bhc4f9jih77c.png&w=96&q=75;;
Voucher;Point Blank Beyond Limits;Rp9.165;;PB Cash 1200;https://imgop.itemku.com/?url=https%3A%2F%2Fd1x91p7vw3vuq8.cloudfront.net%2Fitem-type%2F2025421%2Fl167mbnaj7b84yrtsdjscj.webp&w=96&q=75;;
Voucher;Point Blank Beyond Limits;Rp18.289;;PB Cash 2400;https://imgop.itemku.com/?url=https%3A%2F%2Fd1x91p7vw3vuq8.cloudfront.net%2Fitem-type%2F2025421%2Frcioiuf9k3ae2ehmvtuju.webp&w=96&q=75;;
Voucher;Point Blank Beyond Limits;Rp45.980;;PB Cash 6000;https://imgop.itemku.com/?url=https%3A%2F%2Fd1x91p7vw3vuq8.cloudfront.net%2Fitem-type%2F2025421%2Fs94nvtcr1gis9gybeu0ofc.webp&w=96&q=75;;
Voucher;Point Blank Beyond Limits;Rp91.790;;PB Cash 12000;https://imgop.itemku.com/?url=https%3A%2F%2Fd1x91p7vw3vuq8.cloudfront.net%2Fitem-type%2F2025421%2Frfatqs1kn3sq7jepesdof.webp&w=96&q=75;;
Voucher;Point Blank Beyond Limits;Rp183.490;;PB Cash 24000;https://imgop.itemku.com/?url=https%3A%2F%2Fd1x91p7vw3vuq8.cloudfront.net%2Fitem-type%2F2025421%2Fb3dob9esjt4itkpuscstyj.webp&w=96&q=75;;
Voucher;Point Blank Beyond Limits;Rp275.563;;PB Cash 36000;https://imgop.itemku.com/?url=https%3A%2F%2Fd1x91p7vw3vuq8.cloudfront.net%2Fitem-type%2F2025421%2F574xaxh6kpcqu9twafqbzq.webp&w=96&q=75;;
Voucher;Point Blank Beyond Limits;Rp458.700;;PB Cash 60000;https://imgop.itemku.com/?url=https%3A%2F%2Fd1x91p7vw3vuq8.cloudfront.net%2Fitem-type%2F2025421%2Fzviho9dkff05lroo7i5l5e.webp&w=96&q=75;;
Koin Game;Growtopia;Rp220;;Diamond Lock;https://imgop.itemku.com/?url=https%3A%2F%2Fd1x91p7vw3vuq8.cloudfront.net%2Fitem-type%2F2025626%2Flm1tkoeo53bp25rpd5tz3a.png&w=48&q=75;;
Koin Game;Growtopia;Rp4;;World Lock;https://imgop.itemku.com/?url=https%3A%2F%2Fd1x91p7vw3vuq8.cloudfront.net%2Fitem-type%2F2025626%2Fsw0ttmps2etryovt685ft.png&w=48&q=75;;
Koin Game;Growtopia;Rp20.190;;Blue Gem Lock;https://imgop.itemku.com/?url=https%3A%2F%2Fd1x91p7vw3vuq8.cloudfront.net%2Fitem-type%2F2025626%2F56n04xzckwjefsucwsnxjo.png&w=48&q=75;;
Koin Game;Growtopia;Rp4.179.000;;Royal Lock;https://imgop.itemku.com/?url=https%3A%2F%2Fd1x91p7vw3vuq8.cloudfront.net%2Fitem-type%2F2025626%2Fc54tucowl7eb65zqrjfcp.png&w=48&q=75;;
Koin Game;Growtopia;Rp1.000;;Bunny Lock;https://imgop.itemku.com/?url=https%3A%2F%2Fd1x91p7vw3vuq8.cloudfront.net%2Fitem-type%2F2025626%2Fb54z9853zc5n5pviub084.png&w=48&q=75;;
Koin Game;Growtopia;Rp2.799;;Legendary Lock;https://imgop.itemku.com/?url=https%3A%2F%2Fd1x91p7vw3vuq8.cloudfront.net%2Fitem-type%2F2025626%2Fpw9oniy4t8x2gadiq1tff.png&w=48&q=75;;
Koin Game;Growtopia;Rp1.000;;Builder Lock;https://imgop.itemku.com/?url=https%3A%2F%2Fd1x91p7vw3vuq8.cloudfront.net%2Fitem-type%2F2025626%2F22ksebiykhzhlkr7r27rur.png&w=48&q=75;;
Koin Game;Roblox;Rp120;;1 Robux;https://imgop.itemku.com/?url=https%3A%2F%2Fd1x91p7vw3vuq8.cloudfront.net%2Fitem-type%2F2025618%2Fxr1gayk11k57c29k7hjz9.png&w=96&q=75;;
Koin Game;Roblox;Rp12.000;;100 Robux;https://imgop.itemku.com/?url=https%3A%2F%2Fd1x91p7vw3vuq8.cloudfront.net%2Fitem-type%2F2025618%2Fo36s21ul51as2a4oznihw9.png&w=96&q=75;;
Koin Game;Roblox;Rp65.000;;500 Robux;https://imgop.itemku.com/?url=https%3A%2F%2Fd1x91p7vw3vuq8.cloudfront.net%2Fitem-type%2F2025618%2Fy6wnxkkplb5vjr7sx937m.png&w=96&q=75;;
Koin Game;Roblox;Rp120.000;;1000 Robux;https://imgop.itemku.com/?url=https%3A%2F%2Fd1x91p7vw3vuq8.cloudfront.net%2Fitem-type%2F2025618%2F601xf5c7qgnlb1felhxzql.png&w=96&q=75;;
Koin Game;Roblox;Rp188.000;;1500 Robux;https://imgop.itemku.com/?url=https%3A%2F%2Fd1x91p7vw3vuq8.cloudfront.net%2Fitem-type%2F2025618%2F9nv3c8smk5qvyss2rhgz5.png&w=96&q=75;;
Koin Game;Roblox;Rp240.000;;2000 Robux;https://imgop.itemku.com/?url=https%3A%2F%2Fd1x91p7vw3vuq8.cloudfront.net%2Fitem-type%2F2025618%2Fsvcgeojjg5n5c5zu67s9.png&w=96&q=75;;
Koin Game;Roblox;Rp383.990;;3000 Robux;https://imgop.itemku.com/?url=https%3A%2F%2Fd1x91p7vw3vuq8.cloudfront.net%2Fitem-type%2F2025618%2Ff0sv5x3ebuxgiu26u6qri.png&w=96&q=75;;
Koin Game;Roblox;Rp459.600;;4000 Robux;https://imgop.itemku.com/?url=https%3A%2F%2Fd1x91p7vw3vuq8.cloudfront.net%2Fitem-type%2F2025618%2F334ua6q0kt50vt4jbkrkfu.png&w=96&q=75;;
Koin Game;Roblox;Rp574.500;;5000 Robux;https://imgop.itemku.com/?url=https%3A%2F%2Fd1x91p7vw3vuq8.cloudfront.net%2Fitem-type%2F2025618%2Fxk6o2p4nlaahcq89jen9gt.png&w=96&q=75;;
Koin Game;Roblox;Rp689.400;;6000 Robux;https://imgop.itemku.com/?url=https%3A%2F%2Fd1x91p7vw3vuq8.cloudfront.net%2Fitem-type%2F2025618%2Fm6wdfddp07si1vrnhurvig.png&w=96&q=75;;
Koin Game;Roblox;Rp804.300;;7000 Robux;https://imgop.itemku.com/?url=https%3A%2F%2Fd1x91p7vw3vuq8.cloudfront.net%2Fitem-type%2F2025618%2Fcjyjcmtyklwkq3z3fgn7lq.png&w=96&q=75;;
Koin Game;Roblox;Rp919.200;;8000 Robux;https://imgop.itemku.com/?url=https%3A%2F%2Fd1x91p7vw3vuq8.cloudfront.net%2Fitem-type%2F2025618%2Fvs3m4xxa16cdsd6w58p84.png&w=96&q=75;;
Koin Game;Roblox;Rp1.034.100;;9000 Robux;https://imgop.itemku.com/?url=https%3A%2F%2Fd1x91p7vw3vuq8.cloudfront.net%2Fitem-type%2F2025618%2Foth7yluko0rukawa2dewse.png&w=96&q=75;;
Koin Game;Roblox;Rp1.149.000;;10000 Robux;https://imgop.itemku.com/?url=https%3A%2F%2Fd1x91p7vw3vuq8.cloudfront.net%2Fitem-type%2F2025618%2Fvea75m8c7ao81w8z1tj86e.png&w=96&q=75;;
Koin Game;Grow A Garden;Rp100;;1M Coins;https://imgop.itemku.com/?url=https%3A%2F%2Fd1x91p7vw3vuq8.cloudfront.net%2Fitem-type%2F2026310%2Fgkvflgd8ywok57u3fkx1d.webp&w=96&q=75;;
Koin Game;Grow A Garden;Rp1.000;;100T Coins;https://imgop.itemku.com/?url=https%3A%2F%2Fd1x91p7vw3vuq8.cloudfront.net%2Fitem-type%2F2026310%2F1eqefynmtq3uclgtxlftjg.webp&w=96&q=75;;
Koin Game;Grow A Garden;Rp1.000;;1T Coins;https://imgop.itemku.com/?url=https%3A%2F%2Fd1x91p7vw3vuq8.cloudfront.net%2Fitem-type%2F2026310%2F7x1uj6kupdpejr5w0636hr.webp&w=96&q=75;;
Koin Game;Grow A Garden;Rp2.000;;1Qi Coins;https://imgop.itemku.com/?url=https%3A%2F%2Fd1x91p7vw3vuq8.cloudfront.net%2Fitem-type%2F2026310%2Fghaby1nlp2n7obot5om6ge.webp&w=96&q=75;;
Koin Game;Grow A Garden;Rp500;;1Q Coins;https://imgop.itemku.com/?url=https%3A%2F%2Fd1x91p7vw3vuq8.cloudfront.net%2Fitem-type%2F2026310%2Ftjzye0vx1ro8h07e0j7ooq.webp&w=96&q=75;;
Koin Game;Grow A Garden;Rp1.000;;100Qi Coins;https://imgop.itemku.com/?url=https%3A%2F%2Fd1x91p7vw3vuq8.cloudfront.net%2Fitem-type%2F2026310%2Fvho9r8i6wharz00znbib.webp&w=96&q=75;;
Koin Game;Fisch;Rp116.600;;10K Money;https://imgop.itemku.com/?url=https%3A%2F%2Fd1x91p7vw3vuq8.cloudfront.net%2Fitem-type%2F202635%2F9gmn35jxbhcnzbdojidl3i.jpg&w=96&q=75;;
Koin Game;Fisch;Rp100;;100K Money;https://imgop.itemku.com/?url=https%3A%2F%2Fd1x91p7vw3vuq8.cloudfront.net%2Fitem-type%2F202635%2Frla8ia98b6ivd8g8xi9yia.jpg&w=96&q=75;;
Koin Game;Fisch;Rp200;;200K Money;https://imgop.itemku.com/?url=https%3A%2F%2Fd1x91p7vw3vuq8.cloudfront.net%2Fitem-type%2F202635%2Fy1ic22rxyn64yc0gzhnns.jpg&w=96&q=75;;
Koin Game;Fisch;Rp500;;500K Money;https://imgop.itemku.com/?url=https%3A%2F%2Fd1x91p7vw3vuq8.cloudfront.net%2Fitem-type%2F202635%2F5guhojnxwcjhc5539kutbk.jpg&w=96&q=75;;
Koin Game;Fisch;Rp50;;1M Money;https://imgop.itemku.com/?url=https%3A%2F%2Fd1x91p7vw3vuq8.cloudfront.net%2Fitem-type%2F202635%2F44dcdllmzh7s6wd7qlwi9.jpg&w=96&q=75;;
Koin Game;Fisch;Rp2.900;;5M Money;https://imgop.itemku.com/?url=https%3A%2F%2Fd1x91p7vw3vuq8.cloudfront.net%2Fitem-type%2F202635%2Fqooclh2ldflhft1f198ai.jpg&w=96&q=75;;
Koin Game;Fisch;Rp200;;10M Money;https://imgop.itemku.com/?url=https%3A%2F%2Fd1x91p7vw3vuq8.cloudfront.net%2Fitem-type%2F202635%2Fs0raliggw5lyd67zhascna.jpg&w=96&q=75;;
Koin Game;Fisch;Rp1.500;;100M Money;https://imgop.itemku.com/?url=https%3A%2F%2Fd1x91p7vw3vuq8.cloudfront.net%2Fitem-info%2F2026430%2F5yytrgoqssjntkhvi6dgrb.jpg&w=96&q=75;;
Koin Game;Fisch;Rp5.500;;500M Money;https://imgop.itemku.com/?url=https%3A%2F%2Fd1x91p7vw3vuq8.cloudfront.net%2Fitem-info%2F2026430%2Fg2x8dlcj1ewk68u2r3uuwe.jpg&w=96&q=75;;
Koin Game;Fisch;Rp9.200;;1B Money;https://imgop.itemku.com/?url=https%3A%2F%2Fd1x91p7vw3vuq8.cloudfront.net%2Fitem-info%2F2026430%2Fgjqiymlgritxik3mjsh5b.jpg&w=96&q=75;;
Koin Game;Fisch;Rp5.000;;C$ 500;https://imgop.itemku.com/?url=https%3A%2F%2Fd1x91p7vw3vuq8.cloudfront.net%2Fitem-type%2F202635%2Fy56h39ay5xsx43skpp7vb.jpg&w=96&q=75;;
Koin Game;Fisch;Rp25.000;;C$ 2,500;https://imgop.itemku.com/?url=https%3A%2F%2Fd1x91p7vw3vuq8.cloudfront.net%2Fitem-type%2F202635%2Fzk3z4utv7nazqro7atu5l.jpg&w=96&q=75;;
Koin Game;Fisch;Rp44.000;;C$ 5,000;https://imgop.itemku.com/?url=https%3A%2F%2Fd1x91p7vw3vuq8.cloudfront.net%2Fitem-type%2F202635%2Ftjiebx6z4pjsd6rko2aj1k.jpg&w=96&q=75;;
Koin Game;Fisch;Rp78.000;;C$ 10,000;https://imgop.itemku.com/?url=https%3A%2F%2Fd1x91p7vw3vuq8.cloudfront.net%2Fitem-type%2F202635%2Fuowhbr5q1st5j0va8gf6p.jpg&w=96&q=75;;
Koin Game;Seal Online Blades of Destiny;Rp11.300;9173 terjual;Cegel;https://imgop.itemku.com/?url=https%3A%2F%2Fd1x91p7vw3vuq8.cloudfront.net%2F20181128%2F5bfdac150aabe_thumb.jpg&w=1033&q=75;;
Koin Game;Seal Online Blades of Destiny;Rp11.299;2289 terjual;Cegel;https://imgop.itemku.com/?url=https%3A%2F%2Fd1x91p7vw3vuq8.cloudfront.net%2Fitemku-upload%2F2021730%2Fyc3kqy56isskes9jkt32_thumbnail.jpg&w=1033&q=75;;
Koin Game;Seal Online Blades of Destiny;Rp11.500;398 terjual;Cegel;https://imgop.itemku.com/?url=https%3A%2F%2Fd1x91p7vw3vuq8.cloudfront.net%2Fitemku-upload%2F2025827%2Fmyres7dc859y60z3nz42i_thumbnail.jpg&w=1033&q=75;;
Koin Game;Seal Online Blades of Destiny;Rp11.500;384 terjual;Cegel;https://imgop.itemku.com/?url=https%3A%2F%2Fd1x91p7vw3vuq8.cloudfront.net%2Fitemku-upload%2F202542%2Fujkif2rid8kwi9znxylw_thumbnail.jpg&w=1033&q=75;;
Koin Game;Seal Online Blades of Destiny;Rp123.000;35 terjual;Cegel;https://imgop.itemku.com/?url=https%3A%2F%2Fd1x91p7vw3vuq8.cloudfront.net%2Fitemku-upload%2F202631%2F2yw7rpx0wq5mndhvv7op4s_thumbnail.jpg&w=1033&q=75;;
Koin Game;Seal Online Blades of Destiny;Rp12.000;26 terjual;Cegel;https://imgop.itemku.com/?url=https%3A%2F%2Fd1x91p7vw3vuq8.cloudfront.net%2Fitemku-upload%2F2026215%2Fac0gr6b2tr98l3d37hu1h9_thumbnail.jpg&w=1033&q=75;;
Koin Game;Seal Online Blades of Destiny;Rp28.800;15 terjual;Cegel;https://imgop.itemku.com/?url=https%3A%2F%2Fd1x91p7vw3vuq8.cloudfront.net%2Fitemku-upload%2F2023730%2F9x3h853331vaqsheowki3p_thumbnail.jpg&w=1033&q=75;;
Koin Game;Seal Online Blades of Destiny;Rp12.000;14 terjual;Cegel;https://imgop.itemku.com/?url=https%3A%2F%2Fd1x91p7vw3vuq8.cloudfront.net%2Fitemku-upload%2F2026222%2Fdc2f5a04tcw8o2yk67stnu_thumbnail.jpg&w=1033&q=75;;
Koin Game;Albion Online;Rp4.000;;Silver;https://imgop.itemku.com/?url=https%3A%2F%2Fd1x91p7vw3vuq8.cloudfront.net%2Fitem-type%2F202598%2F41xk2jlobca5srppg5svvl.png&w=48&q=75;;
Koin Game;Blade Ball;Rp6.500;1000 Coins;80 terjual;https://imgop.itemku.com/?url=https%3A%2F%2Fd1x91p7vw3vuq8.cloudfront.net%2Fitem-type%2F2024215%2Ffa40p2o4p0n4wmrhrerviq.png&w=1033&q=75;;
Koin Game;Blade Ball;Rp38.000;8000 Coins;64 terjual;https://imgop.itemku.com/?url=https%3A%2F%2Fd1x91p7vw3vuq8.cloudfront.net%2Fitem-type%2F2024215%2Ffa40p2o4p0n4wmrhrerviq.png&w=1033&q=75;;
Koin Game;Blade Ball;Rp19.000;3750 Coins;56 terjual;https://imgop.itemku.com/?url=https%3A%2F%2Fd1x91p7vw3vuq8.cloudfront.net%2Fitem-type%2F2024215%2Ffa40p2o4p0n4wmrhrerviq.png&w=1033&q=75;;
Koin Game;Blade Ball;Rp14.800;3750 Coins;48 terjual;https://imgop.itemku.com/?url=https%3A%2F%2Fd1x91p7vw3vuq8.cloudfront.net%2Fitem-type%2F2024215%2Ffa40p2o4p0n4wmrhrerviq.png&w=1033&q=75;;
Koin Game;Blade Ball;Rp4.850;1000 Coins;121 terjual;https://imgop.itemku.com/?url=https%3A%2F%2Fd1x91p7vw3vuq8.cloudfront.net%2Fitem-type%2F2024215%2Ffa40p2o4p0n4wmrhrerviq.png&w=1033&q=75;;
Koin Game;Blade Ball;Rp79.200;24000 Coins;41 terjual;https://imgop.itemku.com/?url=https%3A%2F%2Fd1x91p7vw3vuq8.cloudfront.net%2Fitem-type%2F2024215%2Ffa40p2o4p0n4wmrhrerviq.png&w=1033&q=75;;
Koin Game;Blade Ball;Rp64.000;14500 Coins;24 terjual;https://imgop.itemku.com/?url=https%3A%2F%2Fd1x91p7vw3vuq8.cloudfront.net%2Fitem-type%2F2024215%2Ffa40p2o4p0n4wmrhrerviq.png&w=1033&q=75;;
Koin Game;Blade Ball;Rp31.600;8000 Coins;20 terjual;https://imgop.itemku.com/?url=https%3A%2F%2Fd1x91p7vw3vuq8.cloudfront.net%2Fitem-type%2F2024215%2Ffa40p2o4p0n4wmrhrerviq.png&w=1033&q=75;;
Koin Game;Blade Ball;Rp5.400;1000 Coins;18 terjual;https://imgop.itemku.com/?url=https%3A%2F%2Fd1x91p7vw3vuq8.cloudfront.net%2Fitem-type%2F2024215%2Ffa40p2o4p0n4wmrhrerviq.png&w=1033&q=75;;
Koin Game;Blade Ball;Rp52.800;14500 Coins;15 terjual;https://imgop.itemku.com/?url=https%3A%2F%2Fd1x91p7vw3vuq8.cloudfront.net%2Fitem-type%2F2024215%2Ffa40p2o4p0n4wmrhrerviq.png&w=1033&q=75;;
Koin Game;Blade Ball;Rp96.000;24000 Coins;7 terjual;https://imgop.itemku.com/?url=https%3A%2F%2Fd1x91p7vw3vuq8.cloudfront.net%2Fitem-type%2F2024215%2Ffa40p2o4p0n4wmrhrerviq.png&w=1033&q=75;;
Koin Game;Blade Ball;Rp106.300;24000 Coins;6 terjual;https://imgop.itemku.com/?url=https%3A%2F%2Fd1x91p7vw3vuq8.cloudfront.net%2Fitem-type%2F2024215%2Ffa40p2o4p0n4wmrhrerviq.png&w=1033&q=75;;
Koin Game;Blade Ball;Rp35.510;8000 Coins;5 terjual;https://imgop.itemku.com/?url=https%3A%2F%2Fd1x91p7vw3vuq8.cloudfront.net%2Fitem-type%2F2024215%2Ffa40p2o4p0n4wmrhrerviq.png&w=1033&q=75;;
Koin Game;Blade Ball;Rp88.780;24000 Coins;4 terjual;https://imgop.itemku.com/?url=https%3A%2F%2Fd1x91p7vw3vuq8.cloudfront.net%2Fitem-type%2F2024215%2Ffa40p2o4p0n4wmrhrerviq.png&w=1033&q=75;;
Koin Game;Blade Ball;Rp20.500;3750 Coins;4 terjual;https://imgop.itemku.com/?url=https%3A%2F%2Fd1x91p7vw3vuq8.cloudfront.net%2Fitem-type%2F2024215%2Ffa40p2o4p0n4wmrhrerviq.png&w=1033&q=75;;
Koin Game;Blade Ball;Rp14.700;3750 Coins;3 terjual;https://imgop.itemku.com/?url=https%3A%2F%2Fd1x91p7vw3vuq8.cloudfront.net%2Fitem-type%2F2024215%2Ffa40p2o4p0n4wmrhrerviq.png&w=1033&q=75;;
Koin Game;Blade Ball;Rp4.840;1000 Coins;3 terjual;https://imgop.itemku.com/?url=https%3A%2F%2Fd1x91p7vw3vuq8.cloudfront.net%2Fitem-type%2F2024215%2Ffa40p2o4p0n4wmrhrerviq.png&w=1033&q=75;;
Koin Game;Blade Ball;Rp59.180;14500 Coins;2 terjual;https://imgop.itemku.com/?url=https%3A%2F%2Fd1x91p7vw3vuq8.cloudfront.net%2Fitem-type%2F2024215%2Ffa40p2o4p0n4wmrhrerviq.png&w=1033&q=75;;
Koin Game;Blade Ball;Rp66.500;14500 Coins;2 terjual;https://imgop.itemku.com/?url=https%3A%2F%2Fd1x91p7vw3vuq8.cloudfront.net%2Fitem-type%2F2024215%2Ffa40p2o4p0n4wmrhrerviq.png&w=1033&q=75;;
Koin Game;Blade Ball;Rp90.000;24000 Coins;1 terjual;https://imgop.itemku.com/?url=https%3A%2F%2Fd1x91p7vw3vuq8.cloudfront.net%2Fitem-type%2F2024215%2Ffa40p2o4p0n4wmrhrerviq.png&w=1033&q=75;;
Koin Game;Blade Ball;Rp99.500;24000 Coins;1 terjual;https://imgop.itemku.com/?url=https%3A%2F%2Fd1x91p7vw3vuq8.cloudfront.net%2Fitem-type%2F2024215%2Ffa40p2o4p0n4wmrhrerviq.png&w=1033&q=75;;
Koin Game;Toram Online;Rp370;;Spina;https://imgop.itemku.com/?url=https%3A%2F%2Fd1x91p7vw3vuq8.cloudfront.net%2Fitem-type%2F2025914%2Fw29e67bgces6wuej925mhr.png&w=48&q=75;;
Koin Game;Pet Simulator 99!;Rp100;;100,000 Gems;https://imgop.itemku.com/?url=https%3A%2F%2Fd1x91p7vw3vuq8.cloudfront.net%2Fitem-type%2F2026311%2F3bea1v9ouy45l51539enih.jpg&w=96&q=75;;
Koin Game;Pet Simulator 99!;Rp100;;500,000 Gems;https://imgop.itemku.com/?url=https%3A%2F%2Fd1x91p7vw3vuq8.cloudfront.net%2Fitem-type%2F2026311%2Fbp4nzhvritpuhzh4d4y8q.jpg&w=96&q=75;;
Koin Game;Pet Simulator 99!;Rp100;;1,000,000 Gems;https://imgop.itemku.com/?url=https%3A%2F%2Fd1x91p7vw3vuq8.cloudfront.net%2Fitem-type%2F2026311%2Fvvuool4c94h8pcxxsfydqw.jpg&w=96&q=75;;
Koin Game;Pet Simulator 99!;Rp150;;5,000,000 Gems;https://imgop.itemku.com/?url=https%3A%2F%2Fd1x91p7vw3vuq8.cloudfront.net%2Fitem-type%2F2026311%2Frrygr9tn6iorm9kpgwzm0q.jpg&w=96&q=75;;
Koin Game;Pet Simulator 99!;Rp300;;10,000,000 Gems;https://imgop.itemku.com/?url=https%3A%2F%2Fd1x91p7vw3vuq8.cloudfront.net%2Fitem-type%2F2026311%2Fygi10arzcvilyn5h9rl1q.jpg&w=96&q=75;;
Koin Game;Pet Simulator 99!;Rp2.800;;100,000,000 Gems;https://imgop.itemku.com/?url=https%3A%2F%2Fd1x91p7vw3vuq8.cloudfront.net%2Fitem-type%2F2026311%2F57lmqyfgtfkq2cm9x1khf.jpg&w=96&q=75;;
Koin Game;Pet Simulator 99!;Rp26.500;;1,000,000,000 Gems;https://imgop.itemku.com/?url=https%3A%2F%2Fd1x91p7vw3vuq8.cloudfront.net%2Fitem-type%2F2026311%2Ff634jjcp58sjmhdk21i5wr.jpg&w=96&q=75;;
Koin Game;Pet Simulator 99!;Rp284.043;;10,000,000,000 Gems;https://imgop.itemku.com/?url=https%3A%2F%2Fd1x91p7vw3vuq8.cloudfront.net%2Fitem-type%2F2026311%2F78z5iptbwpbjtc4xmteotp.jpg&w=96&q=75;;
Koin Game;Dragon Nest Classic Sea;Rp87;;Gold + Geraint;https://imgop.itemku.com/?url=https%3A%2F%2Fd1x91p7vw3vuq8.cloudfront.net%2Fitem-type%2F202596%2F3qrsmw53nzjh4sqpu5qi64.png&w=48&q=75;;
Koin Game;Dragon Nest Classic Sea;Rp77;;Gold + Argenta;https://imgop.itemku.com/?url=https%3A%2F%2Fd1x91p7vw3vuq8.cloudfront.net%2Fitem-type%2F202596%2F3qrsmw53nzjh4sqpu5qi64.png&w=48&q=75;;
