[2026-04-01 06:15:26] local.ERROR: SQLSTATE[HY000] [2002] No connection could be made because the target machine actively refused it (Connection: mysql, Host: 127.0.0.1, Port: 3306, Database: lapak_gaming, SQL: select exists (select 1 from information_schema.tables where table_schema = schema() and table_name = 'migrations' and table_type in ('BASE TABLE', 'SYSTEM VERSIONED')) as `exists`) {"exception":"[object] (Illuminate\\Database\\QueryException(code: 2002): SQLSTATE[HY000] [2002] No connection could be made because the target machine actively refused it (Connection: mysql, Host: 127.0.0.1, Port: 3306, Database: lapak_gaming, SQL: select exists (select 1 from information_schema.tables where table_schema = schema() and table_name = 'migrations' and table_type in ('BASE TABLE', 'SYSTEM VERSIONED')) as `exists`) at D:/0_Project_VS_Code/3. Sistem Basis Data/TB-K1-Database/lapak_gaming/vendor/laravel/framework/src/Illuminate/Database/Connection.php:841)
[stacktrace]
#0 D:/0_Project_VS_Code/3. Sistem Basis Data/TB-K1-Database/lapak_gaming/vendor/laravel/framework/src/Illuminate/Database/Connection.php(1021): Illuminate/Database/Connection->runQueryCallback('select exists (...', Array, Object(Closure))
#1 D:/0_Project_VS_Code/3. Sistem Basis Data/TB-K1-Database/lapak_gaming/vendor/laravel/framework/src/Illuminate/Database/Connection.php(1000): Illuminate/Database/Connection->tryAgainIfCausedByLostConnection(Object(Illuminate/Database/QueryException), 'select exists (...', Array, Object(Closure))
#2 D:/0_Project_VS_Code/3. Sistem Basis Data/TB-K1-Database/lapak_gaming/vendor/laravel/framework/src/Illuminate/Database/Connection.php(799): Illuminate/Database/Connection->handleQueryException(Object(Illuminate/Database/QueryException), 'select exists (...', Array, Object(Closure))
#3 D:/0_Project_VS_Code/3. Sistem Basis Data/TB-K1-Database/lapak_gaming/vendor/laravel/framework/src/Illuminate/Database/Connection.php(412): Illuminate/Database/Connection->run('select exists (...', Array, Object(Closure))
#4 D:/0_Project_VS_Code/3. Sistem Basis Data/TB-K1-Database/lapak_gaming/vendor/laravel/framework/src/Illuminate/Database/Connection.php(357): Illuminate/Database/Connection->select('select exists (...', Array, true)
#5 D:/0_Project_VS_Code/3. Sistem Basis Data/TB-K1-Database/lapak_gaming/vendor/laravel/framework/src/Illuminate/Database/Connection.php(374): Illuminate/Database/Connection->selectOne('select exists (...', Array, true)
#6 D:/0_Project_VS_Code/3. Sistem Basis Data/TB-K1-Database/lapak_gaming/vendor/laravel/framework/src/Illuminate/Database/Schema/Builder.php(176): Illuminate/Database/Connection->scalar('select exists (...')
#7 D:/0_Project_VS_Code/3. Sistem Basis Data/TB-K1-Database/lapak_gaming/vendor/laravel/framework/src/Illuminate/Database/Migrations/DatabaseMigrationRepository.php(185): Illuminate/Database/Schema/Builder->hasTable('migrations')
#8 D:/0_Project_VS_Code/3. Sistem Basis Data/TB-K1-Database/lapak_gaming/vendor/laravel/framework/src/Illuminate/Database/Migrations/Migrator.php(758): Illuminate/Database/Migrations/DatabaseMigrationRepository->repositoryExists()
#9 D:/0_Project_VS_Code/3. Sistem Basis Data/TB-K1-Database/lapak_gaming/vendor/laravel/framework/src/Illuminate/Database/Console/Migrations/MigrateCommand.php(166): Illuminate/Database/Migrations/Migrator->repositoryExists()
#10 D:/0_Project_VS_Code/3. Sistem Basis Data/TB-K1-Database/lapak_gaming/vendor/laravel/framework/src/Illuminate/Support/helpers.php(328): Illuminate/Database/Console/Migrations/MigrateCommand->{closure:Illuminate/Database/Console/Migrations/MigrateCommand::repositoryExists():166}(1)
#11 D:/0_Project_VS_Code/3. Sistem Basis Data/TB-K1-Database/lapak_gaming/vendor/laravel/framework/src/Illuminate/Database/Console/Migrations/MigrateCommand.php(166): retry(1, Object(Closure), 0, Object(Closure))
#12 D:/0_Project_VS_Code/3. Sistem Basis Data/TB-K1-Database/lapak_gaming/vendor/laravel/framework/src/Illuminate/Database/Console/Migrations/MigrateCommand.php(142): Illuminate/Database/Console/Migrations/MigrateCommand->repositoryExists()
#13 D:/0_Project_VS_Code/3. Sistem Basis Data/TB-K1-Database/lapak_gaming/vendor/laravel/framework/src/Illuminate/Database/Console/Migrations/MigrateCommand.php(112): Illuminate/Database/Console/Migrations/MigrateCommand->prepareDatabase()
#14 D:/0_Project_VS_Code/3. Sistem Basis Data/TB-K1-Database/lapak_gaming/vendor/laravel/framework/src/Illuminate/Database/Migrations/Migrator.php(671): Illuminate/Database/Console/Migrations/MigrateCommand->{closure:Illuminate/Database/Console/Migrations/MigrateCommand::runMigrations():111}()
#15 D:/0_Project_VS_Code/3. Sistem Basis Data/TB-K1-Database/lapak_gaming/vendor/laravel/framework/src/Illuminate/Database/Console/Migrations/MigrateCommand.php(111): Illuminate/Database/Migrations/Migrator->usingConnection(NULL, Object(Closure))
#16 D:/0_Project_VS_Code/3. Sistem Basis Data/TB-K1-Database/lapak_gaming/vendor/laravel/framework/src/Illuminate/Database/Console/Migrations/MigrateCommand.php(90): Illuminate/Database/Console/Migrations/MigrateCommand->runMigrations()
#17 D:/0_Project_VS_Code/3. Sistem Basis Data/TB-K1-Database/lapak_gaming/vendor/laravel/framework/src/Illuminate/Container/BoundMethod.php(36): Illuminate/Database/Console/Migrations/MigrateCommand->handle()
#18 D:/0_Project_VS_Code/3. Sistem Basis Data/TB-K1-Database/lapak_gaming/vendor/laravel/framework/src/Illuminate/Container/Util.php(43): Illuminate/Container/BoundMethod::{closure:Illuminate/Container/BoundMethod::call():35}()
#19 D:/0_Project_VS_Code/3. Sistem Basis Data/TB-K1-Database/lapak_gaming/vendor/laravel/framework/src/Illuminate/Container/BoundMethod.php(96): Illuminate/Container/Util::unwrapIfClosure(Object(Closure))
#20 D:/0_Project_VS_Code/3. Sistem Basis Data/TB-K1-Database/lapak_gaming/vendor/laravel/framework/src/Illuminate/Container/BoundMethod.php(35): Illuminate/Container/BoundMethod::callBoundMethod(Object(Illuminate/Foundation/Application), Array, Object(Closure))
#21 D:/0_Project_VS_Code/3. Sistem Basis Data/TB-K1-Database/lapak_gaming/vendor/laravel/framework/src/Illuminate/Container/Container.php(799): Illuminate/Container/BoundMethod::call(Object(Illuminate/Foundation/Application), Array, Array, NULL)
#22 D:/0_Project_VS_Code/3. Sistem Basis Data/TB-K1-Database/lapak_gaming/vendor/laravel/framework/src/Illuminate/Console/Command.php(280): Illuminate/Container/Container->call(Array)
#23 D:/0_Project_VS_Code/3. Sistem Basis Data/TB-K1-Database/lapak_gaming/vendor/symfony/console/Command/Command.php(291): Illuminate/Console/Command->execute(Object(Symfony/Component/Console/Input/ArgvInput), Object(Illuminate/Console/OutputStyle))
#24 D:/0_Project_VS_Code/3. Sistem Basis Data/TB-K1-Database/lapak_gaming/vendor/laravel/framework/src/Illuminate/Console/Command.php(249): Symfony/Component/Console/Command/Command->run(Object(Symfony/Component/Console/Input/ArgvInput), Object(Illuminate/Console/OutputStyle))
#25 D:/0_Project_VS_Code/3. Sistem Basis Data/TB-K1-Database/lapak_gaming/vendor/symfony/console/Application.php(1107): Illuminate/Console/Command->run(Object(Symfony/Component/Console/Input/ArgvInput), Object(Symfony/Component/Console/Output/ConsoleOutput))
#26 D:/0_Project_VS_Code/3. Sistem Basis Data/TB-K1-Database/lapak_gaming/vendor/symfony/console/Application.php(356): Symfony/Component/Console/Application->doRunCommand(Object(Illuminate/Database/Console/Migrations/MigrateCommand), Object(Symfony/Component/Console/Input/ArgvInput), Object(Symfony/Component/Console/Output/ConsoleOutput))
#27 D:/0_Project_VS_Code/3. Sistem Basis Data/TB-K1-Database/lapak_gaming/vendor/symfony/console/Application.php(195): Symfony/Component/Console/Application->doRun(Object(Symfony/Component/Console/Input/ArgvInput), Object(Symfony/Component/Console/Output/ConsoleOutput))
#28 D:/0_Project_VS_Code/3. Sistem Basis Data/TB-K1-Database/lapak_gaming/vendor/laravel/framework/src/Illuminate/Foundation/Console/Kernel.php(198): Symfony/Component/Console/Application->run(Object(Symfony/Component/Console/Input/ArgvInput), Object(Symfony/Component/Console/Output/ConsoleOutput))
#29 D:/0_Project_VS_Code/3. Sistem Basis Data/TB-K1-Database/lapak_gaming/vendor/laravel/framework/src/Illuminate/Foundation/Application.php(1235): Illuminate/Foundation/Console/Kernel->handle(Object(Symfony/Component/Console/Input/ArgvInput), Object(Symfony/Component/Console/Output/ConsoleOutput))
#30 D:/0_Project_VS_Code/3. Sistem Basis Data/TB-K1-Database/lapak_gaming/artisan(16): Illuminate/Foundation/Application->handleCommand(Object(Symfony/Component/Console/Input/ArgvInput))
#31 {main}

[previous exception] [object] (PDOException(code: 2002): SQLSTATE[HY000] [2002] No connection could be made because the target machine actively refused it at D:/0_Project_VS_Code/3. Sistem Basis Data/TB-K1-Database/lapak_gaming/vendor/laravel/framework/src/Illuminate/Database/Connectors/Connector.php:67)
[stacktrace]
#0 D:/0_Project_VS_Code/3. Sistem Basis Data/TB-K1-Database/lapak_gaming/vendor/laravel/framework/src/Illuminate/Database/Connectors/Connector.php(67): PDO::connect('mysql:host=127....', 'root', Object(SensitiveParameterValue), Array)
#1 D:/0_Project_VS_Code/3. Sistem Basis Data/TB-K1-Database/lapak_gaming/vendor/laravel/framework/src/Illuminate/Database/Connectors/Connector.php(85): Illuminate/Database/Connectors/Connector->createPdoConnection('mysql:host=127....', 'root', Object(SensitiveParameterValue), Array)
#2 D:/0_Project_VS_Code/3. Sistem Basis Data/TB-K1-Database/lapak_gaming/vendor/laravel/framework/src/Illuminate/Database/Connectors/Connector.php(48): Illuminate/Database/Connectors/Connector->tryAgainIfCausedByLostConnection(Object(PDOException), 'mysql:host=127....', 'root', Object(SensitiveParameterValue), Array)
#3 D:/0_Project_VS_Code/3. Sistem Basis Data/TB-K1-Database/lapak_gaming/vendor/laravel/framework/src/Illuminate/Database/Connectors/MySqlConnector.php(24): Illuminate/Database/Connectors/Connector->createConnection('mysql:host=127....', Array, Array)
#4 D:/0_Project_VS_Code/3. Sistem Basis Data/TB-K1-Database/lapak_gaming/vendor/laravel/framework/src/Illuminate/Database/Connectors/ConnectionFactory.php(186): Illuminate/Database/Connectors/MySqlConnector->connect(Array)
#5 [internal function]: Illuminate/Database/Connectors/ConnectionFactory->{closure:Illuminate/Database/Connectors/ConnectionFactory::createPdoResolverWithHosts():181}()
#6 D:/0_Project_VS_Code/3. Sistem Basis Data/TB-K1-Database/lapak_gaming/vendor/laravel/framework/src/Illuminate/Database/Connection.php(1279): call_user_func(Object(Closure))
#7 D:/0_Project_VS_Code/3. Sistem Basis Data/TB-K1-Database/lapak_gaming/vendor/laravel/framework/src/Illuminate/Database/Connection.php(1317): Illuminate/Database/Connection->getPdo()
#8 D:/0_Project_VS_Code/3. Sistem Basis Data/TB-K1-Database/lapak_gaming/vendor/laravel/framework/src/Illuminate/Database/Connection.php(528): Illuminate/Database/Connection->getReadPdo()
#9 D:/0_Project_VS_Code/3. Sistem Basis Data/TB-K1-Database/lapak_gaming/vendor/laravel/framework/src/Illuminate/Database/Connection.php(421): Illuminate/Database/Connection->getPdoForSelect(true)
#10 D:/0_Project_VS_Code/3. Sistem Basis Data/TB-K1-Database/lapak_gaming/vendor/laravel/framework/src/Illuminate/Database/Connection.php(830): Illuminate/Database/Connection->{closure:Illuminate/Database/Connection::select():412}('select exists (...', Array)
#11 D:/0_Project_VS_Code/3. Sistem Basis Data/TB-K1-Database/lapak_gaming/vendor/laravel/framework/src/Illuminate/Database/Connection.php(1021): Illuminate/Database/Connection->runQueryCallback('select exists (...', Array, Object(Closure))
#12 D:/0_Project_VS_Code/3. Sistem Basis Data/TB-K1-Database/lapak_gaming/vendor/laravel/framework/src/Illuminate/Database/Connection.php(1000): Illuminate/Database/Connection->tryAgainIfCausedByLostConnection(Object(Illuminate/Database/QueryException), 'select exists (...', Array, Object(Closure))
#13 D:/0_Project_VS_Code/3. Sistem Basis Data/TB-K1-Database/lapak_gaming/vendor/laravel/framework/src/Illuminate/Database/Connection.php(799): Illuminate/Database/Connection->handleQueryException(Object(Illuminate/Database/QueryException), 'select exists (...', Array, Object(Closure))
#14 D:/0_Project_VS_Code/3. Sistem Basis Data/TB-K1-Database/lapak_gaming/vendor/laravel/framework/src/Illuminate/Database/Connection.php(412): Illuminate/Database/Connection->run('select exists (...', Array, Object(Closure))
#15 D:/0_Project_VS_Code/3. Sistem Basis Data/TB-K1-Database/lapak_gaming/vendor/laravel/framework/src/Illuminate/Database/Connection.php(357): Illuminate/Database/Connection->select('select exists (...', Array, true)
#16 D:/0_Project_VS_Code/3. Sistem Basis Data/TB-K1-Database/lapak_gaming/vendor/laravel/framework/src/Illuminate/Database/Connection.php(374): Illuminate/Database/Connection->selectOne('select exists (...', Array, true)
#17 D:/0_Project_VS_Code/3. Sistem Basis Data/TB-K1-Database/lapak_gaming/vendor/laravel/framework/src/Illuminate/Database/Schema/Builder.php(176): Illuminate/Database/Connection->scalar('select exists (...')
#18 D:/0_Project_VS_Code/3. Sistem Basis Data/TB-K1-Database/lapak_gaming/vendor/laravel/framework/src/Illuminate/Database/Migrations/DatabaseMigrationRepository.php(185): Illuminate/Database/Schema/Builder->hasTable('migrations')
#19 D:/0_Project_VS_Code/3. Sistem Basis Data/TB-K1-Database/lapak_gaming/vendor/laravel/framework/src/Illuminate/Database/Migrations/Migrator.php(758): Illuminate/Database/Migrations/DatabaseMigrationRepository->repositoryExists()
#20 D:/0_Project_VS_Code/3. Sistem Basis Data/TB-K1-Database/lapak_gaming/vendor/laravel/framework/src/Illuminate/Database/Console/Migrations/MigrateCommand.php(166): Illuminate/Database/Migrations/Migrator->repositoryExists()
#21 D:/0_Project_VS_Code/3. Sistem Basis Data/TB-K1-Database/lapak_gaming/vendor/laravel/framework/src/Illuminate/Support/helpers.php(328): Illuminate/Database/Console/Migrations/MigrateCommand->{closure:Illuminate/Database/Console/Migrations/MigrateCommand::repositoryExists():166}(1)
#22 D:/0_Project_VS_Code/3. Sistem Basis Data/TB-K1-Database/lapak_gaming/vendor/laravel/framework/src/Illuminate/Database/Console/Migrations/MigrateCommand.php(166): retry(1, Object(Closure), 0, Object(Closure))
#23 D:/0_Project_VS_Code/3. Sistem Basis Data/TB-K1-Database/lapak_gaming/vendor/laravel/framework/src/Illuminate/Database/Console/Migrations/MigrateCommand.php(142): Illuminate/Database/Console/Migrations/MigrateCommand->repositoryExists()
#24 D:/0_Project_VS_Code/3. Sistem Basis Data/TB-K1-Database/lapak_gaming/vendor/laravel/framework/src/Illuminate/Database/Console/Migrations/MigrateCommand.php(112): Illuminate/Database/Console/Migrations/MigrateCommand->prepareDatabase()
#25 D:/0_Project_VS_Code/3. Sistem Basis Data/TB-K1-Database/lapak_gaming/vendor/laravel/framework/src/Illuminate/Database/Migrations/Migrator.php(671): Illuminate/Database/Console/Migrations/MigrateCommand->{closure:Illuminate/Database/Console/Migrations/MigrateCommand::runMigrations():111}()
#26 D:/0_Project_VS_Code/3. Sistem Basis Data/TB-K1-Database/lapak_gaming/vendor/laravel/framework/src/Illuminate/Database/Console/Migrations/MigrateCommand.php(111): Illuminate/Database/Migrations/Migrator->usingConnection(NULL, Object(Closure))
#27 D:/0_Project_VS_Code/3. Sistem Basis Data/TB-K1-Database/lapak_gaming/vendor/laravel/framework/src/Illuminate/Database/Console/Migrations/MigrateCommand.php(90): Illuminate/Database/Console/Migrations/MigrateCommand->runMigrations()
#28 D:/0_Project_VS_Code/3. Sistem Basis Data/TB-K1-Database/lapak_gaming/vendor/laravel/framework/src/Illuminate/Container/BoundMethod.php(36): Illuminate/Database/Console/Migrations/MigrateCommand->handle()
#29 D:/0_Project_VS_Code/3. Sistem Basis Data/TB-K1-Database/lapak_gaming/vendor/laravel/framework/src/Illuminate/Container/Util.php(43): Illuminate/Container/BoundMethod::{closure:Illuminate/Container/BoundMethod::call():35}()
#30 D:/0_Project_VS_Code/3. Sistem Basis Data/TB-K1-Database/lapak_gaming/vendor/laravel/framework/src/Illuminate/Container/BoundMethod.php(96): Illuminate/Container/Util::unwrapIfClosure(Object(Closure))
#31 D:/0_Project_VS_Code/3. Sistem Basis Data/TB-K1-Database/lapak_gaming/vendor/laravel/framework/src/Illuminate/Container/BoundMethod.php(35): Illuminate/Container/BoundMethod::callBoundMethod(Object(Illuminate/Foundation/Application), Array, Object(Closure))
#32 D:/0_Project_VS_Code/3. Sistem Basis Data/TB-K1-Database/lapak_gaming/vendor/laravel/framework/src/Illuminate/Container/Container.php(799): Illuminate/Container/BoundMethod::call(Object(Illuminate/Foundation/Application), Array, Array, NULL)
#33 D:/0_Project_VS_Code/3. Sistem Basis Data/TB-K1-Database/lapak_gaming/vendor/laravel/framework/src/Illuminate/Console/Command.php(280): Illuminate/Container/Container->call(Array)
#34 D:/0_Project_VS_Code/3. Sistem Basis Data/TB-K1-Database/lapak_gaming/vendor/symfony/console/Command/Command.php(291): Illuminate/Console/Command->execute(Object(Symfony/Component/Console/Input/ArgvInput), Object(Illuminate/Console/OutputStyle))
#35 D:/0_Project_VS_Code/3. Sistem Basis Data/TB-K1-Database/lapak_gaming/vendor/laravel/framework/src/Illuminate/Console/Command.php(249): Symfony/Component/Console/Command/Command->run(Object(Symfony/Component/Console/Input/ArgvInput), Object(Illuminate/Console/OutputStyle))
#36 D:/0_Project_VS_Code/3. Sistem Basis Data/TB-K1-Database/lapak_gaming/vendor/symfony/console/Application.php(1107): Illuminate/Console/Command->run(Object(Symfony/Component/Console/Input/ArgvInput), Object(Symfony/Component/Console/Output/ConsoleOutput))
#37 D:/0_Project_VS_Code/3. Sistem Basis Data/TB-K1-Database/lapak_gaming/vendor/symfony/console/Application.php(356): Symfony/Component/Console/Application->doRunCommand(Object(Illuminate/Database/Console/Migrations/MigrateCommand), Object(Symfony/Component/Console/Input/ArgvInput), Object(Symfony/Component/Console/Output/ConsoleOutput))
#38 D:/0_Project_VS_Code/3. Sistem Basis Data/TB-K1-Database/lapak_gaming/vendor/symfony/console/Application.php(195): Symfony/Component/Console/Application->doRun(Object(Symfony/Component/Console/Input/ArgvInput), Object(Symfony/Component/Console/Output/ConsoleOutput))
#39 D:/0_Project_VS_Code/3. Sistem Basis Data/TB-K1-Database/lapak_gaming/vendor/laravel/framework/src/Illuminate/Foundation/Console/Kernel.php(198): Symfony/Component/Console/Application->run(Object(Symfony/Component/Console/Input/ArgvInput), Object(Symfony/Component/Console/Output/ConsoleOutput))
#40 D:/0_Project_VS_Code/3. Sistem Basis Data/TB-K1-Database/lapak_gaming/vendor/laravel/framework/src/Illuminate/Foundation/Application.php(1235): Illuminate/Foundation/Console/Kernel->handle(Object(Symfony/Component/Console/Input/ArgvInput), Object(Symfony/Component/Console/Output/ConsoleOutput))
#41 D:/0_Project_VS_Code/3. Sistem Basis Data/TB-K1-Database/lapak_gaming/artisan(16): Illuminate/Foundation/Application->handleCommand(Object(Symfony/Component/Console/Input/ArgvInput))
#42 {main}
"} 
[2026-04-01 06:18:22] local.ERROR: SQLSTATE[HY000] [2002] No connection could be made because the target machine actively refused it (Connection: mysql, Host: 127.0.0.1, Port: 3306, Database: lapak_gaming, SQL: select * from `cache` where `key` in (laravel-cache-illuminate:queue:paused:database:default)) {"exception":"[object] (Illuminate\\Database\\QueryException(code: 2002): SQLSTATE[HY000] [2002] No connection could be made because the target machine actively refused it (Connection: mysql, Host: 127.0.0.1, Port: 3306, Database: lapak_gaming, SQL: select * from `cache` where `key` in (laravel-cache-illuminate:queue:paused:database:default)) at D:/0_Project_VS_Code/3. Sistem Basis Data/TB-K1-Database/lapak_gaming/vendor/laravel/framework/src/Illuminate/Database/Connection.php:841)
[stacktrace]
#0 D:/0_Project_VS_Code/3. Sistem Basis Data/TB-K1-Database/lapak_gaming/vendor/laravel/framework/src/Illuminate/Database/Connection.php(1021): Illuminate/Database/Connection->runQueryCallback('select * from `...', Array, Object(Closure))
#1 D:/0_Project_VS_Code/3. Sistem Basis Data/TB-K1-Database/lapak_gaming/vendor/laravel/framework/src/Illuminate/Database/Connection.php(1000): Illuminate/Database/Connection->tryAgainIfCausedByLostConnection(Object(Illuminate/Database/QueryException), 'select * from `...', Array, Object(Closure))
#2 D:/0_Project_VS_Code/3. Sistem Basis Data/TB-K1-Database/lapak_gaming/vendor/laravel/framework/src/Illuminate/Database/Connection.php(799): Illuminate/Database/Connection->handleQueryException(Object(Illuminate/Database/QueryException), 'select * from `...', Array, Object(Closure))
#3 D:/0_Project_VS_Code/3. Sistem Basis Data/TB-K1-Database/lapak_gaming/vendor/laravel/framework/src/Illuminate/Database/Connection.php(412): Illuminate/Database/Connection->run('select * from `...', Array, Object(Closure))
#4 D:/0_Project_VS_Code/3. Sistem Basis Data/TB-K1-Database/lapak_gaming/vendor/laravel/framework/src/Illuminate/Database/Query/Builder.php(3562): Illuminate/Database/Connection->select('select * from `...', Array, true, Array)
#5 D:/0_Project_VS_Code/3. Sistem Basis Data/TB-K1-Database/lapak_gaming/vendor/laravel/framework/src/Illuminate/Database/Query/Builder.php(3546): Illuminate/Database/Query/Builder->runSelect()
#6 D:/0_Project_VS_Code/3. Sistem Basis Data/TB-K1-Database/lapak_gaming/vendor/laravel/framework/src/Illuminate/Cache/DatabaseStore.php(142): Illuminate/Database/Query/Builder->get()
#7 D:/0_Project_VS_Code/3. Sistem Basis Data/TB-K1-Database/lapak_gaming/vendor/laravel/framework/src/Illuminate/Cache/DatabaseStore.php(117): Illuminate/Cache/DatabaseStore->many(Array)
#8 D:/0_Project_VS_Code/3. Sistem Basis Data/TB-K1-Database/lapak_gaming/vendor/laravel/framework/src/Illuminate/Cache/Repository.php(124): Illuminate/Cache/DatabaseStore->get('illuminate:queu...')
#9 D:/0_Project_VS_Code/3. Sistem Basis Data/TB-K1-Database/lapak_gaming/vendor/laravel/framework/src/Illuminate/Queue/QueueManager.php(282): Illuminate/Cache/Repository->get('illuminate:queu...', false)
#10 D:/0_Project_VS_Code/3. Sistem Basis Data/TB-K1-Database/lapak_gaming/vendor/laravel/framework/src/Illuminate/Queue/Worker.php(428): Illuminate/Queue/QueueManager->isPaused('database', 'default')
#11 D:/0_Project_VS_Code/3. Sistem Basis Data/TB-K1-Database/lapak_gaming/vendor/laravel/framework/src/Illuminate/Queue/Worker.php(396): Illuminate/Queue/Worker->queuePaused('database', 'default')
#12 D:/0_Project_VS_Code/3. Sistem Basis Data/TB-K1-Database/lapak_gaming/vendor/laravel/framework/src/Illuminate/Queue/Worker.php(357): Illuminate/Queue/Worker->getNextJob(Object(Illuminate/Queue/DatabaseQueue), 'default')
#13 D:/0_Project_VS_Code/3. Sistem Basis Data/TB-K1-Database/lapak_gaming/vendor/laravel/framework/src/Illuminate/Queue/Console/WorkCommand.php(148): Illuminate/Queue/Worker->runNextJob('database', 'default', Object(Illuminate/Queue/WorkerOptions))
#14 D:/0_Project_VS_Code/3. Sistem Basis Data/TB-K1-Database/lapak_gaming/vendor/laravel/framework/src/Illuminate/Queue/Console/WorkCommand.php(131): Illuminate/Queue/Console/WorkCommand->runWorker('database', 'default')
#15 D:/0_Project_VS_Code/3. Sistem Basis Data/TB-K1-Database/lapak_gaming/vendor/laravel/framework/src/Illuminate/Container/BoundMethod.php(36): Illuminate/Queue/Console/WorkCommand->handle()
#16 D:/0_Project_VS_Code/3. Sistem Basis Data/TB-K1-Database/lapak_gaming/vendor/laravel/framework/src/Illuminate/Container/Util.php(43): Illuminate/Container/BoundMethod::{closure:Illuminate/Container/BoundMethod::call():35}()
#17 D:/0_Project_VS_Code/3. Sistem Basis Data/TB-K1-Database/lapak_gaming/vendor/laravel/framework/src/Illuminate/Container/BoundMethod.php(96): Illuminate/Container/Util::unwrapIfClosure(Object(Closure))
#18 D:/0_Project_VS_Code/3. Sistem Basis Data/TB-K1-Database/lapak_gaming/vendor/laravel/framework/src/Illuminate/Container/BoundMethod.php(35): Illuminate/Container/BoundMethod::callBoundMethod(Object(Illuminate/Foundation/Application), Array, Object(Closure))
#19 D:/0_Project_VS_Code/3. Sistem Basis Data/TB-K1-Database/lapak_gaming/vendor/laravel/framework/src/Illuminate/Container/Container.php(799): Illuminate/Container/BoundMethod::call(Object(Illuminate/Foundation/Application), Array, Array, NULL)
#20 D:/0_Project_VS_Code/3. Sistem Basis Data/TB-K1-Database/lapak_gaming/vendor/laravel/framework/src/Illuminate/Console/Command.php(280): Illuminate/Container/Container->call(Array)
#21 D:/0_Project_VS_Code/3. Sistem Basis Data/TB-K1-Database/lapak_gaming/vendor/symfony/console/Command/Command.php(291): Illuminate/Console/Command->execute(Object(Symfony/Component/Console/Input/ArgvInput), Object(Illuminate/Console/OutputStyle))
#22 D:/0_Project_VS_Code/3. Sistem Basis Data/TB-K1-Database/lapak_gaming/vendor/laravel/framework/src/Illuminate/Console/Command.php(249): Symfony/Component/Console/Command/Command->run(Object(Symfony/Component/Console/Input/ArgvInput), Object(Illuminate/Console/OutputStyle))
#23 D:/0_Project_VS_Code/3. Sistem Basis Data/TB-K1-Database/lapak_gaming/vendor/symfony/console/Application.php(1107): Illuminate/Console/Command->run(Object(Symfony/Component/Console/Input/ArgvInput), Object(Symfony/Component/Console/Output/ConsoleOutput))
#24 D:/0_Project_VS_Code/3. Sistem Basis Data/TB-K1-Database/lapak_gaming/vendor/symfony/console/Application.php(356): Symfony/Component/Console/Application->doRunCommand(Object(Illuminate/Queue/Console/WorkCommand), Object(Symfony/Component/Console/Input/ArgvInput), Object(Symfony/Component/Console/Output/ConsoleOutput))
#25 D:/0_Project_VS_Code/3. Sistem Basis Data/TB-K1-Database/lapak_gaming/vendor/symfony/console/Application.php(195): Symfony/Component/Console/Application->doRun(Object(Symfony/Component/Console/Input/ArgvInput), Object(Symfony/Component/Console/Output/ConsoleOutput))
#26 D:/0_Project_VS_Code/3. Sistem Basis Data/TB-K1-Database/lapak_gaming/vendor/laravel/framework/src/Illuminate/Foundation/Console/Kernel.php(198): Symfony/Component/Console/Application->run(Object(Symfony/Component/Console/Input/ArgvInput), Object(Symfony/Component/Console/Output/ConsoleOutput))
#27 D:/0_Project_VS_Code/3. Sistem Basis Data/TB-K1-Database/lapak_gaming/vendor/laravel/framework/src/Illuminate/Foundation/Application.php(1235): Illuminate/Foundation/Console/Kernel->handle(Object(Symfony/Component/Console/Input/ArgvInput), Object(Symfony/Component/Console/Output/ConsoleOutput))
#28 D:/0_Project_VS_Code/3. Sistem Basis Data/TB-K1-Database/lapak_gaming/artisan(16): Illuminate/Foundation/Application->handleCommand(Object(Symfony/Component/Console/Input/ArgvInput))
#29 {main}

[previous exception] [object] (PDOException(code: 2002): SQLSTATE[HY000] [2002] No connection could be made because the target machine actively refused it at D:/0_Project_VS_Code/3. Sistem Basis Data/TB-K1-Database/lapak_gaming/vendor/laravel/framework/src/Illuminate/Database/Connectors/Connector.php:67)
[stacktrace]
#0 D:/0_Project_VS_Code/3. Sistem Basis Data/TB-K1-Database/lapak_gaming/vendor/laravel/framework/src/Illuminate/Database/Connectors/Connector.php(67): PDO::connect('mysql:host=127....', 'root', Object(SensitiveParameterValue), Array)
#1 D:/0_Project_VS_Code/3. Sistem Basis Data/TB-K1-Database/lapak_gaming/vendor/laravel/framework/src/Illuminate/Database/Connectors/Connector.php(85): Illuminate/Database/Connectors/Connector->createPdoConnection('mysql:host=127....', 'root', Object(SensitiveParameterValue), Array)
#2 D:/0_Project_VS_Code/3. Sistem Basis Data/TB-K1-Database/lapak_gaming/vendor/laravel/framework/src/Illuminate/Database/Connectors/Connector.php(48): Illuminate/Database/Connectors/Connector->tryAgainIfCausedByLostConnection(Object(PDOException), 'mysql:host=127....', 'root', Object(SensitiveParameterValue), Array)
#3 D:/0_Project_VS_Code/3. Sistem Basis Data/TB-K1-Database/lapak_gaming/vendor/laravel/framework/src/Illuminate/Database/Connectors/MySqlConnector.php(24): Illuminate/Database/Connectors/Connector->createConnection('mysql:host=127....', Array, Array)
#4 D:/0_Project_VS_Code/3. Sistem Basis Data/TB-K1-Database/lapak_gaming/vendor/laravel/framework/src/Illuminate/Database/Connectors/ConnectionFactory.php(186): Illuminate/Database/Connectors/MySqlConnector->connect(Array)
#5 [internal function]: Illuminate/Database/Connectors/ConnectionFactory->{closure:Illuminate/Database/Connectors/ConnectionFactory::createPdoResolverWithHosts():181}()
#6 D:/0_Project_VS_Code/3. Sistem Basis Data/TB-K1-Database/lapak_gaming/vendor/laravel/framework/src/Illuminate/Database/Connection.php(1279): call_user_func(Object(Closure))
#7 D:/0_Project_VS_Code/3. Sistem Basis Data/TB-K1-Database/lapak_gaming/vendor/laravel/framework/src/Illuminate/Database/Connection.php(1317): Illuminate/Database/Connection->getPdo()
#8 D:/0_Project_VS_Code/3. Sistem Basis Data/TB-K1-Database/lapak_gaming/vendor/laravel/framework/src/Illuminate/Database/Connection.php(528): Illuminate/Database/Connection->getReadPdo()
#9 D:/0_Project_VS_Code/3. Sistem Basis Data/TB-K1-Database/lapak_gaming/vendor/laravel/framework/src/Illuminate/Database/Connection.php(421): Illuminate/Database/Connection->getPdoForSelect(true)
#10 D:/0_Project_VS_Code/3. Sistem Basis Data/TB-K1-Database/lapak_gaming/vendor/laravel/framework/src/Illuminate/Database/Connection.php(830): Illuminate/Database/Connection->{closure:Illuminate/Database/Connection::select():412}('select * from `...', Array)
#11 D:/0_Project_VS_Code/3. Sistem Basis Data/TB-K1-Database/lapak_gaming/vendor/laravel/framework/src/Illuminate/Database/Connection.php(1021): Illuminate/Database/Connection->runQueryCallback('select * from `...', Array, Object(Closure))
#12 D:/0_Project_VS_Code/3. Sistem Basis Data/TB-K1-Database/lapak_gaming/vendor/laravel/framework/src/Illuminate/Database/Connection.php(1000): Illuminate/Database/Connection->tryAgainIfCausedByLostConnection(Object(Illuminate/Database/QueryException), 'select * from `...', Array, Object(Closure))
#13 D:/0_Project_VS_Code/3. Sistem Basis Data/TB-K1-Database/lapak_gaming/vendor/laravel/framework/src/Illuminate/Database/Connection.php(799): Illuminate/Database/Connection->handleQueryException(Object(Illuminate/Database/QueryException), 'select * from `...', Array, Object(Closure))
#14 D:/0_Project_VS_Code/3. Sistem Basis Data/TB-K1-Database/lapak_gaming/vendor/laravel/framework/src/Illuminate/Database/Connection.php(412): Illuminate/Database/Connection->run('select * from `...', Array, Object(Closure))
#15 D:/0_Project_VS_Code/3. Sistem Basis Data/TB-K1-Database/lapak_gaming/vendor/laravel/framework/src/Illuminate/Database/Query/Builder.php(3562): Illuminate/Database/Connection->select('select * from `...', Array, true, Array)
#16 D:/0_Project_VS_Code/3. Sistem Basis Data/TB-K1-Database/lapak_gaming/vendor/laravel/framework/src/Illuminate/Database/Query/Builder.php(3546): Illuminate/Database/Query/Builder->runSelect()
#17 D:/0_Project_VS_Code/3. Sistem Basis Data/TB-K1-Database/lapak_gaming/vendor/laravel/framework/src/Illuminate/Cache/DatabaseStore.php(142): Illuminate/Database/Query/Builder->get()
#18 D:/0_Project_VS_Code/3. Sistem Basis Data/TB-K1-Database/lapak_gaming/vendor/laravel/framework/src/Illuminate/Cache/DatabaseStore.php(117): Illuminate/Cache/DatabaseStore->many(Array)
#19 D:/0_Project_VS_Code/3. Sistem Basis Data/TB-K1-Database/lapak_gaming/vendor/laravel/framework/src/Illuminate/Cache/Repository.php(124): Illuminate/Cache/DatabaseStore->get('illuminate:queu...')
#20 D:/0_Project_VS_Code/3. Sistem Basis Data/TB-K1-Database/lapak_gaming/vendor/laravel/framework/src/Illuminate/Queue/QueueManager.php(282): Illuminate/Cache/Repository->get('illuminate:queu...', false)
#21 D:/0_Project_VS_Code/3. Sistem Basis Data/TB-K1-Database/lapak_gaming/vendor/laravel/framework/src/Illuminate/Queue/Worker.php(428): Illuminate/Queue/QueueManager->isPaused('database', 'default')
#22 D:/0_Project_VS_Code/3. Sistem Basis Data/TB-K1-Database/lapak_gaming/vendor/laravel/framework/src/Illuminate/Queue/Worker.php(396): Illuminate/Queue/Worker->queuePaused('database', 'default')
#23 D:/0_Project_VS_Code/3. Sistem Basis Data/TB-K1-Database/lapak_gaming/vendor/laravel/framework/src/Illuminate/Queue/Worker.php(357): Illuminate/Queue/Worker->getNextJob(Object(Illuminate/Queue/DatabaseQueue), 'default')
#24 D:/0_Project_VS_Code/3. Sistem Basis Data/TB-K1-Database/lapak_gaming/vendor/laravel/framework/src/Illuminate/Queue/Console/WorkCommand.php(148): Illuminate/Queue/Worker->runNextJob('database', 'default', Object(Illuminate/Queue/WorkerOptions))
#25 D:/0_Project_VS_Code/3. Sistem Basis Data/TB-K1-Database/lapak_gaming/vendor/laravel/framework/src/Illuminate/Queue/Console/WorkCommand.php(131): Illuminate/Queue/Console/WorkCommand->runWorker('database', 'default')
#26 D:/0_Project_VS_Code/3. Sistem Basis Data/TB-K1-Database/lapak_gaming/vendor/laravel/framework/src/Illuminate/Container/BoundMethod.php(36): Illuminate/Queue/Console/WorkCommand->handle()
#27 D:/0_Project_VS_Code/3. Sistem Basis Data/TB-K1-Database/lapak_gaming/vendor/laravel/framework/src/Illuminate/Container/Util.php(43): Illuminate/Container/BoundMethod::{closure:Illuminate/Container/BoundMethod::call():35}()
#28 D:/0_Project_VS_Code/3. Sistem Basis Data/TB-K1-Database/lapak_gaming/vendor/laravel/framework/src/Illuminate/Container/BoundMethod.php(96): Illuminate/Container/Util::unwrapIfClosure(Object(Closure))
#29 D:/0_Project_VS_Code/3. Sistem Basis Data/TB-K1-Database/lapak_gaming/vendor/laravel/framework/src/Illuminate/Container/BoundMethod.php(35): Illuminate/Container/BoundMethod::callBoundMethod(Object(Illuminate/Foundation/Application), Array, Object(Closure))
#30 D:/0_Project_VS_Code/3. Sistem Basis Data/TB-K1-Database/lapak_gaming/vendor/laravel/framework/src/Illuminate/Container/Container.php(799): Illuminate/Container/BoundMethod::call(Object(Illuminate/Foundation/Application), Array, Array, NULL)
#31 D:/0_Project_VS_Code/3. Sistem Basis Data/TB-K1-Database/lapak_gaming/vendor/laravel/framework/src/Illuminate/Console/Command.php(280): Illuminate/Container/Container->call(Array)
#32 D:/0_Project_VS_Code/3. Sistem Basis Data/TB-K1-Database/lapak_gaming/vendor/symfony/console/Command/Command.php(291): Illuminate/Console/Command->execute(Object(Symfony/Component/Console/Input/ArgvInput), Object(Illuminate/Console/OutputStyle))
#33 D:/0_Project_VS_Code/3. Sistem Basis Data/TB-K1-Database/lapak_gaming/vendor/laravel/framework/src/Illuminate/Console/Command.php(249): Symfony/Component/Console/Command/Command->run(Object(Symfony/Component/Console/Input/ArgvInput), Object(Illuminate/Console/OutputStyle))
#34 D:/0_Project_VS_Code/3. Sistem Basis Data/TB-K1-Database/lapak_gaming/vendor/symfony/console/Application.php(1107): Illuminate/Console/Command->run(Object(Symfony/Component/Console/Input/ArgvInput), Object(Symfony/Component/Console/Output/ConsoleOutput))
#35 D:/0_Project_VS_Code/3. Sistem Basis Data/TB-K1-Database/lapak_gaming/vendor/symfony/console/Application.php(356): Symfony/Component/Console/Application->doRunCommand(Object(Illuminate/Queue/Console/WorkCommand), Object(Symfony/Component/Console/Input/ArgvInput), Object(Symfony/Component/Console/Output/ConsoleOutput))
#36 D:/0_Project_VS_Code/3. Sistem Basis Data/TB-K1-Database/lapak_gaming/vendor/symfony/console/Application.php(195): Symfony/Component/Console/Application->doRun(Object(Symfony/Component/Console/Input/ArgvInput), Object(Symfony/Component/Console/Output/ConsoleOutput))
#37 D:/0_Project_VS_Code/3. Sistem Basis Data/TB-K1-Database/lapak_gaming/vendor/laravel/framework/src/Illuminate/Foundation/Console/Kernel.php(198): Symfony/Component/Console/Application->run(Object(Symfony/Component/Console/Input/ArgvInput), Object(Symfony/Component/Console/Output/ConsoleOutput))
#38 D:/0_Project_VS_Code/3. Sistem Basis Data/TB-K1-Database/lapak_gaming/vendor/laravel/framework/src/Illuminate/Foundation/Application.php(1235): Illuminate/Foundation/Console/Kernel->handle(Object(Symfony/Component/Console/Input/ArgvInput), Object(Symfony/Component/Console/Output/ConsoleOutput))
#39 D:/0_Project_VS_Code/3. Sistem Basis Data/TB-K1-Database/lapak_gaming/artisan(16): Illuminate/Foundation/Application->handleCommand(Object(Symfony/Component/Console/Input/ArgvInput))
#40 {main}
"} 
[2026-04-01 06:18:33] local.ERROR: SQLSTATE[HY000] [2002] No connection could be made because the target machine actively refused it (Connection: mysql, Host: 127.0.0.1, Port: 3306, Database: lapak_gaming, SQL: select * from `sessions` where `id` = X4cdhMje7OFnEh5Zhts3mtPBzmQf4ynDitzI7pau limit 1) {"exception":"[object] (Illuminate\\Database\\QueryException(code: 2002): SQLSTATE[HY000] [2002] No connection could be made because the target machine actively refused it (Connection: mysql, Host: 127.0.0.1, Port: 3306, Database: lapak_gaming, SQL: select * from `sessions` where `id` = X4cdhMje7OFnEh5Zhts3mtPBzmQf4ynDitzI7pau limit 1) at D:/0_Project_VS_Code/3. Sistem Basis Data/TB-K1-Database/lapak_gaming/vendor/laravel/framework/src/Illuminate/Database/Connection.php:841)
[stacktrace]
#0 D:/0_Project_VS_Code/3. Sistem Basis Data/TB-K1-Database/lapak_gaming/vendor/laravel/framework/src/Illuminate/Database/Connection.php(1021): Illuminate/Database/Connection->runQueryCallback('select * from `...', Array, Object(Closure))
#1 D:/0_Project_VS_Code/3. Sistem Basis Data/TB-K1-Database/lapak_gaming/vendor/laravel/framework/src/Illuminate/Database/Connection.php(1000): Illuminate/Database/Connection->tryAgainIfCausedByLostConnection(Object(Illuminate/Database/QueryException), 'select * from `...', Array, Object(Closure))
#2 D:/0_Project_VS_Code/3. Sistem Basis Data/TB-K1-Database/lapak_gaming/vendor/laravel/framework/src/Illuminate/Database/Connection.php(799): Illuminate/Database/Connection->handleQueryException(Object(Illuminate/Database/QueryException), 'select * from `...', Array, Object(Closure))
#3 D:/0_Project_VS_Code/3. Sistem Basis Data/TB-K1-Database/lapak_gaming/vendor/laravel/framework/src/Illuminate/Database/Connection.php(412): Illuminate/Database/Connection->run('select * from `...', Array, Object(Closure))
#4 D:/0_Project_VS_Code/3. Sistem Basis Data/TB-K1-Database/lapak_gaming/vendor/laravel/framework/src/Illuminate/Database/Query/Builder.php(3562): Illuminate/Database/Connection->select('select * from `...', Array, false, Array)
#5 D:/0_Project_VS_Code/3. Sistem Basis Data/TB-K1-Database/lapak_gaming/vendor/laravel/framework/src/Illuminate/Database/Query/Builder.php(3546): Illuminate/Database/Query/Builder->runSelect()
#6 D:/0_Project_VS_Code/3. Sistem Basis Data/TB-K1-Database/lapak_gaming/vendor/laravel/framework/src/Illuminate/Database/Concerns/BuildsQueries.php(367): Illuminate/Database/Query/Builder->get(Array)
#7 D:/0_Project_VS_Code/3. Sistem Basis Data/TB-K1-Database/lapak_gaming/vendor/laravel/framework/src/Illuminate/Database/Query/Builder.php(3464): Illuminate/Database/Query/Builder->first(Array)
#8 D:/0_Project_VS_Code/3. Sistem Basis Data/TB-K1-Database/lapak_gaming/vendor/laravel/framework/src/Illuminate/Session/DatabaseSessionHandler.php(96): Illuminate/Database/Query/Builder->find('X4cdhMje7OFnEh5...')
#9 D:/0_Project_VS_Code/3. Sistem Basis Data/TB-K1-Database/lapak_gaming/vendor/laravel/framework/src/Illuminate/Session/Store.php(128): Illuminate/Session/DatabaseSessionHandler->read('X4cdhMje7OFnEh5...')
#10 D:/0_Project_VS_Code/3. Sistem Basis Data/TB-K1-Database/lapak_gaming/vendor/laravel/framework/src/Illuminate/Session/Store.php(116): Illuminate/Session/Store->readFromHandler()
#11 D:/0_Project_VS_Code/3. Sistem Basis Data/TB-K1-Database/lapak_gaming/vendor/laravel/framework/src/Illuminate/Session/Store.php(100): Illuminate/Session/Store->loadSession()
#12 D:/0_Project_VS_Code/3. Sistem Basis Data/TB-K1-Database/lapak_gaming/vendor/laravel/framework/src/Illuminate/Session/Middleware/StartSession.php(146): Illuminate/Session/Store->start()
#13 D:/0_Project_VS_Code/3. Sistem Basis Data/TB-K1-Database/lapak_gaming/vendor/laravel/framework/src/Illuminate/Support/helpers.php(393): Illuminate/Session/Middleware/StartSession->{closure:Illuminate/Session/Middleware/StartSession::startSession():143}(Object(Illuminate/Session/Store))
#14 D:/0_Project_VS_Code/3. Sistem Basis Data/TB-K1-Database/lapak_gaming/vendor/laravel/framework/src/Illuminate/Session/Middleware/StartSession.php(143): tap(Object(Illuminate/Session/Store), Object(Closure))
#15 D:/0_Project_VS_Code/3. Sistem Basis Data/TB-K1-Database/lapak_gaming/vendor/laravel/framework/src/Illuminate/Session/Middleware/StartSession.php(115): Illuminate/Session/Middleware/StartSession->startSession(Object(Illuminate/Http/Request), Object(Illuminate/Session/Store))
#16 D:/0_Project_VS_Code/3. Sistem Basis Data/TB-K1-Database/lapak_gaming/vendor/laravel/framework/src/Illuminate/Session/Middleware/StartSession.php(63): Illuminate/Session/Middleware/StartSession->handleStatefulRequest(Object(Illuminate/Http/Request), Object(Illuminate/Session/Store), Object(Closure))
#17 D:/0_Project_VS_Code/3. Sistem Basis Data/TB-K1-Database/lapak_gaming/vendor/laravel/framework/src/Illuminate/Pipeline/Pipeline.php(219): Illuminate/Session/Middleware/StartSession->handle(Object(Illuminate/Http/Request), Object(Closure))
#18 D:/0_Project_VS_Code/3. Sistem Basis Data/TB-K1-Database/lapak_gaming/vendor/laravel/framework/src/Illuminate/Cookie/Middleware/AddQueuedCookiesToResponse.php(36): Illuminate/Pipeline/Pipeline->{closure:{closure:Illuminate/Pipeline/Pipeline::carry():194}:195}(Object(Illuminate/Http/Request))
#19 D:/0_Project_VS_Code/3. Sistem Basis Data/TB-K1-Database/lapak_gaming/vendor/laravel/framework/src/Illuminate/Pipeline/Pipeline.php(219): Illuminate/Cookie/Middleware/AddQueuedCookiesToResponse->handle(Object(Illuminate/Http/Request), Object(Closure))
#20 D:/0_Project_VS_Code/3. Sistem Basis Data/TB-K1-Database/lapak_gaming/vendor/laravel/framework/src/Illuminate/Cookie/Middleware/EncryptCookies.php(74): Illuminate/Pipeline/Pipeline->{closure:{closure:Illuminate/Pipeline/Pipeline::carry():194}:195}(Object(Illuminate/Http/Request))
#21 D:/0_Project_VS_Code/3. Sistem Basis Data/TB-K1-Database/lapak_gaming/vendor/laravel/framework/src/Illuminate/Pipeline/Pipeline.php(219): Illuminate/Cookie/Middleware/EncryptCookies->handle(Object(Illuminate/Http/Request), Object(Closure))
#22 D:/0_Project_VS_Code/3. Sistem Basis Data/TB-K1-Database/lapak_gaming/vendor/laravel/framework/src/Illuminate/Pipeline/Pipeline.php(137): Illuminate/Pipeline/Pipeline->{closure:{closure:Illuminate/Pipeline/Pipeline::carry():194}:195}(Object(Illuminate/Http/Request))
#23 D:/0_Project_VS_Code/3. Sistem Basis Data/TB-K1-Database/lapak_gaming/vendor/laravel/framework/src/Illuminate/Routing/Router.php(821): Illuminate/Pipeline/Pipeline->then(Object(Closure))
#24 D:/0_Project_VS_Code/3. Sistem Basis Data/TB-K1-Database/lapak_gaming/vendor/laravel/framework/src/Illuminate/Routing/Router.php(800): Illuminate/Routing/Router->runRouteWithinStack(Object(Illuminate/Routing/Route), Object(Illuminate/Http/Request))
#25 D:/0_Project_VS_Code/3. Sistem Basis Data/TB-K1-Database/lapak_gaming/vendor/laravel/framework/src/Illuminate/Routing/Router.php(764): Illuminate/Routing/Router->runRoute(Object(Illuminate/Http/Request), Object(Illuminate/Routing/Route))
#26 D:/0_Project_VS_Code/3. Sistem Basis Data/TB-K1-Database/lapak_gaming/vendor/laravel/framework/src/Illuminate/Routing/Router.php(753): Illuminate/Routing/Router->dispatchToRoute(Object(Illuminate/Http/Request))
#27 D:/0_Project_VS_Code/3. Sistem Basis Data/TB-K1-Database/lapak_gaming/vendor/laravel/framework/src/Illuminate/Foundation/Http/Kernel.php(200): Illuminate/Routing/Router->dispatch(Object(Illuminate/Http/Request))
#28 D:/0_Project_VS_Code/3. Sistem Basis Data/TB-K1-Database/lapak_gaming/vendor/laravel/framework/src/Illuminate/Pipeline/Pipeline.php(180): Illuminate/Foundation/Http/Kernel->{closure:Illuminate/Foundation/Http/Kernel::dispatchToRouter():197}(Object(Illuminate/Http/Request))
#29 D:/0_Project_VS_Code/3. Sistem Basis Data/TB-K1-Database/lapak_gaming/vendor/laravel/framework/src/Illuminate/Foundation/Http/Middleware/TransformsRequest.php(21): Illuminate/Pipeline/Pipeline->{closure:Illuminate/Pipeline/Pipeline::prepareDestination():178}(Object(Illuminate/Http/Request))
#30 D:/0_Project_VS_Code/3. Sistem Basis Data/TB-K1-Database/lapak_gaming/vendor/laravel/framework/src/Illuminate/Foundation/Http/Middleware/ConvertEmptyStringsToNull.php(31): Illuminate/Foundation/Http/Middleware/TransformsRequest->handle(Object(Illuminate/Http/Request), Object(Closure))
#31 D:/0_Project_VS_Code/3. Sistem Basis Data/TB-K1-Database/lapak_gaming/vendor/laravel/framework/src/Illuminate/Pipeline/Pipeline.php(219): Illuminate/Foundation/Http/Middleware/ConvertEmptyStringsToNull->handle(Object(Illuminate/Http/Request), Object(Closure))
#32 D:/0_Project_VS_Code/3. Sistem Basis Data/TB-K1-Database/lapak_gaming/vendor/laravel/framework/src/Illuminate/Foundation/Http/Middleware/TransformsRequest.php(21): Illuminate/Pipeline/Pipeline->{closure:{closure:Illuminate/Pipeline/Pipeline::carry():194}:195}(Object(Illuminate/Http/Request))
#33 D:/0_Project_VS_Code/3. Sistem Basis Data/TB-K1-Database/lapak_gaming/vendor/laravel/framework/src/Illuminate/Foundation/Http/Middleware/TrimStrings.php(51): Illuminate/Foundation/Http/Middleware/TransformsRequest->handle(Object(Illuminate/Http/Request), Object(Closure))
#34 D:/0_Project_VS_Code/3. Sistem Basis Data/TB-K1-Database/lapak_gaming/vendor/laravel/framework/src/Illuminate/Pipeline/Pipeline.php(219): Illuminate/Foundation/Http/Middleware/TrimStrings->handle(Object(Illuminate/Http/Request), Object(Closure))
#35 D:/0_Project_VS_Code/3. Sistem Basis Data/TB-K1-Database/lapak_gaming/vendor/laravel/framework/src/Illuminate/Http/Middleware/ValidatePostSize.php(27): Illuminate/Pipeline/Pipeline->{closure:{closure:Illuminate/Pipeline/Pipeline::carry():194}:195}(Object(Illuminate/Http/Request))
#36 D:/0_Project_VS_Code/3. Sistem Basis Data/TB-K1-Database/lapak_gaming/vendor/laravel/framework/src/Illuminate/Pipeline/Pipeline.php(219): Illuminate/Http/Middleware/ValidatePostSize->handle(Object(Illuminate/Http/Request), Object(Closure))
#37 D:/0_Project_VS_Code/3. Sistem Basis Data/TB-K1-Database/lapak_gaming/vendor/laravel/framework/src/Illuminate/Foundation/Http/Middleware/PreventRequestsDuringMaintenance.php(109): Illuminate/Pipeline/Pipeline->{closure:{closure:Illuminate/Pipeline/Pipeline::carry():194}:195}(Object(Illuminate/Http/Request))
#38 D:/0_Project_VS_Code/3. Sistem Basis Data/TB-K1-Database/lapak_gaming/vendor/laravel/framework/src/Illuminate/Pipeline/Pipeline.php(219): Illuminate/Foundation/Http/Middleware/PreventRequestsDuringMaintenance->handle(Object(Illuminate/Http/Request), Object(Closure))
#39 D:/0_Project_VS_Code/3. Sistem Basis Data/TB-K1-Database/lapak_gaming/vendor/laravel/framework/src/Illuminate/Http/Middleware/HandleCors.php(61): Illuminate/Pipeline/Pipeline->{closure:{closure:Illuminate/Pipeline/Pipeline::carry():194}:195}(Object(Illuminate/Http/Request))
#40 D:/0_Project_VS_Code/3. Sistem Basis Data/TB-K1-Database/lapak_gaming/vendor/laravel/framework/src/Illuminate/Pipeline/Pipeline.php(219): Illuminate/Http/Middleware/HandleCors->handle(Object(Illuminate/Http/Request), Object(Closure))
#41 D:/0_Project_VS_Code/3. Sistem Basis Data/TB-K1-Database/lapak_gaming/vendor/laravel/framework/src/Illuminate/Http/Middleware/TrustProxies.php(58): Illuminate/Pipeline/Pipeline->{closure:{closure:Illuminate/Pipeline/Pipeline::carry():194}:195}(Object(Illuminate/Http/Request))
#42 D:/0_Project_VS_Code/3. Sistem Basis Data/TB-K1-Database/lapak_gaming/vendor/laravel/framework/src/Illuminate/Pipeline/Pipeline.php(219): Illuminate/Http/Middleware/TrustProxies->handle(Object(Illuminate/Http/Request), Object(Closure))
#43 D:/0_Project_VS_Code/3. Sistem Basis Data/TB-K1-Database/lapak_gaming/vendor/laravel/framework/src/Illuminate/Foundation/Http/Middleware/InvokeDeferredCallbacks.php(22): Illuminate/Pipeline/Pipeline->{closure:{closure:Illuminate/Pipeline/Pipeline::carry():194}:195}(Object(Illuminate/Http/Request))
#44 D:/0_Project_VS_Code/3. Sistem Basis Data/TB-K1-Database/lapak_gaming/vendor/laravel/framework/src/Illuminate/Pipeline/Pipeline.php(219): Illuminate/Foundation/Http/Middleware/InvokeDeferredCallbacks->handle(Object(Illuminate/Http/Request), Object(Closure))
#45 D:/0_Project_VS_Code/3. Sistem Basis Data/TB-K1-Database/lapak_gaming/vendor/laravel/framework/src/Illuminate/Http/Middleware/ValidatePathEncoding.php(28): Illuminate/Pipeline/Pipeline->{closure:{closure:Illuminate/Pipeline/Pipeline::carry():194}:195}(Object(Illuminate/Http/Request))
#46 D:/0_Project_VS_Code/3. Sistem Basis Data/TB-K1-Database/lapak_gaming/vendor/laravel/framework/src/Illuminate/Pipeline/Pipeline.php(219): Illuminate/Http/Middleware/ValidatePathEncoding->handle(Object(Illuminate/Http/Request), Object(Closure))
#47 D:/0_Project_VS_Code/3. Sistem Basis Data/TB-K1-Database/lapak_gaming/vendor/laravel/framework/src/Illuminate/Pipeline/Pipeline.php(137): Illuminate/Pipeline/Pipeline->{closure:{closure:Illuminate/Pipeline/Pipeline::carry():194}:195}(Object(Illuminate/Http/Request))
#48 D:/0_Project_VS_Code/3. Sistem Basis Data/TB-K1-Database/lapak_gaming/vendor/laravel/framework/src/Illuminate/Foundation/Http/Kernel.php(175): Illuminate/Pipeline/Pipeline->then(Object(Closure))
#49 D:/0_Project_VS_Code/3. Sistem Basis Data/TB-K1-Database/lapak_gaming/vendor/laravel/framework/src/Illuminate/Foundation/Http/Kernel.php(144): Illuminate/Foundation/Http/Kernel->sendRequestThroughRouter(Object(Illuminate/Http/Request))
#50 D:/0_Project_VS_Code/3. Sistem Basis Data/TB-K1-Database/lapak_gaming/vendor/laravel/framework/src/Illuminate/Foundation/Application.php(1220): Illuminate/Foundation/Http/Kernel->handle(Object(Illuminate/Http/Request))
#51 D:/0_Project_VS_Code/3. Sistem Basis Data/TB-K1-Database/lapak_gaming/public/index.php(20): Illuminate/Foundation/Application->handleRequest(Object(Illuminate/Http/Request))
#52 D:/0_Project_VS_Code/3. Sistem Basis Data/TB-K1-Database/lapak_gaming/vendor/laravel/framework/src/Illuminate/Foundation/resources/server.php(23): require_once('D://0_Project_VS...')
#53 {main}

[previous exception] [object] (PDOException(code: 2002): SQLSTATE[HY000] [2002] No connection could be made because the target machine actively refused it at D:/0_Project_VS_Code/3. Sistem Basis Data/TB-K1-Database/lapak_gaming/vendor/laravel/framework/src/Illuminate/Database/Connectors/Connector.php:67)
[stacktrace]
#0 D:/0_Project_VS_Code/3. Sistem Basis Data/TB-K1-Database/lapak_gaming/vendor/laravel/framework/src/Illuminate/Database/Connectors/Connector.php(67): PDO::connect('mysql:host=127....', 'root', Object(SensitiveParameterValue), Array)
#1 D:/0_Project_VS_Code/3. Sistem Basis Data/TB-K1-Database/lapak_gaming/vendor/laravel/framework/src/Illuminate/Database/Connectors/Connector.php(85): Illuminate/Database/Connectors/Connector->createPdoConnection('mysql:host=127....', 'root', Object(SensitiveParameterValue), Array)
#2 D:/0_Project_VS_Code/3. Sistem Basis Data/TB-K1-Database/lapak_gaming/vendor/laravel/framework/src/Illuminate/Database/Connectors/Connector.php(48): Illuminate/Database/Connectors/Connector->tryAgainIfCausedByLostConnection(Object(PDOException), 'mysql:host=127....', 'root', Object(SensitiveParameterValue), Array)
#3 D:/0_Project_VS_Code/3. Sistem Basis Data/TB-K1-Database/lapak_gaming/vendor/laravel/framework/src/Illuminate/Database/Connectors/MySqlConnector.php(24): Illuminate/Database/Connectors/Connector->createConnection('mysql:host=127....', Array, Array)
#4 D:/0_Project_VS_Code/3. Sistem Basis Data/TB-K1-Database/lapak_gaming/vendor/laravel/framework/src/Illuminate/Database/Connectors/ConnectionFactory.php(186): Illuminate/Database/Connectors/MySqlConnector->connect(Array)
#5 [internal function]: Illuminate/Database/Connectors/ConnectionFactory->{closure:Illuminate/Database/Connectors/ConnectionFactory::createPdoResolverWithHosts():181}()
#6 D:/0_Project_VS_Code/3. Sistem Basis Data/TB-K1-Database/lapak_gaming/vendor/laravel/framework/src/Illuminate/Database/Connection.php(1279): call_user_func(Object(Closure))
#7 D:/0_Project_VS_Code/3. Sistem Basis Data/TB-K1-Database/lapak_gaming/vendor/laravel/framework/src/Illuminate/Database/Connection.php(528): Illuminate/Database/Connection->getPdo()
#8 D:/0_Project_VS_Code/3. Sistem Basis Data/TB-K1-Database/lapak_gaming/vendor/laravel/framework/src/Illuminate/Database/Connection.php(421): Illuminate/Database/Connection->getPdoForSelect(false)
#9 D:/0_Project_VS_Code/3. Sistem Basis Data/TB-K1-Database/lapak_gaming/vendor/laravel/framework/src/Illuminate/Database/Connection.php(830): Illuminate/Database/Connection->{closure:Illuminate/Database/Connection::select():412}('select * from `...', Array)
#10 D:/0_Project_VS_Code/3. Sistem Basis Data/TB-K1-Database/lapak_gaming/vendor/laravel/framework/src/Illuminate/Database/Connection.php(1021): Illuminate/Database/Connection->runQueryCallback('select * from `...', Array, Object(Closure))
#11 D:/0_Project_VS_Code/3. Sistem Basis Data/TB-K1-Database/lapak_gaming/vendor/laravel/framework/src/Illuminate/Database/Connection.php(1000): Illuminate/Database/Connection->tryAgainIfCausedByLostConnection(Object(Illuminate/Database/QueryException), 'select * from `...', Array, Object(Closure))
#12 D:/0_Project_VS_Code/3. Sistem Basis Data/TB-K1-Database/lapak_gaming/vendor/laravel/framework/src/Illuminate/Database/Connection.php(799): Illuminate/Database/Connection->handleQueryException(Object(Illuminate/Database/QueryException), 'select * from `...', Array, Object(Closure))
#13 D:/0_Project_VS_Code/3. Sistem Basis Data/TB-K1-Database/lapak_gaming/vendor/laravel/framework/src/Illuminate/Database/Connection.php(412): Illuminate/Database/Connection->run('select * from `...', Array, Object(Closure))
#14 D:/0_Project_VS_Code/3. Sistem Basis Data/TB-K1-Database/lapak_gaming/vendor/laravel/framework/src/Illuminate/Database/Query/Builder.php(3562): Illuminate/Database/Connection->select('select * from `...', Array, false, Array)
#15 D:/0_Project_VS_Code/3. Sistem Basis Data/TB-K1-Database/lapak_gaming/vendor/laravel/framework/src/Illuminate/Database/Query/Builder.php(3546): Illuminate/Database/Query/Builder->runSelect()
#16 D:/0_Project_VS_Code/3. Sistem Basis Data/TB-K1-Database/lapak_gaming/vendor/laravel/framework/src/Illuminate/Database/Concerns/BuildsQueries.php(367): Illuminate/Database/Query/Builder->get(Array)
#17 D:/0_Project_VS_Code/3. Sistem Basis Data/TB-K1-Database/lapak_gaming/vendor/laravel/framework/src/Illuminate/Database/Query/Builder.php(3464): Illuminate/Database/Query/Builder->first(Array)
#18 D:/0_Project_VS_Code/3. Sistem Basis Data/TB-K1-Database/lapak_gaming/vendor/laravel/framework/src/Illuminate/Session/DatabaseSessionHandler.php(96): Illuminate/Database/Query/Builder->find('X4cdhMje7OFnEh5...')
#19 D:/0_Project_VS_Code/3. Sistem Basis Data/TB-K1-Database/lapak_gaming/vendor/laravel/framework/src/Illuminate/Session/Store.php(128): Illuminate/Session/DatabaseSessionHandler->read('X4cdhMje7OFnEh5...')
#20 D:/0_Project_VS_Code/3. Sistem Basis Data/TB-K1-Database/lapak_gaming/vendor/laravel/framework/src/Illuminate/Session/Store.php(116): Illuminate/Session/Store->readFromHandler()
#21 D:/0_Project_VS_Code/3. Sistem Basis Data/TB-K1-Database/lapak_gaming/vendor/laravel/framework/src/Illuminate/Session/Store.php(100): Illuminate/Session/Store->loadSession()
#22 D:/0_Project_VS_Code/3. Sistem Basis Data/TB-K1-Database/lapak_gaming/vendor/laravel/framework/src/Illuminate/Session/Middleware/StartSession.php(146): Illuminate/Session/Store->start()
#23 D:/0_Project_VS_Code/3. Sistem Basis Data/TB-K1-Database/lapak_gaming/vendor/laravel/framework/src/Illuminate/Support/helpers.php(393): Illuminate/Session/Middleware/StartSession->{closure:Illuminate/Session/Middleware/StartSession::startSession():143}(Object(Illuminate/Session/Store))
#24 D:/0_Project_VS_Code/3. Sistem Basis Data/TB-K1-Database/lapak_gaming/vendor/laravel/framework/src/Illuminate/Session/Middleware/StartSession.php(143): tap(Object(Illuminate/Session/Store), Object(Closure))
#25 D:/0_Project_VS_Code/3. Sistem Basis Data/TB-K1-Database/lapak_gaming/vendor/laravel/framework/src/Illuminate/Session/Middleware/StartSession.php(115): Illuminate/Session/Middleware/StartSession->startSession(Object(Illuminate/Http/Request), Object(Illuminate/Session/Store))
#26 D:/0_Project_VS_Code/3. Sistem Basis Data/TB-K1-Database/lapak_gaming/vendor/laravel/framework/src/Illuminate/Session/Middleware/StartSession.php(63): Illuminate/Session/Middleware/StartSession->handleStatefulRequest(Object(Illuminate/Http/Request), Object(Illuminate/Session/Store), Object(Closure))
#27 D:/0_Project_VS_Code/3. Sistem Basis Data/TB-K1-Database/lapak_gaming/vendor/laravel/framework/src/Illuminate/Pipeline/Pipeline.php(219): Illuminate/Session/Middleware/StartSession->handle(Object(Illuminate/Http/Request), Object(Closure))
#28 D:/0_Project_VS_Code/3. Sistem Basis Data/TB-K1-Database/lapak_gaming/vendor/laravel/framework/src/Illuminate/Cookie/Middleware/AddQueuedCookiesToResponse.php(36): Illuminate/Pipeline/Pipeline->{closure:{closure:Illuminate/Pipeline/Pipeline::carry():194}:195}(Object(Illuminate/Http/Request))
#29 D:/0_Project_VS_Code/3. Sistem Basis Data/TB-K1-Database/lapak_gaming/vendor/laravel/framework/src/Illuminate/Pipeline/Pipeline.php(219): Illuminate/Cookie/Middleware/AddQueuedCookiesToResponse->handle(Object(Illuminate/Http/Request), Object(Closure))
#30 D:/0_Project_VS_Code/3. Sistem Basis Data/TB-K1-Database/lapak_gaming/vendor/laravel/framework/src/Illuminate/Cookie/Middleware/EncryptCookies.php(74): Illuminate/Pipeline/Pipeline->{closure:{closure:Illuminate/Pipeline/Pipeline::carry():194}:195}(Object(Illuminate/Http/Request))
#31 D:/0_Project_VS_Code/3. Sistem Basis Data/TB-K1-Database/lapak_gaming/vendor/laravel/framework/src/Illuminate/Pipeline/Pipeline.php(219): Illuminate/Cookie/Middleware/EncryptCookies->handle(Object(Illuminate/Http/Request), Object(Closure))
#32 D:/0_Project_VS_Code/3. Sistem Basis Data/TB-K1-Database/lapak_gaming/vendor/laravel/framework/src/Illuminate/Pipeline/Pipeline.php(137): Illuminate/Pipeline/Pipeline->{closure:{closure:Illuminate/Pipeline/Pipeline::carry():194}:195}(Object(Illuminate/Http/Request))
#33 D:/0_Project_VS_Code/3. Sistem Basis Data/TB-K1-Database/lapak_gaming/vendor/laravel/framework/src/Illuminate/Routing/Router.php(821): Illuminate/Pipeline/Pipeline->then(Object(Closure))
#34 D:/0_Project_VS_Code/3. Sistem Basis Data/TB-K1-Database/lapak_gaming/vendor/laravel/framework/src/Illuminate/Routing/Router.php(800): Illuminate/Routing/Router->runRouteWithinStack(Object(Illuminate/Routing/Route), Object(Illuminate/Http/Request))
#35 D:/0_Project_VS_Code/3. Sistem Basis Data/TB-K1-Database/lapak_gaming/vendor/laravel/framework/src/Illuminate/Routing/Router.php(764): Illuminate/Routing/Router->runRoute(Object(Illuminate/Http/Request), Object(Illuminate/Routing/Route))
#36 D:/0_Project_VS_Code/3. Sistem Basis Data/TB-K1-Database/lapak_gaming/vendor/laravel/framework/src/Illuminate/Routing/Router.php(753): Illuminate/Routing/Router->dispatchToRoute(Object(Illuminate/Http/Request))
#37 D:/0_Project_VS_Code/3. Sistem Basis Data/TB-K1-Database/lapak_gaming/vendor/laravel/framework/src/Illuminate/Foundation/Http/Kernel.php(200): Illuminate/Routing/Router->dispatch(Object(Illuminate/Http/Request))
#38 D:/0_Project_VS_Code/3. Sistem Basis Data/TB-K1-Database/lapak_gaming/vendor/laravel/framework/src/Illuminate/Pipeline/Pipeline.php(180): Illuminate/Foundation/Http/Kernel->{closure:Illuminate/Foundation/Http/Kernel::dispatchToRouter():197}(Object(Illuminate/Http/Request))
#39 D:/0_Project_VS_Code/3. Sistem Basis Data/TB-K1-Database/lapak_gaming/vendor/laravel/framework/src/Illuminate/Foundation/Http/Middleware/TransformsRequest.php(21): Illuminate/Pipeline/Pipeline->{closure:Illuminate/Pipeline/Pipeline::prepareDestination():178}(Object(Illuminate/Http/Request))
#40 D:/0_Project_VS_Code/3. Sistem Basis Data/TB-K1-Database/lapak_gaming/vendor/laravel/framework/src/Illuminate/Foundation/Http/Middleware/ConvertEmptyStringsToNull.php(31): Illuminate/Foundation/Http/Middleware/TransformsRequest->handle(Object(Illuminate/Http/Request), Object(Closure))
#41 D:/0_Project_VS_Code/3. Sistem Basis Data/TB-K1-Database/lapak_gaming/vendor/laravel/framework/src/Illuminate/Pipeline/Pipeline.php(219): Illuminate/Foundation/Http/Middleware/ConvertEmptyStringsToNull->handle(Object(Illuminate/Http/Request), Object(Closure))
#42 D:/0_Project_VS_Code/3. Sistem Basis Data/TB-K1-Database/lapak_gaming/vendor/laravel/framework/src/Illuminate/Foundation/Http/Middleware/TransformsRequest.php(21): Illuminate/Pipeline/Pipeline->{closure:{closure:Illuminate/Pipeline/Pipeline::carry():194}:195}(Object(Illuminate/Http/Request))
#43 D:/0_Project_VS_Code/3. Sistem Basis Data/TB-K1-Database/lapak_gaming/vendor/laravel/framework/src/Illuminate/Foundation/Http/Middleware/TrimStrings.php(51): Illuminate/Foundation/Http/Middleware/TransformsRequest->handle(Object(Illuminate/Http/Request), Object(Closure))
#44 D:/0_Project_VS_Code/3. Sistem Basis Data/TB-K1-Database/lapak_gaming/vendor/laravel/framework/src/Illuminate/Pipeline/Pipeline.php(219): Illuminate/Foundation/Http/Middleware/TrimStrings->handle(Object(Illuminate/Http/Request), Object(Closure))
#45 D:/0_Project_VS_Code/3. Sistem Basis Data/TB-K1-Database/lapak_gaming/vendor/laravel/framework/src/Illuminate/Http/Middleware/ValidatePostSize.php(27): Illuminate/Pipeline/Pipeline->{closure:{closure:Illuminate/Pipeline/Pipeline::carry():194}:195}(Object(Illuminate/Http/Request))
#46 D:/0_Project_VS_Code/3. Sistem Basis Data/TB-K1-Database/lapak_gaming/vendor/laravel/framework/src/Illuminate/Pipeline/Pipeline.php(219): Illuminate/Http/Middleware/ValidatePostSize->handle(Object(Illuminate/Http/Request), Object(Closure))
#47 D:/0_Project_VS_Code/3. Sistem Basis Data/TB-K1-Database/lapak_gaming/vendor/laravel/framework/src/Illuminate/Foundation/Http/Middleware/PreventRequestsDuringMaintenance.php(109): Illuminate/Pipeline/Pipeline->{closure:{closure:Illuminate/Pipeline/Pipeline::carry():194}:195}(Object(Illuminate/Http/Request))
#48 D:/0_Project_VS_Code/3. Sistem Basis Data/TB-K1-Database/lapak_gaming/vendor/laravel/framework/src/Illuminate/Pipeline/Pipeline.php(219): Illuminate/Foundation/Http/Middleware/PreventRequestsDuringMaintenance->handle(Object(Illuminate/Http/Request), Object(Closure))
#49 D:/0_Project_VS_Code/3. Sistem Basis Data/TB-K1-Database/lapak_gaming/vendor/laravel/framework/src/Illuminate/Http/Middleware/HandleCors.php(61): Illuminate/Pipeline/Pipeline->{closure:{closure:Illuminate/Pipeline/Pipeline::carry():194}:195}(Object(Illuminate/Http/Request))
#50 D:/0_Project_VS_Code/3. Sistem Basis Data/TB-K1-Database/lapak_gaming/vendor/laravel/framework/src/Illuminate/Pipeline/Pipeline.php(219): Illuminate/Http/Middleware/HandleCors->handle(Object(Illuminate/Http/Request), Object(Closure))
#51 D:/0_Project_VS_Code/3. Sistem Basis Data/TB-K1-Database/lapak_gaming/vendor/laravel/framework/src/Illuminate/Http/Middleware/TrustProxies.php(58): Illuminate/Pipeline/Pipeline->{closure:{closure:Illuminate/Pipeline/Pipeline::carry():194}:195}(Object(Illuminate/Http/Request))
#52 D:/0_Project_VS_Code/3. Sistem Basis Data/TB-K1-Database/lapak_gaming/vendor/laravel/framework/src/Illuminate/Pipeline/Pipeline.php(219): Illuminate/Http/Middleware/TrustProxies->handle(Object(Illuminate/Http/Request), Object(Closure))
#53 D:/0_Project_VS_Code/3. Sistem Basis Data/TB-K1-Database/lapak_gaming/vendor/laravel/framework/src/Illuminate/Foundation/Http/Middleware/InvokeDeferredCallbacks.php(22): Illuminate/Pipeline/Pipeline->{closure:{closure:Illuminate/Pipeline/Pipeline::carry():194}:195}(Object(Illuminate/Http/Request))
#54 D:/0_Project_VS_Code/3. Sistem Basis Data/TB-K1-Database/lapak_gaming/vendor/laravel/framework/src/Illuminate/Pipeline/Pipeline.php(219): Illuminate/Foundation/Http/Middleware/InvokeDeferredCallbacks->handle(Object(Illuminate/Http/Request), Object(Closure))
#55 D:/0_Project_VS_Code/3. Sistem Basis Data/TB-K1-Database/lapak_gaming/vendor/laravel/framework/src/Illuminate/Http/Middleware/ValidatePathEncoding.php(28): Illuminate/Pipeline/Pipeline->{closure:{closure:Illuminate/Pipeline/Pipeline::carry():194}:195}(Object(Illuminate/Http/Request))
#56 D:/0_Project_VS_Code/3. Sistem Basis Data/TB-K1-Database/lapak_gaming/vendor/laravel/framework/src/Illuminate/Pipeline/Pipeline.php(219): Illuminate/Http/Middleware/ValidatePathEncoding->handle(Object(Illuminate/Http/Request), Object(Closure))
#57 D:/0_Project_VS_Code/3. Sistem Basis Data/TB-K1-Database/lapak_gaming/vendor/laravel/framework/src/Illuminate/Pipeline/Pipeline.php(137): Illuminate/Pipeline/Pipeline->{closure:{closure:Illuminate/Pipeline/Pipeline::carry():194}:195}(Object(Illuminate/Http/Request))
#58 D:/0_Project_VS_Code/3. Sistem Basis Data/TB-K1-Database/lapak_gaming/vendor/laravel/framework/src/Illuminate/Foundation/Http/Kernel.php(175): Illuminate/Pipeline/Pipeline->then(Object(Closure))
#59 D:/0_Project_VS_Code/3. Sistem Basis Data/TB-K1-Database/lapak_gaming/vendor/laravel/framework/src/Illuminate/Foundation/Http/Kernel.php(144): Illuminate/Foundation/Http/Kernel->sendRequestThroughRouter(Object(Illuminate/Http/Request))
#60 D:/0_Project_VS_Code/3. Sistem Basis Data/TB-K1-Database/lapak_gaming/vendor/laravel/framework/src/Illuminate/Foundation/Application.php(1220): Illuminate/Foundation/Http/Kernel->handle(Object(Illuminate/Http/Request))
#61 D:/0_Project_VS_Code/3. Sistem Basis Data/TB-K1-Database/lapak_gaming/public/index.php(20): Illuminate/Foundation/Application->handleRequest(Object(Illuminate/Http/Request))
#62 D:/0_Project_VS_Code/3. Sistem Basis Data/TB-K1-Database/lapak_gaming/vendor/laravel/framework/src/Illuminate/Foundation/resources/server.php(23): require_once('D://0_Project_VS...')
#63 {main}
"} 
[2026-04-01 06:18:35] local.ERROR: SQLSTATE[HY000] [2002] No connection could be made because the target machine actively refused it (Connection: mysql, Host: 127.0.0.1, Port: 3306, Database: lapak_gaming, SQL: select * from `cache` where `key` in (laravel-cache-illuminate:queue:paused:database:default)) {"exception":"[object] (Illuminate\\Database\\QueryException(code: 2002): SQLSTATE[HY000] [2002] No connection could be made because the target machine actively refused it (Connection: mysql, Host: 127.0.0.1, Port: 3306, Database: lapak_gaming, SQL: select * from `cache` where `key` in (laravel-cache-illuminate:queue:paused:database:default)) at D:/0_Project_VS_Code/3. Sistem Basis Data/TB-K1-Database/lapak_gaming/vendor/laravel/framework/src/Illuminate/Database/Connection.php:841)
[stacktrace]
#0 D:/0_Project_VS_Code/3. Sistem Basis Data/TB-K1-Database/lapak_gaming/vendor/laravel/framework/src/Illuminate/Database/Connection.php(1021): Illuminate/Database/Connection->runQueryCallback('select * from `...', Array, Object(Closure))
#1 D:/0_Project_VS_Code/3. Sistem Basis Data/TB-K1-Database/lapak_gaming/vendor/laravel/framework/src/Illuminate/Database/Connection.php(1000): Illuminate/Database/Connection->tryAgainIfCausedByLostConnection(Object(Illuminate/Database/QueryException), 'select * from `...', Array, Object(Closure))
#2 D:/0_Project_VS_Code/3. Sistem Basis Data/TB-K1-Database/lapak_gaming/vendor/laravel/framework/src/Illuminate/Database/Connection.php(799): Illuminate/Database/Connection->handleQueryException(Object(Illuminate/Database/QueryException), 'select * from `...', Array, Object(Closure))
#3 D:/0_Project_VS_Code/3. Sistem Basis Data/TB-K1-Database/lapak_gaming/vendor/laravel/framework/src/Illuminate/Database/Connection.php(412): Illuminate/Database/Connection->run('select * from `...', Array, Object(Closure))
#4 D:/0_Project_VS_Code/3. Sistem Basis Data/TB-K1-Database/lapak_gaming/vendor/laravel/framework/src/Illuminate/Database/Query/Builder.php(3562): Illuminate/Database/Connection->select('select * from `...', Array, true, Array)
#5 D:/0_Project_VS_Code/3. Sistem Basis Data/TB-K1-Database/lapak_gaming/vendor/laravel/framework/src/Illuminate/Database/Query/Builder.php(3546): Illuminate/Database/Query/Builder->runSelect()
#6 D:/0_Project_VS_Code/3. Sistem Basis Data/TB-K1-Database/lapak_gaming/vendor/laravel/framework/src/Illuminate/Cache/DatabaseStore.php(142): Illuminate/Database/Query/Builder->get()
#7 D:/0_Project_VS_Code/3. Sistem Basis Data/TB-K1-Database/lapak_gaming/vendor/laravel/framework/src/Illuminate/Cache/DatabaseStore.php(117): Illuminate/Cache/DatabaseStore->many(Array)
#8 D:/0_Project_VS_Code/3. Sistem Basis Data/TB-K1-Database/lapak_gaming/vendor/laravel/framework/src/Illuminate/Cache/Repository.php(124): Illuminate/Cache/DatabaseStore->get('illuminate:queu...')
#9 D:/0_Project_VS_Code/3. Sistem Basis Data/TB-K1-Database/lapak_gaming/vendor/laravel/framework/src/Illuminate/Queue/QueueManager.php(282): Illuminate/Cache/Repository->get('illuminate:queu...', false)
#10 D:/0_Project_VS_Code/3. Sistem Basis Data/TB-K1-Database/lapak_gaming/vendor/laravel/framework/src/Illuminate/Queue/Worker.php(428): Illuminate/Queue/QueueManager->isPaused('database', 'default')
#11 D:/0_Project_VS_Code/3. Sistem Basis Data/TB-K1-Database/lapak_gaming/vendor/laravel/framework/src/Illuminate/Queue/Worker.php(396): Illuminate/Queue/Worker->queuePaused('database', 'default')
#12 D:/0_Project_VS_Code/3. Sistem Basis Data/TB-K1-Database/lapak_gaming/vendor/laravel/framework/src/Illuminate/Queue/Worker.php(357): Illuminate/Queue/Worker->getNextJob(Object(Illuminate/Queue/DatabaseQueue), 'default')
#13 D:/0_Project_VS_Code/3. Sistem Basis Data/TB-K1-Database/lapak_gaming/vendor/laravel/framework/src/Illuminate/Queue/Console/WorkCommand.php(148): Illuminate/Queue/Worker->runNextJob('database', 'default', Object(Illuminate/Queue/WorkerOptions))
#14 D:/0_Project_VS_Code/3. Sistem Basis Data/TB-K1-Database/lapak_gaming/vendor/laravel/framework/src/Illuminate/Queue/Console/WorkCommand.php(131): Illuminate/Queue/Console/WorkCommand->runWorker('database', 'default')
#15 D:/0_Project_VS_Code/3. Sistem Basis Data/TB-K1-Database/lapak_gaming/vendor/laravel/framework/src/Illuminate/Container/BoundMethod.php(36): Illuminate/Queue/Console/WorkCommand->handle()
#16 D:/0_Project_VS_Code/3. Sistem Basis Data/TB-K1-Database/lapak_gaming/vendor/laravel/framework/src/Illuminate/Container/Util.php(43): Illuminate/Container/BoundMethod::{closure:Illuminate/Container/BoundMethod::call():35}()
#17 D:/0_Project_VS_Code/3. Sistem Basis Data/TB-K1-Database/lapak_gaming/vendor/laravel/framework/src/Illuminate/Container/BoundMethod.php(96): Illuminate/Container/Util::unwrapIfClosure(Object(Closure))
#18 D:/0_Project_VS_Code/3. Sistem Basis Data/TB-K1-Database/lapak_gaming/vendor/laravel/framework/src/Illuminate/Container/BoundMethod.php(35): Illuminate/Container/BoundMethod::callBoundMethod(Object(Illuminate/Foundation/Application), Array, Object(Closure))
#19 D:/0_Project_VS_Code/3. Sistem Basis Data/TB-K1-Database/lapak_gaming/vendor/laravel/framework/src/Illuminate/Container/Container.php(799): Illuminate/Container/BoundMethod::call(Object(Illuminate/Foundation/Application), Array, Array, NULL)
#20 D:/0_Project_VS_Code/3. Sistem Basis Data/TB-K1-Database/lapak_gaming/vendor/laravel/framework/src/Illuminate/Console/Command.php(280): Illuminate/Container/Container->call(Array)
#21 D:/0_Project_VS_Code/3. Sistem Basis Data/TB-K1-Database/lapak_gaming/vendor/symfony/console/Command/Command.php(291): Illuminate/Console/Command->execute(Object(Symfony/Component/Console/Input/ArgvInput), Object(Illuminate/Console/OutputStyle))
#22 D:/0_Project_VS_Code/3. Sistem Basis Data/TB-K1-Database/lapak_gaming/vendor/laravel/framework/src/Illuminate/Console/Command.php(249): Symfony/Component/Console/Command/Command->run(Object(Symfony/Component/Console/Input/ArgvInput), Object(Illuminate/Console/OutputStyle))
#23 D:/0_Project_VS_Code/3. Sistem Basis Data/TB-K1-Database/lapak_gaming/vendor/symfony/console/Application.php(1107): Illuminate/Console/Command->run(Object(Symfony/Component/Console/Input/ArgvInput), Object(Symfony/Component/Console/Output/ConsoleOutput))
#24 D:/0_Project_VS_Code/3. Sistem Basis Data/TB-K1-Database/lapak_gaming/vendor/symfony/console/Application.php(356): Symfony/Component/Console/Application->doRunCommand(Object(Illuminate/Queue/Console/WorkCommand), Object(Symfony/Component/Console/Input/ArgvInput), Object(Symfony/Component/Console/Output/ConsoleOutput))
#25 D:/0_Project_VS_Code/3. Sistem Basis Data/TB-K1-Database/lapak_gaming/vendor/symfony/console/Application.php(195): Symfony/Component/Console/Application->doRun(Object(Symfony/Component/Console/Input/ArgvInput), Object(Symfony/Component/Console/Output/ConsoleOutput))
#26 D:/0_Project_VS_Code/3. Sistem Basis Data/TB-K1-Database/lapak_gaming/vendor/laravel/framework/src/Illuminate/Foundation/Console/Kernel.php(198): Symfony/Component/Console/Application->run(Object(Symfony/Component/Console/Input/ArgvInput), Object(Symfony/Component/Console/Output/ConsoleOutput))
#27 D:/0_Project_VS_Code/3. Sistem Basis Data/TB-K1-Database/lapak_gaming/vendor/laravel/framework/src/Illuminate/Foundation/Application.php(1235): Illuminate/Foundation/Console/Kernel->handle(Object(Symfony/Component/Console/Input/ArgvInput), Object(Symfony/Component/Console/Output/ConsoleOutput))
#28 D:/0_Project_VS_Code/3. Sistem Basis Data/TB-K1-Database/lapak_gaming/artisan(16): Illuminate/Foundation/Application->handleCommand(Object(Symfony/Component/Console/Input/ArgvInput))
#29 {main}

[previous exception] [object] (PDOException(code: 2002): SQLSTATE[HY000] [2002] No connection could be made because the target machine actively refused it at D:/0_Project_VS_Code/3. Sistem Basis Data/TB-K1-Database/lapak_gaming/vendor/laravel/framework/src/Illuminate/Database/Connectors/Connector.php:67)
[stacktrace]
#0 D:/0_Project_VS_Code/3. Sistem Basis Data/TB-K1-Database/lapak_gaming/vendor/laravel/framework/src/Illuminate/Database/Connectors/Connector.php(67): PDO::connect('mysql:host=127....', 'root', Object(SensitiveParameterValue), Array)
#1 D:/0_Project_VS_Code/3. Sistem Basis Data/TB-K1-Database/lapak_gaming/vendor/laravel/framework/src/Illuminate/Database/Connectors/Connector.php(85): Illuminate/Database/Connectors/Connector->createPdoConnection('mysql:host=127....', 'root', Object(SensitiveParameterValue), Array)
#2 D:/0_Project_VS_Code/3. Sistem Basis Data/TB-K1-Database/lapak_gaming/vendor/laravel/framework/src/Illuminate/Database/Connectors/Connector.php(48): Illuminate/Database/Connectors/Connector->tryAgainIfCausedByLostConnection(Object(PDOException), 'mysql:host=127....', 'root', Object(SensitiveParameterValue), Array)
#3 D:/0_Project_VS_Code/3. Sistem Basis Data/TB-K1-Database/lapak_gaming/vendor/laravel/framework/src/Illuminate/Database/Connectors/MySqlConnector.php(24): Illuminate/Database/Connectors/Connector->createConnection('mysql:host=127....', Array, Array)
#4 D:/0_Project_VS_Code/3. Sistem Basis Data/TB-K1-Database/lapak_gaming/vendor/laravel/framework/src/Illuminate/Database/Connectors/ConnectionFactory.php(186): Illuminate/Database/Connectors/MySqlConnector->connect(Array)
#5 [internal function]: Illuminate/Database/Connectors/ConnectionFactory->{closure:Illuminate/Database/Connectors/ConnectionFactory::createPdoResolverWithHosts():181}()
#6 D:/0_Project_VS_Code/3. Sistem Basis Data/TB-K1-Database/lapak_gaming/vendor/laravel/framework/src/Illuminate/Database/Connection.php(1279): call_user_func(Object(Closure))
#7 D:/0_Project_VS_Code/3. Sistem Basis Data/TB-K1-Database/lapak_gaming/vendor/laravel/framework/src/Illuminate/Database/Connection.php(1317): Illuminate/Database/Connection->getPdo()
#8 D:/0_Project_VS_Code/3. Sistem Basis Data/TB-K1-Database/lapak_gaming/vendor/laravel/framework/src/Illuminate/Database/Connection.php(528): Illuminate/Database/Connection->getReadPdo()
#9 D:/0_Project_VS_Code/3. Sistem Basis Data/TB-K1-Database/lapak_gaming/vendor/laravel/framework/src/Illuminate/Database/Connection.php(421): Illuminate/Database/Connection->getPdoForSelect(true)
#10 D:/0_Project_VS_Code/3. Sistem Basis Data/TB-K1-Database/lapak_gaming/vendor/laravel/framework/src/Illuminate/Database/Connection.php(830): Illuminate/Database/Connection->{closure:Illuminate/Database/Connection::select():412}('select * from `...', Array)
#11 D:/0_Project_VS_Code/3. Sistem Basis Data/TB-K1-Database/lapak_gaming/vendor/laravel/framework/src/Illuminate/Database/Connection.php(1021): Illuminate/Database/Connection->runQueryCallback('select * from `...', Array, Object(Closure))
#12 D:/0_Project_VS_Code/3. Sistem Basis Data/TB-K1-Database/lapak_gaming/vendor/laravel/framework/src/Illuminate/Database/Connection.php(1000): Illuminate/Database/Connection->tryAgainIfCausedByLostConnection(Object(Illuminate/Database/QueryException), 'select * from `...', Array, Object(Closure))
#13 D:/0_Project_VS_Code/3. Sistem Basis Data/TB-K1-Database/lapak_gaming/vendor/laravel/framework/src/Illuminate/Database/Connection.php(799): Illuminate/Database/Connection->handleQueryException(Object(Illuminate/Database/QueryException), 'select * from `...', Array, Object(Closure))
#14 D:/0_Project_VS_Code/3. Sistem Basis Data/TB-K1-Database/lapak_gaming/vendor/laravel/framework/src/Illuminate/Database/Connection.php(412): Illuminate/Database/Connection->run('select * from `...', Array, Object(Closure))
#15 D:/0_Project_VS_Code/3. Sistem Basis Data/TB-K1-Database/lapak_gaming/vendor/laravel/framework/src/Illuminate/Database/Query/Builder.php(3562): Illuminate/Database/Connection->select('select * from `...', Array, true, Array)
#16 D:/0_Project_VS_Code/3. Sistem Basis Data/TB-K1-Database/lapak_gaming/vendor/laravel/framework/src/Illuminate/Database/Query/Builder.php(3546): Illuminate/Database/Query/Builder->runSelect()
#17 D:/0_Project_VS_Code/3. Sistem Basis Data/TB-K1-Database/lapak_gaming/vendor/laravel/framework/src/Illuminate/Cache/DatabaseStore.php(142): Illuminate/Database/Query/Builder->get()
#18 D:/0_Project_VS_Code/3. Sistem Basis Data/TB-K1-Database/lapak_gaming/vendor/laravel/framework/src/Illuminate/Cache/DatabaseStore.php(117): Illuminate/Cache/DatabaseStore->many(Array)
#19 D:/0_Project_VS_Code/3. Sistem Basis Data/TB-K1-Database/lapak_gaming/vendor/laravel/framework/src/Illuminate/Cache/Repository.php(124): Illuminate/Cache/DatabaseStore->get('illuminate:queu...')
#20 D:/0_Project_VS_Code/3. Sistem Basis Data/TB-K1-Database/lapak_gaming/vendor/laravel/framework/src/Illuminate/Queue/QueueManager.php(282): Illuminate/Cache/Repository->get('illuminate:queu...', false)
#21 D:/0_Project_VS_Code/3. Sistem Basis Data/TB-K1-Database/lapak_gaming/vendor/laravel/framework/src/Illuminate/Queue/Worker.php(428): Illuminate/Queue/QueueManager->isPaused('database', 'default')
#22 D:/0_Project_VS_Code/3. Sistem Basis Data/TB-K1-Database/lapak_gaming/vendor/laravel/framework/src/Illuminate/Queue/Worker.php(396): Illuminate/Queue/Worker->queuePaused('database', 'default')
#23 D:/0_Project_VS_Code/3. Sistem Basis Data/TB-K1-Database/lapak_gaming/vendor/laravel/framework/src/Illuminate/Queue/Worker.php(357): Illuminate/Queue/Worker->getNextJob(Object(Illuminate/Queue/DatabaseQueue), 'default')
#24 D:/0_Project_VS_Code/3. Sistem Basis Data/TB-K1-Database/lapak_gaming/vendor/laravel/framework/src/Illuminate/Queue/Console/WorkCommand.php(148): Illuminate/Queue/Worker->runNextJob('database', 'default', Object(Illuminate/Queue/WorkerOptions))
#25 D:/0_Project_VS_Code/3. Sistem Basis Data/TB-K1-Database/lapak_gaming/vendor/laravel/framework/src/Illuminate/Queue/Console/WorkCommand.php(131): Illuminate/Queue/Console/WorkCommand->runWorker('database', 'default')
#26 D:/0_Project_VS_Code/3. Sistem Basis Data/TB-K1-Database/lapak_gaming/vendor/laravel/framework/src/Illuminate/Container/BoundMethod.php(36): Illuminate/Queue/Console/WorkCommand->handle()
#27 D:/0_Project_VS_Code/3. Sistem Basis Data/TB-K1-Database/lapak_gaming/vendor/laravel/framework/src/Illuminate/Container/Util.php(43): Illuminate/Container/BoundMethod::{closure:Illuminate/Container/BoundMethod::call():35}()
#28 D:/0_Project_VS_Code/3. Sistem Basis Data/TB-K1-Database/lapak_gaming/vendor/laravel/framework/src/Illuminate/Container/BoundMethod.php(96): Illuminate/Container/Util::unwrapIfClosure(Object(Closure))
#29 D:/0_Project_VS_Code/3. Sistem Basis Data/TB-K1-Database/lapak_gaming/vendor/laravel/framework/src/Illuminate/Container/BoundMethod.php(35): Illuminate/Container/BoundMethod::callBoundMethod(Object(Illuminate/Foundation/Application), Array, Object(Closure))
#30 D:/0_Project_VS_Code/3. Sistem Basis Data/TB-K1-Database/lapak_gaming/vendor/laravel/framework/src/Illuminate/Container/Container.php(799): Illuminate/Container/BoundMethod::call(Object(Illuminate/Foundation/Application), Array, Array, NULL)
#31 D:/0_Project_VS_Code/3. Sistem Basis Data/TB-K1-Database/lapak_gaming/vendor/laravel/framework/src/Illuminate/Console/Command.php(280): Illuminate/Container/Container->call(Array)
#32 D:/0_Project_VS_Code/3. Sistem Basis Data/TB-K1-Database/lapak_gaming/vendor/symfony/console/Command/Command.php(291): Illuminate/Console/Command->execute(Object(Symfony/Component/Console/Input/ArgvInput), Object(Illuminate/Console/OutputStyle))
#33 D:/0_Project_VS_Code/3. Sistem Basis Data/TB-K1-Database/lapak_gaming/vendor/laravel/framework/src/Illuminate/Console/Command.php(249): Symfony/Component/Console/Command/Command->run(Object(Symfony/Component/Console/Input/ArgvInput), Object(Illuminate/Console/OutputStyle))
#34 D:/0_Project_VS_Code/3. Sistem Basis Data/TB-K1-Database/lapak_gaming/vendor/symfony/console/Application.php(1107): Illuminate/Console/Command->run(Object(Symfony/Component/Console/Input/ArgvInput), Object(Symfony/Component/Console/Output/ConsoleOutput))
#35 D:/0_Project_VS_Code/3. Sistem Basis Data/TB-K1-Database/lapak_gaming/vendor/symfony/console/Application.php(356): Symfony/Component/Console/Application->doRunCommand(Object(Illuminate/Queue/Console/WorkCommand), Object(Symfony/Component/Console/Input/ArgvInput), Object(Symfony/Component/Console/Output/ConsoleOutput))
#36 D:/0_Project_VS_Code/3. Sistem Basis Data/TB-K1-Database/lapak_gaming/vendor/symfony/console/Application.php(195): Symfony/Component/Console/Application->doRun(Object(Symfony/Component/Console/Input/ArgvInput), Object(Symfony/Component/Console/Output/ConsoleOutput))
#37 D:/0_Project_VS_Code/3. Sistem Basis Data/TB-K1-Database/lapak_gaming/vendor/laravel/framework/src/Illuminate/Foundation/Console/Kernel.php(198): Symfony/Component/Console/Application->run(Object(Symfony/Component/Console/Input/ArgvInput), Object(Symfony/Component/Console/Output/ConsoleOutput))
#38 D:/0_Project_VS_Code/3. Sistem Basis Data/TB-K1-Database/lapak_gaming/vendor/laravel/framework/src/Illuminate/Foundation/Application.php(1235): Illuminate/Foundation/Console/Kernel->handle(Object(Symfony/Component/Console/Input/ArgvInput), Object(Symfony/Component/Console/Output/ConsoleOutput))
#39 D:/0_Project_VS_Code/3. Sistem Basis Data/TB-K1-Database/lapak_gaming/artisan(16): Illuminate/Foundation/Application->handleCommand(Object(Symfony/Component/Console/Input/ArgvInput))
#40 {main}
"} 
[2026-04-01 06:18:47] local.ERROR: SQLSTATE[HY000] [2002] No connection could be made because the target machine actively refused it (Connection: mysql, Host: 127.0.0.1, Port: 3306, Database: lapak_gaming, SQL: select * from `cache` where `key` in (laravel-cache-illuminate:queue:paused:database:default)) {"exception":"[object] (Illuminate\\Database\\QueryException(code: 2002): SQLSTATE[HY000] [2002] No connection could be made because the target machine actively refused it (Connection: mysql, Host: 127.0.0.1, Port: 3306, Database: lapak_gaming, SQL: select * from `cache` where `key` in (laravel-cache-illuminate:queue:paused:database:default)) at D:/0_Project_VS_Code/3. Sistem Basis Data/TB-K1-Database/lapak_gaming/vendor/laravel/framework/src/Illuminate/Database/Connection.php:841)
[stacktrace]
#0 D:/0_Project_VS_Code/3. Sistem Basis Data/TB-K1-Database/lapak_gaming/vendor/laravel/framework/src/Illuminate/Database/Connection.php(1021): Illuminate/Database/Connection->runQueryCallback('select * from `...', Array, Object(Closure))
#1 D:/0_Project_VS_Code/3. Sistem Basis Data/TB-K1-Database/lapak_gaming/vendor/laravel/framework/src/Illuminate/Database/Connection.php(1000): Illuminate/Database/Connection->tryAgainIfCausedByLostConnection(Object(Illuminate/Database/QueryException), 'select * from `...', Array, Object(Closure))
#2 D:/0_Project_VS_Code/3. Sistem Basis Data/TB-K1-Database/lapak_gaming/vendor/laravel/framework/src/Illuminate/Database/Connection.php(799): Illuminate/Database/Connection->handleQueryException(Object(Illuminate/Database/QueryException), 'select * from `...', Array, Object(Closure))
#3 D:/0_Project_VS_Code/3. Sistem Basis Data/TB-K1-Database/lapak_gaming/vendor/laravel/framework/src/Illuminate/Database/Connection.php(412): Illuminate/Database/Connection->run('select * from `...', Array, Object(Closure))
#4 D:/0_Project_VS_Code/3. Sistem Basis Data/TB-K1-Database/lapak_gaming/vendor/laravel/framework/src/Illuminate/Database/Query/Builder.php(3562): Illuminate/Database/Connection->select('select * from `...', Array, true, Array)
#5 D:/0_Project_VS_Code/3. Sistem Basis Data/TB-K1-Database/lapak_gaming/vendor/laravel/framework/src/Illuminate/Database/Query/Builder.php(3546): Illuminate/Database/Query/Builder->runSelect()
#6 D:/0_Project_VS_Code/3. Sistem Basis Data/TB-K1-Database/lapak_gaming/vendor/laravel/framework/src/Illuminate/Cache/DatabaseStore.php(142): Illuminate/Database/Query/Builder->get()
#7 D:/0_Project_VS_Code/3. Sistem Basis Data/TB-K1-Database/lapak_gaming/vendor/laravel/framework/src/Illuminate/Cache/DatabaseStore.php(117): Illuminate/Cache/DatabaseStore->many(Array)
#8 D:/0_Project_VS_Code/3. Sistem Basis Data/TB-K1-Database/lapak_gaming/vendor/laravel/framework/src/Illuminate/Cache/Repository.php(124): Illuminate/Cache/DatabaseStore->get('illuminate:queu...')
#9 D:/0_Project_VS_Code/3. Sistem Basis Data/TB-K1-Database/lapak_gaming/vendor/laravel/framework/src/Illuminate/Queue/QueueManager.php(282): Illuminate/Cache/Repository->get('illuminate:queu...', false)
#10 D:/0_Project_VS_Code/3. Sistem Basis Data/TB-K1-Database/lapak_gaming/vendor/laravel/framework/src/Illuminate/Queue/Worker.php(428): Illuminate/Queue/QueueManager->isPaused('database', 'default')
#11 D:/0_Project_VS_Code/3. Sistem Basis Data/TB-K1-Database/lapak_gaming/vendor/laravel/framework/src/Illuminate/Queue/Worker.php(396): Illuminate/Queue/Worker->queuePaused('database', 'default')
#12 D:/0_Project_VS_Code/3. Sistem Basis Data/TB-K1-Database/lapak_gaming/vendor/laravel/framework/src/Illuminate/Queue/Worker.php(357): Illuminate/Queue/Worker->getNextJob(Object(Illuminate/Queue/DatabaseQueue), 'default')
#13 D:/0_Project_VS_Code/3. Sistem Basis Data/TB-K1-Database/lapak_gaming/vendor/laravel/framework/src/Illuminate/Queue/Console/WorkCommand.php(148): Illuminate/Queue/Worker->runNextJob('database', 'default', Object(Illuminate/Queue/WorkerOptions))
#14 D:/0_Project_VS_Code/3. Sistem Basis Data/TB-K1-Database/lapak_gaming/vendor/laravel/framework/src/Illuminate/Queue/Console/WorkCommand.php(131): Illuminate/Queue/Console/WorkCommand->runWorker('database', 'default')
#15 D:/0_Project_VS_Code/3. Sistem Basis Data/TB-K1-Database/lapak_gaming/vendor/laravel/framework/src/Illuminate/Container/BoundMethod.php(36): Illuminate/Queue/Console/WorkCommand->handle()
#16 D:/0_Project_VS_Code/3. Sistem Basis Data/TB-K1-Database/lapak_gaming/vendor/laravel/framework/src/Illuminate/Container/Util.php(43): Illuminate/Container/BoundMethod::{closure:Illuminate/Container/BoundMethod::call():35}()
#17 D:/0_Project_VS_Code/3. Sistem Basis Data/TB-K1-Database/lapak_gaming/vendor/laravel/framework/src/Illuminate/Container/BoundMethod.php(96): Illuminate/Container/Util::unwrapIfClosure(Object(Closure))
#18 D:/0_Project_VS_Code/3. Sistem Basis Data/TB-K1-Database/lapak_gaming/vendor/laravel/framework/src/Illuminate/Container/BoundMethod.php(35): Illuminate/Container/BoundMethod::callBoundMethod(Object(Illuminate/Foundation/Application), Array, Object(Closure))
#19 D:/0_Project_VS_Code/3. Sistem Basis Data/TB-K1-Database/lapak_gaming/vendor/laravel/framework/src/Illuminate/Container/Container.php(799): Illuminate/Container/BoundMethod::call(Object(Illuminate/Foundation/Application), Array, Array, NULL)
#20 D:/0_Project_VS_Code/3. Sistem Basis Data/TB-K1-Database/lapak_gaming/vendor/laravel/framework/src/Illuminate/Console/Command.php(280): Illuminate/Container/Container->call(Array)
#21 D:/0_Project_VS_Code/3. Sistem Basis Data/TB-K1-Database/lapak_gaming/vendor/symfony/console/Command/Command.php(291): Illuminate/Console/Command->execute(Object(Symfony/Component/Console/Input/ArgvInput), Object(Illuminate/Console/OutputStyle))
#22 D:/0_Project_VS_Code/3. Sistem Basis Data/TB-K1-Database/lapak_gaming/vendor/laravel/framework/src/Illuminate/Console/Command.php(249): Symfony/Component/Console/Command/Command->run(Object(Symfony/Component/Console/Input/ArgvInput), Object(Illuminate/Console/OutputStyle))
#23 D:/0_Project_VS_Code/3. Sistem Basis Data/TB-K1-Database/lapak_gaming/vendor/symfony/console/Application.php(1107): Illuminate/Console/Command->run(Object(Symfony/Component/Console/Input/ArgvInput), Object(Symfony/Component/Console/Output/ConsoleOutput))
#24 D:/0_Project_VS_Code/3. Sistem Basis Data/TB-K1-Database/lapak_gaming/vendor/symfony/console/Application.php(356): Symfony/Component/Console/Application->doRunCommand(Object(Illuminate/Queue/Console/WorkCommand), Object(Symfony/Component/Console/Input/ArgvInput), Object(Symfony/Component/Console/Output/ConsoleOutput))
#25 D:/0_Project_VS_Code/3. Sistem Basis Data/TB-K1-Database/lapak_gaming/vendor/symfony/console/Application.php(195): Symfony/Component/Console/Application->doRun(Object(Symfony/Component/Console/Input/ArgvInput), Object(Symfony/Component/Console/Output/ConsoleOutput))
#26 D:/0_Project_VS_Code/3. Sistem Basis Data/TB-K1-Database/lapak_gaming/vendor/laravel/framework/src/Illuminate/Foundation/Console/Kernel.php(198): Symfony/Component/Console/Application->run(Object(Symfony/Component/Console/Input/ArgvInput), Object(Symfony/Component/Console/Output/ConsoleOutput))
#27 D:/0_Project_VS_Code/3. Sistem Basis Data/TB-K1-Database/lapak_gaming/vendor/laravel/framework/src/Illuminate/Foundation/Application.php(1235): Illuminate/Foundation/Console/Kernel->handle(Object(Symfony/Component/Console/Input/ArgvInput), Object(Symfony/Component/Console/Output/ConsoleOutput))
#28 D:/0_Project_VS_Code/3. Sistem Basis Data/TB-K1-Database/lapak_gaming/artisan(16): Illuminate/Foundation/Application->handleCommand(Object(Symfony/Component/Console/Input/ArgvInput))
#29 {main}

[previous exception] [object] (PDOException(code: 2002): SQLSTATE[HY000] [2002] No connection could be made because the target machine actively refused it at D:/0_Project_VS_Code/3. Sistem Basis Data/TB-K1-Database/lapak_gaming/vendor/laravel/framework/src/Illuminate/Database/Connectors/Connector.php:67)
[stacktrace]
#0 D:/0_Project_VS_Code/3. Sistem Basis Data/TB-K1-Database/lapak_gaming/vendor/laravel/framework/src/Illuminate/Database/Connectors/Connector.php(67): PDO::connect('mysql:host=127....', 'root', Object(SensitiveParameterValue), Array)
#1 D:/0_Project_VS_Code/3. Sistem Basis Data/TB-K1-Database/lapak_gaming/vendor/laravel/framework/src/Illuminate/Database/Connectors/Connector.php(85): Illuminate/Database/Connectors/Connector->createPdoConnection('mysql:host=127....', 'root', Object(SensitiveParameterValue), Array)
#2 D:/0_Project_VS_Code/3. Sistem Basis Data/TB-K1-Database/lapak_gaming/vendor/laravel/framework/src/Illuminate/Database/Connectors/Connector.php(48): Illuminate/Database/Connectors/Connector->tryAgainIfCausedByLostConnection(Object(PDOException), 'mysql:host=127....', 'root', Object(SensitiveParameterValue), Array)
#3 D:/0_Project_VS_Code/3. Sistem Basis Data/TB-K1-Database/lapak_gaming/vendor/laravel/framework/src/Illuminate/Database/Connectors/MySqlConnector.php(24): Illuminate/Database/Connectors/Connector->createConnection('mysql:host=127....', Array, Array)
#4 D:/0_Project_VS_Code/3. Sistem Basis Data/TB-K1-Database/lapak_gaming/vendor/laravel/framework/src/Illuminate/Database/Connectors/ConnectionFactory.php(186): Illuminate/Database/Connectors/MySqlConnector->connect(Array)
#5 [internal function]: Illuminate/Database/Connectors/ConnectionFactory->{closure:Illuminate/Database/Connectors/ConnectionFactory::createPdoResolverWithHosts():181}()
#6 D:/0_Project_VS_Code/3. Sistem Basis Data/TB-K1-Database/lapak_gaming/vendor/laravel/framework/src/Illuminate/Database/Connection.php(1279): call_user_func(Object(Closure))
#7 D:/0_Project_VS_Code/3. Sistem Basis Data/TB-K1-Database/lapak_gaming/vendor/laravel/framework/src/Illuminate/Database/Connection.php(1317): Illuminate/Database/Connection->getPdo()
#8 D:/0_Project_VS_Code/3. Sistem Basis Data/TB-K1-Database/lapak_gaming/vendor/laravel/framework/src/Illuminate/Database/Connection.php(528): Illuminate/Database/Connection->getReadPdo()
#9 D:/0_Project_VS_Code/3. Sistem Basis Data/TB-K1-Database/lapak_gaming/vendor/laravel/framework/src/Illuminate/Database/Connection.php(421): Illuminate/Database/Connection->getPdoForSelect(true)
#10 D:/0_Project_VS_Code/3. Sistem Basis Data/TB-K1-Database/lapak_gaming/vendor/laravel/framework/src/Illuminate/Database/Connection.php(830): Illuminate/Database/Connection->{closure:Illuminate/Database/Connection::select():412}('select * from `...', Array)
#11 D:/0_Project_VS_Code/3. Sistem Basis Data/TB-K1-Database/lapak_gaming/vendor/laravel/framework/src/Illuminate/Database/Connection.php(1021): Illuminate/Database/Connection->runQueryCallback('select * from `...', Array, Object(Closure))
#12 D:/0_Project_VS_Code/3. Sistem Basis Data/TB-K1-Database/lapak_gaming/vendor/laravel/framework/src/Illuminate/Database/Connection.php(1000): Illuminate/Database/Connection->tryAgainIfCausedByLostConnection(Object(Illuminate/Database/QueryException), 'select * from `...', Array, Object(Closure))
#13 D:/0_Project_VS_Code/3. Sistem Basis Data/TB-K1-Database/lapak_gaming/vendor/laravel/framework/src/Illuminate/Database/Connection.php(799): Illuminate/Database/Connection->handleQueryException(Object(Illuminate/Database/QueryException), 'select * from `...', Array, Object(Closure))
#14 D:/0_Project_VS_Code/3. Sistem Basis Data/TB-K1-Database/lapak_gaming/vendor/laravel/framework/src/Illuminate/Database/Connection.php(412): Illuminate/Database/Connection->run('select * from `...', Array, Object(Closure))
#15 D:/0_Project_VS_Code/3. Sistem Basis Data/TB-K1-Database/lapak_gaming/vendor/laravel/framework/src/Illuminate/Database/Query/Builder.php(3562): Illuminate/Database/Connection->select('select * from `...', Array, true, Array)
#16 D:/0_Project_VS_Code/3. Sistem Basis Data/TB-K1-Database/lapak_gaming/vendor/laravel/framework/src/Illuminate/Database/Query/Builder.php(3546): Illuminate/Database/Query/Builder->runSelect()
#17 D:/0_Project_VS_Code/3. Sistem Basis Data/TB-K1-Database/lapak_gaming/vendor/laravel/framework/src/Illuminate/Cache/DatabaseStore.php(142): Illuminate/Database/Query/Builder->get()
#18 D:/0_Project_VS_Code/3. Sistem Basis Data/TB-K1-Database/lapak_gaming/vendor/laravel/framework/src/Illuminate/Cache/DatabaseStore.php(117): Illuminate/Cache/DatabaseStore->many(Array)
#19 D:/0_Project_VS_Code/3. Sistem Basis Data/TB-K1-Database/lapak_gaming/vendor/laravel/framework/src/Illuminate/Cache/Repository.php(124): Illuminate/Cache/DatabaseStore->get('illuminate:queu...')
#20 D:/0_Project_VS_Code/3. Sistem Basis Data/TB-K1-Database/lapak_gaming/vendor/laravel/framework/src/Illuminate/Queue/QueueManager.php(282): Illuminate/Cache/Repository->get('illuminate:queu...', false)
#21 D:/0_Project_VS_Code/3. Sistem Basis Data/TB-K1-Database/lapak_gaming/vendor/laravel/framework/src/Illuminate/Queue/Worker.php(428): Illuminate/Queue/QueueManager->isPaused('database', 'default')
#22 D:/0_Project_VS_Code/3. Sistem Basis Data/TB-K1-Database/lapak_gaming/vendor/laravel/framework/src/Illuminate/Queue/Worker.php(396): Illuminate/Queue/Worker->queuePaused('database', 'default')
#23 D:/0_Project_VS_Code/3. Sistem Basis Data/TB-K1-Database/lapak_gaming/vendor/laravel/framework/src/Illuminate/Queue/Worker.php(357): Illuminate/Queue/Worker->getNextJob(Object(Illuminate/Queue/DatabaseQueue), 'default')
#24 D:/0_Project_VS_Code/3. Sistem Basis Data/TB-K1-Database/lapak_gaming/vendor/laravel/framework/src/Illuminate/Queue/Console/WorkCommand.php(148): Illuminate/Queue/Worker->runNextJob('database', 'default', Object(Illuminate/Queue/WorkerOptions))
#25 D:/0_Project_VS_Code/3. Sistem Basis Data/TB-K1-Database/lapak_gaming/vendor/laravel/framework/src/Illuminate/Queue/Console/WorkCommand.php(131): Illuminate/Queue/Console/WorkCommand->runWorker('database', 'default')
#26 D:/0_Project_VS_Code/3. Sistem Basis Data/TB-K1-Database/lapak_gaming/vendor/laravel/framework/src/Illuminate/Container/BoundMethod.php(36): Illuminate/Queue/Console/WorkCommand->handle()
#27 D:/0_Project_VS_Code/3. Sistem Basis Data/TB-K1-Database/lapak_gaming/vendor/laravel/framework/src/Illuminate/Container/Util.php(43): Illuminate/Container/BoundMethod::{closure:Illuminate/Container/BoundMethod::call():35}()
#28 D:/0_Project_VS_Code/3. Sistem Basis Data/TB-K1-Database/lapak_gaming/vendor/laravel/framework/src/Illuminate/Container/BoundMethod.php(96): Illuminate/Container/Util::unwrapIfClosure(Object(Closure))
#29 D:/0_Project_VS_Code/3. Sistem Basis Data/TB-K1-Database/lapak_gaming/vendor/laravel/framework/src/Illuminate/Container/BoundMethod.php(35): Illuminate/Container/BoundMethod::callBoundMethod(Object(Illuminate/Foundation/Application), Array, Object(Closure))
#30 D:/0_Project_VS_Code/3. Sistem Basis Data/TB-K1-Database/lapak_gaming/vendor/laravel/framework/src/Illuminate/Container/Container.php(799): Illuminate/Container/BoundMethod::call(Object(Illuminate/Foundation/Application), Array, Array, NULL)
#31 D:/0_Project_VS_Code/3. Sistem Basis Data/TB-K1-Database/lapak_gaming/vendor/laravel/framework/src/Illuminate/Console/Command.php(280): Illuminate/Container/Container->call(Array)
#32 D:/0_Project_VS_Code/3. Sistem Basis Data/TB-K1-Database/lapak_gaming/vendor/symfony/console/Command/Command.php(291): Illuminate/Console/Command->execute(Object(Symfony/Component/Console/Input/ArgvInput), Object(Illuminate/Console/OutputStyle))
#33 D:/0_Project_VS_Code/3. Sistem Basis Data/TB-K1-Database/lapak_gaming/vendor/laravel/framework/src/Illuminate/Console/Command.php(249): Symfony/Component/Console/Command/Command->run(Object(Symfony/Component/Console/Input/ArgvInput), Object(Illuminate/Console/OutputStyle))
#34 D:/0_Project_VS_Code/3. Sistem Basis Data/TB-K1-Database/lapak_gaming/vendor/symfony/console/Application.php(1107): Illuminate/Console/Command->run(Object(Symfony/Component/Console/Input/ArgvInput), Object(Symfony/Component/Console/Output/ConsoleOutput))
#35 D:/0_Project_VS_Code/3. Sistem Basis Data/TB-K1-Database/lapak_gaming/vendor/symfony/console/Application.php(356): Symfony/Component/Console/Application->doRunCommand(Object(Illuminate/Queue/Console/WorkCommand), Object(Symfony/Component/Console/Input/ArgvInput), Object(Symfony/Component/Console/Output/ConsoleOutput))
#36 D:/0_Project_VS_Code/3. Sistem Basis Data/TB-K1-Database/lapak_gaming/vendor/symfony/console/Application.php(195): Symfony/Component/Console/Application->doRun(Object(Symfony/Component/Console/Input/ArgvInput), Object(Symfony/Component/Console/Output/ConsoleOutput))
#37 D:/0_Project_VS_Code/3. Sistem Basis Data/TB-K1-Database/lapak_gaming/vendor/laravel/framework/src/Illuminate/Foundation/Console/Kernel.php(198): Symfony/Component/Console/Application->run(Object(Symfony/Component/Console/Input/ArgvInput), Object(Symfony/Component/Console/Output/ConsoleOutput))
#38 D:/0_Project_VS_Code/3. Sistem Basis Data/TB-K1-Database/lapak_gaming/vendor/laravel/framework/src/Illuminate/Foundation/Application.php(1235): Illuminate/Foundation/Console/Kernel->handle(Object(Symfony/Component/Console/Input/ArgvInput), Object(Symfony/Component/Console/Output/ConsoleOutput))
#39 D:/0_Project_VS_Code/3. Sistem Basis Data/TB-K1-Database/lapak_gaming/artisan(16): Illuminate/Foundation/Application->handleCommand(Object(Symfony/Component/Console/Input/ArgvInput))
#40 {main}
"} 
[2026-04-01 06:18:59] local.ERROR: SQLSTATE[HY000] [2002] No connection could be made because the target machine actively refused it (Connection: mysql, Host: 127.0.0.1, Port: 3306, Database: lapak_gaming, SQL: select * from `cache` where `key` in (laravel-cache-illuminate:queue:paused:database:default)) {"exception":"[object] (Illuminate\\Database\\QueryException(code: 2002): SQLSTATE[HY000] [2002] No connection could be made because the target machine actively refused it (Connection: mysql, Host: 127.0.0.1, Port: 3306, Database: lapak_gaming, SQL: select * from `cache` where `key` in (laravel-cache-illuminate:queue:paused:database:default)) at D:/0_Project_VS_Code/3. Sistem Basis Data/TB-K1-Database/lapak_gaming/vendor/laravel/framework/src/Illuminate/Database/Connection.php:841)
[stacktrace]
#0 D:/0_Project_VS_Code/3. Sistem Basis Data/TB-K1-Database/lapak_gaming/vendor/laravel/framework/src/Illuminate/Database/Connection.php(1021): Illuminate/Database/Connection->runQueryCallback('select * from `...', Array, Object(Closure))
#1 D:/0_Project_VS_Code/3. Sistem Basis Data/TB-K1-Database/lapak_gaming/vendor/laravel/framework/src/Illuminate/Database/Connection.php(1000): Illuminate/Database/Connection->tryAgainIfCausedByLostConnection(Object(Illuminate/Database/QueryException), 'select * from `...', Array, Object(Closure))
#2 D:/0_Project_VS_Code/3. Sistem Basis Data/TB-K1-Database/lapak_gaming/vendor/laravel/framework/src/Illuminate/Database/Connection.php(799): Illuminate/Database/Connection->handleQueryException(Object(Illuminate/Database/QueryException), 'select * from `...', Array, Object(Closure))
#3 D:/0_Project_VS_Code/3. Sistem Basis Data/TB-K1-Database/lapak_gaming/vendor/laravel/framework/src/Illuminate/Database/Connection.php(412): Illuminate/Database/Connection->run('select * from `...', Array, Object(Closure))
#4 D:/0_Project_VS_Code/3. Sistem Basis Data/TB-K1-Database/lapak_gaming/vendor/laravel/framework/src/Illuminate/Database/Query/Builder.php(3562): Illuminate/Database/Connection->select('select * from `...', Array, true, Array)
#5 D:/0_Project_VS_Code/3. Sistem Basis Data/TB-K1-Database/lapak_gaming/vendor/laravel/framework/src/Illuminate/Database/Query/Builder.php(3546): Illuminate/Database/Query/Builder->runSelect()
#6 D:/0_Project_VS_Code/3. Sistem Basis Data/TB-K1-Database/lapak_gaming/vendor/laravel/framework/src/Illuminate/Cache/DatabaseStore.php(142): Illuminate/Database/Query/Builder->get()
#7 D:/0_Project_VS_Code/3. Sistem Basis Data/TB-K1-Database/lapak_gaming/vendor/laravel/framework/src/Illuminate/Cache/DatabaseStore.php(117): Illuminate/Cache/DatabaseStore->many(Array)
#8 D:/0_Project_VS_Code/3. Sistem Basis Data/TB-K1-Database/lapak_gaming/vendor/laravel/framework/src/Illuminate/Cache/Repository.php(124): Illuminate/Cache/DatabaseStore->get('illuminate:queu...')
#9 D:/0_Project_VS_Code/3. Sistem Basis Data/TB-K1-Database/lapak_gaming/vendor/laravel/framework/src/Illuminate/Queue/QueueManager.php(282): Illuminate/Cache/Repository->get('illuminate:queu...', false)
#10 D:/0_Project_VS_Code/3. Sistem Basis Data/TB-K1-Database/lapak_gaming/vendor/laravel/framework/src/Illuminate/Queue/Worker.php(428): Illuminate/Queue/QueueManager->isPaused('database', 'default')
#11 D:/0_Project_VS_Code/3. Sistem Basis Data/TB-K1-Database/lapak_gaming/vendor/laravel/framework/src/Illuminate/Queue/Worker.php(396): Illuminate/Queue/Worker->queuePaused('database', 'default')
#12 D:/0_Project_VS_Code/3. Sistem Basis Data/TB-K1-Database/lapak_gaming/vendor/laravel/framework/src/Illuminate/Queue/Worker.php(357): Illuminate/Queue/Worker->getNextJob(Object(Illuminate/Queue/DatabaseQueue), 'default')
#13 D:/0_Project_VS_Code/3. Sistem Basis Data/TB-K1-Database/lapak_gaming/vendor/laravel/framework/src/Illuminate/Queue/Console/WorkCommand.php(148): Illuminate/Queue/Worker->runNextJob('database', 'default', Object(Illuminate/Queue/WorkerOptions))
#14 D:/0_Project_VS_Code/3. Sistem Basis Data/TB-K1-Database/lapak_gaming/vendor/laravel/framework/src/Illuminate/Queue/Console/WorkCommand.php(131): Illuminate/Queue/Console/WorkCommand->runWorker('database', 'default')
#15 D:/0_Project_VS_Code/3. Sistem Basis Data/TB-K1-Database/lapak_gaming/vendor/laravel/framework/src/Illuminate/Container/BoundMethod.php(36): Illuminate/Queue/Console/WorkCommand->handle()
#16 D:/0_Project_VS_Code/3. Sistem Basis Data/TB-K1-Database/lapak_gaming/vendor/laravel/framework/src/Illuminate/Container/Util.php(43): Illuminate/Container/BoundMethod::{closure:Illuminate/Container/BoundMethod::call():35}()
#17 D:/0_Project_VS_Code/3. Sistem Basis Data/TB-K1-Database/lapak_gaming/vendor/laravel/framework/src/Illuminate/Container/BoundMethod.php(96): Illuminate/Container/Util::unwrapIfClosure(Object(Closure))
#18 D:/0_Project_VS_Code/3. Sistem Basis Data/TB-K1-Database/lapak_gaming/vendor/laravel/framework/src/Illuminate/Container/BoundMethod.php(35): Illuminate/Container/BoundMethod::callBoundMethod(Object(Illuminate/Foundation/Application), Array, Object(Closure))
#19 D:/0_Project_VS_Code/3. Sistem Basis Data/TB-K1-Database/lapak_gaming/vendor/laravel/framework/src/Illuminate/Container/Container.php(799): Illuminate/Container/BoundMethod::call(Object(Illuminate/Foundation/Application), Array, Array, NULL)
#20 D:/0_Project_VS_Code/3. Sistem Basis Data/TB-K1-Database/lapak_gaming/vendor/laravel/framework/src/Illuminate/Console/Command.php(280): Illuminate/Container/Container->call(Array)
#21 D:/0_Project_VS_Code/3. Sistem Basis Data/TB-K1-Database/lapak_gaming/vendor/symfony/console/Command/Command.php(291): Illuminate/Console/Command->execute(Object(Symfony/Component/Console/Input/ArgvInput), Object(Illuminate/Console/OutputStyle))
#22 D:/0_Project_VS_Code/3. Sistem Basis Data/TB-K1-Database/lapak_gaming/vendor/laravel/framework/src/Illuminate/Console/Command.php(249): Symfony/Component/Console/Command/Command->run(Object(Symfony/Component/Console/Input/ArgvInput), Object(Illuminate/Console/OutputStyle))
#23 D:/0_Project_VS_Code/3. Sistem Basis Data/TB-K1-Database/lapak_gaming/vendor/symfony/console/Application.php(1107): Illuminate/Console/Command->run(Object(Symfony/Component/Console/Input/ArgvInput), Object(Symfony/Component/Console/Output/ConsoleOutput))
#24 D:/0_Project_VS_Code/3. Sistem Basis Data/TB-K1-Database/lapak_gaming/vendor/symfony/console/Application.php(356): Symfony/Component/Console/Application->doRunCommand(Object(Illuminate/Queue/Console/WorkCommand), Object(Symfony/Component/Console/Input/ArgvInput), Object(Symfony/Component/Console/Output/ConsoleOutput))
#25 D:/0_Project_VS_Code/3. Sistem Basis Data/TB-K1-Database/lapak_gaming/vendor/symfony/console/Application.php(195): Symfony/Component/Console/Application->doRun(Object(Symfony/Component/Console/Input/ArgvInput), Object(Symfony/Component/Console/Output/ConsoleOutput))
#26 D:/0_Project_VS_Code/3. Sistem Basis Data/TB-K1-Database/lapak_gaming/vendor/laravel/framework/src/Illuminate/Foundation/Console/Kernel.php(198): Symfony/Component/Console/Application->run(Object(Symfony/Component/Console/Input/ArgvInput), Object(Symfony/Component/Console/Output/ConsoleOutput))
#27 D:/0_Project_VS_Code/3. Sistem Basis Data/TB-K1-Database/lapak_gaming/vendor/laravel/framework/src/Illuminate/Foundation/Application.php(1235): Illuminate/Foundation/Console/Kernel->handle(Object(Symfony/Component/Console/Input/ArgvInput), Object(Symfony/Component/Console/Output/ConsoleOutput))
#28 D:/0_Project_VS_Code/3. Sistem Basis Data/TB-K1-Database/lapak_gaming/artisan(16): Illuminate/Foundation/Application->handleCommand(Object(Symfony/Component/Console/Input/ArgvInput))
#29 {main}

[previous exception] [object] (PDOException(code: 2002): SQLSTATE[HY000] [2002] No connection could be made because the target machine actively refused it at D:/0_Project_VS_Code/3. Sistem Basis Data/TB-K1-Database/lapak_gaming/vendor/laravel/framework/src/Illuminate/Database/Connectors/Connector.php:67)
[stacktrace]
#0 D:/0_Project_VS_Code/3. Sistem Basis Data/TB-K1-Database/lapak_gaming/vendor/laravel/framework/src/Illuminate/Database/Connectors/Connector.php(67): PDO::connect('mysql:host=127....', 'root', Object(SensitiveParameterValue), Array)
#1 D:/0_Project_VS_Code/3. Sistem Basis Data/TB-K1-Database/lapak_gaming/vendor/laravel/framework/src/Illuminate/Database/Connectors/Connector.php(85): Illuminate/Database/Connectors/Connector->createPdoConnection('mysql:host=127....', 'root', Object(SensitiveParameterValue), Array)
#2 D:/0_Project_VS_Code/3. Sistem Basis Data/TB-K1-Database/lapak_gaming/vendor/laravel/framework/src/Illuminate/Database/Connectors/Connector.php(48): Illuminate/Database/Connectors/Connector->tryAgainIfCausedByLostConnection(Object(PDOException), 'mysql:host=127....', 'root', Object(SensitiveParameterValue), Array)
#3 D:/0_Project_VS_Code/3. Sistem Basis Data/TB-K1-Database/lapak_gaming/vendor/laravel/framework/src/Illuminate/Database/Connectors/MySqlConnector.php(24): Illuminate/Database/Connectors/Connector->createConnection('mysql:host=127....', Array, Array)
#4 D:/0_Project_VS_Code/3. Sistem Basis Data/TB-K1-Database/lapak_gaming/vendor/laravel/framework/src/Illuminate/Database/Connectors/ConnectionFactory.php(186): Illuminate/Database/Connectors/MySqlConnector->connect(Array)
#5 [internal function]: Illuminate/Database/Connectors/ConnectionFactory->{closure:Illuminate/Database/Connectors/ConnectionFactory::createPdoResolverWithHosts():181}()
#6 D:/0_Project_VS_Code/3. Sistem Basis Data/TB-K1-Database/lapak_gaming/vendor/laravel/framework/src/Illuminate/Database/Connection.php(1279): call_user_func(Object(Closure))
#7 D:/0_Project_VS_Code/3. Sistem Basis Data/TB-K1-Database/lapak_gaming/vendor/laravel/framework/src/Illuminate/Database/Connection.php(1317): Illuminate/Database/Connection->getPdo()
#8 D:/0_Project_VS_Code/3. Sistem Basis Data/TB-K1-Database/lapak_gaming/vendor/laravel/framework/src/Illuminate/Database/Connection.php(528): Illuminate/Database/Connection->getReadPdo()
#9 D:/0_Project_VS_Code/3. Sistem Basis Data/TB-K1-Database/lapak_gaming/vendor/laravel/framework/src/Illuminate/Database/Connection.php(421): Illuminate/Database/Connection->getPdoForSelect(true)
#10 D:/0_Project_VS_Code/3. Sistem Basis Data/TB-K1-Database/lapak_gaming/vendor/laravel/framework/src/Illuminate/Database/Connection.php(830): Illuminate/Database/Connection->{closure:Illuminate/Database/Connection::select():412}('select * from `...', Array)
#11 D:/0_Project_VS_Code/3. Sistem Basis Data/TB-K1-Database/lapak_gaming/vendor/laravel/framework/src/Illuminate/Database/Connection.php(1021): Illuminate/Database/Connection->runQueryCallback('select * from `...', Array, Object(Closure))
#12 D:/0_Project_VS_Code/3. Sistem Basis Data/TB-K1-Database/lapak_gaming/vendor/laravel/framework/src/Illuminate/Database/Connection.php(1000): Illuminate/Database/Connection->tryAgainIfCausedByLostConnection(Object(Illuminate/Database/QueryException), 'select * from `...', Array, Object(Closure))
#13 D:/0_Project_VS_Code/3. Sistem Basis Data/TB-K1-Database/lapak_gaming/vendor/laravel/framework/src/Illuminate/Database/Connection.php(799): Illuminate/Database/Connection->handleQueryException(Object(Illuminate/Database/QueryException), 'select * from `...', Array, Object(Closure))
#14 D:/0_Project_VS_Code/3. Sistem Basis Data/TB-K1-Database/lapak_gaming/vendor/laravel/framework/src/Illuminate/Database/Connection.php(412): Illuminate/Database/Connection->run('select * from `...', Array, Object(Closure))
#15 D:/0_Project_VS_Code/3. Sistem Basis Data/TB-K1-Database/lapak_gaming/vendor/laravel/framework/src/Illuminate/Database/Query/Builder.php(3562): Illuminate/Database/Connection->select('select * from `...', Array, true, Array)
#16 D:/0_Project_VS_Code/3. Sistem Basis Data/TB-K1-Database/lapak_gaming/vendor/laravel/framework/src/Illuminate/Database/Query/Builder.php(3546): Illuminate/Database/Query/Builder->runSelect()
#17 D:/0_Project_VS_Code/3. Sistem Basis Data/TB-K1-Database/lapak_gaming/vendor/laravel/framework/src/Illuminate/Cache/DatabaseStore.php(142): Illuminate/Database/Query/Builder->get()
#18 D:/0_Project_VS_Code/3. Sistem Basis Data/TB-K1-Database/lapak_gaming/vendor/laravel/framework/src/Illuminate/Cache/DatabaseStore.php(117): Illuminate/Cache/DatabaseStore->many(Array)
#19 D:/0_Project_VS_Code/3. Sistem Basis Data/TB-K1-Database/lapak_gaming/vendor/laravel/framework/src/Illuminate/Cache/Repository.php(124): Illuminate/Cache/DatabaseStore->get('illuminate:queu...')
#20 D:/0_Project_VS_Code/3. Sistem Basis Data/TB-K1-Database/lapak_gaming/vendor/laravel/framework/src/Illuminate/Queue/QueueManager.php(282): Illuminate/Cache/Repository->get('illuminate:queu...', false)
#21 D:/0_Project_VS_Code/3. Sistem Basis Data/TB-K1-Database/lapak_gaming/vendor/laravel/framework/src/Illuminate/Queue/Worker.php(428): Illuminate/Queue/QueueManager->isPaused('database', 'default')
#22 D:/0_Project_VS_Code/3. Sistem Basis Data/TB-K1-Database/lapak_gaming/vendor/laravel/framework/src/Illuminate/Queue/Worker.php(396): Illuminate/Queue/Worker->queuePaused('database', 'default')
#23 D:/0_Project_VS_Code/3. Sistem Basis Data/TB-K1-Database/lapak_gaming/vendor/laravel/framework/src/Illuminate/Queue/Worker.php(357): Illuminate/Queue/Worker->getNextJob(Object(Illuminate/Queue/DatabaseQueue), 'default')
#24 D:/0_Project_VS_Code/3. Sistem Basis Data/TB-K1-Database/lapak_gaming/vendor/laravel/framework/src/Illuminate/Queue/Console/WorkCommand.php(148): Illuminate/Queue/Worker->runNextJob('database', 'default', Object(Illuminate/Queue/WorkerOptions))
#25 D:/0_Project_VS_Code/3. Sistem Basis Data/TB-K1-Database/lapak_gaming/vendor/laravel/framework/src/Illuminate/Queue/Console/WorkCommand.php(131): Illuminate/Queue/Console/WorkCommand->runWorker('database', 'default')
#26 D:/0_Project_VS_Code/3. Sistem Basis Data/TB-K1-Database/lapak_gaming/vendor/laravel/framework/src/Illuminate/Container/BoundMethod.php(36): Illuminate/Queue/Console/WorkCommand->handle()
#27 D:/0_Project_VS_Code/3. Sistem Basis Data/TB-K1-Database/lapak_gaming/vendor/laravel/framework/src/Illuminate/Container/Util.php(43): Illuminate/Container/BoundMethod::{closure:Illuminate/Container/BoundMethod::call():35}()
#28 D:/0_Project_VS_Code/3. Sistem Basis Data/TB-K1-Database/lapak_gaming/vendor/laravel/framework/src/Illuminate/Container/BoundMethod.php(96): Illuminate/Container/Util::unwrapIfClosure(Object(Closure))
#29 D:/0_Project_VS_Code/3. Sistem Basis Data/TB-K1-Database/lapak_gaming/vendor/laravel/framework/src/Illuminate/Container/BoundMethod.php(35): Illuminate/Container/BoundMethod::callBoundMethod(Object(Illuminate/Foundation/Application), Array, Object(Closure))
#30 D:/0_Project_VS_Code/3. Sistem Basis Data/TB-K1-Database/lapak_gaming/vendor/laravel/framework/src/Illuminate/Container/Container.php(799): Illuminate/Container/BoundMethod::call(Object(Illuminate/Foundation/Application), Array, Array, NULL)
#31 D:/0_Project_VS_Code/3. Sistem Basis Data/TB-K1-Database/lapak_gaming/vendor/laravel/framework/src/Illuminate/Console/Command.php(280): Illuminate/Container/Container->call(Array)
#32 D:/0_Project_VS_Code/3. Sistem Basis Data/TB-K1-Database/lapak_gaming/vendor/symfony/console/Command/Command.php(291): Illuminate/Console/Command->execute(Object(Symfony/Component/Console/Input/ArgvInput), Object(Illuminate/Console/OutputStyle))
#33 D:/0_Project_VS_Code/3. Sistem Basis Data/TB-K1-Database/lapak_gaming/vendor/laravel/framework/src/Illuminate/Console/Command.php(249): Symfony/Component/Console/Command/Command->run(Object(Symfony/Component/Console/Input/ArgvInput), Object(Illuminate/Console/OutputStyle))
#34 D:/0_Project_VS_Code/3. Sistem Basis Data/TB-K1-Database/lapak_gaming/vendor/symfony/console/Application.php(1107): Illuminate/Console/Command->run(Object(Symfony/Component/Console/Input/ArgvInput), Object(Symfony/Component/Console/Output/ConsoleOutput))
#35 D:/0_Project_VS_Code/3. Sistem Basis Data/TB-K1-Database/lapak_gaming/vendor/symfony/console/Application.php(356): Symfony/Component/Console/Application->doRunCommand(Object(Illuminate/Queue/Console/WorkCommand), Object(Symfony/Component/Console/Input/ArgvInput), Object(Symfony/Component/Console/Output/ConsoleOutput))
#36 D:/0_Project_VS_Code/3. Sistem Basis Data/TB-K1-Database/lapak_gaming/vendor/symfony/console/Application.php(195): Symfony/Component/Console/Application->doRun(Object(Symfony/Component/Console/Input/ArgvInput), Object(Symfony/Component/Console/Output/ConsoleOutput))
#37 D:/0_Project_VS_Code/3. Sistem Basis Data/TB-K1-Database/lapak_gaming/vendor/laravel/framework/src/Illuminate/Foundation/Console/Kernel.php(198): Symfony/Component/Console/Application->run(Object(Symfony/Component/Console/Input/ArgvInput), Object(Symfony/Component/Console/Output/ConsoleOutput))
#38 D:/0_Project_VS_Code/3. Sistem Basis Data/TB-K1-Database/lapak_gaming/vendor/laravel/framework/src/Illuminate/Foundation/Application.php(1235): Illuminate/Foundation/Console/Kernel->handle(Object(Symfony/Component/Console/Input/ArgvInput), Object(Symfony/Component/Console/Output/ConsoleOutput))
#39 D:/0_Project_VS_Code/3. Sistem Basis Data/TB-K1-Database/lapak_gaming/artisan(16): Illuminate/Foundation/Application->handleCommand(Object(Symfony/Component/Console/Input/ArgvInput))
#40 {main}
"} 
[2026-04-01 06:19:12] local.ERROR: SQLSTATE[HY000] [2002] No connection could be made because the target machine actively refused it (Connection: mysql, Host: 127.0.0.1, Port: 3306, Database: lapak_gaming, SQL: select * from `cache` where `key` in (laravel-cache-illuminate:queue:paused:database:default)) {"exception":"[object] (Illuminate\\Database\\QueryException(code: 2002): SQLSTATE[HY000] [2002] No connection could be made because the target machine actively refused it (Connection: mysql, Host: 127.0.0.1, Port: 3306, Database: lapak_gaming, SQL: select * from `cache` where `key` in (laravel-cache-illuminate:queue:paused:database:default)) at D:/0_Project_VS_Code/3. Sistem Basis Data/TB-K1-Database/lapak_gaming/vendor/laravel/framework/src/Illuminate/Database/Connection.php:841)
[stacktrace]
#0 D:/0_Project_VS_Code/3. Sistem Basis Data/TB-K1-Database/lapak_gaming/vendor/laravel/framework/src/Illuminate/Database/Connection.php(1021): Illuminate/Database/Connection->runQueryCallback('select * from `...', Array, Object(Closure))
#1 D:/0_Project_VS_Code/3. Sistem Basis Data/TB-K1-Database/lapak_gaming/vendor/laravel/framework/src/Illuminate/Database/Connection.php(1000): Illuminate/Database/Connection->tryAgainIfCausedByLostConnection(Object(Illuminate/Database/QueryException), 'select * from `...', Array, Object(Closure))
#2 D:/0_Project_VS_Code/3. Sistem Basis Data/TB-K1-Database/lapak_gaming/vendor/laravel/framework/src/Illuminate/Database/Connection.php(799): Illuminate/Database/Connection->handleQueryException(Object(Illuminate/Database/QueryException), 'select * from `...', Array, Object(Closure))
#3 D:/0_Project_VS_Code/3. Sistem Basis Data/TB-K1-Database/lapak_gaming/vendor/laravel/framework/src/Illuminate/Database/Connection.php(412): Illuminate/Database/Connection->run('select * from `...', Array, Object(Closure))
#4 D:/0_Project_VS_Code/3. Sistem Basis Data/TB-K1-Database/lapak_gaming/vendor/laravel/framework/src/Illuminate/Database/Query/Builder.php(3562): Illuminate/Database/Connection->select('select * from `...', Array, true, Array)
#5 D:/0_Project_VS_Code/3. Sistem Basis Data/TB-K1-Database/lapak_gaming/vendor/laravel/framework/src/Illuminate/Database/Query/Builder.php(3546): Illuminate/Database/Query/Builder->runSelect()
#6 D:/0_Project_VS_Code/3. Sistem Basis Data/TB-K1-Database/lapak_gaming/vendor/laravel/framework/src/Illuminate/Cache/DatabaseStore.php(142): Illuminate/Database/Query/Builder->get()
#7 D:/0_Project_VS_Code/3. Sistem Basis Data/TB-K1-Database/lapak_gaming/vendor/laravel/framework/src/Illuminate/Cache/DatabaseStore.php(117): Illuminate/Cache/DatabaseStore->many(Array)
#8 D:/0_Project_VS_Code/3. Sistem Basis Data/TB-K1-Database/lapak_gaming/vendor/laravel/framework/src/Illuminate/Cache/Repository.php(124): Illuminate/Cache/DatabaseStore->get('illuminate:queu...')
#9 D:/0_Project_VS_Code/3. Sistem Basis Data/TB-K1-Database/lapak_gaming/vendor/laravel/framework/src/Illuminate/Queue/QueueManager.php(282): Illuminate/Cache/Repository->get('illuminate:queu...', false)
#10 D:/0_Project_VS_Code/3. Sistem Basis Data/TB-K1-Database/lapak_gaming/vendor/laravel/framework/src/Illuminate/Queue/Worker.php(428): Illuminate/Queue/QueueManager->isPaused('database', 'default')
#11 D:/0_Project_VS_Code/3. Sistem Basis Data/TB-K1-Database/lapak_gaming/vendor/laravel/framework/src/Illuminate/Queue/Worker.php(396): Illuminate/Queue/Worker->queuePaused('database', 'default')
#12 D:/0_Project_VS_Code/3. Sistem Basis Data/TB-K1-Database/lapak_gaming/vendor/laravel/framework/src/Illuminate/Queue/Worker.php(357): Illuminate/Queue/Worker->getNextJob(Object(Illuminate/Queue/DatabaseQueue), 'default')
#13 D:/0_Project_VS_Code/3. Sistem Basis Data/TB-K1-Database/lapak_gaming/vendor/laravel/framework/src/Illuminate/Queue/Console/WorkCommand.php(148): Illuminate/Queue/Worker->runNextJob('database', 'default', Object(Illuminate/Queue/WorkerOptions))
#14 D:/0_Project_VS_Code/3. Sistem Basis Data/TB-K1-Database/lapak_gaming/vendor/laravel/framework/src/Illuminate/Queue/Console/WorkCommand.php(131): Illuminate/Queue/Console/WorkCommand->runWorker('database', 'default')
#15 D:/0_Project_VS_Code/3. Sistem Basis Data/TB-K1-Database/lapak_gaming/vendor/laravel/framework/src/Illuminate/Container/BoundMethod.php(36): Illuminate/Queue/Console/WorkCommand->handle()
#16 D:/0_Project_VS_Code/3. Sistem Basis Data/TB-K1-Database/lapak_gaming/vendor/laravel/framework/src/Illuminate/Container/Util.php(43): Illuminate/Container/BoundMethod::{closure:Illuminate/Container/BoundMethod::call():35}()
#17 D:/0_Project_VS_Code/3. Sistem Basis Data/TB-K1-Database/lapak_gaming/vendor/laravel/framework/src/Illuminate/Container/BoundMethod.php(96): Illuminate/Container/Util::unwrapIfClosure(Object(Closure))
#18 D:/0_Project_VS_Code/3. Sistem Basis Data/TB-K1-Database/lapak_gaming/vendor/laravel/framework/src/Illuminate/Container/BoundMethod.php(35): Illuminate/Container/BoundMethod::callBoundMethod(Object(Illuminate/Foundation/Application), Array, Object(Closure))
#19 D:/0_Project_VS_Code/3. Sistem Basis Data/TB-K1-Database/lapak_gaming/vendor/laravel/framework/src/Illuminate/Container/Container.php(799): Illuminate/Container/BoundMethod::call(Object(Illuminate/Foundation/Application), Array, Array, NULL)
#20 D:/0_Project_VS_Code/3. Sistem Basis Data/TB-K1-Database/lapak_gaming/vendor/laravel/framework/src/Illuminate/Console/Command.php(280): Illuminate/Container/Container->call(Array)
#21 D:/0_Project_VS_Code/3. Sistem Basis Data/TB-K1-Database/lapak_gaming/vendor/symfony/console/Command/Command.php(291): Illuminate/Console/Command->execute(Object(Symfony/Component/Console/Input/ArgvInput), Object(Illuminate/Console/OutputStyle))
#22 D:/0_Project_VS_Code/3. Sistem Basis Data/TB-K1-Database/lapak_gaming/vendor/laravel/framework/src/Illuminate/Console/Command.php(249): Symfony/Component/Console/Command/Command->run(Object(Symfony/Component/Console/Input/ArgvInput), Object(Illuminate/Console/OutputStyle))
#23 D:/0_Project_VS_Code/3. Sistem Basis Data/TB-K1-Database/lapak_gaming/vendor/symfony/console/Application.php(1107): Illuminate/Console/Command->run(Object(Symfony/Component/Console/Input/ArgvInput), Object(Symfony/Component/Console/Output/ConsoleOutput))
#24 D:/0_Project_VS_Code/3. Sistem Basis Data/TB-K1-Database/lapak_gaming/vendor/symfony/console/Application.php(356): Symfony/Component/Console/Application->doRunCommand(Object(Illuminate/Queue/Console/WorkCommand), Object(Symfony/Component/Console/Input/ArgvInput), Object(Symfony/Component/Console/Output/ConsoleOutput))
#25 D:/0_Project_VS_Code/3. Sistem Basis Data/TB-K1-Database/lapak_gaming/vendor/symfony/console/Application.php(195): Symfony/Component/Console/Application->doRun(Object(Symfony/Component/Console/Input/ArgvInput), Object(Symfony/Component/Console/Output/ConsoleOutput))
#26 D:/0_Project_VS_Code/3. Sistem Basis Data/TB-K1-Database/lapak_gaming/vendor/laravel/framework/src/Illuminate/Foundation/Console/Kernel.php(198): Symfony/Component/Console/Application->run(Object(Symfony/Component/Console/Input/ArgvInput), Object(Symfony/Component/Console/Output/ConsoleOutput))
#27 D:/0_Project_VS_Code/3. Sistem Basis Data/TB-K1-Database/lapak_gaming/vendor/laravel/framework/src/Illuminate/Foundation/Application.php(1235): Illuminate/Foundation/Console/Kernel->handle(Object(Symfony/Component/Console/Input/ArgvInput), Object(Symfony/Component/Console/Output/ConsoleOutput))
#28 D:/0_Project_VS_Code/3. Sistem Basis Data/TB-K1-Database/lapak_gaming/artisan(16): Illuminate/Foundation/Application->handleCommand(Object(Symfony/Component/Console/Input/ArgvInput))
#29 {main}

[previous exception] [object] (PDOException(code: 2002): SQLSTATE[HY000] [2002] No connection could be made because the target machine actively refused it at D:/0_Project_VS_Code/3. Sistem Basis Data/TB-K1-Database/lapak_gaming/vendor/laravel/framework/src/Illuminate/Database/Connectors/Connector.php:67)
[stacktrace]
#0 D:/0_Project_VS_Code/3. Sistem Basis Data/TB-K1-Database/lapak_gaming/vendor/laravel/framework/src/Illuminate/Database/Connectors/Connector.php(67): PDO::connect('mysql:host=127....', 'root', Object(SensitiveParameterValue), Array)
#1 D:/0_Project_VS_Code/3. Sistem Basis Data/TB-K1-Database/lapak_gaming/vendor/laravel/framework/src/Illuminate/Database/Connectors/Connector.php(85): Illuminate/Database/Connectors/Connector->createPdoConnection('mysql:host=127....', 'root', Object(SensitiveParameterValue), Array)
#2 D:/0_Project_VS_Code/3. Sistem Basis Data/TB-K1-Database/lapak_gaming/vendor/laravel/framework/src/Illuminate/Database/Connectors/Connector.php(48): Illuminate/Database/Connectors/Connector->tryAgainIfCausedByLostConnection(Object(PDOException), 'mysql:host=127....', 'root', Object(SensitiveParameterValue), Array)
#3 D:/0_Project_VS_Code/3. Sistem Basis Data/TB-K1-Database/lapak_gaming/vendor/laravel/framework/src/Illuminate/Database/Connectors/MySqlConnector.php(24): Illuminate/Database/Connectors/Connector->createConnection('mysql:host=127....', Array, Array)
#4 D:/0_Project_VS_Code/3. Sistem Basis Data/TB-K1-Database/lapak_gaming/vendor/laravel/framework/src/Illuminate/Database/Connectors/ConnectionFactory.php(186): Illuminate/Database/Connectors/MySqlConnector->connect(Array)
#5 [internal function]: Illuminate/Database/Connectors/ConnectionFactory->{closure:Illuminate/Database/Connectors/ConnectionFactory::createPdoResolverWithHosts():181}()
#6 D:/0_Project_VS_Code/3. Sistem Basis Data/TB-K1-Database/lapak_gaming/vendor/laravel/framework/src/Illuminate/Database/Connection.php(1279): call_user_func(Object(Closure))
#7 D:/0_Project_VS_Code/3. Sistem Basis Data/TB-K1-Database/lapak_gaming/vendor/laravel/framework/src/Illuminate/Database/Connection.php(1317): Illuminate/Database/Connection->getPdo()
#8 D:/0_Project_VS_Code/3. Sistem Basis Data/TB-K1-Database/lapak_gaming/vendor/laravel/framework/src/Illuminate/Database/Connection.php(528): Illuminate/Database/Connection->getReadPdo()
#9 D:/0_Project_VS_Code/3. Sistem Basis Data/TB-K1-Database/lapak_gaming/vendor/laravel/framework/src/Illuminate/Database/Connection.php(421): Illuminate/Database/Connection->getPdoForSelect(true)
#10 D:/0_Project_VS_Code/3. Sistem Basis Data/TB-K1-Database/lapak_gaming/vendor/laravel/framework/src/Illuminate/Database/Connection.php(830): Illuminate/Database/Connection->{closure:Illuminate/Database/Connection::select():412}('select * from `...', Array)
#11 D:/0_Project_VS_Code/3. Sistem Basis Data/TB-K1-Database/lapak_gaming/vendor/laravel/framework/src/Illuminate/Database/Connection.php(1021): Illuminate/Database/Connection->runQueryCallback('select * from `...', Array, Object(Closure))
#12 D:/0_Project_VS_Code/3. Sistem Basis Data/TB-K1-Database/lapak_gaming/vendor/laravel/framework/src/Illuminate/Database/Connection.php(1000): Illuminate/Database/Connection->tryAgainIfCausedByLostConnection(Object(Illuminate/Database/QueryException), 'select * from `...', Array, Object(Closure))
#13 D:/0_Project_VS_Code/3. Sistem Basis Data/TB-K1-Database/lapak_gaming/vendor/laravel/framework/src/Illuminate/Database/Connection.php(799): Illuminate/Database/Connection->handleQueryException(Object(Illuminate/Database/QueryException), 'select * from `...', Array, Object(Closure))
#14 D:/0_Project_VS_Code/3. Sistem Basis Data/TB-K1-Database/lapak_gaming/vendor/laravel/framework/src/Illuminate/Database/Connection.php(412): Illuminate/Database/Connection->run('select * from `...', Array, Object(Closure))
#15 D:/0_Project_VS_Code/3. Sistem Basis Data/TB-K1-Database/lapak_gaming/vendor/laravel/framework/src/Illuminate/Database/Query/Builder.php(3562): Illuminate/Database/Connection->select('select * from `...', Array, true, Array)
#16 D:/0_Project_VS_Code/3. Sistem Basis Data/TB-K1-Database/lapak_gaming/vendor/laravel/framework/src/Illuminate/Database/Query/Builder.php(3546): Illuminate/Database/Query/Builder->runSelect()
#17 D:/0_Project_VS_Code/3. Sistem Basis Data/TB-K1-Database/lapak_gaming/vendor/laravel/framework/src/Illuminate/Cache/DatabaseStore.php(142): Illuminate/Database/Query/Builder->get()
#18 D:/0_Project_VS_Code/3. Sistem Basis Data/TB-K1-Database/lapak_gaming/vendor/laravel/framework/src/Illuminate/Cache/DatabaseStore.php(117): Illuminate/Cache/DatabaseStore->many(Array)
#19 D:/0_Project_VS_Code/3. Sistem Basis Data/TB-K1-Database/lapak_gaming/vendor/laravel/framework/src/Illuminate/Cache/Repository.php(124): Illuminate/Cache/DatabaseStore->get('illuminate:queu...')
#20 D:/0_Project_VS_Code/3. Sistem Basis Data/TB-K1-Database/lapak_gaming/vendor/laravel/framework/src/Illuminate/Queue/QueueManager.php(282): Illuminate/Cache/Repository->get('illuminate:queu...', false)
#21 D:/0_Project_VS_Code/3. Sistem Basis Data/TB-K1-Database/lapak_gaming/vendor/laravel/framework/src/Illuminate/Queue/Worker.php(428): Illuminate/Queue/QueueManager->isPaused('database', 'default')
#22 D:/0_Project_VS_Code/3. Sistem Basis Data/TB-K1-Database/lapak_gaming/vendor/laravel/framework/src/Illuminate/Queue/Worker.php(396): Illuminate/Queue/Worker->queuePaused('database', 'default')
#23 D:/0_Project_VS_Code/3. Sistem Basis Data/TB-K1-Database/lapak_gaming/vendor/laravel/framework/src/Illuminate/Queue/Worker.php(357): Illuminate/Queue/Worker->getNextJob(Object(Illuminate/Queue/DatabaseQueue), 'default')
#24 D:/0_Project_VS_Code/3. Sistem Basis Data/TB-K1-Database/lapak_gaming/vendor/laravel/framework/src/Illuminate/Queue/Console/WorkCommand.php(148): Illuminate/Queue/Worker->runNextJob('database', 'default', Object(Illuminate/Queue/WorkerOptions))
#25 D:/0_Project_VS_Code/3. Sistem Basis Data/TB-K1-Database/lapak_gaming/vendor/laravel/framework/src/Illuminate/Queue/Console/WorkCommand.php(131): Illuminate/Queue/Console/WorkCommand->runWorker('database', 'default')
#26 D:/0_Project_VS_Code/3. Sistem Basis Data/TB-K1-Database/lapak_gaming/vendor/laravel/framework/src/Illuminate/Container/BoundMethod.php(36): Illuminate/Queue/Console/WorkCommand->handle()
#27 D:/0_Project_VS_Code/3. Sistem Basis Data/TB-K1-Database/lapak_gaming/vendor/laravel/framework/src/Illuminate/Container/Util.php(43): Illuminate/Container/BoundMethod::{closure:Illuminate/Container/BoundMethod::call():35}()
#28 D:/0_Project_VS_Code/3. Sistem Basis Data/TB-K1-Database/lapak_gaming/vendor/laravel/framework/src/Illuminate/Container/BoundMethod.php(96): Illuminate/Container/Util::unwrapIfClosure(Object(Closure))
#29 D:/0_Project_VS_Code/3. Sistem Basis Data/TB-K1-Database/lapak_gaming/vendor/laravel/framework/src/Illuminate/Container/BoundMethod.php(35): Illuminate/Container/BoundMethod::callBoundMethod(Object(Illuminate/Foundation/Application), Array, Object(Closure))
#30 D:/0_Project_VS_Code/3. Sistem Basis Data/TB-K1-Database/lapak_gaming/vendor/laravel/framework/src/Illuminate/Container/Container.php(799): Illuminate/Container/BoundMethod::call(Object(Illuminate/Foundation/Application), Array, Array, NULL)
#31 D:/0_Project_VS_Code/3. Sistem Basis Data/TB-K1-Database/lapak_gaming/vendor/laravel/framework/src/Illuminate/Console/Command.php(280): Illuminate/Container/Container->call(Array)
#32 D:/0_Project_VS_Code/3. Sistem Basis Data/TB-K1-Database/lapak_gaming/vendor/symfony/console/Command/Command.php(291): Illuminate/Console/Command->execute(Object(Symfony/Component/Console/Input/ArgvInput), Object(Illuminate/Console/OutputStyle))
#33 D:/0_Project_VS_Code/3. Sistem Basis Data/TB-K1-Database/lapak_gaming/vendor/laravel/framework/src/Illuminate/Console/Command.php(249): Symfony/Component/Console/Command/Command->run(Object(Symfony/Component/Console/Input/ArgvInput), Object(Illuminate/Console/OutputStyle))
#34 D:/0_Project_VS_Code/3. Sistem Basis Data/TB-K1-Database/lapak_gaming/vendor/symfony/console/Application.php(1107): Illuminate/Console/Command->run(Object(Symfony/Component/Console/Input/ArgvInput), Object(Symfony/Component/Console/Output/ConsoleOutput))
#35 D:/0_Project_VS_Code/3. Sistem Basis Data/TB-K1-Database/lapak_gaming/vendor/symfony/console/Application.php(356): Symfony/Component/Console/Application->doRunCommand(Object(Illuminate/Queue/Console/WorkCommand), Object(Symfony/Component/Console/Input/ArgvInput), Object(Symfony/Component/Console/Output/ConsoleOutput))
#36 D:/0_Project_VS_Code/3. Sistem Basis Data/TB-K1-Database/lapak_gaming/vendor/symfony/console/Application.php(195): Symfony/Component/Console/Application->doRun(Object(Symfony/Component/Console/Input/ArgvInput), Object(Symfony/Component/Console/Output/ConsoleOutput))
#37 D:/0_Project_VS_Code/3. Sistem Basis Data/TB-K1-Database/lapak_gaming/vendor/laravel/framework/src/Illuminate/Foundation/Console/Kernel.php(198): Symfony/Component/Console/Application->run(Object(Symfony/Component/Console/Input/ArgvInput), Object(Symfony/Component/Console/Output/ConsoleOutput))
#38 D:/0_Project_VS_Code/3. Sistem Basis Data/TB-K1-Database/lapak_gaming/vendor/laravel/framework/src/Illuminate/Foundation/Application.php(1235): Illuminate/Foundation/Console/Kernel->handle(Object(Symfony/Component/Console/Input/ArgvInput), Object(Symfony/Component/Console/Output/ConsoleOutput))
#39 D:/0_Project_VS_Code/3. Sistem Basis Data/TB-K1-Database/lapak_gaming/artisan(16): Illuminate/Foundation/Application->handleCommand(Object(Symfony/Component/Console/Input/ArgvInput))
#40 {main}
"} 
[2026-04-01 06:19:24] local.ERROR: SQLSTATE[HY000] [2002] No connection could be made because the target machine actively refused it (Connection: mysql, Host: 127.0.0.1, Port: 3306, Database: lapak_gaming, SQL: select * from `cache` where `key` in (laravel-cache-illuminate:queue:paused:database:default)) {"exception":"[object] (Illuminate\\Database\\QueryException(code: 2002): SQLSTATE[HY000] [2002] No connection could be made because the target machine actively refused it (Connection: mysql, Host: 127.0.0.1, Port: 3306, Database: lapak_gaming, SQL: select * from `cache` where `key` in (laravel-cache-illuminate:queue:paused:database:default)) at D:/0_Project_VS_Code/3. Sistem Basis Data/TB-K1-Database/lapak_gaming/vendor/laravel/framework/src/Illuminate/Database/Connection.php:841)
[stacktrace]
#0 D:/0_Project_VS_Code/3. Sistem Basis Data/TB-K1-Database/lapak_gaming/vendor/laravel/framework/src/Illuminate/Database/Connection.php(1021): Illuminate/Database/Connection->runQueryCallback('select * from `...', Array, Object(Closure))
#1 D:/0_Project_VS_Code/3. Sistem Basis Data/TB-K1-Database/lapak_gaming/vendor/laravel/framework/src/Illuminate/Database/Connection.php(1000): Illuminate/Database/Connection->tryAgainIfCausedByLostConnection(Object(Illuminate/Database/QueryException), 'select * from `...', Array, Object(Closure))
#2 D:/0_Project_VS_Code/3. Sistem Basis Data/TB-K1-Database/lapak_gaming/vendor/laravel/framework/src/Illuminate/Database/Connection.php(799): Illuminate/Database/Connection->handleQueryException(Object(Illuminate/Database/QueryException), 'select * from `...', Array, Object(Closure))
#3 D:/0_Project_VS_Code/3. Sistem Basis Data/TB-K1-Database/lapak_gaming/vendor/laravel/framework/src/Illuminate/Database/Connection.php(412): Illuminate/Database/Connection->run('select * from `...', Array, Object(Closure))
#4 D:/0_Project_VS_Code/3. Sistem Basis Data/TB-K1-Database/lapak_gaming/vendor/laravel/framework/src/Illuminate/Database/Query/Builder.php(3562): Illuminate/Database/Connection->select('select * from `...', Array, true, Array)
#5 D:/0_Project_VS_Code/3. Sistem Basis Data/TB-K1-Database/lapak_gaming/vendor/laravel/framework/src/Illuminate/Database/Query/Builder.php(3546): Illuminate/Database/Query/Builder->runSelect()
#6 D:/0_Project_VS_Code/3. Sistem Basis Data/TB-K1-Database/lapak_gaming/vendor/laravel/framework/src/Illuminate/Cache/DatabaseStore.php(142): Illuminate/Database/Query/Builder->get()
#7 D:/0_Project_VS_Code/3. Sistem Basis Data/TB-K1-Database/lapak_gaming/vendor/laravel/framework/src/Illuminate/Cache/DatabaseStore.php(117): Illuminate/Cache/DatabaseStore->many(Array)
#8 D:/0_Project_VS_Code/3. Sistem Basis Data/TB-K1-Database/lapak_gaming/vendor/laravel/framework/src/Illuminate/Cache/Repository.php(124): Illuminate/Cache/DatabaseStore->get('illuminate:queu...')
#9 D:/0_Project_VS_Code/3. Sistem Basis Data/TB-K1-Database/lapak_gaming/vendor/laravel/framework/src/Illuminate/Queue/QueueManager.php(282): Illuminate/Cache/Repository->get('illuminate:queu...', false)
#10 D:/0_Project_VS_Code/3. Sistem Basis Data/TB-K1-Database/lapak_gaming/vendor/laravel/framework/src/Illuminate/Queue/Worker.php(428): Illuminate/Queue/QueueManager->isPaused('database', 'default')
#11 D:/0_Project_VS_Code/3. Sistem Basis Data/TB-K1-Database/lapak_gaming/vendor/laravel/framework/src/Illuminate/Queue/Worker.php(396): Illuminate/Queue/Worker->queuePaused('database', 'default')
#12 D:/0_Project_VS_Code/3. Sistem Basis Data/TB-K1-Database/lapak_gaming/vendor/laravel/framework/src/Illuminate/Queue/Worker.php(357): Illuminate/Queue/Worker->getNextJob(Object(Illuminate/Queue/DatabaseQueue), 'default')
#13 D:/0_Project_VS_Code/3. Sistem Basis Data/TB-K1-Database/lapak_gaming/vendor/laravel/framework/src/Illuminate/Queue/Console/WorkCommand.php(148): Illuminate/Queue/Worker->runNextJob('database', 'default', Object(Illuminate/Queue/WorkerOptions))
#14 D:/0_Project_VS_Code/3. Sistem Basis Data/TB-K1-Database/lapak_gaming/vendor/laravel/framework/src/Illuminate/Queue/Console/WorkCommand.php(131): Illuminate/Queue/Console/WorkCommand->runWorker('database', 'default')
#15 D:/0_Project_VS_Code/3. Sistem Basis Data/TB-K1-Database/lapak_gaming/vendor/laravel/framework/src/Illuminate/Container/BoundMethod.php(36): Illuminate/Queue/Console/WorkCommand->handle()
#16 D:/0_Project_VS_Code/3. Sistem Basis Data/TB-K1-Database/lapak_gaming/vendor/laravel/framework/src/Illuminate/Container/Util.php(43): Illuminate/Container/BoundMethod::{closure:Illuminate/Container/BoundMethod::call():35}()
#17 D:/0_Project_VS_Code/3. Sistem Basis Data/TB-K1-Database/lapak_gaming/vendor/laravel/framework/src/Illuminate/Container/BoundMethod.php(96): Illuminate/Container/Util::unwrapIfClosure(Object(Closure))
#18 D:/0_Project_VS_Code/3. Sistem Basis Data/TB-K1-Database/lapak_gaming/vendor/laravel/framework/src/Illuminate/Container/BoundMethod.php(35): Illuminate/Container/BoundMethod::callBoundMethod(Object(Illuminate/Foundation/Application), Array, Object(Closure))
#19 D:/0_Project_VS_Code/3. Sistem Basis Data/TB-K1-Database/lapak_gaming/vendor/laravel/framework/src/Illuminate/Container/Container.php(799): Illuminate/Container/BoundMethod::call(Object(Illuminate/Foundation/Application), Array, Array, NULL)
#20 D:/0_Project_VS_Code/3. Sistem Basis Data/TB-K1-Database/lapak_gaming/vendor/laravel/framework/src/Illuminate/Console/Command.php(280): Illuminate/Container/Container->call(Array)
#21 D:/0_Project_VS_Code/3. Sistem Basis Data/TB-K1-Database/lapak_gaming/vendor/symfony/console/Command/Command.php(291): Illuminate/Console/Command->execute(Object(Symfony/Component/Console/Input/ArgvInput), Object(Illuminate/Console/OutputStyle))
#22 D:/0_Project_VS_Code/3. Sistem Basis Data/TB-K1-Database/lapak_gaming/vendor/laravel/framework/src/Illuminate/Console/Command.php(249): Symfony/Component/Console/Command/Command->run(Object(Symfony/Component/Console/Input/ArgvInput), Object(Illuminate/Console/OutputStyle))
#23 D:/0_Project_VS_Code/3. Sistem Basis Data/TB-K1-Database/lapak_gaming/vendor/symfony/console/Application.php(1107): Illuminate/Console/Command->run(Object(Symfony/Component/Console/Input/ArgvInput), Object(Symfony/Component/Console/Output/ConsoleOutput))
#24 D:/0_Project_VS_Code/3. Sistem Basis Data/TB-K1-Database/lapak_gaming/vendor/symfony/console/Application.php(356): Symfony/Component/Console/Application->doRunCommand(Object(Illuminate/Queue/Console/WorkCommand), Object(Symfony/Component/Console/Input/ArgvInput), Object(Symfony/Component/Console/Output/ConsoleOutput))
#25 D:/0_Project_VS_Code/3. Sistem Basis Data/TB-K1-Database/lapak_gaming/vendor/symfony/console/Application.php(195): Symfony/Component/Console/Application->doRun(Object(Symfony/Component/Console/Input/ArgvInput), Object(Symfony/Component/Console/Output/ConsoleOutput))
#26 D:/0_Project_VS_Code/3. Sistem Basis Data/TB-K1-Database/lapak_gaming/vendor/laravel/framework/src/Illuminate/Foundation/Console/Kernel.php(198): Symfony/Component/Console/Application->run(Object(Symfony/Component/Console/Input/ArgvInput), Object(Symfony/Component/Console/Output/ConsoleOutput))
#27 D:/0_Project_VS_Code/3. Sistem Basis Data/TB-K1-Database/lapak_gaming/vendor/laravel/framework/src/Illuminate/Foundation/Application.php(1235): Illuminate/Foundation/Console/Kernel->handle(Object(Symfony/Component/Console/Input/ArgvInput), Object(Symfony/Component/Console/Output/ConsoleOutput))
#28 D:/0_Project_VS_Code/3. Sistem Basis Data/TB-K1-Database/lapak_gaming/artisan(16): Illuminate/Foundation/Application->handleCommand(Object(Symfony/Component/Console/Input/ArgvInput))
#29 {main}

[previous exception] [object] (PDOException(code: 2002): SQLSTATE[HY000] [2002] No connection could be made because the target machine actively refused it at D:/0_Project_VS_Code/3. Sistem Basis Data/TB-K1-Database/lapak_gaming/vendor/laravel/framework/src/Illuminate/Database/Connectors/Connector.php:67)
[stacktrace]
#0 D:/0_Project_VS_Code/3. Sistem Basis Data/TB-K1-Database/lapak_gaming/vendor/laravel/framework/src/Illuminate/Database/Connectors/Connector.php(67): PDO::connect('mysql:host=127....', 'root', Object(SensitiveParameterValue), Array)
#1 D:/0_Project_VS_Code/3. Sistem Basis Data/TB-K1-Database/lapak_gaming/vendor/laravel/framework/src/Illuminate/Database/Connectors/Connector.php(85): Illuminate/Database/Connectors/Connector->createPdoConnection('mysql:host=127....', 'root', Object(SensitiveParameterValue), Array)
#2 D:/0_Project_VS_Code/3. Sistem Basis Data/TB-K1-Database/lapak_gaming/vendor/laravel/framework/src/Illuminate/Database/Connectors/Connector.php(48): Illuminate/Database/Connectors/Connector->tryAgainIfCausedByLostConnection(Object(PDOException), 'mysql:host=127....', 'root', Object(SensitiveParameterValue), Array)
#3 D:/0_Project_VS_Code/3. Sistem Basis Data/TB-K1-Database/lapak_gaming/vendor/laravel/framework/src/Illuminate/Database/Connectors/MySqlConnector.php(24): Illuminate/Database/Connectors/Connector->createConnection('mysql:host=127....', Array, Array)
#4 D:/0_Project_VS_Code/3. Sistem Basis Data/TB-K1-Database/lapak_gaming/vendor/laravel/framework/src/Illuminate/Database/Connectors/ConnectionFactory.php(186): Illuminate/Database/Connectors/MySqlConnector->connect(Array)
#5 [internal function]: Illuminate/Database/Connectors/ConnectionFactory->{closure:Illuminate/Database/Connectors/ConnectionFactory::createPdoResolverWithHosts():181}()
#6 D:/0_Project_VS_Code/3. Sistem Basis Data/TB-K1-Database/lapak_gaming/vendor/laravel/framework/src/Illuminate/Database/Connection.php(1279): call_user_func(Object(Closure))
#7 D:/0_Project_VS_Code/3. Sistem Basis Data/TB-K1-Database/lapak_gaming/vendor/laravel/framework/src/Illuminate/Database/Connection.php(1317): Illuminate/Database/Connection->getPdo()
#8 D:/0_Project_VS_Code/3. Sistem Basis Data/TB-K1-Database/lapak_gaming/vendor/laravel/framework/src/Illuminate/Database/Connection.php(528): Illuminate/Database/Connection->getReadPdo()
#9 D:/0_Project_VS_Code/3. Sistem Basis Data/TB-K1-Database/lapak_gaming/vendor/laravel/framework/src/Illuminate/Database/Connection.php(421): Illuminate/Database/Connection->getPdoForSelect(true)
#10 D:/0_Project_VS_Code/3. Sistem Basis Data/TB-K1-Database/lapak_gaming/vendor/laravel/framework/src/Illuminate/Database/Connection.php(830): Illuminate/Database/Connection->{closure:Illuminate/Database/Connection::select():412}('select * from `...', Array)
#11 D:/0_Project_VS_Code/3. Sistem Basis Data/TB-K1-Database/lapak_gaming/vendor/laravel/framework/src/Illuminate/Database/Connection.php(1021): Illuminate/Database/Connection->runQueryCallback('select * from `...', Array, Object(Closure))
#12 D:/0_Project_VS_Code/3. Sistem Basis Data/TB-K1-Database/lapak_gaming/vendor/laravel/framework/src/Illuminate/Database/Connection.php(1000): Illuminate/Database/Connection->tryAgainIfCausedByLostConnection(Object(Illuminate/Database/QueryException), 'select * from `...', Array, Object(Closure))
#13 D:/0_Project_VS_Code/3. Sistem Basis Data/TB-K1-Database/lapak_gaming/vendor/laravel/framework/src/Illuminate/Database/Connection.php(799): Illuminate/Database/Connection->handleQueryException(Object(Illuminate/Database/QueryException), 'select * from `...', Array, Object(Closure))
#14 D:/0_Project_VS_Code/3. Sistem Basis Data/TB-K1-Database/lapak_gaming/vendor/laravel/framework/src/Illuminate/Database/Connection.php(412): Illuminate/Database/Connection->run('select * from `...', Array, Object(Closure))
#15 D:/0_Project_VS_Code/3. Sistem Basis Data/TB-K1-Database/lapak_gaming/vendor/laravel/framework/src/Illuminate/Database/Query/Builder.php(3562): Illuminate/Database/Connection->select('select * from `...', Array, true, Array)
#16 D:/0_Project_VS_Code/3. Sistem Basis Data/TB-K1-Database/lapak_gaming/vendor/laravel/framework/src/Illuminate/Database/Query/Builder.php(3546): Illuminate/Database/Query/Builder->runSelect()
#17 D:/0_Project_VS_Code/3. Sistem Basis Data/TB-K1-Database/lapak_gaming/vendor/laravel/framework/src/Illuminate/Cache/DatabaseStore.php(142): Illuminate/Database/Query/Builder->get()
#18 D:/0_Project_VS_Code/3. Sistem Basis Data/TB-K1-Database/lapak_gaming/vendor/laravel/framework/src/Illuminate/Cache/DatabaseStore.php(117): Illuminate/Cache/DatabaseStore->many(Array)
#19 D:/0_Project_VS_Code/3. Sistem Basis Data/TB-K1-Database/lapak_gaming/vendor/laravel/framework/src/Illuminate/Cache/Repository.php(124): Illuminate/Cache/DatabaseStore->get('illuminate:queu...')
#20 D:/0_Project_VS_Code/3. Sistem Basis Data/TB-K1-Database/lapak_gaming/vendor/laravel/framework/src/Illuminate/Queue/QueueManager.php(282): Illuminate/Cache/Repository->get('illuminate:queu...', false)
#21 D:/0_Project_VS_Code/3. Sistem Basis Data/TB-K1-Database/lapak_gaming/vendor/laravel/framework/src/Illuminate/Queue/Worker.php(428): Illuminate/Queue/QueueManager->isPaused('database', 'default')
#22 D:/0_Project_VS_Code/3. Sistem Basis Data/TB-K1-Database/lapak_gaming/vendor/laravel/framework/src/Illuminate/Queue/Worker.php(396): Illuminate/Queue/Worker->queuePaused('database', 'default')
#23 D:/0_Project_VS_Code/3. Sistem Basis Data/TB-K1-Database/lapak_gaming/vendor/laravel/framework/src/Illuminate/Queue/Worker.php(357): Illuminate/Queue/Worker->getNextJob(Object(Illuminate/Queue/DatabaseQueue), 'default')
#24 D:/0_Project_VS_Code/3. Sistem Basis Data/TB-K1-Database/lapak_gaming/vendor/laravel/framework/src/Illuminate/Queue/Console/WorkCommand.php(148): Illuminate/Queue/Worker->runNextJob('database', 'default', Object(Illuminate/Queue/WorkerOptions))
#25 D:/0_Project_VS_Code/3. Sistem Basis Data/TB-K1-Database/lapak_gaming/vendor/laravel/framework/src/Illuminate/Queue/Console/WorkCommand.php(131): Illuminate/Queue/Console/WorkCommand->runWorker('database', 'default')
#26 D:/0_Project_VS_Code/3. Sistem Basis Data/TB-K1-Database/lapak_gaming/vendor/laravel/framework/src/Illuminate/Container/BoundMethod.php(36): Illuminate/Queue/Console/WorkCommand->handle()
#27 D:/0_Project_VS_Code/3. Sistem Basis Data/TB-K1-Database/lapak_gaming/vendor/laravel/framework/src/Illuminate/Container/Util.php(43): Illuminate/Container/BoundMethod::{closure:Illuminate/Container/BoundMethod::call():35}()
#28 D:/0_Project_VS_Code/3. Sistem Basis Data/TB-K1-Database/lapak_gaming/vendor/laravel/framework/src/Illuminate/Container/BoundMethod.php(96): Illuminate/Container/Util::unwrapIfClosure(Object(Closure))
#29 D:/0_Project_VS_Code/3. Sistem Basis Data/TB-K1-Database/lapak_gaming/vendor/laravel/framework/src/Illuminate/Container/BoundMethod.php(35): Illuminate/Container/BoundMethod::callBoundMethod(Object(Illuminate/Foundation/Application), Array, Object(Closure))
#30 D:/0_Project_VS_Code/3. Sistem Basis Data/TB-K1-Database/lapak_gaming/vendor/laravel/framework/src/Illuminate/Container/Container.php(799): Illuminate/Container/BoundMethod::call(Object(Illuminate/Foundation/Application), Array, Array, NULL)
#31 D:/0_Project_VS_Code/3. Sistem Basis Data/TB-K1-Database/lapak_gaming/vendor/laravel/framework/src/Illuminate/Console/Command.php(280): Illuminate/Container/Container->call(Array)
#32 D:/0_Project_VS_Code/3. Sistem Basis Data/TB-K1-Database/lapak_gaming/vendor/symfony/console/Command/Command.php(291): Illuminate/Console/Command->execute(Object(Symfony/Component/Console/Input/ArgvInput), Object(Illuminate/Console/OutputStyle))
#33 D:/0_Project_VS_Code/3. Sistem Basis Data/TB-K1-Database/lapak_gaming/vendor/laravel/framework/src/Illuminate/Console/Command.php(249): Symfony/Component/Console/Command/Command->run(Object(Symfony/Component/Console/Input/ArgvInput), Object(Illuminate/Console/OutputStyle))
#34 D:/0_Project_VS_Code/3. Sistem Basis Data/TB-K1-Database/lapak_gaming/vendor/symfony/console/Application.php(1107): Illuminate/Console/Command->run(Object(Symfony/Component/Console/Input/ArgvInput), Object(Symfony/Component/Console/Output/ConsoleOutput))
#35 D:/0_Project_VS_Code/3. Sistem Basis Data/TB-K1-Database/lapak_gaming/vendor/symfony/console/Application.php(356): Symfony/Component/Console/Application->doRunCommand(Object(Illuminate/Queue/Console/WorkCommand), Object(Symfony/Component/Console/Input/ArgvInput), Object(Symfony/Component/Console/Output/ConsoleOutput))
#36 D:/0_Project_VS_Code/3. Sistem Basis Data/TB-K1-Database/lapak_gaming/vendor/symfony/console/Application.php(195): Symfony/Component/Console/Application->doRun(Object(Symfony/Component/Console/Input/ArgvInput), Object(Symfony/Component/Console/Output/ConsoleOutput))
#37 D:/0_Project_VS_Code/3. Sistem Basis Data/TB-K1-Database/lapak_gaming/vendor/laravel/framework/src/Illuminate/Foundation/Console/Kernel.php(198): Symfony/Component/Console/Application->run(Object(Symfony/Component/Console/Input/ArgvInput), Object(Symfony/Component/Console/Output/ConsoleOutput))
#38 D:/0_Project_VS_Code/3. Sistem Basis Data/TB-K1-Database/lapak_gaming/vendor/laravel/framework/src/Illuminate/Foundation/Application.php(1235): Illuminate/Foundation/Console/Kernel->handle(Object(Symfony/Component/Console/Input/ArgvInput), Object(Symfony/Component/Console/Output/ConsoleOutput))
#39 D:/0_Project_VS_Code/3. Sistem Basis Data/TB-K1-Database/lapak_gaming/artisan(16): Illuminate/Foundation/Application->handleCommand(Object(Symfony/Component/Console/Input/ArgvInput))
#40 {main}
"} 
[2026-04-01 06:19:37] local.ERROR: SQLSTATE[HY000] [2002] No connection could be made because the target machine actively refused it (Connection: mysql, Host: 127.0.0.1, Port: 3306, Database: lapak_gaming, SQL: select * from `cache` where `key` in (laravel-cache-illuminate:queue:paused:database:default)) {"exception":"[object] (Illuminate\\Database\\QueryException(code: 2002): SQLSTATE[HY000] [2002] No connection could be made because the target machine actively refused it (Connection: mysql, Host: 127.0.0.1, Port: 3306, Database: lapak_gaming, SQL: select * from `cache` where `key` in (laravel-cache-illuminate:queue:paused:database:default)) at D:/0_Project_VS_Code/3. Sistem Basis Data/TB-K1-Database/lapak_gaming/vendor/laravel/framework/src/Illuminate/Database/Connection.php:841)
[stacktrace]
#0 D:/0_Project_VS_Code/3. Sistem Basis Data/TB-K1-Database/lapak_gaming/vendor/laravel/framework/src/Illuminate/Database/Connection.php(1021): Illuminate/Database/Connection->runQueryCallback('select * from `...', Array, Object(Closure))
#1 D:/0_Project_VS_Code/3. Sistem Basis Data/TB-K1-Database/lapak_gaming/vendor/laravel/framework/src/Illuminate/Database/Connection.php(1000): Illuminate/Database/Connection->tryAgainIfCausedByLostConnection(Object(Illuminate/Database/QueryException), 'select * from `...', Array, Object(Closure))
#2 D:/0_Project_VS_Code/3. Sistem Basis Data/TB-K1-Database/lapak_gaming/vendor/laravel/framework/src/Illuminate/Database/Connection.php(799): Illuminate/Database/Connection->handleQueryException(Object(Illuminate/Database/QueryException), 'select * from `...', Array, Object(Closure))
#3 D:/0_Project_VS_Code/3. Sistem Basis Data/TB-K1-Database/lapak_gaming/vendor/laravel/framework/src/Illuminate/Database/Connection.php(412): Illuminate/Database/Connection->run('select * from `...', Array, Object(Closure))
#4 D:/0_Project_VS_Code/3. Sistem Basis Data/TB-K1-Database/lapak_gaming/vendor/laravel/framework/src/Illuminate/Database/Query/Builder.php(3562): Illuminate/Database/Connection->select('select * from `...', Array, true, Array)
#5 D:/0_Project_VS_Code/3. Sistem Basis Data/TB-K1-Database/lapak_gaming/vendor/laravel/framework/src/Illuminate/Database/Query/Builder.php(3546): Illuminate/Database/Query/Builder->runSelect()
#6 D:/0_Project_VS_Code/3. Sistem Basis Data/TB-K1-Database/lapak_gaming/vendor/laravel/framework/src/Illuminate/Cache/DatabaseStore.php(142): Illuminate/Database/Query/Builder->get()
#7 D:/0_Project_VS_Code/3. Sistem Basis Data/TB-K1-Database/lapak_gaming/vendor/laravel/framework/src/Illuminate/Cache/DatabaseStore.php(117): Illuminate/Cache/DatabaseStore->many(Array)
#8 D:/0_Project_VS_Code/3. Sistem Basis Data/TB-K1-Database/lapak_gaming/vendor/laravel/framework/src/Illuminate/Cache/Repository.php(124): Illuminate/Cache/DatabaseStore->get('illuminate:queu...')
#9 D:/0_Project_VS_Code/3. Sistem Basis Data/TB-K1-Database/lapak_gaming/vendor/laravel/framework/src/Illuminate/Queue/QueueManager.php(282): Illuminate/Cache/Repository->get('illuminate:queu...', false)
#10 D:/0_Project_VS_Code/3. Sistem Basis Data/TB-K1-Database/lapak_gaming/vendor/laravel/framework/src/Illuminate/Queue/Worker.php(428): Illuminate/Queue/QueueManager->isPaused('database', 'default')
#11 D:/0_Project_VS_Code/3. Sistem Basis Data/TB-K1-Database/lapak_gaming/vendor/laravel/framework/src/Illuminate/Queue/Worker.php(396): Illuminate/Queue/Worker->queuePaused('database', 'default')
#12 D:/0_Project_VS_Code/3. Sistem Basis Data/TB-K1-Database/lapak_gaming/vendor/laravel/framework/src/Illuminate/Queue/Worker.php(357): Illuminate/Queue/Worker->getNextJob(Object(Illuminate/Queue/DatabaseQueue), 'default')
#13 D:/0_Project_VS_Code/3. Sistem Basis Data/TB-K1-Database/lapak_gaming/vendor/laravel/framework/src/Illuminate/Queue/Console/WorkCommand.php(148): Illuminate/Queue/Worker->runNextJob('database', 'default', Object(Illuminate/Queue/WorkerOptions))
#14 D:/0_Project_VS_Code/3. Sistem Basis Data/TB-K1-Database/lapak_gaming/vendor/laravel/framework/src/Illuminate/Queue/Console/WorkCommand.php(131): Illuminate/Queue/Console/WorkCommand->runWorker('database', 'default')
#15 D:/0_Project_VS_Code/3. Sistem Basis Data/TB-K1-Database/lapak_gaming/vendor/laravel/framework/src/Illuminate/Container/BoundMethod.php(36): Illuminate/Queue/Console/WorkCommand->handle()
#16 D:/0_Project_VS_Code/3. Sistem Basis Data/TB-K1-Database/lapak_gaming/vendor/laravel/framework/src/Illuminate/Container/Util.php(43): Illuminate/Container/BoundMethod::{closure:Illuminate/Container/BoundMethod::call():35}()
#17 D:/0_Project_VS_Code/3. Sistem Basis Data/TB-K1-Database/lapak_gaming/vendor/laravel/framework/src/Illuminate/Container/BoundMethod.php(96): Illuminate/Container/Util::unwrapIfClosure(Object(Closure))
#18 D:/0_Project_VS_Code/3. Sistem Basis Data/TB-K1-Database/lapak_gaming/vendor/laravel/framework/src/Illuminate/Container/BoundMethod.php(35): Illuminate/Container/BoundMethod::callBoundMethod(Object(Illuminate/Foundation/Application), Array, Object(Closure))
#19 D:/0_Project_VS_Code/3. Sistem Basis Data/TB-K1-Database/lapak_gaming/vendor/laravel/framework/src/Illuminate/Container/Container.php(799): Illuminate/Container/BoundMethod::call(Object(Illuminate/Foundation/Application), Array, Array, NULL)
#20 D:/0_Project_VS_Code/3. Sistem Basis Data/TB-K1-Database/lapak_gaming/vendor/laravel/framework/src/Illuminate/Console/Command.php(280): Illuminate/Container/Container->call(Array)
#21 D:/0_Project_VS_Code/3. Sistem Basis Data/TB-K1-Database/lapak_gaming/vendor/symfony/console/Command/Command.php(291): Illuminate/Console/Command->execute(Object(Symfony/Component/Console/Input/ArgvInput), Object(Illuminate/Console/OutputStyle))
#22 D:/0_Project_VS_Code/3. Sistem Basis Data/TB-K1-Database/lapak_gaming/vendor/laravel/framework/src/Illuminate/Console/Command.php(249): Symfony/Component/Console/Command/Command->run(Object(Symfony/Component/Console/Input/ArgvInput), Object(Illuminate/Console/OutputStyle))
#23 D:/0_Project_VS_Code/3. Sistem Basis Data/TB-K1-Database/lapak_gaming/vendor/symfony/console/Application.php(1107): Illuminate/Console/Command->run(Object(Symfony/Component/Console/Input/ArgvInput), Object(Symfony/Component/Console/Output/ConsoleOutput))
#24 D:/0_Project_VS_Code/3. Sistem Basis Data/TB-K1-Database/lapak_gaming/vendor/symfony/console/Application.php(356): Symfony/Component/Console/Application->doRunCommand(Object(Illuminate/Queue/Console/WorkCommand), Object(Symfony/Component/Console/Input/ArgvInput), Object(Symfony/Component/Console/Output/ConsoleOutput))
#25 D:/0_Project_VS_Code/3. Sistem Basis Data/TB-K1-Database/lapak_gaming/vendor/symfony/console/Application.php(195): Symfony/Component/Console/Application->doRun(Object(Symfony/Component/Console/Input/ArgvInput), Object(Symfony/Component/Console/Output/ConsoleOutput))
#26 D:/0_Project_VS_Code/3. Sistem Basis Data/TB-K1-Database/lapak_gaming/vendor/laravel/framework/src/Illuminate/Foundation/Console/Kernel.php(198): Symfony/Component/Console/Application->run(Object(Symfony/Component/Console/Input/ArgvInput), Object(Symfony/Component/Console/Output/ConsoleOutput))
#27 D:/0_Project_VS_Code/3. Sistem Basis Data/TB-K1-Database/lapak_gaming/vendor/laravel/framework/src/Illuminate/Foundation/Application.php(1235): Illuminate/Foundation/Console/Kernel->handle(Object(Symfony/Component/Console/Input/ArgvInput), Object(Symfony/Component/Console/Output/ConsoleOutput))
#28 D:/0_Project_VS_Code/3. Sistem Basis Data/TB-K1-Database/lapak_gaming/artisan(16): Illuminate/Foundation/Application->handleCommand(Object(Symfony/Component/Console/Input/ArgvInput))
#29 {main}

[previous exception] [object] (PDOException(code: 2002): SQLSTATE[HY000] [2002] No connection could be made because the target machine actively refused it at D:/0_Project_VS_Code/3. Sistem Basis Data/TB-K1-Database/lapak_gaming/vendor/laravel/framework/src/Illuminate/Database/Connectors/Connector.php:67)
[stacktrace]
#0 D:/0_Project_VS_Code/3. Sistem Basis Data/TB-K1-Database/lapak_gaming/vendor/laravel/framework/src/Illuminate/Database/Connectors/Connector.php(67): PDO::connect('mysql:host=127....', 'root', Object(SensitiveParameterValue), Array)
#1 D:/0_Project_VS_Code/3. Sistem Basis Data/TB-K1-Database/lapak_gaming/vendor/laravel/framework/src/Illuminate/Database/Connectors/Connector.php(85): Illuminate/Database/Connectors/Connector->createPdoConnection('mysql:host=127....', 'root', Object(SensitiveParameterValue), Array)
#2 D:/0_Project_VS_Code/3. Sistem Basis Data/TB-K1-Database/lapak_gaming/vendor/laravel/framework/src/Illuminate/Database/Connectors/Connector.php(48): Illuminate/Database/Connectors/Connector->tryAgainIfCausedByLostConnection(Object(PDOException), 'mysql:host=127....', 'root', Object(SensitiveParameterValue), Array)
#3 D:/0_Project_VS_Code/3. Sistem Basis Data/TB-K1-Database/lapak_gaming/vendor/laravel/framework/src/Illuminate/Database/Connectors/MySqlConnector.php(24): Illuminate/Database/Connectors/Connector->createConnection('mysql:host=127....', Array, Array)
#4 D:/0_Project_VS_Code/3. Sistem Basis Data/TB-K1-Database/lapak_gaming/vendor/laravel/framework/src/Illuminate/Database/Connectors/ConnectionFactory.php(186): Illuminate/Database/Connectors/MySqlConnector->connect(Array)
#5 [internal function]: Illuminate/Database/Connectors/ConnectionFactory->{closure:Illuminate/Database/Connectors/ConnectionFactory::createPdoResolverWithHosts():181}()
#6 D:/0_Project_VS_Code/3. Sistem Basis Data/TB-K1-Database/lapak_gaming/vendor/laravel/framework/src/Illuminate/Database/Connection.php(1279): call_user_func(Object(Closure))
#7 D:/0_Project_VS_Code/3. Sistem Basis Data/TB-K1-Database/lapak_gaming/vendor/laravel/framework/src/Illuminate/Database/Connection.php(1317): Illuminate/Database/Connection->getPdo()
#8 D:/0_Project_VS_Code/3. Sistem Basis Data/TB-K1-Database/lapak_gaming/vendor/laravel/framework/src/Illuminate/Database/Connection.php(528): Illuminate/Database/Connection->getReadPdo()
#9 D:/0_Project_VS_Code/3. Sistem Basis Data/TB-K1-Database/lapak_gaming/vendor/laravel/framework/src/Illuminate/Database/Connection.php(421): Illuminate/Database/Connection->getPdoForSelect(true)
#10 D:/0_Project_VS_Code/3. Sistem Basis Data/TB-K1-Database/lapak_gaming/vendor/laravel/framework/src/Illuminate/Database/Connection.php(830): Illuminate/Database/Connection->{closure:Illuminate/Database/Connection::select():412}('select * from `...', Array)
#11 D:/0_Project_VS_Code/3. Sistem Basis Data/TB-K1-Database/lapak_gaming/vendor/laravel/framework/src/Illuminate/Database/Connection.php(1021): Illuminate/Database/Connection->runQueryCallback('select * from `...', Array, Object(Closure))
#12 D:/0_Project_VS_Code/3. Sistem Basis Data/TB-K1-Database/lapak_gaming/vendor/laravel/framework/src/Illuminate/Database/Connection.php(1000): Illuminate/Database/Connection->tryAgainIfCausedByLostConnection(Object(Illuminate/Database/QueryException), 'select * from `...', Array, Object(Closure))
#13 D:/0_Project_VS_Code/3. Sistem Basis Data/TB-K1-Database/lapak_gaming/vendor/laravel/framework/src/Illuminate/Database/Connection.php(799): Illuminate/Database/Connection->handleQueryException(Object(Illuminate/Database/QueryException), 'select * from `...', Array, Object(Closure))
#14 D:/0_Project_VS_Code/3. Sistem Basis Data/TB-K1-Database/lapak_gaming/vendor/laravel/framework/src/Illuminate/Database/Connection.php(412): Illuminate/Database/Connection->run('select * from `...', Array, Object(Closure))
#15 D:/0_Project_VS_Code/3. Sistem Basis Data/TB-K1-Database/lapak_gaming/vendor/laravel/framework/src/Illuminate/Database/Query/Builder.php(3562): Illuminate/Database/Connection->select('select * from `...', Array, true, Array)
#16 D:/0_Project_VS_Code/3. Sistem Basis Data/TB-K1-Database/lapak_gaming/vendor/laravel/framework/src/Illuminate/Database/Query/Builder.php(3546): Illuminate/Database/Query/Builder->runSelect()
#17 D:/0_Project_VS_Code/3. Sistem Basis Data/TB-K1-Database/lapak_gaming/vendor/laravel/framework/src/Illuminate/Cache/DatabaseStore.php(142): Illuminate/Database/Query/Builder->get()
#18 D:/0_Project_VS_Code/3. Sistem Basis Data/TB-K1-Database/lapak_gaming/vendor/laravel/framework/src/Illuminate/Cache/DatabaseStore.php(117): Illuminate/Cache/DatabaseStore->many(Array)
#19 D:/0_Project_VS_Code/3. Sistem Basis Data/TB-K1-Database/lapak_gaming/vendor/laravel/framework/src/Illuminate/Cache/Repository.php(124): Illuminate/Cache/DatabaseStore->get('illuminate:queu...')
#20 D:/0_Project_VS_Code/3. Sistem Basis Data/TB-K1-Database/lapak_gaming/vendor/laravel/framework/src/Illuminate/Queue/QueueManager.php(282): Illuminate/Cache/Repository->get('illuminate:queu...', false)
#21 D:/0_Project_VS_Code/3. Sistem Basis Data/TB-K1-Database/lapak_gaming/vendor/laravel/framework/src/Illuminate/Queue/Worker.php(428): Illuminate/Queue/QueueManager->isPaused('database', 'default')
#22 D:/0_Project_VS_Code/3. Sistem Basis Data/TB-K1-Database/lapak_gaming/vendor/laravel/framework/src/Illuminate/Queue/Worker.php(396): Illuminate/Queue/Worker->queuePaused('database', 'default')
#23 D:/0_Project_VS_Code/3. Sistem Basis Data/TB-K1-Database/lapak_gaming/vendor/laravel/framework/src/Illuminate/Queue/Worker.php(357): Illuminate/Queue/Worker->getNextJob(Object(Illuminate/Queue/DatabaseQueue), 'default')
#24 D:/0_Project_VS_Code/3. Sistem Basis Data/TB-K1-Database/lapak_gaming/vendor/laravel/framework/src/Illuminate/Queue/Console/WorkCommand.php(148): Illuminate/Queue/Worker->runNextJob('database', 'default', Object(Illuminate/Queue/WorkerOptions))
#25 D:/0_Project_VS_Code/3. Sistem Basis Data/TB-K1-Database/lapak_gaming/vendor/laravel/framework/src/Illuminate/Queue/Console/WorkCommand.php(131): Illuminate/Queue/Console/WorkCommand->runWorker('database', 'default')
#26 D:/0_Project_VS_Code/3. Sistem Basis Data/TB-K1-Database/lapak_gaming/vendor/laravel/framework/src/Illuminate/Container/BoundMethod.php(36): Illuminate/Queue/Console/WorkCommand->handle()
#27 D:/0_Project_VS_Code/3. Sistem Basis Data/TB-K1-Database/lapak_gaming/vendor/laravel/framework/src/Illuminate/Container/Util.php(43): Illuminate/Container/BoundMethod::{closure:Illuminate/Container/BoundMethod::call():35}()
#28 D:/0_Project_VS_Code/3. Sistem Basis Data/TB-K1-Database/lapak_gaming/vendor/laravel/framework/src/Illuminate/Container/BoundMethod.php(96): Illuminate/Container/Util::unwrapIfClosure(Object(Closure))
#29 D:/0_Project_VS_Code/3. Sistem Basis Data/TB-K1-Database/lapak_gaming/vendor/laravel/framework/src/Illuminate/Container/BoundMethod.php(35): Illuminate/Container/BoundMethod::callBoundMethod(Object(Illuminate/Foundation/Application), Array, Object(Closure))
#30 D:/0_Project_VS_Code/3. Sistem Basis Data/TB-K1-Database/lapak_gaming/vendor/laravel/framework/src/Illuminate/Container/Container.php(799): Illuminate/Container/BoundMethod::call(Object(Illuminate/Foundation/Application), Array, Array, NULL)
#31 D:/0_Project_VS_Code/3. Sistem Basis Data/TB-K1-Database/lapak_gaming/vendor/laravel/framework/src/Illuminate/Console/Command.php(280): Illuminate/Container/Container->call(Array)
#32 D:/0_Project_VS_Code/3. Sistem Basis Data/TB-K1-Database/lapak_gaming/vendor/symfony/console/Command/Command.php(291): Illuminate/Console/Command->execute(Object(Symfony/Component/Console/Input/ArgvInput), Object(Illuminate/Console/OutputStyle))
#33 D:/0_Project_VS_Code/3. Sistem Basis Data/TB-K1-Database/lapak_gaming/vendor/laravel/framework/src/Illuminate/Console/Command.php(249): Symfony/Component/Console/Command/Command->run(Object(Symfony/Component/Console/Input/ArgvInput), Object(Illuminate/Console/OutputStyle))
#34 D:/0_Project_VS_Code/3. Sistem Basis Data/TB-K1-Database/lapak_gaming/vendor/symfony/console/Application.php(1107): Illuminate/Console/Command->run(Object(Symfony/Component/Console/Input/ArgvInput), Object(Symfony/Component/Console/Output/ConsoleOutput))
#35 D:/0_Project_VS_Code/3. Sistem Basis Data/TB-K1-Database/lapak_gaming/vendor/symfony/console/Application.php(356): Symfony/Component/Console/Application->doRunCommand(Object(Illuminate/Queue/Console/WorkCommand), Object(Symfony/Component/Console/Input/ArgvInput), Object(Symfony/Component/Console/Output/ConsoleOutput))
#36 D:/0_Project_VS_Code/3. Sistem Basis Data/TB-K1-Database/lapak_gaming/vendor/symfony/console/Application.php(195): Symfony/Component/Console/Application->doRun(Object(Symfony/Component/Console/Input/ArgvInput), Object(Symfony/Component/Console/Output/ConsoleOutput))
#37 D:/0_Project_VS_Code/3. Sistem Basis Data/TB-K1-Database/lapak_gaming/vendor/laravel/framework/src/Illuminate/Foundation/Console/Kernel.php(198): Symfony/Component/Console/Application->run(Object(Symfony/Component/Console/Input/ArgvInput), Object(Symfony/Component/Console/Output/ConsoleOutput))
#38 D:/0_Project_VS_Code/3. Sistem Basis Data/TB-K1-Database/lapak_gaming/vendor/laravel/framework/src/Illuminate/Foundation/Application.php(1235): Illuminate/Foundation/Console/Kernel->handle(Object(Symfony/Component/Console/Input/ArgvInput), Object(Symfony/Component/Console/Output/ConsoleOutput))
#39 D:/0_Project_VS_Code/3. Sistem Basis Data/TB-K1-Database/lapak_gaming/artisan(16): Illuminate/Foundation/Application->handleCommand(Object(Symfony/Component/Console/Input/ArgvInput))
#40 {main}
"} 
[2026-04-01 06:19:49] local.ERROR: SQLSTATE[HY000] [2002] No connection could be made because the target machine actively refused it (Connection: mysql, Host: 127.0.0.1, Port: 3306, Database: lapak_gaming, SQL: select * from `cache` where `key` in (laravel-cache-illuminate:queue:paused:database:default)) {"exception":"[object] (Illuminate\\Database\\QueryException(code: 2002): SQLSTATE[HY000] [2002] No connection could be made because the target machine actively refused it (Connection: mysql, Host: 127.0.0.1, Port: 3306, Database: lapak_gaming, SQL: select * from `cache` where `key` in (laravel-cache-illuminate:queue:paused:database:default)) at D:/0_Project_VS_Code/3. Sistem Basis Data/TB-K1-Database/lapak_gaming/vendor/laravel/framework/src/Illuminate/Database/Connection.php:841)
[stacktrace]
#0 D:/0_Project_VS_Code/3. Sistem Basis Data/TB-K1-Database/lapak_gaming/vendor/laravel/framework/src/Illuminate/Database/Connection.php(1021): Illuminate/Database/Connection->runQueryCallback('select * from `...', Array, Object(Closure))
#1 D:/0_Project_VS_Code/3. Sistem Basis Data/TB-K1-Database/lapak_gaming/vendor/laravel/framework/src/Illuminate/Database/Connection.php(1000): Illuminate/Database/Connection->tryAgainIfCausedByLostConnection(Object(Illuminate/Database/QueryException), 'select * from `...', Array, Object(Closure))
#2 D:/0_Project_VS_Code/3. Sistem Basis Data/TB-K1-Database/lapak_gaming/vendor/laravel/framework/src/Illuminate/Database/Connection.php(799): Illuminate/Database/Connection->handleQueryException(Object(Illuminate/Database/QueryException), 'select * from `...', Array, Object(Closure))
#3 D:/0_Project_VS_Code/3. Sistem Basis Data/TB-K1-Database/lapak_gaming/vendor/laravel/framework/src/Illuminate/Database/Connection.php(412): Illuminate/Database/Connection->run('select * from `...', Array, Object(Closure))
#4 D:/0_Project_VS_Code/3. Sistem Basis Data/TB-K1-Database/lapak_gaming/vendor/laravel/framework/src/Illuminate/Database/Query/Builder.php(3562): Illuminate/Database/Connection->select('select * from `...', Array, true, Array)
#5 D:/0_Project_VS_Code/3. Sistem Basis Data/TB-K1-Database/lapak_gaming/vendor/laravel/framework/src/Illuminate/Database/Query/Builder.php(3546): Illuminate/Database/Query/Builder->runSelect()
#6 D:/0_Project_VS_Code/3. Sistem Basis Data/TB-K1-Database/lapak_gaming/vendor/laravel/framework/src/Illuminate/Cache/DatabaseStore.php(142): Illuminate/Database/Query/Builder->get()
#7 D:/0_Project_VS_Code/3. Sistem Basis Data/TB-K1-Database/lapak_gaming/vendor/laravel/framework/src/Illuminate/Cache/DatabaseStore.php(117): Illuminate/Cache/DatabaseStore->many(Array)
#8 D:/0_Project_VS_Code/3. Sistem Basis Data/TB-K1-Database/lapak_gaming/vendor/laravel/framework/src/Illuminate/Cache/Repository.php(124): Illuminate/Cache/DatabaseStore->get('illuminate:queu...')
#9 D:/0_Project_VS_Code/3. Sistem Basis Data/TB-K1-Database/lapak_gaming/vendor/laravel/framework/src/Illuminate/Queue/QueueManager.php(282): Illuminate/Cache/Repository->get('illuminate:queu...', false)
#10 D:/0_Project_VS_Code/3. Sistem Basis Data/TB-K1-Database/lapak_gaming/vendor/laravel/framework/src/Illuminate/Queue/Worker.php(428): Illuminate/Queue/QueueManager->isPaused('database', 'default')
#11 D:/0_Project_VS_Code/3. Sistem Basis Data/TB-K1-Database/lapak_gaming/vendor/laravel/framework/src/Illuminate/Queue/Worker.php(396): Illuminate/Queue/Worker->queuePaused('database', 'default')
#12 D:/0_Project_VS_Code/3. Sistem Basis Data/TB-K1-Database/lapak_gaming/vendor/laravel/framework/src/Illuminate/Queue/Worker.php(357): Illuminate/Queue/Worker->getNextJob(Object(Illuminate/Queue/DatabaseQueue), 'default')
#13 D:/0_Project_VS_Code/3. Sistem Basis Data/TB-K1-Database/lapak_gaming/vendor/laravel/framework/src/Illuminate/Queue/Console/WorkCommand.php(148): Illuminate/Queue/Worker->runNextJob('database', 'default', Object(Illuminate/Queue/WorkerOptions))
#14 D:/0_Project_VS_Code/3. Sistem Basis Data/TB-K1-Database/lapak_gaming/vendor/laravel/framework/src/Illuminate/Queue/Console/WorkCommand.php(131): Illuminate/Queue/Console/WorkCommand->runWorker('database', 'default')
#15 D:/0_Project_VS_Code/3. Sistem Basis Data/TB-K1-Database/lapak_gaming/vendor/laravel/framework/src/Illuminate/Container/BoundMethod.php(36): Illuminate/Queue/Console/WorkCommand->handle()
#16 D:/0_Project_VS_Code/3. Sistem Basis Data/TB-K1-Database/lapak_gaming/vendor/laravel/framework/src/Illuminate/Container/Util.php(43): Illuminate/Container/BoundMethod::{closure:Illuminate/Container/BoundMethod::call():35}()
#17 D:/0_Project_VS_Code/3. Sistem Basis Data/TB-K1-Database/lapak_gaming/vendor/laravel/framework/src/Illuminate/Container/BoundMethod.php(96): Illuminate/Container/Util::unwrapIfClosure(Object(Closure))
#18 D:/0_Project_VS_Code/3. Sistem Basis Data/TB-K1-Database/lapak_gaming/vendor/laravel/framework/src/Illuminate/Container/BoundMethod.php(35): Illuminate/Container/BoundMethod::callBoundMethod(Object(Illuminate/Foundation/Application), Array, Object(Closure))
#19 D:/0_Project_VS_Code/3. Sistem Basis Data/TB-K1-Database/lapak_gaming/vendor/laravel/framework/src/Illuminate/Container/Container.php(799): Illuminate/Container/BoundMethod::call(Object(Illuminate/Foundation/Application), Array, Array, NULL)
#20 D:/0_Project_VS_Code/3. Sistem Basis Data/TB-K1-Database/lapak_gaming/vendor/laravel/framework/src/Illuminate/Console/Command.php(280): Illuminate/Container/Container->call(Array)
#21 D:/0_Project_VS_Code/3. Sistem Basis Data/TB-K1-Database/lapak_gaming/vendor/symfony/console/Command/Command.php(291): Illuminate/Console/Command->execute(Object(Symfony/Component/Console/Input/ArgvInput), Object(Illuminate/Console/OutputStyle))
#22 D:/0_Project_VS_Code/3. Sistem Basis Data/TB-K1-Database/lapak_gaming/vendor/laravel/framework/src/Illuminate/Console/Command.php(249): Symfony/Component/Console/Command/Command->run(Object(Symfony/Component/Console/Input/ArgvInput), Object(Illuminate/Console/OutputStyle))
#23 D:/0_Project_VS_Code/3. Sistem Basis Data/TB-K1-Database/lapak_gaming/vendor/symfony/console/Application.php(1107): Illuminate/Console/Command->run(Object(Symfony/Component/Console/Input/ArgvInput), Object(Symfony/Component/Console/Output/ConsoleOutput))
#24 D:/0_Project_VS_Code/3. Sistem Basis Data/TB-K1-Database/lapak_gaming/vendor/symfony/console/Application.php(356): Symfony/Component/Console/Application->doRunCommand(Object(Illuminate/Queue/Console/WorkCommand), Object(Symfony/Component/Console/Input/ArgvInput), Object(Symfony/Component/Console/Output/ConsoleOutput))
#25 D:/0_Project_VS_Code/3. Sistem Basis Data/TB-K1-Database/lapak_gaming/vendor/symfony/console/Application.php(195): Symfony/Component/Console/Application->doRun(Object(Symfony/Component/Console/Input/ArgvInput), Object(Symfony/Component/Console/Output/ConsoleOutput))
#26 D:/0_Project_VS_Code/3. Sistem Basis Data/TB-K1-Database/lapak_gaming/vendor/laravel/framework/src/Illuminate/Foundation/Console/Kernel.php(198): Symfony/Component/Console/Application->run(Object(Symfony/Component/Console/Input/ArgvInput), Object(Symfony/Component/Console/Output/ConsoleOutput))
#27 D:/0_Project_VS_Code/3. Sistem Basis Data/TB-K1-Database/lapak_gaming/vendor/laravel/framework/src/Illuminate/Foundation/Application.php(1235): Illuminate/Foundation/Console/Kernel->handle(Object(Symfony/Component/Console/Input/ArgvInput), Object(Symfony/Component/Console/Output/ConsoleOutput))
#28 D:/0_Project_VS_Code/3. Sistem Basis Data/TB-K1-Database/lapak_gaming/artisan(16): Illuminate/Foundation/Application->handleCommand(Object(Symfony/Component/Console/Input/ArgvInput))
#29 {main}

[previous exception] [object] (PDOException(code: 2002): SQLSTATE[HY000] [2002] No connection could be made because the target machine actively refused it at D:/0_Project_VS_Code/3. Sistem Basis Data/TB-K1-Database/lapak_gaming/vendor/laravel/framework/src/Illuminate/Database/Connectors/Connector.php:67)
[stacktrace]
#0 D:/0_Project_VS_Code/3. Sistem Basis Data/TB-K1-Database/lapak_gaming/vendor/laravel/framework/src/Illuminate/Database/Connectors/Connector.php(67): PDO::connect('mysql:host=127....', 'root', Object(SensitiveParameterValue), Array)
#1 D:/0_Project_VS_Code/3. Sistem Basis Data/TB-K1-Database/lapak_gaming/vendor/laravel/framework/src/Illuminate/Database/Connectors/Connector.php(85): Illuminate/Database/Connectors/Connector->createPdoConnection('mysql:host=127....', 'root', Object(SensitiveParameterValue), Array)
#2 D:/0_Project_VS_Code/3. Sistem Basis Data/TB-K1-Database/lapak_gaming/vendor/laravel/framework/src/Illuminate/Database/Connectors/Connector.php(48): Illuminate/Database/Connectors/Connector->tryAgainIfCausedByLostConnection(Object(PDOException), 'mysql:host=127....', 'root', Object(SensitiveParameterValue), Array)
#3 D:/0_Project_VS_Code/3. Sistem Basis Data/TB-K1-Database/lapak_gaming/vendor/laravel/framework/src/Illuminate/Database/Connectors/MySqlConnector.php(24): Illuminate/Database/Connectors/Connector->createConnection('mysql:host=127....', Array, Array)
#4 D:/0_Project_VS_Code/3. Sistem Basis Data/TB-K1-Database/lapak_gaming/vendor/laravel/framework/src/Illuminate/Database/Connectors/ConnectionFactory.php(186): Illuminate/Database/Connectors/MySqlConnector->connect(Array)
#5 [internal function]: Illuminate/Database/Connectors/ConnectionFactory->{closure:Illuminate/Database/Connectors/ConnectionFactory::createPdoResolverWithHosts():181}()
#6 D:/0_Project_VS_Code/3. Sistem Basis Data/TB-K1-Database/lapak_gaming/vendor/laravel/framework/src/Illuminate/Database/Connection.php(1279): call_user_func(Object(Closure))
#7 D:/0_Project_VS_Code/3. Sistem Basis Data/TB-K1-Database/lapak_gaming/vendor/laravel/framework/src/Illuminate/Database/Connection.php(1317): Illuminate/Database/Connection->getPdo()
#8 D:/0_Project_VS_Code/3. Sistem Basis Data/TB-K1-Database/lapak_gaming/vendor/laravel/framework/src/Illuminate/Database/Connection.php(528): Illuminate/Database/Connection->getReadPdo()
#9 D:/0_Project_VS_Code/3. Sistem Basis Data/TB-K1-Database/lapak_gaming/vendor/laravel/framework/src/Illuminate/Database/Connection.php(421): Illuminate/Database/Connection->getPdoForSelect(true)
#10 D:/0_Project_VS_Code/3. Sistem Basis Data/TB-K1-Database/lapak_gaming/vendor/laravel/framework/src/Illuminate/Database/Connection.php(830): Illuminate/Database/Connection->{closure:Illuminate/Database/Connection::select():412}('select * from `...', Array)
#11 D:/0_Project_VS_Code/3. Sistem Basis Data/TB-K1-Database/lapak_gaming/vendor/laravel/framework/src/Illuminate/Database/Connection.php(1021): Illuminate/Database/Connection->runQueryCallback('select * from `...', Array, Object(Closure))
#12 D:/0_Project_VS_Code/3. Sistem Basis Data/TB-K1-Database/lapak_gaming/vendor/laravel/framework/src/Illuminate/Database/Connection.php(1000): Illuminate/Database/Connection->tryAgainIfCausedByLostConnection(Object(Illuminate/Database/QueryException), 'select * from `...', Array, Object(Closure))
#13 D:/0_Project_VS_Code/3. Sistem Basis Data/TB-K1-Database/lapak_gaming/vendor/laravel/framework/src/Illuminate/Database/Connection.php(799): Illuminate/Database/Connection->handleQueryException(Object(Illuminate/Database/QueryException), 'select * from `...', Array, Object(Closure))
#14 D:/0_Project_VS_Code/3. Sistem Basis Data/TB-K1-Database/lapak_gaming/vendor/laravel/framework/src/Illuminate/Database/Connection.php(412): Illuminate/Database/Connection->run('select * from `...', Array, Object(Closure))
#15 D:/0_Project_VS_Code/3. Sistem Basis Data/TB-K1-Database/lapak_gaming/vendor/laravel/framework/src/Illuminate/Database/Query/Builder.php(3562): Illuminate/Database/Connection->select('select * from `...', Array, true, Array)
#16 D:/0_Project_VS_Code/3. Sistem Basis Data/TB-K1-Database/lapak_gaming/vendor/laravel/framework/src/Illuminate/Database/Query/Builder.php(3546): Illuminate/Database/Query/Builder->runSelect()
#17 D:/0_Project_VS_Code/3. Sistem Basis Data/TB-K1-Database/lapak_gaming/vendor/laravel/framework/src/Illuminate/Cache/DatabaseStore.php(142): Illuminate/Database/Query/Builder->get()
#18 D:/0_Project_VS_Code/3. Sistem Basis Data/TB-K1-Database/lapak_gaming/vendor/laravel/framework/src/Illuminate/Cache/DatabaseStore.php(117): Illuminate/Cache/DatabaseStore->many(Array)
#19 D:/0_Project_VS_Code/3. Sistem Basis Data/TB-K1-Database/lapak_gaming/vendor/laravel/framework/src/Illuminate/Cache/Repository.php(124): Illuminate/Cache/DatabaseStore->get('illuminate:queu...')
#20 D:/0_Project_VS_Code/3. Sistem Basis Data/TB-K1-Database/lapak_gaming/vendor/laravel/framework/src/Illuminate/Queue/QueueManager.php(282): Illuminate/Cache/Repository->get('illuminate:queu...', false)
#21 D:/0_Project_VS_Code/3. Sistem Basis Data/TB-K1-Database/lapak_gaming/vendor/laravel/framework/src/Illuminate/Queue/Worker.php(428): Illuminate/Queue/QueueManager->isPaused('database', 'default')
#22 D:/0_Project_VS_Code/3. Sistem Basis Data/TB-K1-Database/lapak_gaming/vendor/laravel/framework/src/Illuminate/Queue/Worker.php(396): Illuminate/Queue/Worker->queuePaused('database', 'default')
#23 D:/0_Project_VS_Code/3. Sistem Basis Data/TB-K1-Database/lapak_gaming/vendor/laravel/framework/src/Illuminate/Queue/Worker.php(357): Illuminate/Queue/Worker->getNextJob(Object(Illuminate/Queue/DatabaseQueue), 'default')
#24 D:/0_Project_VS_Code/3. Sistem Basis Data/TB-K1-Database/lapak_gaming/vendor/laravel/framework/src/Illuminate/Queue/Console/WorkCommand.php(148): Illuminate/Queue/Worker->runNextJob('database', 'default', Object(Illuminate/Queue/WorkerOptions))
#25 D:/0_Project_VS_Code/3. Sistem Basis Data/TB-K1-Database/lapak_gaming/vendor/laravel/framework/src/Illuminate/Queue/Console/WorkCommand.php(131): Illuminate/Queue/Console/WorkCommand->runWorker('database', 'default')
#26 D:/0_Project_VS_Code/3. Sistem Basis Data/TB-K1-Database/lapak_gaming/vendor/laravel/framework/src/Illuminate/Container/BoundMethod.php(36): Illuminate/Queue/Console/WorkCommand->handle()
#27 D:/0_Project_VS_Code/3. Sistem Basis Data/TB-K1-Database/lapak_gaming/vendor/laravel/framework/src/Illuminate/Container/Util.php(43): Illuminate/Container/BoundMethod::{closure:Illuminate/Container/BoundMethod::call():35}()
#28 D:/0_Project_VS_Code/3. Sistem Basis Data/TB-K1-Database/lapak_gaming/vendor/laravel/framework/src/Illuminate/Container/BoundMethod.php(96): Illuminate/Container/Util::unwrapIfClosure(Object(Closure))
#29 D:/0_Project_VS_Code/3. Sistem Basis Data/TB-K1-Database/lapak_gaming/vendor/laravel/framework/src/Illuminate/Container/BoundMethod.php(35): Illuminate/Container/BoundMethod::callBoundMethod(Object(Illuminate/Foundation/Application), Array, Object(Closure))
#30 D:/0_Project_VS_Code/3. Sistem Basis Data/TB-K1-Database/lapak_gaming/vendor/laravel/framework/src/Illuminate/Container/Container.php(799): Illuminate/Container/BoundMethod::call(Object(Illuminate/Foundation/Application), Array, Array, NULL)
#31 D:/0_Project_VS_Code/3. Sistem Basis Data/TB-K1-Database/lapak_gaming/vendor/laravel/framework/src/Illuminate/Console/Command.php(280): Illuminate/Container/Container->call(Array)
#32 D:/0_Project_VS_Code/3. Sistem Basis Data/TB-K1-Database/lapak_gaming/vendor/symfony/console/Command/Command.php(291): Illuminate/Console/Command->execute(Object(Symfony/Component/Console/Input/ArgvInput), Object(Illuminate/Console/OutputStyle))
#33 D:/0_Project_VS_Code/3. Sistem Basis Data/TB-K1-Database/lapak_gaming/vendor/laravel/framework/src/Illuminate/Console/Command.php(249): Symfony/Component/Console/Command/Command->run(Object(Symfony/Component/Console/Input/ArgvInput), Object(Illuminate/Console/OutputStyle))
#34 D:/0_Project_VS_Code/3. Sistem Basis Data/TB-K1-Database/lapak_gaming/vendor/symfony/console/Application.php(1107): Illuminate/Console/Command->run(Object(Symfony/Component/Console/Input/ArgvInput), Object(Symfony/Component/Console/Output/ConsoleOutput))
#35 D:/0_Project_VS_Code/3. Sistem Basis Data/TB-K1-Database/lapak_gaming/vendor/symfony/console/Application.php(356): Symfony/Component/Console/Application->doRunCommand(Object(Illuminate/Queue/Console/WorkCommand), Object(Symfony/Component/Console/Input/ArgvInput), Object(Symfony/Component/Console/Output/ConsoleOutput))
#36 D:/0_Project_VS_Code/3. Sistem Basis Data/TB-K1-Database/lapak_gaming/vendor/symfony/console/Application.php(195): Symfony/Component/Console/Application->doRun(Object(Symfony/Component/Console/Input/ArgvInput), Object(Symfony/Component/Console/Output/ConsoleOutput))
#37 D:/0_Project_VS_Code/3. Sistem Basis Data/TB-K1-Database/lapak_gaming/vendor/laravel/framework/src/Illuminate/Foundation/Console/Kernel.php(198): Symfony/Component/Console/Application->run(Object(Symfony/Component/Console/Input/ArgvInput), Object(Symfony/Component/Console/Output/ConsoleOutput))
#38 D:/0_Project_VS_Code/3. Sistem Basis Data/TB-K1-Database/lapak_gaming/vendor/laravel/framework/src/Illuminate/Foundation/Application.php(1235): Illuminate/Foundation/Console/Kernel->handle(Object(Symfony/Component/Console/Input/ArgvInput), Object(Symfony/Component/Console/Output/ConsoleOutput))
#39 D:/0_Project_VS_Code/3. Sistem Basis Data/TB-K1-Database/lapak_gaming/artisan(16): Illuminate/Foundation/Application->handleCommand(Object(Symfony/Component/Console/Input/ArgvInput))
#40 {main}
"} 
[2026-04-01 06:20:02] local.ERROR: SQLSTATE[HY000] [2002] No connection could be made because the target machine actively refused it (Connection: mysql, Host: 127.0.0.1, Port: 3306, Database: lapak_gaming, SQL: select * from `cache` where `key` in (laravel-cache-illuminate:queue:paused:database:default)) {"exception":"[object] (Illuminate\\Database\\QueryException(code: 2002): SQLSTATE[HY000] [2002] No connection could be made because the target machine actively refused it (Connection: mysql, Host: 127.0.0.1, Port: 3306, Database: lapak_gaming, SQL: select * from `cache` where `key` in (laravel-cache-illuminate:queue:paused:database:default)) at D:/0_Project_VS_Code/3. Sistem Basis Data/TB-K1-Database/lapak_gaming/vendor/laravel/framework/src/Illuminate/Database/Connection.php:841)
[stacktrace]
#0 D:/0_Project_VS_Code/3. Sistem Basis Data/TB-K1-Database/lapak_gaming/vendor/laravel/framework/src/Illuminate/Database/Connection.php(1021): Illuminate/Database/Connection->runQueryCallback('select * from `...', Array, Object(Closure))
#1 D:/0_Project_VS_Code/3. Sistem Basis Data/TB-K1-Database/lapak_gaming/vendor/laravel/framework/src/Illuminate/Database/Connection.php(1000): Illuminate/Database/Connection->tryAgainIfCausedByLostConnection(Object(Illuminate/Database/QueryException), 'select * from `...', Array, Object(Closure))
#2 D:/0_Project_VS_Code/3. Sistem Basis Data/TB-K1-Database/lapak_gaming/vendor/laravel/framework/src/Illuminate/Database/Connection.php(799): Illuminate/Database/Connection->handleQueryException(Object(Illuminate/Database/QueryException), 'select * from `...', Array, Object(Closure))
#3 D:/0_Project_VS_Code/3. Sistem Basis Data/TB-K1-Database/lapak_gaming/vendor/laravel/framework/src/Illuminate/Database/Connection.php(412): Illuminate/Database/Connection->run('select * from `...', Array, Object(Closure))
#4 D:/0_Project_VS_Code/3. Sistem Basis Data/TB-K1-Database/lapak_gaming/vendor/laravel/framework/src/Illuminate/Database/Query/Builder.php(3562): Illuminate/Database/Connection->select('select * from `...', Array, true, Array)
#5 D:/0_Project_VS_Code/3. Sistem Basis Data/TB-K1-Database/lapak_gaming/vendor/laravel/framework/src/Illuminate/Database/Query/Builder.php(3546): Illuminate/Database/Query/Builder->runSelect()
#6 D:/0_Project_VS_Code/3. Sistem Basis Data/TB-K1-Database/lapak_gaming/vendor/laravel/framework/src/Illuminate/Cache/DatabaseStore.php(142): Illuminate/Database/Query/Builder->get()
#7 D:/0_Project_VS_Code/3. Sistem Basis Data/TB-K1-Database/lapak_gaming/vendor/laravel/framework/src/Illuminate/Cache/DatabaseStore.php(117): Illuminate/Cache/DatabaseStore->many(Array)
#8 D:/0_Project_VS_Code/3. Sistem Basis Data/TB-K1-Database/lapak_gaming/vendor/laravel/framework/src/Illuminate/Cache/Repository.php(124): Illuminate/Cache/DatabaseStore->get('illuminate:queu...')
#9 D:/0_Project_VS_Code/3. Sistem Basis Data/TB-K1-Database/lapak_gaming/vendor/laravel/framework/src/Illuminate/Queue/QueueManager.php(282): Illuminate/Cache/Repository->get('illuminate:queu...', false)
#10 D:/0_Project_VS_Code/3. Sistem Basis Data/TB-K1-Database/lapak_gaming/vendor/laravel/framework/src/Illuminate/Queue/Worker.php(428): Illuminate/Queue/QueueManager->isPaused('database', 'default')
#11 D:/0_Project_VS_Code/3. Sistem Basis Data/TB-K1-Database/lapak_gaming/vendor/laravel/framework/src/Illuminate/Queue/Worker.php(396): Illuminate/Queue/Worker->queuePaused('database', 'default')
#12 D:/0_Project_VS_Code/3. Sistem Basis Data/TB-K1-Database/lapak_gaming/vendor/laravel/framework/src/Illuminate/Queue/Worker.php(357): Illuminate/Queue/Worker->getNextJob(Object(Illuminate/Queue/DatabaseQueue), 'default')
#13 D:/0_Project_VS_Code/3. Sistem Basis Data/TB-K1-Database/lapak_gaming/vendor/laravel/framework/src/Illuminate/Queue/Console/WorkCommand.php(148): Illuminate/Queue/Worker->runNextJob('database', 'default', Object(Illuminate/Queue/WorkerOptions))
#14 D:/0_Project_VS_Code/3. Sistem Basis Data/TB-K1-Database/lapak_gaming/vendor/laravel/framework/src/Illuminate/Queue/Console/WorkCommand.php(131): Illuminate/Queue/Console/WorkCommand->runWorker('database', 'default')
#15 D:/0_Project_VS_Code/3. Sistem Basis Data/TB-K1-Database/lapak_gaming/vendor/laravel/framework/src/Illuminate/Container/BoundMethod.php(36): Illuminate/Queue/Console/WorkCommand->handle()
#16 D:/0_Project_VS_Code/3. Sistem Basis Data/TB-K1-Database/lapak_gaming/vendor/laravel/framework/src/Illuminate/Container/Util.php(43): Illuminate/Container/BoundMethod::{closure:Illuminate/Container/BoundMethod::call():35}()
#17 D:/0_Project_VS_Code/3. Sistem Basis Data/TB-K1-Database/lapak_gaming/vendor/laravel/framework/src/Illuminate/Container/BoundMethod.php(96): Illuminate/Container/Util::unwrapIfClosure(Object(Closure))
#18 D:/0_Project_VS_Code/3. Sistem Basis Data/TB-K1-Database/lapak_gaming/vendor/laravel/framework/src/Illuminate/Container/BoundMethod.php(35): Illuminate/Container/BoundMethod::callBoundMethod(Object(Illuminate/Foundation/Application), Array, Object(Closure))
#19 D:/0_Project_VS_Code/3. Sistem Basis Data/TB-K1-Database/lapak_gaming/vendor/laravel/framework/src/Illuminate/Container/Container.php(799): Illuminate/Container/BoundMethod::call(Object(Illuminate/Foundation/Application), Array, Array, NULL)
#20 D:/0_Project_VS_Code/3. Sistem Basis Data/TB-K1-Database/lapak_gaming/vendor/laravel/framework/src/Illuminate/Console/Command.php(280): Illuminate/Container/Container->call(Array)
#21 D:/0_Project_VS_Code/3. Sistem Basis Data/TB-K1-Database/lapak_gaming/vendor/symfony/console/Command/Command.php(291): Illuminate/Console/Command->execute(Object(Symfony/Component/Console/Input/ArgvInput), Object(Illuminate/Console/OutputStyle))
#22 D:/0_Project_VS_Code/3. Sistem Basis Data/TB-K1-Database/lapak_gaming/vendor/laravel/framework/src/Illuminate/Console/Command.php(249): Symfony/Component/Console/Command/Command->run(Object(Symfony/Component/Console/Input/ArgvInput), Object(Illuminate/Console/OutputStyle))
#23 D:/0_Project_VS_Code/3. Sistem Basis Data/TB-K1-Database/lapak_gaming/vendor/symfony/console/Application.php(1107): Illuminate/Console/Command->run(Object(Symfony/Component/Console/Input/ArgvInput), Object(Symfony/Component/Console/Output/ConsoleOutput))
#24 D:/0_Project_VS_Code/3. Sistem Basis Data/TB-K1-Database/lapak_gaming/vendor/symfony/console/Application.php(356): Symfony/Component/Console/Application->doRunCommand(Object(Illuminate/Queue/Console/WorkCommand), Object(Symfony/Component/Console/Input/ArgvInput), Object(Symfony/Component/Console/Output/ConsoleOutput))
#25 D:/0_Project_VS_Code/3. Sistem Basis Data/TB-K1-Database/lapak_gaming/vendor/symfony/console/Application.php(195): Symfony/Component/Console/Application->doRun(Object(Symfony/Component/Console/Input/ArgvInput), Object(Symfony/Component/Console/Output/ConsoleOutput))
#26 D:/0_Project_VS_Code/3. Sistem Basis Data/TB-K1-Database/lapak_gaming/vendor/laravel/framework/src/Illuminate/Foundation/Console/Kernel.php(198): Symfony/Component/Console/Application->run(Object(Symfony/Component/Console/Input/ArgvInput), Object(Symfony/Component/Console/Output/ConsoleOutput))
#27 D:/0_Project_VS_Code/3. Sistem Basis Data/TB-K1-Database/lapak_gaming/vendor/laravel/framework/src/Illuminate/Foundation/Application.php(1235): Illuminate/Foundation/Console/Kernel->handle(Object(Symfony/Component/Console/Input/ArgvInput), Object(Symfony/Component/Console/Output/ConsoleOutput))
#28 D:/0_Project_VS_Code/3. Sistem Basis Data/TB-K1-Database/lapak_gaming/artisan(16): Illuminate/Foundation/Application->handleCommand(Object(Symfony/Component/Console/Input/ArgvInput))
#29 {main}

[previous exception] [object] (PDOException(code: 2002): SQLSTATE[HY000] [2002] No connection could be made because the target machine actively refused it at D:/0_Project_VS_Code/3. Sistem Basis Data/TB-K1-Database/lapak_gaming/vendor/laravel/framework/src/Illuminate/Database/Connectors/Connector.php:67)
[stacktrace]
#0 D:/0_Project_VS_Code/3. Sistem Basis Data/TB-K1-Database/lapak_gaming/vendor/laravel/framework/src/Illuminate/Database/Connectors/Connector.php(67): PDO::connect('mysql:host=127....', 'root', Object(SensitiveParameterValue), Array)
#1 D:/0_Project_VS_Code/3. Sistem Basis Data/TB-K1-Database/lapak_gaming/vendor/laravel/framework/src/Illuminate/Database/Connectors/Connector.php(85): Illuminate/Database/Connectors/Connector->createPdoConnection('mysql:host=127....', 'root', Object(SensitiveParameterValue), Array)
#2 D:/0_Project_VS_Code/3. Sistem Basis Data/TB-K1-Database/lapak_gaming/vendor/laravel/framework/src/Illuminate/Database/Connectors/Connector.php(48): Illuminate/Database/Connectors/Connector->tryAgainIfCausedByLostConnection(Object(PDOException), 'mysql:host=127....', 'root', Object(SensitiveParameterValue), Array)
#3 D:/0_Project_VS_Code/3. Sistem Basis Data/TB-K1-Database/lapak_gaming/vendor/laravel/framework/src/Illuminate/Database/Connectors/MySqlConnector.php(24): Illuminate/Database/Connectors/Connector->createConnection('mysql:host=127....', Array, Array)
#4 D:/0_Project_VS_Code/3. Sistem Basis Data/TB-K1-Database/lapak_gaming/vendor/laravel/framework/src/Illuminate/Database/Connectors/ConnectionFactory.php(186): Illuminate/Database/Connectors/MySqlConnector->connect(Array)
#5 [internal function]: Illuminate/Database/Connectors/ConnectionFactory->{closure:Illuminate/Database/Connectors/ConnectionFactory::createPdoResolverWithHosts():181}()
#6 D:/0_Project_VS_Code/3. Sistem Basis Data/TB-K1-Database/lapak_gaming/vendor/laravel/framework/src/Illuminate/Database/Connection.php(1279): call_user_func(Object(Closure))
#7 D:/0_Project_VS_Code/3. Sistem Basis Data/TB-K1-Database/lapak_gaming/vendor/laravel/framework/src/Illuminate/Database/Connection.php(1317): Illuminate/Database/Connection->getPdo()
#8 D:/0_Project_VS_Code/3. Sistem Basis Data/TB-K1-Database/lapak_gaming/vendor/laravel/framework/src/Illuminate/Database/Connection.php(528): Illuminate/Database/Connection->getReadPdo()
#9 D:/0_Project_VS_Code/3. Sistem Basis Data/TB-K1-Database/lapak_gaming/vendor/laravel/framework/src/Illuminate/Database/Connection.php(421): Illuminate/Database/Connection->getPdoForSelect(true)
#10 D:/0_Project_VS_Code/3. Sistem Basis Data/TB-K1-Database/lapak_gaming/vendor/laravel/framework/src/Illuminate/Database/Connection.php(830): Illuminate/Database/Connection->{closure:Illuminate/Database/Connection::select():412}('select * from `...', Array)
#11 D:/0_Project_VS_Code/3. Sistem Basis Data/TB-K1-Database/lapak_gaming/vendor/laravel/framework/src/Illuminate/Database/Connection.php(1021): Illuminate/Database/Connection->runQueryCallback('select * from `...', Array, Object(Closure))
#12 D:/0_Project_VS_Code/3. Sistem Basis Data/TB-K1-Database/lapak_gaming/vendor/laravel/framework/src/Illuminate/Database/Connection.php(1000): Illuminate/Database/Connection->tryAgainIfCausedByLostConnection(Object(Illuminate/Database/QueryException), 'select * from `...', Array, Object(Closure))
#13 D:/0_Project_VS_Code/3. Sistem Basis Data/TB-K1-Database/lapak_gaming/vendor/laravel/framework/src/Illuminate/Database/Connection.php(799): Illuminate/Database/Connection->handleQueryException(Object(Illuminate/Database/QueryException), 'select * from `...', Array, Object(Closure))
#14 D:/0_Project_VS_Code/3. Sistem Basis Data/TB-K1-Database/lapak_gaming/vendor/laravel/framework/src/Illuminate/Database/Connection.php(412): Illuminate/Database/Connection->run('select * from `...', Array, Object(Closure))
#15 D:/0_Project_VS_Code/3. Sistem Basis Data/TB-K1-Database/lapak_gaming/vendor/laravel/framework/src/Illuminate/Database/Query/Builder.php(3562): Illuminate/Database/Connection->select('select * from `...', Array, true, Array)
#16 D:/0_Project_VS_Code/3. Sistem Basis Data/TB-K1-Database/lapak_gaming/vendor/laravel/framework/src/Illuminate/Database/Query/Builder.php(3546): Illuminate/Database/Query/Builder->runSelect()
#17 D:/0_Project_VS_Code/3. Sistem Basis Data/TB-K1-Database/lapak_gaming/vendor/laravel/framework/src/Illuminate/Cache/DatabaseStore.php(142): Illuminate/Database/Query/Builder->get()
#18 D:/0_Project_VS_Code/3. Sistem Basis Data/TB-K1-Database/lapak_gaming/vendor/laravel/framework/src/Illuminate/Cache/DatabaseStore.php(117): Illuminate/Cache/DatabaseStore->many(Array)
#19 D:/0_Project_VS_Code/3. Sistem Basis Data/TB-K1-Database/lapak_gaming/vendor/laravel/framework/src/Illuminate/Cache/Repository.php(124): Illuminate/Cache/DatabaseStore->get('illuminate:queu...')
#20 D:/0_Project_VS_Code/3. Sistem Basis Data/TB-K1-Database/lapak_gaming/vendor/laravel/framework/src/Illuminate/Queue/QueueManager.php(282): Illuminate/Cache/Repository->get('illuminate:queu...', false)
#21 D:/0_Project_VS_Code/3. Sistem Basis Data/TB-K1-Database/lapak_gaming/vendor/laravel/framework/src/Illuminate/Queue/Worker.php(428): Illuminate/Queue/QueueManager->isPaused('database', 'default')
#22 D:/0_Project_VS_Code/3. Sistem Basis Data/TB-K1-Database/lapak_gaming/vendor/laravel/framework/src/Illuminate/Queue/Worker.php(396): Illuminate/Queue/Worker->queuePaused('database', 'default')
#23 D:/0_Project_VS_Code/3. Sistem Basis Data/TB-K1-Database/lapak_gaming/vendor/laravel/framework/src/Illuminate/Queue/Worker.php(357): Illuminate/Queue/Worker->getNextJob(Object(Illuminate/Queue/DatabaseQueue), 'default')
#24 D:/0_Project_VS_Code/3. Sistem Basis Data/TB-K1-Database/lapak_gaming/vendor/laravel/framework/src/Illuminate/Queue/Console/WorkCommand.php(148): Illuminate/Queue/Worker->runNextJob('database', 'default', Object(Illuminate/Queue/WorkerOptions))
#25 D:/0_Project_VS_Code/3. Sistem Basis Data/TB-K1-Database/lapak_gaming/vendor/laravel/framework/src/Illuminate/Queue/Console/WorkCommand.php(131): Illuminate/Queue/Console/WorkCommand->runWorker('database', 'default')
#26 D:/0_Project_VS_Code/3. Sistem Basis Data/TB-K1-Database/lapak_gaming/vendor/laravel/framework/src/Illuminate/Container/BoundMethod.php(36): Illuminate/Queue/Console/WorkCommand->handle()
#27 D:/0_Project_VS_Code/3. Sistem Basis Data/TB-K1-Database/lapak_gaming/vendor/laravel/framework/src/Illuminate/Container/Util.php(43): Illuminate/Container/BoundMethod::{closure:Illuminate/Container/BoundMethod::call():35}()
#28 D:/0_Project_VS_Code/3. Sistem Basis Data/TB-K1-Database/lapak_gaming/vendor/laravel/framework/src/Illuminate/Container/BoundMethod.php(96): Illuminate/Container/Util::unwrapIfClosure(Object(Closure))
#29 D:/0_Project_VS_Code/3. Sistem Basis Data/TB-K1-Database/lapak_gaming/vendor/laravel/framework/src/Illuminate/Container/BoundMethod.php(35): Illuminate/Container/BoundMethod::callBoundMethod(Object(Illuminate/Foundation/Application), Array, Object(Closure))
#30 D:/0_Project_VS_Code/3. Sistem Basis Data/TB-K1-Database/lapak_gaming/vendor/laravel/framework/src/Illuminate/Container/Container.php(799): Illuminate/Container/BoundMethod::call(Object(Illuminate/Foundation/Application), Array, Array, NULL)
#31 D:/0_Project_VS_Code/3. Sistem Basis Data/TB-K1-Database/lapak_gaming/vendor/laravel/framework/src/Illuminate/Console/Command.php(280): Illuminate/Container/Container->call(Array)
#32 D:/0_Project_VS_Code/3. Sistem Basis Data/TB-K1-Database/lapak_gaming/vendor/symfony/console/Command/Command.php(291): Illuminate/Console/Command->execute(Object(Symfony/Component/Console/Input/ArgvInput), Object(Illuminate/Console/OutputStyle))
#33 D:/0_Project_VS_Code/3. Sistem Basis Data/TB-K1-Database/lapak_gaming/vendor/laravel/framework/src/Illuminate/Console/Command.php(249): Symfony/Component/Console/Command/Command->run(Object(Symfony/Component/Console/Input/ArgvInput), Object(Illuminate/Console/OutputStyle))
#34 D:/0_Project_VS_Code/3. Sistem Basis Data/TB-K1-Database/lapak_gaming/vendor/symfony/console/Application.php(1107): Illuminate/Console/Command->run(Object(Symfony/Component/Console/Input/ArgvInput), Object(Symfony/Component/Console/Output/ConsoleOutput))
#35 D:/0_Project_VS_Code/3. Sistem Basis Data/TB-K1-Database/lapak_gaming/vendor/symfony/console/Application.php(356): Symfony/Component/Console/Application->doRunCommand(Object(Illuminate/Queue/Console/WorkCommand), Object(Symfony/Component/Console/Input/ArgvInput), Object(Symfony/Component/Console/Output/ConsoleOutput))
#36 D:/0_Project_VS_Code/3. Sistem Basis Data/TB-K1-Database/lapak_gaming/vendor/symfony/console/Application.php(195): Symfony/Component/Console/Application->doRun(Object(Symfony/Component/Console/Input/ArgvInput), Object(Symfony/Component/Console/Output/ConsoleOutput))
#37 D:/0_Project_VS_Code/3. Sistem Basis Data/TB-K1-Database/lapak_gaming/vendor/laravel/framework/src/Illuminate/Foundation/Console/Kernel.php(198): Symfony/Component/Console/Application->run(Object(Symfony/Component/Console/Input/ArgvInput), Object(Symfony/Component/Console/Output/ConsoleOutput))
#38 D:/0_Project_VS_Code/3. Sistem Basis Data/TB-K1-Database/lapak_gaming/vendor/laravel/framework/src/Illuminate/Foundation/Application.php(1235): Illuminate/Foundation/Console/Kernel->handle(Object(Symfony/Component/Console/Input/ArgvInput), Object(Symfony/Component/Console/Output/ConsoleOutput))
#39 D:/0_Project_VS_Code/3. Sistem Basis Data/TB-K1-Database/lapak_gaming/artisan(16): Illuminate/Foundation/Application->handleCommand(Object(Symfony/Component/Console/Input/ArgvInput))
#40 {main}
"} 
[2026-04-01 06:20:14] local.ERROR: SQLSTATE[HY000] [2002] No connection could be made because the target machine actively refused it (Connection: mysql, Host: 127.0.0.1, Port: 3306, Database: lapak_gaming, SQL: select * from `cache` where `key` in (laravel-cache-illuminate:queue:paused:database:default)) {"exception":"[object] (Illuminate\\Database\\QueryException(code: 2002): SQLSTATE[HY000] [2002] No connection could be made because the target machine actively refused it (Connection: mysql, Host: 127.0.0.1, Port: 3306, Database: lapak_gaming, SQL: select * from `cache` where `key` in (laravel-cache-illuminate:queue:paused:database:default)) at D:/0_Project_VS_Code/3. Sistem Basis Data/TB-K1-Database/lapak_gaming/vendor/laravel/framework/src/Illuminate/Database/Connection.php:841)
[stacktrace]
#0 D:/0_Project_VS_Code/3. Sistem Basis Data/TB-K1-Database/lapak_gaming/vendor/laravel/framework/src/Illuminate/Database/Connection.php(1021): Illuminate/Database/Connection->runQueryCallback('select * from `...', Array, Object(Closure))
#1 D:/0_Project_VS_Code/3. Sistem Basis Data/TB-K1-Database/lapak_gaming/vendor/laravel/framework/src/Illuminate/Database/Connection.php(1000): Illuminate/Database/Connection->tryAgainIfCausedByLostConnection(Object(Illuminate/Database/QueryException), 'select * from `...', Array, Object(Closure))
#2 D:/0_Project_VS_Code/3. Sistem Basis Data/TB-K1-Database/lapak_gaming/vendor/laravel/framework/src/Illuminate/Database/Connection.php(799): Illuminate/Database/Connection->handleQueryException(Object(Illuminate/Database/QueryException), 'select * from `...', Array, Object(Closure))
#3 D:/0_Project_VS_Code/3. Sistem Basis Data/TB-K1-Database/lapak_gaming/vendor/laravel/framework/src/Illuminate/Database/Connection.php(412): Illuminate/Database/Connection->run('select * from `...', Array, Object(Closure))
#4 D:/0_Project_VS_Code/3. Sistem Basis Data/TB-K1-Database/lapak_gaming/vendor/laravel/framework/src/Illuminate/Database/Query/Builder.php(3562): Illuminate/Database/Connection->select('select * from `...', Array, true, Array)
#5 D:/0_Project_VS_Code/3. Sistem Basis Data/TB-K1-Database/lapak_gaming/vendor/laravel/framework/src/Illuminate/Database/Query/Builder.php(3546): Illuminate/Database/Query/Builder->runSelect()
#6 D:/0_Project_VS_Code/3. Sistem Basis Data/TB-K1-Database/lapak_gaming/vendor/laravel/framework/src/Illuminate/Cache/DatabaseStore.php(142): Illuminate/Database/Query/Builder->get()
#7 D:/0_Project_VS_Code/3. Sistem Basis Data/TB-K1-Database/lapak_gaming/vendor/laravel/framework/src/Illuminate/Cache/DatabaseStore.php(117): Illuminate/Cache/DatabaseStore->many(Array)
#8 D:/0_Project_VS_Code/3. Sistem Basis Data/TB-K1-Database/lapak_gaming/vendor/laravel/framework/src/Illuminate/Cache/Repository.php(124): Illuminate/Cache/DatabaseStore->get('illuminate:queu...')
#9 D:/0_Project_VS_Code/3. Sistem Basis Data/TB-K1-Database/lapak_gaming/vendor/laravel/framework/src/Illuminate/Queue/QueueManager.php(282): Illuminate/Cache/Repository->get('illuminate:queu...', false)
#10 D:/0_Project_VS_Code/3. Sistem Basis Data/TB-K1-Database/lapak_gaming/vendor/laravel/framework/src/Illuminate/Queue/Worker.php(428): Illuminate/Queue/QueueManager->isPaused('database', 'default')
#11 D:/0_Project_VS_Code/3. Sistem Basis Data/TB-K1-Database/lapak_gaming/vendor/laravel/framework/src/Illuminate/Queue/Worker.php(396): Illuminate/Queue/Worker->queuePaused('database', 'default')
#12 D:/0_Project_VS_Code/3. Sistem Basis Data/TB-K1-Database/lapak_gaming/vendor/laravel/framework/src/Illuminate/Queue/Worker.php(357): Illuminate/Queue/Worker->getNextJob(Object(Illuminate/Queue/DatabaseQueue), 'default')
#13 D:/0_Project_VS_Code/3. Sistem Basis Data/TB-K1-Database/lapak_gaming/vendor/laravel/framework/src/Illuminate/Queue/Console/WorkCommand.php(148): Illuminate/Queue/Worker->runNextJob('database', 'default', Object(Illuminate/Queue/WorkerOptions))
#14 D:/0_Project_VS_Code/3. Sistem Basis Data/TB-K1-Database/lapak_gaming/vendor/laravel/framework/src/Illuminate/Queue/Console/WorkCommand.php(131): Illuminate/Queue/Console/WorkCommand->runWorker('database', 'default')
#15 D:/0_Project_VS_Code/3. Sistem Basis Data/TB-K1-Database/lapak_gaming/vendor/laravel/framework/src/Illuminate/Container/BoundMethod.php(36): Illuminate/Queue/Console/WorkCommand->handle()
#16 D:/0_Project_VS_Code/3. Sistem Basis Data/TB-K1-Database/lapak_gaming/vendor/laravel/framework/src/Illuminate/Container/Util.php(43): Illuminate/Container/BoundMethod::{closure:Illuminate/Container/BoundMethod::call():35}()
#17 D:/0_Project_VS_Code/3. Sistem Basis Data/TB-K1-Database/lapak_gaming/vendor/laravel/framework/src/Illuminate/Container/BoundMethod.php(96): Illuminate/Container/Util::unwrapIfClosure(Object(Closure))
#18 D:/0_Project_VS_Code/3. Sistem Basis Data/TB-K1-Database/lapak_gaming/vendor/laravel/framework/src/Illuminate/Container/BoundMethod.php(35): Illuminate/Container/BoundMethod::callBoundMethod(Object(Illuminate/Foundation/Application), Array, Object(Closure))
#19 D:/0_Project_VS_Code/3. Sistem Basis Data/TB-K1-Database/lapak_gaming/vendor/laravel/framework/src/Illuminate/Container/Container.php(799): Illuminate/Container/BoundMethod::call(Object(Illuminate/Foundation/Application), Array, Array, NULL)
#20 D:/0_Project_VS_Code/3. Sistem Basis Data/TB-K1-Database/lapak_gaming/vendor/laravel/framework/src/Illuminate/Console/Command.php(280): Illuminate/Container/Container->call(Array)
#21 D:/0_Project_VS_Code/3. Sistem Basis Data/TB-K1-Database/lapak_gaming/vendor/symfony/console/Command/Command.php(291): Illuminate/Console/Command->execute(Object(Symfony/Component/Console/Input/ArgvInput), Object(Illuminate/Console/OutputStyle))
#22 D:/0_Project_VS_Code/3. Sistem Basis Data/TB-K1-Database/lapak_gaming/vendor/laravel/framework/src/Illuminate/Console/Command.php(249): Symfony/Component/Console/Command/Command->run(Object(Symfony/Component/Console/Input/ArgvInput), Object(Illuminate/Console/OutputStyle))
#23 D:/0_Project_VS_Code/3. Sistem Basis Data/TB-K1-Database/lapak_gaming/vendor/symfony/console/Application.php(1107): Illuminate/Console/Command->run(Object(Symfony/Component/Console/Input/ArgvInput), Object(Symfony/Component/Console/Output/ConsoleOutput))
#24 D:/0_Project_VS_Code/3. Sistem Basis Data/TB-K1-Database/lapak_gaming/vendor/symfony/console/Application.php(356): Symfony/Component/Console/Application->doRunCommand(Object(Illuminate/Queue/Console/WorkCommand), Object(Symfony/Component/Console/Input/ArgvInput), Object(Symfony/Component/Console/Output/ConsoleOutput))
#25 D:/0_Project_VS_Code/3. Sistem Basis Data/TB-K1-Database/lapak_gaming/vendor/symfony/console/Application.php(195): Symfony/Component/Console/Application->doRun(Object(Symfony/Component/Console/Input/ArgvInput), Object(Symfony/Component/Console/Output/ConsoleOutput))
#26 D:/0_Project_VS_Code/3. Sistem Basis Data/TB-K1-Database/lapak_gaming/vendor/laravel/framework/src/Illuminate/Foundation/Console/Kernel.php(198): Symfony/Component/Console/Application->run(Object(Symfony/Component/Console/Input/ArgvInput), Object(Symfony/Component/Console/Output/ConsoleOutput))
#27 D:/0_Project_VS_Code/3. Sistem Basis Data/TB-K1-Database/lapak_gaming/vendor/laravel/framework/src/Illuminate/Foundation/Application.php(1235): Illuminate/Foundation/Console/Kernel->handle(Object(Symfony/Component/Console/Input/ArgvInput), Object(Symfony/Component/Console/Output/ConsoleOutput))
#28 D:/0_Project_VS_Code/3. Sistem Basis Data/TB-K1-Database/lapak_gaming/artisan(16): Illuminate/Foundation/Application->handleCommand(Object(Symfony/Component/Console/Input/ArgvInput))
#29 {main}

[previous exception] [object] (PDOException(code: 2002): SQLSTATE[HY000] [2002] No connection could be made because the target machine actively refused it at D:/0_Project_VS_Code/3. Sistem Basis Data/TB-K1-Database/lapak_gaming/vendor/laravel/framework/src/Illuminate/Database/Connectors/Connector.php:67)
[stacktrace]
#0 D:/0_Project_VS_Code/3. Sistem Basis Data/TB-K1-Database/lapak_gaming/vendor/laravel/framework/src/Illuminate/Database/Connectors/Connector.php(67): PDO::connect('mysql:host=127....', 'root', Object(SensitiveParameterValue), Array)
#1 D:/0_Project_VS_Code/3. Sistem Basis Data/TB-K1-Database/lapak_gaming/vendor/laravel/framework/src/Illuminate/Database/Connectors/Connector.php(85): Illuminate/Database/Connectors/Connector->createPdoConnection('mysql:host=127....', 'root', Object(SensitiveParameterValue), Array)
#2 D:/0_Project_VS_Code/3. Sistem Basis Data/TB-K1-Database/lapak_gaming/vendor/laravel/framework/src/Illuminate/Database/Connectors/Connector.php(48): Illuminate/Database/Connectors/Connector->tryAgainIfCausedByLostConnection(Object(PDOException), 'mysql:host=127....', 'root', Object(SensitiveParameterValue), Array)
#3 D:/0_Project_VS_Code/3. Sistem Basis Data/TB-K1-Database/lapak_gaming/vendor/laravel/framework/src/Illuminate/Database/Connectors/MySqlConnector.php(24): Illuminate/Database/Connectors/Connector->createConnection('mysql:host=127....', Array, Array)
#4 D:/0_Project_VS_Code/3. Sistem Basis Data/TB-K1-Database/lapak_gaming/vendor/laravel/framework/src/Illuminate/Database/Connectors/ConnectionFactory.php(186): Illuminate/Database/Connectors/MySqlConnector->connect(Array)
#5 [internal function]: Illuminate/Database/Connectors/ConnectionFactory->{closure:Illuminate/Database/Connectors/ConnectionFactory::createPdoResolverWithHosts():181}()
#6 D:/0_Project_VS_Code/3. Sistem Basis Data/TB-K1-Database/lapak_gaming/vendor/laravel/framework/src/Illuminate/Database/Connection.php(1279): call_user_func(Object(Closure))
#7 D:/0_Project_VS_Code/3. Sistem Basis Data/TB-K1-Database/lapak_gaming/vendor/laravel/framework/src/Illuminate/Database/Connection.php(1317): Illuminate/Database/Connection->getPdo()
#8 D:/0_Project_VS_Code/3. Sistem Basis Data/TB-K1-Database/lapak_gaming/vendor/laravel/framework/src/Illuminate/Database/Connection.php(528): Illuminate/Database/Connection->getReadPdo()
#9 D:/0_Project_VS_Code/3. Sistem Basis Data/TB-K1-Database/lapak_gaming/vendor/laravel/framework/src/Illuminate/Database/Connection.php(421): Illuminate/Database/Connection->getPdoForSelect(true)
#10 D:/0_Project_VS_Code/3. Sistem Basis Data/TB-K1-Database/lapak_gaming/vendor/laravel/framework/src/Illuminate/Database/Connection.php(830): Illuminate/Database/Connection->{closure:Illuminate/Database/Connection::select():412}('select * from `...', Array)
#11 D:/0_Project_VS_Code/3. Sistem Basis Data/TB-K1-Database/lapak_gaming/vendor/laravel/framework/src/Illuminate/Database/Connection.php(1021): Illuminate/Database/Connection->runQueryCallback('select * from `...', Array, Object(Closure))
#12 D:/0_Project_VS_Code/3. Sistem Basis Data/TB-K1-Database/lapak_gaming/vendor/laravel/framework/src/Illuminate/Database/Connection.php(1000): Illuminate/Database/Connection->tryAgainIfCausedByLostConnection(Object(Illuminate/Database/QueryException), 'select * from `...', Array, Object(Closure))
#13 D:/0_Project_VS_Code/3. Sistem Basis Data/TB-K1-Database/lapak_gaming/vendor/laravel/framework/src/Illuminate/Database/Connection.php(799): Illuminate/Database/Connection->handleQueryException(Object(Illuminate/Database/QueryException), 'select * from `...', Array, Object(Closure))
#14 D:/0_Project_VS_Code/3. Sistem Basis Data/TB-K1-Database/lapak_gaming/vendor/laravel/framework/src/Illuminate/Database/Connection.php(412): Illuminate/Database/Connection->run('select * from `...', Array, Object(Closure))
#15 D:/0_Project_VS_Code/3. Sistem Basis Data/TB-K1-Database/lapak_gaming/vendor/laravel/framework/src/Illuminate/Database/Query/Builder.php(3562): Illuminate/Database/Connection->select('select * from `...', Array, true, Array)
#16 D:/0_Project_VS_Code/3. Sistem Basis Data/TB-K1-Database/lapak_gaming/vendor/laravel/framework/src/Illuminate/Database/Query/Builder.php(3546): Illuminate/Database/Query/Builder->runSelect()
#17 D:/0_Project_VS_Code/3. Sistem Basis Data/TB-K1-Database/lapak_gaming/vendor/laravel/framework/src/Illuminate/Cache/DatabaseStore.php(142): Illuminate/Database/Query/Builder->get()
#18 D:/0_Project_VS_Code/3. Sistem Basis Data/TB-K1-Database/lapak_gaming/vendor/laravel/framework/src/Illuminate/Cache/DatabaseStore.php(117): Illuminate/Cache/DatabaseStore->many(Array)
#19 D:/0_Project_VS_Code/3. Sistem Basis Data/TB-K1-Database/lapak_gaming/vendor/laravel/framework/src/Illuminate/Cache/Repository.php(124): Illuminate/Cache/DatabaseStore->get('illuminate:queu...')
#20 D:/0_Project_VS_Code/3. Sistem Basis Data/TB-K1-Database/lapak_gaming/vendor/laravel/framework/src/Illuminate/Queue/QueueManager.php(282): Illuminate/Cache/Repository->get('illuminate:queu...', false)
#21 D:/0_Project_VS_Code/3. Sistem Basis Data/TB-K1-Database/lapak_gaming/vendor/laravel/framework/src/Illuminate/Queue/Worker.php(428): Illuminate/Queue/QueueManager->isPaused('database', 'default')
#22 D:/0_Project_VS_Code/3. Sistem Basis Data/TB-K1-Database/lapak_gaming/vendor/laravel/framework/src/Illuminate/Queue/Worker.php(396): Illuminate/Queue/Worker->queuePaused('database', 'default')
#23 D:/0_Project_VS_Code/3. Sistem Basis Data/TB-K1-Database/lapak_gaming/vendor/laravel/framework/src/Illuminate/Queue/Worker.php(357): Illuminate/Queue/Worker->getNextJob(Object(Illuminate/Queue/DatabaseQueue), 'default')
#24 D:/0_Project_VS_Code/3. Sistem Basis Data/TB-K1-Database/lapak_gaming/vendor/laravel/framework/src/Illuminate/Queue/Console/WorkCommand.php(148): Illuminate/Queue/Worker->runNextJob('database', 'default', Object(Illuminate/Queue/WorkerOptions))
#25 D:/0_Project_VS_Code/3. Sistem Basis Data/TB-K1-Database/lapak_gaming/vendor/laravel/framework/src/Illuminate/Queue/Console/WorkCommand.php(131): Illuminate/Queue/Console/WorkCommand->runWorker('database', 'default')
#26 D:/0_Project_VS_Code/3. Sistem Basis Data/TB-K1-Database/lapak_gaming/vendor/laravel/framework/src/Illuminate/Container/BoundMethod.php(36): Illuminate/Queue/Console/WorkCommand->handle()
#27 D:/0_Project_VS_Code/3. Sistem Basis Data/TB-K1-Database/lapak_gaming/vendor/laravel/framework/src/Illuminate/Container/Util.php(43): Illuminate/Container/BoundMethod::{closure:Illuminate/Container/BoundMethod::call():35}()
#28 D:/0_Project_VS_Code/3. Sistem Basis Data/TB-K1-Database/lapak_gaming/vendor/laravel/framework/src/Illuminate/Container/BoundMethod.php(96): Illuminate/Container/Util::unwrapIfClosure(Object(Closure))
#29 D:/0_Project_VS_Code/3. Sistem Basis Data/TB-K1-Database/lapak_gaming/vendor/laravel/framework/src/Illuminate/Container/BoundMethod.php(35): Illuminate/Container/BoundMethod::callBoundMethod(Object(Illuminate/Foundation/Application), Array, Object(Closure))
#30 D:/0_Project_VS_Code/3. Sistem Basis Data/TB-K1-Database/lapak_gaming/vendor/laravel/framework/src/Illuminate/Container/Container.php(799): Illuminate/Container/BoundMethod::call(Object(Illuminate/Foundation/Application), Array, Array, NULL)
#31 D:/0_Project_VS_Code/3. Sistem Basis Data/TB-K1-Database/lapak_gaming/vendor/laravel/framework/src/Illuminate/Console/Command.php(280): Illuminate/Container/Container->call(Array)
#32 D:/0_Project_VS_Code/3. Sistem Basis Data/TB-K1-Database/lapak_gaming/vendor/symfony/console/Command/Command.php(291): Illuminate/Console/Command->execute(Object(Symfony/Component/Console/Input/ArgvInput), Object(Illuminate/Console/OutputStyle))
#33 D:/0_Project_VS_Code/3. Sistem Basis Data/TB-K1-Database/lapak_gaming/vendor/laravel/framework/src/Illuminate/Console/Command.php(249): Symfony/Component/Console/Command/Command->run(Object(Symfony/Component/Console/Input/ArgvInput), Object(Illuminate/Console/OutputStyle))
#34 D:/0_Project_VS_Code/3. Sistem Basis Data/TB-K1-Database/lapak_gaming/vendor/symfony/console/Application.php(1107): Illuminate/Console/Command->run(Object(Symfony/Component/Console/Input/ArgvInput), Object(Symfony/Component/Console/Output/ConsoleOutput))
#35 D:/0_Project_VS_Code/3. Sistem Basis Data/TB-K1-Database/lapak_gaming/vendor/symfony/console/Application.php(356): Symfony/Component/Console/Application->doRunCommand(Object(Illuminate/Queue/Console/WorkCommand), Object(Symfony/Component/Console/Input/ArgvInput), Object(Symfony/Component/Console/Output/ConsoleOutput))
#36 D:/0_Project_VS_Code/3. Sistem Basis Data/TB-K1-Database/lapak_gaming/vendor/symfony/console/Application.php(195): Symfony/Component/Console/Application->doRun(Object(Symfony/Component/Console/Input/ArgvInput), Object(Symfony/Component/Console/Output/ConsoleOutput))
#37 D:/0_Project_VS_Code/3. Sistem Basis Data/TB-K1-Database/lapak_gaming/vendor/laravel/framework/src/Illuminate/Foundation/Console/Kernel.php(198): Symfony/Component/Console/Application->run(Object(Symfony/Component/Console/Input/ArgvInput), Object(Symfony/Component/Console/Output/ConsoleOutput))
#38 D:/0_Project_VS_Code/3. Sistem Basis Data/TB-K1-Database/lapak_gaming/vendor/laravel/framework/src/Illuminate/Foundation/Application.php(1235): Illuminate/Foundation/Console/Kernel->handle(Object(Symfony/Component/Console/Input/ArgvInput), Object(Symfony/Component/Console/Output/ConsoleOutput))
#39 D:/0_Project_VS_Code/3. Sistem Basis Data/TB-K1-Database/lapak_gaming/artisan(16): Illuminate/Foundation/Application->handleCommand(Object(Symfony/Component/Console/Input/ArgvInput))
#40 {main}
"} 
[2026-04-01 06:20:27] local.ERROR: SQLSTATE[HY000] [2002] No connection could be made because the target machine actively refused it (Connection: mysql, Host: 127.0.0.1, Port: 3306, Database: lapak_gaming, SQL: select * from `cache` where `key` in (laravel-cache-illuminate:queue:paused:database:default)) {"exception":"[object] (Illuminate\\Database\\QueryException(code: 2002): SQLSTATE[HY000] [2002] No connection could be made because the target machine actively refused it (Connection: mysql, Host: 127.0.0.1, Port: 3306, Database: lapak_gaming, SQL: select * from `cache` where `key` in (laravel-cache-illuminate:queue:paused:database:default)) at D:/0_Project_VS_Code/3. Sistem Basis Data/TB-K1-Database/lapak_gaming/vendor/laravel/framework/src/Illuminate/Database/Connection.php:841)
[stacktrace]
#0 D:/0_Project_VS_Code/3. Sistem Basis Data/TB-K1-Database/lapak_gaming/vendor/laravel/framework/src/Illuminate/Database/Connection.php(1021): Illuminate/Database/Connection->runQueryCallback('select * from `...', Array, Object(Closure))
#1 D:/0_Project_VS_Code/3. Sistem Basis Data/TB-K1-Database/lapak_gaming/vendor/laravel/framework/src/Illuminate/Database/Connection.php(1000): Illuminate/Database/Connection->tryAgainIfCausedByLostConnection(Object(Illuminate/Database/QueryException), 'select * from `...', Array, Object(Closure))
#2 D:/0_Project_VS_Code/3. Sistem Basis Data/TB-K1-Database/lapak_gaming/vendor/laravel/framework/src/Illuminate/Database/Connection.php(799): Illuminate/Database/Connection->handleQueryException(Object(Illuminate/Database/QueryException), 'select * from `...', Array, Object(Closure))
#3 D:/0_Project_VS_Code/3. Sistem Basis Data/TB-K1-Database/lapak_gaming/vendor/laravel/framework/src/Illuminate/Database/Connection.php(412): Illuminate/Database/Connection->run('select * from `...', Array, Object(Closure))
#4 D:/0_Project_VS_Code/3. Sistem Basis Data/TB-K1-Database/lapak_gaming/vendor/laravel/framework/src/Illuminate/Database/Query/Builder.php(3562): Illuminate/Database/Connection->select('select * from `...', Array, true, Array)
#5 D:/0_Project_VS_Code/3. Sistem Basis Data/TB-K1-Database/lapak_gaming/vendor/laravel/framework/src/Illuminate/Database/Query/Builder.php(3546): Illuminate/Database/Query/Builder->runSelect()
#6 D:/0_Project_VS_Code/3. Sistem Basis Data/TB-K1-Database/lapak_gaming/vendor/laravel/framework/src/Illuminate/Cache/DatabaseStore.php(142): Illuminate/Database/Query/Builder->get()
#7 D:/0_Project_VS_Code/3. Sistem Basis Data/TB-K1-Database/lapak_gaming/vendor/laravel/framework/src/Illuminate/Cache/DatabaseStore.php(117): Illuminate/Cache/DatabaseStore->many(Array)
#8 D:/0_Project_VS_Code/3. Sistem Basis Data/TB-K1-Database/lapak_gaming/vendor/laravel/framework/src/Illuminate/Cache/Repository.php(124): Illuminate/Cache/DatabaseStore->get('illuminate:queu...')
#9 D:/0_Project_VS_Code/3. Sistem Basis Data/TB-K1-Database/lapak_gaming/vendor/laravel/framework/src/Illuminate/Queue/QueueManager.php(282): Illuminate/Cache/Repository->get('illuminate:queu...', false)
#10 D:/0_Project_VS_Code/3. Sistem Basis Data/TB-K1-Database/lapak_gaming/vendor/laravel/framework/src/Illuminate/Queue/Worker.php(428): Illuminate/Queue/QueueManager->isPaused('database', 'default')
#11 D:/0_Project_VS_Code/3. Sistem Basis Data/TB-K1-Database/lapak_gaming/vendor/laravel/framework/src/Illuminate/Queue/Worker.php(396): Illuminate/Queue/Worker->queuePaused('database', 'default')
#12 D:/0_Project_VS_Code/3. Sistem Basis Data/TB-K1-Database/lapak_gaming/vendor/laravel/framework/src/Illuminate/Queue/Worker.php(357): Illuminate/Queue/Worker->getNextJob(Object(Illuminate/Queue/DatabaseQueue), 'default')
#13 D:/0_Project_VS_Code/3. Sistem Basis Data/TB-K1-Database/lapak_gaming/vendor/laravel/framework/src/Illuminate/Queue/Console/WorkCommand.php(148): Illuminate/Queue/Worker->runNextJob('database', 'default', Object(Illuminate/Queue/WorkerOptions))
#14 D:/0_Project_VS_Code/3. Sistem Basis Data/TB-K1-Database/lapak_gaming/vendor/laravel/framework/src/Illuminate/Queue/Console/WorkCommand.php(131): Illuminate/Queue/Console/WorkCommand->runWorker('database', 'default')
#15 D:/0_Project_VS_Code/3. Sistem Basis Data/TB-K1-Database/lapak_gaming/vendor/laravel/framework/src/Illuminate/Container/BoundMethod.php(36): Illuminate/Queue/Console/WorkCommand->handle()
#16 D:/0_Project_VS_Code/3. Sistem Basis Data/TB-K1-Database/lapak_gaming/vendor/laravel/framework/src/Illuminate/Container/Util.php(43): Illuminate/Container/BoundMethod::{closure:Illuminate/Container/BoundMethod::call():35}()
#17 D:/0_Project_VS_Code/3. Sistem Basis Data/TB-K1-Database/lapak_gaming/vendor/laravel/framework/src/Illuminate/Container/BoundMethod.php(96): Illuminate/Container/Util::unwrapIfClosure(Object(Closure))
#18 D:/0_Project_VS_Code/3. Sistem Basis Data/TB-K1-Database/lapak_gaming/vendor/laravel/framework/src/Illuminate/Container/BoundMethod.php(35): Illuminate/Container/BoundMethod::callBoundMethod(Object(Illuminate/Foundation/Application), Array, Object(Closure))
#19 D:/0_Project_VS_Code/3. Sistem Basis Data/TB-K1-Database/lapak_gaming/vendor/laravel/framework/src/Illuminate/Container/Container.php(799): Illuminate/Container/BoundMethod::call(Object(Illuminate/Foundation/Application), Array, Array, NULL)
#20 D:/0_Project_VS_Code/3. Sistem Basis Data/TB-K1-Database/lapak_gaming/vendor/laravel/framework/src/Illuminate/Console/Command.php(280): Illuminate/Container/Container->call(Array)
#21 D:/0_Project_VS_Code/3. Sistem Basis Data/TB-K1-Database/lapak_gaming/vendor/symfony/console/Command/Command.php(291): Illuminate/Console/Command->execute(Object(Symfony/Component/Console/Input/ArgvInput), Object(Illuminate/Console/OutputStyle))
#22 D:/0_Project_VS_Code/3. Sistem Basis Data/TB-K1-Database/lapak_gaming/vendor/laravel/framework/src/Illuminate/Console/Command.php(249): Symfony/Component/Console/Command/Command->run(Object(Symfony/Component/Console/Input/ArgvInput), Object(Illuminate/Console/OutputStyle))
#23 D:/0_Project_VS_Code/3. Sistem Basis Data/TB-K1-Database/lapak_gaming/vendor/symfony/console/Application.php(1107): Illuminate/Console/Command->run(Object(Symfony/Component/Console/Input/ArgvInput), Object(Symfony/Component/Console/Output/ConsoleOutput))
#24 D:/0_Project_VS_Code/3. Sistem Basis Data/TB-K1-Database/lapak_gaming/vendor/symfony/console/Application.php(356): Symfony/Component/Console/Application->doRunCommand(Object(Illuminate/Queue/Console/WorkCommand), Object(Symfony/Component/Console/Input/ArgvInput), Object(Symfony/Component/Console/Output/ConsoleOutput))
#25 D:/0_Project_VS_Code/3. Sistem Basis Data/TB-K1-Database/lapak_gaming/vendor/symfony/console/Application.php(195): Symfony/Component/Console/Application->doRun(Object(Symfony/Component/Console/Input/ArgvInput), Object(Symfony/Component/Console/Output/ConsoleOutput))
#26 D:/0_Project_VS_Code/3. Sistem Basis Data/TB-K1-Database/lapak_gaming/vendor/laravel/framework/src/Illuminate/Foundation/Console/Kernel.php(198): Symfony/Component/Console/Application->run(Object(Symfony/Component/Console/Input/ArgvInput), Object(Symfony/Component/Console/Output/ConsoleOutput))
#27 D:/0_Project_VS_Code/3. Sistem Basis Data/TB-K1-Database/lapak_gaming/vendor/laravel/framework/src/Illuminate/Foundation/Application.php(1235): Illuminate/Foundation/Console/Kernel->handle(Object(Symfony/Component/Console/Input/ArgvInput), Object(Symfony/Component/Console/Output/ConsoleOutput))
#28 D:/0_Project_VS_Code/3. Sistem Basis Data/TB-K1-Database/lapak_gaming/artisan(16): Illuminate/Foundation/Application->handleCommand(Object(Symfony/Component/Console/Input/ArgvInput))
#29 {main}

[previous exception] [object] (PDOException(code: 2002): SQLSTATE[HY000] [2002] No connection could be made because the target machine actively refused it at D:/0_Project_VS_Code/3. Sistem Basis Data/TB-K1-Database/lapak_gaming/vendor/laravel/framework/src/Illuminate/Database/Connectors/Connector.php:67)
[stacktrace]
#0 D:/0_Project_VS_Code/3. Sistem Basis Data/TB-K1-Database/lapak_gaming/vendor/laravel/framework/src/Illuminate/Database/Connectors/Connector.php(67): PDO::connect('mysql:host=127....', 'root', Object(SensitiveParameterValue), Array)
#1 D:/0_Project_VS_Code/3. Sistem Basis Data/TB-K1-Database/lapak_gaming/vendor/laravel/framework/src/Illuminate/Database/Connectors/Connector.php(85): Illuminate/Database/Connectors/Connector->createPdoConnection('mysql:host=127....', 'root', Object(SensitiveParameterValue), Array)
#2 D:/0_Project_VS_Code/3. Sistem Basis Data/TB-K1-Database/lapak_gaming/vendor/laravel/framework/src/Illuminate/Database/Connectors/Connector.php(48): Illuminate/Database/Connectors/Connector->tryAgainIfCausedByLostConnection(Object(PDOException), 'mysql:host=127....', 'root', Object(SensitiveParameterValue), Array)
#3 D:/0_Project_VS_Code/3. Sistem Basis Data/TB-K1-Database/lapak_gaming/vendor/laravel/framework/src/Illuminate/Database/Connectors/MySqlConnector.php(24): Illuminate/Database/Connectors/Connector->createConnection('mysql:host=127....', Array, Array)
#4 D:/0_Project_VS_Code/3. Sistem Basis Data/TB-K1-Database/lapak_gaming/vendor/laravel/framework/src/Illuminate/Database/Connectors/ConnectionFactory.php(186): Illuminate/Database/Connectors/MySqlConnector->connect(Array)
#5 [internal function]: Illuminate/Database/Connectors/ConnectionFactory->{closure:Illuminate/Database/Connectors/ConnectionFactory::createPdoResolverWithHosts():181}()
#6 D:/0_Project_VS_Code/3. Sistem Basis Data/TB-K1-Database/lapak_gaming/vendor/laravel/framework/src/Illuminate/Database/Connection.php(1279): call_user_func(Object(Closure))
#7 D:/0_Project_VS_Code/3. Sistem Basis Data/TB-K1-Database/lapak_gaming/vendor/laravel/framework/src/Illuminate/Database/Connection.php(1317): Illuminate/Database/Connection->getPdo()
#8 D:/0_Project_VS_Code/3. Sistem Basis Data/TB-K1-Database/lapak_gaming/vendor/laravel/framework/src/Illuminate/Database/Connection.php(528): Illuminate/Database/Connection->getReadPdo()
#9 D:/0_Project_VS_Code/3. Sistem Basis Data/TB-K1-Database/lapak_gaming/vendor/laravel/framework/src/Illuminate/Database/Connection.php(421): Illuminate/Database/Connection->getPdoForSelect(true)
#10 D:/0_Project_VS_Code/3. Sistem Basis Data/TB-K1-Database/lapak_gaming/vendor/laravel/framework/src/Illuminate/Database/Connection.php(830): Illuminate/Database/Connection->{closure:Illuminate/Database/Connection::select():412}('select * from `...', Array)
#11 D:/0_Project_VS_Code/3. Sistem Basis Data/TB-K1-Database/lapak_gaming/vendor/laravel/framework/src/Illuminate/Database/Connection.php(1021): Illuminate/Database/Connection->runQueryCallback('select * from `...', Array, Object(Closure))
#12 D:/0_Project_VS_Code/3. Sistem Basis Data/TB-K1-Database/lapak_gaming/vendor/laravel/framework/src/Illuminate/Database/Connection.php(1000): Illuminate/Database/Connection->tryAgainIfCausedByLostConnection(Object(Illuminate/Database/QueryException), 'select * from `...', Array, Object(Closure))
#13 D:/0_Project_VS_Code/3. Sistem Basis Data/TB-K1-Database/lapak_gaming/vendor/laravel/framework/src/Illuminate/Database/Connection.php(799): Illuminate/Database/Connection->handleQueryException(Object(Illuminate/Database/QueryException), 'select * from `...', Array, Object(Closure))
#14 D:/0_Project_VS_Code/3. Sistem Basis Data/TB-K1-Database/lapak_gaming/vendor/laravel/framework/src/Illuminate/Database/Connection.php(412): Illuminate/Database/Connection->run('select * from `...', Array, Object(Closure))
#15 D:/0_Project_VS_Code/3. Sistem Basis Data/TB-K1-Database/lapak_gaming/vendor/laravel/framework/src/Illuminate/Database/Query/Builder.php(3562): Illuminate/Database/Connection->select('select * from `...', Array, true, Array)
#16 D:/0_Project_VS_Code/3. Sistem Basis Data/TB-K1-Database/lapak_gaming/vendor/laravel/framework/src/Illuminate/Database/Query/Builder.php(3546): Illuminate/Database/Query/Builder->runSelect()
#17 D:/0_Project_VS_Code/3. Sistem Basis Data/TB-K1-Database/lapak_gaming/vendor/laravel/framework/src/Illuminate/Cache/DatabaseStore.php(142): Illuminate/Database/Query/Builder->get()
#18 D:/0_Project_VS_Code/3. Sistem Basis Data/TB-K1-Database/lapak_gaming/vendor/laravel/framework/src/Illuminate/Cache/DatabaseStore.php(117): Illuminate/Cache/DatabaseStore->many(Array)
#19 D:/0_Project_VS_Code/3. Sistem Basis Data/TB-K1-Database/lapak_gaming/vendor/laravel/framework/src/Illuminate/Cache/Repository.php(124): Illuminate/Cache/DatabaseStore->get('illuminate:queu...')
#20 D:/0_Project_VS_Code/3. Sistem Basis Data/TB-K1-Database/lapak_gaming/vendor/laravel/framework/src/Illuminate/Queue/QueueManager.php(282): Illuminate/Cache/Repository->get('illuminate:queu...', false)
#21 D:/0_Project_VS_Code/3. Sistem Basis Data/TB-K1-Database/lapak_gaming/vendor/laravel/framework/src/Illuminate/Queue/Worker.php(428): Illuminate/Queue/QueueManager->isPaused('database', 'default')
#22 D:/0_Project_VS_Code/3. Sistem Basis Data/TB-K1-Database/lapak_gaming/vendor/laravel/framework/src/Illuminate/Queue/Worker.php(396): Illuminate/Queue/Worker->queuePaused('database', 'default')
#23 D:/0_Project_VS_Code/3. Sistem Basis Data/TB-K1-Database/lapak_gaming/vendor/laravel/framework/src/Illuminate/Queue/Worker.php(357): Illuminate/Queue/Worker->getNextJob(Object(Illuminate/Queue/DatabaseQueue), 'default')
#24 D:/0_Project_VS_Code/3. Sistem Basis Data/TB-K1-Database/lapak_gaming/vendor/laravel/framework/src/Illuminate/Queue/Console/WorkCommand.php(148): Illuminate/Queue/Worker->runNextJob('database', 'default', Object(Illuminate/Queue/WorkerOptions))
#25 D:/0_Project_VS_Code/3. Sistem Basis Data/TB-K1-Database/lapak_gaming/vendor/laravel/framework/src/Illuminate/Queue/Console/WorkCommand.php(131): Illuminate/Queue/Console/WorkCommand->runWorker('database', 'default')
#26 D:/0_Project_VS_Code/3. Sistem Basis Data/TB-K1-Database/lapak_gaming/vendor/laravel/framework/src/Illuminate/Container/BoundMethod.php(36): Illuminate/Queue/Console/WorkCommand->handle()
#27 D:/0_Project_VS_Code/3. Sistem Basis Data/TB-K1-Database/lapak_gaming/vendor/laravel/framework/src/Illuminate/Container/Util.php(43): Illuminate/Container/BoundMethod::{closure:Illuminate/Container/BoundMethod::call():35}()
#28 D:/0_Project_VS_Code/3. Sistem Basis Data/TB-K1-Database/lapak_gaming/vendor/laravel/framework/src/Illuminate/Container/BoundMethod.php(96): Illuminate/Container/Util::unwrapIfClosure(Object(Closure))
#29 D:/0_Project_VS_Code/3. Sistem Basis Data/TB-K1-Database/lapak_gaming/vendor/laravel/framework/src/Illuminate/Container/BoundMethod.php(35): Illuminate/Container/BoundMethod::callBoundMethod(Object(Illuminate/Foundation/Application), Array, Object(Closure))
#30 D:/0_Project_VS_Code/3. Sistem Basis Data/TB-K1-Database/lapak_gaming/vendor/laravel/framework/src/Illuminate/Container/Container.php(799): Illuminate/Container/BoundMethod::call(Object(Illuminate/Foundation/Application), Array, Array, NULL)
#31 D:/0_Project_VS_Code/3. Sistem Basis Data/TB-K1-Database/lapak_gaming/vendor/laravel/framework/src/Illuminate/Console/Command.php(280): Illuminate/Container/Container->call(Array)
#32 D:/0_Project_VS_Code/3. Sistem Basis Data/TB-K1-Database/lapak_gaming/vendor/symfony/console/Command/Command.php(291): Illuminate/Console/Command->execute(Object(Symfony/Component/Console/Input/ArgvInput), Object(Illuminate/Console/OutputStyle))
#33 D:/0_Project_VS_Code/3. Sistem Basis Data/TB-K1-Database/lapak_gaming/vendor/laravel/framework/src/Illuminate/Console/Command.php(249): Symfony/Component/Console/Command/Command->run(Object(Symfony/Component/Console/Input/ArgvInput), Object(Illuminate/Console/OutputStyle))
#34 D:/0_Project_VS_Code/3. Sistem Basis Data/TB-K1-Database/lapak_gaming/vendor/symfony/console/Application.php(1107): Illuminate/Console/Command->run(Object(Symfony/Component/Console/Input/ArgvInput), Object(Symfony/Component/Console/Output/ConsoleOutput))
#35 D:/0_Project_VS_Code/3. Sistem Basis Data/TB-K1-Database/lapak_gaming/vendor/symfony/console/Application.php(356): Symfony/Component/Console/Application->doRunCommand(Object(Illuminate/Queue/Console/WorkCommand), Object(Symfony/Component/Console/Input/ArgvInput), Object(Symfony/Component/Console/Output/ConsoleOutput))
#36 D:/0_Project_VS_Code/3. Sistem Basis Data/TB-K1-Database/lapak_gaming/vendor/symfony/console/Application.php(195): Symfony/Component/Console/Application->doRun(Object(Symfony/Component/Console/Input/ArgvInput), Object(Symfony/Component/Console/Output/ConsoleOutput))
#37 D:/0_Project_VS_Code/3. Sistem Basis Data/TB-K1-Database/lapak_gaming/vendor/laravel/framework/src/Illuminate/Foundation/Console/Kernel.php(198): Symfony/Component/Console/Application->run(Object(Symfony/Component/Console/Input/ArgvInput), Object(Symfony/Component/Console/Output/ConsoleOutput))
#38 D:/0_Project_VS_Code/3. Sistem Basis Data/TB-K1-Database/lapak_gaming/vendor/laravel/framework/src/Illuminate/Foundation/Application.php(1235): Illuminate/Foundation/Console/Kernel->handle(Object(Symfony/Component/Console/Input/ArgvInput), Object(Symfony/Component/Console/Output/ConsoleOutput))
#39 D:/0_Project_VS_Code/3. Sistem Basis Data/TB-K1-Database/lapak_gaming/artisan(16): Illuminate/Foundation/Application->handleCommand(Object(Symfony/Component/Console/Input/ArgvInput))
#40 {main}
"} 
[2026-04-01 06:20:39] local.ERROR: SQLSTATE[HY000] [2002] No connection could be made because the target machine actively refused it (Connection: mysql, Host: 127.0.0.1, Port: 3306, Database: lapak_gaming, SQL: select * from `cache` where `key` in (laravel-cache-illuminate:queue:paused:database:default)) {"exception":"[object] (Illuminate\\Database\\QueryException(code: 2002): SQLSTATE[HY000] [2002] No connection could be made because the target machine actively refused it (Connection: mysql, Host: 127.0.0.1, Port: 3306, Database: lapak_gaming, SQL: select * from `cache` where `key` in (laravel-cache-illuminate:queue:paused:database:default)) at D:/0_Project_VS_Code/3. Sistem Basis Data/TB-K1-Database/lapak_gaming/vendor/laravel/framework/src/Illuminate/Database/Connection.php:841)
[stacktrace]
#0 D:/0_Project_VS_Code/3. Sistem Basis Data/TB-K1-Database/lapak_gaming/vendor/laravel/framework/src/Illuminate/Database/Connection.php(1021): Illuminate/Database/Connection->runQueryCallback('select * from `...', Array, Object(Closure))
#1 D:/0_Project_VS_Code/3. Sistem Basis Data/TB-K1-Database/lapak_gaming/vendor/laravel/framework/src/Illuminate/Database/Connection.php(1000): Illuminate/Database/Connection->tryAgainIfCausedByLostConnection(Object(Illuminate/Database/QueryException), 'select * from `...', Array, Object(Closure))
#2 D:/0_Project_VS_Code/3. Sistem Basis Data/TB-K1-Database/lapak_gaming/vendor/laravel/framework/src/Illuminate/Database/Connection.php(799): Illuminate/Database/Connection->handleQueryException(Object(Illuminate/Database/QueryException), 'select * from `...', Array, Object(Closure))
#3 D:/0_Project_VS_Code/3. Sistem Basis Data/TB-K1-Database/lapak_gaming/vendor/laravel/framework/src/Illuminate/Database/Connection.php(412): Illuminate/Database/Connection->run('select * from `...', Array, Object(Closure))
#4 D:/0_Project_VS_Code/3. Sistem Basis Data/TB-K1-Database/lapak_gaming/vendor/laravel/framework/src/Illuminate/Database/Query/Builder.php(3562): Illuminate/Database/Connection->select('select * from `...', Array, true, Array)
#5 D:/0_Project_VS_Code/3. Sistem Basis Data/TB-K1-Database/lapak_gaming/vendor/laravel/framework/src/Illuminate/Database/Query/Builder.php(3546): Illuminate/Database/Query/Builder->runSelect()
#6 D:/0_Project_VS_Code/3. Sistem Basis Data/TB-K1-Database/lapak_gaming/vendor/laravel/framework/src/Illuminate/Cache/DatabaseStore.php(142): Illuminate/Database/Query/Builder->get()
#7 D:/0_Project_VS_Code/3. Sistem Basis Data/TB-K1-Database/lapak_gaming/vendor/laravel/framework/src/Illuminate/Cache/DatabaseStore.php(117): Illuminate/Cache/DatabaseStore->many(Array)
#8 D:/0_Project_VS_Code/3. Sistem Basis Data/TB-K1-Database/lapak_gaming/vendor/laravel/framework/src/Illuminate/Cache/Repository.php(124): Illuminate/Cache/DatabaseStore->get('illuminate:queu...')
#9 D:/0_Project_VS_Code/3. Sistem Basis Data/TB-K1-Database/lapak_gaming/vendor/laravel/framework/src/Illuminate/Queue/QueueManager.php(282): Illuminate/Cache/Repository->get('illuminate:queu...', false)
#10 D:/0_Project_VS_Code/3. Sistem Basis Data/TB-K1-Database/lapak_gaming/vendor/laravel/framework/src/Illuminate/Queue/Worker.php(428): Illuminate/Queue/QueueManager->isPaused('database', 'default')
#11 D:/0_Project_VS_Code/3. Sistem Basis Data/TB-K1-Database/lapak_gaming/vendor/laravel/framework/src/Illuminate/Queue/Worker.php(396): Illuminate/Queue/Worker->queuePaused('database', 'default')
#12 D:/0_Project_VS_Code/3. Sistem Basis Data/TB-K1-Database/lapak_gaming/vendor/laravel/framework/src/Illuminate/Queue/Worker.php(357): Illuminate/Queue/Worker->getNextJob(Object(Illuminate/Queue/DatabaseQueue), 'default')
#13 D:/0_Project_VS_Code/3. Sistem Basis Data/TB-K1-Database/lapak_gaming/vendor/laravel/framework/src/Illuminate/Queue/Console/WorkCommand.php(148): Illuminate/Queue/Worker->runNextJob('database', 'default', Object(Illuminate/Queue/WorkerOptions))
#14 D:/0_Project_VS_Code/3. Sistem Basis Data/TB-K1-Database/lapak_gaming/vendor/laravel/framework/src/Illuminate/Queue/Console/WorkCommand.php(131): Illuminate/Queue/Console/WorkCommand->runWorker('database', 'default')
#15 D:/0_Project_VS_Code/3. Sistem Basis Data/TB-K1-Database/lapak_gaming/vendor/laravel/framework/src/Illuminate/Container/BoundMethod.php(36): Illuminate/Queue/Console/WorkCommand->handle()
#16 D:/0_Project_VS_Code/3. Sistem Basis Data/TB-K1-Database/lapak_gaming/vendor/laravel/framework/src/Illuminate/Container/Util.php(43): Illuminate/Container/BoundMethod::{closure:Illuminate/Container/BoundMethod::call():35}()
#17 D:/0_Project_VS_Code/3. Sistem Basis Data/TB-K1-Database/lapak_gaming/vendor/laravel/framework/src/Illuminate/Container/BoundMethod.php(96): Illuminate/Container/Util::unwrapIfClosure(Object(Closure))
#18 D:/0_Project_VS_Code/3. Sistem Basis Data/TB-K1-Database/lapak_gaming/vendor/laravel/framework/src/Illuminate/Container/BoundMethod.php(35): Illuminate/Container/BoundMethod::callBoundMethod(Object(Illuminate/Foundation/Application), Array, Object(Closure))
#19 D:/0_Project_VS_Code/3. Sistem Basis Data/TB-K1-Database/lapak_gaming/vendor/laravel/framework/src/Illuminate/Container/Container.php(799): Illuminate/Container/BoundMethod::call(Object(Illuminate/Foundation/Application), Array, Array, NULL)
#20 D:/0_Project_VS_Code/3. Sistem Basis Data/TB-K1-Database/lapak_gaming/vendor/laravel/framework/src/Illuminate/Console/Command.php(280): Illuminate/Container/Container->call(Array)
#21 D:/0_Project_VS_Code/3. Sistem Basis Data/TB-K1-Database/lapak_gaming/vendor/symfony/console/Command/Command.php(291): Illuminate/Console/Command->execute(Object(Symfony/Component/Console/Input/ArgvInput), Object(Illuminate/Console/OutputStyle))
#22 D:/0_Project_VS_Code/3. Sistem Basis Data/TB-K1-Database/lapak_gaming/vendor/laravel/framework/src/Illuminate/Console/Command.php(249): Symfony/Component/Console/Command/Command->run(Object(Symfony/Component/Console/Input/ArgvInput), Object(Illuminate/Console/OutputStyle))
#23 D:/0_Project_VS_Code/3. Sistem Basis Data/TB-K1-Database/lapak_gaming/vendor/symfony/console/Application.php(1107): Illuminate/Console/Command->run(Object(Symfony/Component/Console/Input/ArgvInput), Object(Symfony/Component/Console/Output/ConsoleOutput))
#24 D:/0_Project_VS_Code/3. Sistem Basis Data/TB-K1-Database/lapak_gaming/vendor/symfony/console/Application.php(356): Symfony/Component/Console/Application->doRunCommand(Object(Illuminate/Queue/Console/WorkCommand), Object(Symfony/Component/Console/Input/ArgvInput), Object(Symfony/Component/Console/Output/ConsoleOutput))
#25 D:/0_Project_VS_Code/3. Sistem Basis Data/TB-K1-Database/lapak_gaming/vendor/symfony/console/Application.php(195): Symfony/Component/Console/Application->doRun(Object(Symfony/Component/Console/Input/ArgvInput), Object(Symfony/Component/Console/Output/ConsoleOutput))
#26 D:/0_Project_VS_Code/3. Sistem Basis Data/TB-K1-Database/lapak_gaming/vendor/laravel/framework/src/Illuminate/Foundation/Console/Kernel.php(198): Symfony/Component/Console/Application->run(Object(Symfony/Component/Console/Input/ArgvInput), Object(Symfony/Component/Console/Output/ConsoleOutput))
#27 D:/0_Project_VS_Code/3. Sistem Basis Data/TB-K1-Database/lapak_gaming/vendor/laravel/framework/src/Illuminate/Foundation/Application.php(1235): Illuminate/Foundation/Console/Kernel->handle(Object(Symfony/Component/Console/Input/ArgvInput), Object(Symfony/Component/Console/Output/ConsoleOutput))
#28 D:/0_Project_VS_Code/3. Sistem Basis Data/TB-K1-Database/lapak_gaming/artisan(16): Illuminate/Foundation/Application->handleCommand(Object(Symfony/Component/Console/Input/ArgvInput))
#29 {main}

[previous exception] [object] (PDOException(code: 2002): SQLSTATE[HY000] [2002] No connection could be made because the target machine actively refused it at D:/0_Project_VS_Code/3. Sistem Basis Data/TB-K1-Database/lapak_gaming/vendor/laravel/framework/src/Illuminate/Database/Connectors/Connector.php:67)
[stacktrace]
#0 D:/0_Project_VS_Code/3. Sistem Basis Data/TB-K1-Database/lapak_gaming/vendor/laravel/framework/src/Illuminate/Database/Connectors/Connector.php(67): PDO::connect('mysql:host=127....', 'root', Object(SensitiveParameterValue), Array)
#1 D:/0_Project_VS_Code/3. Sistem Basis Data/TB-K1-Database/lapak_gaming/vendor/laravel/framework/src/Illuminate/Database/Connectors/Connector.php(85): Illuminate/Database/Connectors/Connector->createPdoConnection('mysql:host=127....', 'root', Object(SensitiveParameterValue), Array)
#2 D:/0_Project_VS_Code/3. Sistem Basis Data/TB-K1-Database/lapak_gaming/vendor/laravel/framework/src/Illuminate/Database/Connectors/Connector.php(48): Illuminate/Database/Connectors/Connector->tryAgainIfCausedByLostConnection(Object(PDOException), 'mysql:host=127....', 'root', Object(SensitiveParameterValue), Array)
#3 D:/0_Project_VS_Code/3. Sistem Basis Data/TB-K1-Database/lapak_gaming/vendor/laravel/framework/src/Illuminate/Database/Connectors/MySqlConnector.php(24): Illuminate/Database/Connectors/Connector->createConnection('mysql:host=127....', Array, Array)
#4 D:/0_Project_VS_Code/3. Sistem Basis Data/TB-K1-Database/lapak_gaming/vendor/laravel/framework/src/Illuminate/Database/Connectors/ConnectionFactory.php(186): Illuminate/Database/Connectors/MySqlConnector->connect(Array)
#5 [internal function]: Illuminate/Database/Connectors/ConnectionFactory->{closure:Illuminate/Database/Connectors/ConnectionFactory::createPdoResolverWithHosts():181}()
#6 D:/0_Project_VS_Code/3. Sistem Basis Data/TB-K1-Database/lapak_gaming/vendor/laravel/framework/src/Illuminate/Database/Connection.php(1279): call_user_func(Object(Closure))
#7 D:/0_Project_VS_Code/3. Sistem Basis Data/TB-K1-Database/lapak_gaming/vendor/laravel/framework/src/Illuminate/Database/Connection.php(1317): Illuminate/Database/Connection->getPdo()
#8 D:/0_Project_VS_Code/3. Sistem Basis Data/TB-K1-Database/lapak_gaming/vendor/laravel/framework/src/Illuminate/Database/Connection.php(528): Illuminate/Database/Connection->getReadPdo()
#9 D:/0_Project_VS_Code/3. Sistem Basis Data/TB-K1-Database/lapak_gaming/vendor/laravel/framework/src/Illuminate/Database/Connection.php(421): Illuminate/Database/Connection->getPdoForSelect(true)
#10 D:/0_Project_VS_Code/3. Sistem Basis Data/TB-K1-Database/lapak_gaming/vendor/laravel/framework/src/Illuminate/Database/Connection.php(830): Illuminate/Database/Connection->{closure:Illuminate/Database/Connection::select():412}('select * from `...', Array)
#11 D:/0_Project_VS_Code/3. Sistem Basis Data/TB-K1-Database/lapak_gaming/vendor/laravel/framework/src/Illuminate/Database/Connection.php(1021): Illuminate/Database/Connection->runQueryCallback('select * from `...', Array, Object(Closure))
#12 D:/0_Project_VS_Code/3. Sistem Basis Data/TB-K1-Database/lapak_gaming/vendor/laravel/framework/src/Illuminate/Database/Connection.php(1000): Illuminate/Database/Connection->tryAgainIfCausedByLostConnection(Object(Illuminate/Database/QueryException), 'select * from `...', Array, Object(Closure))
#13 D:/0_Project_VS_Code/3. Sistem Basis Data/TB-K1-Database/lapak_gaming/vendor/laravel/framework/src/Illuminate/Database/Connection.php(799): Illuminate/Database/Connection->handleQueryException(Object(Illuminate/Database/QueryException), 'select * from `...', Array, Object(Closure))
#14 D:/0_Project_VS_Code/3. Sistem Basis Data/TB-K1-Database/lapak_gaming/vendor/laravel/framework/src/Illuminate/Database/Connection.php(412): Illuminate/Database/Connection->run('select * from `...', Array, Object(Closure))
#15 D:/0_Project_VS_Code/3. Sistem Basis Data/TB-K1-Database/lapak_gaming/vendor/laravel/framework/src/Illuminate/Database/Query/Builder.php(3562): Illuminate/Database/Connection->select('select * from `...', Array, true, Array)
#16 D:/0_Project_VS_Code/3. Sistem Basis Data/TB-K1-Database/lapak_gaming/vendor/laravel/framework/src/Illuminate/Database/Query/Builder.php(3546): Illuminate/Database/Query/Builder->runSelect()
#17 D:/0_Project_VS_Code/3. Sistem Basis Data/TB-K1-Database/lapak_gaming/vendor/laravel/framework/src/Illuminate/Cache/DatabaseStore.php(142): Illuminate/Database/Query/Builder->get()
#18 D:/0_Project_VS_Code/3. Sistem Basis Data/TB-K1-Database/lapak_gaming/vendor/laravel/framework/src/Illuminate/Cache/DatabaseStore.php(117): Illuminate/Cache/DatabaseStore->many(Array)
#19 D:/0_Project_VS_Code/3. Sistem Basis Data/TB-K1-Database/lapak_gaming/vendor/laravel/framework/src/Illuminate/Cache/Repository.php(124): Illuminate/Cache/DatabaseStore->get('illuminate:queu...')
#20 D:/0_Project_VS_Code/3. Sistem Basis Data/TB-K1-Database/lapak_gaming/vendor/laravel/framework/src/Illuminate/Queue/QueueManager.php(282): Illuminate/Cache/Repository->get('illuminate:queu...', false)
#21 D:/0_Project_VS_Code/3. Sistem Basis Data/TB-K1-Database/lapak_gaming/vendor/laravel/framework/src/Illuminate/Queue/Worker.php(428): Illuminate/Queue/QueueManager->isPaused('database', 'default')
#22 D:/0_Project_VS_Code/3. Sistem Basis Data/TB-K1-Database/lapak_gaming/vendor/laravel/framework/src/Illuminate/Queue/Worker.php(396): Illuminate/Queue/Worker->queuePaused('database', 'default')
#23 D:/0_Project_VS_Code/3. Sistem Basis Data/TB-K1-Database/lapak_gaming/vendor/laravel/framework/src/Illuminate/Queue/Worker.php(357): Illuminate/Queue/Worker->getNextJob(Object(Illuminate/Queue/DatabaseQueue), 'default')
#24 D:/0_Project_VS_Code/3. Sistem Basis Data/TB-K1-Database/lapak_gaming/vendor/laravel/framework/src/Illuminate/Queue/Console/WorkCommand.php(148): Illuminate/Queue/Worker->runNextJob('database', 'default', Object(Illuminate/Queue/WorkerOptions))
#25 D:/0_Project_VS_Code/3. Sistem Basis Data/TB-K1-Database/lapak_gaming/vendor/laravel/framework/src/Illuminate/Queue/Console/WorkCommand.php(131): Illuminate/Queue/Console/WorkCommand->runWorker('database', 'default')
#26 D:/0_Project_VS_Code/3. Sistem Basis Data/TB-K1-Database/lapak_gaming/vendor/laravel/framework/src/Illuminate/Container/BoundMethod.php(36): Illuminate/Queue/Console/WorkCommand->handle()
#27 D:/0_Project_VS_Code/3. Sistem Basis Data/TB-K1-Database/lapak_gaming/vendor/laravel/framework/src/Illuminate/Container/Util.php(43): Illuminate/Container/BoundMethod::{closure:Illuminate/Container/BoundMethod::call():35}()
#28 D:/0_Project_VS_Code/3. Sistem Basis Data/TB-K1-Database/lapak_gaming/vendor/laravel/framework/src/Illuminate/Container/BoundMethod.php(96): Illuminate/Container/Util::unwrapIfClosure(Object(Closure))
#29 D:/0_Project_VS_Code/3. Sistem Basis Data/TB-K1-Database/lapak_gaming/vendor/laravel/framework/src/Illuminate/Container/BoundMethod.php(35): Illuminate/Container/BoundMethod::callBoundMethod(Object(Illuminate/Foundation/Application), Array, Object(Closure))
#30 D:/0_Project_VS_Code/3. Sistem Basis Data/TB-K1-Database/lapak_gaming/vendor/laravel/framework/src/Illuminate/Container/Container.php(799): Illuminate/Container/BoundMethod::call(Object(Illuminate/Foundation/Application), Array, Array, NULL)
#31 D:/0_Project_VS_Code/3. Sistem Basis Data/TB-K1-Database/lapak_gaming/vendor/laravel/framework/src/Illuminate/Console/Command.php(280): Illuminate/Container/Container->call(Array)
#32 D:/0_Project_VS_Code/3. Sistem Basis Data/TB-K1-Database/lapak_gaming/vendor/symfony/console/Command/Command.php(291): Illuminate/Console/Command->execute(Object(Symfony/Component/Console/Input/ArgvInput), Object(Illuminate/Console/OutputStyle))
#33 D:/0_Project_VS_Code/3. Sistem Basis Data/TB-K1-Database/lapak_gaming/vendor/laravel/framework/src/Illuminate/Console/Command.php(249): Symfony/Component/Console/Command/Command->run(Object(Symfony/Component/Console/Input/ArgvInput), Object(Illuminate/Console/OutputStyle))
#34 D:/0_Project_VS_Code/3. Sistem Basis Data/TB-K1-Database/lapak_gaming/vendor/symfony/console/Application.php(1107): Illuminate/Console/Command->run(Object(Symfony/Component/Console/Input/ArgvInput), Object(Symfony/Component/Console/Output/ConsoleOutput))
#35 D:/0_Project_VS_Code/3. Sistem Basis Data/TB-K1-Database/lapak_gaming/vendor/symfony/console/Application.php(356): Symfony/Component/Console/Application->doRunCommand(Object(Illuminate/Queue/Console/WorkCommand), Object(Symfony/Component/Console/Input/ArgvInput), Object(Symfony/Component/Console/Output/ConsoleOutput))
#36 D:/0_Project_VS_Code/3. Sistem Basis Data/TB-K1-Database/lapak_gaming/vendor/symfony/console/Application.php(195): Symfony/Component/Console/Application->doRun(Object(Symfony/Component/Console/Input/ArgvInput), Object(Symfony/Component/Console/Output/ConsoleOutput))
#37 D:/0_Project_VS_Code/3. Sistem Basis Data/TB-K1-Database/lapak_gaming/vendor/laravel/framework/src/Illuminate/Foundation/Console/Kernel.php(198): Symfony/Component/Console/Application->run(Object(Symfony/Component/Console/Input/ArgvInput), Object(Symfony/Component/Console/Output/ConsoleOutput))
#38 D:/0_Project_VS_Code/3. Sistem Basis Data/TB-K1-Database/lapak_gaming/vendor/laravel/framework/src/Illuminate/Foundation/Application.php(1235): Illuminate/Foundation/Console/Kernel->handle(Object(Symfony/Component/Console/Input/ArgvInput), Object(Symfony/Component/Console/Output/ConsoleOutput))
#39 D:/0_Project_VS_Code/3. Sistem Basis Data/TB-K1-Database/lapak_gaming/artisan(16): Illuminate/Foundation/Application->handleCommand(Object(Symfony/Component/Console/Input/ArgvInput))
#40 {main}
"} 
[2026-04-01 06:20:52] local.ERROR: SQLSTATE[HY000] [2002] No connection could be made because the target machine actively refused it (Connection: mysql, Host: 127.0.0.1, Port: 3306, Database: lapak_gaming, SQL: select * from `cache` where `key` in (laravel-cache-illuminate:queue:paused:database:default)) {"exception":"[object] (Illuminate\\Database\\QueryException(code: 2002): SQLSTATE[HY000] [2002] No connection could be made because the target machine actively refused it (Connection: mysql, Host: 127.0.0.1, Port: 3306, Database: lapak_gaming, SQL: select * from `cache` where `key` in (laravel-cache-illuminate:queue:paused:database:default)) at D:/0_Project_VS_Code/3. Sistem Basis Data/TB-K1-Database/lapak_gaming/vendor/laravel/framework/src/Illuminate/Database/Connection.php:841)
[stacktrace]
#0 D:/0_Project_VS_Code/3. Sistem Basis Data/TB-K1-Database/lapak_gaming/vendor/laravel/framework/src/Illuminate/Database/Connection.php(1021): Illuminate/Database/Connection->runQueryCallback('select * from `...', Array, Object(Closure))
#1 D:/0_Project_VS_Code/3. Sistem Basis Data/TB-K1-Database/lapak_gaming/vendor/laravel/framework/src/Illuminate/Database/Connection.php(1000): Illuminate/Database/Connection->tryAgainIfCausedByLostConnection(Object(Illuminate/Database/QueryException), 'select * from `...', Array, Object(Closure))
#2 D:/0_Project_VS_Code/3. Sistem Basis Data/TB-K1-Database/lapak_gaming/vendor/laravel/framework/src/Illuminate/Database/Connection.php(799): Illuminate/Database/Connection->handleQueryException(Object(Illuminate/Database/QueryException), 'select * from `...', Array, Object(Closure))
#3 D:/0_Project_VS_Code/3. Sistem Basis Data/TB-K1-Database/lapak_gaming/vendor/laravel/framework/src/Illuminate/Database/Connection.php(412): Illuminate/Database/Connection->run('select * from `...', Array, Object(Closure))
#4 D:/0_Project_VS_Code/3. Sistem Basis Data/TB-K1-Database/lapak_gaming/vendor/laravel/framework/src/Illuminate/Database/Query/Builder.php(3562): Illuminate/Database/Connection->select('select * from `...', Array, true, Array)
#5 D:/0_Project_VS_Code/3. Sistem Basis Data/TB-K1-Database/lapak_gaming/vendor/laravel/framework/src/Illuminate/Database/Query/Builder.php(3546): Illuminate/Database/Query/Builder->runSelect()
#6 D:/0_Project_VS_Code/3. Sistem Basis Data/TB-K1-Database/lapak_gaming/vendor/laravel/framework/src/Illuminate/Cache/DatabaseStore.php(142): Illuminate/Database/Query/Builder->get()
#7 D:/0_Project_VS_Code/3. Sistem Basis Data/TB-K1-Database/lapak_gaming/vendor/laravel/framework/src/Illuminate/Cache/DatabaseStore.php(117): Illuminate/Cache/DatabaseStore->many(Array)
#8 D:/0_Project_VS_Code/3. Sistem Basis Data/TB-K1-Database/lapak_gaming/vendor/laravel/framework/src/Illuminate/Cache/Repository.php(124): Illuminate/Cache/DatabaseStore->get('illuminate:queu...')
#9 D:/0_Project_VS_Code/3. Sistem Basis Data/TB-K1-Database/lapak_gaming/vendor/laravel/framework/src/Illuminate/Queue/QueueManager.php(282): Illuminate/Cache/Repository->get('illuminate:queu...', false)
#10 D:/0_Project_VS_Code/3. Sistem Basis Data/TB-K1-Database/lapak_gaming/vendor/laravel/framework/src/Illuminate/Queue/Worker.php(428): Illuminate/Queue/QueueManager->isPaused('database', 'default')
#11 D:/0_Project_VS_Code/3. Sistem Basis Data/TB-K1-Database/lapak_gaming/vendor/laravel/framework/src/Illuminate/Queue/Worker.php(396): Illuminate/Queue/Worker->queuePaused('database', 'default')
#12 D:/0_Project_VS_Code/3. Sistem Basis Data/TB-K1-Database/lapak_gaming/vendor/laravel/framework/src/Illuminate/Queue/Worker.php(357): Illuminate/Queue/Worker->getNextJob(Object(Illuminate/Queue/DatabaseQueue), 'default')
#13 D:/0_Project_VS_Code/3. Sistem Basis Data/TB-K1-Database/lapak_gaming/vendor/laravel/framework/src/Illuminate/Queue/Console/WorkCommand.php(148): Illuminate/Queue/Worker->runNextJob('database', 'default', Object(Illuminate/Queue/WorkerOptions))
#14 D:/0_Project_VS_Code/3. Sistem Basis Data/TB-K1-Database/lapak_gaming/vendor/laravel/framework/src/Illuminate/Queue/Console/WorkCommand.php(131): Illuminate/Queue/Console/WorkCommand->runWorker('database', 'default')
#15 D:/0_Project_VS_Code/3. Sistem Basis Data/TB-K1-Database/lapak_gaming/vendor/laravel/framework/src/Illuminate/Container/BoundMethod.php(36): Illuminate/Queue/Console/WorkCommand->handle()
#16 D:/0_Project_VS_Code/3. Sistem Basis Data/TB-K1-Database/lapak_gaming/vendor/laravel/framework/src/Illuminate/Container/Util.php(43): Illuminate/Container/BoundMethod::{closure:Illuminate/Container/BoundMethod::call():35}()
#17 D:/0_Project_VS_Code/3. Sistem Basis Data/TB-K1-Database/lapak_gaming/vendor/laravel/framework/src/Illuminate/Container/BoundMethod.php(96): Illuminate/Container/Util::unwrapIfClosure(Object(Closure))
#18 D:/0_Project_VS_Code/3. Sistem Basis Data/TB-K1-Database/lapak_gaming/vendor/laravel/framework/src/Illuminate/Container/BoundMethod.php(35): Illuminate/Container/BoundMethod::callBoundMethod(Object(Illuminate/Foundation/Application), Array, Object(Closure))
#19 D:/0_Project_VS_Code/3. Sistem Basis Data/TB-K1-Database/lapak_gaming/vendor/laravel/framework/src/Illuminate/Container/Container.php(799): Illuminate/Container/BoundMethod::call(Object(Illuminate/Foundation/Application), Array, Array, NULL)
#20 D:/0_Project_VS_Code/3. Sistem Basis Data/TB-K1-Database/lapak_gaming/vendor/laravel/framework/src/Illuminate/Console/Command.php(280): Illuminate/Container/Container->call(Array)
#21 D:/0_Project_VS_Code/3. Sistem Basis Data/TB-K1-Database/lapak_gaming/vendor/symfony/console/Command/Command.php(291): Illuminate/Console/Command->execute(Object(Symfony/Component/Console/Input/ArgvInput), Object(Illuminate/Console/OutputStyle))
#22 D:/0_Project_VS_Code/3. Sistem Basis Data/TB-K1-Database/lapak_gaming/vendor/laravel/framework/src/Illuminate/Console/Command.php(249): Symfony/Component/Console/Command/Command->run(Object(Symfony/Component/Console/Input/ArgvInput), Object(Illuminate/Console/OutputStyle))
#23 D:/0_Project_VS_Code/3. Sistem Basis Data/TB-K1-Database/lapak_gaming/vendor/symfony/console/Application.php(1107): Illuminate/Console/Command->run(Object(Symfony/Component/Console/Input/ArgvInput), Object(Symfony/Component/Console/Output/ConsoleOutput))
#24 D:/0_Project_VS_Code/3. Sistem Basis Data/TB-K1-Database/lapak_gaming/vendor/symfony/console/Application.php(356): Symfony/Component/Console/Application->doRunCommand(Object(Illuminate/Queue/Console/WorkCommand), Object(Symfony/Component/Console/Input/ArgvInput), Object(Symfony/Component/Console/Output/ConsoleOutput))
#25 D:/0_Project_VS_Code/3. Sistem Basis Data/TB-K1-Database/lapak_gaming/vendor/symfony/console/Application.php(195): Symfony/Component/Console/Application->doRun(Object(Symfony/Component/Console/Input/ArgvInput), Object(Symfony/Component/Console/Output/ConsoleOutput))
#26 D:/0_Project_VS_Code/3. Sistem Basis Data/TB-K1-Database/lapak_gaming/vendor/laravel/framework/src/Illuminate/Foundation/Console/Kernel.php(198): Symfony/Component/Console/Application->run(Object(Symfony/Component/Console/Input/ArgvInput), Object(Symfony/Component/Console/Output/ConsoleOutput))
#27 D:/0_Project_VS_Code/3. Sistem Basis Data/TB-K1-Database/lapak_gaming/vendor/laravel/framework/src/Illuminate/Foundation/Application.php(1235): Illuminate/Foundation/Console/Kernel->handle(Object(Symfony/Component/Console/Input/ArgvInput), Object(Symfony/Component/Console/Output/ConsoleOutput))
#28 D:/0_Project_VS_Code/3. Sistem Basis Data/TB-K1-Database/lapak_gaming/artisan(16): Illuminate/Foundation/Application->handleCommand(Object(Symfony/Component/Console/Input/ArgvInput))
#29 {main}

[previous exception] [object] (PDOException(code: 2002): SQLSTATE[HY000] [2002] No connection could be made because the target machine actively refused it at D:/0_Project_VS_Code/3. Sistem Basis Data/TB-K1-Database/lapak_gaming/vendor/laravel/framework/src/Illuminate/Database/Connectors/Connector.php:67)
[stacktrace]
#0 D:/0_Project_VS_Code/3. Sistem Basis Data/TB-K1-Database/lapak_gaming/vendor/laravel/framework/src/Illuminate/Database/Connectors/Connector.php(67): PDO::connect('mysql:host=127....', 'root', Object(SensitiveParameterValue), Array)
#1 D:/0_Project_VS_Code/3. Sistem Basis Data/TB-K1-Database/lapak_gaming/vendor/laravel/framework/src/Illuminate/Database/Connectors/Connector.php(85): Illuminate/Database/Connectors/Connector->createPdoConnection('mysql:host=127....', 'root', Object(SensitiveParameterValue), Array)
#2 D:/0_Project_VS_Code/3. Sistem Basis Data/TB-K1-Database/lapak_gaming/vendor/laravel/framework/src/Illuminate/Database/Connectors/Connector.php(48): Illuminate/Database/Connectors/Connector->tryAgainIfCausedByLostConnection(Object(PDOException), 'mysql:host=127....', 'root', Object(SensitiveParameterValue), Array)
#3 D:/0_Project_VS_Code/3. Sistem Basis Data/TB-K1-Database/lapak_gaming/vendor/laravel/framework/src/Illuminate/Database/Connectors/MySqlConnector.php(24): Illuminate/Database/Connectors/Connector->createConnection('mysql:host=127....', Array, Array)
#4 D:/0_Project_VS_Code/3. Sistem Basis Data/TB-K1-Database/lapak_gaming/vendor/laravel/framework/src/Illuminate/Database/Connectors/ConnectionFactory.php(186): Illuminate/Database/Connectors/MySqlConnector->connect(Array)
#5 [internal function]: Illuminate/Database/Connectors/ConnectionFactory->{closure:Illuminate/Database/Connectors/ConnectionFactory::createPdoResolverWithHosts():181}()
#6 D:/0_Project_VS_Code/3. Sistem Basis Data/TB-K1-Database/lapak_gaming/vendor/laravel/framework/src/Illuminate/Database/Connection.php(1279): call_user_func(Object(Closure))
#7 D:/0_Project_VS_Code/3. Sistem Basis Data/TB-K1-Database/lapak_gaming/vendor/laravel/framework/src/Illuminate/Database/Connection.php(1317): Illuminate/Database/Connection->getPdo()
#8 D:/0_Project_VS_Code/3. Sistem Basis Data/TB-K1-Database/lapak_gaming/vendor/laravel/framework/src/Illuminate/Database/Connection.php(528): Illuminate/Database/Connection->getReadPdo()
#9 D:/0_Project_VS_Code/3. Sistem Basis Data/TB-K1-Database/lapak_gaming/vendor/laravel/framework/src/Illuminate/Database/Connection.php(421): Illuminate/Database/Connection->getPdoForSelect(true)
#10 D:/0_Project_VS_Code/3. Sistem Basis Data/TB-K1-Database/lapak_gaming/vendor/laravel/framework/src/Illuminate/Database/Connection.php(830): Illuminate/Database/Connection->{closure:Illuminate/Database/Connection::select():412}('select * from `...', Array)
#11 D:/0_Project_VS_Code/3. Sistem Basis Data/TB-K1-Database/lapak_gaming/vendor/laravel/framework/src/Illuminate/Database/Connection.php(1021): Illuminate/Database/Connection->runQueryCallback('select * from `...', Array, Object(Closure))
#12 D:/0_Project_VS_Code/3. Sistem Basis Data/TB-K1-Database/lapak_gaming/vendor/laravel/framework/src/Illuminate/Database/Connection.php(1000): Illuminate/Database/Connection->tryAgainIfCausedByLostConnection(Object(Illuminate/Database/QueryException), 'select * from `...', Array, Object(Closure))
#13 D:/0_Project_VS_Code/3. Sistem Basis Data/TB-K1-Database/lapak_gaming/vendor/laravel/framework/src/Illuminate/Database/Connection.php(799): Illuminate/Database/Connection->handleQueryException(Object(Illuminate/Database/QueryException), 'select * from `...', Array, Object(Closure))
#14 D:/0_Project_VS_Code/3. Sistem Basis Data/TB-K1-Database/lapak_gaming/vendor/laravel/framework/src/Illuminate/Database/Connection.php(412): Illuminate/Database/Connection->run('select * from `...', Array, Object(Closure))
#15 D:/0_Project_VS_Code/3. Sistem Basis Data/TB-K1-Database/lapak_gaming/vendor/laravel/framework/src/Illuminate/Database/Query/Builder.php(3562): Illuminate/Database/Connection->select('select * from `...', Array, true, Array)
#16 D:/0_Project_VS_Code/3. Sistem Basis Data/TB-K1-Database/lapak_gaming/vendor/laravel/framework/src/Illuminate/Database/Query/Builder.php(3546): Illuminate/Database/Query/Builder->runSelect()
#17 D:/0_Project_VS_Code/3. Sistem Basis Data/TB-K1-Database/lapak_gaming/vendor/laravel/framework/src/Illuminate/Cache/DatabaseStore.php(142): Illuminate/Database/Query/Builder->get()
#18 D:/0_Project_VS_Code/3. Sistem Basis Data/TB-K1-Database/lapak_gaming/vendor/laravel/framework/src/Illuminate/Cache/DatabaseStore.php(117): Illuminate/Cache/DatabaseStore->many(Array)
#19 D:/0_Project_VS_Code/3. Sistem Basis Data/TB-K1-Database/lapak_gaming/vendor/laravel/framework/src/Illuminate/Cache/Repository.php(124): Illuminate/Cache/DatabaseStore->get('illuminate:queu...')
#20 D:/0_Project_VS_Code/3. Sistem Basis Data/TB-K1-Database/lapak_gaming/vendor/laravel/framework/src/Illuminate/Queue/QueueManager.php(282): Illuminate/Cache/Repository->get('illuminate:queu...', false)
#21 D:/0_Project_VS_Code/3. Sistem Basis Data/TB-K1-Database/lapak_gaming/vendor/laravel/framework/src/Illuminate/Queue/Worker.php(428): Illuminate/Queue/QueueManager->isPaused('database', 'default')
#22 D:/0_Project_VS_Code/3. Sistem Basis Data/TB-K1-Database/lapak_gaming/vendor/laravel/framework/src/Illuminate/Queue/Worker.php(396): Illuminate/Queue/Worker->queuePaused('database', 'default')
#23 D:/0_Project_VS_Code/3. Sistem Basis Data/TB-K1-Database/lapak_gaming/vendor/laravel/framework/src/Illuminate/Queue/Worker.php(357): Illuminate/Queue/Worker->getNextJob(Object(Illuminate/Queue/DatabaseQueue), 'default')
#24 D:/0_Project_VS_Code/3. Sistem Basis Data/TB-K1-Database/lapak_gaming/vendor/laravel/framework/src/Illuminate/Queue/Console/WorkCommand.php(148): Illuminate/Queue/Worker->runNextJob('database', 'default', Object(Illuminate/Queue/WorkerOptions))
#25 D:/0_Project_VS_Code/3. Sistem Basis Data/TB-K1-Database/lapak_gaming/vendor/laravel/framework/src/Illuminate/Queue/Console/WorkCommand.php(131): Illuminate/Queue/Console/WorkCommand->runWorker('database', 'default')
#26 D:/0_Project_VS_Code/3. Sistem Basis Data/TB-K1-Database/lapak_gaming/vendor/laravel/framework/src/Illuminate/Container/BoundMethod.php(36): Illuminate/Queue/Console/WorkCommand->handle()
#27 D:/0_Project_VS_Code/3. Sistem Basis Data/TB-K1-Database/lapak_gaming/vendor/laravel/framework/src/Illuminate/Container/Util.php(43): Illuminate/Container/BoundMethod::{closure:Illuminate/Container/BoundMethod::call():35}()
#28 D:/0_Project_VS_Code/3. Sistem Basis Data/TB-K1-Database/lapak_gaming/vendor/laravel/framework/src/Illuminate/Container/BoundMethod.php(96): Illuminate/Container/Util::unwrapIfClosure(Object(Closure))
#29 D:/0_Project_VS_Code/3. Sistem Basis Data/TB-K1-Database/lapak_gaming/vendor/laravel/framework/src/Illuminate/Container/BoundMethod.php(35): Illuminate/Container/BoundMethod::callBoundMethod(Object(Illuminate/Foundation/Application), Array, Object(Closure))
#30 D:/0_Project_VS_Code/3. Sistem Basis Data/TB-K1-Database/lapak_gaming/vendor/laravel/framework/src/Illuminate/Container/Container.php(799): Illuminate/Container/BoundMethod::call(Object(Illuminate/Foundation/Application), Array, Array, NULL)
#31 D:/0_Project_VS_Code/3. Sistem Basis Data/TB-K1-Database/lapak_gaming/vendor/laravel/framework/src/Illuminate/Console/Command.php(280): Illuminate/Container/Container->call(Array)
#32 D:/0_Project_VS_Code/3. Sistem Basis Data/TB-K1-Database/lapak_gaming/vendor/symfony/console/Command/Command.php(291): Illuminate/Console/Command->execute(Object(Symfony/Component/Console/Input/ArgvInput), Object(Illuminate/Console/OutputStyle))
#33 D:/0_Project_VS_Code/3. Sistem Basis Data/TB-K1-Database/lapak_gaming/vendor/laravel/framework/src/Illuminate/Console/Command.php(249): Symfony/Component/Console/Command/Command->run(Object(Symfony/Component/Console/Input/ArgvInput), Object(Illuminate/Console/OutputStyle))
#34 D:/0_Project_VS_Code/3. Sistem Basis Data/TB-K1-Database/lapak_gaming/vendor/symfony/console/Application.php(1107): Illuminate/Console/Command->run(Object(Symfony/Component/Console/Input/ArgvInput), Object(Symfony/Component/Console/Output/ConsoleOutput))
#35 D:/0_Project_VS_Code/3. Sistem Basis Data/TB-K1-Database/lapak_gaming/vendor/symfony/console/Application.php(356): Symfony/Component/Console/Application->doRunCommand(Object(Illuminate/Queue/Console/WorkCommand), Object(Symfony/Component/Console/Input/ArgvInput), Object(Symfony/Component/Console/Output/ConsoleOutput))
#36 D:/0_Project_VS_Code/3. Sistem Basis Data/TB-K1-Database/lapak_gaming/vendor/symfony/console/Application.php(195): Symfony/Component/Console/Application->doRun(Object(Symfony/Component/Console/Input/ArgvInput), Object(Symfony/Component/Console/Output/ConsoleOutput))
#37 D:/0_Project_VS_Code/3. Sistem Basis Data/TB-K1-Database/lapak_gaming/vendor/laravel/framework/src/Illuminate/Foundation/Console/Kernel.php(198): Symfony/Component/Console/Application->run(Object(Symfony/Component/Console/Input/ArgvInput), Object(Symfony/Component/Console/Output/ConsoleOutput))
#38 D:/0_Project_VS_Code/3. Sistem Basis Data/TB-K1-Database/lapak_gaming/vendor/laravel/framework/src/Illuminate/Foundation/Application.php(1235): Illuminate/Foundation/Console/Kernel->handle(Object(Symfony/Component/Console/Input/ArgvInput), Object(Symfony/Component/Console/Output/ConsoleOutput))
#39 D:/0_Project_VS_Code/3. Sistem Basis Data/TB-K1-Database/lapak_gaming/artisan(16): Illuminate/Foundation/Application->handleCommand(Object(Symfony/Component/Console/Input/ArgvInput))
#40 {main}
"} 
[2026-04-01 06:21:05] local.ERROR: SQLSTATE[HY000] [2002] No connection could be made because the target machine actively refused it (Connection: mysql, Host: 127.0.0.1, Port: 3306, Database: lapak_gaming, SQL: select * from `cache` where `key` in (laravel-cache-illuminate:queue:paused:database:default)) {"exception":"[object] (Illuminate\\Database\\QueryException(code: 2002): SQLSTATE[HY000] [2002] No connection could be made because the target machine actively refused it (Connection: mysql, Host: 127.0.0.1, Port: 3306, Database: lapak_gaming, SQL: select * from `cache` where `key` in (laravel-cache-illuminate:queue:paused:database:default)) at D:/0_Project_VS_Code/3. Sistem Basis Data/TB-K1-Database/lapak_gaming/vendor/laravel/framework/src/Illuminate/Database/Connection.php:841)
[stacktrace]
#0 D:/0_Project_VS_Code/3. Sistem Basis Data/TB-K1-Database/lapak_gaming/vendor/laravel/framework/src/Illuminate/Database/Connection.php(1021): Illuminate/Database/Connection->runQueryCallback('select * from `...', Array, Object(Closure))
#1 D:/0_Project_VS_Code/3. Sistem Basis Data/TB-K1-Database/lapak_gaming/vendor/laravel/framework/src/Illuminate/Database/Connection.php(1000): Illuminate/Database/Connection->tryAgainIfCausedByLostConnection(Object(Illuminate/Database/QueryException), 'select * from `...', Array, Object(Closure))
#2 D:/0_Project_VS_Code/3. Sistem Basis Data/TB-K1-Database/lapak_gaming/vendor/laravel/framework/src/Illuminate/Database/Connection.php(799): Illuminate/Database/Connection->handleQueryException(Object(Illuminate/Database/QueryException), 'select * from `...', Array, Object(Closure))
#3 D:/0_Project_VS_Code/3. Sistem Basis Data/TB-K1-Database/lapak_gaming/vendor/laravel/framework/src/Illuminate/Database/Connection.php(412): Illuminate/Database/Connection->run('select * from `...', Array, Object(Closure))
#4 D:/0_Project_VS_Code/3. Sistem Basis Data/TB-K1-Database/lapak_gaming/vendor/laravel/framework/src/Illuminate/Database/Query/Builder.php(3562): Illuminate/Database/Connection->select('select * from `...', Array, true, Array)
#5 D:/0_Project_VS_Code/3. Sistem Basis Data/TB-K1-Database/lapak_gaming/vendor/laravel/framework/src/Illuminate/Database/Query/Builder.php(3546): Illuminate/Database/Query/Builder->runSelect()
#6 D:/0_Project_VS_Code/3. Sistem Basis Data/TB-K1-Database/lapak_gaming/vendor/laravel/framework/src/Illuminate/Cache/DatabaseStore.php(142): Illuminate/Database/Query/Builder->get()
#7 D:/0_Project_VS_Code/3. Sistem Basis Data/TB-K1-Database/lapak_gaming/vendor/laravel/framework/src/Illuminate/Cache/DatabaseStore.php(117): Illuminate/Cache/DatabaseStore->many(Array)
#8 D:/0_Project_VS_Code/3. Sistem Basis Data/TB-K1-Database/lapak_gaming/vendor/laravel/framework/src/Illuminate/Cache/Repository.php(124): Illuminate/Cache/DatabaseStore->get('illuminate:queu...')
#9 D:/0_Project_VS_Code/3. Sistem Basis Data/TB-K1-Database/lapak_gaming/vendor/laravel/framework/src/Illuminate/Queue/QueueManager.php(282): Illuminate/Cache/Repository->get('illuminate:queu...', false)
#10 D:/0_Project_VS_Code/3. Sistem Basis Data/TB-K1-Database/lapak_gaming/vendor/laravel/framework/src/Illuminate/Queue/Worker.php(428): Illuminate/Queue/QueueManager->isPaused('database', 'default')
#11 D:/0_Project_VS_Code/3. Sistem Basis Data/TB-K1-Database/lapak_gaming/vendor/laravel/framework/src/Illuminate/Queue/Worker.php(396): Illuminate/Queue/Worker->queuePaused('database', 'default')
#12 D:/0_Project_VS_Code/3. Sistem Basis Data/TB-K1-Database/lapak_gaming/vendor/laravel/framework/src/Illuminate/Queue/Worker.php(357): Illuminate/Queue/Worker->getNextJob(Object(Illuminate/Queue/DatabaseQueue), 'default')
#13 D:/0_Project_VS_Code/3. Sistem Basis Data/TB-K1-Database/lapak_gaming/vendor/laravel/framework/src/Illuminate/Queue/Console/WorkCommand.php(148): Illuminate/Queue/Worker->runNextJob('database', 'default', Object(Illuminate/Queue/WorkerOptions))
#14 D:/0_Project_VS_Code/3. Sistem Basis Data/TB-K1-Database/lapak_gaming/vendor/laravel/framework/src/Illuminate/Queue/Console/WorkCommand.php(131): Illuminate/Queue/Console/WorkCommand->runWorker('database', 'default')
#15 D:/0_Project_VS_Code/3. Sistem Basis Data/TB-K1-Database/lapak_gaming/vendor/laravel/framework/src/Illuminate/Container/BoundMethod.php(36): Illuminate/Queue/Console/WorkCommand->handle()
#16 D:/0_Project_VS_Code/3. Sistem Basis Data/TB-K1-Database/lapak_gaming/vendor/laravel/framework/src/Illuminate/Container/Util.php(43): Illuminate/Container/BoundMethod::{closure:Illuminate/Container/BoundMethod::call():35}()
#17 D:/0_Project_VS_Code/3. Sistem Basis Data/TB-K1-Database/lapak_gaming/vendor/laravel/framework/src/Illuminate/Container/BoundMethod.php(96): Illuminate/Container/Util::unwrapIfClosure(Object(Closure))
#18 D:/0_Project_VS_Code/3. Sistem Basis Data/TB-K1-Database/lapak_gaming/vendor/laravel/framework/src/Illuminate/Container/BoundMethod.php(35): Illuminate/Container/BoundMethod::callBoundMethod(Object(Illuminate/Foundation/Application), Array, Object(Closure))
#19 D:/0_Project_VS_Code/3. Sistem Basis Data/TB-K1-Database/lapak_gaming/vendor/laravel/framework/src/Illuminate/Container/Container.php(799): Illuminate/Container/BoundMethod::call(Object(Illuminate/Foundation/Application), Array, Array, NULL)
#20 D:/0_Project_VS_Code/3. Sistem Basis Data/TB-K1-Database/lapak_gaming/vendor/laravel/framework/src/Illuminate/Console/Command.php(280): Illuminate/Container/Container->call(Array)
#21 D:/0_Project_VS_Code/3. Sistem Basis Data/TB-K1-Database/lapak_gaming/vendor/symfony/console/Command/Command.php(291): Illuminate/Console/Command->execute(Object(Symfony/Component/Console/Input/ArgvInput), Object(Illuminate/Console/OutputStyle))
#22 D:/0_Project_VS_Code/3. Sistem Basis Data/TB-K1-Database/lapak_gaming/vendor/laravel/framework/src/Illuminate/Console/Command.php(249): Symfony/Component/Console/Command/Command->run(Object(Symfony/Component/Console/Input/ArgvInput), Object(Illuminate/Console/OutputStyle))
#23 D:/0_Project_VS_Code/3. Sistem Basis Data/TB-K1-Database/lapak_gaming/vendor/symfony/console/Application.php(1107): Illuminate/Console/Command->run(Object(Symfony/Component/Console/Input/ArgvInput), Object(Symfony/Component/Console/Output/ConsoleOutput))
#24 D:/0_Project_VS_Code/3. Sistem Basis Data/TB-K1-Database/lapak_gaming/vendor/symfony/console/Application.php(356): Symfony/Component/Console/Application->doRunCommand(Object(Illuminate/Queue/Console/WorkCommand), Object(Symfony/Component/Console/Input/ArgvInput), Object(Symfony/Component/Console/Output/ConsoleOutput))
#25 D:/0_Project_VS_Code/3. Sistem Basis Data/TB-K1-Database/lapak_gaming/vendor/symfony/console/Application.php(195): Symfony/Component/Console/Application->doRun(Object(Symfony/Component/Console/Input/ArgvInput), Object(Symfony/Component/Console/Output/ConsoleOutput))
#26 D:/0_Project_VS_Code/3. Sistem Basis Data/TB-K1-Database/lapak_gaming/vendor/laravel/framework/src/Illuminate/Foundation/Console/Kernel.php(198): Symfony/Component/Console/Application->run(Object(Symfony/Component/Console/Input/ArgvInput), Object(Symfony/Component/Console/Output/ConsoleOutput))
#27 D:/0_Project_VS_Code/3. Sistem Basis Data/TB-K1-Database/lapak_gaming/vendor/laravel/framework/src/Illuminate/Foundation/Application.php(1235): Illuminate/Foundation/Console/Kernel->handle(Object(Symfony/Component/Console/Input/ArgvInput), Object(Symfony/Component/Console/Output/ConsoleOutput))
#28 D:/0_Project_VS_Code/3. Sistem Basis Data/TB-K1-Database/lapak_gaming/artisan(16): Illuminate/Foundation/Application->handleCommand(Object(Symfony/Component/Console/Input/ArgvInput))
#29 {main}

[previous exception] [object] (PDOException(code: 2002): SQLSTATE[HY000] [2002] No connection could be made because the target machine actively refused it at D:/0_Project_VS_Code/3. Sistem Basis Data/TB-K1-Database/lapak_gaming/vendor/laravel/framework/src/Illuminate/Database/Connectors/Connector.php:67)
[stacktrace]
#0 D:/0_Project_VS_Code/3. Sistem Basis Data/TB-K1-Database/lapak_gaming/vendor/laravel/framework/src/Illuminate/Database/Connectors/Connector.php(67): PDO::connect('mysql:host=127....', 'root', Object(SensitiveParameterValue), Array)
#1 D:/0_Project_VS_Code/3. Sistem Basis Data/TB-K1-Database/lapak_gaming/vendor/laravel/framework/src/Illuminate/Database/Connectors/Connector.php(85): Illuminate/Database/Connectors/Connector->createPdoConnection('mysql:host=127....', 'root', Object(SensitiveParameterValue), Array)
#2 D:/0_Project_VS_Code/3. Sistem Basis Data/TB-K1-Database/lapak_gaming/vendor/laravel/framework/src/Illuminate/Database/Connectors/Connector.php(48): Illuminate/Database/Connectors/Connector->tryAgainIfCausedByLostConnection(Object(PDOException), 'mysql:host=127....', 'root', Object(SensitiveParameterValue), Array)
#3 D:/0_Project_VS_Code/3. Sistem Basis Data/TB-K1-Database/lapak_gaming/vendor/laravel/framework/src/Illuminate/Database/Connectors/MySqlConnector.php(24): Illuminate/Database/Connectors/Connector->createConnection('mysql:host=127....', Array, Array)
#4 D:/0_Project_VS_Code/3. Sistem Basis Data/TB-K1-Database/lapak_gaming/vendor/laravel/framework/src/Illuminate/Database/Connectors/ConnectionFactory.php(186): Illuminate/Database/Connectors/MySqlConnector->connect(Array)
#5 [internal function]: Illuminate/Database/Connectors/ConnectionFactory->{closure:Illuminate/Database/Connectors/ConnectionFactory::createPdoResolverWithHosts():181}()
#6 D:/0_Project_VS_Code/3. Sistem Basis Data/TB-K1-Database/lapak_gaming/vendor/laravel/framework/src/Illuminate/Database/Connection.php(1279): call_user_func(Object(Closure))
#7 D:/0_Project_VS_Code/3. Sistem Basis Data/TB-K1-Database/lapak_gaming/vendor/laravel/framework/src/Illuminate/Database/Connection.php(1317): Illuminate/Database/Connection->getPdo()
#8 D:/0_Project_VS_Code/3. Sistem Basis Data/TB-K1-Database/lapak_gaming/vendor/laravel/framework/src/Illuminate/Database/Connection.php(528): Illuminate/Database/Connection->getReadPdo()
#9 D:/0_Project_VS_Code/3. Sistem Basis Data/TB-K1-Database/lapak_gaming/vendor/laravel/framework/src/Illuminate/Database/Connection.php(421): Illuminate/Database/Connection->getPdoForSelect(true)
#10 D:/0_Project_VS_Code/3. Sistem Basis Data/TB-K1-Database/lapak_gaming/vendor/laravel/framework/src/Illuminate/Database/Connection.php(830): Illuminate/Database/Connection->{closure:Illuminate/Database/Connection::select():412}('select * from `...', Array)
#11 D:/0_Project_VS_Code/3. Sistem Basis Data/TB-K1-Database/lapak_gaming/vendor/laravel/framework/src/Illuminate/Database/Connection.php(1021): Illuminate/Database/Connection->runQueryCallback('select * from `...', Array, Object(Closure))
#12 D:/0_Project_VS_Code/3. Sistem Basis Data/TB-K1-Database/lapak_gaming/vendor/laravel/framework/src/Illuminate/Database/Connection.php(1000): Illuminate/Database/Connection->tryAgainIfCausedByLostConnection(Object(Illuminate/Database/QueryException), 'select * from `...', Array, Object(Closure))
#13 D:/0_Project_VS_Code/3. Sistem Basis Data/TB-K1-Database/lapak_gaming/vendor/laravel/framework/src/Illuminate/Database/Connection.php(799): Illuminate/Database/Connection->handleQueryException(Object(Illuminate/Database/QueryException), 'select * from `...', Array, Object(Closure))
#14 D:/0_Project_VS_Code/3. Sistem Basis Data/TB-K1-Database/lapak_gaming/vendor/laravel/framework/src/Illuminate/Database/Connection.php(412): Illuminate/Database/Connection->run('select * from `...', Array, Object(Closure))
#15 D:/0_Project_VS_Code/3. Sistem Basis Data/TB-K1-Database/lapak_gaming/vendor/laravel/framework/src/Illuminate/Database/Query/Builder.php(3562): Illuminate/Database/Connection->select('select * from `...', Array, true, Array)
#16 D:/0_Project_VS_Code/3. Sistem Basis Data/TB-K1-Database/lapak_gaming/vendor/laravel/framework/src/Illuminate/Database/Query/Builder.php(3546): Illuminate/Database/Query/Builder->runSelect()
#17 D:/0_Project_VS_Code/3. Sistem Basis Data/TB-K1-Database/lapak_gaming/vendor/laravel/framework/src/Illuminate/Cache/DatabaseStore.php(142): Illuminate/Database/Query/Builder->get()
#18 D:/0_Project_VS_Code/3. Sistem Basis Data/TB-K1-Database/lapak_gaming/vendor/laravel/framework/src/Illuminate/Cache/DatabaseStore.php(117): Illuminate/Cache/DatabaseStore->many(Array)
#19 D:/0_Project_VS_Code/3. Sistem Basis Data/TB-K1-Database/lapak_gaming/vendor/laravel/framework/src/Illuminate/Cache/Repository.php(124): Illuminate/Cache/DatabaseStore->get('illuminate:queu...')
#20 D:/0_Project_VS_Code/3. Sistem Basis Data/TB-K1-Database/lapak_gaming/vendor/laravel/framework/src/Illuminate/Queue/QueueManager.php(282): Illuminate/Cache/Repository->get('illuminate:queu...', false)
#21 D:/0_Project_VS_Code/3. Sistem Basis Data/TB-K1-Database/lapak_gaming/vendor/laravel/framework/src/Illuminate/Queue/Worker.php(428): Illuminate/Queue/QueueManager->isPaused('database', 'default')
#22 D:/0_Project_VS_Code/3. Sistem Basis Data/TB-K1-Database/lapak_gaming/vendor/laravel/framework/src/Illuminate/Queue/Worker.php(396): Illuminate/Queue/Worker->queuePaused('database', 'default')
#23 D:/0_Project_VS_Code/3. Sistem Basis Data/TB-K1-Database/lapak_gaming/vendor/laravel/framework/src/Illuminate/Queue/Worker.php(357): Illuminate/Queue/Worker->getNextJob(Object(Illuminate/Queue/DatabaseQueue), 'default')
#24 D:/0_Project_VS_Code/3. Sistem Basis Data/TB-K1-Database/lapak_gaming/vendor/laravel/framework/src/Illuminate/Queue/Console/WorkCommand.php(148): Illuminate/Queue/Worker->runNextJob('database', 'default', Object(Illuminate/Queue/WorkerOptions))
#25 D:/0_Project_VS_Code/3. Sistem Basis Data/TB-K1-Database/lapak_gaming/vendor/laravel/framework/src/Illuminate/Queue/Console/WorkCommand.php(131): Illuminate/Queue/Console/WorkCommand->runWorker('database', 'default')
#26 D:/0_Project_VS_Code/3. Sistem Basis Data/TB-K1-Database/lapak_gaming/vendor/laravel/framework/src/Illuminate/Container/BoundMethod.php(36): Illuminate/Queue/Console/WorkCommand->handle()
#27 D:/0_Project_VS_Code/3. Sistem Basis Data/TB-K1-Database/lapak_gaming/vendor/laravel/framework/src/Illuminate/Container/Util.php(43): Illuminate/Container/BoundMethod::{closure:Illuminate/Container/BoundMethod::call():35}()
#28 D:/0_Project_VS_Code/3. Sistem Basis Data/TB-K1-Database/lapak_gaming/vendor/laravel/framework/src/Illuminate/Container/BoundMethod.php(96): Illuminate/Container/Util::unwrapIfClosure(Object(Closure))
#29 D:/0_Project_VS_Code/3. Sistem Basis Data/TB-K1-Database/lapak_gaming/vendor/laravel/framework/src/Illuminate/Container/BoundMethod.php(35): Illuminate/Container/BoundMethod::callBoundMethod(Object(Illuminate/Foundation/Application), Array, Object(Closure))
#30 D:/0_Project_VS_Code/3. Sistem Basis Data/TB-K1-Database/lapak_gaming/vendor/laravel/framework/src/Illuminate/Container/Container.php(799): Illuminate/Container/BoundMethod::call(Object(Illuminate/Foundation/Application), Array, Array, NULL)
#31 D:/0_Project_VS_Code/3. Sistem Basis Data/TB-K1-Database/lapak_gaming/vendor/laravel/framework/src/Illuminate/Console/Command.php(280): Illuminate/Container/Container->call(Array)
#32 D:/0_Project_VS_Code/3. Sistem Basis Data/TB-K1-Database/lapak_gaming/vendor/symfony/console/Command/Command.php(291): Illuminate/Console/Command->execute(Object(Symfony/Component/Console/Input/ArgvInput), Object(Illuminate/Console/OutputStyle))
#33 D:/0_Project_VS_Code/3. Sistem Basis Data/TB-K1-Database/lapak_gaming/vendor/laravel/framework/src/Illuminate/Console/Command.php(249): Symfony/Component/Console/Command/Command->run(Object(Symfony/Component/Console/Input/ArgvInput), Object(Illuminate/Console/OutputStyle))
#34 D:/0_Project_VS_Code/3. Sistem Basis Data/TB-K1-Database/lapak_gaming/vendor/symfony/console/Application.php(1107): Illuminate/Console/Command->run(Object(Symfony/Component/Console/Input/ArgvInput), Object(Symfony/Component/Console/Output/ConsoleOutput))
#35 D:/0_Project_VS_Code/3. Sistem Basis Data/TB-K1-Database/lapak_gaming/vendor/symfony/console/Application.php(356): Symfony/Component/Console/Application->doRunCommand(Object(Illuminate/Queue/Console/WorkCommand), Object(Symfony/Component/Console/Input/ArgvInput), Object(Symfony/Component/Console/Output/ConsoleOutput))
#36 D:/0_Project_VS_Code/3. Sistem Basis Data/TB-K1-Database/lapak_gaming/vendor/symfony/console/Application.php(195): Symfony/Component/Console/Application->doRun(Object(Symfony/Component/Console/Input/ArgvInput), Object(Symfony/Component/Console/Output/ConsoleOutput))
#37 D:/0_Project_VS_Code/3. Sistem Basis Data/TB-K1-Database/lapak_gaming/vendor/laravel/framework/src/Illuminate/Foundation/Console/Kernel.php(198): Symfony/Component/Console/Application->run(Object(Symfony/Component/Console/Input/ArgvInput), Object(Symfony/Component/Console/Output/ConsoleOutput))
#38 D:/0_Project_VS_Code/3. Sistem Basis Data/TB-K1-Database/lapak_gaming/vendor/laravel/framework/src/Illuminate/Foundation/Application.php(1235): Illuminate/Foundation/Console/Kernel->handle(Object(Symfony/Component/Console/Input/ArgvInput), Object(Symfony/Component/Console/Output/ConsoleOutput))
#39 D:/0_Project_VS_Code/3. Sistem Basis Data/TB-K1-Database/lapak_gaming/artisan(16): Illuminate/Foundation/Application->handleCommand(Object(Symfony/Component/Console/Input/ArgvInput))
#40 {main}
"} 
[2026-04-01 06:21:17] local.ERROR: SQLSTATE[HY000] [2002] No connection could be made because the target machine actively refused it (Connection: mysql, Host: 127.0.0.1, Port: 3306, Database: lapak_gaming, SQL: select * from `cache` where `key` in (laravel-cache-illuminate:queue:paused:database:default)) {"exception":"[object] (Illuminate\\Database\\QueryException(code: 2002): SQLSTATE[HY000] [2002] No connection could be made because the target machine actively refused it (Connection: mysql, Host: 127.0.0.1, Port: 3306, Database: lapak_gaming, SQL: select * from `cache` where `key` in (laravel-cache-illuminate:queue:paused:database:default)) at D:/0_Project_VS_Code/3. Sistem Basis Data/TB-K1-Database/lapak_gaming/vendor/laravel/framework/src/Illuminate/Database/Connection.php:841)
[stacktrace]
#0 D:/0_Project_VS_Code/3. Sistem Basis Data/TB-K1-Database/lapak_gaming/vendor/laravel/framework/src/Illuminate/Database/Connection.php(1021): Illuminate/Database/Connection->runQueryCallback('select * from `...', Array, Object(Closure))
#1 D:/0_Project_VS_Code/3. Sistem Basis Data/TB-K1-Database/lapak_gaming/vendor/laravel/framework/src/Illuminate/Database/Connection.php(1000): Illuminate/Database/Connection->tryAgainIfCausedByLostConnection(Object(Illuminate/Database/QueryException), 'select * from `...', Array, Object(Closure))
#2 D:/0_Project_VS_Code/3. Sistem Basis Data/TB-K1-Database/lapak_gaming/vendor/laravel/framework/src/Illuminate/Database/Connection.php(799): Illuminate/Database/Connection->handleQueryException(Object(Illuminate/Database/QueryException), 'select * from `...', Array, Object(Closure))
#3 D:/0_Project_VS_Code/3. Sistem Basis Data/TB-K1-Database/lapak_gaming/vendor/laravel/framework/src/Illuminate/Database/Connection.php(412): Illuminate/Database/Connection->run('select * from `...', Array, Object(Closure))
#4 D:/0_Project_VS_Code/3. Sistem Basis Data/TB-K1-Database/lapak_gaming/vendor/laravel/framework/src/Illuminate/Database/Query/Builder.php(3562): Illuminate/Database/Connection->select('select * from `...', Array, true, Array)
#5 D:/0_Project_VS_Code/3. Sistem Basis Data/TB-K1-Database/lapak_gaming/vendor/laravel/framework/src/Illuminate/Database/Query/Builder.php(3546): Illuminate/Database/Query/Builder->runSelect()
#6 D:/0_Project_VS_Code/3. Sistem Basis Data/TB-K1-Database/lapak_gaming/vendor/laravel/framework/src/Illuminate/Cache/DatabaseStore.php(142): Illuminate/Database/Query/Builder->get()
#7 D:/0_Project_VS_Code/3. Sistem Basis Data/TB-K1-Database/lapak_gaming/vendor/laravel/framework/src/Illuminate/Cache/DatabaseStore.php(117): Illuminate/Cache/DatabaseStore->many(Array)
#8 D:/0_Project_VS_Code/3. Sistem Basis Data/TB-K1-Database/lapak_gaming/vendor/laravel/framework/src/Illuminate/Cache/Repository.php(124): Illuminate/Cache/DatabaseStore->get('illuminate:queu...')
#9 D:/0_Project_VS_Code/3. Sistem Basis Data/TB-K1-Database/lapak_gaming/vendor/laravel/framework/src/Illuminate/Queue/QueueManager.php(282): Illuminate/Cache/Repository->get('illuminate:queu...', false)
#10 D:/0_Project_VS_Code/3. Sistem Basis Data/TB-K1-Database/lapak_gaming/vendor/laravel/framework/src/Illuminate/Queue/Worker.php(428): Illuminate/Queue/QueueManager->isPaused('database', 'default')
#11 D:/0_Project_VS_Code/3. Sistem Basis Data/TB-K1-Database/lapak_gaming/vendor/laravel/framework/src/Illuminate/Queue/Worker.php(396): Illuminate/Queue/Worker->queuePaused('database', 'default')
#12 D:/0_Project_VS_Code/3. Sistem Basis Data/TB-K1-Database/lapak_gaming/vendor/laravel/framework/src/Illuminate/Queue/Worker.php(357): Illuminate/Queue/Worker->getNextJob(Object(Illuminate/Queue/DatabaseQueue), 'default')
#13 D:/0_Project_VS_Code/3. Sistem Basis Data/TB-K1-Database/lapak_gaming/vendor/laravel/framework/src/Illuminate/Queue/Console/WorkCommand.php(148): Illuminate/Queue/Worker->runNextJob('database', 'default', Object(Illuminate/Queue/WorkerOptions))
#14 D:/0_Project_VS_Code/3. Sistem Basis Data/TB-K1-Database/lapak_gaming/vendor/laravel/framework/src/Illuminate/Queue/Console/WorkCommand.php(131): Illuminate/Queue/Console/WorkCommand->runWorker('database', 'default')
#15 D:/0_Project_VS_Code/3. Sistem Basis Data/TB-K1-Database/lapak_gaming/vendor/laravel/framework/src/Illuminate/Container/BoundMethod.php(36): Illuminate/Queue/Console/WorkCommand->handle()
#16 D:/0_Project_VS_Code/3. Sistem Basis Data/TB-K1-Database/lapak_gaming/vendor/laravel/framework/src/Illuminate/Container/Util.php(43): Illuminate/Container/BoundMethod::{closure:Illuminate/Container/BoundMethod::call():35}()
#17 D:/0_Project_VS_Code/3. Sistem Basis Data/TB-K1-Database/lapak_gaming/vendor/laravel/framework/src/Illuminate/Container/BoundMethod.php(96): Illuminate/Container/Util::unwrapIfClosure(Object(Closure))
#18 D:/0_Project_VS_Code/3. Sistem Basis Data/TB-K1-Database/lapak_gaming/vendor/laravel/framework/src/Illuminate/Container/BoundMethod.php(35): Illuminate/Container/BoundMethod::callBoundMethod(Object(Illuminate/Foundation/Application), Array, Object(Closure))
#19 D:/0_Project_VS_Code/3. Sistem Basis Data/TB-K1-Database/lapak_gaming/vendor/laravel/framework/src/Illuminate/Container/Container.php(799): Illuminate/Container/BoundMethod::call(Object(Illuminate/Foundation/Application), Array, Array, NULL)
#20 D:/0_Project_VS_Code/3. Sistem Basis Data/TB-K1-Database/lapak_gaming/vendor/laravel/framework/src/Illuminate/Console/Command.php(280): Illuminate/Container/Container->call(Array)
#21 D:/0_Project_VS_Code/3. Sistem Basis Data/TB-K1-Database/lapak_gaming/vendor/symfony/console/Command/Command.php(291): Illuminate/Console/Command->execute(Object(Symfony/Component/Console/Input/ArgvInput), Object(Illuminate/Console/OutputStyle))
#22 D:/0_Project_VS_Code/3. Sistem Basis Data/TB-K1-Database/lapak_gaming/vendor/laravel/framework/src/Illuminate/Console/Command.php(249): Symfony/Component/Console/Command/Command->run(Object(Symfony/Component/Console/Input/ArgvInput), Object(Illuminate/Console/OutputStyle))
#23 D:/0_Project_VS_Code/3. Sistem Basis Data/TB-K1-Database/lapak_gaming/vendor/symfony/console/Application.php(1107): Illuminate/Console/Command->run(Object(Symfony/Component/Console/Input/ArgvInput), Object(Symfony/Component/Console/Output/ConsoleOutput))
#24 D:/0_Project_VS_Code/3. Sistem Basis Data/TB-K1-Database/lapak_gaming/vendor/symfony/console/Application.php(356): Symfony/Component/Console/Application->doRunCommand(Object(Illuminate/Queue/Console/WorkCommand), Object(Symfony/Component/Console/Input/ArgvInput), Object(Symfony/Component/Console/Output/ConsoleOutput))
#25 D:/0_Project_VS_Code/3. Sistem Basis Data/TB-K1-Database/lapak_gaming/vendor/symfony/console/Application.php(195): Symfony/Component/Console/Application->doRun(Object(Symfony/Component/Console/Input/ArgvInput), Object(Symfony/Component/Console/Output/ConsoleOutput))
#26 D:/0_Project_VS_Code/3. Sistem Basis Data/TB-K1-Database/lapak_gaming/vendor/laravel/framework/src/Illuminate/Foundation/Console/Kernel.php(198): Symfony/Component/Console/Application->run(Object(Symfony/Component/Console/Input/ArgvInput), Object(Symfony/Component/Console/Output/ConsoleOutput))
#27 D:/0_Project_VS_Code/3. Sistem Basis Data/TB-K1-Database/lapak_gaming/vendor/laravel/framework/src/Illuminate/Foundation/Application.php(1235): Illuminate/Foundation/Console/Kernel->handle(Object(Symfony/Component/Console/Input/ArgvInput), Object(Symfony/Component/Console/Output/ConsoleOutput))
#28 D:/0_Project_VS_Code/3. Sistem Basis Data/TB-K1-Database/lapak_gaming/artisan(16): Illuminate/Foundation/Application->handleCommand(Object(Symfony/Component/Console/Input/ArgvInput))
#29 {main}

[previous exception] [object] (PDOException(code: 2002): SQLSTATE[HY000] [2002] No connection could be made because the target machine actively refused it at D:/0_Project_VS_Code/3. Sistem Basis Data/TB-K1-Database/lapak_gaming/vendor/laravel/framework/src/Illuminate/Database/Connectors/Connector.php:67)
[stacktrace]
#0 D:/0_Project_VS_Code/3. Sistem Basis Data/TB-K1-Database/lapak_gaming/vendor/laravel/framework/src/Illuminate/Database/Connectors/Connector.php(67): PDO::connect('mysql:host=127....', 'root', Object(SensitiveParameterValue), Array)
#1 D:/0_Project_VS_Code/3. Sistem Basis Data/TB-K1-Database/lapak_gaming/vendor/laravel/framework/src/Illuminate/Database/Connectors/Connector.php(85): Illuminate/Database/Connectors/Connector->createPdoConnection('mysql:host=127....', 'root', Object(SensitiveParameterValue), Array)
#2 D:/0_Project_VS_Code/3. Sistem Basis Data/TB-K1-Database/lapak_gaming/vendor/laravel/framework/src/Illuminate/Database/Connectors/Connector.php(48): Illuminate/Database/Connectors/Connector->tryAgainIfCausedByLostConnection(Object(PDOException), 'mysql:host=127....', 'root', Object(SensitiveParameterValue), Array)
#3 D:/0_Project_VS_Code/3. Sistem Basis Data/TB-K1-Database/lapak_gaming/vendor/laravel/framework/src/Illuminate/Database/Connectors/MySqlConnector.php(24): Illuminate/Database/Connectors/Connector->createConnection('mysql:host=127....', Array, Array)
#4 D:/0_Project_VS_Code/3. Sistem Basis Data/TB-K1-Database/lapak_gaming/vendor/laravel/framework/src/Illuminate/Database/Connectors/ConnectionFactory.php(186): Illuminate/Database/Connectors/MySqlConnector->connect(Array)
#5 [internal function]: Illuminate/Database/Connectors/ConnectionFactory->{closure:Illuminate/Database/Connectors/ConnectionFactory::createPdoResolverWithHosts():181}()
#6 D:/0_Project_VS_Code/3. Sistem Basis Data/TB-K1-Database/lapak_gaming/vendor/laravel/framework/src/Illuminate/Database/Connection.php(1279): call_user_func(Object(Closure))
#7 D:/0_Project_VS_Code/3. Sistem Basis Data/TB-K1-Database/lapak_gaming/vendor/laravel/framework/src/Illuminate/Database/Connection.php(1317): Illuminate/Database/Connection->getPdo()
#8 D:/0_Project_VS_Code/3. Sistem Basis Data/TB-K1-Database/lapak_gaming/vendor/laravel/framework/src/Illuminate/Database/Connection.php(528): Illuminate/Database/Connection->getReadPdo()
#9 D:/0_Project_VS_Code/3. Sistem Basis Data/TB-K1-Database/lapak_gaming/vendor/laravel/framework/src/Illuminate/Database/Connection.php(421): Illuminate/Database/Connection->getPdoForSelect(true)
#10 D:/0_Project_VS_Code/3. Sistem Basis Data/TB-K1-Database/lapak_gaming/vendor/laravel/framework/src/Illuminate/Database/Connection.php(830): Illuminate/Database/Connection->{closure:Illuminate/Database/Connection::select():412}('select * from `...', Array)
#11 D:/0_Project_VS_Code/3. Sistem Basis Data/TB-K1-Database/lapak_gaming/vendor/laravel/framework/src/Illuminate/Database/Connection.php(1021): Illuminate/Database/Connection->runQueryCallback('select * from `...', Array, Object(Closure))
#12 D:/0_Project_VS_Code/3. Sistem Basis Data/TB-K1-Database/lapak_gaming/vendor/laravel/framework/src/Illuminate/Database/Connection.php(1000): Illuminate/Database/Connection->tryAgainIfCausedByLostConnection(Object(Illuminate/Database/QueryException), 'select * from `...', Array, Object(Closure))
#13 D:/0_Project_VS_Code/3. Sistem Basis Data/TB-K1-Database/lapak_gaming/vendor/laravel/framework/src/Illuminate/Database/Connection.php(799): Illuminate/Database/Connection->handleQueryException(Object(Illuminate/Database/QueryException), 'select * from `...', Array, Object(Closure))
#14 D:/0_Project_VS_Code/3. Sistem Basis Data/TB-K1-Database/lapak_gaming/vendor/laravel/framework/src/Illuminate/Database/Connection.php(412): Illuminate/Database/Connection->run('select * from `...', Array, Object(Closure))
#15 D:/0_Project_VS_Code/3. Sistem Basis Data/TB-K1-Database/lapak_gaming/vendor/laravel/framework/src/Illuminate/Database/Query/Builder.php(3562): Illuminate/Database/Connection->select('select * from `...', Array, true, Array)
#16 D:/0_Project_VS_Code/3. Sistem Basis Data/TB-K1-Database/lapak_gaming/vendor/laravel/framework/src/Illuminate/Database/Query/Builder.php(3546): Illuminate/Database/Query/Builder->runSelect()
#17 D:/0_Project_VS_Code/3. Sistem Basis Data/TB-K1-Database/lapak_gaming/vendor/laravel/framework/src/Illuminate/Cache/DatabaseStore.php(142): Illuminate/Database/Query/Builder->get()
#18 D:/0_Project_VS_Code/3. Sistem Basis Data/TB-K1-Database/lapak_gaming/vendor/laravel/framework/src/Illuminate/Cache/DatabaseStore.php(117): Illuminate/Cache/DatabaseStore->many(Array)
#19 D:/0_Project_VS_Code/3. Sistem Basis Data/TB-K1-Database/lapak_gaming/vendor/laravel/framework/src/Illuminate/Cache/Repository.php(124): Illuminate/Cache/DatabaseStore->get('illuminate:queu...')
#20 D:/0_Project_VS_Code/3. Sistem Basis Data/TB-K1-Database/lapak_gaming/vendor/laravel/framework/src/Illuminate/Queue/QueueManager.php(282): Illuminate/Cache/Repository->get('illuminate:queu...', false)
#21 D:/0_Project_VS_Code/3. Sistem Basis Data/TB-K1-Database/lapak_gaming/vendor/laravel/framework/src/Illuminate/Queue/Worker.php(428): Illuminate/Queue/QueueManager->isPaused('database', 'default')
#22 D:/0_Project_VS_Code/3. Sistem Basis Data/TB-K1-Database/lapak_gaming/vendor/laravel/framework/src/Illuminate/Queue/Worker.php(396): Illuminate/Queue/Worker->queuePaused('database', 'default')
#23 D:/0_Project_VS_Code/3. Sistem Basis Data/TB-K1-Database/lapak_gaming/vendor/laravel/framework/src/Illuminate/Queue/Worker.php(357): Illuminate/Queue/Worker->getNextJob(Object(Illuminate/Queue/DatabaseQueue), 'default')
#24 D:/0_Project_VS_Code/3. Sistem Basis Data/TB-K1-Database/lapak_gaming/vendor/laravel/framework/src/Illuminate/Queue/Console/WorkCommand.php(148): Illuminate/Queue/Worker->runNextJob('database', 'default', Object(Illuminate/Queue/WorkerOptions))
#25 D:/0_Project_VS_Code/3. Sistem Basis Data/TB-K1-Database/lapak_gaming/vendor/laravel/framework/src/Illuminate/Queue/Console/WorkCommand.php(131): Illuminate/Queue/Console/WorkCommand->runWorker('database', 'default')
#26 D:/0_Project_VS_Code/3. Sistem Basis Data/TB-K1-Database/lapak_gaming/vendor/laravel/framework/src/Illuminate/Container/BoundMethod.php(36): Illuminate/Queue/Console/WorkCommand->handle()
#27 D:/0_Project_VS_Code/3. Sistem Basis Data/TB-K1-Database/lapak_gaming/vendor/laravel/framework/src/Illuminate/Container/Util.php(43): Illuminate/Container/BoundMethod::{closure:Illuminate/Container/BoundMethod::call():35}()
#28 D:/0_Project_VS_Code/3. Sistem Basis Data/TB-K1-Database/lapak_gaming/vendor/laravel/framework/src/Illuminate/Container/BoundMethod.php(96): Illuminate/Container/Util::unwrapIfClosure(Object(Closure))
#29 D:/0_Project_VS_Code/3. Sistem Basis Data/TB-K1-Database/lapak_gaming/vendor/laravel/framework/src/Illuminate/Container/BoundMethod.php(35): Illuminate/Container/BoundMethod::callBoundMethod(Object(Illuminate/Foundation/Application), Array, Object(Closure))
#30 D:/0_Project_VS_Code/3. Sistem Basis Data/TB-K1-Database/lapak_gaming/vendor/laravel/framework/src/Illuminate/Container/Container.php(799): Illuminate/Container/BoundMethod::call(Object(Illuminate/Foundation/Application), Array, Array, NULL)
#31 D:/0_Project_VS_Code/3. Sistem Basis Data/TB-K1-Database/lapak_gaming/vendor/laravel/framework/src/Illuminate/Console/Command.php(280): Illuminate/Container/Container->call(Array)
#32 D:/0_Project_VS_Code/3. Sistem Basis Data/TB-K1-Database/lapak_gaming/vendor/symfony/console/Command/Command.php(291): Illuminate/Console/Command->execute(Object(Symfony/Component/Console/Input/ArgvInput), Object(Illuminate/Console/OutputStyle))
#33 D:/0_Project_VS_Code/3. Sistem Basis Data/TB-K1-Database/lapak_gaming/vendor/laravel/framework/src/Illuminate/Console/Command.php(249): Symfony/Component/Console/Command/Command->run(Object(Symfony/Component/Console/Input/ArgvInput), Object(Illuminate/Console/OutputStyle))
#34 D:/0_Project_VS_Code/3. Sistem Basis Data/TB-K1-Database/lapak_gaming/vendor/symfony/console/Application.php(1107): Illuminate/Console/Command->run(Object(Symfony/Component/Console/Input/ArgvInput), Object(Symfony/Component/Console/Output/ConsoleOutput))
#35 D:/0_Project_VS_Code/3. Sistem Basis Data/TB-K1-Database/lapak_gaming/vendor/symfony/console/Application.php(356): Symfony/Component/Console/Application->doRunCommand(Object(Illuminate/Queue/Console/WorkCommand), Object(Symfony/Component/Console/Input/ArgvInput), Object(Symfony/Component/Console/Output/ConsoleOutput))
#36 D:/0_Project_VS_Code/3. Sistem Basis Data/TB-K1-Database/lapak_gaming/vendor/symfony/console/Application.php(195): Symfony/Component/Console/Application->doRun(Object(Symfony/Component/Console/Input/ArgvInput), Object(Symfony/Component/Console/Output/ConsoleOutput))
#37 D:/0_Project_VS_Code/3. Sistem Basis Data/TB-K1-Database/lapak_gaming/vendor/laravel/framework/src/Illuminate/Foundation/Console/Kernel.php(198): Symfony/Component/Console/Application->run(Object(Symfony/Component/Console/Input/ArgvInput), Object(Symfony/Component/Console/Output/ConsoleOutput))
#38 D:/0_Project_VS_Code/3. Sistem Basis Data/TB-K1-Database/lapak_gaming/vendor/laravel/framework/src/Illuminate/Foundation/Application.php(1235): Illuminate/Foundation/Console/Kernel->handle(Object(Symfony/Component/Console/Input/ArgvInput), Object(Symfony/Component/Console/Output/ConsoleOutput))
#39 D:/0_Project_VS_Code/3. Sistem Basis Data/TB-K1-Database/lapak_gaming/artisan(16): Illuminate/Foundation/Application->handleCommand(Object(Symfony/Component/Console/Input/ArgvInput))
#40 {main}
"} 
[2026-04-01 06:21:29] local.ERROR: SQLSTATE[HY000] [2002] No connection could be made because the target machine actively refused it (Connection: mysql, Host: 127.0.0.1, Port: 3306, Database: lapak_gaming, SQL: select * from `cache` where `key` in (laravel-cache-illuminate:queue:paused:database:default)) {"exception":"[object] (Illuminate\\Database\\QueryException(code: 2002): SQLSTATE[HY000] [2002] No connection could be made because the target machine actively refused it (Connection: mysql, Host: 127.0.0.1, Port: 3306, Database: lapak_gaming, SQL: select * from `cache` where `key` in (laravel-cache-illuminate:queue:paused:database:default)) at D:/0_Project_VS_Code/3. Sistem Basis Data/TB-K1-Database/lapak_gaming/vendor/laravel/framework/src/Illuminate/Database/Connection.php:841)
[stacktrace]
#0 D:/0_Project_VS_Code/3. Sistem Basis Data/TB-K1-Database/lapak_gaming/vendor/laravel/framework/src/Illuminate/Database/Connection.php(1021): Illuminate/Database/Connection->runQueryCallback('select * from `...', Array, Object(Closure))
#1 D:/0_Project_VS_Code/3. Sistem Basis Data/TB-K1-Database/lapak_gaming/vendor/laravel/framework/src/Illuminate/Database/Connection.php(1000): Illuminate/Database/Connection->tryAgainIfCausedByLostConnection(Object(Illuminate/Database/QueryException), 'select * from `...', Array, Object(Closure))
#2 D:/0_Project_VS_Code/3. Sistem Basis Data/TB-K1-Database/lapak_gaming/vendor/laravel/framework/src/Illuminate/Database/Connection.php(799): Illuminate/Database/Connection->handleQueryException(Object(Illuminate/Database/QueryException), 'select * from `...', Array, Object(Closure))
#3 D:/0_Project_VS_Code/3. Sistem Basis Data/TB-K1-Database/lapak_gaming/vendor/laravel/framework/src/Illuminate/Database/Connection.php(412): Illuminate/Database/Connection->run('select * from `...', Array, Object(Closure))
#4 D:/0_Project_VS_Code/3. Sistem Basis Data/TB-K1-Database/lapak_gaming/vendor/laravel/framework/src/Illuminate/Database/Query/Builder.php(3562): Illuminate/Database/Connection->select('select * from `...', Array, true, Array)
#5 D:/0_Project_VS_Code/3. Sistem Basis Data/TB-K1-Database/lapak_gaming/vendor/laravel/framework/src/Illuminate/Database/Query/Builder.php(3546): Illuminate/Database/Query/Builder->runSelect()
#6 D:/0_Project_VS_Code/3. Sistem Basis Data/TB-K1-Database/lapak_gaming/vendor/laravel/framework/src/Illuminate/Cache/DatabaseStore.php(142): Illuminate/Database/Query/Builder->get()
#7 D:/0_Project_VS_Code/3. Sistem Basis Data/TB-K1-Database/lapak_gaming/vendor/laravel/framework/src/Illuminate/Cache/DatabaseStore.php(117): Illuminate/Cache/DatabaseStore->many(Array)
#8 D:/0_Project_VS_Code/3. Sistem Basis Data/TB-K1-Database/lapak_gaming/vendor/laravel/framework/src/Illuminate/Cache/Repository.php(124): Illuminate/Cache/DatabaseStore->get('illuminate:queu...')
#9 D:/0_Project_VS_Code/3. Sistem Basis Data/TB-K1-Database/lapak_gaming/vendor/laravel/framework/src/Illuminate/Queue/QueueManager.php(282): Illuminate/Cache/Repository->get('illuminate:queu...', false)
#10 D:/0_Project_VS_Code/3. Sistem Basis Data/TB-K1-Database/lapak_gaming/vendor/laravel/framework/src/Illuminate/Queue/Worker.php(428): Illuminate/Queue/QueueManager->isPaused('database', 'default')
#11 D:/0_Project_VS_Code/3. Sistem Basis Data/TB-K1-Database/lapak_gaming/vendor/laravel/framework/src/Illuminate/Queue/Worker.php(396): Illuminate/Queue/Worker->queuePaused('database', 'default')
#12 D:/0_Project_VS_Code/3. Sistem Basis Data/TB-K1-Database/lapak_gaming/vendor/laravel/framework/src/Illuminate/Queue/Worker.php(357): Illuminate/Queue/Worker->getNextJob(Object(Illuminate/Queue/DatabaseQueue), 'default')
#13 D:/0_Project_VS_Code/3. Sistem Basis Data/TB-K1-Database/lapak_gaming/vendor/laravel/framework/src/Illuminate/Queue/Console/WorkCommand.php(148): Illuminate/Queue/Worker->runNextJob('database', 'default', Object(Illuminate/Queue/WorkerOptions))
#14 D:/0_Project_VS_Code/3. Sistem Basis Data/TB-K1-Database/lapak_gaming/vendor/laravel/framework/src/Illuminate/Queue/Console/WorkCommand.php(131): Illuminate/Queue/Console/WorkCommand->runWorker('database', 'default')
#15 D:/0_Project_VS_Code/3. Sistem Basis Data/TB-K1-Database/lapak_gaming/vendor/laravel/framework/src/Illuminate/Container/BoundMethod.php(36): Illuminate/Queue/Console/WorkCommand->handle()
#16 D:/0_Project_VS_Code/3. Sistem Basis Data/TB-K1-Database/lapak_gaming/vendor/laravel/framework/src/Illuminate/Container/Util.php(43): Illuminate/Container/BoundMethod::{closure:Illuminate/Container/BoundMethod::call():35}()
#17 D:/0_Project_VS_Code/3. Sistem Basis Data/TB-K1-Database/lapak_gaming/vendor/laravel/framework/src/Illuminate/Container/BoundMethod.php(96): Illuminate/Container/Util::unwrapIfClosure(Object(Closure))
#18 D:/0_Project_VS_Code/3. Sistem Basis Data/TB-K1-Database/lapak_gaming/vendor/laravel/framework/src/Illuminate/Container/BoundMethod.php(35): Illuminate/Container/BoundMethod::callBoundMethod(Object(Illuminate/Foundation/Application), Array, Object(Closure))
#19 D:/0_Project_VS_Code/3. Sistem Basis Data/TB-K1-Database/lapak_gaming/vendor/laravel/framework/src/Illuminate/Container/Container.php(799): Illuminate/Container/BoundMethod::call(Object(Illuminate/Foundation/Application), Array, Array, NULL)
#20 D:/0_Project_VS_Code/3. Sistem Basis Data/TB-K1-Database/lapak_gaming/vendor/laravel/framework/src/Illuminate/Console/Command.php(280): Illuminate/Container/Container->call(Array)
#21 D:/0_Project_VS_Code/3. Sistem Basis Data/TB-K1-Database/lapak_gaming/vendor/symfony/console/Command/Command.php(291): Illuminate/Console/Command->execute(Object(Symfony/Component/Console/Input/ArgvInput), Object(Illuminate/Console/OutputStyle))
#22 D:/0_Project_VS_Code/3. Sistem Basis Data/TB-K1-Database/lapak_gaming/vendor/laravel/framework/src/Illuminate/Console/Command.php(249): Symfony/Component/Console/Command/Command->run(Object(Symfony/Component/Console/Input/ArgvInput), Object(Illuminate/Console/OutputStyle))
#23 D:/0_Project_VS_Code/3. Sistem Basis Data/TB-K1-Database/lapak_gaming/vendor/symfony/console/Application.php(1107): Illuminate/Console/Command->run(Object(Symfony/Component/Console/Input/ArgvInput), Object(Symfony/Component/Console/Output/ConsoleOutput))
#24 D:/0_Project_VS_Code/3. Sistem Basis Data/TB-K1-Database/lapak_gaming/vendor/symfony/console/Application.php(356): Symfony/Component/Console/Application->doRunCommand(Object(Illuminate/Queue/Console/WorkCommand), Object(Symfony/Component/Console/Input/ArgvInput), Object(Symfony/Component/Console/Output/ConsoleOutput))
#25 D:/0_Project_VS_Code/3. Sistem Basis Data/TB-K1-Database/lapak_gaming/vendor/symfony/console/Application.php(195): Symfony/Component/Console/Application->doRun(Object(Symfony/Component/Console/Input/ArgvInput), Object(Symfony/Component/Console/Output/ConsoleOutput))
#26 D:/0_Project_VS_Code/3. Sistem Basis Data/TB-K1-Database/lapak_gaming/vendor/laravel/framework/src/Illuminate/Foundation/Console/Kernel.php(198): Symfony/Component/Console/Application->run(Object(Symfony/Component/Console/Input/ArgvInput), Object(Symfony/Component/Console/Output/ConsoleOutput))
#27 D:/0_Project_VS_Code/3. Sistem Basis Data/TB-K1-Database/lapak_gaming/vendor/laravel/framework/src/Illuminate/Foundation/Application.php(1235): Illuminate/Foundation/Console/Kernel->handle(Object(Symfony/Component/Console/Input/ArgvInput), Object(Symfony/Component/Console/Output/ConsoleOutput))
#28 D:/0_Project_VS_Code/3. Sistem Basis Data/TB-K1-Database/lapak_gaming/artisan(16): Illuminate/Foundation/Application->handleCommand(Object(Symfony/Component/Console/Input/ArgvInput))
#29 {main}

[previous exception] [object] (PDOException(code: 2002): SQLSTATE[HY000] [2002] No connection could be made because the target machine actively refused it at D:/0_Project_VS_Code/3. Sistem Basis Data/TB-K1-Database/lapak_gaming/vendor/laravel/framework/src/Illuminate/Database/Connectors/Connector.php:67)
[stacktrace]
#0 D:/0_Project_VS_Code/3. Sistem Basis Data/TB-K1-Database/lapak_gaming/vendor/laravel/framework/src/Illuminate/Database/Connectors/Connector.php(67): PDO::connect('mysql:host=127....', 'root', Object(SensitiveParameterValue), Array)
#1 D:/0_Project_VS_Code/3. Sistem Basis Data/TB-K1-Database/lapak_gaming/vendor/laravel/framework/src/Illuminate/Database/Connectors/Connector.php(85): Illuminate/Database/Connectors/Connector->createPdoConnection('mysql:host=127....', 'root', Object(SensitiveParameterValue), Array)
#2 D:/0_Project_VS_Code/3. Sistem Basis Data/TB-K1-Database/lapak_gaming/vendor/laravel/framework/src/Illuminate/Database/Connectors/Connector.php(48): Illuminate/Database/Connectors/Connector->tryAgainIfCausedByLostConnection(Object(PDOException), 'mysql:host=127....', 'root', Object(SensitiveParameterValue), Array)
#3 D:/0_Project_VS_Code/3. Sistem Basis Data/TB-K1-Database/lapak_gaming/vendor/laravel/framework/src/Illuminate/Database/Connectors/MySqlConnector.php(24): Illuminate/Database/Connectors/Connector->createConnection('mysql:host=127....', Array, Array)
#4 D:/0_Project_VS_Code/3. Sistem Basis Data/TB-K1-Database/lapak_gaming/vendor/laravel/framework/src/Illuminate/Database/Connectors/ConnectionFactory.php(186): Illuminate/Database/Connectors/MySqlConnector->connect(Array)
#5 [internal function]: Illuminate/Database/Connectors/ConnectionFactory->{closure:Illuminate/Database/Connectors/ConnectionFactory::createPdoResolverWithHosts():181}()
#6 D:/0_Project_VS_Code/3. Sistem Basis Data/TB-K1-Database/lapak_gaming/vendor/laravel/framework/src/Illuminate/Database/Connection.php(1279): call_user_func(Object(Closure))
#7 D:/0_Project_VS_Code/3. Sistem Basis Data/TB-K1-Database/lapak_gaming/vendor/laravel/framework/src/Illuminate/Database/Connection.php(1317): Illuminate/Database/Connection->getPdo()
#8 D:/0_Project_VS_Code/3. Sistem Basis Data/TB-K1-Database/lapak_gaming/vendor/laravel/framework/src/Illuminate/Database/Connection.php(528): Illuminate/Database/Connection->getReadPdo()
#9 D:/0_Project_VS_Code/3. Sistem Basis Data/TB-K1-Database/lapak_gaming/vendor/laravel/framework/src/Illuminate/Database/Connection.php(421): Illuminate/Database/Connection->getPdoForSelect(true)
#10 D:/0_Project_VS_Code/3. Sistem Basis Data/TB-K1-Database/lapak_gaming/vendor/laravel/framework/src/Illuminate/Database/Connection.php(830): Illuminate/Database/Connection->{closure:Illuminate/Database/Connection::select():412}('select * from `...', Array)
#11 D:/0_Project_VS_Code/3. Sistem Basis Data/TB-K1-Database/lapak_gaming/vendor/laravel/framework/src/Illuminate/Database/Connection.php(1021): Illuminate/Database/Connection->runQueryCallback('select * from `...', Array, Object(Closure))
#12 D:/0_Project_VS_Code/3. Sistem Basis Data/TB-K1-Database/lapak_gaming/vendor/laravel/framework/src/Illuminate/Database/Connection.php(1000): Illuminate/Database/Connection->tryAgainIfCausedByLostConnection(Object(Illuminate/Database/QueryException), 'select * from `...', Array, Object(Closure))
#13 D:/0_Project_VS_Code/3. Sistem Basis Data/TB-K1-Database/lapak_gaming/vendor/laravel/framework/src/Illuminate/Database/Connection.php(799): Illuminate/Database/Connection->handleQueryException(Object(Illuminate/Database/QueryException), 'select * from `...', Array, Object(Closure))
#14 D:/0_Project_VS_Code/3. Sistem Basis Data/TB-K1-Database/lapak_gaming/vendor/laravel/framework/src/Illuminate/Database/Connection.php(412): Illuminate/Database/Connection->run('select * from `...', Array, Object(Closure))
#15 D:/0_Project_VS_Code/3. Sistem Basis Data/TB-K1-Database/lapak_gaming/vendor/laravel/framework/src/Illuminate/Database/Query/Builder.php(3562): Illuminate/Database/Connection->select('select * from `...', Array, true, Array)
#16 D:/0_Project_VS_Code/3. Sistem Basis Data/TB-K1-Database/lapak_gaming/vendor/laravel/framework/src/Illuminate/Database/Query/Builder.php(3546): Illuminate/Database/Query/Builder->runSelect()
#17 D:/0_Project_VS_Code/3. Sistem Basis Data/TB-K1-Database/lapak_gaming/vendor/laravel/framework/src/Illuminate/Cache/DatabaseStore.php(142): Illuminate/Database/Query/Builder->get()
#18 D:/0_Project_VS_Code/3. Sistem Basis Data/TB-K1-Database/lapak_gaming/vendor/laravel/framework/src/Illuminate/Cache/DatabaseStore.php(117): Illuminate/Cache/DatabaseStore->many(Array)
#19 D:/0_Project_VS_Code/3. Sistem Basis Data/TB-K1-Database/lapak_gaming/vendor/laravel/framework/src/Illuminate/Cache/Repository.php(124): Illuminate/Cache/DatabaseStore->get('illuminate:queu...')
#20 D:/0_Project_VS_Code/3. Sistem Basis Data/TB-K1-Database/lapak_gaming/vendor/laravel/framework/src/Illuminate/Queue/QueueManager.php(282): Illuminate/Cache/Repository->get('illuminate:queu...', false)
#21 D:/0_Project_VS_Code/3. Sistem Basis Data/TB-K1-Database/lapak_gaming/vendor/laravel/framework/src/Illuminate/Queue/Worker.php(428): Illuminate/Queue/QueueManager->isPaused('database', 'default')
#22 D:/0_Project_VS_Code/3. Sistem Basis Data/TB-K1-Database/lapak_gaming/vendor/laravel/framework/src/Illuminate/Queue/Worker.php(396): Illuminate/Queue/Worker->queuePaused('database', 'default')
#23 D:/0_Project_VS_Code/3. Sistem Basis Data/TB-K1-Database/lapak_gaming/vendor/laravel/framework/src/Illuminate/Queue/Worker.php(357): Illuminate/Queue/Worker->getNextJob(Object(Illuminate/Queue/DatabaseQueue), 'default')
#24 D:/0_Project_VS_Code/3. Sistem Basis Data/TB-K1-Database/lapak_gaming/vendor/laravel/framework/src/Illuminate/Queue/Console/WorkCommand.php(148): Illuminate/Queue/Worker->runNextJob('database', 'default', Object(Illuminate/Queue/WorkerOptions))
#25 D:/0_Project_VS_Code/3. Sistem Basis Data/TB-K1-Database/lapak_gaming/vendor/laravel/framework/src/Illuminate/Queue/Console/WorkCommand.php(131): Illuminate/Queue/Console/WorkCommand->runWorker('database', 'default')
#26 D:/0_Project_VS_Code/3. Sistem Basis Data/TB-K1-Database/lapak_gaming/vendor/laravel/framework/src/Illuminate/Container/BoundMethod.php(36): Illuminate/Queue/Console/WorkCommand->handle()
#27 D:/0_Project_VS_Code/3. Sistem Basis Data/TB-K1-Database/lapak_gaming/vendor/laravel/framework/src/Illuminate/Container/Util.php(43): Illuminate/Container/BoundMethod::{closure:Illuminate/Container/BoundMethod::call():35}()
#28 D:/0_Project_VS_Code/3. Sistem Basis Data/TB-K1-Database/lapak_gaming/vendor/laravel/framework/src/Illuminate/Container/BoundMethod.php(96): Illuminate/Container/Util::unwrapIfClosure(Object(Closure))
#29 D:/0_Project_VS_Code/3. Sistem Basis Data/TB-K1-Database/lapak_gaming/vendor/laravel/framework/src/Illuminate/Container/BoundMethod.php(35): Illuminate/Container/BoundMethod::callBoundMethod(Object(Illuminate/Foundation/Application), Array, Object(Closure))
#30 D:/0_Project_VS_Code/3. Sistem Basis Data/TB-K1-Database/lapak_gaming/vendor/laravel/framework/src/Illuminate/Container/Container.php(799): Illuminate/Container/BoundMethod::call(Object(Illuminate/Foundation/Application), Array, Array, NULL)
#31 D:/0_Project_VS_Code/3. Sistem Basis Data/TB-K1-Database/lapak_gaming/vendor/laravel/framework/src/Illuminate/Console/Command.php(280): Illuminate/Container/Container->call(Array)
#32 D:/0_Project_VS_Code/3. Sistem Basis Data/TB-K1-Database/lapak_gaming/vendor/symfony/console/Command/Command.php(291): Illuminate/Console/Command->execute(Object(Symfony/Component/Console/Input/ArgvInput), Object(Illuminate/Console/OutputStyle))
#33 D:/0_Project_VS_Code/3. Sistem Basis Data/TB-K1-Database/lapak_gaming/vendor/laravel/framework/src/Illuminate/Console/Command.php(249): Symfony/Component/Console/Command/Command->run(Object(Symfony/Component/Console/Input/ArgvInput), Object(Illuminate/Console/OutputStyle))
#34 D:/0_Project_VS_Code/3. Sistem Basis Data/TB-K1-Database/lapak_gaming/vendor/symfony/console/Application.php(1107): Illuminate/Console/Command->run(Object(Symfony/Component/Console/Input/ArgvInput), Object(Symfony/Component/Console/Output/ConsoleOutput))
#35 D:/0_Project_VS_Code/3. Sistem Basis Data/TB-K1-Database/lapak_gaming/vendor/symfony/console/Application.php(356): Symfony/Component/Console/Application->doRunCommand(Object(Illuminate/Queue/Console/WorkCommand), Object(Symfony/Component/Console/Input/ArgvInput), Object(Symfony/Component/Console/Output/ConsoleOutput))
#36 D:/0_Project_VS_Code/3. Sistem Basis Data/TB-K1-Database/lapak_gaming/vendor/symfony/console/Application.php(195): Symfony/Component/Console/Application->doRun(Object(Symfony/Component/Console/Input/ArgvInput), Object(Symfony/Component/Console/Output/ConsoleOutput))
#37 D:/0_Project_VS_Code/3. Sistem Basis Data/TB-K1-Database/lapak_gaming/vendor/laravel/framework/src/Illuminate/Foundation/Console/Kernel.php(198): Symfony/Component/Console/Application->run(Object(Symfony/Component/Console/Input/ArgvInput), Object(Symfony/Component/Console/Output/ConsoleOutput))
#38 D:/0_Project_VS_Code/3. Sistem Basis Data/TB-K1-Database/lapak_gaming/vendor/laravel/framework/src/Illuminate/Foundation/Application.php(1235): Illuminate/Foundation/Console/Kernel->handle(Object(Symfony/Component/Console/Input/ArgvInput), Object(Symfony/Component/Console/Output/ConsoleOutput))
#39 D:/0_Project_VS_Code/3. Sistem Basis Data/TB-K1-Database/lapak_gaming/artisan(16): Illuminate/Foundation/Application->handleCommand(Object(Symfony/Component/Console/Input/ArgvInput))
#40 {main}
"} 
[2026-04-01 06:21:42] local.ERROR: SQLSTATE[HY000] [2002] No connection could be made because the target machine actively refused it (Connection: mysql, Host: 127.0.0.1, Port: 3306, Database: lapak_gaming, SQL: select * from `cache` where `key` in (laravel-cache-illuminate:queue:paused:database:default)) {"exception":"[object] (Illuminate\\Database\\QueryException(code: 2002): SQLSTATE[HY000] [2002] No connection could be made because the target machine actively refused it (Connection: mysql, Host: 127.0.0.1, Port: 3306, Database: lapak_gaming, SQL: select * from `cache` where `key` in (laravel-cache-illuminate:queue:paused:database:default)) at D:/0_Project_VS_Code/3. Sistem Basis Data/TB-K1-Database/lapak_gaming/vendor/laravel/framework/src/Illuminate/Database/Connection.php:841)
[stacktrace]
#0 D:/0_Project_VS_Code/3. Sistem Basis Data/TB-K1-Database/lapak_gaming/vendor/laravel/framework/src/Illuminate/Database/Connection.php(1021): Illuminate/Database/Connection->runQueryCallback('select * from `...', Array, Object(Closure))
#1 D:/0_Project_VS_Code/3. Sistem Basis Data/TB-K1-Database/lapak_gaming/vendor/laravel/framework/src/Illuminate/Database/Connection.php(1000): Illuminate/Database/Connection->tryAgainIfCausedByLostConnection(Object(Illuminate/Database/QueryException), 'select * from `...', Array, Object(Closure))
#2 D:/0_Project_VS_Code/3. Sistem Basis Data/TB-K1-Database/lapak_gaming/vendor/laravel/framework/src/Illuminate/Database/Connection.php(799): Illuminate/Database/Connection->handleQueryException(Object(Illuminate/Database/QueryException), 'select * from `...', Array, Object(Closure))
#3 D:/0_Project_VS_Code/3. Sistem Basis Data/TB-K1-Database/lapak_gaming/vendor/laravel/framework/src/Illuminate/Database/Connection.php(412): Illuminate/Database/Connection->run('select * from `...', Array, Object(Closure))
#4 D:/0_Project_VS_Code/3. Sistem Basis Data/TB-K1-Database/lapak_gaming/vendor/laravel/framework/src/Illuminate/Database/Query/Builder.php(3562): Illuminate/Database/Connection->select('select * from `...', Array, true, Array)
#5 D:/0_Project_VS_Code/3. Sistem Basis Data/TB-K1-Database/lapak_gaming/vendor/laravel/framework/src/Illuminate/Database/Query/Builder.php(3546): Illuminate/Database/Query/Builder->runSelect()
#6 D:/0_Project_VS_Code/3. Sistem Basis Data/TB-K1-Database/lapak_gaming/vendor/laravel/framework/src/Illuminate/Cache/DatabaseStore.php(142): Illuminate/Database/Query/Builder->get()
#7 D:/0_Project_VS_Code/3. Sistem Basis Data/TB-K1-Database/lapak_gaming/vendor/laravel/framework/src/Illuminate/Cache/DatabaseStore.php(117): Illuminate/Cache/DatabaseStore->many(Array)
#8 D:/0_Project_VS_Code/3. Sistem Basis Data/TB-K1-Database/lapak_gaming/vendor/laravel/framework/src/Illuminate/Cache/Repository.php(124): Illuminate/Cache/DatabaseStore->get('illuminate:queu...')
#9 D:/0_Project_VS_Code/3. Sistem Basis Data/TB-K1-Database/lapak_gaming/vendor/laravel/framework/src/Illuminate/Queue/QueueManager.php(282): Illuminate/Cache/Repository->get('illuminate:queu...', false)
#10 D:/0_Project_VS_Code/3. Sistem Basis Data/TB-K1-Database/lapak_gaming/vendor/laravel/framework/src/Illuminate/Queue/Worker.php(428): Illuminate/Queue/QueueManager->isPaused('database', 'default')
#11 D:/0_Project_VS_Code/3. Sistem Basis Data/TB-K1-Database/lapak_gaming/vendor/laravel/framework/src/Illuminate/Queue/Worker.php(396): Illuminate/Queue/Worker->queuePaused('database', 'default')
#12 D:/0_Project_VS_Code/3. Sistem Basis Data/TB-K1-Database/lapak_gaming/vendor/laravel/framework/src/Illuminate/Queue/Worker.php(357): Illuminate/Queue/Worker->getNextJob(Object(Illuminate/Queue/DatabaseQueue), 'default')
#13 D:/0_Project_VS_Code/3. Sistem Basis Data/TB-K1-Database/lapak_gaming/vendor/laravel/framework/src/Illuminate/Queue/Console/WorkCommand.php(148): Illuminate/Queue/Worker->runNextJob('database', 'default', Object(Illuminate/Queue/WorkerOptions))
#14 D:/0_Project_VS_Code/3. Sistem Basis Data/TB-K1-Database/lapak_gaming/vendor/laravel/framework/src/Illuminate/Queue/Console/WorkCommand.php(131): Illuminate/Queue/Console/WorkCommand->runWorker('database', 'default')
#15 D:/0_Project_VS_Code/3. Sistem Basis Data/TB-K1-Database/lapak_gaming/vendor/laravel/framework/src/Illuminate/Container/BoundMethod.php(36): Illuminate/Queue/Console/WorkCommand->handle()
#16 D:/0_Project_VS_Code/3. Sistem Basis Data/TB-K1-Database/lapak_gaming/vendor/laravel/framework/src/Illuminate/Container/Util.php(43): Illuminate/Container/BoundMethod::{closure:Illuminate/Container/BoundMethod::call():35}()
#17 D:/0_Project_VS_Code/3. Sistem Basis Data/TB-K1-Database/lapak_gaming/vendor/laravel/framework/src/Illuminate/Container/BoundMethod.php(96): Illuminate/Container/Util::unwrapIfClosure(Object(Closure))
#18 D:/0_Project_VS_Code/3. Sistem Basis Data/TB-K1-Database/lapak_gaming/vendor/laravel/framework/src/Illuminate/Container/BoundMethod.php(35): Illuminate/Container/BoundMethod::callBoundMethod(Object(Illuminate/Foundation/Application), Array, Object(Closure))
#19 D:/0_Project_VS_Code/3. Sistem Basis Data/TB-K1-Database/lapak_gaming/vendor/laravel/framework/src/Illuminate/Container/Container.php(799): Illuminate/Container/BoundMethod::call(Object(Illuminate/Foundation/Application), Array, Array, NULL)
#20 D:/0_Project_VS_Code/3. Sistem Basis Data/TB-K1-Database/lapak_gaming/vendor/laravel/framework/src/Illuminate/Console/Command.php(280): Illuminate/Container/Container->call(Array)
#21 D:/0_Project_VS_Code/3. Sistem Basis Data/TB-K1-Database/lapak_gaming/vendor/symfony/console/Command/Command.php(291): Illuminate/Console/Command->execute(Object(Symfony/Component/Console/Input/ArgvInput), Object(Illuminate/Console/OutputStyle))
#22 D:/0_Project_VS_Code/3. Sistem Basis Data/TB-K1-Database/lapak_gaming/vendor/laravel/framework/src/Illuminate/Console/Command.php(249): Symfony/Component/Console/Command/Command->run(Object(Symfony/Component/Console/Input/ArgvInput), Object(Illuminate/Console/OutputStyle))
#23 D:/0_Project_VS_Code/3. Sistem Basis Data/TB-K1-Database/lapak_gaming/vendor/symfony/console/Application.php(1107): Illuminate/Console/Command->run(Object(Symfony/Component/Console/Input/ArgvInput), Object(Symfony/Component/Console/Output/ConsoleOutput))
#24 D:/0_Project_VS_Code/3. Sistem Basis Data/TB-K1-Database/lapak_gaming/vendor/symfony/console/Application.php(356): Symfony/Component/Console/Application->doRunCommand(Object(Illuminate/Queue/Console/WorkCommand), Object(Symfony/Component/Console/Input/ArgvInput), Object(Symfony/Component/Console/Output/ConsoleOutput))
#25 D:/0_Project_VS_Code/3. Sistem Basis Data/TB-K1-Database/lapak_gaming/vendor/symfony/console/Application.php(195): Symfony/Component/Console/Application->doRun(Object(Symfony/Component/Console/Input/ArgvInput), Object(Symfony/Component/Console/Output/ConsoleOutput))
#26 D:/0_Project_VS_Code/3. Sistem Basis Data/TB-K1-Database/lapak_gaming/vendor/laravel/framework/src/Illuminate/Foundation/Console/Kernel.php(198): Symfony/Component/Console/Application->run(Object(Symfony/Component/Console/Input/ArgvInput), Object(Symfony/Component/Console/Output/ConsoleOutput))
#27 D:/0_Project_VS_Code/3. Sistem Basis Data/TB-K1-Database/lapak_gaming/vendor/laravel/framework/src/Illuminate/Foundation/Application.php(1235): Illuminate/Foundation/Console/Kernel->handle(Object(Symfony/Component/Console/Input/ArgvInput), Object(Symfony/Component/Console/Output/ConsoleOutput))
#28 D:/0_Project_VS_Code/3. Sistem Basis Data/TB-K1-Database/lapak_gaming/artisan(16): Illuminate/Foundation/Application->handleCommand(Object(Symfony/Component/Console/Input/ArgvInput))
#29 {main}

[previous exception] [object] (PDOException(code: 2002): SQLSTATE[HY000] [2002] No connection could be made because the target machine actively refused it at D:/0_Project_VS_Code/3. Sistem Basis Data/TB-K1-Database/lapak_gaming/vendor/laravel/framework/src/Illuminate/Database/Connectors/Connector.php:67)
[stacktrace]
#0 D:/0_Project_VS_Code/3. Sistem Basis Data/TB-K1-Database/lapak_gaming/vendor/laravel/framework/src/Illuminate/Database/Connectors/Connector.php(67): PDO::connect('mysql:host=127....', 'root', Object(SensitiveParameterValue), Array)
#1 D:/0_Project_VS_Code/3. Sistem Basis Data/TB-K1-Database/lapak_gaming/vendor/laravel/framework/src/Illuminate/Database/Connectors/Connector.php(85): Illuminate/Database/Connectors/Connector->createPdoConnection('mysql:host=127....', 'root', Object(SensitiveParameterValue), Array)
#2 D:/0_Project_VS_Code/3. Sistem Basis Data/TB-K1-Database/lapak_gaming/vendor/laravel/framework/src/Illuminate/Database/Connectors/Connector.php(48): Illuminate/Database/Connectors/Connector->tryAgainIfCausedByLostConnection(Object(PDOException), 'mysql:host=127....', 'root', Object(SensitiveParameterValue), Array)
#3 D:/0_Project_VS_Code/3. Sistem Basis Data/TB-K1-Database/lapak_gaming/vendor/laravel/framework/src/Illuminate/Database/Connectors/MySqlConnector.php(24): Illuminate/Database/Connectors/Connector->createConnection('mysql:host=127....', Array, Array)
#4 D:/0_Project_VS_Code/3. Sistem Basis Data/TB-K1-Database/lapak_gaming/vendor/laravel/framework/src/Illuminate/Database/Connectors/ConnectionFactory.php(186): Illuminate/Database/Connectors/MySqlConnector->connect(Array)
#5 [internal function]: Illuminate/Database/Connectors/ConnectionFactory->{closure:Illuminate/Database/Connectors/ConnectionFactory::createPdoResolverWithHosts():181}()
#6 D:/0_Project_VS_Code/3. Sistem Basis Data/TB-K1-Database/lapak_gaming/vendor/laravel/framework/src/Illuminate/Database/Connection.php(1279): call_user_func(Object(Closure))
#7 D:/0_Project_VS_Code/3. Sistem Basis Data/TB-K1-Database/lapak_gaming/vendor/laravel/framework/src/Illuminate/Database/Connection.php(1317): Illuminate/Database/Connection->getPdo()
#8 D:/0_Project_VS_Code/3. Sistem Basis Data/TB-K1-Database/lapak_gaming/vendor/laravel/framework/src/Illuminate/Database/Connection.php(528): Illuminate/Database/Connection->getReadPdo()
#9 D:/0_Project_VS_Code/3. Sistem Basis Data/TB-K1-Database/lapak_gaming/vendor/laravel/framework/src/Illuminate/Database/Connection.php(421): Illuminate/Database/Connection->getPdoForSelect(true)
#10 D:/0_Project_VS_Code/3. Sistem Basis Data/TB-K1-Database/lapak_gaming/vendor/laravel/framework/src/Illuminate/Database/Connection.php(830): Illuminate/Database/Connection->{closure:Illuminate/Database/Connection::select():412}('select * from `...', Array)
#11 D:/0_Project_VS_Code/3. Sistem Basis Data/TB-K1-Database/lapak_gaming/vendor/laravel/framework/src/Illuminate/Database/Connection.php(1021): Illuminate/Database/Connection->runQueryCallback('select * from `...', Array, Object(Closure))
#12 D:/0_Project_VS_Code/3. Sistem Basis Data/TB-K1-Database/lapak_gaming/vendor/laravel/framework/src/Illuminate/Database/Connection.php(1000): Illuminate/Database/Connection->tryAgainIfCausedByLostConnection(Object(Illuminate/Database/QueryException), 'select * from `...', Array, Object(Closure))
#13 D:/0_Project_VS_Code/3. Sistem Basis Data/TB-K1-Database/lapak_gaming/vendor/laravel/framework/src/Illuminate/Database/Connection.php(799): Illuminate/Database/Connection->handleQueryException(Object(Illuminate/Database/QueryException), 'select * from `...', Array, Object(Closure))
#14 D:/0_Project_VS_Code/3. Sistem Basis Data/TB-K1-Database/lapak_gaming/vendor/laravel/framework/src/Illuminate/Database/Connection.php(412): Illuminate/Database/Connection->run('select * from `...', Array, Object(Closure))
#15 D:/0_Project_VS_Code/3. Sistem Basis Data/TB-K1-Database/lapak_gaming/vendor/laravel/framework/src/Illuminate/Database/Query/Builder.php(3562): Illuminate/Database/Connection->select('select * from `...', Array, true, Array)
#16 D:/0_Project_VS_Code/3. Sistem Basis Data/TB-K1-Database/lapak_gaming/vendor/laravel/framework/src/Illuminate/Database/Query/Builder.php(3546): Illuminate/Database/Query/Builder->runSelect()
#17 D:/0_Project_VS_Code/3. Sistem Basis Data/TB-K1-Database/lapak_gaming/vendor/laravel/framework/src/Illuminate/Cache/DatabaseStore.php(142): Illuminate/Database/Query/Builder->get()
#18 D:/0_Project_VS_Code/3. Sistem Basis Data/TB-K1-Database/lapak_gaming/vendor/laravel/framework/src/Illuminate/Cache/DatabaseStore.php(117): Illuminate/Cache/DatabaseStore->many(Array)
#19 D:/0_Project_VS_Code/3. Sistem Basis Data/TB-K1-Database/lapak_gaming/vendor/laravel/framework/src/Illuminate/Cache/Repository.php(124): Illuminate/Cache/DatabaseStore->get('illuminate:queu...')
#20 D:/0_Project_VS_Code/3. Sistem Basis Data/TB-K1-Database/lapak_gaming/vendor/laravel/framework/src/Illuminate/Queue/QueueManager.php(282): Illuminate/Cache/Repository->get('illuminate:queu...', false)
#21 D:/0_Project_VS_Code/3. Sistem Basis Data/TB-K1-Database/lapak_gaming/vendor/laravel/framework/src/Illuminate/Queue/Worker.php(428): Illuminate/Queue/QueueManager->isPaused('database', 'default')
#22 D:/0_Project_VS_Code/3. Sistem Basis Data/TB-K1-Database/lapak_gaming/vendor/laravel/framework/src/Illuminate/Queue/Worker.php(396): Illuminate/Queue/Worker->queuePaused('database', 'default')
#23 D:/0_Project_VS_Code/3. Sistem Basis Data/TB-K1-Database/lapak_gaming/vendor/laravel/framework/src/Illuminate/Queue/Worker.php(357): Illuminate/Queue/Worker->getNextJob(Object(Illuminate/Queue/DatabaseQueue), 'default')
#24 D:/0_Project_VS_Code/3. Sistem Basis Data/TB-K1-Database/lapak_gaming/vendor/laravel/framework/src/Illuminate/Queue/Console/WorkCommand.php(148): Illuminate/Queue/Worker->runNextJob('database', 'default', Object(Illuminate/Queue/WorkerOptions))
#25 D:/0_Project_VS_Code/3. Sistem Basis Data/TB-K1-Database/lapak_gaming/vendor/laravel/framework/src/Illuminate/Queue/Console/WorkCommand.php(131): Illuminate/Queue/Console/WorkCommand->runWorker('database', 'default')
#26 D:/0_Project_VS_Code/3. Sistem Basis Data/TB-K1-Database/lapak_gaming/vendor/laravel/framework/src/Illuminate/Container/BoundMethod.php(36): Illuminate/Queue/Console/WorkCommand->handle()
#27 D:/0_Project_VS_Code/3. Sistem Basis Data/TB-K1-Database/lapak_gaming/vendor/laravel/framework/src/Illuminate/Container/Util.php(43): Illuminate/Container/BoundMethod::{closure:Illuminate/Container/BoundMethod::call():35}()
#28 D:/0_Project_VS_Code/3. Sistem Basis Data/TB-K1-Database/lapak_gaming/vendor/laravel/framework/src/Illuminate/Container/BoundMethod.php(96): Illuminate/Container/Util::unwrapIfClosure(Object(Closure))
#29 D:/0_Project_VS_Code/3. Sistem Basis Data/TB-K1-Database/lapak_gaming/vendor/laravel/framework/src/Illuminate/Container/BoundMethod.php(35): Illuminate/Container/BoundMethod::callBoundMethod(Object(Illuminate/Foundation/Application), Array, Object(Closure))
#30 D:/0_Project_VS_Code/3. Sistem Basis Data/TB-K1-Database/lapak_gaming/vendor/laravel/framework/src/Illuminate/Container/Container.php(799): Illuminate/Container/BoundMethod::call(Object(Illuminate/Foundation/Application), Array, Array, NULL)
#31 D:/0_Project_VS_Code/3. Sistem Basis Data/TB-K1-Database/lapak_gaming/vendor/laravel/framework/src/Illuminate/Console/Command.php(280): Illuminate/Container/Container->call(Array)
#32 D:/0_Project_VS_Code/3. Sistem Basis Data/TB-K1-Database/lapak_gaming/vendor/symfony/console/Command/Command.php(291): Illuminate/Console/Command->execute(Object(Symfony/Component/Console/Input/ArgvInput), Object(Illuminate/Console/OutputStyle))
#33 D:/0_Project_VS_Code/3. Sistem Basis Data/TB-K1-Database/lapak_gaming/vendor/laravel/framework/src/Illuminate/Console/Command.php(249): Symfony/Component/Console/Command/Command->run(Object(Symfony/Component/Console/Input/ArgvInput), Object(Illuminate/Console/OutputStyle))
#34 D:/0_Project_VS_Code/3. Sistem Basis Data/TB-K1-Database/lapak_gaming/vendor/symfony/console/Application.php(1107): Illuminate/Console/Command->run(Object(Symfony/Component/Console/Input/ArgvInput), Object(Symfony/Component/Console/Output/ConsoleOutput))
#35 D:/0_Project_VS_Code/3. Sistem Basis Data/TB-K1-Database/lapak_gaming/vendor/symfony/console/Application.php(356): Symfony/Component/Console/Application->doRunCommand(Object(Illuminate/Queue/Console/WorkCommand), Object(Symfony/Component/Console/Input/ArgvInput), Object(Symfony/Component/Console/Output/ConsoleOutput))
#36 D:/0_Project_VS_Code/3. Sistem Basis Data/TB-K1-Database/lapak_gaming/vendor/symfony/console/Application.php(195): Symfony/Component/Console/Application->doRun(Object(Symfony/Component/Console/Input/ArgvInput), Object(Symfony/Component/Console/Output/ConsoleOutput))
#37 D:/0_Project_VS_Code/3. Sistem Basis Data/TB-K1-Database/lapak_gaming/vendor/laravel/framework/src/Illuminate/Foundation/Console/Kernel.php(198): Symfony/Component/Console/Application->run(Object(Symfony/Component/Console/Input/ArgvInput), Object(Symfony/Component/Console/Output/ConsoleOutput))
#38 D:/0_Project_VS_Code/3. Sistem Basis Data/TB-K1-Database/lapak_gaming/vendor/laravel/framework/src/Illuminate/Foundation/Application.php(1235): Illuminate/Foundation/Console/Kernel->handle(Object(Symfony/Component/Console/Input/ArgvInput), Object(Symfony/Component/Console/Output/ConsoleOutput))
#39 D:/0_Project_VS_Code/3. Sistem Basis Data/TB-K1-Database/lapak_gaming/artisan(16): Illuminate/Foundation/Application->handleCommand(Object(Symfony/Component/Console/Input/ArgvInput))
#40 {main}
"} 
[2026-04-01 06:21:55] local.ERROR: SQLSTATE[HY000] [2002] No connection could be made because the target machine actively refused it (Connection: mysql, Host: 127.0.0.1, Port: 3306, Database: lapak_gaming, SQL: select * from `cache` where `key` in (laravel-cache-illuminate:queue:paused:database:default)) {"exception":"[object] (Illuminate\\Database\\QueryException(code: 2002): SQLSTATE[HY000] [2002] No connection could be made because the target machine actively refused it (Connection: mysql, Host: 127.0.0.1, Port: 3306, Database: lapak_gaming, SQL: select * from `cache` where `key` in (laravel-cache-illuminate:queue:paused:database:default)) at D:/0_Project_VS_Code/3. Sistem Basis Data/TB-K1-Database/lapak_gaming/vendor/laravel/framework/src/Illuminate/Database/Connection.php:841)
[stacktrace]
#0 D:/0_Project_VS_Code/3. Sistem Basis Data/TB-K1-Database/lapak_gaming/vendor/laravel/framework/src/Illuminate/Database/Connection.php(1021): Illuminate/Database/Connection->runQueryCallback('select * from `...', Array, Object(Closure))
#1 D:/0_Project_VS_Code/3. Sistem Basis Data/TB-K1-Database/lapak_gaming/vendor/laravel/framework/src/Illuminate/Database/Connection.php(1000): Illuminate/Database/Connection->tryAgainIfCausedByLostConnection(Object(Illuminate/Database/QueryException), 'select * from `...', Array, Object(Closure))
#2 D:/0_Project_VS_Code/3. Sistem Basis Data/TB-K1-Database/lapak_gaming/vendor/laravel/framework/src/Illuminate/Database/Connection.php(799): Illuminate/Database/Connection->handleQueryException(Object(Illuminate/Database/QueryException), 'select * from `...', Array, Object(Closure))
#3 D:/0_Project_VS_Code/3. Sistem Basis Data/TB-K1-Database/lapak_gaming/vendor/laravel/framework/src/Illuminate/Database/Connection.php(412): Illuminate/Database/Connection->run('select * from `...', Array, Object(Closure))
#4 D:/0_Project_VS_Code/3. Sistem Basis Data/TB-K1-Database/lapak_gaming/vendor/laravel/framework/src/Illuminate/Database/Query/Builder.php(3562): Illuminate/Database/Connection->select('select * from `...', Array, true, Array)
#5 D:/0_Project_VS_Code/3. Sistem Basis Data/TB-K1-Database/lapak_gaming/vendor/laravel/framework/src/Illuminate/Database/Query/Builder.php(3546): Illuminate/Database/Query/Builder->runSelect()
#6 D:/0_Project_VS_Code/3. Sistem Basis Data/TB-K1-Database/lapak_gaming/vendor/laravel/framework/src/Illuminate/Cache/DatabaseStore.php(142): Illuminate/Database/Query/Builder->get()
#7 D:/0_Project_VS_Code/3. Sistem Basis Data/TB-K1-Database/lapak_gaming/vendor/laravel/framework/src/Illuminate/Cache/DatabaseStore.php(117): Illuminate/Cache/DatabaseStore->many(Array)
#8 D:/0_Project_VS_Code/3. Sistem Basis Data/TB-K1-Database/lapak_gaming/vendor/laravel/framework/src/Illuminate/Cache/Repository.php(124): Illuminate/Cache/DatabaseStore->get('illuminate:queu...')
#9 D:/0_Project_VS_Code/3. Sistem Basis Data/TB-K1-Database/lapak_gaming/vendor/laravel/framework/src/Illuminate/Queue/QueueManager.php(282): Illuminate/Cache/Repository->get('illuminate:queu...', false)
#10 D:/0_Project_VS_Code/3. Sistem Basis Data/TB-K1-Database/lapak_gaming/vendor/laravel/framework/src/Illuminate/Queue/Worker.php(428): Illuminate/Queue/QueueManager->isPaused('database', 'default')
#11 D:/0_Project_VS_Code/3. Sistem Basis Data/TB-K1-Database/lapak_gaming/vendor/laravel/framework/src/Illuminate/Queue/Worker.php(396): Illuminate/Queue/Worker->queuePaused('database', 'default')
#12 D:/0_Project_VS_Code/3. Sistem Basis Data/TB-K1-Database/lapak_gaming/vendor/laravel/framework/src/Illuminate/Queue/Worker.php(357): Illuminate/Queue/Worker->getNextJob(Object(Illuminate/Queue/DatabaseQueue), 'default')
#13 D:/0_Project_VS_Code/3. Sistem Basis Data/TB-K1-Database/lapak_gaming/vendor/laravel/framework/src/Illuminate/Queue/Console/WorkCommand.php(148): Illuminate/Queue/Worker->runNextJob('database', 'default', Object(Illuminate/Queue/WorkerOptions))
#14 D:/0_Project_VS_Code/3. Sistem Basis Data/TB-K1-Database/lapak_gaming/vendor/laravel/framework/src/Illuminate/Queue/Console/WorkCommand.php(131): Illuminate/Queue/Console/WorkCommand->runWorker('database', 'default')
#15 D:/0_Project_VS_Code/3. Sistem Basis Data/TB-K1-Database/lapak_gaming/vendor/laravel/framework/src/Illuminate/Container/BoundMethod.php(36): Illuminate/Queue/Console/WorkCommand->handle()
#16 D:/0_Project_VS_Code/3. Sistem Basis Data/TB-K1-Database/lapak_gaming/vendor/laravel/framework/src/Illuminate/Container/Util.php(43): Illuminate/Container/BoundMethod::{closure:Illuminate/Container/BoundMethod::call():35}()
#17 D:/0_Project_VS_Code/3. Sistem Basis Data/TB-K1-Database/lapak_gaming/vendor/laravel/framework/src/Illuminate/Container/BoundMethod.php(96): Illuminate/Container/Util::unwrapIfClosure(Object(Closure))
#18 D:/0_Project_VS_Code/3. Sistem Basis Data/TB-K1-Database/lapak_gaming/vendor/laravel/framework/src/Illuminate/Container/BoundMethod.php(35): Illuminate/Container/BoundMethod::callBoundMethod(Object(Illuminate/Foundation/Application), Array, Object(Closure))
#19 D:/0_Project_VS_Code/3. Sistem Basis Data/TB-K1-Database/lapak_gaming/vendor/laravel/framework/src/Illuminate/Container/Container.php(799): Illuminate/Container/BoundMethod::call(Object(Illuminate/Foundation/Application), Array, Array, NULL)
#20 D:/0_Project_VS_Code/3. Sistem Basis Data/TB-K1-Database/lapak_gaming/vendor/laravel/framework/src/Illuminate/Console/Command.php(280): Illuminate/Container/Container->call(Array)
#21 D:/0_Project_VS_Code/3. Sistem Basis Data/TB-K1-Database/lapak_gaming/vendor/symfony/console/Command/Command.php(291): Illuminate/Console/Command->execute(Object(Symfony/Component/Console/Input/ArgvInput), Object(Illuminate/Console/OutputStyle))
#22 D:/0_Project_VS_Code/3. Sistem Basis Data/TB-K1-Database/lapak_gaming/vendor/laravel/framework/src/Illuminate/Console/Command.php(249): Symfony/Component/Console/Command/Command->run(Object(Symfony/Component/Console/Input/ArgvInput), Object(Illuminate/Console/OutputStyle))
#23 D:/0_Project_VS_Code/3. Sistem Basis Data/TB-K1-Database/lapak_gaming/vendor/symfony/console/Application.php(1107): Illuminate/Console/Command->run(Object(Symfony/Component/Console/Input/ArgvInput), Object(Symfony/Component/Console/Output/ConsoleOutput))
#24 D:/0_Project_VS_Code/3. Sistem Basis Data/TB-K1-Database/lapak_gaming/vendor/symfony/console/Application.php(356): Symfony/Component/Console/Application->doRunCommand(Object(Illuminate/Queue/Console/WorkCommand), Object(Symfony/Component/Console/Input/ArgvInput), Object(Symfony/Component/Console/Output/ConsoleOutput))
#25 D:/0_Project_VS_Code/3. Sistem Basis Data/TB-K1-Database/lapak_gaming/vendor/symfony/console/Application.php(195): Symfony/Component/Console/Application->doRun(Object(Symfony/Component/Console/Input/ArgvInput), Object(Symfony/Component/Console/Output/ConsoleOutput))
#26 D:/0_Project_VS_Code/3. Sistem Basis Data/TB-K1-Database/lapak_gaming/vendor/laravel/framework/src/Illuminate/Foundation/Console/Kernel.php(198): Symfony/Component/Console/Application->run(Object(Symfony/Component/Console/Input/ArgvInput), Object(Symfony/Component/Console/Output/ConsoleOutput))
#27 D:/0_Project_VS_Code/3. Sistem Basis Data/TB-K1-Database/lapak_gaming/vendor/laravel/framework/src/Illuminate/Foundation/Application.php(1235): Illuminate/Foundation/Console/Kernel->handle(Object(Symfony/Component/Console/Input/ArgvInput), Object(Symfony/Component/Console/Output/ConsoleOutput))
#28 D:/0_Project_VS_Code/3. Sistem Basis Data/TB-K1-Database/lapak_gaming/artisan(16): Illuminate/Foundation/Application->handleCommand(Object(Symfony/Component/Console/Input/ArgvInput))
#29 {main}

[previous exception] [object] (PDOException(code: 2002): SQLSTATE[HY000] [2002] No connection could be made because the target machine actively refused it at D:/0_Project_VS_Code/3. Sistem Basis Data/TB-K1-Database/lapak_gaming/vendor/laravel/framework/src/Illuminate/Database/Connectors/Connector.php:67)
[stacktrace]
#0 D:/0_Project_VS_Code/3. Sistem Basis Data/TB-K1-Database/lapak_gaming/vendor/laravel/framework/src/Illuminate/Database/Connectors/Connector.php(67): PDO::connect('mysql:host=127....', 'root', Object(SensitiveParameterValue), Array)
#1 D:/0_Project_VS_Code/3. Sistem Basis Data/TB-K1-Database/lapak_gaming/vendor/laravel/framework/src/Illuminate/Database/Connectors/Connector.php(85): Illuminate/Database/Connectors/Connector->createPdoConnection('mysql:host=127....', 'root', Object(SensitiveParameterValue), Array)
#2 D:/0_Project_VS_Code/3. Sistem Basis Data/TB-K1-Database/lapak_gaming/vendor/laravel/framework/src/Illuminate/Database/Connectors/Connector.php(48): Illuminate/Database/Connectors/Connector->tryAgainIfCausedByLostConnection(Object(PDOException), 'mysql:host=127....', 'root', Object(SensitiveParameterValue), Array)
#3 D:/0_Project_VS_Code/3. Sistem Basis Data/TB-K1-Database/lapak_gaming/vendor/laravel/framework/src/Illuminate/Database/Connectors/MySqlConnector.php(24): Illuminate/Database/Connectors/Connector->createConnection('mysql:host=127....', Array, Array)
#4 D:/0_Project_VS_Code/3. Sistem Basis Data/TB-K1-Database/lapak_gaming/vendor/laravel/framework/src/Illuminate/Database/Connectors/ConnectionFactory.php(186): Illuminate/Database/Connectors/MySqlConnector->connect(Array)
#5 [internal function]: Illuminate/Database/Connectors/ConnectionFactory->{closure:Illuminate/Database/Connectors/ConnectionFactory::createPdoResolverWithHosts():181}()
#6 D:/0_Project_VS_Code/3. Sistem Basis Data/TB-K1-Database/lapak_gaming/vendor/laravel/framework/src/Illuminate/Database/Connection.php(1279): call_user_func(Object(Closure))
#7 D:/0_Project_VS_Code/3. Sistem Basis Data/TB-K1-Database/lapak_gaming/vendor/laravel/framework/src/Illuminate/Database/Connection.php(1317): Illuminate/Database/Connection->getPdo()
#8 D:/0_Project_VS_Code/3. Sistem Basis Data/TB-K1-Database/lapak_gaming/vendor/laravel/framework/src/Illuminate/Database/Connection.php(528): Illuminate/Database/Connection->getReadPdo()
#9 D:/0_Project_VS_Code/3. Sistem Basis Data/TB-K1-Database/lapak_gaming/vendor/laravel/framework/src/Illuminate/Database/Connection.php(421): Illuminate/Database/Connection->getPdoForSelect(true)
#10 D:/0_Project_VS_Code/3. Sistem Basis Data/TB-K1-Database/lapak_gaming/vendor/laravel/framework/src/Illuminate/Database/Connection.php(830): Illuminate/Database/Connection->{closure:Illuminate/Database/Connection::select():412}('select * from `...', Array)
#11 D:/0_Project_VS_Code/3. Sistem Basis Data/TB-K1-Database/lapak_gaming/vendor/laravel/framework/src/Illuminate/Database/Connection.php(1021): Illuminate/Database/Connection->runQueryCallback('select * from `...', Array, Object(Closure))
#12 D:/0_Project_VS_Code/3. Sistem Basis Data/TB-K1-Database/lapak_gaming/vendor/laravel/framework/src/Illuminate/Database/Connection.php(1000): Illuminate/Database/Connection->tryAgainIfCausedByLostConnection(Object(Illuminate/Database/QueryException), 'select * from `...', Array, Object(Closure))
#13 D:/0_Project_VS_Code/3. Sistem Basis Data/TB-K1-Database/lapak_gaming/vendor/laravel/framework/src/Illuminate/Database/Connection.php(799): Illuminate/Database/Connection->handleQueryException(Object(Illuminate/Database/QueryException), 'select * from `...', Array, Object(Closure))
#14 D:/0_Project_VS_Code/3. Sistem Basis Data/TB-K1-Database/lapak_gaming/vendor/laravel/framework/src/Illuminate/Database/Connection.php(412): Illuminate/Database/Connection->run('select * from `...', Array, Object(Closure))
#15 D:/0_Project_VS_Code/3. Sistem Basis Data/TB-K1-Database/lapak_gaming/vendor/laravel/framework/src/Illuminate/Database/Query/Builder.php(3562): Illuminate/Database/Connection->select('select * from `...', Array, true, Array)
#16 D:/0_Project_VS_Code/3. Sistem Basis Data/TB-K1-Database/lapak_gaming/vendor/laravel/framework/src/Illuminate/Database/Query/Builder.php(3546): Illuminate/Database/Query/Builder->runSelect()
#17 D:/0_Project_VS_Code/3. Sistem Basis Data/TB-K1-Database/lapak_gaming/vendor/laravel/framework/src/Illuminate/Cache/DatabaseStore.php(142): Illuminate/Database/Query/Builder->get()
#18 D:/0_Project_VS_Code/3. Sistem Basis Data/TB-K1-Database/lapak_gaming/vendor/laravel/framework/src/Illuminate/Cache/DatabaseStore.php(117): Illuminate/Cache/DatabaseStore->many(Array)
#19 D:/0_Project_VS_Code/3. Sistem Basis Data/TB-K1-Database/lapak_gaming/vendor/laravel/framework/src/Illuminate/Cache/Repository.php(124): Illuminate/Cache/DatabaseStore->get('illuminate:queu...')
#20 D:/0_Project_VS_Code/3. Sistem Basis Data/TB-K1-Database/lapak_gaming/vendor/laravel/framework/src/Illuminate/Queue/QueueManager.php(282): Illuminate/Cache/Repository->get('illuminate:queu...', false)
#21 D:/0_Project_VS_Code/3. Sistem Basis Data/TB-K1-Database/lapak_gaming/vendor/laravel/framework/src/Illuminate/Queue/Worker.php(428): Illuminate/Queue/QueueManager->isPaused('database', 'default')
#22 D:/0_Project_VS_Code/3. Sistem Basis Data/TB-K1-Database/lapak_gaming/vendor/laravel/framework/src/Illuminate/Queue/Worker.php(396): Illuminate/Queue/Worker->queuePaused('database', 'default')
#23 D:/0_Project_VS_Code/3. Sistem Basis Data/TB-K1-Database/lapak_gaming/vendor/laravel/framework/src/Illuminate/Queue/Worker.php(357): Illuminate/Queue/Worker->getNextJob(Object(Illuminate/Queue/DatabaseQueue), 'default')
#24 D:/0_Project_VS_Code/3. Sistem Basis Data/TB-K1-Database/lapak_gaming/vendor/laravel/framework/src/Illuminate/Queue/Console/WorkCommand.php(148): Illuminate/Queue/Worker->runNextJob('database', 'default', Object(Illuminate/Queue/WorkerOptions))
#25 D:/0_Project_VS_Code/3. Sistem Basis Data/TB-K1-Database/lapak_gaming/vendor/laravel/framework/src/Illuminate/Queue/Console/WorkCommand.php(131): Illuminate/Queue/Console/WorkCommand->runWorker('database', 'default')
#26 D:/0_Project_VS_Code/3. Sistem Basis Data/TB-K1-Database/lapak_gaming/vendor/laravel/framework/src/Illuminate/Container/BoundMethod.php(36): Illuminate/Queue/Console/WorkCommand->handle()
#27 D:/0_Project_VS_Code/3. Sistem Basis Data/TB-K1-Database/lapak_gaming/vendor/laravel/framework/src/Illuminate/Container/Util.php(43): Illuminate/Container/BoundMethod::{closure:Illuminate/Container/BoundMethod::call():35}()
#28 D:/0_Project_VS_Code/3. Sistem Basis Data/TB-K1-Database/lapak_gaming/vendor/laravel/framework/src/Illuminate/Container/BoundMethod.php(96): Illuminate/Container/Util::unwrapIfClosure(Object(Closure))
#29 D:/0_Project_VS_Code/3. Sistem Basis Data/TB-K1-Database/lapak_gaming/vendor/laravel/framework/src/Illuminate/Container/BoundMethod.php(35): Illuminate/Container/BoundMethod::callBoundMethod(Object(Illuminate/Foundation/Application), Array, Object(Closure))
#30 D:/0_Project_VS_Code/3. Sistem Basis Data/TB-K1-Database/lapak_gaming/vendor/laravel/framework/src/Illuminate/Container/Container.php(799): Illuminate/Container/BoundMethod::call(Object(Illuminate/Foundation/Application), Array, Array, NULL)
#31 D:/0_Project_VS_Code/3. Sistem Basis Data/TB-K1-Database/lapak_gaming/vendor/laravel/framework/src/Illuminate/Console/Command.php(280): Illuminate/Container/Container->call(Array)
#32 D:/0_Project_VS_Code/3. Sistem Basis Data/TB-K1-Database/lapak_gaming/vendor/symfony/console/Command/Command.php(291): Illuminate/Console/Command->execute(Object(Symfony/Component/Console/Input/ArgvInput), Object(Illuminate/Console/OutputStyle))
#33 D:/0_Project_VS_Code/3. Sistem Basis Data/TB-K1-Database/lapak_gaming/vendor/laravel/framework/src/Illuminate/Console/Command.php(249): Symfony/Component/Console/Command/Command->run(Object(Symfony/Component/Console/Input/ArgvInput), Object(Illuminate/Console/OutputStyle))
#34 D:/0_Project_VS_Code/3. Sistem Basis Data/TB-K1-Database/lapak_gaming/vendor/symfony/console/Application.php(1107): Illuminate/Console/Command->run(Object(Symfony/Component/Console/Input/ArgvInput), Object(Symfony/Component/Console/Output/ConsoleOutput))
#35 D:/0_Project_VS_Code/3. Sistem Basis Data/TB-K1-Database/lapak_gaming/vendor/symfony/console/Application.php(356): Symfony/Component/Console/Application->doRunCommand(Object(Illuminate/Queue/Console/WorkCommand), Object(Symfony/Component/Console/Input/ArgvInput), Object(Symfony/Component/Console/Output/ConsoleOutput))
#36 D:/0_Project_VS_Code/3. Sistem Basis Data/TB-K1-Database/lapak_gaming/vendor/symfony/console/Application.php(195): Symfony/Component/Console/Application->doRun(Object(Symfony/Component/Console/Input/ArgvInput), Object(Symfony/Component/Console/Output/ConsoleOutput))
#37 D:/0_Project_VS_Code/3. Sistem Basis Data/TB-K1-Database/lapak_gaming/vendor/laravel/framework/src/Illuminate/Foundation/Console/Kernel.php(198): Symfony/Component/Console/Application->run(Object(Symfony/Component/Console/Input/ArgvInput), Object(Symfony/Component/Console/Output/ConsoleOutput))
#38 D:/0_Project_VS_Code/3. Sistem Basis Data/TB-K1-Database/lapak_gaming/vendor/laravel/framework/src/Illuminate/Foundation/Application.php(1235): Illuminate/Foundation/Console/Kernel->handle(Object(Symfony/Component/Console/Input/ArgvInput), Object(Symfony/Component/Console/Output/ConsoleOutput))
#39 D:/0_Project_VS_Code/3. Sistem Basis Data/TB-K1-Database/lapak_gaming/artisan(16): Illuminate/Foundation/Application->handleCommand(Object(Symfony/Component/Console/Input/ArgvInput))
#40 {main}
"} 
[2026-04-01 06:22:07] local.ERROR: SQLSTATE[HY000] [2002] No connection could be made because the target machine actively refused it (Connection: mysql, Host: 127.0.0.1, Port: 3306, Database: lapak_gaming, SQL: select * from `cache` where `key` in (laravel-cache-illuminate:queue:paused:database:default)) {"exception":"[object] (Illuminate\\Database\\QueryException(code: 2002): SQLSTATE[HY000] [2002] No connection could be made because the target machine actively refused it (Connection: mysql, Host: 127.0.0.1, Port: 3306, Database: lapak_gaming, SQL: select * from `cache` where `key` in (laravel-cache-illuminate:queue:paused:database:default)) at D:/0_Project_VS_Code/3. Sistem Basis Data/TB-K1-Database/lapak_gaming/vendor/laravel/framework/src/Illuminate/Database/Connection.php:841)
[stacktrace]
#0 D:/0_Project_VS_Code/3. Sistem Basis Data/TB-K1-Database/lapak_gaming/vendor/laravel/framework/src/Illuminate/Database/Connection.php(1021): Illuminate/Database/Connection->runQueryCallback('select * from `...', Array, Object(Closure))
#1 D:/0_Project_VS_Code/3. Sistem Basis Data/TB-K1-Database/lapak_gaming/vendor/laravel/framework/src/Illuminate/Database/Connection.php(1000): Illuminate/Database/Connection->tryAgainIfCausedByLostConnection(Object(Illuminate/Database/QueryException), 'select * from `...', Array, Object(Closure))
#2 D:/0_Project_VS_Code/3. Sistem Basis Data/TB-K1-Database/lapak_gaming/vendor/laravel/framework/src/Illuminate/Database/Connection.php(799): Illuminate/Database/Connection->handleQueryException(Object(Illuminate/Database/QueryException), 'select * from `...', Array, Object(Closure))
#3 D:/0_Project_VS_Code/3. Sistem Basis Data/TB-K1-Database/lapak_gaming/vendor/laravel/framework/src/Illuminate/Database/Connection.php(412): Illuminate/Database/Connection->run('select * from `...', Array, Object(Closure))
#4 D:/0_Project_VS_Code/3. Sistem Basis Data/TB-K1-Database/lapak_gaming/vendor/laravel/framework/src/Illuminate/Database/Query/Builder.php(3562): Illuminate/Database/Connection->select('select * from `...', Array, true, Array)
#5 D:/0_Project_VS_Code/3. Sistem Basis Data/TB-K1-Database/lapak_gaming/vendor/laravel/framework/src/Illuminate/Database/Query/Builder.php(3546): Illuminate/Database/Query/Builder->runSelect()
#6 D:/0_Project_VS_Code/3. Sistem Basis Data/TB-K1-Database/lapak_gaming/vendor/laravel/framework/src/Illuminate/Cache/DatabaseStore.php(142): Illuminate/Database/Query/Builder->get()
#7 D:/0_Project_VS_Code/3. Sistem Basis Data/TB-K1-Database/lapak_gaming/vendor/laravel/framework/src/Illuminate/Cache/DatabaseStore.php(117): Illuminate/Cache/DatabaseStore->many(Array)
#8 D:/0_Project_VS_Code/3. Sistem Basis Data/TB-K1-Database/lapak_gaming/vendor/laravel/framework/src/Illuminate/Cache/Repository.php(124): Illuminate/Cache/DatabaseStore->get('illuminate:queu...')
#9 D:/0_Project_VS_Code/3. Sistem Basis Data/TB-K1-Database/lapak_gaming/vendor/laravel/framework/src/Illuminate/Queue/QueueManager.php(282): Illuminate/Cache/Repository->get('illuminate:queu...', false)
#10 D:/0_Project_VS_Code/3. Sistem Basis Data/TB-K1-Database/lapak_gaming/vendor/laravel/framework/src/Illuminate/Queue/Worker.php(428): Illuminate/Queue/QueueManager->isPaused('database', 'default')
#11 D:/0_Project_VS_Code/3. Sistem Basis Data/TB-K1-Database/lapak_gaming/vendor/laravel/framework/src/Illuminate/Queue/Worker.php(396): Illuminate/Queue/Worker->queuePaused('database', 'default')
#12 D:/0_Project_VS_Code/3. Sistem Basis Data/TB-K1-Database/lapak_gaming/vendor/laravel/framework/src/Illuminate/Queue/Worker.php(357): Illuminate/Queue/Worker->getNextJob(Object(Illuminate/Queue/DatabaseQueue), 'default')
#13 D:/0_Project_VS_Code/3. Sistem Basis Data/TB-K1-Database/lapak_gaming/vendor/laravel/framework/src/Illuminate/Queue/Console/WorkCommand.php(148): Illuminate/Queue/Worker->runNextJob('database', 'default', Object(Illuminate/Queue/WorkerOptions))
#14 D:/0_Project_VS_Code/3. Sistem Basis Data/TB-K1-Database/lapak_gaming/vendor/laravel/framework/src/Illuminate/Queue/Console/WorkCommand.php(131): Illuminate/Queue/Console/WorkCommand->runWorker('database', 'default')
#15 D:/0_Project_VS_Code/3. Sistem Basis Data/TB-K1-Database/lapak_gaming/vendor/laravel/framework/src/Illuminate/Container/BoundMethod.php(36): Illuminate/Queue/Console/WorkCommand->handle()
#16 D:/0_Project_VS_Code/3. Sistem Basis Data/TB-K1-Database/lapak_gaming/vendor/laravel/framework/src/Illuminate/Container/Util.php(43): Illuminate/Container/BoundMethod::{closure:Illuminate/Container/BoundMethod::call():35}()
#17 D:/0_Project_VS_Code/3. Sistem Basis Data/TB-K1-Database/lapak_gaming/vendor/laravel/framework/src/Illuminate/Container/BoundMethod.php(96): Illuminate/Container/Util::unwrapIfClosure(Object(Closure))
#18 D:/0_Project_VS_Code/3. Sistem Basis Data/TB-K1-Database/lapak_gaming/vendor/laravel/framework/src/Illuminate/Container/BoundMethod.php(35): Illuminate/Container/BoundMethod::callBoundMethod(Object(Illuminate/Foundation/Application), Array, Object(Closure))
#19 D:/0_Project_VS_Code/3. Sistem Basis Data/TB-K1-Database/lapak_gaming/vendor/laravel/framework/src/Illuminate/Container/Container.php(799): Illuminate/Container/BoundMethod::call(Object(Illuminate/Foundation/Application), Array, Array, NULL)
#20 D:/0_Project_VS_Code/3. Sistem Basis Data/TB-K1-Database/lapak_gaming/vendor/laravel/framework/src/Illuminate/Console/Command.php(280): Illuminate/Container/Container->call(Array)
#21 D:/0_Project_VS_Code/3. Sistem Basis Data/TB-K1-Database/lapak_gaming/vendor/symfony/console/Command/Command.php(291): Illuminate/Console/Command->execute(Object(Symfony/Component/Console/Input/ArgvInput), Object(Illuminate/Console/OutputStyle))
#22 D:/0_Project_VS_Code/3. Sistem Basis Data/TB-K1-Database/lapak_gaming/vendor/laravel/framework/src/Illuminate/Console/Command.php(249): Symfony/Component/Console/Command/Command->run(Object(Symfony/Component/Console/Input/ArgvInput), Object(Illuminate/Console/OutputStyle))
#23 D:/0_Project_VS_Code/3. Sistem Basis Data/TB-K1-Database/lapak_gaming/vendor/symfony/console/Application.php(1107): Illuminate/Console/Command->run(Object(Symfony/Component/Console/Input/ArgvInput), Object(Symfony/Component/Console/Output/ConsoleOutput))
#24 D:/0_Project_VS_Code/3. Sistem Basis Data/TB-K1-Database/lapak_gaming/vendor/symfony/console/Application.php(356): Symfony/Component/Console/Application->doRunCommand(Object(Illuminate/Queue/Console/WorkCommand), Object(Symfony/Component/Console/Input/ArgvInput), Object(Symfony/Component/Console/Output/ConsoleOutput))
#25 D:/0_Project_VS_Code/3. Sistem Basis Data/TB-K1-Database/lapak_gaming/vendor/symfony/console/Application.php(195): Symfony/Component/Console/Application->doRun(Object(Symfony/Component/Console/Input/ArgvInput), Object(Symfony/Component/Console/Output/ConsoleOutput))
#26 D:/0_Project_VS_Code/3. Sistem Basis Data/TB-K1-Database/lapak_gaming/vendor/laravel/framework/src/Illuminate/Foundation/Console/Kernel.php(198): Symfony/Component/Console/Application->run(Object(Symfony/Component/Console/Input/ArgvInput), Object(Symfony/Component/Console/Output/ConsoleOutput))
#27 D:/0_Project_VS_Code/3. Sistem Basis Data/TB-K1-Database/lapak_gaming/vendor/laravel/framework/src/Illuminate/Foundation/Application.php(1235): Illuminate/Foundation/Console/Kernel->handle(Object(Symfony/Component/Console/Input/ArgvInput), Object(Symfony/Component/Console/Output/ConsoleOutput))
#28 D:/0_Project_VS_Code/3. Sistem Basis Data/TB-K1-Database/lapak_gaming/artisan(16): Illuminate/Foundation/Application->handleCommand(Object(Symfony/Component/Console/Input/ArgvInput))
#29 {main}

[previous exception] [object] (PDOException(code: 2002): SQLSTATE[HY000] [2002] No connection could be made because the target machine actively refused it at D:/0_Project_VS_Code/3. Sistem Basis Data/TB-K1-Database/lapak_gaming/vendor/laravel/framework/src/Illuminate/Database/Connectors/Connector.php:67)
[stacktrace]
#0 D:/0_Project_VS_Code/3. Sistem Basis Data/TB-K1-Database/lapak_gaming/vendor/laravel/framework/src/Illuminate/Database/Connectors/Connector.php(67): PDO::connect('mysql:host=127....', 'root', Object(SensitiveParameterValue), Array)
#1 D:/0_Project_VS_Code/3. Sistem Basis Data/TB-K1-Database/lapak_gaming/vendor/laravel/framework/src/Illuminate/Database/Connectors/Connector.php(85): Illuminate/Database/Connectors/Connector->createPdoConnection('mysql:host=127....', 'root', Object(SensitiveParameterValue), Array)
#2 D:/0_Project_VS_Code/3. Sistem Basis Data/TB-K1-Database/lapak_gaming/vendor/laravel/framework/src/Illuminate/Database/Connectors/Connector.php(48): Illuminate/Database/Connectors/Connector->tryAgainIfCausedByLostConnection(Object(PDOException), 'mysql:host=127....', 'root', Object(SensitiveParameterValue), Array)
#3 D:/0_Project_VS_Code/3. Sistem Basis Data/TB-K1-Database/lapak_gaming/vendor/laravel/framework/src/Illuminate/Database/Connectors/MySqlConnector.php(24): Illuminate/Database/Connectors/Connector->createConnection('mysql:host=127....', Array, Array)
#4 D:/0_Project_VS_Code/3. Sistem Basis Data/TB-K1-Database/lapak_gaming/vendor/laravel/framework/src/Illuminate/Database/Connectors/ConnectionFactory.php(186): Illuminate/Database/Connectors/MySqlConnector->connect(Array)
#5 [internal function]: Illuminate/Database/Connectors/ConnectionFactory->{closure:Illuminate/Database/Connectors/ConnectionFactory::createPdoResolverWithHosts():181}()
#6 D:/0_Project_VS_Code/3. Sistem Basis Data/TB-K1-Database/lapak_gaming/vendor/laravel/framework/src/Illuminate/Database/Connection.php(1279): call_user_func(Object(Closure))
#7 D:/0_Project_VS_Code/3. Sistem Basis Data/TB-K1-Database/lapak_gaming/vendor/laravel/framework/src/Illuminate/Database/Connection.php(1317): Illuminate/Database/Connection->getPdo()
#8 D:/0_Project_VS_Code/3. Sistem Basis Data/TB-K1-Database/lapak_gaming/vendor/laravel/framework/src/Illuminate/Database/Connection.php(528): Illuminate/Database/Connection->getReadPdo()
#9 D:/0_Project_VS_Code/3. Sistem Basis Data/TB-K1-Database/lapak_gaming/vendor/laravel/framework/src/Illuminate/Database/Connection.php(421): Illuminate/Database/Connection->getPdoForSelect(true)
#10 D:/0_Project_VS_Code/3. Sistem Basis Data/TB-K1-Database/lapak_gaming/vendor/laravel/framework/src/Illuminate/Database/Connection.php(830): Illuminate/Database/Connection->{closure:Illuminate/Database/Connection::select():412}('select * from `...', Array)
#11 D:/0_Project_VS_Code/3. Sistem Basis Data/TB-K1-Database/lapak_gaming/vendor/laravel/framework/src/Illuminate/Database/Connection.php(1021): Illuminate/Database/Connection->runQueryCallback('select * from `...', Array, Object(Closure))
#12 D:/0_Project_VS_Code/3. Sistem Basis Data/TB-K1-Database/lapak_gaming/vendor/laravel/framework/src/Illuminate/Database/Connection.php(1000): Illuminate/Database/Connection->tryAgainIfCausedByLostConnection(Object(Illuminate/Database/QueryException), 'select * from `...', Array, Object(Closure))
#13 D:/0_Project_VS_Code/3. Sistem Basis Data/TB-K1-Database/lapak_gaming/vendor/laravel/framework/src/Illuminate/Database/Connection.php(799): Illuminate/Database/Connection->handleQueryException(Object(Illuminate/Database/QueryException), 'select * from `...', Array, Object(Closure))
#14 D:/0_Project_VS_Code/3. Sistem Basis Data/TB-K1-Database/lapak_gaming/vendor/laravel/framework/src/Illuminate/Database/Connection.php(412): Illuminate/Database/Connection->run('select * from `...', Array, Object(Closure))
#15 D:/0_Project_VS_Code/3. Sistem Basis Data/TB-K1-Database/lapak_gaming/vendor/laravel/framework/src/Illuminate/Database/Query/Builder.php(3562): Illuminate/Database/Connection->select('select * from `...', Array, true, Array)
#16 D:/0_Project_VS_Code/3. Sistem Basis Data/TB-K1-Database/lapak_gaming/vendor/laravel/framework/src/Illuminate/Database/Query/Builder.php(3546): Illuminate/Database/Query/Builder->runSelect()
#17 D:/0_Project_VS_Code/3. Sistem Basis Data/TB-K1-Database/lapak_gaming/vendor/laravel/framework/src/Illuminate/Cache/DatabaseStore.php(142): Illuminate/Database/Query/Builder->get()
#18 D:/0_Project_VS_Code/3. Sistem Basis Data/TB-K1-Database/lapak_gaming/vendor/laravel/framework/src/Illuminate/Cache/DatabaseStore.php(117): Illuminate/Cache/DatabaseStore->many(Array)
#19 D:/0_Project_VS_Code/3. Sistem Basis Data/TB-K1-Database/lapak_gaming/vendor/laravel/framework/src/Illuminate/Cache/Repository.php(124): Illuminate/Cache/DatabaseStore->get('illuminate:queu...')
#20 D:/0_Project_VS_Code/3. Sistem Basis Data/TB-K1-Database/lapak_gaming/vendor/laravel/framework/src/Illuminate/Queue/QueueManager.php(282): Illuminate/Cache/Repository->get('illuminate:queu...', false)
#21 D:/0_Project_VS_Code/3. Sistem Basis Data/TB-K1-Database/lapak_gaming/vendor/laravel/framework/src/Illuminate/Queue/Worker.php(428): Illuminate/Queue/QueueManager->isPaused('database', 'default')
#22 D:/0_Project_VS_Code/3. Sistem Basis Data/TB-K1-Database/lapak_gaming/vendor/laravel/framework/src/Illuminate/Queue/Worker.php(396): Illuminate/Queue/Worker->queuePaused('database', 'default')
#23 D:/0_Project_VS_Code/3. Sistem Basis Data/TB-K1-Database/lapak_gaming/vendor/laravel/framework/src/Illuminate/Queue/Worker.php(357): Illuminate/Queue/Worker->getNextJob(Object(Illuminate/Queue/DatabaseQueue), 'default')
#24 D:/0_Project_VS_Code/3. Sistem Basis Data/TB-K1-Database/lapak_gaming/vendor/laravel/framework/src/Illuminate/Queue/Console/WorkCommand.php(148): Illuminate/Queue/Worker->runNextJob('database', 'default', Object(Illuminate/Queue/WorkerOptions))
#25 D:/0_Project_VS_Code/3. Sistem Basis Data/TB-K1-Database/lapak_gaming/vendor/laravel/framework/src/Illuminate/Queue/Console/WorkCommand.php(131): Illuminate/Queue/Console/WorkCommand->runWorker('database', 'default')
#26 D:/0_Project_VS_Code/3. Sistem Basis Data/TB-K1-Database/lapak_gaming/vendor/laravel/framework/src/Illuminate/Container/BoundMethod.php(36): Illuminate/Queue/Console/WorkCommand->handle()
#27 D:/0_Project_VS_Code/3. Sistem Basis Data/TB-K1-Database/lapak_gaming/vendor/laravel/framework/src/Illuminate/Container/Util.php(43): Illuminate/Container/BoundMethod::{closure:Illuminate/Container/BoundMethod::call():35}()
#28 D:/0_Project_VS_Code/3. Sistem Basis Data/TB-K1-Database/lapak_gaming/vendor/laravel/framework/src/Illuminate/Container/BoundMethod.php(96): Illuminate/Container/Util::unwrapIfClosure(Object(Closure))
#29 D:/0_Project_VS_Code/3. Sistem Basis Data/TB-K1-Database/lapak_gaming/vendor/laravel/framework/src/Illuminate/Container/BoundMethod.php(35): Illuminate/Container/BoundMethod::callBoundMethod(Object(Illuminate/Foundation/Application), Array, Object(Closure))
#30 D:/0_Project_VS_Code/3. Sistem Basis Data/TB-K1-Database/lapak_gaming/vendor/laravel/framework/src/Illuminate/Container/Container.php(799): Illuminate/Container/BoundMethod::call(Object(Illuminate/Foundation/Application), Array, Array, NULL)
#31 D:/0_Project_VS_Code/3. Sistem Basis Data/TB-K1-Database/lapak_gaming/vendor/laravel/framework/src/Illuminate/Console/Command.php(280): Illuminate/Container/Container->call(Array)
#32 D:/0_Project_VS_Code/3. Sistem Basis Data/TB-K1-Database/lapak_gaming/vendor/symfony/console/Command/Command.php(291): Illuminate/Console/Command->execute(Object(Symfony/Component/Console/Input/ArgvInput), Object(Illuminate/Console/OutputStyle))
#33 D:/0_Project_VS_Code/3. Sistem Basis Data/TB-K1-Database/lapak_gaming/vendor/laravel/framework/src/Illuminate/Console/Command.php(249): Symfony/Component/Console/Command/Command->run(Object(Symfony/Component/Console/Input/ArgvInput), Object(Illuminate/Console/OutputStyle))
#34 D:/0_Project_VS_Code/3. Sistem Basis Data/TB-K1-Database/lapak_gaming/vendor/symfony/console/Application.php(1107): Illuminate/Console/Command->run(Object(Symfony/Component/Console/Input/ArgvInput), Object(Symfony/Component/Console/Output/ConsoleOutput))
#35 D:/0_Project_VS_Code/3. Sistem Basis Data/TB-K1-Database/lapak_gaming/vendor/symfony/console/Application.php(356): Symfony/Component/Console/Application->doRunCommand(Object(Illuminate/Queue/Console/WorkCommand), Object(Symfony/Component/Console/Input/ArgvInput), Object(Symfony/Component/Console/Output/ConsoleOutput))
#36 D:/0_Project_VS_Code/3. Sistem Basis Data/TB-K1-Database/lapak_gaming/vendor/symfony/console/Application.php(195): Symfony/Component/Console/Application->doRun(Object(Symfony/Component/Console/Input/ArgvInput), Object(Symfony/Component/Console/Output/ConsoleOutput))
#37 D:/0_Project_VS_Code/3. Sistem Basis Data/TB-K1-Database/lapak_gaming/vendor/laravel/framework/src/Illuminate/Foundation/Console/Kernel.php(198): Symfony/Component/Console/Application->run(Object(Symfony/Component/Console/Input/ArgvInput), Object(Symfony/Component/Console/Output/ConsoleOutput))
#38 D:/0_Project_VS_Code/3. Sistem Basis Data/TB-K1-Database/lapak_gaming/vendor/laravel/framework/src/Illuminate/Foundation/Application.php(1235): Illuminate/Foundation/Console/Kernel->handle(Object(Symfony/Component/Console/Input/ArgvInput), Object(Symfony/Component/Console/Output/ConsoleOutput))
#39 D:/0_Project_VS_Code/3. Sistem Basis Data/TB-K1-Database/lapak_gaming/artisan(16): Illuminate/Foundation/Application->handleCommand(Object(Symfony/Component/Console/Input/ArgvInput))
#40 {main}
"} 
[2026-04-01 06:22:20] local.ERROR: SQLSTATE[HY000] [2002] No connection could be made because the target machine actively refused it (Connection: mysql, Host: 127.0.0.1, Port: 3306, Database: lapak_gaming, SQL: select * from `cache` where `key` in (laravel-cache-illuminate:queue:paused:database:default)) {"exception":"[object] (Illuminate\\Database\\QueryException(code: 2002): SQLSTATE[HY000] [2002] No connection could be made because the target machine actively refused it (Connection: mysql, Host: 127.0.0.1, Port: 3306, Database: lapak_gaming, SQL: select * from `cache` where `key` in (laravel-cache-illuminate:queue:paused:database:default)) at D:/0_Project_VS_Code/3. Sistem Basis Data/TB-K1-Database/lapak_gaming/vendor/laravel/framework/src/Illuminate/Database/Connection.php:841)
[stacktrace]
#0 D:/0_Project_VS_Code/3. Sistem Basis Data/TB-K1-Database/lapak_gaming/vendor/laravel/framework/src/Illuminate/Database/Connection.php(1021): Illuminate/Database/Connection->runQueryCallback('select * from `...', Array, Object(Closure))
#1 D:/0_Project_VS_Code/3. Sistem Basis Data/TB-K1-Database/lapak_gaming/vendor/laravel/framework/src/Illuminate/Database/Connection.php(1000): Illuminate/Database/Connection->tryAgainIfCausedByLostConnection(Object(Illuminate/Database/QueryException), 'select * from `...', Array, Object(Closure))
#2 D:/0_Project_VS_Code/3. Sistem Basis Data/TB-K1-Database/lapak_gaming/vendor/laravel/framework/src/Illuminate/Database/Connection.php(799): Illuminate/Database/Connection->handleQueryException(Object(Illuminate/Database/QueryException), 'select * from `...', Array, Object(Closure))
#3 D:/0_Project_VS_Code/3. Sistem Basis Data/TB-K1-Database/lapak_gaming/vendor/laravel/framework/src/Illuminate/Database/Connection.php(412): Illuminate/Database/Connection->run('select * from `...', Array, Object(Closure))
#4 D:/0_Project_VS_Code/3. Sistem Basis Data/TB-K1-Database/lapak_gaming/vendor/laravel/framework/src/Illuminate/Database/Query/Builder.php(3562): Illuminate/Database/Connection->select('select * from `...', Array, true, Array)
#5 D:/0_Project_VS_Code/3. Sistem Basis Data/TB-K1-Database/lapak_gaming/vendor/laravel/framework/src/Illuminate/Database/Query/Builder.php(3546): Illuminate/Database/Query/Builder->runSelect()
#6 D:/0_Project_VS_Code/3. Sistem Basis Data/TB-K1-Database/lapak_gaming/vendor/laravel/framework/src/Illuminate/Cache/DatabaseStore.php(142): Illuminate/Database/Query/Builder->get()
#7 D:/0_Project_VS_Code/3. Sistem Basis Data/TB-K1-Database/lapak_gaming/vendor/laravel/framework/src/Illuminate/Cache/DatabaseStore.php(117): Illuminate/Cache/DatabaseStore->many(Array)
#8 D:/0_Project_VS_Code/3. Sistem Basis Data/TB-K1-Database/lapak_gaming/vendor/laravel/framework/src/Illuminate/Cache/Repository.php(124): Illuminate/Cache/DatabaseStore->get('illuminate:queu...')
#9 D:/0_Project_VS_Code/3. Sistem Basis Data/TB-K1-Database/lapak_gaming/vendor/laravel/framework/src/Illuminate/Queue/QueueManager.php(282): Illuminate/Cache/Repository->get('illuminate:queu...', false)
#10 D:/0_Project_VS_Code/3. Sistem Basis Data/TB-K1-Database/lapak_gaming/vendor/laravel/framework/src/Illuminate/Queue/Worker.php(428): Illuminate/Queue/QueueManager->isPaused('database', 'default')
#11 D:/0_Project_VS_Code/3. Sistem Basis Data/TB-K1-Database/lapak_gaming/vendor/laravel/framework/src/Illuminate/Queue/Worker.php(396): Illuminate/Queue/Worker->queuePaused('database', 'default')
#12 D:/0_Project_VS_Code/3. Sistem Basis Data/TB-K1-Database/lapak_gaming/vendor/laravel/framework/src/Illuminate/Queue/Worker.php(357): Illuminate/Queue/Worker->getNextJob(Object(Illuminate/Queue/DatabaseQueue), 'default')
#13 D:/0_Project_VS_Code/3. Sistem Basis Data/TB-K1-Database/lapak_gaming/vendor/laravel/framework/src/Illuminate/Queue/Console/WorkCommand.php(148): Illuminate/Queue/Worker->runNextJob('database', 'default', Object(Illuminate/Queue/WorkerOptions))
#14 D:/0_Project_VS_Code/3. Sistem Basis Data/TB-K1-Database/lapak_gaming/vendor/laravel/framework/src/Illuminate/Queue/Console/WorkCommand.php(131): Illuminate/Queue/Console/WorkCommand->runWorker('database', 'default')
#15 D:/0_Project_VS_Code/3. Sistem Basis Data/TB-K1-Database/lapak_gaming/vendor/laravel/framework/src/Illuminate/Container/BoundMethod.php(36): Illuminate/Queue/Console/WorkCommand->handle()
#16 D:/0_Project_VS_Code/3. Sistem Basis Data/TB-K1-Database/lapak_gaming/vendor/laravel/framework/src/Illuminate/Container/Util.php(43): Illuminate/Container/BoundMethod::{closure:Illuminate/Container/BoundMethod::call():35}()
#17 D:/0_Project_VS_Code/3. Sistem Basis Data/TB-K1-Database/lapak_gaming/vendor/laravel/framework/src/Illuminate/Container/BoundMethod.php(96): Illuminate/Container/Util::unwrapIfClosure(Object(Closure))
#18 D:/0_Project_VS_Code/3. Sistem Basis Data/TB-K1-Database/lapak_gaming/vendor/laravel/framework/src/Illuminate/Container/BoundMethod.php(35): Illuminate/Container/BoundMethod::callBoundMethod(Object(Illuminate/Foundation/Application), Array, Object(Closure))
#19 D:/0_Project_VS_Code/3. Sistem Basis Data/TB-K1-Database/lapak_gaming/vendor/laravel/framework/src/Illuminate/Container/Container.php(799): Illuminate/Container/BoundMethod::call(Object(Illuminate/Foundation/Application), Array, Array, NULL)
#20 D:/0_Project_VS_Code/3. Sistem Basis Data/TB-K1-Database/lapak_gaming/vendor/laravel/framework/src/Illuminate/Console/Command.php(280): Illuminate/Container/Container->call(Array)
#21 D:/0_Project_VS_Code/3. Sistem Basis Data/TB-K1-Database/lapak_gaming/vendor/symfony/console/Command/Command.php(291): Illuminate/Console/Command->execute(Object(Symfony/Component/Console/Input/ArgvInput), Object(Illuminate/Console/OutputStyle))
#22 D:/0_Project_VS_Code/3. Sistem Basis Data/TB-K1-Database/lapak_gaming/vendor/laravel/framework/src/Illuminate/Console/Command.php(249): Symfony/Component/Console/Command/Command->run(Object(Symfony/Component/Console/Input/ArgvInput), Object(Illuminate/Console/OutputStyle))
#23 D:/0_Project_VS_Code/3. Sistem Basis Data/TB-K1-Database/lapak_gaming/vendor/symfony/console/Application.php(1107): Illuminate/Console/Command->run(Object(Symfony/Component/Console/Input/ArgvInput), Object(Symfony/Component/Console/Output/ConsoleOutput))
#24 D:/0_Project_VS_Code/3. Sistem Basis Data/TB-K1-Database/lapak_gaming/vendor/symfony/console/Application.php(356): Symfony/Component/Console/Application->doRunCommand(Object(Illuminate/Queue/Console/WorkCommand), Object(Symfony/Component/Console/Input/ArgvInput), Object(Symfony/Component/Console/Output/ConsoleOutput))
#25 D:/0_Project_VS_Code/3. Sistem Basis Data/TB-K1-Database/lapak_gaming/vendor/symfony/console/Application.php(195): Symfony/Component/Console/Application->doRun(Object(Symfony/Component/Console/Input/ArgvInput), Object(Symfony/Component/Console/Output/ConsoleOutput))
#26 D:/0_Project_VS_Code/3. Sistem Basis Data/TB-K1-Database/lapak_gaming/vendor/laravel/framework/src/Illuminate/Foundation/Console/Kernel.php(198): Symfony/Component/Console/Application->run(Object(Symfony/Component/Console/Input/ArgvInput), Object(Symfony/Component/Console/Output/ConsoleOutput))
#27 D:/0_Project_VS_Code/3. Sistem Basis Data/TB-K1-Database/lapak_gaming/vendor/laravel/framework/src/Illuminate/Foundation/Application.php(1235): Illuminate/Foundation/Console/Kernel->handle(Object(Symfony/Component/Console/Input/ArgvInput), Object(Symfony/Component/Console/Output/ConsoleOutput))
#28 D:/0_Project_VS_Code/3. Sistem Basis Data/TB-K1-Database/lapak_gaming/artisan(16): Illuminate/Foundation/Application->handleCommand(Object(Symfony/Component/Console/Input/ArgvInput))
#29 {main}

[previous exception] [object] (PDOException(code: 2002): SQLSTATE[HY000] [2002] No connection could be made because the target machine actively refused it at D:/0_Project_VS_Code/3. Sistem Basis Data/TB-K1-Database/lapak_gaming/vendor/laravel/framework/src/Illuminate/Database/Connectors/Connector.php:67)
[stacktrace]
#0 D:/0_Project_VS_Code/3. Sistem Basis Data/TB-K1-Database/lapak_gaming/vendor/laravel/framework/src/Illuminate/Database/Connectors/Connector.php(67): PDO::connect('mysql:host=127....', 'root', Object(SensitiveParameterValue), Array)
#1 D:/0_Project_VS_Code/3. Sistem Basis Data/TB-K1-Database/lapak_gaming/vendor/laravel/framework/src/Illuminate/Database/Connectors/Connector.php(85): Illuminate/Database/Connectors/Connector->createPdoConnection('mysql:host=127....', 'root', Object(SensitiveParameterValue), Array)
#2 D:/0_Project_VS_Code/3. Sistem Basis Data/TB-K1-Database/lapak_gaming/vendor/laravel/framework/src/Illuminate/Database/Connectors/Connector.php(48): Illuminate/Database/Connectors/Connector->tryAgainIfCausedByLostConnection(Object(PDOException), 'mysql:host=127....', 'root', Object(SensitiveParameterValue), Array)
#3 D:/0_Project_VS_Code/3. Sistem Basis Data/TB-K1-Database/lapak_gaming/vendor/laravel/framework/src/Illuminate/Database/Connectors/MySqlConnector.php(24): Illuminate/Database/Connectors/Connector->createConnection('mysql:host=127....', Array, Array)
#4 D:/0_Project_VS_Code/3. Sistem Basis Data/TB-K1-Database/lapak_gaming/vendor/laravel/framework/src/Illuminate/Database/Connectors/ConnectionFactory.php(186): Illuminate/Database/Connectors/MySqlConnector->connect(Array)
#5 [internal function]: Illuminate/Database/Connectors/ConnectionFactory->{closure:Illuminate/Database/Connectors/ConnectionFactory::createPdoResolverWithHosts():181}()
#6 D:/0_Project_VS_Code/3. Sistem Basis Data/TB-K1-Database/lapak_gaming/vendor/laravel/framework/src/Illuminate/Database/Connection.php(1279): call_user_func(Object(Closure))
#7 D:/0_Project_VS_Code/3. Sistem Basis Data/TB-K1-Database/lapak_gaming/vendor/laravel/framework/src/Illuminate/Database/Connection.php(1317): Illuminate/Database/Connection->getPdo()
#8 D:/0_Project_VS_Code/3. Sistem Basis Data/TB-K1-Database/lapak_gaming/vendor/laravel/framework/src/Illuminate/Database/Connection.php(528): Illuminate/Database/Connection->getReadPdo()
#9 D:/0_Project_VS_Code/3. Sistem Basis Data/TB-K1-Database/lapak_gaming/vendor/laravel/framework/src/Illuminate/Database/Connection.php(421): Illuminate/Database/Connection->getPdoForSelect(true)
#10 D:/0_Project_VS_Code/3. Sistem Basis Data/TB-K1-Database/lapak_gaming/vendor/laravel/framework/src/Illuminate/Database/Connection.php(830): Illuminate/Database/Connection->{closure:Illuminate/Database/Connection::select():412}('select * from `...', Array)
#11 D:/0_Project_VS_Code/3. Sistem Basis Data/TB-K1-Database/lapak_gaming/vendor/laravel/framework/src/Illuminate/Database/Connection.php(1021): Illuminate/Database/Connection->runQueryCallback('select * from `...', Array, Object(Closure))
#12 D:/0_Project_VS_Code/3. Sistem Basis Data/TB-K1-Database/lapak_gaming/vendor/laravel/framework/src/Illuminate/Database/Connection.php(1000): Illuminate/Database/Connection->tryAgainIfCausedByLostConnection(Object(Illuminate/Database/QueryException), 'select * from `...', Array, Object(Closure))
#13 D:/0_Project_VS_Code/3. Sistem Basis Data/TB-K1-Database/lapak_gaming/vendor/laravel/framework/src/Illuminate/Database/Connection.php(799): Illuminate/Database/Connection->handleQueryException(Object(Illuminate/Database/QueryException), 'select * from `...', Array, Object(Closure))
#14 D:/0_Project_VS_Code/3. Sistem Basis Data/TB-K1-Database/lapak_gaming/vendor/laravel/framework/src/Illuminate/Database/Connection.php(412): Illuminate/Database/Connection->run('select * from `...', Array, Object(Closure))
#15 D:/0_Project_VS_Code/3. Sistem Basis Data/TB-K1-Database/lapak_gaming/vendor/laravel/framework/src/Illuminate/Database/Query/Builder.php(3562): Illuminate/Database/Connection->select('select * from `...', Array, true, Array)
#16 D:/0_Project_VS_Code/3. Sistem Basis Data/TB-K1-Database/lapak_gaming/vendor/laravel/framework/src/Illuminate/Database/Query/Builder.php(3546): Illuminate/Database/Query/Builder->runSelect()
#17 D:/0_Project_VS_Code/3. Sistem Basis Data/TB-K1-Database/lapak_gaming/vendor/laravel/framework/src/Illuminate/Cache/DatabaseStore.php(142): Illuminate/Database/Query/Builder->get()
#18 D:/0_Project_VS_Code/3. Sistem Basis Data/TB-K1-Database/lapak_gaming/vendor/laravel/framework/src/Illuminate/Cache/DatabaseStore.php(117): Illuminate/Cache/DatabaseStore->many(Array)
#19 D:/0_Project_VS_Code/3. Sistem Basis Data/TB-K1-Database/lapak_gaming/vendor/laravel/framework/src/Illuminate/Cache/Repository.php(124): Illuminate/Cache/DatabaseStore->get('illuminate:queu...')
#20 D:/0_Project_VS_Code/3. Sistem Basis Data/TB-K1-Database/lapak_gaming/vendor/laravel/framework/src/Illuminate/Queue/QueueManager.php(282): Illuminate/Cache/Repository->get('illuminate:queu...', false)
#21 D:/0_Project_VS_Code/3. Sistem Basis Data/TB-K1-Database/lapak_gaming/vendor/laravel/framework/src/Illuminate/Queue/Worker.php(428): Illuminate/Queue/QueueManager->isPaused('database', 'default')
#22 D:/0_Project_VS_Code/3. Sistem Basis Data/TB-K1-Database/lapak_gaming/vendor/laravel/framework/src/Illuminate/Queue/Worker.php(396): Illuminate/Queue/Worker->queuePaused('database', 'default')
#23 D:/0_Project_VS_Code/3. Sistem Basis Data/TB-K1-Database/lapak_gaming/vendor/laravel/framework/src/Illuminate/Queue/Worker.php(357): Illuminate/Queue/Worker->getNextJob(Object(Illuminate/Queue/DatabaseQueue), 'default')
#24 D:/0_Project_VS_Code/3. Sistem Basis Data/TB-K1-Database/lapak_gaming/vendor/laravel/framework/src/Illuminate/Queue/Console/WorkCommand.php(148): Illuminate/Queue/Worker->runNextJob('database', 'default', Object(Illuminate/Queue/WorkerOptions))
#25 D:/0_Project_VS_Code/3. Sistem Basis Data/TB-K1-Database/lapak_gaming/vendor/laravel/framework/src/Illuminate/Queue/Console/WorkCommand.php(131): Illuminate/Queue/Console/WorkCommand->runWorker('database', 'default')
#26 D:/0_Project_VS_Code/3. Sistem Basis Data/TB-K1-Database/lapak_gaming/vendor/laravel/framework/src/Illuminate/Container/BoundMethod.php(36): Illuminate/Queue/Console/WorkCommand->handle()
#27 D:/0_Project_VS_Code/3. Sistem Basis Data/TB-K1-Database/lapak_gaming/vendor/laravel/framework/src/Illuminate/Container/Util.php(43): Illuminate/Container/BoundMethod::{closure:Illuminate/Container/BoundMethod::call():35}()
#28 D:/0_Project_VS_Code/3. Sistem Basis Data/TB-K1-Database/lapak_gaming/vendor/laravel/framework/src/Illuminate/Container/BoundMethod.php(96): Illuminate/Container/Util::unwrapIfClosure(Object(Closure))
#29 D:/0_Project_VS_Code/3. Sistem Basis Data/TB-K1-Database/lapak_gaming/vendor/laravel/framework/src/Illuminate/Container/BoundMethod.php(35): Illuminate/Container/BoundMethod::callBoundMethod(Object(Illuminate/Foundation/Application), Array, Object(Closure))
#30 D:/0_Project_VS_Code/3. Sistem Basis Data/TB-K1-Database/lapak_gaming/vendor/laravel/framework/src/Illuminate/Container/Container.php(799): Illuminate/Container/BoundMethod::call(Object(Illuminate/Foundation/Application), Array, Array, NULL)
#31 D:/0_Project_VS_Code/3. Sistem Basis Data/TB-K1-Database/lapak_gaming/vendor/laravel/framework/src/Illuminate/Console/Command.php(280): Illuminate/Container/Container->call(Array)
#32 D:/0_Project_VS_Code/3. Sistem Basis Data/TB-K1-Database/lapak_gaming/vendor/symfony/console/Command/Command.php(291): Illuminate/Console/Command->execute(Object(Symfony/Component/Console/Input/ArgvInput), Object(Illuminate/Console/OutputStyle))
#33 D:/0_Project_VS_Code/3. Sistem Basis Data/TB-K1-Database/lapak_gaming/vendor/laravel/framework/src/Illuminate/Console/Command.php(249): Symfony/Component/Console/Command/Command->run(Object(Symfony/Component/Console/Input/ArgvInput), Object(Illuminate/Console/OutputStyle))
#34 D:/0_Project_VS_Code/3. Sistem Basis Data/TB-K1-Database/lapak_gaming/vendor/symfony/console/Application.php(1107): Illuminate/Console/Command->run(Object(Symfony/Component/Console/Input/ArgvInput), Object(Symfony/Component/Console/Output/ConsoleOutput))
#35 D:/0_Project_VS_Code/3. Sistem Basis Data/TB-K1-Database/lapak_gaming/vendor/symfony/console/Application.php(356): Symfony/Component/Console/Application->doRunCommand(Object(Illuminate/Queue/Console/WorkCommand), Object(Symfony/Component/Console/Input/ArgvInput), Object(Symfony/Component/Console/Output/ConsoleOutput))
#36 D:/0_Project_VS_Code/3. Sistem Basis Data/TB-K1-Database/lapak_gaming/vendor/symfony/console/Application.php(195): Symfony/Component/Console/Application->doRun(Object(Symfony/Component/Console/Input/ArgvInput), Object(Symfony/Component/Console/Output/ConsoleOutput))
#37 D:/0_Project_VS_Code/3. Sistem Basis Data/TB-K1-Database/lapak_gaming/vendor/laravel/framework/src/Illuminate/Foundation/Console/Kernel.php(198): Symfony/Component/Console/Application->run(Object(Symfony/Component/Console/Input/ArgvInput), Object(Symfony/Component/Console/Output/ConsoleOutput))
#38 D:/0_Project_VS_Code/3. Sistem Basis Data/TB-K1-Database/lapak_gaming/vendor/laravel/framework/src/Illuminate/Foundation/Application.php(1235): Illuminate/Foundation/Console/Kernel->handle(Object(Symfony/Component/Console/Input/ArgvInput), Object(Symfony/Component/Console/Output/ConsoleOutput))
#39 D:/0_Project_VS_Code/3. Sistem Basis Data/TB-K1-Database/lapak_gaming/artisan(16): Illuminate/Foundation/Application->handleCommand(Object(Symfony/Component/Console/Input/ArgvInput))
#40 {main}
"} 
[2026-04-01 06:22:32] local.ERROR: SQLSTATE[HY000] [2002] No connection could be made because the target machine actively refused it (Connection: mysql, Host: 127.0.0.1, Port: 3306, Database: lapak_gaming, SQL: select * from `cache` where `key` in (laravel-cache-illuminate:queue:paused:database:default)) {"exception":"[object] (Illuminate\\Database\\QueryException(code: 2002): SQLSTATE[HY000] [2002] No connection could be made because the target machine actively refused it (Connection: mysql, Host: 127.0.0.1, Port: 3306, Database: lapak_gaming, SQL: select * from `cache` where `key` in (laravel-cache-illuminate:queue:paused:database:default)) at D:/0_Project_VS_Code/3. Sistem Basis Data/TB-K1-Database/lapak_gaming/vendor/laravel/framework/src/Illuminate/Database/Connection.php:841)
[stacktrace]
#0 D:/0_Project_VS_Code/3. Sistem Basis Data/TB-K1-Database/lapak_gaming/vendor/laravel/framework/src/Illuminate/Database/Connection.php(1021): Illuminate/Database/Connection->runQueryCallback('select * from `...', Array, Object(Closure))
#1 D:/0_Project_VS_Code/3. Sistem Basis Data/TB-K1-Database/lapak_gaming/vendor/laravel/framework/src/Illuminate/Database/Connection.php(1000): Illuminate/Database/Connection->tryAgainIfCausedByLostConnection(Object(Illuminate/Database/QueryException), 'select * from `...', Array, Object(Closure))
#2 D:/0_Project_VS_Code/3. Sistem Basis Data/TB-K1-Database/lapak_gaming/vendor/laravel/framework/src/Illuminate/Database/Connection.php(799): Illuminate/Database/Connection->handleQueryException(Object(Illuminate/Database/QueryException), 'select * from `...', Array, Object(Closure))
#3 D:/0_Project_VS_Code/3. Sistem Basis Data/TB-K1-Database/lapak_gaming/vendor/laravel/framework/src/Illuminate/Database/Connection.php(412): Illuminate/Database/Connection->run('select * from `...', Array, Object(Closure))
#4 D:/0_Project_VS_Code/3. Sistem Basis Data/TB-K1-Database/lapak_gaming/vendor/laravel/framework/src/Illuminate/Database/Query/Builder.php(3562): Illuminate/Database/Connection->select('select * from `...', Array, true, Array)
#5 D:/0_Project_VS_Code/3. Sistem Basis Data/TB-K1-Database/lapak_gaming/vendor/laravel/framework/src/Illuminate/Database/Query/Builder.php(3546): Illuminate/Database/Query/Builder->runSelect()
#6 D:/0_Project_VS_Code/3. Sistem Basis Data/TB-K1-Database/lapak_gaming/vendor/laravel/framework/src/Illuminate/Cache/DatabaseStore.php(142): Illuminate/Database/Query/Builder->get()
#7 D:/0_Project_VS_Code/3. Sistem Basis Data/TB-K1-Database/lapak_gaming/vendor/laravel/framework/src/Illuminate/Cache/DatabaseStore.php(117): Illuminate/Cache/DatabaseStore->many(Array)
#8 D:/0_Project_VS_Code/3. Sistem Basis Data/TB-K1-Database/lapak_gaming/vendor/laravel/framework/src/Illuminate/Cache/Repository.php(124): Illuminate/Cache/DatabaseStore->get('illuminate:queu...')
#9 D:/0_Project_VS_Code/3. Sistem Basis Data/TB-K1-Database/lapak_gaming/vendor/laravel/framework/src/Illuminate/Queue/QueueManager.php(282): Illuminate/Cache/Repository->get('illuminate:queu...', false)
#10 D:/0_Project_VS_Code/3. Sistem Basis Data/TB-K1-Database/lapak_gaming/vendor/laravel/framework/src/Illuminate/Queue/Worker.php(428): Illuminate/Queue/QueueManager->isPaused('database', 'default')
#11 D:/0_Project_VS_Code/3. Sistem Basis Data/TB-K1-Database/lapak_gaming/vendor/laravel/framework/src/Illuminate/Queue/Worker.php(396): Illuminate/Queue/Worker->queuePaused('database', 'default')
#12 D:/0_Project_VS_Code/3. Sistem Basis Data/TB-K1-Database/lapak_gaming/vendor/laravel/framework/src/Illuminate/Queue/Worker.php(357): Illuminate/Queue/Worker->getNextJob(Object(Illuminate/Queue/DatabaseQueue), 'default')
#13 D:/0_Project_VS_Code/3. Sistem Basis Data/TB-K1-Database/lapak_gaming/vendor/laravel/framework/src/Illuminate/Queue/Console/WorkCommand.php(148): Illuminate/Queue/Worker->runNextJob('database', 'default', Object(Illuminate/Queue/WorkerOptions))
#14 D:/0_Project_VS_Code/3. Sistem Basis Data/TB-K1-Database/lapak_gaming/vendor/laravel/framework/src/Illuminate/Queue/Console/WorkCommand.php(131): Illuminate/Queue/Console/WorkCommand->runWorker('database', 'default')
#15 D:/0_Project_VS_Code/3. Sistem Basis Data/TB-K1-Database/lapak_gaming/vendor/laravel/framework/src/Illuminate/Container/BoundMethod.php(36): Illuminate/Queue/Console/WorkCommand->handle()
#16 D:/0_Project_VS_Code/3. Sistem Basis Data/TB-K1-Database/lapak_gaming/vendor/laravel/framework/src/Illuminate/Container/Util.php(43): Illuminate/Container/BoundMethod::{closure:Illuminate/Container/BoundMethod::call():35}()
#17 D:/0_Project_VS_Code/3. Sistem Basis Data/TB-K1-Database/lapak_gaming/vendor/laravel/framework/src/Illuminate/Container/BoundMethod.php(96): Illuminate/Container/Util::unwrapIfClosure(Object(Closure))
#18 D:/0_Project_VS_Code/3. Sistem Basis Data/TB-K1-Database/lapak_gaming/vendor/laravel/framework/src/Illuminate/Container/BoundMethod.php(35): Illuminate/Container/BoundMethod::callBoundMethod(Object(Illuminate/Foundation/Application), Array, Object(Closure))
#19 D:/0_Project_VS_Code/3. Sistem Basis Data/TB-K1-Database/lapak_gaming/vendor/laravel/framework/src/Illuminate/Container/Container.php(799): Illuminate/Container/BoundMethod::call(Object(Illuminate/Foundation/Application), Array, Array, NULL)
#20 D:/0_Project_VS_Code/3. Sistem Basis Data/TB-K1-Database/lapak_gaming/vendor/laravel/framework/src/Illuminate/Console/Command.php(280): Illuminate/Container/Container->call(Array)
#21 D:/0_Project_VS_Code/3. Sistem Basis Data/TB-K1-Database/lapak_gaming/vendor/symfony/console/Command/Command.php(291): Illuminate/Console/Command->execute(Object(Symfony/Component/Console/Input/ArgvInput), Object(Illuminate/Console/OutputStyle))
#22 D:/0_Project_VS_Code/3. Sistem Basis Data/TB-K1-Database/lapak_gaming/vendor/laravel/framework/src/Illuminate/Console/Command.php(249): Symfony/Component/Console/Command/Command->run(Object(Symfony/Component/Console/Input/ArgvInput), Object(Illuminate/Console/OutputStyle))
#23 D:/0_Project_VS_Code/3. Sistem Basis Data/TB-K1-Database/lapak_gaming/vendor/symfony/console/Application.php(1107): Illuminate/Console/Command->run(Object(Symfony/Component/Console/Input/ArgvInput), Object(Symfony/Component/Console/Output/ConsoleOutput))
#24 D:/0_Project_VS_Code/3. Sistem Basis Data/TB-K1-Database/lapak_gaming/vendor/symfony/console/Application.php(356): Symfony/Component/Console/Application->doRunCommand(Object(Illuminate/Queue/Console/WorkCommand), Object(Symfony/Component/Console/Input/ArgvInput), Object(Symfony/Component/Console/Output/ConsoleOutput))
#25 D:/0_Project_VS_Code/3. Sistem Basis Data/TB-K1-Database/lapak_gaming/vendor/symfony/console/Application.php(195): Symfony/Component/Console/Application->doRun(Object(Symfony/Component/Console/Input/ArgvInput), Object(Symfony/Component/Console/Output/ConsoleOutput))
#26 D:/0_Project_VS_Code/3. Sistem Basis Data/TB-K1-Database/lapak_gaming/vendor/laravel/framework/src/Illuminate/Foundation/Console/Kernel.php(198): Symfony/Component/Console/Application->run(Object(Symfony/Component/Console/Input/ArgvInput), Object(Symfony/Component/Console/Output/ConsoleOutput))
#27 D:/0_Project_VS_Code/3. Sistem Basis Data/TB-K1-Database/lapak_gaming/vendor/laravel/framework/src/Illuminate/Foundation/Application.php(1235): Illuminate/Foundation/Console/Kernel->handle(Object(Symfony/Component/Console/Input/ArgvInput), Object(Symfony/Component/Console/Output/ConsoleOutput))
#28 D:/0_Project_VS_Code/3. Sistem Basis Data/TB-K1-Database/lapak_gaming/artisan(16): Illuminate/Foundation/Application->handleCommand(Object(Symfony/Component/Console/Input/ArgvInput))
#29 {main}

[previous exception] [object] (PDOException(code: 2002): SQLSTATE[HY000] [2002] No connection could be made because the target machine actively refused it at D:/0_Project_VS_Code/3. Sistem Basis Data/TB-K1-Database/lapak_gaming/vendor/laravel/framework/src/Illuminate/Database/Connectors/Connector.php:67)
[stacktrace]
#0 D:/0_Project_VS_Code/3. Sistem Basis Data/TB-K1-Database/lapak_gaming/vendor/laravel/framework/src/Illuminate/Database/Connectors/Connector.php(67): PDO::connect('mysql:host=127....', 'root', Object(SensitiveParameterValue), Array)
#1 D:/0_Project_VS_Code/3. Sistem Basis Data/TB-K1-Database/lapak_gaming/vendor/laravel/framework/src/Illuminate/Database/Connectors/Connector.php(85): Illuminate/Database/Connectors/Connector->createPdoConnection('mysql:host=127....', 'root', Object(SensitiveParameterValue), Array)
#2 D:/0_Project_VS_Code/3. Sistem Basis Data/TB-K1-Database/lapak_gaming/vendor/laravel/framework/src/Illuminate/Database/Connectors/Connector.php(48): Illuminate/Database/Connectors/Connector->tryAgainIfCausedByLostConnection(Object(PDOException), 'mysql:host=127....', 'root', Object(SensitiveParameterValue), Array)
#3 D:/0_Project_VS_Code/3. Sistem Basis Data/TB-K1-Database/lapak_gaming/vendor/laravel/framework/src/Illuminate/Database/Connectors/MySqlConnector.php(24): Illuminate/Database/Connectors/Connector->createConnection('mysql:host=127....', Array, Array)
#4 D:/0_Project_VS_Code/3. Sistem Basis Data/TB-K1-Database/lapak_gaming/vendor/laravel/framework/src/Illuminate/Database/Connectors/ConnectionFactory.php(186): Illuminate/Database/Connectors/MySqlConnector->connect(Array)
#5 [internal function]: Illuminate/Database/Connectors/ConnectionFactory->{closure:Illuminate/Database/Connectors/ConnectionFactory::createPdoResolverWithHosts():181}()
#6 D:/0_Project_VS_Code/3. Sistem Basis Data/TB-K1-Database/lapak_gaming/vendor/laravel/framework/src/Illuminate/Database/Connection.php(1279): call_user_func(Object(Closure))
#7 D:/0_Project_VS_Code/3. Sistem Basis Data/TB-K1-Database/lapak_gaming/vendor/laravel/framework/src/Illuminate/Database/Connection.php(1317): Illuminate/Database/Connection->getPdo()
#8 D:/0_Project_VS_Code/3. Sistem Basis Data/TB-K1-Database/lapak_gaming/vendor/laravel/framework/src/Illuminate/Database/Connection.php(528): Illuminate/Database/Connection->getReadPdo()
#9 D:/0_Project_VS_Code/3. Sistem Basis Data/TB-K1-Database/lapak_gaming/vendor/laravel/framework/src/Illuminate/Database/Connection.php(421): Illuminate/Database/Connection->getPdoForSelect(true)
#10 D:/0_Project_VS_Code/3. Sistem Basis Data/TB-K1-Database/lapak_gaming/vendor/laravel/framework/src/Illuminate/Database/Connection.php(830): Illuminate/Database/Connection->{closure:Illuminate/Database/Connection::select():412}('select * from `...', Array)
#11 D:/0_Project_VS_Code/3. Sistem Basis Data/TB-K1-Database/lapak_gaming/vendor/laravel/framework/src/Illuminate/Database/Connection.php(1021): Illuminate/Database/Connection->runQueryCallback('select * from `...', Array, Object(Closure))
#12 D:/0_Project_VS_Code/3. Sistem Basis Data/TB-K1-Database/lapak_gaming/vendor/laravel/framework/src/Illuminate/Database/Connection.php(1000): Illuminate/Database/Connection->tryAgainIfCausedByLostConnection(Object(Illuminate/Database/QueryException), 'select * from `...', Array, Object(Closure))
#13 D:/0_Project_VS_Code/3. Sistem Basis Data/TB-K1-Database/lapak_gaming/vendor/laravel/framework/src/Illuminate/Database/Connection.php(799): Illuminate/Database/Connection->handleQueryException(Object(Illuminate/Database/QueryException), 'select * from `...', Array, Object(Closure))
#14 D:/0_Project_VS_Code/3. Sistem Basis Data/TB-K1-Database/lapak_gaming/vendor/laravel/framework/src/Illuminate/Database/Connection.php(412): Illuminate/Database/Connection->run('select * from `...', Array, Object(Closure))
#15 D:/0_Project_VS_Code/3. Sistem Basis Data/TB-K1-Database/lapak_gaming/vendor/laravel/framework/src/Illuminate/Database/Query/Builder.php(3562): Illuminate/Database/Connection->select('select * from `...', Array, true, Array)
#16 D:/0_Project_VS_Code/3. Sistem Basis Data/TB-K1-Database/lapak_gaming/vendor/laravel/framework/src/Illuminate/Database/Query/Builder.php(3546): Illuminate/Database/Query/Builder->runSelect()
#17 D:/0_Project_VS_Code/3. Sistem Basis Data/TB-K1-Database/lapak_gaming/vendor/laravel/framework/src/Illuminate/Cache/DatabaseStore.php(142): Illuminate/Database/Query/Builder->get()
#18 D:/0_Project_VS_Code/3. Sistem Basis Data/TB-K1-Database/lapak_gaming/vendor/laravel/framework/src/Illuminate/Cache/DatabaseStore.php(117): Illuminate/Cache/DatabaseStore->many(Array)
#19 D:/0_Project_VS_Code/3. Sistem Basis Data/TB-K1-Database/lapak_gaming/vendor/laravel/framework/src/Illuminate/Cache/Repository.php(124): Illuminate/Cache/DatabaseStore->get('illuminate:queu...')
#20 D:/0_Project_VS_Code/3. Sistem Basis Data/TB-K1-Database/lapak_gaming/vendor/laravel/framework/src/Illuminate/Queue/QueueManager.php(282): Illuminate/Cache/Repository->get('illuminate:queu...', false)
#21 D:/0_Project_VS_Code/3. Sistem Basis Data/TB-K1-Database/lapak_gaming/vendor/laravel/framework/src/Illuminate/Queue/Worker.php(428): Illuminate/Queue/QueueManager->isPaused('database', 'default')
#22 D:/0_Project_VS_Code/3. Sistem Basis Data/TB-K1-Database/lapak_gaming/vendor/laravel/framework/src/Illuminate/Queue/Worker.php(396): Illuminate/Queue/Worker->queuePaused('database', 'default')
#23 D:/0_Project_VS_Code/3. Sistem Basis Data/TB-K1-Database/lapak_gaming/vendor/laravel/framework/src/Illuminate/Queue/Worker.php(357): Illuminate/Queue/Worker->getNextJob(Object(Illuminate/Queue/DatabaseQueue), 'default')
#24 D:/0_Project_VS_Code/3. Sistem Basis Data/TB-K1-Database/lapak_gaming/vendor/laravel/framework/src/Illuminate/Queue/Console/WorkCommand.php(148): Illuminate/Queue/Worker->runNextJob('database', 'default', Object(Illuminate/Queue/WorkerOptions))
#25 D:/0_Project_VS_Code/3. Sistem Basis Data/TB-K1-Database/lapak_gaming/vendor/laravel/framework/src/Illuminate/Queue/Console/WorkCommand.php(131): Illuminate/Queue/Console/WorkCommand->runWorker('database', 'default')
#26 D:/0_Project_VS_Code/3. Sistem Basis Data/TB-K1-Database/lapak_gaming/vendor/laravel/framework/src/Illuminate/Container/BoundMethod.php(36): Illuminate/Queue/Console/WorkCommand->handle()
#27 D:/0_Project_VS_Code/3. Sistem Basis Data/TB-K1-Database/lapak_gaming/vendor/laravel/framework/src/Illuminate/Container/Util.php(43): Illuminate/Container/BoundMethod::{closure:Illuminate/Container/BoundMethod::call():35}()
#28 D:/0_Project_VS_Code/3. Sistem Basis Data/TB-K1-Database/lapak_gaming/vendor/laravel/framework/src/Illuminate/Container/BoundMethod.php(96): Illuminate/Container/Util::unwrapIfClosure(Object(Closure))
#29 D:/0_Project_VS_Code/3. Sistem Basis Data/TB-K1-Database/lapak_gaming/vendor/laravel/framework/src/Illuminate/Container/BoundMethod.php(35): Illuminate/Container/BoundMethod::callBoundMethod(Object(Illuminate/Foundation/Application), Array, Object(Closure))
#30 D:/0_Project_VS_Code/3. Sistem Basis Data/TB-K1-Database/lapak_gaming/vendor/laravel/framework/src/Illuminate/Container/Container.php(799): Illuminate/Container/BoundMethod::call(Object(Illuminate/Foundation/Application), Array, Array, NULL)
#31 D:/0_Project_VS_Code/3. Sistem Basis Data/TB-K1-Database/lapak_gaming/vendor/laravel/framework/src/Illuminate/Console/Command.php(280): Illuminate/Container/Container->call(Array)
#32 D:/0_Project_VS_Code/3. Sistem Basis Data/TB-K1-Database/lapak_gaming/vendor/symfony/console/Command/Command.php(291): Illuminate/Console/Command->execute(Object(Symfony/Component/Console/Input/ArgvInput), Object(Illuminate/Console/OutputStyle))
#33 D:/0_Project_VS_Code/3. Sistem Basis Data/TB-K1-Database/lapak_gaming/vendor/laravel/framework/src/Illuminate/Console/Command.php(249): Symfony/Component/Console/Command/Command->run(Object(Symfony/Component/Console/Input/ArgvInput), Object(Illuminate/Console/OutputStyle))
#34 D:/0_Project_VS_Code/3. Sistem Basis Data/TB-K1-Database/lapak_gaming/vendor/symfony/console/Application.php(1107): Illuminate/Console/Command->run(Object(Symfony/Component/Console/Input/ArgvInput), Object(Symfony/Component/Console/Output/ConsoleOutput))
#35 D:/0_Project_VS_Code/3. Sistem Basis Data/TB-K1-Database/lapak_gaming/vendor/symfony/console/Application.php(356): Symfony/Component/Console/Application->doRunCommand(Object(Illuminate/Queue/Console/WorkCommand), Object(Symfony/Component/Console/Input/ArgvInput), Object(Symfony/Component/Console/Output/ConsoleOutput))
#36 D:/0_Project_VS_Code/3. Sistem Basis Data/TB-K1-Database/lapak_gaming/vendor/symfony/console/Application.php(195): Symfony/Component/Console/Application->doRun(Object(Symfony/Component/Console/Input/ArgvInput), Object(Symfony/Component/Console/Output/ConsoleOutput))
#37 D:/0_Project_VS_Code/3. Sistem Basis Data/TB-K1-Database/lapak_gaming/vendor/laravel/framework/src/Illuminate/Foundation/Console/Kernel.php(198): Symfony/Component/Console/Application->run(Object(Symfony/Component/Console/Input/ArgvInput), Object(Symfony/Component/Console/Output/ConsoleOutput))
#38 D:/0_Project_VS_Code/3. Sistem Basis Data/TB-K1-Database/lapak_gaming/vendor/laravel/framework/src/Illuminate/Foundation/Application.php(1235): Illuminate/Foundation/Console/Kernel->handle(Object(Symfony/Component/Console/Input/ArgvInput), Object(Symfony/Component/Console/Output/ConsoleOutput))
#39 D:/0_Project_VS_Code/3. Sistem Basis Data/TB-K1-Database/lapak_gaming/artisan(16): Illuminate/Foundation/Application->handleCommand(Object(Symfony/Component/Console/Input/ArgvInput))
#40 {main}
"} 
[2026-04-01 06:22:45] local.ERROR: SQLSTATE[HY000] [2002] No connection could be made because the target machine actively refused it (Connection: mysql, Host: 127.0.0.1, Port: 3306, Database: lapak_gaming, SQL: select * from `cache` where `key` in (laravel-cache-illuminate:queue:paused:database:default)) {"exception":"[object] (Illuminate\\Database\\QueryException(code: 2002): SQLSTATE[HY000] [2002] No connection could be made because the target machine actively refused it (Connection: mysql, Host: 127.0.0.1, Port: 3306, Database: lapak_gaming, SQL: select * from `cache` where `key` in (laravel-cache-illuminate:queue:paused:database:default)) at D:/0_Project_VS_Code/3. Sistem Basis Data/TB-K1-Database/lapak_gaming/vendor/laravel/framework/src/Illuminate/Database/Connection.php:841)
[stacktrace]
#0 D:/0_Project_VS_Code/3. Sistem Basis Data/TB-K1-Database/lapak_gaming/vendor/laravel/framework/src/Illuminate/Database/Connection.php(1021): Illuminate/Database/Connection->runQueryCallback('select * from `...', Array, Object(Closure))
#1 D:/0_Project_VS_Code/3. Sistem Basis Data/TB-K1-Database/lapak_gaming/vendor/laravel/framework/src/Illuminate/Database/Connection.php(1000): Illuminate/Database/Connection->tryAgainIfCausedByLostConnection(Object(Illuminate/Database/QueryException), 'select * from `...', Array, Object(Closure))
#2 D:/0_Project_VS_Code/3. Sistem Basis Data/TB-K1-Database/lapak_gaming/vendor/laravel/framework/src/Illuminate/Database/Connection.php(799): Illuminate/Database/Connection->handleQueryException(Object(Illuminate/Database/QueryException), 'select * from `...', Array, Object(Closure))
#3 D:/0_Project_VS_Code/3. Sistem Basis Data/TB-K1-Database/lapak_gaming/vendor/laravel/framework/src/Illuminate/Database/Connection.php(412): Illuminate/Database/Connection->run('select * from `...', Array, Object(Closure))
#4 D:/0_Project_VS_Code/3. Sistem Basis Data/TB-K1-Database/lapak_gaming/vendor/laravel/framework/src/Illuminate/Database/Query/Builder.php(3562): Illuminate/Database/Connection->select('select * from `...', Array, true, Array)
#5 D:/0_Project_VS_Code/3. Sistem Basis Data/TB-K1-Database/lapak_gaming/vendor/laravel/framework/src/Illuminate/Database/Query/Builder.php(3546): Illuminate/Database/Query/Builder->runSelect()
#6 D:/0_Project_VS_Code/3. Sistem Basis Data/TB-K1-Database/lapak_gaming/vendor/laravel/framework/src/Illuminate/Cache/DatabaseStore.php(142): Illuminate/Database/Query/Builder->get()
#7 D:/0_Project_VS_Code/3. Sistem Basis Data/TB-K1-Database/lapak_gaming/vendor/laravel/framework/src/Illuminate/Cache/DatabaseStore.php(117): Illuminate/Cache/DatabaseStore->many(Array)
#8 D:/0_Project_VS_Code/3. Sistem Basis Data/TB-K1-Database/lapak_gaming/vendor/laravel/framework/src/Illuminate/Cache/Repository.php(124): Illuminate/Cache/DatabaseStore->get('illuminate:queu...')
#9 D:/0_Project_VS_Code/3. Sistem Basis Data/TB-K1-Database/lapak_gaming/vendor/laravel/framework/src/Illuminate/Queue/QueueManager.php(282): Illuminate/Cache/Repository->get('illuminate:queu...', false)
#10 D:/0_Project_VS_Code/3. Sistem Basis Data/TB-K1-Database/lapak_gaming/vendor/laravel/framework/src/Illuminate/Queue/Worker.php(428): Illuminate/Queue/QueueManager->isPaused('database', 'default')
#11 D:/0_Project_VS_Code/3. Sistem Basis Data/TB-K1-Database/lapak_gaming/vendor/laravel/framework/src/Illuminate/Queue/Worker.php(396): Illuminate/Queue/Worker->queuePaused('database', 'default')
#12 D:/0_Project_VS_Code/3. Sistem Basis Data/TB-K1-Database/lapak_gaming/vendor/laravel/framework/src/Illuminate/Queue/Worker.php(357): Illuminate/Queue/Worker->getNextJob(Object(Illuminate/Queue/DatabaseQueue), 'default')
#13 D:/0_Project_VS_Code/3. Sistem Basis Data/TB-K1-Database/lapak_gaming/vendor/laravel/framework/src/Illuminate/Queue/Console/WorkCommand.php(148): Illuminate/Queue/Worker->runNextJob('database', 'default', Object(Illuminate/Queue/WorkerOptions))
#14 D:/0_Project_VS_Code/3. Sistem Basis Data/TB-K1-Database/lapak_gaming/vendor/laravel/framework/src/Illuminate/Queue/Console/WorkCommand.php(131): Illuminate/Queue/Console/WorkCommand->runWorker('database', 'default')
#15 D:/0_Project_VS_Code/3. Sistem Basis Data/TB-K1-Database/lapak_gaming/vendor/laravel/framework/src/Illuminate/Container/BoundMethod.php(36): Illuminate/Queue/Console/WorkCommand->handle()
#16 D:/0_Project_VS_Code/3. Sistem Basis Data/TB-K1-Database/lapak_gaming/vendor/laravel/framework/src/Illuminate/Container/Util.php(43): Illuminate/Container/BoundMethod::{closure:Illuminate/Container/BoundMethod::call():35}()
#17 D:/0_Project_VS_Code/3. Sistem Basis Data/TB-K1-Database/lapak_gaming/vendor/laravel/framework/src/Illuminate/Container/BoundMethod.php(96): Illuminate/Container/Util::unwrapIfClosure(Object(Closure))
#18 D:/0_Project_VS_Code/3. Sistem Basis Data/TB-K1-Database/lapak_gaming/vendor/laravel/framework/src/Illuminate/Container/BoundMethod.php(35): Illuminate/Container/BoundMethod::callBoundMethod(Object(Illuminate/Foundation/Application), Array, Object(Closure))
#19 D:/0_Project_VS_Code/3. Sistem Basis Data/TB-K1-Database/lapak_gaming/vendor/laravel/framework/src/Illuminate/Container/Container.php(799): Illuminate/Container/BoundMethod::call(Object(Illuminate/Foundation/Application), Array, Array, NULL)
#20 D:/0_Project_VS_Code/3. Sistem Basis Data/TB-K1-Database/lapak_gaming/vendor/laravel/framework/src/Illuminate/Console/Command.php(280): Illuminate/Container/Container->call(Array)
#21 D:/0_Project_VS_Code/3. Sistem Basis Data/TB-K1-Database/lapak_gaming/vendor/symfony/console/Command/Command.php(291): Illuminate/Console/Command->execute(Object(Symfony/Component/Console/Input/ArgvInput), Object(Illuminate/Console/OutputStyle))
#22 D:/0_Project_VS_Code/3. Sistem Basis Data/TB-K1-Database/lapak_gaming/vendor/laravel/framework/src/Illuminate/Console/Command.php(249): Symfony/Component/Console/Command/Command->run(Object(Symfony/Component/Console/Input/ArgvInput), Object(Illuminate/Console/OutputStyle))
#23 D:/0_Project_VS_Code/3. Sistem Basis Data/TB-K1-Database/lapak_gaming/vendor/symfony/console/Application.php(1107): Illuminate/Console/Command->run(Object(Symfony/Component/Console/Input/ArgvInput), Object(Symfony/Component/Console/Output/ConsoleOutput))
#24 D:/0_Project_VS_Code/3. Sistem Basis Data/TB-K1-Database/lapak_gaming/vendor/symfony/console/Application.php(356): Symfony/Component/Console/Application->doRunCommand(Object(Illuminate/Queue/Console/WorkCommand), Object(Symfony/Component/Console/Input/ArgvInput), Object(Symfony/Component/Console/Output/ConsoleOutput))
#25 D:/0_Project_VS_Code/3. Sistem Basis Data/TB-K1-Database/lapak_gaming/vendor/symfony/console/Application.php(195): Symfony/Component/Console/Application->doRun(Object(Symfony/Component/Console/Input/ArgvInput), Object(Symfony/Component/Console/Output/ConsoleOutput))
#26 D:/0_Project_VS_Code/3. Sistem Basis Data/TB-K1-Database/lapak_gaming/vendor/laravel/framework/src/Illuminate/Foundation/Console/Kernel.php(198): Symfony/Component/Console/Application->run(Object(Symfony/Component/Console/Input/ArgvInput), Object(Symfony/Component/Console/Output/ConsoleOutput))
#27 D:/0_Project_VS_Code/3. Sistem Basis Data/TB-K1-Database/lapak_gaming/vendor/laravel/framework/src/Illuminate/Foundation/Application.php(1235): Illuminate/Foundation/Console/Kernel->handle(Object(Symfony/Component/Console/Input/ArgvInput), Object(Symfony/Component/Console/Output/ConsoleOutput))
#28 D:/0_Project_VS_Code/3. Sistem Basis Data/TB-K1-Database/lapak_gaming/artisan(16): Illuminate/Foundation/Application->handleCommand(Object(Symfony/Component/Console/Input/ArgvInput))
#29 {main}

[previous exception] [object] (PDOException(code: 2002): SQLSTATE[HY000] [2002] No connection could be made because the target machine actively refused it at D:/0_Project_VS_Code/3. Sistem Basis Data/TB-K1-Database/lapak_gaming/vendor/laravel/framework/src/Illuminate/Database/Connectors/Connector.php:67)
[stacktrace]
#0 D:/0_Project_VS_Code/3. Sistem Basis Data/TB-K1-Database/lapak_gaming/vendor/laravel/framework/src/Illuminate/Database/Connectors/Connector.php(67): PDO::connect('mysql:host=127....', 'root', Object(SensitiveParameterValue), Array)
#1 D:/0_Project_VS_Code/3. Sistem Basis Data/TB-K1-Database/lapak_gaming/vendor/laravel/framework/src/Illuminate/Database/Connectors/Connector.php(85): Illuminate/Database/Connectors/Connector->createPdoConnection('mysql:host=127....', 'root', Object(SensitiveParameterValue), Array)
#2 D:/0_Project_VS_Code/3. Sistem Basis Data/TB-K1-Database/lapak_gaming/vendor/laravel/framework/src/Illuminate/Database/Connectors/Connector.php(48): Illuminate/Database/Connectors/Connector->tryAgainIfCausedByLostConnection(Object(PDOException), 'mysql:host=127....', 'root', Object(SensitiveParameterValue), Array)
#3 D:/0_Project_VS_Code/3. Sistem Basis Data/TB-K1-Database/lapak_gaming/vendor/laravel/framework/src/Illuminate/Database/Connectors/MySqlConnector.php(24): Illuminate/Database/Connectors/Connector->createConnection('mysql:host=127....', Array, Array)
#4 D:/0_Project_VS_Code/3. Sistem Basis Data/TB-K1-Database/lapak_gaming/vendor/laravel/framework/src/Illuminate/Database/Connectors/ConnectionFactory.php(186): Illuminate/Database/Connectors/MySqlConnector->connect(Array)
#5 [internal function]: Illuminate/Database/Connectors/ConnectionFactory->{closure:Illuminate/Database/Connectors/ConnectionFactory::createPdoResolverWithHosts():181}()
#6 D:/0_Project_VS_Code/3. Sistem Basis Data/TB-K1-Database/lapak_gaming/vendor/laravel/framework/src/Illuminate/Database/Connection.php(1279): call_user_func(Object(Closure))
#7 D:/0_Project_VS_Code/3. Sistem Basis Data/TB-K1-Database/lapak_gaming/vendor/laravel/framework/src/Illuminate/Database/Connection.php(1317): Illuminate/Database/Connection->getPdo()
#8 D:/0_Project_VS_Code/3. Sistem Basis Data/TB-K1-Database/lapak_gaming/vendor/laravel/framework/src/Illuminate/Database/Connection.php(528): Illuminate/Database/Connection->getReadPdo()
#9 D:/0_Project_VS_Code/3. Sistem Basis Data/TB-K1-Database/lapak_gaming/vendor/laravel/framework/src/Illuminate/Database/Connection.php(421): Illuminate/Database/Connection->getPdoForSelect(true)
#10 D:/0_Project_VS_Code/3. Sistem Basis Data/TB-K1-Database/lapak_gaming/vendor/laravel/framework/src/Illuminate/Database/Connection.php(830): Illuminate/Database/Connection->{closure:Illuminate/Database/Connection::select():412}('select * from `...', Array)
#11 D:/0_Project_VS_Code/3. Sistem Basis Data/TB-K1-Database/lapak_gaming/vendor/laravel/framework/src/Illuminate/Database/Connection.php(1021): Illuminate/Database/Connection->runQueryCallback('select * from `...', Array, Object(Closure))
#12 D:/0_Project_VS_Code/3. Sistem Basis Data/TB-K1-Database/lapak_gaming/vendor/laravel/framework/src/Illuminate/Database/Connection.php(1000): Illuminate/Database/Connection->tryAgainIfCausedByLostConnection(Object(Illuminate/Database/QueryException), 'select * from `...', Array, Object(Closure))
#13 D:/0_Project_VS_Code/3. Sistem Basis Data/TB-K1-Database/lapak_gaming/vendor/laravel/framework/src/Illuminate/Database/Connection.php(799): Illuminate/Database/Connection->handleQueryException(Object(Illuminate/Database/QueryException), 'select * from `...', Array, Object(Closure))
#14 D:/0_Project_VS_Code/3. Sistem Basis Data/TB-K1-Database/lapak_gaming/vendor/laravel/framework/src/Illuminate/Database/Connection.php(412): Illuminate/Database/Connection->run('select * from `...', Array, Object(Closure))
#15 D:/0_Project_VS_Code/3. Sistem Basis Data/TB-K1-Database/lapak_gaming/vendor/laravel/framework/src/Illuminate/Database/Query/Builder.php(3562): Illuminate/Database/Connection->select('select * from `...', Array, true, Array)
#16 D:/0_Project_VS_Code/3. Sistem Basis Data/TB-K1-Database/lapak_gaming/vendor/laravel/framework/src/Illuminate/Database/Query/Builder.php(3546): Illuminate/Database/Query/Builder->runSelect()
#17 D:/0_Project_VS_Code/3. Sistem Basis Data/TB-K1-Database/lapak_gaming/vendor/laravel/framework/src/Illuminate/Cache/DatabaseStore.php(142): Illuminate/Database/Query/Builder->get()
#18 D:/0_Project_VS_Code/3. Sistem Basis Data/TB-K1-Database/lapak_gaming/vendor/laravel/framework/src/Illuminate/Cache/DatabaseStore.php(117): Illuminate/Cache/DatabaseStore->many(Array)
#19 D:/0_Project_VS_Code/3. Sistem Basis Data/TB-K1-Database/lapak_gaming/vendor/laravel/framework/src/Illuminate/Cache/Repository.php(124): Illuminate/Cache/DatabaseStore->get('illuminate:queu...')
#20 D:/0_Project_VS_Code/3. Sistem Basis Data/TB-K1-Database/lapak_gaming/vendor/laravel/framework/src/Illuminate/Queue/QueueManager.php(282): Illuminate/Cache/Repository->get('illuminate:queu...', false)
#21 D:/0_Project_VS_Code/3. Sistem Basis Data/TB-K1-Database/lapak_gaming/vendor/laravel/framework/src/Illuminate/Queue/Worker.php(428): Illuminate/Queue/QueueManager->isPaused('database', 'default')
#22 D:/0_Project_VS_Code/3. Sistem Basis Data/TB-K1-Database/lapak_gaming/vendor/laravel/framework/src/Illuminate/Queue/Worker.php(396): Illuminate/Queue/Worker->queuePaused('database', 'default')
#23 D:/0_Project_VS_Code/3. Sistem Basis Data/TB-K1-Database/lapak_gaming/vendor/laravel/framework/src/Illuminate/Queue/Worker.php(357): Illuminate/Queue/Worker->getNextJob(Object(Illuminate/Queue/DatabaseQueue), 'default')
#24 D:/0_Project_VS_Code/3. Sistem Basis Data/TB-K1-Database/lapak_gaming/vendor/laravel/framework/src/Illuminate/Queue/Console/WorkCommand.php(148): Illuminate/Queue/Worker->runNextJob('database', 'default', Object(Illuminate/Queue/WorkerOptions))
#25 D:/0_Project_VS_Code/3. Sistem Basis Data/TB-K1-Database/lapak_gaming/vendor/laravel/framework/src/Illuminate/Queue/Console/WorkCommand.php(131): Illuminate/Queue/Console/WorkCommand->runWorker('database', 'default')
#26 D:/0_Project_VS_Code/3. Sistem Basis Data/TB-K1-Database/lapak_gaming/vendor/laravel/framework/src/Illuminate/Container/BoundMethod.php(36): Illuminate/Queue/Console/WorkCommand->handle()
#27 D:/0_Project_VS_Code/3. Sistem Basis Data/TB-K1-Database/lapak_gaming/vendor/laravel/framework/src/Illuminate/Container/Util.php(43): Illuminate/Container/BoundMethod::{closure:Illuminate/Container/BoundMethod::call():35}()
#28 D:/0_Project_VS_Code/3. Sistem Basis Data/TB-K1-Database/lapak_gaming/vendor/laravel/framework/src/Illuminate/Container/BoundMethod.php(96): Illuminate/Container/Util::unwrapIfClosure(Object(Closure))
#29 D:/0_Project_VS_Code/3. Sistem Basis Data/TB-K1-Database/lapak_gaming/vendor/laravel/framework/src/Illuminate/Container/BoundMethod.php(35): Illuminate/Container/BoundMethod::callBoundMethod(Object(Illuminate/Foundation/Application), Array, Object(Closure))
#30 D:/0_Project_VS_Code/3. Sistem Basis Data/TB-K1-Database/lapak_gaming/vendor/laravel/framework/src/Illuminate/Container/Container.php(799): Illuminate/Container/BoundMethod::call(Object(Illuminate/Foundation/Application), Array, Array, NULL)
#31 D:/0_Project_VS_Code/3. Sistem Basis Data/TB-K1-Database/lapak_gaming/vendor/laravel/framework/src/Illuminate/Console/Command.php(280): Illuminate/Container/Container->call(Array)
#32 D:/0_Project_VS_Code/3. Sistem Basis Data/TB-K1-Database/lapak_gaming/vendor/symfony/console/Command/Command.php(291): Illuminate/Console/Command->execute(Object(Symfony/Component/Console/Input/ArgvInput), Object(Illuminate/Console/OutputStyle))
#33 D:/0_Project_VS_Code/3. Sistem Basis Data/TB-K1-Database/lapak_gaming/vendor/laravel/framework/src/Illuminate/Console/Command.php(249): Symfony/Component/Console/Command/Command->run(Object(Symfony/Component/Console/Input/ArgvInput), Object(Illuminate/Console/OutputStyle))
#34 D:/0_Project_VS_Code/3. Sistem Basis Data/TB-K1-Database/lapak_gaming/vendor/symfony/console/Application.php(1107): Illuminate/Console/Command->run(Object(Symfony/Component/Console/Input/ArgvInput), Object(Symfony/Component/Console/Output/ConsoleOutput))
#35 D:/0_Project_VS_Code/3. Sistem Basis Data/TB-K1-Database/lapak_gaming/vendor/symfony/console/Application.php(356): Symfony/Component/Console/Application->doRunCommand(Object(Illuminate/Queue/Console/WorkCommand), Object(Symfony/Component/Console/Input/ArgvInput), Object(Symfony/Component/Console/Output/ConsoleOutput))
#36 D:/0_Project_VS_Code/3. Sistem Basis Data/TB-K1-Database/lapak_gaming/vendor/symfony/console/Application.php(195): Symfony/Component/Console/Application->doRun(Object(Symfony/Component/Console/Input/ArgvInput), Object(Symfony/Component/Console/Output/ConsoleOutput))
#37 D:/0_Project_VS_Code/3. Sistem Basis Data/TB-K1-Database/lapak_gaming/vendor/laravel/framework/src/Illuminate/Foundation/Console/Kernel.php(198): Symfony/Component/Console/Application->run(Object(Symfony/Component/Console/Input/ArgvInput), Object(Symfony/Component/Console/Output/ConsoleOutput))
#38 D:/0_Project_VS_Code/3. Sistem Basis Data/TB-K1-Database/lapak_gaming/vendor/laravel/framework/src/Illuminate/Foundation/Application.php(1235): Illuminate/Foundation/Console/Kernel->handle(Object(Symfony/Component/Console/Input/ArgvInput), Object(Symfony/Component/Console/Output/ConsoleOutput))
#39 D:/0_Project_VS_Code/3. Sistem Basis Data/TB-K1-Database/lapak_gaming/artisan(16): Illuminate/Foundation/Application->handleCommand(Object(Symfony/Component/Console/Input/ArgvInput))
#40 {main}
"} 
[2026-04-01 06:22:57] local.ERROR: SQLSTATE[HY000] [2002] No connection could be made because the target machine actively refused it (Connection: mysql, Host: 127.0.0.1, Port: 3306, Database: lapak_gaming, SQL: select * from `cache` where `key` in (laravel-cache-illuminate:queue:paused:database:default)) {"exception":"[object] (Illuminate\\Database\\QueryException(code: 2002): SQLSTATE[HY000] [2002] No connection could be made because the target machine actively refused it (Connection: mysql, Host: 127.0.0.1, Port: 3306, Database: lapak_gaming, SQL: select * from `cache` where `key` in (laravel-cache-illuminate:queue:paused:database:default)) at D:/0_Project_VS_Code/3. Sistem Basis Data/TB-K1-Database/lapak_gaming/vendor/laravel/framework/src/Illuminate/Database/Connection.php:841)
[stacktrace]
#0 D:/0_Project_VS_Code/3. Sistem Basis Data/TB-K1-Database/lapak_gaming/vendor/laravel/framework/src/Illuminate/Database/Connection.php(1021): Illuminate/Database/Connection->runQueryCallback('select * from `...', Array, Object(Closure))
#1 D:/0_Project_VS_Code/3. Sistem Basis Data/TB-K1-Database/lapak_gaming/vendor/laravel/framework/src/Illuminate/Database/Connection.php(1000): Illuminate/Database/Connection->tryAgainIfCausedByLostConnection(Object(Illuminate/Database/QueryException), 'select * from `...', Array, Object(Closure))
#2 D:/0_Project_VS_Code/3. Sistem Basis Data/TB-K1-Database/lapak_gaming/vendor/laravel/framework/src/Illuminate/Database/Connection.php(799): Illuminate/Database/Connection->handleQueryException(Object(Illuminate/Database/QueryException), 'select * from `...', Array, Object(Closure))
#3 D:/0_Project_VS_Code/3. Sistem Basis Data/TB-K1-Database/lapak_gaming/vendor/laravel/framework/src/Illuminate/Database/Connection.php(412): Illuminate/Database/Connection->run('select * from `...', Array, Object(Closure))
#4 D:/0_Project_VS_Code/3. Sistem Basis Data/TB-K1-Database/lapak_gaming/vendor/laravel/framework/src/Illuminate/Database/Query/Builder.php(3562): Illuminate/Database/Connection->select('select * from `...', Array, true, Array)
#5 D:/0_Project_VS_Code/3. Sistem Basis Data/TB-K1-Database/lapak_gaming/vendor/laravel/framework/src/Illuminate/Database/Query/Builder.php(3546): Illuminate/Database/Query/Builder->runSelect()
#6 D:/0_Project_VS_Code/3. Sistem Basis Data/TB-K1-Database/lapak_gaming/vendor/laravel/framework/src/Illuminate/Cache/DatabaseStore.php(142): Illuminate/Database/Query/Builder->get()
#7 D:/0_Project_VS_Code/3. Sistem Basis Data/TB-K1-Database/lapak_gaming/vendor/laravel/framework/src/Illuminate/Cache/DatabaseStore.php(117): Illuminate/Cache/DatabaseStore->many(Array)
#8 D:/0_Project_VS_Code/3. Sistem Basis Data/TB-K1-Database/lapak_gaming/vendor/laravel/framework/src/Illuminate/Cache/Repository.php(124): Illuminate/Cache/DatabaseStore->get('illuminate:queu...')
#9 D:/0_Project_VS_Code/3. Sistem Basis Data/TB-K1-Database/lapak_gaming/vendor/laravel/framework/src/Illuminate/Queue/QueueManager.php(282): Illuminate/Cache/Repository->get('illuminate:queu...', false)
#10 D:/0_Project_VS_Code/3. Sistem Basis Data/TB-K1-Database/lapak_gaming/vendor/laravel/framework/src/Illuminate/Queue/Worker.php(428): Illuminate/Queue/QueueManager->isPaused('database', 'default')
#11 D:/0_Project_VS_Code/3. Sistem Basis Data/TB-K1-Database/lapak_gaming/vendor/laravel/framework/src/Illuminate/Queue/Worker.php(396): Illuminate/Queue/Worker->queuePaused('database', 'default')
#12 D:/0_Project_VS_Code/3. Sistem Basis Data/TB-K1-Database/lapak_gaming/vendor/laravel/framework/src/Illuminate/Queue/Worker.php(357): Illuminate/Queue/Worker->getNextJob(Object(Illuminate/Queue/DatabaseQueue), 'default')
#13 D:/0_Project_VS_Code/3. Sistem Basis Data/TB-K1-Database/lapak_gaming/vendor/laravel/framework/src/Illuminate/Queue/Console/WorkCommand.php(148): Illuminate/Queue/Worker->runNextJob('database', 'default', Object(Illuminate/Queue/WorkerOptions))
#14 D:/0_Project_VS_Code/3. Sistem Basis Data/TB-K1-Database/lapak_gaming/vendor/laravel/framework/src/Illuminate/Queue/Console/WorkCommand.php(131): Illuminate/Queue/Console/WorkCommand->runWorker('database', 'default')
#15 D:/0_Project_VS_Code/3. Sistem Basis Data/TB-K1-Database/lapak_gaming/vendor/laravel/framework/src/Illuminate/Container/BoundMethod.php(36): Illuminate/Queue/Console/WorkCommand->handle()
#16 D:/0_Project_VS_Code/3. Sistem Basis Data/TB-K1-Database/lapak_gaming/vendor/laravel/framework/src/Illuminate/Container/Util.php(43): Illuminate/Container/BoundMethod::{closure:Illuminate/Container/BoundMethod::call():35}()
#17 D:/0_Project_VS_Code/3. Sistem Basis Data/TB-K1-Database/lapak_gaming/vendor/laravel/framework/src/Illuminate/Container/BoundMethod.php(96): Illuminate/Container/Util::unwrapIfClosure(Object(Closure))
#18 D:/0_Project_VS_Code/3. Sistem Basis Data/TB-K1-Database/lapak_gaming/vendor/laravel/framework/src/Illuminate/Container/BoundMethod.php(35): Illuminate/Container/BoundMethod::callBoundMethod(Object(Illuminate/Foundation/Application), Array, Object(Closure))
#19 D:/0_Project_VS_Code/3. Sistem Basis Data/TB-K1-Database/lapak_gaming/vendor/laravel/framework/src/Illuminate/Container/Container.php(799): Illuminate/Container/BoundMethod::call(Object(Illuminate/Foundation/Application), Array, Array, NULL)
#20 D:/0_Project_VS_Code/3. Sistem Basis Data/TB-K1-Database/lapak_gaming/vendor/laravel/framework/src/Illuminate/Console/Command.php(280): Illuminate/Container/Container->call(Array)
#21 D:/0_Project_VS_Code/3. Sistem Basis Data/TB-K1-Database/lapak_gaming/vendor/symfony/console/Command/Command.php(291): Illuminate/Console/Command->execute(Object(Symfony/Component/Console/Input/ArgvInput), Object(Illuminate/Console/OutputStyle))
#22 D:/0_Project_VS_Code/3. Sistem Basis Data/TB-K1-Database/lapak_gaming/vendor/laravel/framework/src/Illuminate/Console/Command.php(249): Symfony/Component/Console/Command/Command->run(Object(Symfony/Component/Console/Input/ArgvInput), Object(Illuminate/Console/OutputStyle))
#23 D:/0_Project_VS_Code/3. Sistem Basis Data/TB-K1-Database/lapak_gaming/vendor/symfony/console/Application.php(1107): Illuminate/Console/Command->run(Object(Symfony/Component/Console/Input/ArgvInput), Object(Symfony/Component/Console/Output/ConsoleOutput))
#24 D:/0_Project_VS_Code/3. Sistem Basis Data/TB-K1-Database/lapak_gaming/vendor/symfony/console/Application.php(356): Symfony/Component/Console/Application->doRunCommand(Object(Illuminate/Queue/Console/WorkCommand), Object(Symfony/Component/Console/Input/ArgvInput), Object(Symfony/Component/Console/Output/ConsoleOutput))
#25 D:/0_Project_VS_Code/3. Sistem Basis Data/TB-K1-Database/lapak_gaming/vendor/symfony/console/Application.php(195): Symfony/Component/Console/Application->doRun(Object(Symfony/Component/Console/Input/ArgvInput), Object(Symfony/Component/Console/Output/ConsoleOutput))
#26 D:/0_Project_VS_Code/3. Sistem Basis Data/TB-K1-Database/lapak_gaming/vendor/laravel/framework/src/Illuminate/Foundation/Console/Kernel.php(198): Symfony/Component/Console/Application->run(Object(Symfony/Component/Console/Input/ArgvInput), Object(Symfony/Component/Console/Output/ConsoleOutput))
#27 D:/0_Project_VS_Code/3. Sistem Basis Data/TB-K1-Database/lapak_gaming/vendor/laravel/framework/src/Illuminate/Foundation/Application.php(1235): Illuminate/Foundation/Console/Kernel->handle(Object(Symfony/Component/Console/Input/ArgvInput), Object(Symfony/Component/Console/Output/ConsoleOutput))
#28 D:/0_Project_VS_Code/3. Sistem Basis Data/TB-K1-Database/lapak_gaming/artisan(16): Illuminate/Foundation/Application->handleCommand(Object(Symfony/Component/Console/Input/ArgvInput))
#29 {main}

[previous exception] [object] (PDOException(code: 2002): SQLSTATE[HY000] [2002] No connection could be made because the target machine actively refused it at D:/0_Project_VS_Code/3. Sistem Basis Data/TB-K1-Database/lapak_gaming/vendor/laravel/framework/src/Illuminate/Database/Connectors/Connector.php:67)
[stacktrace]
#0 D:/0_Project_VS_Code/3. Sistem Basis Data/TB-K1-Database/lapak_gaming/vendor/laravel/framework/src/Illuminate/Database/Connectors/Connector.php(67): PDO::connect('mysql:host=127....', 'root', Object(SensitiveParameterValue), Array)
#1 D:/0_Project_VS_Code/3. Sistem Basis Data/TB-K1-Database/lapak_gaming/vendor/laravel/framework/src/Illuminate/Database/Connectors/Connector.php(85): Illuminate/Database/Connectors/Connector->createPdoConnection('mysql:host=127....', 'root', Object(SensitiveParameterValue), Array)
#2 D:/0_Project_VS_Code/3. Sistem Basis Data/TB-K1-Database/lapak_gaming/vendor/laravel/framework/src/Illuminate/Database/Connectors/Connector.php(48): Illuminate/Database/Connectors/Connector->tryAgainIfCausedByLostConnection(Object(PDOException), 'mysql:host=127....', 'root', Object(SensitiveParameterValue), Array)
#3 D:/0_Project_VS_Code/3. Sistem Basis Data/TB-K1-Database/lapak_gaming/vendor/laravel/framework/src/Illuminate/Database/Connectors/MySqlConnector.php(24): Illuminate/Database/Connectors/Connector->createConnection('mysql:host=127....', Array, Array)
#4 D:/0_Project_VS_Code/3. Sistem Basis Data/TB-K1-Database/lapak_gaming/vendor/laravel/framework/src/Illuminate/Database/Connectors/ConnectionFactory.php(186): Illuminate/Database/Connectors/MySqlConnector->connect(Array)
#5 [internal function]: Illuminate/Database/Connectors/ConnectionFactory->{closure:Illuminate/Database/Connectors/ConnectionFactory::createPdoResolverWithHosts():181}()
#6 D:/0_Project_VS_Code/3. Sistem Basis Data/TB-K1-Database/lapak_gaming/vendor/laravel/framework/src/Illuminate/Database/Connection.php(1279): call_user_func(Object(Closure))
#7 D:/0_Project_VS_Code/3. Sistem Basis Data/TB-K1-Database/lapak_gaming/vendor/laravel/framework/src/Illuminate/Database/Connection.php(1317): Illuminate/Database/Connection->getPdo()
#8 D:/0_Project_VS_Code/3. Sistem Basis Data/TB-K1-Database/lapak_gaming/vendor/laravel/framework/src/Illuminate/Database/Connection.php(528): Illuminate/Database/Connection->getReadPdo()
#9 D:/0_Project_VS_Code/3. Sistem Basis Data/TB-K1-Database/lapak_gaming/vendor/laravel/framework/src/Illuminate/Database/Connection.php(421): Illuminate/Database/Connection->getPdoForSelect(true)
#10 D:/0_Project_VS_Code/3. Sistem Basis Data/TB-K1-Database/lapak_gaming/vendor/laravel/framework/src/Illuminate/Database/Connection.php(830): Illuminate/Database/Connection->{closure:Illuminate/Database/Connection::select():412}('select * from `...', Array)
#11 D:/0_Project_VS_Code/3. Sistem Basis Data/TB-K1-Database/lapak_gaming/vendor/laravel/framework/src/Illuminate/Database/Connection.php(1021): Illuminate/Database/Connection->runQueryCallback('select * from `...', Array, Object(Closure))
#12 D:/0_Project_VS_Code/3. Sistem Basis Data/TB-K1-Database/lapak_gaming/vendor/laravel/framework/src/Illuminate/Database/Connection.php(1000): Illuminate/Database/Connection->tryAgainIfCausedByLostConnection(Object(Illuminate/Database/QueryException), 'select * from `...', Array, Object(Closure))
#13 D:/0_Project_VS_Code/3. Sistem Basis Data/TB-K1-Database/lapak_gaming/vendor/laravel/framework/src/Illuminate/Database/Connection.php(799): Illuminate/Database/Connection->handleQueryException(Object(Illuminate/Database/QueryException), 'select * from `...', Array, Object(Closure))
#14 D:/0_Project_VS_Code/3. Sistem Basis Data/TB-K1-Database/lapak_gaming/vendor/laravel/framework/src/Illuminate/Database/Connection.php(412): Illuminate/Database/Connection->run('select * from `...', Array, Object(Closure))
#15 D:/0_Project_VS_Code/3. Sistem Basis Data/TB-K1-Database/lapak_gaming/vendor/laravel/framework/src/Illuminate/Database/Query/Builder.php(3562): Illuminate/Database/Connection->select('select * from `...', Array, true, Array)
#16 D:/0_Project_VS_Code/3. Sistem Basis Data/TB-K1-Database/lapak_gaming/vendor/laravel/framework/src/Illuminate/Database/Query/Builder.php(3546): Illuminate/Database/Query/Builder->runSelect()
#17 D:/0_Project_VS_Code/3. Sistem Basis Data/TB-K1-Database/lapak_gaming/vendor/laravel/framework/src/Illuminate/Cache/DatabaseStore.php(142): Illuminate/Database/Query/Builder->get()
#18 D:/0_Project_VS_Code/3. Sistem Basis Data/TB-K1-Database/lapak_gaming/vendor/laravel/framework/src/Illuminate/Cache/DatabaseStore.php(117): Illuminate/Cache/DatabaseStore->many(Array)
#19 D:/0_Project_VS_Code/3. Sistem Basis Data/TB-K1-Database/lapak_gaming/vendor/laravel/framework/src/Illuminate/Cache/Repository.php(124): Illuminate/Cache/DatabaseStore->get('illuminate:queu...')
#20 D:/0_Project_VS_Code/3. Sistem Basis Data/TB-K1-Database/lapak_gaming/vendor/laravel/framework/src/Illuminate/Queue/QueueManager.php(282): Illuminate/Cache/Repository->get('illuminate:queu...', false)
#21 D:/0_Project_VS_Code/3. Sistem Basis Data/TB-K1-Database/lapak_gaming/vendor/laravel/framework/src/Illuminate/Queue/Worker.php(428): Illuminate/Queue/QueueManager->isPaused('database', 'default')
#22 D:/0_Project_VS_Code/3. Sistem Basis Data/TB-K1-Database/lapak_gaming/vendor/laravel/framework/src/Illuminate/Queue/Worker.php(396): Illuminate/Queue/Worker->queuePaused('database', 'default')
#23 D:/0_Project_VS_Code/3. Sistem Basis Data/TB-K1-Database/lapak_gaming/vendor/laravel/framework/src/Illuminate/Queue/Worker.php(357): Illuminate/Queue/Worker->getNextJob(Object(Illuminate/Queue/DatabaseQueue), 'default')
#24 D:/0_Project_VS_Code/3. Sistem Basis Data/TB-K1-Database/lapak_gaming/vendor/laravel/framework/src/Illuminate/Queue/Console/WorkCommand.php(148): Illuminate/Queue/Worker->runNextJob('database', 'default', Object(Illuminate/Queue/WorkerOptions))
#25 D:/0_Project_VS_Code/3. Sistem Basis Data/TB-K1-Database/lapak_gaming/vendor/laravel/framework/src/Illuminate/Queue/Console/WorkCommand.php(131): Illuminate/Queue/Console/WorkCommand->runWorker('database', 'default')
#26 D:/0_Project_VS_Code/3. Sistem Basis Data/TB-K1-Database/lapak_gaming/vendor/laravel/framework/src/Illuminate/Container/BoundMethod.php(36): Illuminate/Queue/Console/WorkCommand->handle()
#27 D:/0_Project_VS_Code/3. Sistem Basis Data/TB-K1-Database/lapak_gaming/vendor/laravel/framework/src/Illuminate/Container/Util.php(43): Illuminate/Container/BoundMethod::{closure:Illuminate/Container/BoundMethod::call():35}()
#28 D:/0_Project_VS_Code/3. Sistem Basis Data/TB-K1-Database/lapak_gaming/vendor/laravel/framework/src/Illuminate/Container/BoundMethod.php(96): Illuminate/Container/Util::unwrapIfClosure(Object(Closure))
#29 D:/0_Project_VS_Code/3. Sistem Basis Data/TB-K1-Database/lapak_gaming/vendor/laravel/framework/src/Illuminate/Container/BoundMethod.php(35): Illuminate/Container/BoundMethod::callBoundMethod(Object(Illuminate/Foundation/Application), Array, Object(Closure))
#30 D:/0_Project_VS_Code/3. Sistem Basis Data/TB-K1-Database/lapak_gaming/vendor/laravel/framework/src/Illuminate/Container/Container.php(799): Illuminate/Container/BoundMethod::call(Object(Illuminate/Foundation/Application), Array, Array, NULL)
#31 D:/0_Project_VS_Code/3. Sistem Basis Data/TB-K1-Database/lapak_gaming/vendor/laravel/framework/src/Illuminate/Console/Command.php(280): Illuminate/Container/Container->call(Array)
#32 D:/0_Project_VS_Code/3. Sistem Basis Data/TB-K1-Database/lapak_gaming/vendor/symfony/console/Command/Command.php(291): Illuminate/Console/Command->execute(Object(Symfony/Component/Console/Input/ArgvInput), Object(Illuminate/Console/OutputStyle))
#33 D:/0_Project_VS_Code/3. Sistem Basis Data/TB-K1-Database/lapak_gaming/vendor/laravel/framework/src/Illuminate/Console/Command.php(249): Symfony/Component/Console/Command/Command->run(Object(Symfony/Component/Console/Input/ArgvInput), Object(Illuminate/Console/OutputStyle))
#34 D:/0_Project_VS_Code/3. Sistem Basis Data/TB-K1-Database/lapak_gaming/vendor/symfony/console/Application.php(1107): Illuminate/Console/Command->run(Object(Symfony/Component/Console/Input/ArgvInput), Object(Symfony/Component/Console/Output/ConsoleOutput))
#35 D:/0_Project_VS_Code/3. Sistem Basis Data/TB-K1-Database/lapak_gaming/vendor/symfony/console/Application.php(356): Symfony/Component/Console/Application->doRunCommand(Object(Illuminate/Queue/Console/WorkCommand), Object(Symfony/Component/Console/Input/ArgvInput), Object(Symfony/Component/Console/Output/ConsoleOutput))
#36 D:/0_Project_VS_Code/3. Sistem Basis Data/TB-K1-Database/lapak_gaming/vendor/symfony/console/Application.php(195): Symfony/Component/Console/Application->doRun(Object(Symfony/Component/Console/Input/ArgvInput), Object(Symfony/Component/Console/Output/ConsoleOutput))
#37 D:/0_Project_VS_Code/3. Sistem Basis Data/TB-K1-Database/lapak_gaming/vendor/laravel/framework/src/Illuminate/Foundation/Console/Kernel.php(198): Symfony/Component/Console/Application->run(Object(Symfony/Component/Console/Input/ArgvInput), Object(Symfony/Component/Console/Output/ConsoleOutput))
#38 D:/0_Project_VS_Code/3. Sistem Basis Data/TB-K1-Database/lapak_gaming/vendor/laravel/framework/src/Illuminate/Foundation/Application.php(1235): Illuminate/Foundation/Console/Kernel->handle(Object(Symfony/Component/Console/Input/ArgvInput), Object(Symfony/Component/Console/Output/ConsoleOutput))
#39 D:/0_Project_VS_Code/3. Sistem Basis Data/TB-K1-Database/lapak_gaming/artisan(16): Illuminate/Foundation/Application->handleCommand(Object(Symfony/Component/Console/Input/ArgvInput))
#40 {main}
"} 
[2026-04-01 06:23:09] local.ERROR: SQLSTATE[HY000] [2002] No connection could be made because the target machine actively refused it (Connection: mysql, Host: 127.0.0.1, Port: 3306, Database: lapak_gaming, SQL: select * from `cache` where `key` in (laravel-cache-illuminate:queue:paused:database:default)) {"exception":"[object] (Illuminate\\Database\\QueryException(code: 2002): SQLSTATE[HY000] [2002] No connection could be made because the target machine actively refused it (Connection: mysql, Host: 127.0.0.1, Port: 3306, Database: lapak_gaming, SQL: select * from `cache` where `key` in (laravel-cache-illuminate:queue:paused:database:default)) at D:/0_Project_VS_Code/3. Sistem Basis Data/TB-K1-Database/lapak_gaming/vendor/laravel/framework/src/Illuminate/Database/Connection.php:841)
[stacktrace]
#0 D:/0_Project_VS_Code/3. Sistem Basis Data/TB-K1-Database/lapak_gaming/vendor/laravel/framework/src/Illuminate/Database/Connection.php(1021): Illuminate/Database/Connection->runQueryCallback('select * from `...', Array, Object(Closure))
#1 D:/0_Project_VS_Code/3. Sistem Basis Data/TB-K1-Database/lapak_gaming/vendor/laravel/framework/src/Illuminate/Database/Connection.php(1000): Illuminate/Database/Connection->tryAgainIfCausedByLostConnection(Object(Illuminate/Database/QueryException), 'select * from `...', Array, Object(Closure))
#2 D:/0_Project_VS_Code/3. Sistem Basis Data/TB-K1-Database/lapak_gaming/vendor/laravel/framework/src/Illuminate/Database/Connection.php(799): Illuminate/Database/Connection->handleQueryException(Object(Illuminate/Database/QueryException), 'select * from `...', Array, Object(Closure))
#3 D:/0_Project_VS_Code/3. Sistem Basis Data/TB-K1-Database/lapak_gaming/vendor/laravel/framework/src/Illuminate/Database/Connection.php(412): Illuminate/Database/Connection->run('select * from `...', Array, Object(Closure))
#4 D:/0_Project_VS_Code/3. Sistem Basis Data/TB-K1-Database/lapak_gaming/vendor/laravel/framework/src/Illuminate/Database/Query/Builder.php(3562): Illuminate/Database/Connection->select('select * from `...', Array, true, Array)
#5 D:/0_Project_VS_Code/3. Sistem Basis Data/TB-K1-Database/lapak_gaming/vendor/laravel/framework/src/Illuminate/Database/Query/Builder.php(3546): Illuminate/Database/Query/Builder->runSelect()
#6 D:/0_Project_VS_Code/3. Sistem Basis Data/TB-K1-Database/lapak_gaming/vendor/laravel/framework/src/Illuminate/Cache/DatabaseStore.php(142): Illuminate/Database/Query/Builder->get()
#7 D:/0_Project_VS_Code/3. Sistem Basis Data/TB-K1-Database/lapak_gaming/vendor/laravel/framework/src/Illuminate/Cache/DatabaseStore.php(117): Illuminate/Cache/DatabaseStore->many(Array)
#8 D:/0_Project_VS_Code/3. Sistem Basis Data/TB-K1-Database/lapak_gaming/vendor/laravel/framework/src/Illuminate/Cache/Repository.php(124): Illuminate/Cache/DatabaseStore->get('illuminate:queu...')
#9 D:/0_Project_VS_Code/3. Sistem Basis Data/TB-K1-Database/lapak_gaming/vendor/laravel/framework/src/Illuminate/Queue/QueueManager.php(282): Illuminate/Cache/Repository->get('illuminate:queu...', false)
#10 D:/0_Project_VS_Code/3. Sistem Basis Data/TB-K1-Database/lapak_gaming/vendor/laravel/framework/src/Illuminate/Queue/Worker.php(428): Illuminate/Queue/QueueManager->isPaused('database', 'default')
#11 D:/0_Project_VS_Code/3. Sistem Basis Data/TB-K1-Database/lapak_gaming/vendor/laravel/framework/src/Illuminate/Queue/Worker.php(396): Illuminate/Queue/Worker->queuePaused('database', 'default')
#12 D:/0_Project_VS_Code/3. Sistem Basis Data/TB-K1-Database/lapak_gaming/vendor/laravel/framework/src/Illuminate/Queue/Worker.php(357): Illuminate/Queue/Worker->getNextJob(Object(Illuminate/Queue/DatabaseQueue), 'default')
#13 D:/0_Project_VS_Code/3. Sistem Basis Data/TB-K1-Database/lapak_gaming/vendor/laravel/framework/src/Illuminate/Queue/Console/WorkCommand.php(148): Illuminate/Queue/Worker->runNextJob('database', 'default', Object(Illuminate/Queue/WorkerOptions))
#14 D:/0_Project_VS_Code/3. Sistem Basis Data/TB-K1-Database/lapak_gaming/vendor/laravel/framework/src/Illuminate/Queue/Console/WorkCommand.php(131): Illuminate/Queue/Console/WorkCommand->runWorker('database', 'default')
#15 D:/0_Project_VS_Code/3. Sistem Basis Data/TB-K1-Database/lapak_gaming/vendor/laravel/framework/src/Illuminate/Container/BoundMethod.php(36): Illuminate/Queue/Console/WorkCommand->handle()
#16 D:/0_Project_VS_Code/3. Sistem Basis Data/TB-K1-Database/lapak_gaming/vendor/laravel/framework/src/Illuminate/Container/Util.php(43): Illuminate/Container/BoundMethod::{closure:Illuminate/Container/BoundMethod::call():35}()
#17 D:/0_Project_VS_Code/3. Sistem Basis Data/TB-K1-Database/lapak_gaming/vendor/laravel/framework/src/Illuminate/Container/BoundMethod.php(96): Illuminate/Container/Util::unwrapIfClosure(Object(Closure))
#18 D:/0_Project_VS_Code/3. Sistem Basis Data/TB-K1-Database/lapak_gaming/vendor/laravel/framework/src/Illuminate/Container/BoundMethod.php(35): Illuminate/Container/BoundMethod::callBoundMethod(Object(Illuminate/Foundation/Application), Array, Object(Closure))
#19 D:/0_Project_VS_Code/3. Sistem Basis Data/TB-K1-Database/lapak_gaming/vendor/laravel/framework/src/Illuminate/Container/Container.php(799): Illuminate/Container/BoundMethod::call(Object(Illuminate/Foundation/Application), Array, Array, NULL)
#20 D:/0_Project_VS_Code/3. Sistem Basis Data/TB-K1-Database/lapak_gaming/vendor/laravel/framework/src/Illuminate/Console/Command.php(280): Illuminate/Container/Container->call(Array)
#21 D:/0_Project_VS_Code/3. Sistem Basis Data/TB-K1-Database/lapak_gaming/vendor/symfony/console/Command/Command.php(291): Illuminate/Console/Command->execute(Object(Symfony/Component/Console/Input/ArgvInput), Object(Illuminate/Console/OutputStyle))
#22 D:/0_Project_VS_Code/3. Sistem Basis Data/TB-K1-Database/lapak_gaming/vendor/laravel/framework/src/Illuminate/Console/Command.php(249): Symfony/Component/Console/Command/Command->run(Object(Symfony/Component/Console/Input/ArgvInput), Object(Illuminate/Console/OutputStyle))
#23 D:/0_Project_VS_Code/3. Sistem Basis Data/TB-K1-Database/lapak_gaming/vendor/symfony/console/Application.php(1107): Illuminate/Console/Command->run(Object(Symfony/Component/Console/Input/ArgvInput), Object(Symfony/Component/Console/Output/ConsoleOutput))
#24 D:/0_Project_VS_Code/3. Sistem Basis Data/TB-K1-Database/lapak_gaming/vendor/symfony/console/Application.php(356): Symfony/Component/Console/Application->doRunCommand(Object(Illuminate/Queue/Console/WorkCommand), Object(Symfony/Component/Console/Input/ArgvInput), Object(Symfony/Component/Console/Output/ConsoleOutput))
#25 D:/0_Project_VS_Code/3. Sistem Basis Data/TB-K1-Database/lapak_gaming/vendor/symfony/console/Application.php(195): Symfony/Component/Console/Application->doRun(Object(Symfony/Component/Console/Input/ArgvInput), Object(Symfony/Component/Console/Output/ConsoleOutput))
#26 D:/0_Project_VS_Code/3. Sistem Basis Data/TB-K1-Database/lapak_gaming/vendor/laravel/framework/src/Illuminate/Foundation/Console/Kernel.php(198): Symfony/Component/Console/Application->run(Object(Symfony/Component/Console/Input/ArgvInput), Object(Symfony/Component/Console/Output/ConsoleOutput))
#27 D:/0_Project_VS_Code/3. Sistem Basis Data/TB-K1-Database/lapak_gaming/vendor/laravel/framework/src/Illuminate/Foundation/Application.php(1235): Illuminate/Foundation/Console/Kernel->handle(Object(Symfony/Component/Console/Input/ArgvInput), Object(Symfony/Component/Console/Output/ConsoleOutput))
#28 D:/0_Project_VS_Code/3. Sistem Basis Data/TB-K1-Database/lapak_gaming/artisan(16): Illuminate/Foundation/Application->handleCommand(Object(Symfony/Component/Console/Input/ArgvInput))
#29 {main}

[previous exception] [object] (PDOException(code: 2002): SQLSTATE[HY000] [2002] No connection could be made because the target machine actively refused it at D:/0_Project_VS_Code/3. Sistem Basis Data/TB-K1-Database/lapak_gaming/vendor/laravel/framework/src/Illuminate/Database/Connectors/Connector.php:67)
[stacktrace]
#0 D:/0_Project_VS_Code/3. Sistem Basis Data/TB-K1-Database/lapak_gaming/vendor/laravel/framework/src/Illuminate/Database/Connectors/Connector.php(67): PDO::connect('mysql:host=127....', 'root', Object(SensitiveParameterValue), Array)
#1 D:/0_Project_VS_Code/3. Sistem Basis Data/TB-K1-Database/lapak_gaming/vendor/laravel/framework/src/Illuminate/Database/Connectors/Connector.php(85): Illuminate/Database/Connectors/Connector->createPdoConnection('mysql:host=127....', 'root', Object(SensitiveParameterValue), Array)
#2 D:/0_Project_VS_Code/3. Sistem Basis Data/TB-K1-Database/lapak_gaming/vendor/laravel/framework/src/Illuminate/Database/Connectors/Connector.php(48): Illuminate/Database/Connectors/Connector->tryAgainIfCausedByLostConnection(Object(PDOException), 'mysql:host=127....', 'root', Object(SensitiveParameterValue), Array)
#3 D:/0_Project_VS_Code/3. Sistem Basis Data/TB-K1-Database/lapak_gaming/vendor/laravel/framework/src/Illuminate/Database/Connectors/MySqlConnector.php(24): Illuminate/Database/Connectors/Connector->createConnection('mysql:host=127....', Array, Array)
#4 D:/0_Project_VS_Code/3. Sistem Basis Data/TB-K1-Database/lapak_gaming/vendor/laravel/framework/src/Illuminate/Database/Connectors/ConnectionFactory.php(186): Illuminate/Database/Connectors/MySqlConnector->connect(Array)
#5 [internal function]: Illuminate/Database/Connectors/ConnectionFactory->{closure:Illuminate/Database/Connectors/ConnectionFactory::createPdoResolverWithHosts():181}()
#6 D:/0_Project_VS_Code/3. Sistem Basis Data/TB-K1-Database/lapak_gaming/vendor/laravel/framework/src/Illuminate/Database/Connection.php(1279): call_user_func(Object(Closure))
#7 D:/0_Project_VS_Code/3. Sistem Basis Data/TB-K1-Database/lapak_gaming/vendor/laravel/framework/src/Illuminate/Database/Connection.php(1317): Illuminate/Database/Connection->getPdo()
#8 D:/0_Project_VS_Code/3. Sistem Basis Data/TB-K1-Database/lapak_gaming/vendor/laravel/framework/src/Illuminate/Database/Connection.php(528): Illuminate/Database/Connection->getReadPdo()
#9 D:/0_Project_VS_Code/3. Sistem Basis Data/TB-K1-Database/lapak_gaming/vendor/laravel/framework/src/Illuminate/Database/Connection.php(421): Illuminate/Database/Connection->getPdoForSelect(true)
#10 D:/0_Project_VS_Code/3. Sistem Basis Data/TB-K1-Database/lapak_gaming/vendor/laravel/framework/src/Illuminate/Database/Connection.php(830): Illuminate/Database/Connection->{closure:Illuminate/Database/Connection::select():412}('select * from `...', Array)
#11 D:/0_Project_VS_Code/3. Sistem Basis Data/TB-K1-Database/lapak_gaming/vendor/laravel/framework/src/Illuminate/Database/Connection.php(1021): Illuminate/Database/Connection->runQueryCallback('select * from `...', Array, Object(Closure))
#12 D:/0_Project_VS_Code/3. Sistem Basis Data/TB-K1-Database/lapak_gaming/vendor/laravel/framework/src/Illuminate/Database/Connection.php(1000): Illuminate/Database/Connection->tryAgainIfCausedByLostConnection(Object(Illuminate/Database/QueryException), 'select * from `...', Array, Object(Closure))
#13 D:/0_Project_VS_Code/3. Sistem Basis Data/TB-K1-Database/lapak_gaming/vendor/laravel/framework/src/Illuminate/Database/Connection.php(799): Illuminate/Database/Connection->handleQueryException(Object(Illuminate/Database/QueryException), 'select * from `...', Array, Object(Closure))
#14 D:/0_Project_VS_Code/3. Sistem Basis Data/TB-K1-Database/lapak_gaming/vendor/laravel/framework/src/Illuminate/Database/Connection.php(412): Illuminate/Database/Connection->run('select * from `...', Array, Object(Closure))
#15 D:/0_Project_VS_Code/3. Sistem Basis Data/TB-K1-Database/lapak_gaming/vendor/laravel/framework/src/Illuminate/Database/Query/Builder.php(3562): Illuminate/Database/Connection->select('select * from `...', Array, true, Array)
#16 D:/0_Project_VS_Code/3. Sistem Basis Data/TB-K1-Database/lapak_gaming/vendor/laravel/framework/src/Illuminate/Database/Query/Builder.php(3546): Illuminate/Database/Query/Builder->runSelect()
#17 D:/0_Project_VS_Code/3. Sistem Basis Data/TB-K1-Database/lapak_gaming/vendor/laravel/framework/src/Illuminate/Cache/DatabaseStore.php(142): Illuminate/Database/Query/Builder->get()
#18 D:/0_Project_VS_Code/3. Sistem Basis Data/TB-K1-Database/lapak_gaming/vendor/laravel/framework/src/Illuminate/Cache/DatabaseStore.php(117): Illuminate/Cache/DatabaseStore->many(Array)
#19 D:/0_Project_VS_Code/3. Sistem Basis Data/TB-K1-Database/lapak_gaming/vendor/laravel/framework/src/Illuminate/Cache/Repository.php(124): Illuminate/Cache/DatabaseStore->get('illuminate:queu...')
#20 D:/0_Project_VS_Code/3. Sistem Basis Data/TB-K1-Database/lapak_gaming/vendor/laravel/framework/src/Illuminate/Queue/QueueManager.php(282): Illuminate/Cache/Repository->get('illuminate:queu...', false)
#21 D:/0_Project_VS_Code/3. Sistem Basis Data/TB-K1-Database/lapak_gaming/vendor/laravel/framework/src/Illuminate/Queue/Worker.php(428): Illuminate/Queue/QueueManager->isPaused('database', 'default')
#22 D:/0_Project_VS_Code/3. Sistem Basis Data/TB-K1-Database/lapak_gaming/vendor/laravel/framework/src/Illuminate/Queue/Worker.php(396): Illuminate/Queue/Worker->queuePaused('database', 'default')
#23 D:/0_Project_VS_Code/3. Sistem Basis Data/TB-K1-Database/lapak_gaming/vendor/laravel/framework/src/Illuminate/Queue/Worker.php(357): Illuminate/Queue/Worker->getNextJob(Object(Illuminate/Queue/DatabaseQueue), 'default')
#24 D:/0_Project_VS_Code/3. Sistem Basis Data/TB-K1-Database/lapak_gaming/vendor/laravel/framework/src/Illuminate/Queue/Console/WorkCommand.php(148): Illuminate/Queue/Worker->runNextJob('database', 'default', Object(Illuminate/Queue/WorkerOptions))
#25 D:/0_Project_VS_Code/3. Sistem Basis Data/TB-K1-Database/lapak_gaming/vendor/laravel/framework/src/Illuminate/Queue/Console/WorkCommand.php(131): Illuminate/Queue/Console/WorkCommand->runWorker('database', 'default')
#26 D:/0_Project_VS_Code/3. Sistem Basis Data/TB-K1-Database/lapak_gaming/vendor/laravel/framework/src/Illuminate/Container/BoundMethod.php(36): Illuminate/Queue/Console/WorkCommand->handle()
#27 D:/0_Project_VS_Code/3. Sistem Basis Data/TB-K1-Database/lapak_gaming/vendor/laravel/framework/src/Illuminate/Container/Util.php(43): Illuminate/Container/BoundMethod::{closure:Illuminate/Container/BoundMethod::call():35}()
#28 D:/0_Project_VS_Code/3. Sistem Basis Data/TB-K1-Database/lapak_gaming/vendor/laravel/framework/src/Illuminate/Container/BoundMethod.php(96): Illuminate/Container/Util::unwrapIfClosure(Object(Closure))
#29 D:/0_Project_VS_Code/3. Sistem Basis Data/TB-K1-Database/lapak_gaming/vendor/laravel/framework/src/Illuminate/Container/BoundMethod.php(35): Illuminate/Container/BoundMethod::callBoundMethod(Object(Illuminate/Foundation/Application), Array, Object(Closure))
#30 D:/0_Project_VS_Code/3. Sistem Basis Data/TB-K1-Database/lapak_gaming/vendor/laravel/framework/src/Illuminate/Container/Container.php(799): Illuminate/Container/BoundMethod::call(Object(Illuminate/Foundation/Application), Array, Array, NULL)
#31 D:/0_Project_VS_Code/3. Sistem Basis Data/TB-K1-Database/lapak_gaming/vendor/laravel/framework/src/Illuminate/Console/Command.php(280): Illuminate/Container/Container->call(Array)
#32 D:/0_Project_VS_Code/3. Sistem Basis Data/TB-K1-Database/lapak_gaming/vendor/symfony/console/Command/Command.php(291): Illuminate/Console/Command->execute(Object(Symfony/Component/Console/Input/ArgvInput), Object(Illuminate/Console/OutputStyle))
#33 D:/0_Project_VS_Code/3. Sistem Basis Data/TB-K1-Database/lapak_gaming/vendor/laravel/framework/src/Illuminate/Console/Command.php(249): Symfony/Component/Console/Command/Command->run(Object(Symfony/Component/Console/Input/ArgvInput), Object(Illuminate/Console/OutputStyle))
#34 D:/0_Project_VS_Code/3. Sistem Basis Data/TB-K1-Database/lapak_gaming/vendor/symfony/console/Application.php(1107): Illuminate/Console/Command->run(Object(Symfony/Component/Console/Input/ArgvInput), Object(Symfony/Component/Console/Output/ConsoleOutput))
#35 D:/0_Project_VS_Code/3. Sistem Basis Data/TB-K1-Database/lapak_gaming/vendor/symfony/console/Application.php(356): Symfony/Component/Console/Application->doRunCommand(Object(Illuminate/Queue/Console/WorkCommand), Object(Symfony/Component/Console/Input/ArgvInput), Object(Symfony/Component/Console/Output/ConsoleOutput))
#36 D:/0_Project_VS_Code/3. Sistem Basis Data/TB-K1-Database/lapak_gaming/vendor/symfony/console/Application.php(195): Symfony/Component/Console/Application->doRun(Object(Symfony/Component/Console/Input/ArgvInput), Object(Symfony/Component/Console/Output/ConsoleOutput))
#37 D:/0_Project_VS_Code/3. Sistem Basis Data/TB-K1-Database/lapak_gaming/vendor/laravel/framework/src/Illuminate/Foundation/Console/Kernel.php(198): Symfony/Component/Console/Application->run(Object(Symfony/Component/Console/Input/ArgvInput), Object(Symfony/Component/Console/Output/ConsoleOutput))
#38 D:/0_Project_VS_Code/3. Sistem Basis Data/TB-K1-Database/lapak_gaming/vendor/laravel/framework/src/Illuminate/Foundation/Application.php(1235): Illuminate/Foundation/Console/Kernel->handle(Object(Symfony/Component/Console/Input/ArgvInput), Object(Symfony/Component/Console/Output/ConsoleOutput))
#39 D:/0_Project_VS_Code/3. Sistem Basis Data/TB-K1-Database/lapak_gaming/artisan(16): Illuminate/Foundation/Application->handleCommand(Object(Symfony/Component/Console/Input/ArgvInput))
#40 {main}
"} 
[2026-04-01 06:23:22] local.ERROR: SQLSTATE[HY000] [2002] No connection could be made because the target machine actively refused it (Connection: mysql, Host: 127.0.0.1, Port: 3306, Database: lapak_gaming, SQL: select * from `cache` where `key` in (laravel-cache-illuminate:queue:paused:database:default)) {"exception":"[object] (Illuminate\\Database\\QueryException(code: 2002): SQLSTATE[HY000] [2002] No connection could be made because the target machine actively refused it (Connection: mysql, Host: 127.0.0.1, Port: 3306, Database: lapak_gaming, SQL: select * from `cache` where `key` in (laravel-cache-illuminate:queue:paused:database:default)) at D:/0_Project_VS_Code/3. Sistem Basis Data/TB-K1-Database/lapak_gaming/vendor/laravel/framework/src/Illuminate/Database/Connection.php:841)
[stacktrace]
#0 D:/0_Project_VS_Code/3. Sistem Basis Data/TB-K1-Database/lapak_gaming/vendor/laravel/framework/src/Illuminate/Database/Connection.php(1021): Illuminate/Database/Connection->runQueryCallback('select * from `...', Array, Object(Closure))
#1 D:/0_Project_VS_Code/3. Sistem Basis Data/TB-K1-Database/lapak_gaming/vendor/laravel/framework/src/Illuminate/Database/Connection.php(1000): Illuminate/Database/Connection->tryAgainIfCausedByLostConnection(Object(Illuminate/Database/QueryException), 'select * from `...', Array, Object(Closure))
#2 D:/0_Project_VS_Code/3. Sistem Basis Data/TB-K1-Database/lapak_gaming/vendor/laravel/framework/src/Illuminate/Database/Connection.php(799): Illuminate/Database/Connection->handleQueryException(Object(Illuminate/Database/QueryException), 'select * from `...', Array, Object(Closure))
#3 D:/0_Project_VS_Code/3. Sistem Basis Data/TB-K1-Database/lapak_gaming/vendor/laravel/framework/src/Illuminate/Database/Connection.php(412): Illuminate/Database/Connection->run('select * from `...', Array, Object(Closure))
#4 D:/0_Project_VS_Code/3. Sistem Basis Data/TB-K1-Database/lapak_gaming/vendor/laravel/framework/src/Illuminate/Database/Query/Builder.php(3562): Illuminate/Database/Connection->select('select * from `...', Array, true, Array)
#5 D:/0_Project_VS_Code/3. Sistem Basis Data/TB-K1-Database/lapak_gaming/vendor/laravel/framework/src/Illuminate/Database/Query/Builder.php(3546): Illuminate/Database/Query/Builder->runSelect()
#6 D:/0_Project_VS_Code/3. Sistem Basis Data/TB-K1-Database/lapak_gaming/vendor/laravel/framework/src/Illuminate/Cache/DatabaseStore.php(142): Illuminate/Database/Query/Builder->get()
#7 D:/0_Project_VS_Code/3. Sistem Basis Data/TB-K1-Database/lapak_gaming/vendor/laravel/framework/src/Illuminate/Cache/DatabaseStore.php(117): Illuminate/Cache/DatabaseStore->many(Array)
#8 D:/0_Project_VS_Code/3. Sistem Basis Data/TB-K1-Database/lapak_gaming/vendor/laravel/framework/src/Illuminate/Cache/Repository.php(124): Illuminate/Cache/DatabaseStore->get('illuminate:queu...')
#9 D:/0_Project_VS_Code/3. Sistem Basis Data/TB-K1-Database/lapak_gaming/vendor/laravel/framework/src/Illuminate/Queue/QueueManager.php(282): Illuminate/Cache/Repository->get('illuminate:queu...', false)
#10 D:/0_Project_VS_Code/3. Sistem Basis Data/TB-K1-Database/lapak_gaming/vendor/laravel/framework/src/Illuminate/Queue/Worker.php(428): Illuminate/Queue/QueueManager->isPaused('database', 'default')
#11 D:/0_Project_VS_Code/3. Sistem Basis Data/TB-K1-Database/lapak_gaming/vendor/laravel/framework/src/Illuminate/Queue/Worker.php(396): Illuminate/Queue/Worker->queuePaused('database', 'default')
#12 D:/0_Project_VS_Code/3. Sistem Basis Data/TB-K1-Database/lapak_gaming/vendor/laravel/framework/src/Illuminate/Queue/Worker.php(357): Illuminate/Queue/Worker->getNextJob(Object(Illuminate/Queue/DatabaseQueue), 'default')
#13 D:/0_Project_VS_Code/3. Sistem Basis Data/TB-K1-Database/lapak_gaming/vendor/laravel/framework/src/Illuminate/Queue/Console/WorkCommand.php(148): Illuminate/Queue/Worker->runNextJob('database', 'default', Object(Illuminate/Queue/WorkerOptions))
#14 D:/0_Project_VS_Code/3. Sistem Basis Data/TB-K1-Database/lapak_gaming/vendor/laravel/framework/src/Illuminate/Queue/Console/WorkCommand.php(131): Illuminate/Queue/Console/WorkCommand->runWorker('database', 'default')
#15 D:/0_Project_VS_Code/3. Sistem Basis Data/TB-K1-Database/lapak_gaming/vendor/laravel/framework/src/Illuminate/Container/BoundMethod.php(36): Illuminate/Queue/Console/WorkCommand->handle()
#16 D:/0_Project_VS_Code/3. Sistem Basis Data/TB-K1-Database/lapak_gaming/vendor/laravel/framework/src/Illuminate/Container/Util.php(43): Illuminate/Container/BoundMethod::{closure:Illuminate/Container/BoundMethod::call():35}()
#17 D:/0_Project_VS_Code/3. Sistem Basis Data/TB-K1-Database/lapak_gaming/vendor/laravel/framework/src/Illuminate/Container/BoundMethod.php(96): Illuminate/Container/Util::unwrapIfClosure(Object(Closure))
#18 D:/0_Project_VS_Code/3. Sistem Basis Data/TB-K1-Database/lapak_gaming/vendor/laravel/framework/src/Illuminate/Container/BoundMethod.php(35): Illuminate/Container/BoundMethod::callBoundMethod(Object(Illuminate/Foundation/Application), Array, Object(Closure))
#19 D:/0_Project_VS_Code/3. Sistem Basis Data/TB-K1-Database/lapak_gaming/vendor/laravel/framework/src/Illuminate/Container/Container.php(799): Illuminate/Container/BoundMethod::call(Object(Illuminate/Foundation/Application), Array, Array, NULL)
#20 D:/0_Project_VS_Code/3. Sistem Basis Data/TB-K1-Database/lapak_gaming/vendor/laravel/framework/src/Illuminate/Console/Command.php(280): Illuminate/Container/Container->call(Array)
#21 D:/0_Project_VS_Code/3. Sistem Basis Data/TB-K1-Database/lapak_gaming/vendor/symfony/console/Command/Command.php(291): Illuminate/Console/Command->execute(Object(Symfony/Component/Console/Input/ArgvInput), Object(Illuminate/Console/OutputStyle))
#22 D:/0_Project_VS_Code/3. Sistem Basis Data/TB-K1-Database/lapak_gaming/vendor/laravel/framework/src/Illuminate/Console/Command.php(249): Symfony/Component/Console/Command/Command->run(Object(Symfony/Component/Console/Input/ArgvInput), Object(Illuminate/Console/OutputStyle))
#23 D:/0_Project_VS_Code/3. Sistem Basis Data/TB-K1-Database/lapak_gaming/vendor/symfony/console/Application.php(1107): Illuminate/Console/Command->run(Object(Symfony/Component/Console/Input/ArgvInput), Object(Symfony/Component/Console/Output/ConsoleOutput))
#24 D:/0_Project_VS_Code/3. Sistem Basis Data/TB-K1-Database/lapak_gaming/vendor/symfony/console/Application.php(356): Symfony/Component/Console/Application->doRunCommand(Object(Illuminate/Queue/Console/WorkCommand), Object(Symfony/Component/Console/Input/ArgvInput), Object(Symfony/Component/Console/Output/ConsoleOutput))
#25 D:/0_Project_VS_Code/3. Sistem Basis Data/TB-K1-Database/lapak_gaming/vendor/symfony/console/Application.php(195): Symfony/Component/Console/Application->doRun(Object(Symfony/Component/Console/Input/ArgvInput), Object(Symfony/Component/Console/Output/ConsoleOutput))
#26 D:/0_Project_VS_Code/3. Sistem Basis Data/TB-K1-Database/lapak_gaming/vendor/laravel/framework/src/Illuminate/Foundation/Console/Kernel.php(198): Symfony/Component/Console/Application->run(Object(Symfony/Component/Console/Input/ArgvInput), Object(Symfony/Component/Console/Output/ConsoleOutput))
#27 D:/0_Project_VS_Code/3. Sistem Basis Data/TB-K1-Database/lapak_gaming/vendor/laravel/framework/src/Illuminate/Foundation/Application.php(1235): Illuminate/Foundation/Console/Kernel->handle(Object(Symfony/Component/Console/Input/ArgvInput), Object(Symfony/Component/Console/Output/ConsoleOutput))
#28 D:/0_Project_VS_Code/3. Sistem Basis Data/TB-K1-Database/lapak_gaming/artisan(16): Illuminate/Foundation/Application->handleCommand(Object(Symfony/Component/Console/Input/ArgvInput))
#29 {main}

[previous exception] [object] (PDOException(code: 2002): SQLSTATE[HY000] [2002] No connection could be made because the target machine actively refused it at D:/0_Project_VS_Code/3. Sistem Basis Data/TB-K1-Database/lapak_gaming/vendor/laravel/framework/src/Illuminate/Database/Connectors/Connector.php:67)
[stacktrace]
#0 D:/0_Project_VS_Code/3. Sistem Basis Data/TB-K1-Database/lapak_gaming/vendor/laravel/framework/src/Illuminate/Database/Connectors/Connector.php(67): PDO::connect('mysql:host=127....', 'root', Object(SensitiveParameterValue), Array)
#1 D:/0_Project_VS_Code/3. Sistem Basis Data/TB-K1-Database/lapak_gaming/vendor/laravel/framework/src/Illuminate/Database/Connectors/Connector.php(85): Illuminate/Database/Connectors/Connector->createPdoConnection('mysql:host=127....', 'root', Object(SensitiveParameterValue), Array)
#2 D:/0_Project_VS_Code/3. Sistem Basis Data/TB-K1-Database/lapak_gaming/vendor/laravel/framework/src/Illuminate/Database/Connectors/Connector.php(48): Illuminate/Database/Connectors/Connector->tryAgainIfCausedByLostConnection(Object(PDOException), 'mysql:host=127....', 'root', Object(SensitiveParameterValue), Array)
#3 D:/0_Project_VS_Code/3. Sistem Basis Data/TB-K1-Database/lapak_gaming/vendor/laravel/framework/src/Illuminate/Database/Connectors/MySqlConnector.php(24): Illuminate/Database/Connectors/Connector->createConnection('mysql:host=127....', Array, Array)
#4 D:/0_Project_VS_Code/3. Sistem Basis Data/TB-K1-Database/lapak_gaming/vendor/laravel/framework/src/Illuminate/Database/Connectors/ConnectionFactory.php(186): Illuminate/Database/Connectors/MySqlConnector->connect(Array)
#5 [internal function]: Illuminate/Database/Connectors/ConnectionFactory->{closure:Illuminate/Database/Connectors/ConnectionFactory::createPdoResolverWithHosts():181}()
#6 D:/0_Project_VS_Code/3. Sistem Basis Data/TB-K1-Database/lapak_gaming/vendor/laravel/framework/src/Illuminate/Database/Connection.php(1279): call_user_func(Object(Closure))
#7 D:/0_Project_VS_Code/3. Sistem Basis Data/TB-K1-Database/lapak_gaming/vendor/laravel/framework/src/Illuminate/Database/Connection.php(1317): Illuminate/Database/Connection->getPdo()
#8 D:/0_Project_VS_Code/3. Sistem Basis Data/TB-K1-Database/lapak_gaming/vendor/laravel/framework/src/Illuminate/Database/Connection.php(528): Illuminate/Database/Connection->getReadPdo()
#9 D:/0_Project_VS_Code/3. Sistem Basis Data/TB-K1-Database/lapak_gaming/vendor/laravel/framework/src/Illuminate/Database/Connection.php(421): Illuminate/Database/Connection->getPdoForSelect(true)
#10 D:/0_Project_VS_Code/3. Sistem Basis Data/TB-K1-Database/lapak_gaming/vendor/laravel/framework/src/Illuminate/Database/Connection.php(830): Illuminate/Database/Connection->{closure:Illuminate/Database/Connection::select():412}('select * from `...', Array)
#11 D:/0_Project_VS_Code/3. Sistem Basis Data/TB-K1-Database/lapak_gaming/vendor/laravel/framework/src/Illuminate/Database/Connection.php(1021): Illuminate/Database/Connection->runQueryCallback('select * from `...', Array, Object(Closure))
#12 D:/0_Project_VS_Code/3. Sistem Basis Data/TB-K1-Database/lapak_gaming/vendor/laravel/framework/src/Illuminate/Database/Connection.php(1000): Illuminate/Database/Connection->tryAgainIfCausedByLostConnection(Object(Illuminate/Database/QueryException), 'select * from `...', Array, Object(Closure))
#13 D:/0_Project_VS_Code/3. Sistem Basis Data/TB-K1-Database/lapak_gaming/vendor/laravel/framework/src/Illuminate/Database/Connection.php(799): Illuminate/Database/Connection->handleQueryException(Object(Illuminate/Database/QueryException), 'select * from `...', Array, Object(Closure))
#14 D:/0_Project_VS_Code/3. Sistem Basis Data/TB-K1-Database/lapak_gaming/vendor/laravel/framework/src/Illuminate/Database/Connection.php(412): Illuminate/Database/Connection->run('select * from `...', Array, Object(Closure))
#15 D:/0_Project_VS_Code/3. Sistem Basis Data/TB-K1-Database/lapak_gaming/vendor/laravel/framework/src/Illuminate/Database/Query/Builder.php(3562): Illuminate/Database/Connection->select('select * from `...', Array, true, Array)
#16 D:/0_Project_VS_Code/3. Sistem Basis Data/TB-K1-Database/lapak_gaming/vendor/laravel/framework/src/Illuminate/Database/Query/Builder.php(3546): Illuminate/Database/Query/Builder->runSelect()
#17 D:/0_Project_VS_Code/3. Sistem Basis Data/TB-K1-Database/lapak_gaming/vendor/laravel/framework/src/Illuminate/Cache/DatabaseStore.php(142): Illuminate/Database/Query/Builder->get()
#18 D:/0_Project_VS_Code/3. Sistem Basis Data/TB-K1-Database/lapak_gaming/vendor/laravel/framework/src/Illuminate/Cache/DatabaseStore.php(117): Illuminate/Cache/DatabaseStore->many(Array)
#19 D:/0_Project_VS_Code/3. Sistem Basis Data/TB-K1-Database/lapak_gaming/vendor/laravel/framework/src/Illuminate/Cache/Repository.php(124): Illuminate/Cache/DatabaseStore->get('illuminate:queu...')
#20 D:/0_Project_VS_Code/3. Sistem Basis Data/TB-K1-Database/lapak_gaming/vendor/laravel/framework/src/Illuminate/Queue/QueueManager.php(282): Illuminate/Cache/Repository->get('illuminate:queu...', false)
#21 D:/0_Project_VS_Code/3. Sistem Basis Data/TB-K1-Database/lapak_gaming/vendor/laravel/framework/src/Illuminate/Queue/Worker.php(428): Illuminate/Queue/QueueManager->isPaused('database', 'default')
#22 D:/0_Project_VS_Code/3. Sistem Basis Data/TB-K1-Database/lapak_gaming/vendor/laravel/framework/src/Illuminate/Queue/Worker.php(396): Illuminate/Queue/Worker->queuePaused('database', 'default')
#23 D:/0_Project_VS_Code/3. Sistem Basis Data/TB-K1-Database/lapak_gaming/vendor/laravel/framework/src/Illuminate/Queue/Worker.php(357): Illuminate/Queue/Worker->getNextJob(Object(Illuminate/Queue/DatabaseQueue), 'default')
#24 D:/0_Project_VS_Code/3. Sistem Basis Data/TB-K1-Database/lapak_gaming/vendor/laravel/framework/src/Illuminate/Queue/Console/WorkCommand.php(148): Illuminate/Queue/Worker->runNextJob('database', 'default', Object(Illuminate/Queue/WorkerOptions))
#25 D:/0_Project_VS_Code/3. Sistem Basis Data/TB-K1-Database/lapak_gaming/vendor/laravel/framework/src/Illuminate/Queue/Console/WorkCommand.php(131): Illuminate/Queue/Console/WorkCommand->runWorker('database', 'default')
#26 D:/0_Project_VS_Code/3. Sistem Basis Data/TB-K1-Database/lapak_gaming/vendor/laravel/framework/src/Illuminate/Container/BoundMethod.php(36): Illuminate/Queue/Console/WorkCommand->handle()
#27 D:/0_Project_VS_Code/3. Sistem Basis Data/TB-K1-Database/lapak_gaming/vendor/laravel/framework/src/Illuminate/Container/Util.php(43): Illuminate/Container/BoundMethod::{closure:Illuminate/Container/BoundMethod::call():35}()
#28 D:/0_Project_VS_Code/3. Sistem Basis Data/TB-K1-Database/lapak_gaming/vendor/laravel/framework/src/Illuminate/Container/BoundMethod.php(96): Illuminate/Container/Util::unwrapIfClosure(Object(Closure))
#29 D:/0_Project_VS_Code/3. Sistem Basis Data/TB-K1-Database/lapak_gaming/vendor/laravel/framework/src/Illuminate/Container/BoundMethod.php(35): Illuminate/Container/BoundMethod::callBoundMethod(Object(Illuminate/Foundation/Application), Array, Object(Closure))
#30 D:/0_Project_VS_Code/3. Sistem Basis Data/TB-K1-Database/lapak_gaming/vendor/laravel/framework/src/Illuminate/Container/Container.php(799): Illuminate/Container/BoundMethod::call(Object(Illuminate/Foundation/Application), Array, Array, NULL)
#31 D:/0_Project_VS_Code/3. Sistem Basis Data/TB-K1-Database/lapak_gaming/vendor/laravel/framework/src/Illuminate/Console/Command.php(280): Illuminate/Container/Container->call(Array)
#32 D:/0_Project_VS_Code/3. Sistem Basis Data/TB-K1-Database/lapak_gaming/vendor/symfony/console/Command/Command.php(291): Illuminate/Console/Command->execute(Object(Symfony/Component/Console/Input/ArgvInput), Object(Illuminate/Console/OutputStyle))
#33 D:/0_Project_VS_Code/3. Sistem Basis Data/TB-K1-Database/lapak_gaming/vendor/laravel/framework/src/Illuminate/Console/Command.php(249): Symfony/Component/Console/Command/Command->run(Object(Symfony/Component/Console/Input/ArgvInput), Object(Illuminate/Console/OutputStyle))
#34 D:/0_Project_VS_Code/3. Sistem Basis Data/TB-K1-Database/lapak_gaming/vendor/symfony/console/Application.php(1107): Illuminate/Console/Command->run(Object(Symfony/Component/Console/Input/ArgvInput), Object(Symfony/Component/Console/Output/ConsoleOutput))
#35 D:/0_Project_VS_Code/3. Sistem Basis Data/TB-K1-Database/lapak_gaming/vendor/symfony/console/Application.php(356): Symfony/Component/Console/Application->doRunCommand(Object(Illuminate/Queue/Console/WorkCommand), Object(Symfony/Component/Console/Input/ArgvInput), Object(Symfony/Component/Console/Output/ConsoleOutput))
#36 D:/0_Project_VS_Code/3. Sistem Basis Data/TB-K1-Database/lapak_gaming/vendor/symfony/console/Application.php(195): Symfony/Component/Console/Application->doRun(Object(Symfony/Component/Console/Input/ArgvInput), Object(Symfony/Component/Console/Output/ConsoleOutput))
#37 D:/0_Project_VS_Code/3. Sistem Basis Data/TB-K1-Database/lapak_gaming/vendor/laravel/framework/src/Illuminate/Foundation/Console/Kernel.php(198): Symfony/Component/Console/Application->run(Object(Symfony/Component/Console/Input/ArgvInput), Object(Symfony/Component/Console/Output/ConsoleOutput))
#38 D:/0_Project_VS_Code/3. Sistem Basis Data/TB-K1-Database/lapak_gaming/vendor/laravel/framework/src/Illuminate/Foundation/Application.php(1235): Illuminate/Foundation/Console/Kernel->handle(Object(Symfony/Component/Console/Input/ArgvInput), Object(Symfony/Component/Console/Output/ConsoleOutput))
#39 D:/0_Project_VS_Code/3. Sistem Basis Data/TB-K1-Database/lapak_gaming/artisan(16): Illuminate/Foundation/Application->handleCommand(Object(Symfony/Component/Console/Input/ArgvInput))
#40 {main}
"} 
[2026-04-01 06:23:34] local.ERROR: SQLSTATE[HY000] [2002] No connection could be made because the target machine actively refused it (Connection: mysql, Host: 127.0.0.1, Port: 3306, Database: lapak_gaming, SQL: select * from `cache` where `key` in (laravel-cache-illuminate:queue:paused:database:default)) {"exception":"[object] (Illuminate\\Database\\QueryException(code: 2002): SQLSTATE[HY000] [2002] No connection could be made because the target machine actively refused it (Connection: mysql, Host: 127.0.0.1, Port: 3306, Database: lapak_gaming, SQL: select * from `cache` where `key` in (laravel-cache-illuminate:queue:paused:database:default)) at D:/0_Project_VS_Code/3. Sistem Basis Data/TB-K1-Database/lapak_gaming/vendor/laravel/framework/src/Illuminate/Database/Connection.php:841)
[stacktrace]
#0 D:/0_Project_VS_Code/3. Sistem Basis Data/TB-K1-Database/lapak_gaming/vendor/laravel/framework/src/Illuminate/Database/Connection.php(1021): Illuminate/Database/Connection->runQueryCallback('select * from `...', Array, Object(Closure))
#1 D:/0_Project_VS_Code/3. Sistem Basis Data/TB-K1-Database/lapak_gaming/vendor/laravel/framework/src/Illuminate/Database/Connection.php(1000): Illuminate/Database/Connection->tryAgainIfCausedByLostConnection(Object(Illuminate/Database/QueryException), 'select * from `...', Array, Object(Closure))
#2 D:/0_Project_VS_Code/3. Sistem Basis Data/TB-K1-Database/lapak_gaming/vendor/laravel/framework/src/Illuminate/Database/Connection.php(799): Illuminate/Database/Connection->handleQueryException(Object(Illuminate/Database/QueryException), 'select * from `...', Array, Object(Closure))
#3 D:/0_Project_VS_Code/3. Sistem Basis Data/TB-K1-Database/lapak_gaming/vendor/laravel/framework/src/Illuminate/Database/Connection.php(412): Illuminate/Database/Connection->run('select * from `...', Array, Object(Closure))
#4 D:/0_Project_VS_Code/3. Sistem Basis Data/TB-K1-Database/lapak_gaming/vendor/laravel/framework/src/Illuminate/Database/Query/Builder.php(3562): Illuminate/Database/Connection->select('select * from `...', Array, true, Array)
#5 D:/0_Project_VS_Code/3. Sistem Basis Data/TB-K1-Database/lapak_gaming/vendor/laravel/framework/src/Illuminate/Database/Query/Builder.php(3546): Illuminate/Database/Query/Builder->runSelect()
#6 D:/0_Project_VS_Code/3. Sistem Basis Data/TB-K1-Database/lapak_gaming/vendor/laravel/framework/src/Illuminate/Cache/DatabaseStore.php(142): Illuminate/Database/Query/Builder->get()
#7 D:/0_Project_VS_Code/3. Sistem Basis Data/TB-K1-Database/lapak_gaming/vendor/laravel/framework/src/Illuminate/Cache/DatabaseStore.php(117): Illuminate/Cache/DatabaseStore->many(Array)
#8 D:/0_Project_VS_Code/3. Sistem Basis Data/TB-K1-Database/lapak_gaming/vendor/laravel/framework/src/Illuminate/Cache/Repository.php(124): Illuminate/Cache/DatabaseStore->get('illuminate:queu...')
#9 D:/0_Project_VS_Code/3. Sistem Basis Data/TB-K1-Database/lapak_gaming/vendor/laravel/framework/src/Illuminate/Queue/QueueManager.php(282): Illuminate/Cache/Repository->get('illuminate:queu...', false)
#10 D:/0_Project_VS_Code/3. Sistem Basis Data/TB-K1-Database/lapak_gaming/vendor/laravel/framework/src/Illuminate/Queue/Worker.php(428): Illuminate/Queue/QueueManager->isPaused('database', 'default')
#11 D:/0_Project_VS_Code/3. Sistem Basis Data/TB-K1-Database/lapak_gaming/vendor/laravel/framework/src/Illuminate/Queue/Worker.php(396): Illuminate/Queue/Worker->queuePaused('database', 'default')
#12 D:/0_Project_VS_Code/3. Sistem Basis Data/TB-K1-Database/lapak_gaming/vendor/laravel/framework/src/Illuminate/Queue/Worker.php(357): Illuminate/Queue/Worker->getNextJob(Object(Illuminate/Queue/DatabaseQueue), 'default')
#13 D:/0_Project_VS_Code/3. Sistem Basis Data/TB-K1-Database/lapak_gaming/vendor/laravel/framework/src/Illuminate/Queue/Console/WorkCommand.php(148): Illuminate/Queue/Worker->runNextJob('database', 'default', Object(Illuminate/Queue/WorkerOptions))
#14 D:/0_Project_VS_Code/3. Sistem Basis Data/TB-K1-Database/lapak_gaming/vendor/laravel/framework/src/Illuminate/Queue/Console/WorkCommand.php(131): Illuminate/Queue/Console/WorkCommand->runWorker('database', 'default')
#15 D:/0_Project_VS_Code/3. Sistem Basis Data/TB-K1-Database/lapak_gaming/vendor/laravel/framework/src/Illuminate/Container/BoundMethod.php(36): Illuminate/Queue/Console/WorkCommand->handle()
#16 D:/0_Project_VS_Code/3. Sistem Basis Data/TB-K1-Database/lapak_gaming/vendor/laravel/framework/src/Illuminate/Container/Util.php(43): Illuminate/Container/BoundMethod::{closure:Illuminate/Container/BoundMethod::call():35}()
#17 D:/0_Project_VS_Code/3. Sistem Basis Data/TB-K1-Database/lapak_gaming/vendor/laravel/framework/src/Illuminate/Container/BoundMethod.php(96): Illuminate/Container/Util::unwrapIfClosure(Object(Closure))
#18 D:/0_Project_VS_Code/3. Sistem Basis Data/TB-K1-Database/lapak_gaming/vendor/laravel/framework/src/Illuminate/Container/BoundMethod.php(35): Illuminate/Container/BoundMethod::callBoundMethod(Object(Illuminate/Foundation/Application), Array, Object(Closure))
#19 D:/0_Project_VS_Code/3. Sistem Basis Data/TB-K1-Database/lapak_gaming/vendor/laravel/framework/src/Illuminate/Container/Container.php(799): Illuminate/Container/BoundMethod::call(Object(Illuminate/Foundation/Application), Array, Array, NULL)
#20 D:/0_Project_VS_Code/3. Sistem Basis Data/TB-K1-Database/lapak_gaming/vendor/laravel/framework/src/Illuminate/Console/Command.php(280): Illuminate/Container/Container->call(Array)
#21 D:/0_Project_VS_Code/3. Sistem Basis Data/TB-K1-Database/lapak_gaming/vendor/symfony/console/Command/Command.php(291): Illuminate/Console/Command->execute(Object(Symfony/Component/Console/Input/ArgvInput), Object(Illuminate/Console/OutputStyle))
#22 D:/0_Project_VS_Code/3. Sistem Basis Data/TB-K1-Database/lapak_gaming/vendor/laravel/framework/src/Illuminate/Console/Command.php(249): Symfony/Component/Console/Command/Command->run(Object(Symfony/Component/Console/Input/ArgvInput), Object(Illuminate/Console/OutputStyle))
#23 D:/0_Project_VS_Code/3. Sistem Basis Data/TB-K1-Database/lapak_gaming/vendor/symfony/console/Application.php(1107): Illuminate/Console/Command->run(Object(Symfony/Component/Console/Input/ArgvInput), Object(Symfony/Component/Console/Output/ConsoleOutput))
#24 D:/0_Project_VS_Code/3. Sistem Basis Data/TB-K1-Database/lapak_gaming/vendor/symfony/console/Application.php(356): Symfony/Component/Console/Application->doRunCommand(Object(Illuminate/Queue/Console/WorkCommand), Object(Symfony/Component/Console/Input/ArgvInput), Object(Symfony/Component/Console/Output/ConsoleOutput))
#25 D:/0_Project_VS_Code/3. Sistem Basis Data/TB-K1-Database/lapak_gaming/vendor/symfony/console/Application.php(195): Symfony/Component/Console/Application->doRun(Object(Symfony/Component/Console/Input/ArgvInput), Object(Symfony/Component/Console/Output/ConsoleOutput))
#26 D:/0_Project_VS_Code/3. Sistem Basis Data/TB-K1-Database/lapak_gaming/vendor/laravel/framework/src/Illuminate/Foundation/Console/Kernel.php(198): Symfony/Component/Console/Application->run(Object(Symfony/Component/Console/Input/ArgvInput), Object(Symfony/Component/Console/Output/ConsoleOutput))
#27 D:/0_Project_VS_Code/3. Sistem Basis Data/TB-K1-Database/lapak_gaming/vendor/laravel/framework/src/Illuminate/Foundation/Application.php(1235): Illuminate/Foundation/Console/Kernel->handle(Object(Symfony/Component/Console/Input/ArgvInput), Object(Symfony/Component/Console/Output/ConsoleOutput))
#28 D:/0_Project_VS_Code/3. Sistem Basis Data/TB-K1-Database/lapak_gaming/artisan(16): Illuminate/Foundation/Application->handleCommand(Object(Symfony/Component/Console/Input/ArgvInput))
#29 {main}

[previous exception] [object] (PDOException(code: 2002): SQLSTATE[HY000] [2002] No connection could be made because the target machine actively refused it at D:/0_Project_VS_Code/3. Sistem Basis Data/TB-K1-Database/lapak_gaming/vendor/laravel/framework/src/Illuminate/Database/Connectors/Connector.php:67)
[stacktrace]
#0 D:/0_Project_VS_Code/3. Sistem Basis Data/TB-K1-Database/lapak_gaming/vendor/laravel/framework/src/Illuminate/Database/Connectors/Connector.php(67): PDO::connect('mysql:host=127....', 'root', Object(SensitiveParameterValue), Array)
#1 D:/0_Project_VS_Code/3. Sistem Basis Data/TB-K1-Database/lapak_gaming/vendor/laravel/framework/src/Illuminate/Database/Connectors/Connector.php(85): Illuminate/Database/Connectors/Connector->createPdoConnection('mysql:host=127....', 'root', Object(SensitiveParameterValue), Array)
#2 D:/0_Project_VS_Code/3. Sistem Basis Data/TB-K1-Database/lapak_gaming/vendor/laravel/framework/src/Illuminate/Database/Connectors/Connector.php(48): Illuminate/Database/Connectors/Connector->tryAgainIfCausedByLostConnection(Object(PDOException), 'mysql:host=127....', 'root', Object(SensitiveParameterValue), Array)
#3 D:/0_Project_VS_Code/3. Sistem Basis Data/TB-K1-Database/lapak_gaming/vendor/laravel/framework/src/Illuminate/Database/Connectors/MySqlConnector.php(24): Illuminate/Database/Connectors/Connector->createConnection('mysql:host=127....', Array, Array)
#4 D:/0_Project_VS_Code/3. Sistem Basis Data/TB-K1-Database/lapak_gaming/vendor/laravel/framework/src/Illuminate/Database/Connectors/ConnectionFactory.php(186): Illuminate/Database/Connectors/MySqlConnector->connect(Array)
#5 [internal function]: Illuminate/Database/Connectors/ConnectionFactory->{closure:Illuminate/Database/Connectors/ConnectionFactory::createPdoResolverWithHosts():181}()
#6 D:/0_Project_VS_Code/3. Sistem Basis Data/TB-K1-Database/lapak_gaming/vendor/laravel/framework/src/Illuminate/Database/Connection.php(1279): call_user_func(Object(Closure))
#7 D:/0_Project_VS_Code/3. Sistem Basis Data/TB-K1-Database/lapak_gaming/vendor/laravel/framework/src/Illuminate/Database/Connection.php(1317): Illuminate/Database/Connection->getPdo()
#8 D:/0_Project_VS_Code/3. Sistem Basis Data/TB-K1-Database/lapak_gaming/vendor/laravel/framework/src/Illuminate/Database/Connection.php(528): Illuminate/Database/Connection->getReadPdo()
#9 D:/0_Project_VS_Code/3. Sistem Basis Data/TB-K1-Database/lapak_gaming/vendor/laravel/framework/src/Illuminate/Database/Connection.php(421): Illuminate/Database/Connection->getPdoForSelect(true)
#10 D:/0_Project_VS_Code/3. Sistem Basis Data/TB-K1-Database/lapak_gaming/vendor/laravel/framework/src/Illuminate/Database/Connection.php(830): Illuminate/Database/Connection->{closure:Illuminate/Database/Connection::select():412}('select * from `...', Array)
#11 D:/0_Project_VS_Code/3. Sistem Basis Data/TB-K1-Database/lapak_gaming/vendor/laravel/framework/src/Illuminate/Database/Connection.php(1021): Illuminate/Database/Connection->runQueryCallback('select * from `...', Array, Object(Closure))
#12 D:/0_Project_VS_Code/3. Sistem Basis Data/TB-K1-Database/lapak_gaming/vendor/laravel/framework/src/Illuminate/Database/Connection.php(1000): Illuminate/Database/Connection->tryAgainIfCausedByLostConnection(Object(Illuminate/Database/QueryException), 'select * from `...', Array, Object(Closure))
#13 D:/0_Project_VS_Code/3. Sistem Basis Data/TB-K1-Database/lapak_gaming/vendor/laravel/framework/src/Illuminate/Database/Connection.php(799): Illuminate/Database/Connection->handleQueryException(Object(Illuminate/Database/QueryException), 'select * from `...', Array, Object(Closure))
#14 D:/0_Project_VS_Code/3. Sistem Basis Data/TB-K1-Database/lapak_gaming/vendor/laravel/framework/src/Illuminate/Database/Connection.php(412): Illuminate/Database/Connection->run('select * from `...', Array, Object(Closure))
#15 D:/0_Project_VS_Code/3. Sistem Basis Data/TB-K1-Database/lapak_gaming/vendor/laravel/framework/src/Illuminate/Database/Query/Builder.php(3562): Illuminate/Database/Connection->select('select * from `...', Array, true, Array)
#16 D:/0_Project_VS_Code/3. Sistem Basis Data/TB-K1-Database/lapak_gaming/vendor/laravel/framework/src/Illuminate/Database/Query/Builder.php(3546): Illuminate/Database/Query/Builder->runSelect()
#17 D:/0_Project_VS_Code/3. Sistem Basis Data/TB-K1-Database/lapak_gaming/vendor/laravel/framework/src/Illuminate/Cache/DatabaseStore.php(142): Illuminate/Database/Query/Builder->get()
#18 D:/0_Project_VS_Code/3. Sistem Basis Data/TB-K1-Database/lapak_gaming/vendor/laravel/framework/src/Illuminate/Cache/DatabaseStore.php(117): Illuminate/Cache/DatabaseStore->many(Array)
#19 D:/0_Project_VS_Code/3. Sistem Basis Data/TB-K1-Database/lapak_gaming/vendor/laravel/framework/src/Illuminate/Cache/Repository.php(124): Illuminate/Cache/DatabaseStore->get('illuminate:queu...')
#20 D:/0_Project_VS_Code/3. Sistem Basis Data/TB-K1-Database/lapak_gaming/vendor/laravel/framework/src/Illuminate/Queue/QueueManager.php(282): Illuminate/Cache/Repository->get('illuminate:queu...', false)
#21 D:/0_Project_VS_Code/3. Sistem Basis Data/TB-K1-Database/lapak_gaming/vendor/laravel/framework/src/Illuminate/Queue/Worker.php(428): Illuminate/Queue/QueueManager->isPaused('database', 'default')
#22 D:/0_Project_VS_Code/3. Sistem Basis Data/TB-K1-Database/lapak_gaming/vendor/laravel/framework/src/Illuminate/Queue/Worker.php(396): Illuminate/Queue/Worker->queuePaused('database', 'default')
#23 D:/0_Project_VS_Code/3. Sistem Basis Data/TB-K1-Database/lapak_gaming/vendor/laravel/framework/src/Illuminate/Queue/Worker.php(357): Illuminate/Queue/Worker->getNextJob(Object(Illuminate/Queue/DatabaseQueue), 'default')
#24 D:/0_Project_VS_Code/3. Sistem Basis Data/TB-K1-Database/lapak_gaming/vendor/laravel/framework/src/Illuminate/Queue/Console/WorkCommand.php(148): Illuminate/Queue/Worker->runNextJob('database', 'default', Object(Illuminate/Queue/WorkerOptions))
#25 D:/0_Project_VS_Code/3. Sistem Basis Data/TB-K1-Database/lapak_gaming/vendor/laravel/framework/src/Illuminate/Queue/Console/WorkCommand.php(131): Illuminate/Queue/Console/WorkCommand->runWorker('database', 'default')
#26 D:/0_Project_VS_Code/3. Sistem Basis Data/TB-K1-Database/lapak_gaming/vendor/laravel/framework/src/Illuminate/Container/BoundMethod.php(36): Illuminate/Queue/Console/WorkCommand->handle()
#27 D:/0_Project_VS_Code/3. Sistem Basis Data/TB-K1-Database/lapak_gaming/vendor/laravel/framework/src/Illuminate/Container/Util.php(43): Illuminate/Container/BoundMethod::{closure:Illuminate/Container/BoundMethod::call():35}()
#28 D:/0_Project_VS_Code/3. Sistem Basis Data/TB-K1-Database/lapak_gaming/vendor/laravel/framework/src/Illuminate/Container/BoundMethod.php(96): Illuminate/Container/Util::unwrapIfClosure(Object(Closure))
#29 D:/0_Project_VS_Code/3. Sistem Basis Data/TB-K1-Database/lapak_gaming/vendor/laravel/framework/src/Illuminate/Container/BoundMethod.php(35): Illuminate/Container/BoundMethod::callBoundMethod(Object(Illuminate/Foundation/Application), Array, Object(Closure))
#30 D:/0_Project_VS_Code/3. Sistem Basis Data/TB-K1-Database/lapak_gaming/vendor/laravel/framework/src/Illuminate/Container/Container.php(799): Illuminate/Container/BoundMethod::call(Object(Illuminate/Foundation/Application), Array, Array, NULL)
#31 D:/0_Project_VS_Code/3. Sistem Basis Data/TB-K1-Database/lapak_gaming/vendor/laravel/framework/src/Illuminate/Console/Command.php(280): Illuminate/Container/Container->call(Array)
#32 D:/0_Project_VS_Code/3. Sistem Basis Data/TB-K1-Database/lapak_gaming/vendor/symfony/console/Command/Command.php(291): Illuminate/Console/Command->execute(Object(Symfony/Component/Console/Input/ArgvInput), Object(Illuminate/Console/OutputStyle))
#33 D:/0_Project_VS_Code/3. Sistem Basis Data/TB-K1-Database/lapak_gaming/vendor/laravel/framework/src/Illuminate/Console/Command.php(249): Symfony/Component/Console/Command/Command->run(Object(Symfony/Component/Console/Input/ArgvInput), Object(Illuminate/Console/OutputStyle))
#34 D:/0_Project_VS_Code/3. Sistem Basis Data/TB-K1-Database/lapak_gaming/vendor/symfony/console/Application.php(1107): Illuminate/Console/Command->run(Object(Symfony/Component/Console/Input/ArgvInput), Object(Symfony/Component/Console/Output/ConsoleOutput))
#35 D:/0_Project_VS_Code/3. Sistem Basis Data/TB-K1-Database/lapak_gaming/vendor/symfony/console/Application.php(356): Symfony/Component/Console/Application->doRunCommand(Object(Illuminate/Queue/Console/WorkCommand), Object(Symfony/Component/Console/Input/ArgvInput), Object(Symfony/Component/Console/Output/ConsoleOutput))
#36 D:/0_Project_VS_Code/3. Sistem Basis Data/TB-K1-Database/lapak_gaming/vendor/symfony/console/Application.php(195): Symfony/Component/Console/Application->doRun(Object(Symfony/Component/Console/Input/ArgvInput), Object(Symfony/Component/Console/Output/ConsoleOutput))
#37 D:/0_Project_VS_Code/3. Sistem Basis Data/TB-K1-Database/lapak_gaming/vendor/laravel/framework/src/Illuminate/Foundation/Console/Kernel.php(198): Symfony/Component/Console/Application->run(Object(Symfony/Component/Console/Input/ArgvInput), Object(Symfony/Component/Console/Output/ConsoleOutput))
#38 D:/0_Project_VS_Code/3. Sistem Basis Data/TB-K1-Database/lapak_gaming/vendor/laravel/framework/src/Illuminate/Foundation/Application.php(1235): Illuminate/Foundation/Console/Kernel->handle(Object(Symfony/Component/Console/Input/ArgvInput), Object(Symfony/Component/Console/Output/ConsoleOutput))
#39 D:/0_Project_VS_Code/3. Sistem Basis Data/TB-K1-Database/lapak_gaming/artisan(16): Illuminate/Foundation/Application->handleCommand(Object(Symfony/Component/Console/Input/ArgvInput))
#40 {main}
"} 
[2026-04-01 06:23:47] local.ERROR: SQLSTATE[HY000] [2002] No connection could be made because the target machine actively refused it (Connection: mysql, Host: 127.0.0.1, Port: 3306, Database: lapak_gaming, SQL: select * from `cache` where `key` in (laravel-cache-illuminate:queue:paused:database:default)) {"exception":"[object] (Illuminate\\Database\\QueryException(code: 2002): SQLSTATE[HY000] [2002] No connection could be made because the target machine actively refused it (Connection: mysql, Host: 127.0.0.1, Port: 3306, Database: lapak_gaming, SQL: select * from `cache` where `key` in (laravel-cache-illuminate:queue:paused:database:default)) at D:/0_Project_VS_Code/3. Sistem Basis Data/TB-K1-Database/lapak_gaming/vendor/laravel/framework/src/Illuminate/Database/Connection.php:841)
[stacktrace]
#0 D:/0_Project_VS_Code/3. Sistem Basis Data/TB-K1-Database/lapak_gaming/vendor/laravel/framework/src/Illuminate/Database/Connection.php(1021): Illuminate/Database/Connection->runQueryCallback('select * from `...', Array, Object(Closure))
#1 D:/0_Project_VS_Code/3. Sistem Basis Data/TB-K1-Database/lapak_gaming/vendor/laravel/framework/src/Illuminate/Database/Connection.php(1000): Illuminate/Database/Connection->tryAgainIfCausedByLostConnection(Object(Illuminate/Database/QueryException), 'select * from `...', Array, Object(Closure))
#2 D:/0_Project_VS_Code/3. Sistem Basis Data/TB-K1-Database/lapak_gaming/vendor/laravel/framework/src/Illuminate/Database/Connection.php(799): Illuminate/Database/Connection->handleQueryException(Object(Illuminate/Database/QueryException), 'select * from `...', Array, Object(Closure))
#3 D:/0_Project_VS_Code/3. Sistem Basis Data/TB-K1-Database/lapak_gaming/vendor/laravel/framework/src/Illuminate/Database/Connection.php(412): Illuminate/Database/Connection->run('select * from `...', Array, Object(Closure))
#4 D:/0_Project_VS_Code/3. Sistem Basis Data/TB-K1-Database/lapak_gaming/vendor/laravel/framework/src/Illuminate/Database/Query/Builder.php(3562): Illuminate/Database/Connection->select('select * from `...', Array, true, Array)
#5 D:/0_Project_VS_Code/3. Sistem Basis Data/TB-K1-Database/lapak_gaming/vendor/laravel/framework/src/Illuminate/Database/Query/Builder.php(3546): Illuminate/Database/Query/Builder->runSelect()
#6 D:/0_Project_VS_Code/3. Sistem Basis Data/TB-K1-Database/lapak_gaming/vendor/laravel/framework/src/Illuminate/Cache/DatabaseStore.php(142): Illuminate/Database/Query/Builder->get()
#7 D:/0_Project_VS_Code/3. Sistem Basis Data/TB-K1-Database/lapak_gaming/vendor/laravel/framework/src/Illuminate/Cache/DatabaseStore.php(117): Illuminate/Cache/DatabaseStore->many(Array)
#8 D:/0_Project_VS_Code/3. Sistem Basis Data/TB-K1-Database/lapak_gaming/vendor/laravel/framework/src/Illuminate/Cache/Repository.php(124): Illuminate/Cache/DatabaseStore->get('illuminate:queu...')
#9 D:/0_Project_VS_Code/3. Sistem Basis Data/TB-K1-Database/lapak_gaming/vendor/laravel/framework/src/Illuminate/Queue/QueueManager.php(282): Illuminate/Cache/Repository->get('illuminate:queu...', false)
#10 D:/0_Project_VS_Code/3. Sistem Basis Data/TB-K1-Database/lapak_gaming/vendor/laravel/framework/src/Illuminate/Queue/Worker.php(428): Illuminate/Queue/QueueManager->isPaused('database', 'default')
#11 D:/0_Project_VS_Code/3. Sistem Basis Data/TB-K1-Database/lapak_gaming/vendor/laravel/framework/src/Illuminate/Queue/Worker.php(396): Illuminate/Queue/Worker->queuePaused('database', 'default')
#12 D:/0_Project_VS_Code/3. Sistem Basis Data/TB-K1-Database/lapak_gaming/vendor/laravel/framework/src/Illuminate/Queue/Worker.php(357): Illuminate/Queue/Worker->getNextJob(Object(Illuminate/Queue/DatabaseQueue), 'default')
#13 D:/0_Project_VS_Code/3. Sistem Basis Data/TB-K1-Database/lapak_gaming/vendor/laravel/framework/src/Illuminate/Queue/Console/WorkCommand.php(148): Illuminate/Queue/Worker->runNextJob('database', 'default', Object(Illuminate/Queue/WorkerOptions))
#14 D:/0_Project_VS_Code/3. Sistem Basis Data/TB-K1-Database/lapak_gaming/vendor/laravel/framework/src/Illuminate/Queue/Console/WorkCommand.php(131): Illuminate/Queue/Console/WorkCommand->runWorker('database', 'default')
#15 D:/0_Project_VS_Code/3. Sistem Basis Data/TB-K1-Database/lapak_gaming/vendor/laravel/framework/src/Illuminate/Container/BoundMethod.php(36): Illuminate/Queue/Console/WorkCommand->handle()
#16 D:/0_Project_VS_Code/3. Sistem Basis Data/TB-K1-Database/lapak_gaming/vendor/laravel/framework/src/Illuminate/Container/Util.php(43): Illuminate/Container/BoundMethod::{closure:Illuminate/Container/BoundMethod::call():35}()
#17 D:/0_Project_VS_Code/3. Sistem Basis Data/TB-K1-Database/lapak_gaming/vendor/laravel/framework/src/Illuminate/Container/BoundMethod.php(96): Illuminate/Container/Util::unwrapIfClosure(Object(Closure))
#18 D:/0_Project_VS_Code/3. Sistem Basis Data/TB-K1-Database/lapak_gaming/vendor/laravel/framework/src/Illuminate/Container/BoundMethod.php(35): Illuminate/Container/BoundMethod::callBoundMethod(Object(Illuminate/Foundation/Application), Array, Object(Closure))
#19 D:/0_Project_VS_Code/3. Sistem Basis Data/TB-K1-Database/lapak_gaming/vendor/laravel/framework/src/Illuminate/Container/Container.php(799): Illuminate/Container/BoundMethod::call(Object(Illuminate/Foundation/Application), Array, Array, NULL)
#20 D:/0_Project_VS_Code/3. Sistem Basis Data/TB-K1-Database/lapak_gaming/vendor/laravel/framework/src/Illuminate/Console/Command.php(280): Illuminate/Container/Container->call(Array)
#21 D:/0_Project_VS_Code/3. Sistem Basis Data/TB-K1-Database/lapak_gaming/vendor/symfony/console/Command/Command.php(291): Illuminate/Console/Command->execute(Object(Symfony/Component/Console/Input/ArgvInput), Object(Illuminate/Console/OutputStyle))
#22 D:/0_Project_VS_Code/3. Sistem Basis Data/TB-K1-Database/lapak_gaming/vendor/laravel/framework/src/Illuminate/Console/Command.php(249): Symfony/Component/Console/Command/Command->run(Object(Symfony/Component/Console/Input/ArgvInput), Object(Illuminate/Console/OutputStyle))
#23 D:/0_Project_VS_Code/3. Sistem Basis Data/TB-K1-Database/lapak_gaming/vendor/symfony/console/Application.php(1107): Illuminate/Console/Command->run(Object(Symfony/Component/Console/Input/ArgvInput), Object(Symfony/Component/Console/Output/ConsoleOutput))
#24 D:/0_Project_VS_Code/3. Sistem Basis Data/TB-K1-Database/lapak_gaming/vendor/symfony/console/Application.php(356): Symfony/Component/Console/Application->doRunCommand(Object(Illuminate/Queue/Console/WorkCommand), Object(Symfony/Component/Console/Input/ArgvInput), Object(Symfony/Component/Console/Output/ConsoleOutput))
#25 D:/0_Project_VS_Code/3. Sistem Basis Data/TB-K1-Database/lapak_gaming/vendor/symfony/console/Application.php(195): Symfony/Component/Console/Application->doRun(Object(Symfony/Component/Console/Input/ArgvInput), Object(Symfony/Component/Console/Output/ConsoleOutput))
#26 D:/0_Project_VS_Code/3. Sistem Basis Data/TB-K1-Database/lapak_gaming/vendor/laravel/framework/src/Illuminate/Foundation/Console/Kernel.php(198): Symfony/Component/Console/Application->run(Object(Symfony/Component/Console/Input/ArgvInput), Object(Symfony/Component/Console/Output/ConsoleOutput))
#27 D:/0_Project_VS_Code/3. Sistem Basis Data/TB-K1-Database/lapak_gaming/vendor/laravel/framework/src/Illuminate/Foundation/Application.php(1235): Illuminate/Foundation/Console/Kernel->handle(Object(Symfony/Component/Console/Input/ArgvInput), Object(Symfony/Component/Console/Output/ConsoleOutput))
#28 D:/0_Project_VS_Code/3. Sistem Basis Data/TB-K1-Database/lapak_gaming/artisan(16): Illuminate/Foundation/Application->handleCommand(Object(Symfony/Component/Console/Input/ArgvInput))
#29 {main}

[previous exception] [object] (PDOException(code: 2002): SQLSTATE[HY000] [2002] No connection could be made because the target machine actively refused it at D:/0_Project_VS_Code/3. Sistem Basis Data/TB-K1-Database/lapak_gaming/vendor/laravel/framework/src/Illuminate/Database/Connectors/Connector.php:67)
[stacktrace]
#0 D:/0_Project_VS_Code/3. Sistem Basis Data/TB-K1-Database/lapak_gaming/vendor/laravel/framework/src/Illuminate/Database/Connectors/Connector.php(67): PDO::connect('mysql:host=127....', 'root', Object(SensitiveParameterValue), Array)
#1 D:/0_Project_VS_Code/3. Sistem Basis Data/TB-K1-Database/lapak_gaming/vendor/laravel/framework/src/Illuminate/Database/Connectors/Connector.php(85): Illuminate/Database/Connectors/Connector->createPdoConnection('mysql:host=127....', 'root', Object(SensitiveParameterValue), Array)
#2 D:/0_Project_VS_Code/3. Sistem Basis Data/TB-K1-Database/lapak_gaming/vendor/laravel/framework/src/Illuminate/Database/Connectors/Connector.php(48): Illuminate/Database/Connectors/Connector->tryAgainIfCausedByLostConnection(Object(PDOException), 'mysql:host=127....', 'root', Object(SensitiveParameterValue), Array)
#3 D:/0_Project_VS_Code/3. Sistem Basis Data/TB-K1-Database/lapak_gaming/vendor/laravel/framework/src/Illuminate/Database/Connectors/MySqlConnector.php(24): Illuminate/Database/Connectors/Connector->createConnection('mysql:host=127....', Array, Array)
#4 D:/0_Project_VS_Code/3. Sistem Basis Data/TB-K1-Database/lapak_gaming/vendor/laravel/framework/src/Illuminate/Database/Connectors/ConnectionFactory.php(186): Illuminate/Database/Connectors/MySqlConnector->connect(Array)
#5 [internal function]: Illuminate/Database/Connectors/ConnectionFactory->{closure:Illuminate/Database/Connectors/ConnectionFactory::createPdoResolverWithHosts():181}()
#6 D:/0_Project_VS_Code/3. Sistem Basis Data/TB-K1-Database/lapak_gaming/vendor/laravel/framework/src/Illuminate/Database/Connection.php(1279): call_user_func(Object(Closure))
#7 D:/0_Project_VS_Code/3. Sistem Basis Data/TB-K1-Database/lapak_gaming/vendor/laravel/framework/src/Illuminate/Database/Connection.php(1317): Illuminate/Database/Connection->getPdo()
#8 D:/0_Project_VS_Code/3. Sistem Basis Data/TB-K1-Database/lapak_gaming/vendor/laravel/framework/src/Illuminate/Database/Connection.php(528): Illuminate/Database/Connection->getReadPdo()
#9 D:/0_Project_VS_Code/3. Sistem Basis Data/TB-K1-Database/lapak_gaming/vendor/laravel/framework/src/Illuminate/Database/Connection.php(421): Illuminate/Database/Connection->getPdoForSelect(true)
#10 D:/0_Project_VS_Code/3. Sistem Basis Data/TB-K1-Database/lapak_gaming/vendor/laravel/framework/src/Illuminate/Database/Connection.php(830): Illuminate/Database/Connection->{closure:Illuminate/Database/Connection::select():412}('select * from `...', Array)
#11 D:/0_Project_VS_Code/3. Sistem Basis Data/TB-K1-Database/lapak_gaming/vendor/laravel/framework/src/Illuminate/Database/Connection.php(1021): Illuminate/Database/Connection->runQueryCallback('select * from `...', Array, Object(Closure))
#12 D:/0_Project_VS_Code/3. Sistem Basis Data/TB-K1-Database/lapak_gaming/vendor/laravel/framework/src/Illuminate/Database/Connection.php(1000): Illuminate/Database/Connection->tryAgainIfCausedByLostConnection(Object(Illuminate/Database/QueryException), 'select * from `...', Array, Object(Closure))
#13 D:/0_Project_VS_Code/3. Sistem Basis Data/TB-K1-Database/lapak_gaming/vendor/laravel/framework/src/Illuminate/Database/Connection.php(799): Illuminate/Database/Connection->handleQueryException(Object(Illuminate/Database/QueryException), 'select * from `...', Array, Object(Closure))
#14 D:/0_Project_VS_Code/3. Sistem Basis Data/TB-K1-Database/lapak_gaming/vendor/laravel/framework/src/Illuminate/Database/Connection.php(412): Illuminate/Database/Connection->run('select * from `...', Array, Object(Closure))
#15 D:/0_Project_VS_Code/3. Sistem Basis Data/TB-K1-Database/lapak_gaming/vendor/laravel/framework/src/Illuminate/Database/Query/Builder.php(3562): Illuminate/Database/Connection->select('select * from `...', Array, true, Array)
#16 D:/0_Project_VS_Code/3. Sistem Basis Data/TB-K1-Database/lapak_gaming/vendor/laravel/framework/src/Illuminate/Database/Query/Builder.php(3546): Illuminate/Database/Query/Builder->runSelect()
#17 D:/0_Project_VS_Code/3. Sistem Basis Data/TB-K1-Database/lapak_gaming/vendor/laravel/framework/src/Illuminate/Cache/DatabaseStore.php(142): Illuminate/Database/Query/Builder->get()
#18 D:/0_Project_VS_Code/3. Sistem Basis Data/TB-K1-Database/lapak_gaming/vendor/laravel/framework/src/Illuminate/Cache/DatabaseStore.php(117): Illuminate/Cache/DatabaseStore->many(Array)
#19 D:/0_Project_VS_Code/3. Sistem Basis Data/TB-K1-Database/lapak_gaming/vendor/laravel/framework/src/Illuminate/Cache/Repository.php(124): Illuminate/Cache/DatabaseStore->get('illuminate:queu...')
#20 D:/0_Project_VS_Code/3. Sistem Basis Data/TB-K1-Database/lapak_gaming/vendor/laravel/framework/src/Illuminate/Queue/QueueManager.php(282): Illuminate/Cache/Repository->get('illuminate:queu...', false)
#21 D:/0_Project_VS_Code/3. Sistem Basis Data/TB-K1-Database/lapak_gaming/vendor/laravel/framework/src/Illuminate/Queue/Worker.php(428): Illuminate/Queue/QueueManager->isPaused('database', 'default')
#22 D:/0_Project_VS_Code/3. Sistem Basis Data/TB-K1-Database/lapak_gaming/vendor/laravel/framework/src/Illuminate/Queue/Worker.php(396): Illuminate/Queue/Worker->queuePaused('database', 'default')
#23 D:/0_Project_VS_Code/3. Sistem Basis Data/TB-K1-Database/lapak_gaming/vendor/laravel/framework/src/Illuminate/Queue/Worker.php(357): Illuminate/Queue/Worker->getNextJob(Object(Illuminate/Queue/DatabaseQueue), 'default')
#24 D:/0_Project_VS_Code/3. Sistem Basis Data/TB-K1-Database/lapak_gaming/vendor/laravel/framework/src/Illuminate/Queue/Console/WorkCommand.php(148): Illuminate/Queue/Worker->runNextJob('database', 'default', Object(Illuminate/Queue/WorkerOptions))
#25 D:/0_Project_VS_Code/3. Sistem Basis Data/TB-K1-Database/lapak_gaming/vendor/laravel/framework/src/Illuminate/Queue/Console/WorkCommand.php(131): Illuminate/Queue/Console/WorkCommand->runWorker('database', 'default')
#26 D:/0_Project_VS_Code/3. Sistem Basis Data/TB-K1-Database/lapak_gaming/vendor/laravel/framework/src/Illuminate/Container/BoundMethod.php(36): Illuminate/Queue/Console/WorkCommand->handle()
#27 D:/0_Project_VS_Code/3. Sistem Basis Data/TB-K1-Database/lapak_gaming/vendor/laravel/framework/src/Illuminate/Container/Util.php(43): Illuminate/Container/BoundMethod::{closure:Illuminate/Container/BoundMethod::call():35}()
#28 D:/0_Project_VS_Code/3. Sistem Basis Data/TB-K1-Database/lapak_gaming/vendor/laravel/framework/src/Illuminate/Container/BoundMethod.php(96): Illuminate/Container/Util::unwrapIfClosure(Object(Closure))
#29 D:/0_Project_VS_Code/3. Sistem Basis Data/TB-K1-Database/lapak_gaming/vendor/laravel/framework/src/Illuminate/Container/BoundMethod.php(35): Illuminate/Container/BoundMethod::callBoundMethod(Object(Illuminate/Foundation/Application), Array, Object(Closure))
#30 D:/0_Project_VS_Code/3. Sistem Basis Data/TB-K1-Database/lapak_gaming/vendor/laravel/framework/src/Illuminate/Container/Container.php(799): Illuminate/Container/BoundMethod::call(Object(Illuminate/Foundation/Application), Array, Array, NULL)
#31 D:/0_Project_VS_Code/3. Sistem Basis Data/TB-K1-Database/lapak_gaming/vendor/laravel/framework/src/Illuminate/Console/Command.php(280): Illuminate/Container/Container->call(Array)
#32 D:/0_Project_VS_Code/3. Sistem Basis Data/TB-K1-Database/lapak_gaming/vendor/symfony/console/Command/Command.php(291): Illuminate/Console/Command->execute(Object(Symfony/Component/Console/Input/ArgvInput), Object(Illuminate/Console/OutputStyle))
#33 D:/0_Project_VS_Code/3. Sistem Basis Data/TB-K1-Database/lapak_gaming/vendor/laravel/framework/src/Illuminate/Console/Command.php(249): Symfony/Component/Console/Command/Command->run(Object(Symfony/Component/Console/Input/ArgvInput), Object(Illuminate/Console/OutputStyle))
#34 D:/0_Project_VS_Code/3. Sistem Basis Data/TB-K1-Database/lapak_gaming/vendor/symfony/console/Application.php(1107): Illuminate/Console/Command->run(Object(Symfony/Component/Console/Input/ArgvInput), Object(Symfony/Component/Console/Output/ConsoleOutput))
#35 D:/0_Project_VS_Code/3. Sistem Basis Data/TB-K1-Database/lapak_gaming/vendor/symfony/console/Application.php(356): Symfony/Component/Console/Application->doRunCommand(Object(Illuminate/Queue/Console/WorkCommand), Object(Symfony/Component/Console/Input/ArgvInput), Object(Symfony/Component/Console/Output/ConsoleOutput))
#36 D:/0_Project_VS_Code/3. Sistem Basis Data/TB-K1-Database/lapak_gaming/vendor/symfony/console/Application.php(195): Symfony/Component/Console/Application->doRun(Object(Symfony/Component/Console/Input/ArgvInput), Object(Symfony/Component/Console/Output/ConsoleOutput))
#37 D:/0_Project_VS_Code/3. Sistem Basis Data/TB-K1-Database/lapak_gaming/vendor/laravel/framework/src/Illuminate/Foundation/Console/Kernel.php(198): Symfony/Component/Console/Application->run(Object(Symfony/Component/Console/Input/ArgvInput), Object(Symfony/Component/Console/Output/ConsoleOutput))
#38 D:/0_Project_VS_Code/3. Sistem Basis Data/TB-K1-Database/lapak_gaming/vendor/laravel/framework/src/Illuminate/Foundation/Application.php(1235): Illuminate/Foundation/Console/Kernel->handle(Object(Symfony/Component/Console/Input/ArgvInput), Object(Symfony/Component/Console/Output/ConsoleOutput))
#39 D:/0_Project_VS_Code/3. Sistem Basis Data/TB-K1-Database/lapak_gaming/artisan(16): Illuminate/Foundation/Application->handleCommand(Object(Symfony/Component/Console/Input/ArgvInput))
#40 {main}
"} 
[2026-04-01 06:23:59] local.ERROR: SQLSTATE[HY000] [2002] No connection could be made because the target machine actively refused it (Connection: mysql, Host: 127.0.0.1, Port: 3306, Database: lapak_gaming, SQL: select * from `cache` where `key` in (laravel-cache-illuminate:queue:paused:database:default)) {"exception":"[object] (Illuminate\\Database\\QueryException(code: 2002): SQLSTATE[HY000] [2002] No connection could be made because the target machine actively refused it (Connection: mysql, Host: 127.0.0.1, Port: 3306, Database: lapak_gaming, SQL: select * from `cache` where `key` in (laravel-cache-illuminate:queue:paused:database:default)) at D:/0_Project_VS_Code/3. Sistem Basis Data/TB-K1-Database/lapak_gaming/vendor/laravel/framework/src/Illuminate/Database/Connection.php:841)
[stacktrace]
#0 D:/0_Project_VS_Code/3. Sistem Basis Data/TB-K1-Database/lapak_gaming/vendor/laravel/framework/src/Illuminate/Database/Connection.php(1021): Illuminate/Database/Connection->runQueryCallback('select * from `...', Array, Object(Closure))
#1 D:/0_Project_VS_Code/3. Sistem Basis Data/TB-K1-Database/lapak_gaming/vendor/laravel/framework/src/Illuminate/Database/Connection.php(1000): Illuminate/Database/Connection->tryAgainIfCausedByLostConnection(Object(Illuminate/Database/QueryException), 'select * from `...', Array, Object(Closure))
#2 D:/0_Project_VS_Code/3. Sistem Basis Data/TB-K1-Database/lapak_gaming/vendor/laravel/framework/src/Illuminate/Database/Connection.php(799): Illuminate/Database/Connection->handleQueryException(Object(Illuminate/Database/QueryException), 'select * from `...', Array, Object(Closure))
#3 D:/0_Project_VS_Code/3. Sistem Basis Data/TB-K1-Database/lapak_gaming/vendor/laravel/framework/src/Illuminate/Database/Connection.php(412): Illuminate/Database/Connection->run('select * from `...', Array, Object(Closure))
#4 D:/0_Project_VS_Code/3. Sistem Basis Data/TB-K1-Database/lapak_gaming/vendor/laravel/framework/src/Illuminate/Database/Query/Builder.php(3562): Illuminate/Database/Connection->select('select * from `...', Array, true, Array)
#5 D:/0_Project_VS_Code/3. Sistem Basis Data/TB-K1-Database/lapak_gaming/vendor/laravel/framework/src/Illuminate/Database/Query/Builder.php(3546): Illuminate/Database/Query/Builder->runSelect()
#6 D:/0_Project_VS_Code/3. Sistem Basis Data/TB-K1-Database/lapak_gaming/vendor/laravel/framework/src/Illuminate/Cache/DatabaseStore.php(142): Illuminate/Database/Query/Builder->get()
#7 D:/0_Project_VS_Code/3. Sistem Basis Data/TB-K1-Database/lapak_gaming/vendor/laravel/framework/src/Illuminate/Cache/DatabaseStore.php(117): Illuminate/Cache/DatabaseStore->many(Array)
#8 D:/0_Project_VS_Code/3. Sistem Basis Data/TB-K1-Database/lapak_gaming/vendor/laravel/framework/src/Illuminate/Cache/Repository.php(124): Illuminate/Cache/DatabaseStore->get('illuminate:queu...')
#9 D:/0_Project_VS_Code/3. Sistem Basis Data/TB-K1-Database/lapak_gaming/vendor/laravel/framework/src/Illuminate/Queue/QueueManager.php(282): Illuminate/Cache/Repository->get('illuminate:queu...', false)
#10 D:/0_Project_VS_Code/3. Sistem Basis Data/TB-K1-Database/lapak_gaming/vendor/laravel/framework/src/Illuminate/Queue/Worker.php(428): Illuminate/Queue/QueueManager->isPaused('database', 'default')
#11 D:/0_Project_VS_Code/3. Sistem Basis Data/TB-K1-Database/lapak_gaming/vendor/laravel/framework/src/Illuminate/Queue/Worker.php(396): Illuminate/Queue/Worker->queuePaused('database', 'default')
#12 D:/0_Project_VS_Code/3. Sistem Basis Data/TB-K1-Database/lapak_gaming/vendor/laravel/framework/src/Illuminate/Queue/Worker.php(357): Illuminate/Queue/Worker->getNextJob(Object(Illuminate/Queue/DatabaseQueue), 'default')
#13 D:/0_Project_VS_Code/3. Sistem Basis Data/TB-K1-Database/lapak_gaming/vendor/laravel/framework/src/Illuminate/Queue/Console/WorkCommand.php(148): Illuminate/Queue/Worker->runNextJob('database', 'default', Object(Illuminate/Queue/WorkerOptions))
#14 D:/0_Project_VS_Code/3. Sistem Basis Data/TB-K1-Database/lapak_gaming/vendor/laravel/framework/src/Illuminate/Queue/Console/WorkCommand.php(131): Illuminate/Queue/Console/WorkCommand->runWorker('database', 'default')
#15 D:/0_Project_VS_Code/3. Sistem Basis Data/TB-K1-Database/lapak_gaming/vendor/laravel/framework/src/Illuminate/Container/BoundMethod.php(36): Illuminate/Queue/Console/WorkCommand->handle()
#16 D:/0_Project_VS_Code/3. Sistem Basis Data/TB-K1-Database/lapak_gaming/vendor/laravel/framework/src/Illuminate/Container/Util.php(43): Illuminate/Container/BoundMethod::{closure:Illuminate/Container/BoundMethod::call():35}()
#17 D:/0_Project_VS_Code/3. Sistem Basis Data/TB-K1-Database/lapak_gaming/vendor/laravel/framework/src/Illuminate/Container/BoundMethod.php(96): Illuminate/Container/Util::unwrapIfClosure(Object(Closure))
#18 D:/0_Project_VS_Code/3. Sistem Basis Data/TB-K1-Database/lapak_gaming/vendor/laravel/framework/src/Illuminate/Container/BoundMethod.php(35): Illuminate/Container/BoundMethod::callBoundMethod(Object(Illuminate/Foundation/Application), Array, Object(Closure))
#19 D:/0_Project_VS_Code/3. Sistem Basis Data/TB-K1-Database/lapak_gaming/vendor/laravel/framework/src/Illuminate/Container/Container.php(799): Illuminate/Container/BoundMethod::call(Object(Illuminate/Foundation/Application), Array, Array, NULL)
#20 D:/0_Project_VS_Code/3. Sistem Basis Data/TB-K1-Database/lapak_gaming/vendor/laravel/framework/src/Illuminate/Console/Command.php(280): Illuminate/Container/Container->call(Array)
#21 D:/0_Project_VS_Code/3. Sistem Basis Data/TB-K1-Database/lapak_gaming/vendor/symfony/console/Command/Command.php(291): Illuminate/Console/Command->execute(Object(Symfony/Component/Console/Input/ArgvInput), Object(Illuminate/Console/OutputStyle))
#22 D:/0_Project_VS_Code/3. Sistem Basis Data/TB-K1-Database/lapak_gaming/vendor/laravel/framework/src/Illuminate/Console/Command.php(249): Symfony/Component/Console/Command/Command->run(Object(Symfony/Component/Console/Input/ArgvInput), Object(Illuminate/Console/OutputStyle))
#23 D:/0_Project_VS_Code/3. Sistem Basis Data/TB-K1-Database/lapak_gaming/vendor/symfony/console/Application.php(1107): Illuminate/Console/Command->run(Object(Symfony/Component/Console/Input/ArgvInput), Object(Symfony/Component/Console/Output/ConsoleOutput))
#24 D:/0_Project_VS_Code/3. Sistem Basis Data/TB-K1-Database/lapak_gaming/vendor/symfony/console/Application.php(356): Symfony/Component/Console/Application->doRunCommand(Object(Illuminate/Queue/Console/WorkCommand), Object(Symfony/Component/Console/Input/ArgvInput), Object(Symfony/Component/Console/Output/ConsoleOutput))
#25 D:/0_Project_VS_Code/3. Sistem Basis Data/TB-K1-Database/lapak_gaming/vendor/symfony/console/Application.php(195): Symfony/Component/Console/Application->doRun(Object(Symfony/Component/Console/Input/ArgvInput), Object(Symfony/Component/Console/Output/ConsoleOutput))
#26 D:/0_Project_VS_Code/3. Sistem Basis Data/TB-K1-Database/lapak_gaming/vendor/laravel/framework/src/Illuminate/Foundation/Console/Kernel.php(198): Symfony/Component/Console/Application->run(Object(Symfony/Component/Console/Input/ArgvInput), Object(Symfony/Component/Console/Output/ConsoleOutput))
#27 D:/0_Project_VS_Code/3. Sistem Basis Data/TB-K1-Database/lapak_gaming/vendor/laravel/framework/src/Illuminate/Foundation/Application.php(1235): Illuminate/Foundation/Console/Kernel->handle(Object(Symfony/Component/Console/Input/ArgvInput), Object(Symfony/Component/Console/Output/ConsoleOutput))
#28 D:/0_Project_VS_Code/3. Sistem Basis Data/TB-K1-Database/lapak_gaming/artisan(16): Illuminate/Foundation/Application->handleCommand(Object(Symfony/Component/Console/Input/ArgvInput))
#29 {main}

[previous exception] [object] (PDOException(code: 2002): SQLSTATE[HY000] [2002] No connection could be made because the target machine actively refused it at D:/0_Project_VS_Code/3. Sistem Basis Data/TB-K1-Database/lapak_gaming/vendor/laravel/framework/src/Illuminate/Database/Connectors/Connector.php:67)
[stacktrace]
#0 D:/0_Project_VS_Code/3. Sistem Basis Data/TB-K1-Database/lapak_gaming/vendor/laravel/framework/src/Illuminate/Database/Connectors/Connector.php(67): PDO::connect('mysql:host=127....', 'root', Object(SensitiveParameterValue), Array)
#1 D:/0_Project_VS_Code/3. Sistem Basis Data/TB-K1-Database/lapak_gaming/vendor/laravel/framework/src/Illuminate/Database/Connectors/Connector.php(85): Illuminate/Database/Connectors/Connector->createPdoConnection('mysql:host=127....', 'root', Object(SensitiveParameterValue), Array)
#2 D:/0_Project_VS_Code/3. Sistem Basis Data/TB-K1-Database/lapak_gaming/vendor/laravel/framework/src/Illuminate/Database/Connectors/Connector.php(48): Illuminate/Database/Connectors/Connector->tryAgainIfCausedByLostConnection(Object(PDOException), 'mysql:host=127....', 'root', Object(SensitiveParameterValue), Array)
#3 D:/0_Project_VS_Code/3. Sistem Basis Data/TB-K1-Database/lapak_gaming/vendor/laravel/framework/src/Illuminate/Database/Connectors/MySqlConnector.php(24): Illuminate/Database/Connectors/Connector->createConnection('mysql:host=127....', Array, Array)
#4 D:/0_Project_VS_Code/3. Sistem Basis Data/TB-K1-Database/lapak_gaming/vendor/laravel/framework/src/Illuminate/Database/Connectors/ConnectionFactory.php(186): Illuminate/Database/Connectors/MySqlConnector->connect(Array)
#5 [internal function]: Illuminate/Database/Connectors/ConnectionFactory->{closure:Illuminate/Database/Connectors/ConnectionFactory::createPdoResolverWithHosts():181}()
#6 D:/0_Project_VS_Code/3. Sistem Basis Data/TB-K1-Database/lapak_gaming/vendor/laravel/framework/src/Illuminate/Database/Connection.php(1279): call_user_func(Object(Closure))
#7 D:/0_Project_VS_Code/3. Sistem Basis Data/TB-K1-Database/lapak_gaming/vendor/laravel/framework/src/Illuminate/Database/Connection.php(1317): Illuminate/Database/Connection->getPdo()
#8 D:/0_Project_VS_Code/3. Sistem Basis Data/TB-K1-Database/lapak_gaming/vendor/laravel/framework/src/Illuminate/Database/Connection.php(528): Illuminate/Database/Connection->getReadPdo()
#9 D:/0_Project_VS_Code/3. Sistem Basis Data/TB-K1-Database/lapak_gaming/vendor/laravel/framework/src/Illuminate/Database/Connection.php(421): Illuminate/Database/Connection->getPdoForSelect(true)
#10 D:/0_Project_VS_Code/3. Sistem Basis Data/TB-K1-Database/lapak_gaming/vendor/laravel/framework/src/Illuminate/Database/Connection.php(830): Illuminate/Database/Connection->{closure:Illuminate/Database/Connection::select():412}('select * from `...', Array)
#11 D:/0_Project_VS_Code/3. Sistem Basis Data/TB-K1-Database/lapak_gaming/vendor/laravel/framework/src/Illuminate/Database/Connection.php(1021): Illuminate/Database/Connection->runQueryCallback('select * from `...', Array, Object(Closure))
#12 D:/0_Project_VS_Code/3. Sistem Basis Data/TB-K1-Database/lapak_gaming/vendor/laravel/framework/src/Illuminate/Database/Connection.php(1000): Illuminate/Database/Connection->tryAgainIfCausedByLostConnection(Object(Illuminate/Database/QueryException), 'select * from `...', Array, Object(Closure))
#13 D:/0_Project_VS_Code/3. Sistem Basis Data/TB-K1-Database/lapak_gaming/vendor/laravel/framework/src/Illuminate/Database/Connection.php(799): Illuminate/Database/Connection->handleQueryException(Object(Illuminate/Database/QueryException), 'select * from `...', Array, Object(Closure))
#14 D:/0_Project_VS_Code/3. Sistem Basis Data/TB-K1-Database/lapak_gaming/vendor/laravel/framework/src/Illuminate/Database/Connection.php(412): Illuminate/Database/Connection->run('select * from `...', Array, Object(Closure))
#15 D:/0_Project_VS_Code/3. Sistem Basis Data/TB-K1-Database/lapak_gaming/vendor/laravel/framework/src/Illuminate/Database/Query/Builder.php(3562): Illuminate/Database/Connection->select('select * from `...', Array, true, Array)
#16 D:/0_Project_VS_Code/3. Sistem Basis Data/TB-K1-Database/lapak_gaming/vendor/laravel/framework/src/Illuminate/Database/Query/Builder.php(3546): Illuminate/Database/Query/Builder->runSelect()
#17 D:/0_Project_VS_Code/3. Sistem Basis Data/TB-K1-Database/lapak_gaming/vendor/laravel/framework/src/Illuminate/Cache/DatabaseStore.php(142): Illuminate/Database/Query/Builder->get()
#18 D:/0_Project_VS_Code/3. Sistem Basis Data/TB-K1-Database/lapak_gaming/vendor/laravel/framework/src/Illuminate/Cache/DatabaseStore.php(117): Illuminate/Cache/DatabaseStore->many(Array)
#19 D:/0_Project_VS_Code/3. Sistem Basis Data/TB-K1-Database/lapak_gaming/vendor/laravel/framework/src/Illuminate/Cache/Repository.php(124): Illuminate/Cache/DatabaseStore->get('illuminate:queu...')
#20 D:/0_Project_VS_Code/3. Sistem Basis Data/TB-K1-Database/lapak_gaming/vendor/laravel/framework/src/Illuminate/Queue/QueueManager.php(282): Illuminate/Cache/Repository->get('illuminate:queu...', false)
#21 D:/0_Project_VS_Code/3. Sistem Basis Data/TB-K1-Database/lapak_gaming/vendor/laravel/framework/src/Illuminate/Queue/Worker.php(428): Illuminate/Queue/QueueManager->isPaused('database', 'default')
#22 D:/0_Project_VS_Code/3. Sistem Basis Data/TB-K1-Database/lapak_gaming/vendor/laravel/framework/src/Illuminate/Queue/Worker.php(396): Illuminate/Queue/Worker->queuePaused('database', 'default')
#23 D:/0_Project_VS_Code/3. Sistem Basis Data/TB-K1-Database/lapak_gaming/vendor/laravel/framework/src/Illuminate/Queue/Worker.php(357): Illuminate/Queue/Worker->getNextJob(Object(Illuminate/Queue/DatabaseQueue), 'default')
#24 D:/0_Project_VS_Code/3. Sistem Basis Data/TB-K1-Database/lapak_gaming/vendor/laravel/framework/src/Illuminate/Queue/Console/WorkCommand.php(148): Illuminate/Queue/Worker->runNextJob('database', 'default', Object(Illuminate/Queue/WorkerOptions))
#25 D:/0_Project_VS_Code/3. Sistem Basis Data/TB-K1-Database/lapak_gaming/vendor/laravel/framework/src/Illuminate/Queue/Console/WorkCommand.php(131): Illuminate/Queue/Console/WorkCommand->runWorker('database', 'default')
#26 D:/0_Project_VS_Code/3. Sistem Basis Data/TB-K1-Database/lapak_gaming/vendor/laravel/framework/src/Illuminate/Container/BoundMethod.php(36): Illuminate/Queue/Console/WorkCommand->handle()
#27 D:/0_Project_VS_Code/3. Sistem Basis Data/TB-K1-Database/lapak_gaming/vendor/laravel/framework/src/Illuminate/Container/Util.php(43): Illuminate/Container/BoundMethod::{closure:Illuminate/Container/BoundMethod::call():35}()
#28 D:/0_Project_VS_Code/3. Sistem Basis Data/TB-K1-Database/lapak_gaming/vendor/laravel/framework/src/Illuminate/Container/BoundMethod.php(96): Illuminate/Container/Util::unwrapIfClosure(Object(Closure))
#29 D:/0_Project_VS_Code/3. Sistem Basis Data/TB-K1-Database/lapak_gaming/vendor/laravel/framework/src/Illuminate/Container/BoundMethod.php(35): Illuminate/Container/BoundMethod::callBoundMethod(Object(Illuminate/Foundation/Application), Array, Object(Closure))
#30 D:/0_Project_VS_Code/3. Sistem Basis Data/TB-K1-Database/lapak_gaming/vendor/laravel/framework/src/Illuminate/Container/Container.php(799): Illuminate/Container/BoundMethod::call(Object(Illuminate/Foundation/Application), Array, Array, NULL)
#31 D:/0_Project_VS_Code/3. Sistem Basis Data/TB-K1-Database/lapak_gaming/vendor/laravel/framework/src/Illuminate/Console/Command.php(280): Illuminate/Container/Container->call(Array)
#32 D:/0_Project_VS_Code/3. Sistem Basis Data/TB-K1-Database/lapak_gaming/vendor/symfony/console/Command/Command.php(291): Illuminate/Console/Command->execute(Object(Symfony/Component/Console/Input/ArgvInput), Object(Illuminate/Console/OutputStyle))
#33 D:/0_Project_VS_Code/3. Sistem Basis Data/TB-K1-Database/lapak_gaming/vendor/laravel/framework/src/Illuminate/Console/Command.php(249): Symfony/Component/Console/Command/Command->run(Object(Symfony/Component/Console/Input/ArgvInput), Object(Illuminate/Console/OutputStyle))
#34 D:/0_Project_VS_Code/3. Sistem Basis Data/TB-K1-Database/lapak_gaming/vendor/symfony/console/Application.php(1107): Illuminate/Console/Command->run(Object(Symfony/Component/Console/Input/ArgvInput), Object(Symfony/Component/Console/Output/ConsoleOutput))
#35 D:/0_Project_VS_Code/3. Sistem Basis Data/TB-K1-Database/lapak_gaming/vendor/symfony/console/Application.php(356): Symfony/Component/Console/Application->doRunCommand(Object(Illuminate/Queue/Console/WorkCommand), Object(Symfony/Component/Console/Input/ArgvInput), Object(Symfony/Component/Console/Output/ConsoleOutput))
#36 D:/0_Project_VS_Code/3. Sistem Basis Data/TB-K1-Database/lapak_gaming/vendor/symfony/console/Application.php(195): Symfony/Component/Console/Application->doRun(Object(Symfony/Component/Console/Input/ArgvInput), Object(Symfony/Component/Console/Output/ConsoleOutput))
#37 D:/0_Project_VS_Code/3. Sistem Basis Data/TB-K1-Database/lapak_gaming/vendor/laravel/framework/src/Illuminate/Foundation/Console/Kernel.php(198): Symfony/Component/Console/Application->run(Object(Symfony/Component/Console/Input/ArgvInput), Object(Symfony/Component/Console/Output/ConsoleOutput))
#38 D:/0_Project_VS_Code/3. Sistem Basis Data/TB-K1-Database/lapak_gaming/vendor/laravel/framework/src/Illuminate/Foundation/Application.php(1235): Illuminate/Foundation/Console/Kernel->handle(Object(Symfony/Component/Console/Input/ArgvInput), Object(Symfony/Component/Console/Output/ConsoleOutput))
#39 D:/0_Project_VS_Code/3. Sistem Basis Data/TB-K1-Database/lapak_gaming/artisan(16): Illuminate/Foundation/Application->handleCommand(Object(Symfony/Component/Console/Input/ArgvInput))
#40 {main}
"} 
[2026-04-01 06:24:12] local.ERROR: SQLSTATE[HY000] [2002] No connection could be made because the target machine actively refused it (Connection: mysql, Host: 127.0.0.1, Port: 3306, Database: lapak_gaming, SQL: select * from `cache` where `key` in (laravel-cache-illuminate:queue:paused:database:default)) {"exception":"[object] (Illuminate\\Database\\QueryException(code: 2002): SQLSTATE[HY000] [2002] No connection could be made because the target machine actively refused it (Connection: mysql, Host: 127.0.0.1, Port: 3306, Database: lapak_gaming, SQL: select * from `cache` where `key` in (laravel-cache-illuminate:queue:paused:database:default)) at D:/0_Project_VS_Code/3. Sistem Basis Data/TB-K1-Database/lapak_gaming/vendor/laravel/framework/src/Illuminate/Database/Connection.php:841)
[stacktrace]
#0 D:/0_Project_VS_Code/3. Sistem Basis Data/TB-K1-Database/lapak_gaming/vendor/laravel/framework/src/Illuminate/Database/Connection.php(1021): Illuminate/Database/Connection->runQueryCallback('select * from `...', Array, Object(Closure))
#1 D:/0_Project_VS_Code/3. Sistem Basis Data/TB-K1-Database/lapak_gaming/vendor/laravel/framework/src/Illuminate/Database/Connection.php(1000): Illuminate/Database/Connection->tryAgainIfCausedByLostConnection(Object(Illuminate/Database/QueryException), 'select * from `...', Array, Object(Closure))
#2 D:/0_Project_VS_Code/3. Sistem Basis Data/TB-K1-Database/lapak_gaming/vendor/laravel/framework/src/Illuminate/Database/Connection.php(799): Illuminate/Database/Connection->handleQueryException(Object(Illuminate/Database/QueryException), 'select * from `...', Array, Object(Closure))
#3 D:/0_Project_VS_Code/3. Sistem Basis Data/TB-K1-Database/lapak_gaming/vendor/laravel/framework/src/Illuminate/Database/Connection.php(412): Illuminate/Database/Connection->run('select * from `...', Array, Object(Closure))
#4 D:/0_Project_VS_Code/3. Sistem Basis Data/TB-K1-Database/lapak_gaming/vendor/laravel/framework/src/Illuminate/Database/Query/Builder.php(3562): Illuminate/Database/Connection->select('select * from `...', Array, true, Array)
#5 D:/0_Project_VS_Code/3. Sistem Basis Data/TB-K1-Database/lapak_gaming/vendor/laravel/framework/src/Illuminate/Database/Query/Builder.php(3546): Illuminate/Database/Query/Builder->runSelect()
#6 D:/0_Project_VS_Code/3. Sistem Basis Data/TB-K1-Database/lapak_gaming/vendor/laravel/framework/src/Illuminate/Cache/DatabaseStore.php(142): Illuminate/Database/Query/Builder->get()
#7 D:/0_Project_VS_Code/3. Sistem Basis Data/TB-K1-Database/lapak_gaming/vendor/laravel/framework/src/Illuminate/Cache/DatabaseStore.php(117): Illuminate/Cache/DatabaseStore->many(Array)
#8 D:/0_Project_VS_Code/3. Sistem Basis Data/TB-K1-Database/lapak_gaming/vendor/laravel/framework/src/Illuminate/Cache/Repository.php(124): Illuminate/Cache/DatabaseStore->get('illuminate:queu...')
#9 D:/0_Project_VS_Code/3. Sistem Basis Data/TB-K1-Database/lapak_gaming/vendor/laravel/framework/src/Illuminate/Queue/QueueManager.php(282): Illuminate/Cache/Repository->get('illuminate:queu...', false)
#10 D:/0_Project_VS_Code/3. Sistem Basis Data/TB-K1-Database/lapak_gaming/vendor/laravel/framework/src/Illuminate/Queue/Worker.php(428): Illuminate/Queue/QueueManager->isPaused('database', 'default')
#11 D:/0_Project_VS_Code/3. Sistem Basis Data/TB-K1-Database/lapak_gaming/vendor/laravel/framework/src/Illuminate/Queue/Worker.php(396): Illuminate/Queue/Worker->queuePaused('database', 'default')
#12 D:/0_Project_VS_Code/3. Sistem Basis Data/TB-K1-Database/lapak_gaming/vendor/laravel/framework/src/Illuminate/Queue/Worker.php(357): Illuminate/Queue/Worker->getNextJob(Object(Illuminate/Queue/DatabaseQueue), 'default')
#13 D:/0_Project_VS_Code/3. Sistem Basis Data/TB-K1-Database/lapak_gaming/vendor/laravel/framework/src/Illuminate/Queue/Console/WorkCommand.php(148): Illuminate/Queue/Worker->runNextJob('database', 'default', Object(Illuminate/Queue/WorkerOptions))
#14 D:/0_Project_VS_Code/3. Sistem Basis Data/TB-K1-Database/lapak_gaming/vendor/laravel/framework/src/Illuminate/Queue/Console/WorkCommand.php(131): Illuminate/Queue/Console/WorkCommand->runWorker('database', 'default')
#15 D:/0_Project_VS_Code/3. Sistem Basis Data/TB-K1-Database/lapak_gaming/vendor/laravel/framework/src/Illuminate/Container/BoundMethod.php(36): Illuminate/Queue/Console/WorkCommand->handle()
#16 D:/0_Project_VS_Code/3. Sistem Basis Data/TB-K1-Database/lapak_gaming/vendor/laravel/framework/src/Illuminate/Container/Util.php(43): Illuminate/Container/BoundMethod::{closure:Illuminate/Container/BoundMethod::call():35}()
#17 D:/0_Project_VS_Code/3. Sistem Basis Data/TB-K1-Database/lapak_gaming/vendor/laravel/framework/src/Illuminate/Container/BoundMethod.php(96): Illuminate/Container/Util::unwrapIfClosure(Object(Closure))
#18 D:/0_Project_VS_Code/3. Sistem Basis Data/TB-K1-Database/lapak_gaming/vendor/laravel/framework/src/Illuminate/Container/BoundMethod.php(35): Illuminate/Container/BoundMethod::callBoundMethod(Object(Illuminate/Foundation/Application), Array, Object(Closure))
#19 D:/0_Project_VS_Code/3. Sistem Basis Data/TB-K1-Database/lapak_gaming/vendor/laravel/framework/src/Illuminate/Container/Container.php(799): Illuminate/Container/BoundMethod::call(Object(Illuminate/Foundation/Application), Array, Array, NULL)
#20 D:/0_Project_VS_Code/3. Sistem Basis Data/TB-K1-Database/lapak_gaming/vendor/laravel/framework/src/Illuminate/Console/Command.php(280): Illuminate/Container/Container->call(Array)
#21 D:/0_Project_VS_Code/3. Sistem Basis Data/TB-K1-Database/lapak_gaming/vendor/symfony/console/Command/Command.php(291): Illuminate/Console/Command->execute(Object(Symfony/Component/Console/Input/ArgvInput), Object(Illuminate/Console/OutputStyle))
#22 D:/0_Project_VS_Code/3. Sistem Basis Data/TB-K1-Database/lapak_gaming/vendor/laravel/framework/src/Illuminate/Console/Command.php(249): Symfony/Component/Console/Command/Command->run(Object(Symfony/Component/Console/Input/ArgvInput), Object(Illuminate/Console/OutputStyle))
#23 D:/0_Project_VS_Code/3. Sistem Basis Data/TB-K1-Database/lapak_gaming/vendor/symfony/console/Application.php(1107): Illuminate/Console/Command->run(Object(Symfony/Component/Console/Input/ArgvInput), Object(Symfony/Component/Console/Output/ConsoleOutput))
#24 D:/0_Project_VS_Code/3. Sistem Basis Data/TB-K1-Database/lapak_gaming/vendor/symfony/console/Application.php(356): Symfony/Component/Console/Application->doRunCommand(Object(Illuminate/Queue/Console/WorkCommand), Object(Symfony/Component/Console/Input/ArgvInput), Object(Symfony/Component/Console/Output/ConsoleOutput))
#25 D:/0_Project_VS_Code/3. Sistem Basis Data/TB-K1-Database/lapak_gaming/vendor/symfony/console/Application.php(195): Symfony/Component/Console/Application->doRun(Object(Symfony/Component/Console/Input/ArgvInput), Object(Symfony/Component/Console/Output/ConsoleOutput))
#26 D:/0_Project_VS_Code/3. Sistem Basis Data/TB-K1-Database/lapak_gaming/vendor/laravel/framework/src/Illuminate/Foundation/Console/Kernel.php(198): Symfony/Component/Console/Application->run(Object(Symfony/Component/Console/Input/ArgvInput), Object(Symfony/Component/Console/Output/ConsoleOutput))
#27 D:/0_Project_VS_Code/3. Sistem Basis Data/TB-K1-Database/lapak_gaming/vendor/laravel/framework/src/Illuminate/Foundation/Application.php(1235): Illuminate/Foundation/Console/Kernel->handle(Object(Symfony/Component/Console/Input/ArgvInput), Object(Symfony/Component/Console/Output/ConsoleOutput))
#28 D:/0_Project_VS_Code/3. Sistem Basis Data/TB-K1-Database/lapak_gaming/artisan(16): Illuminate/Foundation/Application->handleCommand(Object(Symfony/Component/Console/Input/ArgvInput))
#29 {main}

[previous exception] [object] (PDOException(code: 2002): SQLSTATE[HY000] [2002] No connection could be made because the target machine actively refused it at D:/0_Project_VS_Code/3. Sistem Basis Data/TB-K1-Database/lapak_gaming/vendor/laravel/framework/src/Illuminate/Database/Connectors/Connector.php:67)
[stacktrace]
#0 D:/0_Project_VS_Code/3. Sistem Basis Data/TB-K1-Database/lapak_gaming/vendor/laravel/framework/src/Illuminate/Database/Connectors/Connector.php(67): PDO::connect('mysql:host=127....', 'root', Object(SensitiveParameterValue), Array)
#1 D:/0_Project_VS_Code/3. Sistem Basis Data/TB-K1-Database/lapak_gaming/vendor/laravel/framework/src/Illuminate/Database/Connectors/Connector.php(85): Illuminate/Database/Connectors/Connector->createPdoConnection('mysql:host=127....', 'root', Object(SensitiveParameterValue), Array)
#2 D:/0_Project_VS_Code/3. Sistem Basis Data/TB-K1-Database/lapak_gaming/vendor/laravel/framework/src/Illuminate/Database/Connectors/Connector.php(48): Illuminate/Database/Connectors/Connector->tryAgainIfCausedByLostConnection(Object(PDOException), 'mysql:host=127....', 'root', Object(SensitiveParameterValue), Array)
#3 D:/0_Project_VS_Code/3. Sistem Basis Data/TB-K1-Database/lapak_gaming/vendor/laravel/framework/src/Illuminate/Database/Connectors/MySqlConnector.php(24): Illuminate/Database/Connectors/Connector->createConnection('mysql:host=127....', Array, Array)
#4 D:/0_Project_VS_Code/3. Sistem Basis Data/TB-K1-Database/lapak_gaming/vendor/laravel/framework/src/Illuminate/Database/Connectors/ConnectionFactory.php(186): Illuminate/Database/Connectors/MySqlConnector->connect(Array)
#5 [internal function]: Illuminate/Database/Connectors/ConnectionFactory->{closure:Illuminate/Database/Connectors/ConnectionFactory::createPdoResolverWithHosts():181}()
#6 D:/0_Project_VS_Code/3. Sistem Basis Data/TB-K1-Database/lapak_gaming/vendor/laravel/framework/src/Illuminate/Database/Connection.php(1279): call_user_func(Object(Closure))
#7 D:/0_Project_VS_Code/3. Sistem Basis Data/TB-K1-Database/lapak_gaming/vendor/laravel/framework/src/Illuminate/Database/Connection.php(1317): Illuminate/Database/Connection->getPdo()
#8 D:/0_Project_VS_Code/3. Sistem Basis Data/TB-K1-Database/lapak_gaming/vendor/laravel/framework/src/Illuminate/Database/Connection.php(528): Illuminate/Database/Connection->getReadPdo()
#9 D:/0_Project_VS_Code/3. Sistem Basis Data/TB-K1-Database/lapak_gaming/vendor/laravel/framework/src/Illuminate/Database/Connection.php(421): Illuminate/Database/Connection->getPdoForSelect(true)
#10 D:/0_Project_VS_Code/3. Sistem Basis Data/TB-K1-Database/lapak_gaming/vendor/laravel/framework/src/Illuminate/Database/Connection.php(830): Illuminate/Database/Connection->{closure:Illuminate/Database/Connection::select():412}('select * from `...', Array)
#11 D:/0_Project_VS_Code/3. Sistem Basis Data/TB-K1-Database/lapak_gaming/vendor/laravel/framework/src/Illuminate/Database/Connection.php(1021): Illuminate/Database/Connection->runQueryCallback('select * from `...', Array, Object(Closure))
#12 D:/0_Project_VS_Code/3. Sistem Basis Data/TB-K1-Database/lapak_gaming/vendor/laravel/framework/src/Illuminate/Database/Connection.php(1000): Illuminate/Database/Connection->tryAgainIfCausedByLostConnection(Object(Illuminate/Database/QueryException), 'select * from `...', Array, Object(Closure))
#13 D:/0_Project_VS_Code/3. Sistem Basis Data/TB-K1-Database/lapak_gaming/vendor/laravel/framework/src/Illuminate/Database/Connection.php(799): Illuminate/Database/Connection->handleQueryException(Object(Illuminate/Database/QueryException), 'select * from `...', Array, Object(Closure))
#14 D:/0_Project_VS_Code/3. Sistem Basis Data/TB-K1-Database/lapak_gaming/vendor/laravel/framework/src/Illuminate/Database/Connection.php(412): Illuminate/Database/Connection->run('select * from `...', Array, Object(Closure))
#15 D:/0_Project_VS_Code/3. Sistem Basis Data/TB-K1-Database/lapak_gaming/vendor/laravel/framework/src/Illuminate/Database/Query/Builder.php(3562): Illuminate/Database/Connection->select('select * from `...', Array, true, Array)
#16 D:/0_Project_VS_Code/3. Sistem Basis Data/TB-K1-Database/lapak_gaming/vendor/laravel/framework/src/Illuminate/Database/Query/Builder.php(3546): Illuminate/Database/Query/Builder->runSelect()
#17 D:/0_Project_VS_Code/3. Sistem Basis Data/TB-K1-Database/lapak_gaming/vendor/laravel/framework/src/Illuminate/Cache/DatabaseStore.php(142): Illuminate/Database/Query/Builder->get()
#18 D:/0_Project_VS_Code/3. Sistem Basis Data/TB-K1-Database/lapak_gaming/vendor/laravel/framework/src/Illuminate/Cache/DatabaseStore.php(117): Illuminate/Cache/DatabaseStore->many(Array)
#19 D:/0_Project_VS_Code/3. Sistem Basis Data/TB-K1-Database/lapak_gaming/vendor/laravel/framework/src/Illuminate/Cache/Repository.php(124): Illuminate/Cache/DatabaseStore->get('illuminate:queu...')
#20 D:/0_Project_VS_Code/3. Sistem Basis Data/TB-K1-Database/lapak_gaming/vendor/laravel/framework/src/Illuminate/Queue/QueueManager.php(282): Illuminate/Cache/Repository->get('illuminate:queu...', false)
#21 D:/0_Project_VS_Code/3. Sistem Basis Data/TB-K1-Database/lapak_gaming/vendor/laravel/framework/src/Illuminate/Queue/Worker.php(428): Illuminate/Queue/QueueManager->isPaused('database', 'default')
#22 D:/0_Project_VS_Code/3. Sistem Basis Data/TB-K1-Database/lapak_gaming/vendor/laravel/framework/src/Illuminate/Queue/Worker.php(396): Illuminate/Queue/Worker->queuePaused('database', 'default')
#23 D:/0_Project_VS_Code/3. Sistem Basis Data/TB-K1-Database/lapak_gaming/vendor/laravel/framework/src/Illuminate/Queue/Worker.php(357): Illuminate/Queue/Worker->getNextJob(Object(Illuminate/Queue/DatabaseQueue), 'default')
#24 D:/0_Project_VS_Code/3. Sistem Basis Data/TB-K1-Database/lapak_gaming/vendor/laravel/framework/src/Illuminate/Queue/Console/WorkCommand.php(148): Illuminate/Queue/Worker->runNextJob('database', 'default', Object(Illuminate/Queue/WorkerOptions))
#25 D:/0_Project_VS_Code/3. Sistem Basis Data/TB-K1-Database/lapak_gaming/vendor/laravel/framework/src/Illuminate/Queue/Console/WorkCommand.php(131): Illuminate/Queue/Console/WorkCommand->runWorker('database', 'default')
#26 D:/0_Project_VS_Code/3. Sistem Basis Data/TB-K1-Database/lapak_gaming/vendor/laravel/framework/src/Illuminate/Container/BoundMethod.php(36): Illuminate/Queue/Console/WorkCommand->handle()
#27 D:/0_Project_VS_Code/3. Sistem Basis Data/TB-K1-Database/lapak_gaming/vendor/laravel/framework/src/Illuminate/Container/Util.php(43): Illuminate/Container/BoundMethod::{closure:Illuminate/Container/BoundMethod::call():35}()
#28 D:/0_Project_VS_Code/3. Sistem Basis Data/TB-K1-Database/lapak_gaming/vendor/laravel/framework/src/Illuminate/Container/BoundMethod.php(96): Illuminate/Container/Util::unwrapIfClosure(Object(Closure))
#29 D:/0_Project_VS_Code/3. Sistem Basis Data/TB-K1-Database/lapak_gaming/vendor/laravel/framework/src/Illuminate/Container/BoundMethod.php(35): Illuminate/Container/BoundMethod::callBoundMethod(Object(Illuminate/Foundation/Application), Array, Object(Closure))
#30 D:/0_Project_VS_Code/3. Sistem Basis Data/TB-K1-Database/lapak_gaming/vendor/laravel/framework/src/Illuminate/Container/Container.php(799): Illuminate/Container/BoundMethod::call(Object(Illuminate/Foundation/Application), Array, Array, NULL)
#31 D:/0_Project_VS_Code/3. Sistem Basis Data/TB-K1-Database/lapak_gaming/vendor/laravel/framework/src/Illuminate/Console/Command.php(280): Illuminate/Container/Container->call(Array)
#32 D:/0_Project_VS_Code/3. Sistem Basis Data/TB-K1-Database/lapak_gaming/vendor/symfony/console/Command/Command.php(291): Illuminate/Console/Command->execute(Object(Symfony/Component/Console/Input/ArgvInput), Object(Illuminate/Console/OutputStyle))
#33 D:/0_Project_VS_Code/3. Sistem Basis Data/TB-K1-Database/lapak_gaming/vendor/laravel/framework/src/Illuminate/Console/Command.php(249): Symfony/Component/Console/Command/Command->run(Object(Symfony/Component/Console/Input/ArgvInput), Object(Illuminate/Console/OutputStyle))
#34 D:/0_Project_VS_Code/3. Sistem Basis Data/TB-K1-Database/lapak_gaming/vendor/symfony/console/Application.php(1107): Illuminate/Console/Command->run(Object(Symfony/Component/Console/Input/ArgvInput), Object(Symfony/Component/Console/Output/ConsoleOutput))
#35 D:/0_Project_VS_Code/3. Sistem Basis Data/TB-K1-Database/lapak_gaming/vendor/symfony/console/Application.php(356): Symfony/Component/Console/Application->doRunCommand(Object(Illuminate/Queue/Console/WorkCommand), Object(Symfony/Component/Console/Input/ArgvInput), Object(Symfony/Component/Console/Output/ConsoleOutput))
#36 D:/0_Project_VS_Code/3. Sistem Basis Data/TB-K1-Database/lapak_gaming/vendor/symfony/console/Application.php(195): Symfony/Component/Console/Application->doRun(Object(Symfony/Component/Console/Input/ArgvInput), Object(Symfony/Component/Console/Output/ConsoleOutput))
#37 D:/0_Project_VS_Code/3. Sistem Basis Data/TB-K1-Database/lapak_gaming/vendor/laravel/framework/src/Illuminate/Foundation/Console/Kernel.php(198): Symfony/Component/Console/Application->run(Object(Symfony/Component/Console/Input/ArgvInput), Object(Symfony/Component/Console/Output/ConsoleOutput))
#38 D:/0_Project_VS_Code/3. Sistem Basis Data/TB-K1-Database/lapak_gaming/vendor/laravel/framework/src/Illuminate/Foundation/Application.php(1235): Illuminate/Foundation/Console/Kernel->handle(Object(Symfony/Component/Console/Input/ArgvInput), Object(Symfony/Component/Console/Output/ConsoleOutput))
#39 D:/0_Project_VS_Code/3. Sistem Basis Data/TB-K1-Database/lapak_gaming/artisan(16): Illuminate/Foundation/Application->handleCommand(Object(Symfony/Component/Console/Input/ArgvInput))
#40 {main}
"} 
[2026-04-01 06:24:19] local.ERROR: SQLSTATE[HY000] [2002] No connection could be made because the target machine actively refused it (Connection: mysql, Host: 127.0.0.1, Port: 3306, Database: neoz6813_TB-K1-Database, SQL: select * from `sessions` where `id` = mkay6tk79Gg0HWfXMMpNmcCyoekxIozFriDgU5ub limit 1) {"exception":"[object] (Illuminate\\Database\\QueryException(code: 2002): SQLSTATE[HY000] [2002] No connection could be made because the target machine actively refused it (Connection: mysql, Host: 127.0.0.1, Port: 3306, Database: neoz6813_TB-K1-Database, SQL: select * from `sessions` where `id` = mkay6tk79Gg0HWfXMMpNmcCyoekxIozFriDgU5ub limit 1) at D:/0_Project_VS_Code/3. Sistem Basis Data/TB-K1-Database/lapak_gaming/vendor/laravel/framework/src/Illuminate/Database/Connection.php:841)
[stacktrace]
#0 D:/0_Project_VS_Code/3. Sistem Basis Data/TB-K1-Database/lapak_gaming/vendor/laravel/framework/src/Illuminate/Database/Connection.php(1021): Illuminate/Database/Connection->runQueryCallback('select * from `...', Array, Object(Closure))
#1 D:/0_Project_VS_Code/3. Sistem Basis Data/TB-K1-Database/lapak_gaming/vendor/laravel/framework/src/Illuminate/Database/Connection.php(1000): Illuminate/Database/Connection->tryAgainIfCausedByLostConnection(Object(Illuminate/Database/QueryException), 'select * from `...', Array, Object(Closure))
#2 D:/0_Project_VS_Code/3. Sistem Basis Data/TB-K1-Database/lapak_gaming/vendor/laravel/framework/src/Illuminate/Database/Connection.php(799): Illuminate/Database/Connection->handleQueryException(Object(Illuminate/Database/QueryException), 'select * from `...', Array, Object(Closure))
#3 D:/0_Project_VS_Code/3. Sistem Basis Data/TB-K1-Database/lapak_gaming/vendor/laravel/framework/src/Illuminate/Database/Connection.php(412): Illuminate/Database/Connection->run('select * from `...', Array, Object(Closure))
#4 D:/0_Project_VS_Code/3. Sistem Basis Data/TB-K1-Database/lapak_gaming/vendor/laravel/framework/src/Illuminate/Database/Query/Builder.php(3562): Illuminate/Database/Connection->select('select * from `...', Array, false, Array)
#5 D:/0_Project_VS_Code/3. Sistem Basis Data/TB-K1-Database/lapak_gaming/vendor/laravel/framework/src/Illuminate/Database/Query/Builder.php(3546): Illuminate/Database/Query/Builder->runSelect()
#6 D:/0_Project_VS_Code/3. Sistem Basis Data/TB-K1-Database/lapak_gaming/vendor/laravel/framework/src/Illuminate/Database/Concerns/BuildsQueries.php(367): Illuminate/Database/Query/Builder->get(Array)
#7 D:/0_Project_VS_Code/3. Sistem Basis Data/TB-K1-Database/lapak_gaming/vendor/laravel/framework/src/Illuminate/Database/Query/Builder.php(3464): Illuminate/Database/Query/Builder->first(Array)
#8 D:/0_Project_VS_Code/3. Sistem Basis Data/TB-K1-Database/lapak_gaming/vendor/laravel/framework/src/Illuminate/Session/DatabaseSessionHandler.php(96): Illuminate/Database/Query/Builder->find('mkay6tk79Gg0HWf...')
#9 D:/0_Project_VS_Code/3. Sistem Basis Data/TB-K1-Database/lapak_gaming/vendor/laravel/framework/src/Illuminate/Session/Store.php(128): Illuminate/Session/DatabaseSessionHandler->read('mkay6tk79Gg0HWf...')
#10 D:/0_Project_VS_Code/3. Sistem Basis Data/TB-K1-Database/lapak_gaming/vendor/laravel/framework/src/Illuminate/Session/Store.php(116): Illuminate/Session/Store->readFromHandler()
#11 D:/0_Project_VS_Code/3. Sistem Basis Data/TB-K1-Database/lapak_gaming/vendor/laravel/framework/src/Illuminate/Session/Store.php(100): Illuminate/Session/Store->loadSession()
#12 D:/0_Project_VS_Code/3. Sistem Basis Data/TB-K1-Database/lapak_gaming/vendor/laravel/framework/src/Illuminate/Session/Middleware/StartSession.php(146): Illuminate/Session/Store->start()
#13 D:/0_Project_VS_Code/3. Sistem Basis Data/TB-K1-Database/lapak_gaming/vendor/laravel/framework/src/Illuminate/Support/helpers.php(393): Illuminate/Session/Middleware/StartSession->{closure:Illuminate/Session/Middleware/StartSession::startSession():143}(Object(Illuminate/Session/Store))
#14 D:/0_Project_VS_Code/3. Sistem Basis Data/TB-K1-Database/lapak_gaming/vendor/laravel/framework/src/Illuminate/Session/Middleware/StartSession.php(143): tap(Object(Illuminate/Session/Store), Object(Closure))
#15 D:/0_Project_VS_Code/3. Sistem Basis Data/TB-K1-Database/lapak_gaming/vendor/laravel/framework/src/Illuminate/Session/Middleware/StartSession.php(115): Illuminate/Session/Middleware/StartSession->startSession(Object(Illuminate/Http/Request), Object(Illuminate/Session/Store))
#16 D:/0_Project_VS_Code/3. Sistem Basis Data/TB-K1-Database/lapak_gaming/vendor/laravel/framework/src/Illuminate/Session/Middleware/StartSession.php(63): Illuminate/Session/Middleware/StartSession->handleStatefulRequest(Object(Illuminate/Http/Request), Object(Illuminate/Session/Store), Object(Closure))
#17 D:/0_Project_VS_Code/3. Sistem Basis Data/TB-K1-Database/lapak_gaming/vendor/laravel/framework/src/Illuminate/Pipeline/Pipeline.php(219): Illuminate/Session/Middleware/StartSession->handle(Object(Illuminate/Http/Request), Object(Closure))
#18 D:/0_Project_VS_Code/3. Sistem Basis Data/TB-K1-Database/lapak_gaming/vendor/laravel/framework/src/Illuminate/Cookie/Middleware/AddQueuedCookiesToResponse.php(36): Illuminate/Pipeline/Pipeline->{closure:{closure:Illuminate/Pipeline/Pipeline::carry():194}:195}(Object(Illuminate/Http/Request))
#19 D:/0_Project_VS_Code/3. Sistem Basis Data/TB-K1-Database/lapak_gaming/vendor/laravel/framework/src/Illuminate/Pipeline/Pipeline.php(219): Illuminate/Cookie/Middleware/AddQueuedCookiesToResponse->handle(Object(Illuminate/Http/Request), Object(Closure))
#20 D:/0_Project_VS_Code/3. Sistem Basis Data/TB-K1-Database/lapak_gaming/vendor/laravel/framework/src/Illuminate/Cookie/Middleware/EncryptCookies.php(74): Illuminate/Pipeline/Pipeline->{closure:{closure:Illuminate/Pipeline/Pipeline::carry():194}:195}(Object(Illuminate/Http/Request))
#21 D:/0_Project_VS_Code/3. Sistem Basis Data/TB-K1-Database/lapak_gaming/vendor/laravel/framework/src/Illuminate/Pipeline/Pipeline.php(219): Illuminate/Cookie/Middleware/EncryptCookies->handle(Object(Illuminate/Http/Request), Object(Closure))
#22 D:/0_Project_VS_Code/3. Sistem Basis Data/TB-K1-Database/lapak_gaming/vendor/laravel/framework/src/Illuminate/Pipeline/Pipeline.php(137): Illuminate/Pipeline/Pipeline->{closure:{closure:Illuminate/Pipeline/Pipeline::carry():194}:195}(Object(Illuminate/Http/Request))
#23 D:/0_Project_VS_Code/3. Sistem Basis Data/TB-K1-Database/lapak_gaming/vendor/laravel/framework/src/Illuminate/Routing/Router.php(821): Illuminate/Pipeline/Pipeline->then(Object(Closure))
#24 D:/0_Project_VS_Code/3. Sistem Basis Data/TB-K1-Database/lapak_gaming/vendor/laravel/framework/src/Illuminate/Routing/Router.php(800): Illuminate/Routing/Router->runRouteWithinStack(Object(Illuminate/Routing/Route), Object(Illuminate/Http/Request))
#25 D:/0_Project_VS_Code/3. Sistem Basis Data/TB-K1-Database/lapak_gaming/vendor/laravel/framework/src/Illuminate/Routing/Router.php(764): Illuminate/Routing/Router->runRoute(Object(Illuminate/Http/Request), Object(Illuminate/Routing/Route))
#26 D:/0_Project_VS_Code/3. Sistem Basis Data/TB-K1-Database/lapak_gaming/vendor/laravel/framework/src/Illuminate/Routing/Router.php(753): Illuminate/Routing/Router->dispatchToRoute(Object(Illuminate/Http/Request))
#27 D:/0_Project_VS_Code/3. Sistem Basis Data/TB-K1-Database/lapak_gaming/vendor/laravel/framework/src/Illuminate/Foundation/Http/Kernel.php(200): Illuminate/Routing/Router->dispatch(Object(Illuminate/Http/Request))
#28 D:/0_Project_VS_Code/3. Sistem Basis Data/TB-K1-Database/lapak_gaming/vendor/laravel/framework/src/Illuminate/Pipeline/Pipeline.php(180): Illuminate/Foundation/Http/Kernel->{closure:Illuminate/Foundation/Http/Kernel::dispatchToRouter():197}(Object(Illuminate/Http/Request))
#29 D:/0_Project_VS_Code/3. Sistem Basis Data/TB-K1-Database/lapak_gaming/vendor/laravel/framework/src/Illuminate/Foundation/Http/Middleware/TransformsRequest.php(21): Illuminate/Pipeline/Pipeline->{closure:Illuminate/Pipeline/Pipeline::prepareDestination():178}(Object(Illuminate/Http/Request))
#30 D:/0_Project_VS_Code/3. Sistem Basis Data/TB-K1-Database/lapak_gaming/vendor/laravel/framework/src/Illuminate/Foundation/Http/Middleware/ConvertEmptyStringsToNull.php(31): Illuminate/Foundation/Http/Middleware/TransformsRequest->handle(Object(Illuminate/Http/Request), Object(Closure))
#31 D:/0_Project_VS_Code/3. Sistem Basis Data/TB-K1-Database/lapak_gaming/vendor/laravel/framework/src/Illuminate/Pipeline/Pipeline.php(219): Illuminate/Foundation/Http/Middleware/ConvertEmptyStringsToNull->handle(Object(Illuminate/Http/Request), Object(Closure))
#32 D:/0_Project_VS_Code/3. Sistem Basis Data/TB-K1-Database/lapak_gaming/vendor/laravel/framework/src/Illuminate/Foundation/Http/Middleware/TransformsRequest.php(21): Illuminate/Pipeline/Pipeline->{closure:{closure:Illuminate/Pipeline/Pipeline::carry():194}:195}(Object(Illuminate/Http/Request))
#33 D:/0_Project_VS_Code/3. Sistem Basis Data/TB-K1-Database/lapak_gaming/vendor/laravel/framework/src/Illuminate/Foundation/Http/Middleware/TrimStrings.php(51): Illuminate/Foundation/Http/Middleware/TransformsRequest->handle(Object(Illuminate/Http/Request), Object(Closure))
#34 D:/0_Project_VS_Code/3. Sistem Basis Data/TB-K1-Database/lapak_gaming/vendor/laravel/framework/src/Illuminate/Pipeline/Pipeline.php(219): Illuminate/Foundation/Http/Middleware/TrimStrings->handle(Object(Illuminate/Http/Request), Object(Closure))
#35 D:/0_Project_VS_Code/3. Sistem Basis Data/TB-K1-Database/lapak_gaming/vendor/laravel/framework/src/Illuminate/Http/Middleware/ValidatePostSize.php(27): Illuminate/Pipeline/Pipeline->{closure:{closure:Illuminate/Pipeline/Pipeline::carry():194}:195}(Object(Illuminate/Http/Request))
#36 D:/0_Project_VS_Code/3. Sistem Basis Data/TB-K1-Database/lapak_gaming/vendor/laravel/framework/src/Illuminate/Pipeline/Pipeline.php(219): Illuminate/Http/Middleware/ValidatePostSize->handle(Object(Illuminate/Http/Request), Object(Closure))
#37 D:/0_Project_VS_Code/3. Sistem Basis Data/TB-K1-Database/lapak_gaming/vendor/laravel/framework/src/Illuminate/Foundation/Http/Middleware/PreventRequestsDuringMaintenance.php(109): Illuminate/Pipeline/Pipeline->{closure:{closure:Illuminate/Pipeline/Pipeline::carry():194}:195}(Object(Illuminate/Http/Request))
#38 D:/0_Project_VS_Code/3. Sistem Basis Data/TB-K1-Database/lapak_gaming/vendor/laravel/framework/src/Illuminate/Pipeline/Pipeline.php(219): Illuminate/Foundation/Http/Middleware/PreventRequestsDuringMaintenance->handle(Object(Illuminate/Http/Request), Object(Closure))
#39 D:/0_Project_VS_Code/3. Sistem Basis Data/TB-K1-Database/lapak_gaming/vendor/laravel/framework/src/Illuminate/Http/Middleware/HandleCors.php(61): Illuminate/Pipeline/Pipeline->{closure:{closure:Illuminate/Pipeline/Pipeline::carry():194}:195}(Object(Illuminate/Http/Request))
#40 D:/0_Project_VS_Code/3. Sistem Basis Data/TB-K1-Database/lapak_gaming/vendor/laravel/framework/src/Illuminate/Pipeline/Pipeline.php(219): Illuminate/Http/Middleware/HandleCors->handle(Object(Illuminate/Http/Request), Object(Closure))
#41 D:/0_Project_VS_Code/3. Sistem Basis Data/TB-K1-Database/lapak_gaming/vendor/laravel/framework/src/Illuminate/Http/Middleware/TrustProxies.php(58): Illuminate/Pipeline/Pipeline->{closure:{closure:Illuminate/Pipeline/Pipeline::carry():194}:195}(Object(Illuminate/Http/Request))
#42 D:/0_Project_VS_Code/3. Sistem Basis Data/TB-K1-Database/lapak_gaming/vendor/laravel/framework/src/Illuminate/Pipeline/Pipeline.php(219): Illuminate/Http/Middleware/TrustProxies->handle(Object(Illuminate/Http/Request), Object(Closure))
#43 D:/0_Project_VS_Code/3. Sistem Basis Data/TB-K1-Database/lapak_gaming/vendor/laravel/framework/src/Illuminate/Foundation/Http/Middleware/InvokeDeferredCallbacks.php(22): Illuminate/Pipeline/Pipeline->{closure:{closure:Illuminate/Pipeline/Pipeline::carry():194}:195}(Object(Illuminate/Http/Request))
#44 D:/0_Project_VS_Code/3. Sistem Basis Data/TB-K1-Database/lapak_gaming/vendor/laravel/framework/src/Illuminate/Pipeline/Pipeline.php(219): Illuminate/Foundation/Http/Middleware/InvokeDeferredCallbacks->handle(Object(Illuminate/Http/Request), Object(Closure))
#45 D:/0_Project_VS_Code/3. Sistem Basis Data/TB-K1-Database/lapak_gaming/vendor/laravel/framework/src/Illuminate/Http/Middleware/ValidatePathEncoding.php(28): Illuminate/Pipeline/Pipeline->{closure:{closure:Illuminate/Pipeline/Pipeline::carry():194}:195}(Object(Illuminate/Http/Request))
#46 D:/0_Project_VS_Code/3. Sistem Basis Data/TB-K1-Database/lapak_gaming/vendor/laravel/framework/src/Illuminate/Pipeline/Pipeline.php(219): Illuminate/Http/Middleware/ValidatePathEncoding->handle(Object(Illuminate/Http/Request), Object(Closure))
#47 D:/0_Project_VS_Code/3. Sistem Basis Data/TB-K1-Database/lapak_gaming/vendor/laravel/framework/src/Illuminate/Pipeline/Pipeline.php(137): Illuminate/Pipeline/Pipeline->{closure:{closure:Illuminate/Pipeline/Pipeline::carry():194}:195}(Object(Illuminate/Http/Request))
#48 D:/0_Project_VS_Code/3. Sistem Basis Data/TB-K1-Database/lapak_gaming/vendor/laravel/framework/src/Illuminate/Foundation/Http/Kernel.php(175): Illuminate/Pipeline/Pipeline->then(Object(Closure))
#49 D:/0_Project_VS_Code/3. Sistem Basis Data/TB-K1-Database/lapak_gaming/vendor/laravel/framework/src/Illuminate/Foundation/Http/Kernel.php(144): Illuminate/Foundation/Http/Kernel->sendRequestThroughRouter(Object(Illuminate/Http/Request))
#50 D:/0_Project_VS_Code/3. Sistem Basis Data/TB-K1-Database/lapak_gaming/vendor/laravel/framework/src/Illuminate/Foundation/Application.php(1220): Illuminate/Foundation/Http/Kernel->handle(Object(Illuminate/Http/Request))
#51 D:/0_Project_VS_Code/3. Sistem Basis Data/TB-K1-Database/lapak_gaming/public/index.php(20): Illuminate/Foundation/Application->handleRequest(Object(Illuminate/Http/Request))
#52 D:/0_Project_VS_Code/3. Sistem Basis Data/TB-K1-Database/lapak_gaming/vendor/laravel/framework/src/Illuminate/Foundation/resources/server.php(23): require_once('D://0_Project_VS...')
#53 {main}

[previous exception] [object] (PDOException(code: 2002): SQLSTATE[HY000] [2002] No connection could be made because the target machine actively refused it at D:/0_Project_VS_Code/3. Sistem Basis Data/TB-K1-Database/lapak_gaming/vendor/laravel/framework/src/Illuminate/Database/Connectors/Connector.php:67)
[stacktrace]
#0 D:/0_Project_VS_Code/3. Sistem Basis Data/TB-K1-Database/lapak_gaming/vendor/laravel/framework/src/Illuminate/Database/Connectors/Connector.php(67): PDO::connect('mysql:host=127....', 'neoz6813', Object(SensitiveParameterValue), Array)
#1 D:/0_Project_VS_Code/3. Sistem Basis Data/TB-K1-Database/lapak_gaming/vendor/laravel/framework/src/Illuminate/Database/Connectors/Connector.php(85): Illuminate/Database/Connectors/Connector->createPdoConnection('mysql:host=127....', 'neoz6813', Object(SensitiveParameterValue), Array)
#2 D:/0_Project_VS_Code/3. Sistem Basis Data/TB-K1-Database/lapak_gaming/vendor/laravel/framework/src/Illuminate/Database/Connectors/Connector.php(48): Illuminate/Database/Connectors/Connector->tryAgainIfCausedByLostConnection(Object(PDOException), 'mysql:host=127....', 'neoz6813', Object(SensitiveParameterValue), Array)
#3 D:/0_Project_VS_Code/3. Sistem Basis Data/TB-K1-Database/lapak_gaming/vendor/laravel/framework/src/Illuminate/Database/Connectors/MySqlConnector.php(24): Illuminate/Database/Connectors/Connector->createConnection('mysql:host=127....', Array, Array)
#4 D:/0_Project_VS_Code/3. Sistem Basis Data/TB-K1-Database/lapak_gaming/vendor/laravel/framework/src/Illuminate/Database/Connectors/ConnectionFactory.php(186): Illuminate/Database/Connectors/MySqlConnector->connect(Array)
#5 [internal function]: Illuminate/Database/Connectors/ConnectionFactory->{closure:Illuminate/Database/Connectors/ConnectionFactory::createPdoResolverWithHosts():181}()
#6 D:/0_Project_VS_Code/3. Sistem Basis Data/TB-K1-Database/lapak_gaming/vendor/laravel/framework/src/Illuminate/Database/Connection.php(1279): call_user_func(Object(Closure))
#7 D:/0_Project_VS_Code/3. Sistem Basis Data/TB-K1-Database/lapak_gaming/vendor/laravel/framework/src/Illuminate/Database/Connection.php(528): Illuminate/Database/Connection->getPdo()
#8 D:/0_Project_VS_Code/3. Sistem Basis Data/TB-K1-Database/lapak_gaming/vendor/laravel/framework/src/Illuminate/Database/Connection.php(421): Illuminate/Database/Connection->getPdoForSelect(false)
#9 D:/0_Project_VS_Code/3. Sistem Basis Data/TB-K1-Database/lapak_gaming/vendor/laravel/framework/src/Illuminate/Database/Connection.php(830): Illuminate/Database/Connection->{closure:Illuminate/Database/Connection::select():412}('select * from `...', Array)
#10 D:/0_Project_VS_Code/3. Sistem Basis Data/TB-K1-Database/lapak_gaming/vendor/laravel/framework/src/Illuminate/Database/Connection.php(1021): Illuminate/Database/Connection->runQueryCallback('select * from `...', Array, Object(Closure))
#11 D:/0_Project_VS_Code/3. Sistem Basis Data/TB-K1-Database/lapak_gaming/vendor/laravel/framework/src/Illuminate/Database/Connection.php(1000): Illuminate/Database/Connection->tryAgainIfCausedByLostConnection(Object(Illuminate/Database/QueryException), 'select * from `...', Array, Object(Closure))
#12 D:/0_Project_VS_Code/3. Sistem Basis Data/TB-K1-Database/lapak_gaming/vendor/laravel/framework/src/Illuminate/Database/Connection.php(799): Illuminate/Database/Connection->handleQueryException(Object(Illuminate/Database/QueryException), 'select * from `...', Array, Object(Closure))
#13 D:/0_Project_VS_Code/3. Sistem Basis Data/TB-K1-Database/lapak_gaming/vendor/laravel/framework/src/Illuminate/Database/Connection.php(412): Illuminate/Database/Connection->run('select * from `...', Array, Object(Closure))
#14 D:/0_Project_VS_Code/3. Sistem Basis Data/TB-K1-Database/lapak_gaming/vendor/laravel/framework/src/Illuminate/Database/Query/Builder.php(3562): Illuminate/Database/Connection->select('select * from `...', Array, false, Array)
#15 D:/0_Project_VS_Code/3. Sistem Basis Data/TB-K1-Database/lapak_gaming/vendor/laravel/framework/src/Illuminate/Database/Query/Builder.php(3546): Illuminate/Database/Query/Builder->runSelect()
#16 D:/0_Project_VS_Code/3. Sistem Basis Data/TB-K1-Database/lapak_gaming/vendor/laravel/framework/src/Illuminate/Database/Concerns/BuildsQueries.php(367): Illuminate/Database/Query/Builder->get(Array)
#17 D:/0_Project_VS_Code/3. Sistem Basis Data/TB-K1-Database/lapak_gaming/vendor/laravel/framework/src/Illuminate/Database/Query/Builder.php(3464): Illuminate/Database/Query/Builder->first(Array)
#18 D:/0_Project_VS_Code/3. Sistem Basis Data/TB-K1-Database/lapak_gaming/vendor/laravel/framework/src/Illuminate/Session/DatabaseSessionHandler.php(96): Illuminate/Database/Query/Builder->find('mkay6tk79Gg0HWf...')
#19 D:/0_Project_VS_Code/3. Sistem Basis Data/TB-K1-Database/lapak_gaming/vendor/laravel/framework/src/Illuminate/Session/Store.php(128): Illuminate/Session/DatabaseSessionHandler->read('mkay6tk79Gg0HWf...')
#20 D:/0_Project_VS_Code/3. Sistem Basis Data/TB-K1-Database/lapak_gaming/vendor/laravel/framework/src/Illuminate/Session/Store.php(116): Illuminate/Session/Store->readFromHandler()
#21 D:/0_Project_VS_Code/3. Sistem Basis Data/TB-K1-Database/lapak_gaming/vendor/laravel/framework/src/Illuminate/Session/Store.php(100): Illuminate/Session/Store->loadSession()
#22 D:/0_Project_VS_Code/3. Sistem Basis Data/TB-K1-Database/lapak_gaming/vendor/laravel/framework/src/Illuminate/Session/Middleware/StartSession.php(146): Illuminate/Session/Store->start()
#23 D:/0_Project_VS_Code/3. Sistem Basis Data/TB-K1-Database/lapak_gaming/vendor/laravel/framework/src/Illuminate/Support/helpers.php(393): Illuminate/Session/Middleware/StartSession->{closure:Illuminate/Session/Middleware/StartSession::startSession():143}(Object(Illuminate/Session/Store))
#24 D:/0_Project_VS_Code/3. Sistem Basis Data/TB-K1-Database/lapak_gaming/vendor/laravel/framework/src/Illuminate/Session/Middleware/StartSession.php(143): tap(Object(Illuminate/Session/Store), Object(Closure))
#25 D:/0_Project_VS_Code/3. Sistem Basis Data/TB-K1-Database/lapak_gaming/vendor/laravel/framework/src/Illuminate/Session/Middleware/StartSession.php(115): Illuminate/Session/Middleware/StartSession->startSession(Object(Illuminate/Http/Request), Object(Illuminate/Session/Store))
#26 D:/0_Project_VS_Code/3. Sistem Basis Data/TB-K1-Database/lapak_gaming/vendor/laravel/framework/src/Illuminate/Session/Middleware/StartSession.php(63): Illuminate/Session/Middleware/StartSession->handleStatefulRequest(Object(Illuminate/Http/Request), Object(Illuminate/Session/Store), Object(Closure))
#27 D:/0_Project_VS_Code/3. Sistem Basis Data/TB-K1-Database/lapak_gaming/vendor/laravel/framework/src/Illuminate/Pipeline/Pipeline.php(219): Illuminate/Session/Middleware/StartSession->handle(Object(Illuminate/Http/Request), Object(Closure))
#28 D:/0_Project_VS_Code/3. Sistem Basis Data/TB-K1-Database/lapak_gaming/vendor/laravel/framework/src/Illuminate/Cookie/Middleware/AddQueuedCookiesToResponse.php(36): Illuminate/Pipeline/Pipeline->{closure:{closure:Illuminate/Pipeline/Pipeline::carry():194}:195}(Object(Illuminate/Http/Request))
#29 D:/0_Project_VS_Code/3. Sistem Basis Data/TB-K1-Database/lapak_gaming/vendor/laravel/framework/src/Illuminate/Pipeline/Pipeline.php(219): Illuminate/Cookie/Middleware/AddQueuedCookiesToResponse->handle(Object(Illuminate/Http/Request), Object(Closure))
#30 D:/0_Project_VS_Code/3. Sistem Basis Data/TB-K1-Database/lapak_gaming/vendor/laravel/framework/src/Illuminate/Cookie/Middleware/EncryptCookies.php(74): Illuminate/Pipeline/Pipeline->{closure:{closure:Illuminate/Pipeline/Pipeline::carry():194}:195}(Object(Illuminate/Http/Request))
#31 D:/0_Project_VS_Code/3. Sistem Basis Data/TB-K1-Database/lapak_gaming/vendor/laravel/framework/src/Illuminate/Pipeline/Pipeline.php(219): Illuminate/Cookie/Middleware/EncryptCookies->handle(Object(Illuminate/Http/Request), Object(Closure))
#32 D:/0_Project_VS_Code/3. Sistem Basis Data/TB-K1-Database/lapak_gaming/vendor/laravel/framework/src/Illuminate/Pipeline/Pipeline.php(137): Illuminate/Pipeline/Pipeline->{closure:{closure:Illuminate/Pipeline/Pipeline::carry():194}:195}(Object(Illuminate/Http/Request))
#33 D:/0_Project_VS_Code/3. Sistem Basis Data/TB-K1-Database/lapak_gaming/vendor/laravel/framework/src/Illuminate/Routing/Router.php(821): Illuminate/Pipeline/Pipeline->then(Object(Closure))
#34 D:/0_Project_VS_Code/3. Sistem Basis Data/TB-K1-Database/lapak_gaming/vendor/laravel/framework/src/Illuminate/Routing/Router.php(800): Illuminate/Routing/Router->runRouteWithinStack(Object(Illuminate/Routing/Route), Object(Illuminate/Http/Request))
#35 D:/0_Project_VS_Code/3. Sistem Basis Data/TB-K1-Database/lapak_gaming/vendor/laravel/framework/src/Illuminate/Routing/Router.php(764): Illuminate/Routing/Router->runRoute(Object(Illuminate/Http/Request), Object(Illuminate/Routing/Route))
#36 D:/0_Project_VS_Code/3. Sistem Basis Data/TB-K1-Database/lapak_gaming/vendor/laravel/framework/src/Illuminate/Routing/Router.php(753): Illuminate/Routing/Router->dispatchToRoute(Object(Illuminate/Http/Request))
#37 D:/0_Project_VS_Code/3. Sistem Basis Data/TB-K1-Database/lapak_gaming/vendor/laravel/framework/src/Illuminate/Foundation/Http/Kernel.php(200): Illuminate/Routing/Router->dispatch(Object(Illuminate/Http/Request))
#38 D:/0_Project_VS_Code/3. Sistem Basis Data/TB-K1-Database/lapak_gaming/vendor/laravel/framework/src/Illuminate/Pipeline/Pipeline.php(180): Illuminate/Foundation/Http/Kernel->{closure:Illuminate/Foundation/Http/Kernel::dispatchToRouter():197}(Object(Illuminate/Http/Request))
#39 D:/0_Project_VS_Code/3. Sistem Basis Data/TB-K1-Database/lapak_gaming/vendor/laravel/framework/src/Illuminate/Foundation/Http/Middleware/TransformsRequest.php(21): Illuminate/Pipeline/Pipeline->{closure:Illuminate/Pipeline/Pipeline::prepareDestination():178}(Object(Illuminate/Http/Request))
#40 D:/0_Project_VS_Code/3. Sistem Basis Data/TB-K1-Database/lapak_gaming/vendor/laravel/framework/src/Illuminate/Foundation/Http/Middleware/ConvertEmptyStringsToNull.php(31): Illuminate/Foundation/Http/Middleware/TransformsRequest->handle(Object(Illuminate/Http/Request), Object(Closure))
#41 D:/0_Project_VS_Code/3. Sistem Basis Data/TB-K1-Database/lapak_gaming/vendor/laravel/framework/src/Illuminate/Pipeline/Pipeline.php(219): Illuminate/Foundation/Http/Middleware/ConvertEmptyStringsToNull->handle(Object(Illuminate/Http/Request), Object(Closure))
#42 D:/0_Project_VS_Code/3. Sistem Basis Data/TB-K1-Database/lapak_gaming/vendor/laravel/framework/src/Illuminate/Foundation/Http/Middleware/TransformsRequest.php(21): Illuminate/Pipeline/Pipeline->{closure:{closure:Illuminate/Pipeline/Pipeline::carry():194}:195}(Object(Illuminate/Http/Request))
#43 D:/0_Project_VS_Code/3. Sistem Basis Data/TB-K1-Database/lapak_gaming/vendor/laravel/framework/src/Illuminate/Foundation/Http/Middleware/TrimStrings.php(51): Illuminate/Foundation/Http/Middleware/TransformsRequest->handle(Object(Illuminate/Http/Request), Object(Closure))
#44 D:/0_Project_VS_Code/3. Sistem Basis Data/TB-K1-Database/lapak_gaming/vendor/laravel/framework/src/Illuminate/Pipeline/Pipeline.php(219): Illuminate/Foundation/Http/Middleware/TrimStrings->handle(Object(Illuminate/Http/Request), Object(Closure))
#45 D:/0_Project_VS_Code/3. Sistem Basis Data/TB-K1-Database/lapak_gaming/vendor/laravel/framework/src/Illuminate/Http/Middleware/ValidatePostSize.php(27): Illuminate/Pipeline/Pipeline->{closure:{closure:Illuminate/Pipeline/Pipeline::carry():194}:195}(Object(Illuminate/Http/Request))
#46 D:/0_Project_VS_Code/3. Sistem Basis Data/TB-K1-Database/lapak_gaming/vendor/laravel/framework/src/Illuminate/Pipeline/Pipeline.php(219): Illuminate/Http/Middleware/ValidatePostSize->handle(Object(Illuminate/Http/Request), Object(Closure))
#47 D:/0_Project_VS_Code/3. Sistem Basis Data/TB-K1-Database/lapak_gaming/vendor/laravel/framework/src/Illuminate/Foundation/Http/Middleware/PreventRequestsDuringMaintenance.php(109): Illuminate/Pipeline/Pipeline->{closure:{closure:Illuminate/Pipeline/Pipeline::carry():194}:195}(Object(Illuminate/Http/Request))
#48 D:/0_Project_VS_Code/3. Sistem Basis Data/TB-K1-Database/lapak_gaming/vendor/laravel/framework/src/Illuminate/Pipeline/Pipeline.php(219): Illuminate/Foundation/Http/Middleware/PreventRequestsDuringMaintenance->handle(Object(Illuminate/Http/Request), Object(Closure))
#49 D:/0_Project_VS_Code/3. Sistem Basis Data/TB-K1-Database/lapak_gaming/vendor/laravel/framework/src/Illuminate/Http/Middleware/HandleCors.php(61): Illuminate/Pipeline/Pipeline->{closure:{closure:Illuminate/Pipeline/Pipeline::carry():194}:195}(Object(Illuminate/Http/Request))
#50 D:/0_Project_VS_Code/3. Sistem Basis Data/TB-K1-Database/lapak_gaming/vendor/laravel/framework/src/Illuminate/Pipeline/Pipeline.php(219): Illuminate/Http/Middleware/HandleCors->handle(Object(Illuminate/Http/Request), Object(Closure))
#51 D:/0_Project_VS_Code/3. Sistem Basis Data/TB-K1-Database/lapak_gaming/vendor/laravel/framework/src/Illuminate/Http/Middleware/TrustProxies.php(58): Illuminate/Pipeline/Pipeline->{closure:{closure:Illuminate/Pipeline/Pipeline::carry():194}:195}(Object(Illuminate/Http/Request))
#52 D:/0_Project_VS_Code/3. Sistem Basis Data/TB-K1-Database/lapak_gaming/vendor/laravel/framework/src/Illuminate/Pipeline/Pipeline.php(219): Illuminate/Http/Middleware/TrustProxies->handle(Object(Illuminate/Http/Request), Object(Closure))
#53 D:/0_Project_VS_Code/3. Sistem Basis Data/TB-K1-Database/lapak_gaming/vendor/laravel/framework/src/Illuminate/Foundation/Http/Middleware/InvokeDeferredCallbacks.php(22): Illuminate/Pipeline/Pipeline->{closure:{closure:Illuminate/Pipeline/Pipeline::carry():194}:195}(Object(Illuminate/Http/Request))
#54 D:/0_Project_VS_Code/3. Sistem Basis Data/TB-K1-Database/lapak_gaming/vendor/laravel/framework/src/Illuminate/Pipeline/Pipeline.php(219): Illuminate/Foundation/Http/Middleware/InvokeDeferredCallbacks->handle(Object(Illuminate/Http/Request), Object(Closure))
#55 D:/0_Project_VS_Code/3. Sistem Basis Data/TB-K1-Database/lapak_gaming/vendor/laravel/framework/src/Illuminate/Http/Middleware/ValidatePathEncoding.php(28): Illuminate/Pipeline/Pipeline->{closure:{closure:Illuminate/Pipeline/Pipeline::carry():194}:195}(Object(Illuminate/Http/Request))
#56 D:/0_Project_VS_Code/3. Sistem Basis Data/TB-K1-Database/lapak_gaming/vendor/laravel/framework/src/Illuminate/Pipeline/Pipeline.php(219): Illuminate/Http/Middleware/ValidatePathEncoding->handle(Object(Illuminate/Http/Request), Object(Closure))
#57 D:/0_Project_VS_Code/3. Sistem Basis Data/TB-K1-Database/lapak_gaming/vendor/laravel/framework/src/Illuminate/Pipeline/Pipeline.php(137): Illuminate/Pipeline/Pipeline->{closure:{closure:Illuminate/Pipeline/Pipeline::carry():194}:195}(Object(Illuminate/Http/Request))
#58 D:/0_Project_VS_Code/3. Sistem Basis Data/TB-K1-Database/lapak_gaming/vendor/laravel/framework/src/Illuminate/Foundation/Http/Kernel.php(175): Illuminate/Pipeline/Pipeline->then(Object(Closure))
#59 D:/0_Project_VS_Code/3. Sistem Basis Data/TB-K1-Database/lapak_gaming/vendor/laravel/framework/src/Illuminate/Foundation/Http/Kernel.php(144): Illuminate/Foundation/Http/Kernel->sendRequestThroughRouter(Object(Illuminate/Http/Request))
#60 D:/0_Project_VS_Code/3. Sistem Basis Data/TB-K1-Database/lapak_gaming/vendor/laravel/framework/src/Illuminate/Foundation/Application.php(1220): Illuminate/Foundation/Http/Kernel->handle(Object(Illuminate/Http/Request))
#61 D:/0_Project_VS_Code/3. Sistem Basis Data/TB-K1-Database/lapak_gaming/public/index.php(20): Illuminate/Foundation/Application->handleRequest(Object(Illuminate/Http/Request))
#62 D:/0_Project_VS_Code/3. Sistem Basis Data/TB-K1-Database/lapak_gaming/vendor/laravel/framework/src/Illuminate/Foundation/resources/server.php(23): require_once('D://0_Project_VS...')
#63 {main}
"} 
[2026-04-01 06:24:24] local.ERROR: SQLSTATE[HY000] [2002] No connection could be made because the target machine actively refused it (Connection: mysql, Host: 127.0.0.1, Port: 3306, Database: lapak_gaming, SQL: select * from `cache` where `key` in (laravel-cache-illuminate:queue:paused:database:default)) {"exception":"[object] (Illuminate\\Database\\QueryException(code: 2002): SQLSTATE[HY000] [2002] No connection could be made because the target machine actively refused it (Connection: mysql, Host: 127.0.0.1, Port: 3306, Database: lapak_gaming, SQL: select * from `cache` where `key` in (laravel-cache-illuminate:queue:paused:database:default)) at D:/0_Project_VS_Code/3. Sistem Basis Data/TB-K1-Database/lapak_gaming/vendor/laravel/framework/src/Illuminate/Database/Connection.php:841)
[stacktrace]
#0 D:/0_Project_VS_Code/3. Sistem Basis Data/TB-K1-Database/lapak_gaming/vendor/laravel/framework/src/Illuminate/Database/Connection.php(1021): Illuminate/Database/Connection->runQueryCallback('select * from `...', Array, Object(Closure))
#1 D:/0_Project_VS_Code/3. Sistem Basis Data/TB-K1-Database/lapak_gaming/vendor/laravel/framework/src/Illuminate/Database/Connection.php(1000): Illuminate/Database/Connection->tryAgainIfCausedByLostConnection(Object(Illuminate/Database/QueryException), 'select * from `...', Array, Object(Closure))
#2 D:/0_Project_VS_Code/3. Sistem Basis Data/TB-K1-Database/lapak_gaming/vendor/laravel/framework/src/Illuminate/Database/Connection.php(799): Illuminate/Database/Connection->handleQueryException(Object(Illuminate/Database/QueryException), 'select * from `...', Array, Object(Closure))
#3 D:/0_Project_VS_Code/3. Sistem Basis Data/TB-K1-Database/lapak_gaming/vendor/laravel/framework/src/Illuminate/Database/Connection.php(412): Illuminate/Database/Connection->run('select * from `...', Array, Object(Closure))
#4 D:/0_Project_VS_Code/3. Sistem Basis Data/TB-K1-Database/lapak_gaming/vendor/laravel/framework/src/Illuminate/Database/Query/Builder.php(3562): Illuminate/Database/Connection->select('select * from `...', Array, true, Array)
#5 D:/0_Project_VS_Code/3. Sistem Basis Data/TB-K1-Database/lapak_gaming/vendor/laravel/framework/src/Illuminate/Database/Query/Builder.php(3546): Illuminate/Database/Query/Builder->runSelect()
#6 D:/0_Project_VS_Code/3. Sistem Basis Data/TB-K1-Database/lapak_gaming/vendor/laravel/framework/src/Illuminate/Cache/DatabaseStore.php(142): Illuminate/Database/Query/Builder->get()
#7 D:/0_Project_VS_Code/3. Sistem Basis Data/TB-K1-Database/lapak_gaming/vendor/laravel/framework/src/Illuminate/Cache/DatabaseStore.php(117): Illuminate/Cache/DatabaseStore->many(Array)
#8 D:/0_Project_VS_Code/3. Sistem Basis Data/TB-K1-Database/lapak_gaming/vendor/laravel/framework/src/Illuminate/Cache/Repository.php(124): Illuminate/Cache/DatabaseStore->get('illuminate:queu...')
#9 D:/0_Project_VS_Code/3. Sistem Basis Data/TB-K1-Database/lapak_gaming/vendor/laravel/framework/src/Illuminate/Queue/QueueManager.php(282): Illuminate/Cache/Repository->get('illuminate:queu...', false)
#10 D:/0_Project_VS_Code/3. Sistem Basis Data/TB-K1-Database/lapak_gaming/vendor/laravel/framework/src/Illuminate/Queue/Worker.php(428): Illuminate/Queue/QueueManager->isPaused('database', 'default')
#11 D:/0_Project_VS_Code/3. Sistem Basis Data/TB-K1-Database/lapak_gaming/vendor/laravel/framework/src/Illuminate/Queue/Worker.php(396): Illuminate/Queue/Worker->queuePaused('database', 'default')
#12 D:/0_Project_VS_Code/3. Sistem Basis Data/TB-K1-Database/lapak_gaming/vendor/laravel/framework/src/Illuminate/Queue/Worker.php(357): Illuminate/Queue/Worker->getNextJob(Object(Illuminate/Queue/DatabaseQueue), 'default')
#13 D:/0_Project_VS_Code/3. Sistem Basis Data/TB-K1-Database/lapak_gaming/vendor/laravel/framework/src/Illuminate/Queue/Console/WorkCommand.php(148): Illuminate/Queue/Worker->runNextJob('database', 'default', Object(Illuminate/Queue/WorkerOptions))
#14 D:/0_Project_VS_Code/3. Sistem Basis Data/TB-K1-Database/lapak_gaming/vendor/laravel/framework/src/Illuminate/Queue/Console/WorkCommand.php(131): Illuminate/Queue/Console/WorkCommand->runWorker('database', 'default')
#15 D:/0_Project_VS_Code/3. Sistem Basis Data/TB-K1-Database/lapak_gaming/vendor/laravel/framework/src/Illuminate/Container/BoundMethod.php(36): Illuminate/Queue/Console/WorkCommand->handle()
#16 D:/0_Project_VS_Code/3. Sistem Basis Data/TB-K1-Database/lapak_gaming/vendor/laravel/framework/src/Illuminate/Container/Util.php(43): Illuminate/Container/BoundMethod::{closure:Illuminate/Container/BoundMethod::call():35}()
#17 D:/0_Project_VS_Code/3. Sistem Basis Data/TB-K1-Database/lapak_gaming/vendor/laravel/framework/src/Illuminate/Container/BoundMethod.php(96): Illuminate/Container/Util::unwrapIfClosure(Object(Closure))
#18 D:/0_Project_VS_Code/3. Sistem Basis Data/TB-K1-Database/lapak_gaming/vendor/laravel/framework/src/Illuminate/Container/BoundMethod.php(35): Illuminate/Container/BoundMethod::callBoundMethod(Object(Illuminate/Foundation/Application), Array, Object(Closure))
#19 D:/0_Project_VS_Code/3. Sistem Basis Data/TB-K1-Database/lapak_gaming/vendor/laravel/framework/src/Illuminate/Container/Container.php(799): Illuminate/Container/BoundMethod::call(Object(Illuminate/Foundation/Application), Array, Array, NULL)
#20 D:/0_Project_VS_Code/3. Sistem Basis Data/TB-K1-Database/lapak_gaming/vendor/laravel/framework/src/Illuminate/Console/Command.php(280): Illuminate/Container/Container->call(Array)
#21 D:/0_Project_VS_Code/3. Sistem Basis Data/TB-K1-Database/lapak_gaming/vendor/symfony/console/Command/Command.php(291): Illuminate/Console/Command->execute(Object(Symfony/Component/Console/Input/ArgvInput), Object(Illuminate/Console/OutputStyle))
#22 D:/0_Project_VS_Code/3. Sistem Basis Data/TB-K1-Database/lapak_gaming/vendor/laravel/framework/src/Illuminate/Console/Command.php(249): Symfony/Component/Console/Command/Command->run(Object(Symfony/Component/Console/Input/ArgvInput), Object(Illuminate/Console/OutputStyle))
#23 D:/0_Project_VS_Code/3. Sistem Basis Data/TB-K1-Database/lapak_gaming/vendor/symfony/console/Application.php(1107): Illuminate/Console/Command->run(Object(Symfony/Component/Console/Input/ArgvInput), Object(Symfony/Component/Console/Output/ConsoleOutput))
#24 D:/0_Project_VS_Code/3. Sistem Basis Data/TB-K1-Database/lapak_gaming/vendor/symfony/console/Application.php(356): Symfony/Component/Console/Application->doRunCommand(Object(Illuminate/Queue/Console/WorkCommand), Object(Symfony/Component/Console/Input/ArgvInput), Object(Symfony/Component/Console/Output/ConsoleOutput))
#25 D:/0_Project_VS_Code/3. Sistem Basis Data/TB-K1-Database/lapak_gaming/vendor/symfony/console/Application.php(195): Symfony/Component/Console/Application->doRun(Object(Symfony/Component/Console/Input/ArgvInput), Object(Symfony/Component/Console/Output/ConsoleOutput))
#26 D:/0_Project_VS_Code/3. Sistem Basis Data/TB-K1-Database/lapak_gaming/vendor/laravel/framework/src/Illuminate/Foundation/Console/Kernel.php(198): Symfony/Component/Console/Application->run(Object(Symfony/Component/Console/Input/ArgvInput), Object(Symfony/Component/Console/Output/ConsoleOutput))
#27 D:/0_Project_VS_Code/3. Sistem Basis Data/TB-K1-Database/lapak_gaming/vendor/laravel/framework/src/Illuminate/Foundation/Application.php(1235): Illuminate/Foundation/Console/Kernel->handle(Object(Symfony/Component/Console/Input/ArgvInput), Object(Symfony/Component/Console/Output/ConsoleOutput))
#28 D:/0_Project_VS_Code/3. Sistem Basis Data/TB-K1-Database/lapak_gaming/artisan(16): Illuminate/Foundation/Application->handleCommand(Object(Symfony/Component/Console/Input/ArgvInput))
#29 {main}

[previous exception] [object] (PDOException(code: 2002): SQLSTATE[HY000] [2002] No connection could be made because the target machine actively refused it at D:/0_Project_VS_Code/3. Sistem Basis Data/TB-K1-Database/lapak_gaming/vendor/laravel/framework/src/Illuminate/Database/Connectors/Connector.php:67)
[stacktrace]
#0 D:/0_Project_VS_Code/3. Sistem Basis Data/TB-K1-Database/lapak_gaming/vendor/laravel/framework/src/Illuminate/Database/Connectors/Connector.php(67): PDO::connect('mysql:host=127....', 'root', Object(SensitiveParameterValue), Array)
#1 D:/0_Project_VS_Code/3. Sistem Basis Data/TB-K1-Database/lapak_gaming/vendor/laravel/framework/src/Illuminate/Database/Connectors/Connector.php(85): Illuminate/Database/Connectors/Connector->createPdoConnection('mysql:host=127....', 'root', Object(SensitiveParameterValue), Array)
#2 D:/0_Project_VS_Code/3. Sistem Basis Data/TB-K1-Database/lapak_gaming/vendor/laravel/framework/src/Illuminate/Database/Connectors/Connector.php(48): Illuminate/Database/Connectors/Connector->tryAgainIfCausedByLostConnection(Object(PDOException), 'mysql:host=127....', 'root', Object(SensitiveParameterValue), Array)
#3 D:/0_Project_VS_Code/3. Sistem Basis Data/TB-K1-Database/lapak_gaming/vendor/laravel/framework/src/Illuminate/Database/Connectors/MySqlConnector.php(24): Illuminate/Database/Connectors/Connector->createConnection('mysql:host=127....', Array, Array)
#4 D:/0_Project_VS_Code/3. Sistem Basis Data/TB-K1-Database/lapak_gaming/vendor/laravel/framework/src/Illuminate/Database/Connectors/ConnectionFactory.php(186): Illuminate/Database/Connectors/MySqlConnector->connect(Array)
#5 [internal function]: Illuminate/Database/Connectors/ConnectionFactory->{closure:Illuminate/Database/Connectors/ConnectionFactory::createPdoResolverWithHosts():181}()
#6 D:/0_Project_VS_Code/3. Sistem Basis Data/TB-K1-Database/lapak_gaming/vendor/laravel/framework/src/Illuminate/Database/Connection.php(1279): call_user_func(Object(Closure))
#7 D:/0_Project_VS_Code/3. Sistem Basis Data/TB-K1-Database/lapak_gaming/vendor/laravel/framework/src/Illuminate/Database/Connection.php(1317): Illuminate/Database/Connection->getPdo()
#8 D:/0_Project_VS_Code/3. Sistem Basis Data/TB-K1-Database/lapak_gaming/vendor/laravel/framework/src/Illuminate/Database/Connection.php(528): Illuminate/Database/Connection->getReadPdo()
#9 D:/0_Project_VS_Code/3. Sistem Basis Data/TB-K1-Database/lapak_gaming/vendor/laravel/framework/src/Illuminate/Database/Connection.php(421): Illuminate/Database/Connection->getPdoForSelect(true)
#10 D:/0_Project_VS_Code/3. Sistem Basis Data/TB-K1-Database/lapak_gaming/vendor/laravel/framework/src/Illuminate/Database/Connection.php(830): Illuminate/Database/Connection->{closure:Illuminate/Database/Connection::select():412}('select * from `...', Array)
#11 D:/0_Project_VS_Code/3. Sistem Basis Data/TB-K1-Database/lapak_gaming/vendor/laravel/framework/src/Illuminate/Database/Connection.php(1021): Illuminate/Database/Connection->runQueryCallback('select * from `...', Array, Object(Closure))
#12 D:/0_Project_VS_Code/3. Sistem Basis Data/TB-K1-Database/lapak_gaming/vendor/laravel/framework/src/Illuminate/Database/Connection.php(1000): Illuminate/Database/Connection->tryAgainIfCausedByLostConnection(Object(Illuminate/Database/QueryException), 'select * from `...', Array, Object(Closure))
#13 D:/0_Project_VS_Code/3. Sistem Basis Data/TB-K1-Database/lapak_gaming/vendor/laravel/framework/src/Illuminate/Database/Connection.php(799): Illuminate/Database/Connection->handleQueryException(Object(Illuminate/Database/QueryException), 'select * from `...', Array, Object(Closure))
#14 D:/0_Project_VS_Code/3. Sistem Basis Data/TB-K1-Database/lapak_gaming/vendor/laravel/framework/src/Illuminate/Database/Connection.php(412): Illuminate/Database/Connection->run('select * from `...', Array, Object(Closure))
#15 D:/0_Project_VS_Code/3. Sistem Basis Data/TB-K1-Database/lapak_gaming/vendor/laravel/framework/src/Illuminate/Database/Query/Builder.php(3562): Illuminate/Database/Connection->select('select * from `...', Array, true, Array)
#16 D:/0_Project_VS_Code/3. Sistem Basis Data/TB-K1-Database/lapak_gaming/vendor/laravel/framework/src/Illuminate/Database/Query/Builder.php(3546): Illuminate/Database/Query/Builder->runSelect()
#17 D:/0_Project_VS_Code/3. Sistem Basis Data/TB-K1-Database/lapak_gaming/vendor/laravel/framework/src/Illuminate/Cache/DatabaseStore.php(142): Illuminate/Database/Query/Builder->get()
#18 D:/0_Project_VS_Code/3. Sistem Basis Data/TB-K1-Database/lapak_gaming/vendor/laravel/framework/src/Illuminate/Cache/DatabaseStore.php(117): Illuminate/Cache/DatabaseStore->many(Array)
#19 D:/0_Project_VS_Code/3. Sistem Basis Data/TB-K1-Database/lapak_gaming/vendor/laravel/framework/src/Illuminate/Cache/Repository.php(124): Illuminate/Cache/DatabaseStore->get('illuminate:queu...')
#20 D:/0_Project_VS_Code/3. Sistem Basis Data/TB-K1-Database/lapak_gaming/vendor/laravel/framework/src/Illuminate/Queue/QueueManager.php(282): Illuminate/Cache/Repository->get('illuminate:queu...', false)
#21 D:/0_Project_VS_Code/3. Sistem Basis Data/TB-K1-Database/lapak_gaming/vendor/laravel/framework/src/Illuminate/Queue/Worker.php(428): Illuminate/Queue/QueueManager->isPaused('database', 'default')
#22 D:/0_Project_VS_Code/3. Sistem Basis Data/TB-K1-Database/lapak_gaming/vendor/laravel/framework/src/Illuminate/Queue/Worker.php(396): Illuminate/Queue/Worker->queuePaused('database', 'default')
#23 D:/0_Project_VS_Code/3. Sistem Basis Data/TB-K1-Database/lapak_gaming/vendor/laravel/framework/src/Illuminate/Queue/Worker.php(357): Illuminate/Queue/Worker->getNextJob(Object(Illuminate/Queue/DatabaseQueue), 'default')
#24 D:/0_Project_VS_Code/3. Sistem Basis Data/TB-K1-Database/lapak_gaming/vendor/laravel/framework/src/Illuminate/Queue/Console/WorkCommand.php(148): Illuminate/Queue/Worker->runNextJob('database', 'default', Object(Illuminate/Queue/WorkerOptions))
#25 D:/0_Project_VS_Code/3. Sistem Basis Data/TB-K1-Database/lapak_gaming/vendor/laravel/framework/src/Illuminate/Queue/Console/WorkCommand.php(131): Illuminate/Queue/Console/WorkCommand->runWorker('database', 'default')
#26 D:/0_Project_VS_Code/3. Sistem Basis Data/TB-K1-Database/lapak_gaming/vendor/laravel/framework/src/Illuminate/Container/BoundMethod.php(36): Illuminate/Queue/Console/WorkCommand->handle()
#27 D:/0_Project_VS_Code/3. Sistem Basis Data/TB-K1-Database/lapak_gaming/vendor/laravel/framework/src/Illuminate/Container/Util.php(43): Illuminate/Container/BoundMethod::{closure:Illuminate/Container/BoundMethod::call():35}()
#28 D:/0_Project_VS_Code/3. Sistem Basis Data/TB-K1-Database/lapak_gaming/vendor/laravel/framework/src/Illuminate/Container/BoundMethod.php(96): Illuminate/Container/Util::unwrapIfClosure(Object(Closure))
#29 D:/0_Project_VS_Code/3. Sistem Basis Data/TB-K1-Database/lapak_gaming/vendor/laravel/framework/src/Illuminate/Container/BoundMethod.php(35): Illuminate/Container/BoundMethod::callBoundMethod(Object(Illuminate/Foundation/Application), Array, Object(Closure))
#30 D:/0_Project_VS_Code/3. Sistem Basis Data/TB-K1-Database/lapak_gaming/vendor/laravel/framework/src/Illuminate/Container/Container.php(799): Illuminate/Container/BoundMethod::call(Object(Illuminate/Foundation/Application), Array, Array, NULL)
#31 D:/0_Project_VS_Code/3. Sistem Basis Data/TB-K1-Database/lapak_gaming/vendor/laravel/framework/src/Illuminate/Console/Command.php(280): Illuminate/Container/Container->call(Array)
#32 D:/0_Project_VS_Code/3. Sistem Basis Data/TB-K1-Database/lapak_gaming/vendor/symfony/console/Command/Command.php(291): Illuminate/Console/Command->execute(Object(Symfony/Component/Console/Input/ArgvInput), Object(Illuminate/Console/OutputStyle))
#33 D:/0_Project_VS_Code/3. Sistem Basis Data/TB-K1-Database/lapak_gaming/vendor/laravel/framework/src/Illuminate/Console/Command.php(249): Symfony/Component/Console/Command/Command->run(Object(Symfony/Component/Console/Input/ArgvInput), Object(Illuminate/Console/OutputStyle))
#34 D:/0_Project_VS_Code/3. Sistem Basis Data/TB-K1-Database/lapak_gaming/vendor/symfony/console/Application.php(1107): Illuminate/Console/Command->run(Object(Symfony/Component/Console/Input/ArgvInput), Object(Symfony/Component/Console/Output/ConsoleOutput))
#35 D:/0_Project_VS_Code/3. Sistem Basis Data/TB-K1-Database/lapak_gaming/vendor/symfony/console/Application.php(356): Symfony/Component/Console/Application->doRunCommand(Object(Illuminate/Queue/Console/WorkCommand), Object(Symfony/Component/Console/Input/ArgvInput), Object(Symfony/Component/Console/Output/ConsoleOutput))
#36 D:/0_Project_VS_Code/3. Sistem Basis Data/TB-K1-Database/lapak_gaming/vendor/symfony/console/Application.php(195): Symfony/Component/Console/Application->doRun(Object(Symfony/Component/Console/Input/ArgvInput), Object(Symfony/Component/Console/Output/ConsoleOutput))
#37 D:/0_Project_VS_Code/3. Sistem Basis Data/TB-K1-Database/lapak_gaming/vendor/laravel/framework/src/Illuminate/Foundation/Console/Kernel.php(198): Symfony/Component/Console/Application->run(Object(Symfony/Component/Console/Input/ArgvInput), Object(Symfony/Component/Console/Output/ConsoleOutput))
#38 D:/0_Project_VS_Code/3. Sistem Basis Data/TB-K1-Database/lapak_gaming/vendor/laravel/framework/src/Illuminate/Foundation/Application.php(1235): Illuminate/Foundation/Console/Kernel->handle(Object(Symfony/Component/Console/Input/ArgvInput), Object(Symfony/Component/Console/Output/ConsoleOutput))
#39 D:/0_Project_VS_Code/3. Sistem Basis Data/TB-K1-Database/lapak_gaming/artisan(16): Illuminate/Foundation/Application->handleCommand(Object(Symfony/Component/Console/Input/ArgvInput))
#40 {main}
"} 
[2026-04-01 06:24:37] local.ERROR: SQLSTATE[HY000] [2002] No connection could be made because the target machine actively refused it (Connection: mysql, Host: 127.0.0.1, Port: 3306, Database: lapak_gaming, SQL: select * from `cache` where `key` in (laravel-cache-illuminate:queue:paused:database:default)) {"exception":"[object] (Illuminate\\Database\\QueryException(code: 2002): SQLSTATE[HY000] [2002] No connection could be made because the target machine actively refused it (Connection: mysql, Host: 127.0.0.1, Port: 3306, Database: lapak_gaming, SQL: select * from `cache` where `key` in (laravel-cache-illuminate:queue:paused:database:default)) at D:/0_Project_VS_Code/3. Sistem Basis Data/TB-K1-Database/lapak_gaming/vendor/laravel/framework/src/Illuminate/Database/Connection.php:841)
[stacktrace]
#0 D:/0_Project_VS_Code/3. Sistem Basis Data/TB-K1-Database/lapak_gaming/vendor/laravel/framework/src/Illuminate/Database/Connection.php(1021): Illuminate/Database/Connection->runQueryCallback('select * from `...', Array, Object(Closure))
#1 D:/0_Project_VS_Code/3. Sistem Basis Data/TB-K1-Database/lapak_gaming/vendor/laravel/framework/src/Illuminate/Database/Connection.php(1000): Illuminate/Database/Connection->tryAgainIfCausedByLostConnection(Object(Illuminate/Database/QueryException), 'select * from `...', Array, Object(Closure))
#2 D:/0_Project_VS_Code/3. Sistem Basis Data/TB-K1-Database/lapak_gaming/vendor/laravel/framework/src/Illuminate/Database/Connection.php(799): Illuminate/Database/Connection->handleQueryException(Object(Illuminate/Database/QueryException), 'select * from `...', Array, Object(Closure))
#3 D:/0_Project_VS_Code/3. Sistem Basis Data/TB-K1-Database/lapak_gaming/vendor/laravel/framework/src/Illuminate/Database/Connection.php(412): Illuminate/Database/Connection->run('select * from `...', Array, Object(Closure))
#4 D:/0_Project_VS_Code/3. Sistem Basis Data/TB-K1-Database/lapak_gaming/vendor/laravel/framework/src/Illuminate/Database/Query/Builder.php(3562): Illuminate/Database/Connection->select('select * from `...', Array, true, Array)
#5 D:/0_Project_VS_Code/3. Sistem Basis Data/TB-K1-Database/lapak_gaming/vendor/laravel/framework/src/Illuminate/Database/Query/Builder.php(3546): Illuminate/Database/Query/Builder->runSelect()
#6 D:/0_Project_VS_Code/3. Sistem Basis Data/TB-K1-Database/lapak_gaming/vendor/laravel/framework/src/Illuminate/Cache/DatabaseStore.php(142): Illuminate/Database/Query/Builder->get()
#7 D:/0_Project_VS_Code/3. Sistem Basis Data/TB-K1-Database/lapak_gaming/vendor/laravel/framework/src/Illuminate/Cache/DatabaseStore.php(117): Illuminate/Cache/DatabaseStore->many(Array)
#8 D:/0_Project_VS_Code/3. Sistem Basis Data/TB-K1-Database/lapak_gaming/vendor/laravel/framework/src/Illuminate/Cache/Repository.php(124): Illuminate/Cache/DatabaseStore->get('illuminate:queu...')
#9 D:/0_Project_VS_Code/3. Sistem Basis Data/TB-K1-Database/lapak_gaming/vendor/laravel/framework/src/Illuminate/Queue/QueueManager.php(282): Illuminate/Cache/Repository->get('illuminate:queu...', false)
#10 D:/0_Project_VS_Code/3. Sistem Basis Data/TB-K1-Database/lapak_gaming/vendor/laravel/framework/src/Illuminate/Queue/Worker.php(428): Illuminate/Queue/QueueManager->isPaused('database', 'default')
#11 D:/0_Project_VS_Code/3. Sistem Basis Data/TB-K1-Database/lapak_gaming/vendor/laravel/framework/src/Illuminate/Queue/Worker.php(396): Illuminate/Queue/Worker->queuePaused('database', 'default')
#12 D:/0_Project_VS_Code/3. Sistem Basis Data/TB-K1-Database/lapak_gaming/vendor/laravel/framework/src/Illuminate/Queue/Worker.php(357): Illuminate/Queue/Worker->getNextJob(Object(Illuminate/Queue/DatabaseQueue), 'default')
#13 D:/0_Project_VS_Code/3. Sistem Basis Data/TB-K1-Database/lapak_gaming/vendor/laravel/framework/src/Illuminate/Queue/Console/WorkCommand.php(148): Illuminate/Queue/Worker->runNextJob('database', 'default', Object(Illuminate/Queue/WorkerOptions))
#14 D:/0_Project_VS_Code/3. Sistem Basis Data/TB-K1-Database/lapak_gaming/vendor/laravel/framework/src/Illuminate/Queue/Console/WorkCommand.php(131): Illuminate/Queue/Console/WorkCommand->runWorker('database', 'default')
#15 D:/0_Project_VS_Code/3. Sistem Basis Data/TB-K1-Database/lapak_gaming/vendor/laravel/framework/src/Illuminate/Container/BoundMethod.php(36): Illuminate/Queue/Console/WorkCommand->handle()
#16 D:/0_Project_VS_Code/3. Sistem Basis Data/TB-K1-Database/lapak_gaming/vendor/laravel/framework/src/Illuminate/Container/Util.php(43): Illuminate/Container/BoundMethod::{closure:Illuminate/Container/BoundMethod::call():35}()
#17 D:/0_Project_VS_Code/3. Sistem Basis Data/TB-K1-Database/lapak_gaming/vendor/laravel/framework/src/Illuminate/Container/BoundMethod.php(96): Illuminate/Container/Util::unwrapIfClosure(Object(Closure))
#18 D:/0_Project_VS_Code/3. Sistem Basis Data/TB-K1-Database/lapak_gaming/vendor/laravel/framework/src/Illuminate/Container/BoundMethod.php(35): Illuminate/Container/BoundMethod::callBoundMethod(Object(Illuminate/Foundation/Application), Array, Object(Closure))
#19 D:/0_Project_VS_Code/3. Sistem Basis Data/TB-K1-Database/lapak_gaming/vendor/laravel/framework/src/Illuminate/Container/Container.php(799): Illuminate/Container/BoundMethod::call(Object(Illuminate/Foundation/Application), Array, Array, NULL)
#20 D:/0_Project_VS_Code/3. Sistem Basis Data/TB-K1-Database/lapak_gaming/vendor/laravel/framework/src/Illuminate/Console/Command.php(280): Illuminate/Container/Container->call(Array)
#21 D:/0_Project_VS_Code/3. Sistem Basis Data/TB-K1-Database/lapak_gaming/vendor/symfony/console/Command/Command.php(291): Illuminate/Console/Command->execute(Object(Symfony/Component/Console/Input/ArgvInput), Object(Illuminate/Console/OutputStyle))
#22 D:/0_Project_VS_Code/3. Sistem Basis Data/TB-K1-Database/lapak_gaming/vendor/laravel/framework/src/Illuminate/Console/Command.php(249): Symfony/Component/Console/Command/Command->run(Object(Symfony/Component/Console/Input/ArgvInput), Object(Illuminate/Console/OutputStyle))
#23 D:/0_Project_VS_Code/3. Sistem Basis Data/TB-K1-Database/lapak_gaming/vendor/symfony/console/Application.php(1107): Illuminate/Console/Command->run(Object(Symfony/Component/Console/Input/ArgvInput), Object(Symfony/Component/Console/Output/ConsoleOutput))
#24 D:/0_Project_VS_Code/3. Sistem Basis Data/TB-K1-Database/lapak_gaming/vendor/symfony/console/Application.php(356): Symfony/Component/Console/Application->doRunCommand(Object(Illuminate/Queue/Console/WorkCommand), Object(Symfony/Component/Console/Input/ArgvInput), Object(Symfony/Component/Console/Output/ConsoleOutput))
#25 D:/0_Project_VS_Code/3. Sistem Basis Data/TB-K1-Database/lapak_gaming/vendor/symfony/console/Application.php(195): Symfony/Component/Console/Application->doRun(Object(Symfony/Component/Console/Input/ArgvInput), Object(Symfony/Component/Console/Output/ConsoleOutput))
#26 D:/0_Project_VS_Code/3. Sistem Basis Data/TB-K1-Database/lapak_gaming/vendor/laravel/framework/src/Illuminate/Foundation/Console/Kernel.php(198): Symfony/Component/Console/Application->run(Object(Symfony/Component/Console/Input/ArgvInput), Object(Symfony/Component/Console/Output/ConsoleOutput))
#27 D:/0_Project_VS_Code/3. Sistem Basis Data/TB-K1-Database/lapak_gaming/vendor/laravel/framework/src/Illuminate/Foundation/Application.php(1235): Illuminate/Foundation/Console/Kernel->handle(Object(Symfony/Component/Console/Input/ArgvInput), Object(Symfony/Component/Console/Output/ConsoleOutput))
#28 D:/0_Project_VS_Code/3. Sistem Basis Data/TB-K1-Database/lapak_gaming/artisan(16): Illuminate/Foundation/Application->handleCommand(Object(Symfony/Component/Console/Input/ArgvInput))
#29 {main}

[previous exception] [object] (PDOException(code: 2002): SQLSTATE[HY000] [2002] No connection could be made because the target machine actively refused it at D:/0_Project_VS_Code/3. Sistem Basis Data/TB-K1-Database/lapak_gaming/vendor/laravel/framework/src/Illuminate/Database/Connectors/Connector.php:67)
[stacktrace]
#0 D:/0_Project_VS_Code/3. Sistem Basis Data/TB-K1-Database/lapak_gaming/vendor/laravel/framework/src/Illuminate/Database/Connectors/Connector.php(67): PDO::connect('mysql:host=127....', 'root', Object(SensitiveParameterValue), Array)
#1 D:/0_Project_VS_Code/3. Sistem Basis Data/TB-K1-Database/lapak_gaming/vendor/laravel/framework/src/Illuminate/Database/Connectors/Connector.php(85): Illuminate/Database/Connectors/Connector->createPdoConnection('mysql:host=127....', 'root', Object(SensitiveParameterValue), Array)
#2 D:/0_Project_VS_Code/3. Sistem Basis Data/TB-K1-Database/lapak_gaming/vendor/laravel/framework/src/Illuminate/Database/Connectors/Connector.php(48): Illuminate/Database/Connectors/Connector->tryAgainIfCausedByLostConnection(Object(PDOException), 'mysql:host=127....', 'root', Object(SensitiveParameterValue), Array)
#3 D:/0_Project_VS_Code/3. Sistem Basis Data/TB-K1-Database/lapak_gaming/vendor/laravel/framework/src/Illuminate/Database/Connectors/MySqlConnector.php(24): Illuminate/Database/Connectors/Connector->createConnection('mysql:host=127....', Array, Array)
#4 D:/0_Project_VS_Code/3. Sistem Basis Data/TB-K1-Database/lapak_gaming/vendor/laravel/framework/src/Illuminate/Database/Connectors/ConnectionFactory.php(186): Illuminate/Database/Connectors/MySqlConnector->connect(Array)
#5 [internal function]: Illuminate/Database/Connectors/ConnectionFactory->{closure:Illuminate/Database/Connectors/ConnectionFactory::createPdoResolverWithHosts():181}()
#6 D:/0_Project_VS_Code/3. Sistem Basis Data/TB-K1-Database/lapak_gaming/vendor/laravel/framework/src/Illuminate/Database/Connection.php(1279): call_user_func(Object(Closure))
#7 D:/0_Project_VS_Code/3. Sistem Basis Data/TB-K1-Database/lapak_gaming/vendor/laravel/framework/src/Illuminate/Database/Connection.php(1317): Illuminate/Database/Connection->getPdo()
#8 D:/0_Project_VS_Code/3. Sistem Basis Data/TB-K1-Database/lapak_gaming/vendor/laravel/framework/src/Illuminate/Database/Connection.php(528): Illuminate/Database/Connection->getReadPdo()
#9 D:/0_Project_VS_Code/3. Sistem Basis Data/TB-K1-Database/lapak_gaming/vendor/laravel/framework/src/Illuminate/Database/Connection.php(421): Illuminate/Database/Connection->getPdoForSelect(true)
#10 D:/0_Project_VS_Code/3. Sistem Basis Data/TB-K1-Database/lapak_gaming/vendor/laravel/framework/src/Illuminate/Database/Connection.php(830): Illuminate/Database/Connection->{closure:Illuminate/Database/Connection::select():412}('select * from `...', Array)
#11 D:/0_Project_VS_Code/3. Sistem Basis Data/TB-K1-Database/lapak_gaming/vendor/laravel/framework/src/Illuminate/Database/Connection.php(1021): Illuminate/Database/Connection->runQueryCallback('select * from `...', Array, Object(Closure))
#12 D:/0_Project_VS_Code/3. Sistem Basis Data/TB-K1-Database/lapak_gaming/vendor/laravel/framework/src/Illuminate/Database/Connection.php(1000): Illuminate/Database/Connection->tryAgainIfCausedByLostConnection(Object(Illuminate/Database/QueryException), 'select * from `...', Array, Object(Closure))
#13 D:/0_Project_VS_Code/3. Sistem Basis Data/TB-K1-Database/lapak_gaming/vendor/laravel/framework/src/Illuminate/Database/Connection.php(799): Illuminate/Database/Connection->handleQueryException(Object(Illuminate/Database/QueryException), 'select * from `...', Array, Object(Closure))
#14 D:/0_Project_VS_Code/3. Sistem Basis Data/TB-K1-Database/lapak_gaming/vendor/laravel/framework/src/Illuminate/Database/Connection.php(412): Illuminate/Database/Connection->run('select * from `...', Array, Object(Closure))
#15 D:/0_Project_VS_Code/3. Sistem Basis Data/TB-K1-Database/lapak_gaming/vendor/laravel/framework/src/Illuminate/Database/Query/Builder.php(3562): Illuminate/Database/Connection->select('select * from `...', Array, true, Array)
#16 D:/0_Project_VS_Code/3. Sistem Basis Data/TB-K1-Database/lapak_gaming/vendor/laravel/framework/src/Illuminate/Database/Query/Builder.php(3546): Illuminate/Database/Query/Builder->runSelect()
#17 D:/0_Project_VS_Code/3. Sistem Basis Data/TB-K1-Database/lapak_gaming/vendor/laravel/framework/src/Illuminate/Cache/DatabaseStore.php(142): Illuminate/Database/Query/Builder->get()
#18 D:/0_Project_VS_Code/3. Sistem Basis Data/TB-K1-Database/lapak_gaming/vendor/laravel/framework/src/Illuminate/Cache/DatabaseStore.php(117): Illuminate/Cache/DatabaseStore->many(Array)
#19 D:/0_Project_VS_Code/3. Sistem Basis Data/TB-K1-Database/lapak_gaming/vendor/laravel/framework/src/Illuminate/Cache/Repository.php(124): Illuminate/Cache/DatabaseStore->get('illuminate:queu...')
#20 D:/0_Project_VS_Code/3. Sistem Basis Data/TB-K1-Database/lapak_gaming/vendor/laravel/framework/src/Illuminate/Queue/QueueManager.php(282): Illuminate/Cache/Repository->get('illuminate:queu...', false)
#21 D:/0_Project_VS_Code/3. Sistem Basis Data/TB-K1-Database/lapak_gaming/vendor/laravel/framework/src/Illuminate/Queue/Worker.php(428): Illuminate/Queue/QueueManager->isPaused('database', 'default')
#22 D:/0_Project_VS_Code/3. Sistem Basis Data/TB-K1-Database/lapak_gaming/vendor/laravel/framework/src/Illuminate/Queue/Worker.php(396): Illuminate/Queue/Worker->queuePaused('database', 'default')
#23 D:/0_Project_VS_Code/3. Sistem Basis Data/TB-K1-Database/lapak_gaming/vendor/laravel/framework/src/Illuminate/Queue/Worker.php(357): Illuminate/Queue/Worker->getNextJob(Object(Illuminate/Queue/DatabaseQueue), 'default')
#24 D:/0_Project_VS_Code/3. Sistem Basis Data/TB-K1-Database/lapak_gaming/vendor/laravel/framework/src/Illuminate/Queue/Console/WorkCommand.php(148): Illuminate/Queue/Worker->runNextJob('database', 'default', Object(Illuminate/Queue/WorkerOptions))
#25 D:/0_Project_VS_Code/3. Sistem Basis Data/TB-K1-Database/lapak_gaming/vendor/laravel/framework/src/Illuminate/Queue/Console/WorkCommand.php(131): Illuminate/Queue/Console/WorkCommand->runWorker('database', 'default')
#26 D:/0_Project_VS_Code/3. Sistem Basis Data/TB-K1-Database/lapak_gaming/vendor/laravel/framework/src/Illuminate/Container/BoundMethod.php(36): Illuminate/Queue/Console/WorkCommand->handle()
#27 D:/0_Project_VS_Code/3. Sistem Basis Data/TB-K1-Database/lapak_gaming/vendor/laravel/framework/src/Illuminate/Container/Util.php(43): Illuminate/Container/BoundMethod::{closure:Illuminate/Container/BoundMethod::call():35}()
#28 D:/0_Project_VS_Code/3. Sistem Basis Data/TB-K1-Database/lapak_gaming/vendor/laravel/framework/src/Illuminate/Container/BoundMethod.php(96): Illuminate/Container/Util::unwrapIfClosure(Object(Closure))
#29 D:/0_Project_VS_Code/3. Sistem Basis Data/TB-K1-Database/lapak_gaming/vendor/laravel/framework/src/Illuminate/Container/BoundMethod.php(35): Illuminate/Container/BoundMethod::callBoundMethod(Object(Illuminate/Foundation/Application), Array, Object(Closure))
#30 D:/0_Project_VS_Code/3. Sistem Basis Data/TB-K1-Database/lapak_gaming/vendor/laravel/framework/src/Illuminate/Container/Container.php(799): Illuminate/Container/BoundMethod::call(Object(Illuminate/Foundation/Application), Array, Array, NULL)
#31 D:/0_Project_VS_Code/3. Sistem Basis Data/TB-K1-Database/lapak_gaming/vendor/laravel/framework/src/Illuminate/Console/Command.php(280): Illuminate/Container/Container->call(Array)
#32 D:/0_Project_VS_Code/3. Sistem Basis Data/TB-K1-Database/lapak_gaming/vendor/symfony/console/Command/Command.php(291): Illuminate/Console/Command->execute(Object(Symfony/Component/Console/Input/ArgvInput), Object(Illuminate/Console/OutputStyle))
#33 D:/0_Project_VS_Code/3. Sistem Basis Data/TB-K1-Database/lapak_gaming/vendor/laravel/framework/src/Illuminate/Console/Command.php(249): Symfony/Component/Console/Command/Command->run(Object(Symfony/Component/Console/Input/ArgvInput), Object(Illuminate/Console/OutputStyle))
#34 D:/0_Project_VS_Code/3. Sistem Basis Data/TB-K1-Database/lapak_gaming/vendor/symfony/console/Application.php(1107): Illuminate/Console/Command->run(Object(Symfony/Component/Console/Input/ArgvInput), Object(Symfony/Component/Console/Output/ConsoleOutput))
#35 D:/0_Project_VS_Code/3. Sistem Basis Data/TB-K1-Database/lapak_gaming/vendor/symfony/console/Application.php(356): Symfony/Component/Console/Application->doRunCommand(Object(Illuminate/Queue/Console/WorkCommand), Object(Symfony/Component/Console/Input/ArgvInput), Object(Symfony/Component/Console/Output/ConsoleOutput))
#36 D:/0_Project_VS_Code/3. Sistem Basis Data/TB-K1-Database/lapak_gaming/vendor/symfony/console/Application.php(195): Symfony/Component/Console/Application->doRun(Object(Symfony/Component/Console/Input/ArgvInput), Object(Symfony/Component/Console/Output/ConsoleOutput))
#37 D:/0_Project_VS_Code/3. Sistem Basis Data/TB-K1-Database/lapak_gaming/vendor/laravel/framework/src/Illuminate/Foundation/Console/Kernel.php(198): Symfony/Component/Console/Application->run(Object(Symfony/Component/Console/Input/ArgvInput), Object(Symfony/Component/Console/Output/ConsoleOutput))
#38 D:/0_Project_VS_Code/3. Sistem Basis Data/TB-K1-Database/lapak_gaming/vendor/laravel/framework/src/Illuminate/Foundation/Application.php(1235): Illuminate/Foundation/Console/Kernel->handle(Object(Symfony/Component/Console/Input/ArgvInput), Object(Symfony/Component/Console/Output/ConsoleOutput))
#39 D:/0_Project_VS_Code/3. Sistem Basis Data/TB-K1-Database/lapak_gaming/artisan(16): Illuminate/Foundation/Application->handleCommand(Object(Symfony/Component/Console/Input/ArgvInput))
#40 {main}
"} 
[2026-04-01 06:24:50] local.ERROR: SQLSTATE[HY000] [2002] No connection could be made because the target machine actively refused it (Connection: mysql, Host: 127.0.0.1, Port: 3306, Database: lapak_gaming, SQL: select * from `cache` where `key` in (laravel-cache-illuminate:queue:paused:database:default)) {"exception":"[object] (Illuminate\\Database\\QueryException(code: 2002): SQLSTATE[HY000] [2002] No connection could be made because the target machine actively refused it (Connection: mysql, Host: 127.0.0.1, Port: 3306, Database: lapak_gaming, SQL: select * from `cache` where `key` in (laravel-cache-illuminate:queue:paused:database:default)) at D:/0_Project_VS_Code/3. Sistem Basis Data/TB-K1-Database/lapak_gaming/vendor/laravel/framework/src/Illuminate/Database/Connection.php:841)
[stacktrace]
#0 D:/0_Project_VS_Code/3. Sistem Basis Data/TB-K1-Database/lapak_gaming/vendor/laravel/framework/src/Illuminate/Database/Connection.php(1021): Illuminate/Database/Connection->runQueryCallback('select * from `...', Array, Object(Closure))
#1 D:/0_Project_VS_Code/3. Sistem Basis Data/TB-K1-Database/lapak_gaming/vendor/laravel/framework/src/Illuminate/Database/Connection.php(1000): Illuminate/Database/Connection->tryAgainIfCausedByLostConnection(Object(Illuminate/Database/QueryException), 'select * from `...', Array, Object(Closure))
#2 D:/0_Project_VS_Code/3. Sistem Basis Data/TB-K1-Database/lapak_gaming/vendor/laravel/framework/src/Illuminate/Database/Connection.php(799): Illuminate/Database/Connection->handleQueryException(Object(Illuminate/Database/QueryException), 'select * from `...', Array, Object(Closure))
#3 D:/0_Project_VS_Code/3. Sistem Basis Data/TB-K1-Database/lapak_gaming/vendor/laravel/framework/src/Illuminate/Database/Connection.php(412): Illuminate/Database/Connection->run('select * from `...', Array, Object(Closure))
#4 D:/0_Project_VS_Code/3. Sistem Basis Data/TB-K1-Database/lapak_gaming/vendor/laravel/framework/src/Illuminate/Database/Query/Builder.php(3562): Illuminate/Database/Connection->select('select * from `...', Array, true, Array)
#5 D:/0_Project_VS_Code/3. Sistem Basis Data/TB-K1-Database/lapak_gaming/vendor/laravel/framework/src/Illuminate/Database/Query/Builder.php(3546): Illuminate/Database/Query/Builder->runSelect()
#6 D:/0_Project_VS_Code/3. Sistem Basis Data/TB-K1-Database/lapak_gaming/vendor/laravel/framework/src/Illuminate/Cache/DatabaseStore.php(142): Illuminate/Database/Query/Builder->get()
#7 D:/0_Project_VS_Code/3. Sistem Basis Data/TB-K1-Database/lapak_gaming/vendor/laravel/framework/src/Illuminate/Cache/DatabaseStore.php(117): Illuminate/Cache/DatabaseStore->many(Array)
#8 D:/0_Project_VS_Code/3. Sistem Basis Data/TB-K1-Database/lapak_gaming/vendor/laravel/framework/src/Illuminate/Cache/Repository.php(124): Illuminate/Cache/DatabaseStore->get('illuminate:queu...')
#9 D:/0_Project_VS_Code/3. Sistem Basis Data/TB-K1-Database/lapak_gaming/vendor/laravel/framework/src/Illuminate/Queue/QueueManager.php(282): Illuminate/Cache/Repository->get('illuminate:queu...', false)
#10 D:/0_Project_VS_Code/3. Sistem Basis Data/TB-K1-Database/lapak_gaming/vendor/laravel/framework/src/Illuminate/Queue/Worker.php(428): Illuminate/Queue/QueueManager->isPaused('database', 'default')
#11 D:/0_Project_VS_Code/3. Sistem Basis Data/TB-K1-Database/lapak_gaming/vendor/laravel/framework/src/Illuminate/Queue/Worker.php(396): Illuminate/Queue/Worker->queuePaused('database', 'default')
#12 D:/0_Project_VS_Code/3. Sistem Basis Data/TB-K1-Database/lapak_gaming/vendor/laravel/framework/src/Illuminate/Queue/Worker.php(357): Illuminate/Queue/Worker->getNextJob(Object(Illuminate/Queue/DatabaseQueue), 'default')
#13 D:/0_Project_VS_Code/3. Sistem Basis Data/TB-K1-Database/lapak_gaming/vendor/laravel/framework/src/Illuminate/Queue/Console/WorkCommand.php(148): Illuminate/Queue/Worker->runNextJob('database', 'default', Object(Illuminate/Queue/WorkerOptions))
#14 D:/0_Project_VS_Code/3. Sistem Basis Data/TB-K1-Database/lapak_gaming/vendor/laravel/framework/src/Illuminate/Queue/Console/WorkCommand.php(131): Illuminate/Queue/Console/WorkCommand->runWorker('database', 'default')
#15 D:/0_Project_VS_Code/3. Sistem Basis Data/TB-K1-Database/lapak_gaming/vendor/laravel/framework/src/Illuminate/Container/BoundMethod.php(36): Illuminate/Queue/Console/WorkCommand->handle()
#16 D:/0_Project_VS_Code/3. Sistem Basis Data/TB-K1-Database/lapak_gaming/vendor/laravel/framework/src/Illuminate/Container/Util.php(43): Illuminate/Container/BoundMethod::{closure:Illuminate/Container/BoundMethod::call():35}()
#17 D:/0_Project_VS_Code/3. Sistem Basis Data/TB-K1-Database/lapak_gaming/vendor/laravel/framework/src/Illuminate/Container/BoundMethod.php(96): Illuminate/Container/Util::unwrapIfClosure(Object(Closure))
#18 D:/0_Project_VS_Code/3. Sistem Basis Data/TB-K1-Database/lapak_gaming/vendor/laravel/framework/src/Illuminate/Container/BoundMethod.php(35): Illuminate/Container/BoundMethod::callBoundMethod(Object(Illuminate/Foundation/Application), Array, Object(Closure))
#19 D:/0_Project_VS_Code/3. Sistem Basis Data/TB-K1-Database/lapak_gaming/vendor/laravel/framework/src/Illuminate/Container/Container.php(799): Illuminate/Container/BoundMethod::call(Object(Illuminate/Foundation/Application), Array, Array, NULL)
#20 D:/0_Project_VS_Code/3. Sistem Basis Data/TB-K1-Database/lapak_gaming/vendor/laravel/framework/src/Illuminate/Console/Command.php(280): Illuminate/Container/Container->call(Array)
#21 D:/0_Project_VS_Code/3. Sistem Basis Data/TB-K1-Database/lapak_gaming/vendor/symfony/console/Command/Command.php(291): Illuminate/Console/Command->execute(Object(Symfony/Component/Console/Input/ArgvInput), Object(Illuminate/Console/OutputStyle))
#22 D:/0_Project_VS_Code/3. Sistem Basis Data/TB-K1-Database/lapak_gaming/vendor/laravel/framework/src/Illuminate/Console/Command.php(249): Symfony/Component/Console/Command/Command->run(Object(Symfony/Component/Console/Input/ArgvInput), Object(Illuminate/Console/OutputStyle))
#23 D:/0_Project_VS_Code/3. Sistem Basis Data/TB-K1-Database/lapak_gaming/vendor/symfony/console/Application.php(1107): Illuminate/Console/Command->run(Object(Symfony/Component/Console/Input/ArgvInput), Object(Symfony/Component/Console/Output/ConsoleOutput))
#24 D:/0_Project_VS_Code/3. Sistem Basis Data/TB-K1-Database/lapak_gaming/vendor/symfony/console/Application.php(356): Symfony/Component/Console/Application->doRunCommand(Object(Illuminate/Queue/Console/WorkCommand), Object(Symfony/Component/Console/Input/ArgvInput), Object(Symfony/Component/Console/Output/ConsoleOutput))
#25 D:/0_Project_VS_Code/3. Sistem Basis Data/TB-K1-Database/lapak_gaming/vendor/symfony/console/Application.php(195): Symfony/Component/Console/Application->doRun(Object(Symfony/Component/Console/Input/ArgvInput), Object(Symfony/Component/Console/Output/ConsoleOutput))
#26 D:/0_Project_VS_Code/3. Sistem Basis Data/TB-K1-Database/lapak_gaming/vendor/laravel/framework/src/Illuminate/Foundation/Console/Kernel.php(198): Symfony/Component/Console/Application->run(Object(Symfony/Component/Console/Input/ArgvInput), Object(Symfony/Component/Console/Output/ConsoleOutput))
#27 D:/0_Project_VS_Code/3. Sistem Basis Data/TB-K1-Database/lapak_gaming/vendor/laravel/framework/src/Illuminate/Foundation/Application.php(1235): Illuminate/Foundation/Console/Kernel->handle(Object(Symfony/Component/Console/Input/ArgvInput), Object(Symfony/Component/Console/Output/ConsoleOutput))
#28 D:/0_Project_VS_Code/3. Sistem Basis Data/TB-K1-Database/lapak_gaming/artisan(16): Illuminate/Foundation/Application->handleCommand(Object(Symfony/Component/Console/Input/ArgvInput))
#29 {main}

[previous exception] [object] (PDOException(code: 2002): SQLSTATE[HY000] [2002] No connection could be made because the target machine actively refused it at D:/0_Project_VS_Code/3. Sistem Basis Data/TB-K1-Database/lapak_gaming/vendor/laravel/framework/src/Illuminate/Database/Connectors/Connector.php:67)
[stacktrace]
#0 D:/0_Project_VS_Code/3. Sistem Basis Data/TB-K1-Database/lapak_gaming/vendor/laravel/framework/src/Illuminate/Database/Connectors/Connector.php(67): PDO::connect('mysql:host=127....', 'root', Object(SensitiveParameterValue), Array)
#1 D:/0_Project_VS_Code/3. Sistem Basis Data/TB-K1-Database/lapak_gaming/vendor/laravel/framework/src/Illuminate/Database/Connectors/Connector.php(85): Illuminate/Database/Connectors/Connector->createPdoConnection('mysql:host=127....', 'root', Object(SensitiveParameterValue), Array)
#2 D:/0_Project_VS_Code/3. Sistem Basis Data/TB-K1-Database/lapak_gaming/vendor/laravel/framework/src/Illuminate/Database/Connectors/Connector.php(48): Illuminate/Database/Connectors/Connector->tryAgainIfCausedByLostConnection(Object(PDOException), 'mysql:host=127....', 'root', Object(SensitiveParameterValue), Array)
#3 D:/0_Project_VS_Code/3. Sistem Basis Data/TB-K1-Database/lapak_gaming/vendor/laravel/framework/src/Illuminate/Database/Connectors/MySqlConnector.php(24): Illuminate/Database/Connectors/Connector->createConnection('mysql:host=127....', Array, Array)
#4 D:/0_Project_VS_Code/3. Sistem Basis Data/TB-K1-Database/lapak_gaming/vendor/laravel/framework/src/Illuminate/Database/Connectors/ConnectionFactory.php(186): Illuminate/Database/Connectors/MySqlConnector->connect(Array)
#5 [internal function]: Illuminate/Database/Connectors/ConnectionFactory->{closure:Illuminate/Database/Connectors/ConnectionFactory::createPdoResolverWithHosts():181}()
#6 D:/0_Project_VS_Code/3. Sistem Basis Data/TB-K1-Database/lapak_gaming/vendor/laravel/framework/src/Illuminate/Database/Connection.php(1279): call_user_func(Object(Closure))
#7 D:/0_Project_VS_Code/3. Sistem Basis Data/TB-K1-Database/lapak_gaming/vendor/laravel/framework/src/Illuminate/Database/Connection.php(1317): Illuminate/Database/Connection->getPdo()
#8 D:/0_Project_VS_Code/3. Sistem Basis Data/TB-K1-Database/lapak_gaming/vendor/laravel/framework/src/Illuminate/Database/Connection.php(528): Illuminate/Database/Connection->getReadPdo()
#9 D:/0_Project_VS_Code/3. Sistem Basis Data/TB-K1-Database/lapak_gaming/vendor/laravel/framework/src/Illuminate/Database/Connection.php(421): Illuminate/Database/Connection->getPdoForSelect(true)
#10 D:/0_Project_VS_Code/3. Sistem Basis Data/TB-K1-Database/lapak_gaming/vendor/laravel/framework/src/Illuminate/Database/Connection.php(830): Illuminate/Database/Connection->{closure:Illuminate/Database/Connection::select():412}('select * from `...', Array)
#11 D:/0_Project_VS_Code/3. Sistem Basis Data/TB-K1-Database/lapak_gaming/vendor/laravel/framework/src/Illuminate/Database/Connection.php(1021): Illuminate/Database/Connection->runQueryCallback('select * from `...', Array, Object(Closure))
#12 D:/0_Project_VS_Code/3. Sistem Basis Data/TB-K1-Database/lapak_gaming/vendor/laravel/framework/src/Illuminate/Database/Connection.php(1000): Illuminate/Database/Connection->tryAgainIfCausedByLostConnection(Object(Illuminate/Database/QueryException), 'select * from `...', Array, Object(Closure))
#13 D:/0_Project_VS_Code/3. Sistem Basis Data/TB-K1-Database/lapak_gaming/vendor/laravel/framework/src/Illuminate/Database/Connection.php(799): Illuminate/Database/Connection->handleQueryException(Object(Illuminate/Database/QueryException), 'select * from `...', Array, Object(Closure))
#14 D:/0_Project_VS_Code/3. Sistem Basis Data/TB-K1-Database/lapak_gaming/vendor/laravel/framework/src/Illuminate/Database/Connection.php(412): Illuminate/Database/Connection->run('select * from `...', Array, Object(Closure))
#15 D:/0_Project_VS_Code/3. Sistem Basis Data/TB-K1-Database/lapak_gaming/vendor/laravel/framework/src/Illuminate/Database/Query/Builder.php(3562): Illuminate/Database/Connection->select('select * from `...', Array, true, Array)
#16 D:/0_Project_VS_Code/3. Sistem Basis Data/TB-K1-Database/lapak_gaming/vendor/laravel/framework/src/Illuminate/Database/Query/Builder.php(3546): Illuminate/Database/Query/Builder->runSelect()
#17 D:/0_Project_VS_Code/3. Sistem Basis Data/TB-K1-Database/lapak_gaming/vendor/laravel/framework/src/Illuminate/Cache/DatabaseStore.php(142): Illuminate/Database/Query/Builder->get()
#18 D:/0_Project_VS_Code/3. Sistem Basis Data/TB-K1-Database/lapak_gaming/vendor/laravel/framework/src/Illuminate/Cache/DatabaseStore.php(117): Illuminate/Cache/DatabaseStore->many(Array)
#19 D:/0_Project_VS_Code/3. Sistem Basis Data/TB-K1-Database/lapak_gaming/vendor/laravel/framework/src/Illuminate/Cache/Repository.php(124): Illuminate/Cache/DatabaseStore->get('illuminate:queu...')
#20 D:/0_Project_VS_Code/3. Sistem Basis Data/TB-K1-Database/lapak_gaming/vendor/laravel/framework/src/Illuminate/Queue/QueueManager.php(282): Illuminate/Cache/Repository->get('illuminate:queu...', false)
#21 D:/0_Project_VS_Code/3. Sistem Basis Data/TB-K1-Database/lapak_gaming/vendor/laravel/framework/src/Illuminate/Queue/Worker.php(428): Illuminate/Queue/QueueManager->isPaused('database', 'default')
#22 D:/0_Project_VS_Code/3. Sistem Basis Data/TB-K1-Database/lapak_gaming/vendor/laravel/framework/src/Illuminate/Queue/Worker.php(396): Illuminate/Queue/Worker->queuePaused('database', 'default')
#23 D:/0_Project_VS_Code/3. Sistem Basis Data/TB-K1-Database/lapak_gaming/vendor/laravel/framework/src/Illuminate/Queue/Worker.php(357): Illuminate/Queue/Worker->getNextJob(Object(Illuminate/Queue/DatabaseQueue), 'default')
#24 D:/0_Project_VS_Code/3. Sistem Basis Data/TB-K1-Database/lapak_gaming/vendor/laravel/framework/src/Illuminate/Queue/Console/WorkCommand.php(148): Illuminate/Queue/Worker->runNextJob('database', 'default', Object(Illuminate/Queue/WorkerOptions))
#25 D:/0_Project_VS_Code/3. Sistem Basis Data/TB-K1-Database/lapak_gaming/vendor/laravel/framework/src/Illuminate/Queue/Console/WorkCommand.php(131): Illuminate/Queue/Console/WorkCommand->runWorker('database', 'default')
#26 D:/0_Project_VS_Code/3. Sistem Basis Data/TB-K1-Database/lapak_gaming/vendor/laravel/framework/src/Illuminate/Container/BoundMethod.php(36): Illuminate/Queue/Console/WorkCommand->handle()
#27 D:/0_Project_VS_Code/3. Sistem Basis Data/TB-K1-Database/lapak_gaming/vendor/laravel/framework/src/Illuminate/Container/Util.php(43): Illuminate/Container/BoundMethod::{closure:Illuminate/Container/BoundMethod::call():35}()
#28 D:/0_Project_VS_Code/3. Sistem Basis Data/TB-K1-Database/lapak_gaming/vendor/laravel/framework/src/Illuminate/Container/BoundMethod.php(96): Illuminate/Container/Util::unwrapIfClosure(Object(Closure))
#29 D:/0_Project_VS_Code/3. Sistem Basis Data/TB-K1-Database/lapak_gaming/vendor/laravel/framework/src/Illuminate/Container/BoundMethod.php(35): Illuminate/Container/BoundMethod::callBoundMethod(Object(Illuminate/Foundation/Application), Array, Object(Closure))
#30 D:/0_Project_VS_Code/3. Sistem Basis Data/TB-K1-Database/lapak_gaming/vendor/laravel/framework/src/Illuminate/Container/Container.php(799): Illuminate/Container/BoundMethod::call(Object(Illuminate/Foundation/Application), Array, Array, NULL)
#31 D:/0_Project_VS_Code/3. Sistem Basis Data/TB-K1-Database/lapak_gaming/vendor/laravel/framework/src/Illuminate/Console/Command.php(280): Illuminate/Container/Container->call(Array)
#32 D:/0_Project_VS_Code/3. Sistem Basis Data/TB-K1-Database/lapak_gaming/vendor/symfony/console/Command/Command.php(291): Illuminate/Console/Command->execute(Object(Symfony/Component/Console/Input/ArgvInput), Object(Illuminate/Console/OutputStyle))
#33 D:/0_Project_VS_Code/3. Sistem Basis Data/TB-K1-Database/lapak_gaming/vendor/laravel/framework/src/Illuminate/Console/Command.php(249): Symfony/Component/Console/Command/Command->run(Object(Symfony/Component/Console/Input/ArgvInput), Object(Illuminate/Console/OutputStyle))
#34 D:/0_Project_VS_Code/3. Sistem Basis Data/TB-K1-Database/lapak_gaming/vendor/symfony/console/Application.php(1107): Illuminate/Console/Command->run(Object(Symfony/Component/Console/Input/ArgvInput), Object(Symfony/Component/Console/Output/ConsoleOutput))
#35 D:/0_Project_VS_Code/3. Sistem Basis Data/TB-K1-Database/lapak_gaming/vendor/symfony/console/Application.php(356): Symfony/Component/Console/Application->doRunCommand(Object(Illuminate/Queue/Console/WorkCommand), Object(Symfony/Component/Console/Input/ArgvInput), Object(Symfony/Component/Console/Output/ConsoleOutput))
#36 D:/0_Project_VS_Code/3. Sistem Basis Data/TB-K1-Database/lapak_gaming/vendor/symfony/console/Application.php(195): Symfony/Component/Console/Application->doRun(Object(Symfony/Component/Console/Input/ArgvInput), Object(Symfony/Component/Console/Output/ConsoleOutput))
#37 D:/0_Project_VS_Code/3. Sistem Basis Data/TB-K1-Database/lapak_gaming/vendor/laravel/framework/src/Illuminate/Foundation/Console/Kernel.php(198): Symfony/Component/Console/Application->run(Object(Symfony/Component/Console/Input/ArgvInput), Object(Symfony/Component/Console/Output/ConsoleOutput))
#38 D:/0_Project_VS_Code/3. Sistem Basis Data/TB-K1-Database/lapak_gaming/vendor/laravel/framework/src/Illuminate/Foundation/Application.php(1235): Illuminate/Foundation/Console/Kernel->handle(Object(Symfony/Component/Console/Input/ArgvInput), Object(Symfony/Component/Console/Output/ConsoleOutput))
#39 D:/0_Project_VS_Code/3. Sistem Basis Data/TB-K1-Database/lapak_gaming/artisan(16): Illuminate/Foundation/Application->handleCommand(Object(Symfony/Component/Console/Input/ArgvInput))
#40 {main}
"} 
[2026-04-01 06:25:02] local.ERROR: SQLSTATE[HY000] [2002] No connection could be made because the target machine actively refused it (Connection: mysql, Host: 127.0.0.1, Port: 3306, Database: lapak_gaming, SQL: select * from `cache` where `key` in (laravel-cache-illuminate:queue:paused:database:default)) {"exception":"[object] (Illuminate\\Database\\QueryException(code: 2002): SQLSTATE[HY000] [2002] No connection could be made because the target machine actively refused it (Connection: mysql, Host: 127.0.0.1, Port: 3306, Database: lapak_gaming, SQL: select * from `cache` where `key` in (laravel-cache-illuminate:queue:paused:database:default)) at D:/0_Project_VS_Code/3. Sistem Basis Data/TB-K1-Database/lapak_gaming/vendor/laravel/framework/src/Illuminate/Database/Connection.php:841)
[stacktrace]
#0 D:/0_Project_VS_Code/3. Sistem Basis Data/TB-K1-Database/lapak_gaming/vendor/laravel/framework/src/Illuminate/Database/Connection.php(1021): Illuminate/Database/Connection->runQueryCallback('select * from `...', Array, Object(Closure))
#1 D:/0_Project_VS_Code/3. Sistem Basis Data/TB-K1-Database/lapak_gaming/vendor/laravel/framework/src/Illuminate/Database/Connection.php(1000): Illuminate/Database/Connection->tryAgainIfCausedByLostConnection(Object(Illuminate/Database/QueryException), 'select * from `...', Array, Object(Closure))
#2 D:/0_Project_VS_Code/3. Sistem Basis Data/TB-K1-Database/lapak_gaming/vendor/laravel/framework/src/Illuminate/Database/Connection.php(799): Illuminate/Database/Connection->handleQueryException(Object(Illuminate/Database/QueryException), 'select * from `...', Array, Object(Closure))
#3 D:/0_Project_VS_Code/3. Sistem Basis Data/TB-K1-Database/lapak_gaming/vendor/laravel/framework/src/Illuminate/Database/Connection.php(412): Illuminate/Database/Connection->run('select * from `...', Array, Object(Closure))
#4 D:/0_Project_VS_Code/3. Sistem Basis Data/TB-K1-Database/lapak_gaming/vendor/laravel/framework/src/Illuminate/Database/Query/Builder.php(3562): Illuminate/Database/Connection->select('select * from `...', Array, true, Array)
#5 D:/0_Project_VS_Code/3. Sistem Basis Data/TB-K1-Database/lapak_gaming/vendor/laravel/framework/src/Illuminate/Database/Query/Builder.php(3546): Illuminate/Database/Query/Builder->runSelect()
#6 D:/0_Project_VS_Code/3. Sistem Basis Data/TB-K1-Database/lapak_gaming/vendor/laravel/framework/src/Illuminate/Cache/DatabaseStore.php(142): Illuminate/Database/Query/Builder->get()
#7 D:/0_Project_VS_Code/3. Sistem Basis Data/TB-K1-Database/lapak_gaming/vendor/laravel/framework/src/Illuminate/Cache/DatabaseStore.php(117): Illuminate/Cache/DatabaseStore->many(Array)
#8 D:/0_Project_VS_Code/3. Sistem Basis Data/TB-K1-Database/lapak_gaming/vendor/laravel/framework/src/Illuminate/Cache/Repository.php(124): Illuminate/Cache/DatabaseStore->get('illuminate:queu...')
#9 D:/0_Project_VS_Code/3. Sistem Basis Data/TB-K1-Database/lapak_gaming/vendor/laravel/framework/src/Illuminate/Queue/QueueManager.php(282): Illuminate/Cache/Repository->get('illuminate:queu...', false)
#10 D:/0_Project_VS_Code/3. Sistem Basis Data/TB-K1-Database/lapak_gaming/vendor/laravel/framework/src/Illuminate/Queue/Worker.php(428): Illuminate/Queue/QueueManager->isPaused('database', 'default')
#11 D:/0_Project_VS_Code/3. Sistem Basis Data/TB-K1-Database/lapak_gaming/vendor/laravel/framework/src/Illuminate/Queue/Worker.php(396): Illuminate/Queue/Worker->queuePaused('database', 'default')
#12 D:/0_Project_VS_Code/3. Sistem Basis Data/TB-K1-Database/lapak_gaming/vendor/laravel/framework/src/Illuminate/Queue/Worker.php(357): Illuminate/Queue/Worker->getNextJob(Object(Illuminate/Queue/DatabaseQueue), 'default')
#13 D:/0_Project_VS_Code/3. Sistem Basis Data/TB-K1-Database/lapak_gaming/vendor/laravel/framework/src/Illuminate/Queue/Console/WorkCommand.php(148): Illuminate/Queue/Worker->runNextJob('database', 'default', Object(Illuminate/Queue/WorkerOptions))
#14 D:/0_Project_VS_Code/3. Sistem Basis Data/TB-K1-Database/lapak_gaming/vendor/laravel/framework/src/Illuminate/Queue/Console/WorkCommand.php(131): Illuminate/Queue/Console/WorkCommand->runWorker('database', 'default')
#15 D:/0_Project_VS_Code/3. Sistem Basis Data/TB-K1-Database/lapak_gaming/vendor/laravel/framework/src/Illuminate/Container/BoundMethod.php(36): Illuminate/Queue/Console/WorkCommand->handle()
#16 D:/0_Project_VS_Code/3. Sistem Basis Data/TB-K1-Database/lapak_gaming/vendor/laravel/framework/src/Illuminate/Container/Util.php(43): Illuminate/Container/BoundMethod::{closure:Illuminate/Container/BoundMethod::call():35}()
#17 D:/0_Project_VS_Code/3. Sistem Basis Data/TB-K1-Database/lapak_gaming/vendor/laravel/framework/src/Illuminate/Container/BoundMethod.php(96): Illuminate/Container/Util::unwrapIfClosure(Object(Closure))
#18 D:/0_Project_VS_Code/3. Sistem Basis Data/TB-K1-Database/lapak_gaming/vendor/laravel/framework/src/Illuminate/Container/BoundMethod.php(35): Illuminate/Container/BoundMethod::callBoundMethod(Object(Illuminate/Foundation/Application), Array, Object(Closure))
#19 D:/0_Project_VS_Code/3. Sistem Basis Data/TB-K1-Database/lapak_gaming/vendor/laravel/framework/src/Illuminate/Container/Container.php(799): Illuminate/Container/BoundMethod::call(Object(Illuminate/Foundation/Application), Array, Array, NULL)
#20 D:/0_Project_VS_Code/3. Sistem Basis Data/TB-K1-Database/lapak_gaming/vendor/laravel/framework/src/Illuminate/Console/Command.php(280): Illuminate/Container/Container->call(Array)
#21 D:/0_Project_VS_Code/3. Sistem Basis Data/TB-K1-Database/lapak_gaming/vendor/symfony/console/Command/Command.php(291): Illuminate/Console/Command->execute(Object(Symfony/Component/Console/Input/ArgvInput), Object(Illuminate/Console/OutputStyle))
#22 D:/0_Project_VS_Code/3. Sistem Basis Data/TB-K1-Database/lapak_gaming/vendor/laravel/framework/src/Illuminate/Console/Command.php(249): Symfony/Component/Console/Command/Command->run(Object(Symfony/Component/Console/Input/ArgvInput), Object(Illuminate/Console/OutputStyle))
#23 D:/0_Project_VS_Code/3. Sistem Basis Data/TB-K1-Database/lapak_gaming/vendor/symfony/console/Application.php(1107): Illuminate/Console/Command->run(Object(Symfony/Component/Console/Input/ArgvInput), Object(Symfony/Component/Console/Output/ConsoleOutput))
#24 D:/0_Project_VS_Code/3. Sistem Basis Data/TB-K1-Database/lapak_gaming/vendor/symfony/console/Application.php(356): Symfony/Component/Console/Application->doRunCommand(Object(Illuminate/Queue/Console/WorkCommand), Object(Symfony/Component/Console/Input/ArgvInput), Object(Symfony/Component/Console/Output/ConsoleOutput))
#25 D:/0_Project_VS_Code/3. Sistem Basis Data/TB-K1-Database/lapak_gaming/vendor/symfony/console/Application.php(195): Symfony/Component/Console/Application->doRun(Object(Symfony/Component/Console/Input/ArgvInput), Object(Symfony/Component/Console/Output/ConsoleOutput))
#26 D:/0_Project_VS_Code/3. Sistem Basis Data/TB-K1-Database/lapak_gaming/vendor/laravel/framework/src/Illuminate/Foundation/Console/Kernel.php(198): Symfony/Component/Console/Application->run(Object(Symfony/Component/Console/Input/ArgvInput), Object(Symfony/Component/Console/Output/ConsoleOutput))
#27 D:/0_Project_VS_Code/3. Sistem Basis Data/TB-K1-Database/lapak_gaming/vendor/laravel/framework/src/Illuminate/Foundation/Application.php(1235): Illuminate/Foundation/Console/Kernel->handle(Object(Symfony/Component/Console/Input/ArgvInput), Object(Symfony/Component/Console/Output/ConsoleOutput))
#28 D:/0_Project_VS_Code/3. Sistem Basis Data/TB-K1-Database/lapak_gaming/artisan(16): Illuminate/Foundation/Application->handleCommand(Object(Symfony/Component/Console/Input/ArgvInput))
#29 {main}

[previous exception] [object] (PDOException(code: 2002): SQLSTATE[HY000] [2002] No connection could be made because the target machine actively refused it at D:/0_Project_VS_Code/3. Sistem Basis Data/TB-K1-Database/lapak_gaming/vendor/laravel/framework/src/Illuminate/Database/Connectors/Connector.php:67)
[stacktrace]
#0 D:/0_Project_VS_Code/3. Sistem Basis Data/TB-K1-Database/lapak_gaming/vendor/laravel/framework/src/Illuminate/Database/Connectors/Connector.php(67): PDO::connect('mysql:host=127....', 'root', Object(SensitiveParameterValue), Array)
#1 D:/0_Project_VS_Code/3. Sistem Basis Data/TB-K1-Database/lapak_gaming/vendor/laravel/framework/src/Illuminate/Database/Connectors/Connector.php(85): Illuminate/Database/Connectors/Connector->createPdoConnection('mysql:host=127....', 'root', Object(SensitiveParameterValue), Array)
#2 D:/0_Project_VS_Code/3. Sistem Basis Data/TB-K1-Database/lapak_gaming/vendor/laravel/framework/src/Illuminate/Database/Connectors/Connector.php(48): Illuminate/Database/Connectors/Connector->tryAgainIfCausedByLostConnection(Object(PDOException), 'mysql:host=127....', 'root', Object(SensitiveParameterValue), Array)
#3 D:/0_Project_VS_Code/3. Sistem Basis Data/TB-K1-Database/lapak_gaming/vendor/laravel/framework/src/Illuminate/Database/Connectors/MySqlConnector.php(24): Illuminate/Database/Connectors/Connector->createConnection('mysql:host=127....', Array, Array)
#4 D:/0_Project_VS_Code/3. Sistem Basis Data/TB-K1-Database/lapak_gaming/vendor/laravel/framework/src/Illuminate/Database/Connectors/ConnectionFactory.php(186): Illuminate/Database/Connectors/MySqlConnector->connect(Array)
#5 [internal function]: Illuminate/Database/Connectors/ConnectionFactory->{closure:Illuminate/Database/Connectors/ConnectionFactory::createPdoResolverWithHosts():181}()
#6 D:/0_Project_VS_Code/3. Sistem Basis Data/TB-K1-Database/lapak_gaming/vendor/laravel/framework/src/Illuminate/Database/Connection.php(1279): call_user_func(Object(Closure))
#7 D:/0_Project_VS_Code/3. Sistem Basis Data/TB-K1-Database/lapak_gaming/vendor/laravel/framework/src/Illuminate/Database/Connection.php(1317): Illuminate/Database/Connection->getPdo()
#8 D:/0_Project_VS_Code/3. Sistem Basis Data/TB-K1-Database/lapak_gaming/vendor/laravel/framework/src/Illuminate/Database/Connection.php(528): Illuminate/Database/Connection->getReadPdo()
#9 D:/0_Project_VS_Code/3. Sistem Basis Data/TB-K1-Database/lapak_gaming/vendor/laravel/framework/src/Illuminate/Database/Connection.php(421): Illuminate/Database/Connection->getPdoForSelect(true)
#10 D:/0_Project_VS_Code/3. Sistem Basis Data/TB-K1-Database/lapak_gaming/vendor/laravel/framework/src/Illuminate/Database/Connection.php(830): Illuminate/Database/Connection->{closure:Illuminate/Database/Connection::select():412}('select * from `...', Array)
#11 D:/0_Project_VS_Code/3. Sistem Basis Data/TB-K1-Database/lapak_gaming/vendor/laravel/framework/src/Illuminate/Database/Connection.php(1021): Illuminate/Database/Connection->runQueryCallback('select * from `...', Array, Object(Closure))
#12 D:/0_Project_VS_Code/3. Sistem Basis Data/TB-K1-Database/lapak_gaming/vendor/laravel/framework/src/Illuminate/Database/Connection.php(1000): Illuminate/Database/Connection->tryAgainIfCausedByLostConnection(Object(Illuminate/Database/QueryException), 'select * from `...', Array, Object(Closure))
#13 D:/0_Project_VS_Code/3. Sistem Basis Data/TB-K1-Database/lapak_gaming/vendor/laravel/framework/src/Illuminate/Database/Connection.php(799): Illuminate/Database/Connection->handleQueryException(Object(Illuminate/Database/QueryException), 'select * from `...', Array, Object(Closure))
#14 D:/0_Project_VS_Code/3. Sistem Basis Data/TB-K1-Database/lapak_gaming/vendor/laravel/framework/src/Illuminate/Database/Connection.php(412): Illuminate/Database/Connection->run('select * from `...', Array, Object(Closure))
#15 D:/0_Project_VS_Code/3. Sistem Basis Data/TB-K1-Database/lapak_gaming/vendor/laravel/framework/src/Illuminate/Database/Query/Builder.php(3562): Illuminate/Database/Connection->select('select * from `...', Array, true, Array)
#16 D:/0_Project_VS_Code/3. Sistem Basis Data/TB-K1-Database/lapak_gaming/vendor/laravel/framework/src/Illuminate/Database/Query/Builder.php(3546): Illuminate/Database/Query/Builder->runSelect()
#17 D:/0_Project_VS_Code/3. Sistem Basis Data/TB-K1-Database/lapak_gaming/vendor/laravel/framework/src/Illuminate/Cache/DatabaseStore.php(142): Illuminate/Database/Query/Builder->get()
#18 D:/0_Project_VS_Code/3. Sistem Basis Data/TB-K1-Database/lapak_gaming/vendor/laravel/framework/src/Illuminate/Cache/DatabaseStore.php(117): Illuminate/Cache/DatabaseStore->many(Array)
#19 D:/0_Project_VS_Code/3. Sistem Basis Data/TB-K1-Database/lapak_gaming/vendor/laravel/framework/src/Illuminate/Cache/Repository.php(124): Illuminate/Cache/DatabaseStore->get('illuminate:queu...')
#20 D:/0_Project_VS_Code/3. Sistem Basis Data/TB-K1-Database/lapak_gaming/vendor/laravel/framework/src/Illuminate/Queue/QueueManager.php(282): Illuminate/Cache/Repository->get('illuminate:queu...', false)
#21 D:/0_Project_VS_Code/3. Sistem Basis Data/TB-K1-Database/lapak_gaming/vendor/laravel/framework/src/Illuminate/Queue/Worker.php(428): Illuminate/Queue/QueueManager->isPaused('database', 'default')
#22 D:/0_Project_VS_Code/3. Sistem Basis Data/TB-K1-Database/lapak_gaming/vendor/laravel/framework/src/Illuminate/Queue/Worker.php(396): Illuminate/Queue/Worker->queuePaused('database', 'default')
#23 D:/0_Project_VS_Code/3. Sistem Basis Data/TB-K1-Database/lapak_gaming/vendor/laravel/framework/src/Illuminate/Queue/Worker.php(357): Illuminate/Queue/Worker->getNextJob(Object(Illuminate/Queue/DatabaseQueue), 'default')
#24 D:/0_Project_VS_Code/3. Sistem Basis Data/TB-K1-Database/lapak_gaming/vendor/laravel/framework/src/Illuminate/Queue/Console/WorkCommand.php(148): Illuminate/Queue/Worker->runNextJob('database', 'default', Object(Illuminate/Queue/WorkerOptions))
#25 D:/0_Project_VS_Code/3. Sistem Basis Data/TB-K1-Database/lapak_gaming/vendor/laravel/framework/src/Illuminate/Queue/Console/WorkCommand.php(131): Illuminate/Queue/Console/WorkCommand->runWorker('database', 'default')
#26 D:/0_Project_VS_Code/3. Sistem Basis Data/TB-K1-Database/lapak_gaming/vendor/laravel/framework/src/Illuminate/Container/BoundMethod.php(36): Illuminate/Queue/Console/WorkCommand->handle()
#27 D:/0_Project_VS_Code/3. Sistem Basis Data/TB-K1-Database/lapak_gaming/vendor/laravel/framework/src/Illuminate/Container/Util.php(43): Illuminate/Container/BoundMethod::{closure:Illuminate/Container/BoundMethod::call():35}()
#28 D:/0_Project_VS_Code/3. Sistem Basis Data/TB-K1-Database/lapak_gaming/vendor/laravel/framework/src/Illuminate/Container/BoundMethod.php(96): Illuminate/Container/Util::unwrapIfClosure(Object(Closure))
#29 D:/0_Project_VS_Code/3. Sistem Basis Data/TB-K1-Database/lapak_gaming/vendor/laravel/framework/src/Illuminate/Container/BoundMethod.php(35): Illuminate/Container/BoundMethod::callBoundMethod(Object(Illuminate/Foundation/Application), Array, Object(Closure))
#30 D:/0_Project_VS_Code/3. Sistem Basis Data/TB-K1-Database/lapak_gaming/vendor/laravel/framework/src/Illuminate/Container/Container.php(799): Illuminate/Container/BoundMethod::call(Object(Illuminate/Foundation/Application), Array, Array, NULL)
#31 D:/0_Project_VS_Code/3. Sistem Basis Data/TB-K1-Database/lapak_gaming/vendor/laravel/framework/src/Illuminate/Console/Command.php(280): Illuminate/Container/Container->call(Array)
#32 D:/0_Project_VS_Code/3. Sistem Basis Data/TB-K1-Database/lapak_gaming/vendor/symfony/console/Command/Command.php(291): Illuminate/Console/Command->execute(Object(Symfony/Component/Console/Input/ArgvInput), Object(Illuminate/Console/OutputStyle))
#33 D:/0_Project_VS_Code/3. Sistem Basis Data/TB-K1-Database/lapak_gaming/vendor/laravel/framework/src/Illuminate/Console/Command.php(249): Symfony/Component/Console/Command/Command->run(Object(Symfony/Component/Console/Input/ArgvInput), Object(Illuminate/Console/OutputStyle))
#34 D:/0_Project_VS_Code/3. Sistem Basis Data/TB-K1-Database/lapak_gaming/vendor/symfony/console/Application.php(1107): Illuminate/Console/Command->run(Object(Symfony/Component/Console/Input/ArgvInput), Object(Symfony/Component/Console/Output/ConsoleOutput))
#35 D:/0_Project_VS_Code/3. Sistem Basis Data/TB-K1-Database/lapak_gaming/vendor/symfony/console/Application.php(356): Symfony/Component/Console/Application->doRunCommand(Object(Illuminate/Queue/Console/WorkCommand), Object(Symfony/Component/Console/Input/ArgvInput), Object(Symfony/Component/Console/Output/ConsoleOutput))
#36 D:/0_Project_VS_Code/3. Sistem Basis Data/TB-K1-Database/lapak_gaming/vendor/symfony/console/Application.php(195): Symfony/Component/Console/Application->doRun(Object(Symfony/Component/Console/Input/ArgvInput), Object(Symfony/Component/Console/Output/ConsoleOutput))
#37 D:/0_Project_VS_Code/3. Sistem Basis Data/TB-K1-Database/lapak_gaming/vendor/laravel/framework/src/Illuminate/Foundation/Console/Kernel.php(198): Symfony/Component/Console/Application->run(Object(Symfony/Component/Console/Input/ArgvInput), Object(Symfony/Component/Console/Output/ConsoleOutput))
#38 D:/0_Project_VS_Code/3. Sistem Basis Data/TB-K1-Database/lapak_gaming/vendor/laravel/framework/src/Illuminate/Foundation/Application.php(1235): Illuminate/Foundation/Console/Kernel->handle(Object(Symfony/Component/Console/Input/ArgvInput), Object(Symfony/Component/Console/Output/ConsoleOutput))
#39 D:/0_Project_VS_Code/3. Sistem Basis Data/TB-K1-Database/lapak_gaming/artisan(16): Illuminate/Foundation/Application->handleCommand(Object(Symfony/Component/Console/Input/ArgvInput))
#40 {main}
"} 
[2026-04-01 06:25:14] local.ERROR: SQLSTATE[HY000] [2002] No connection could be made because the target machine actively refused it (Connection: mysql, Host: 127.0.0.1, Port: 3306, Database: lapak_gaming, SQL: select * from `cache` where `key` in (laravel-cache-illuminate:queue:paused:database:default)) {"exception":"[object] (Illuminate\\Database\\QueryException(code: 2002): SQLSTATE[HY000] [2002] No connection could be made because the target machine actively refused it (Connection: mysql, Host: 127.0.0.1, Port: 3306, Database: lapak_gaming, SQL: select * from `cache` where `key` in (laravel-cache-illuminate:queue:paused:database:default)) at D:/0_Project_VS_Code/3. Sistem Basis Data/TB-K1-Database/lapak_gaming/vendor/laravel/framework/src/Illuminate/Database/Connection.php:841)
[stacktrace]
#0 D:/0_Project_VS_Code/3. Sistem Basis Data/TB-K1-Database/lapak_gaming/vendor/laravel/framework/src/Illuminate/Database/Connection.php(1021): Illuminate/Database/Connection->runQueryCallback('select * from `...', Array, Object(Closure))
#1 D:/0_Project_VS_Code/3. Sistem Basis Data/TB-K1-Database/lapak_gaming/vendor/laravel/framework/src/Illuminate/Database/Connection.php(1000): Illuminate/Database/Connection->tryAgainIfCausedByLostConnection(Object(Illuminate/Database/QueryException), 'select * from `...', Array, Object(Closure))
#2 D:/0_Project_VS_Code/3. Sistem Basis Data/TB-K1-Database/lapak_gaming/vendor/laravel/framework/src/Illuminate/Database/Connection.php(799): Illuminate/Database/Connection->handleQueryException(Object(Illuminate/Database/QueryException), 'select * from `...', Array, Object(Closure))
#3 D:/0_Project_VS_Code/3. Sistem Basis Data/TB-K1-Database/lapak_gaming/vendor/laravel/framework/src/Illuminate/Database/Connection.php(412): Illuminate/Database/Connection->run('select * from `...', Array, Object(Closure))
#4 D:/0_Project_VS_Code/3. Sistem Basis Data/TB-K1-Database/lapak_gaming/vendor/laravel/framework/src/Illuminate/Database/Query/Builder.php(3562): Illuminate/Database/Connection->select('select * from `...', Array, true, Array)
#5 D:/0_Project_VS_Code/3. Sistem Basis Data/TB-K1-Database/lapak_gaming/vendor/laravel/framework/src/Illuminate/Database/Query/Builder.php(3546): Illuminate/Database/Query/Builder->runSelect()
#6 D:/0_Project_VS_Code/3. Sistem Basis Data/TB-K1-Database/lapak_gaming/vendor/laravel/framework/src/Illuminate/Cache/DatabaseStore.php(142): Illuminate/Database/Query/Builder->get()
#7 D:/0_Project_VS_Code/3. Sistem Basis Data/TB-K1-Database/lapak_gaming/vendor/laravel/framework/src/Illuminate/Cache/DatabaseStore.php(117): Illuminate/Cache/DatabaseStore->many(Array)
#8 D:/0_Project_VS_Code/3. Sistem Basis Data/TB-K1-Database/lapak_gaming/vendor/laravel/framework/src/Illuminate/Cache/Repository.php(124): Illuminate/Cache/DatabaseStore->get('illuminate:queu...')
#9 D:/0_Project_VS_Code/3. Sistem Basis Data/TB-K1-Database/lapak_gaming/vendor/laravel/framework/src/Illuminate/Queue/QueueManager.php(282): Illuminate/Cache/Repository->get('illuminate:queu...', false)
#10 D:/0_Project_VS_Code/3. Sistem Basis Data/TB-K1-Database/lapak_gaming/vendor/laravel/framework/src/Illuminate/Queue/Worker.php(428): Illuminate/Queue/QueueManager->isPaused('database', 'default')
#11 D:/0_Project_VS_Code/3. Sistem Basis Data/TB-K1-Database/lapak_gaming/vendor/laravel/framework/src/Illuminate/Queue/Worker.php(396): Illuminate/Queue/Worker->queuePaused('database', 'default')
#12 D:/0_Project_VS_Code/3. Sistem Basis Data/TB-K1-Database/lapak_gaming/vendor/laravel/framework/src/Illuminate/Queue/Worker.php(357): Illuminate/Queue/Worker->getNextJob(Object(Illuminate/Queue/DatabaseQueue), 'default')
#13 D:/0_Project_VS_Code/3. Sistem Basis Data/TB-K1-Database/lapak_gaming/vendor/laravel/framework/src/Illuminate/Queue/Console/WorkCommand.php(148): Illuminate/Queue/Worker->runNextJob('database', 'default', Object(Illuminate/Queue/WorkerOptions))
#14 D:/0_Project_VS_Code/3. Sistem Basis Data/TB-K1-Database/lapak_gaming/vendor/laravel/framework/src/Illuminate/Queue/Console/WorkCommand.php(131): Illuminate/Queue/Console/WorkCommand->runWorker('database', 'default')
#15 D:/0_Project_VS_Code/3. Sistem Basis Data/TB-K1-Database/lapak_gaming/vendor/laravel/framework/src/Illuminate/Container/BoundMethod.php(36): Illuminate/Queue/Console/WorkCommand->handle()
#16 D:/0_Project_VS_Code/3. Sistem Basis Data/TB-K1-Database/lapak_gaming/vendor/laravel/framework/src/Illuminate/Container/Util.php(43): Illuminate/Container/BoundMethod::{closure:Illuminate/Container/BoundMethod::call():35}()
#17 D:/0_Project_VS_Code/3. Sistem Basis Data/TB-K1-Database/lapak_gaming/vendor/laravel/framework/src/Illuminate/Container/BoundMethod.php(96): Illuminate/Container/Util::unwrapIfClosure(Object(Closure))
#18 D:/0_Project_VS_Code/3. Sistem Basis Data/TB-K1-Database/lapak_gaming/vendor/laravel/framework/src/Illuminate/Container/BoundMethod.php(35): Illuminate/Container/BoundMethod::callBoundMethod(Object(Illuminate/Foundation/Application), Array, Object(Closure))
#19 D:/0_Project_VS_Code/3. Sistem Basis Data/TB-K1-Database/lapak_gaming/vendor/laravel/framework/src/Illuminate/Container/Container.php(799): Illuminate/Container/BoundMethod::call(Object(Illuminate/Foundation/Application), Array, Array, NULL)
#20 D:/0_Project_VS_Code/3. Sistem Basis Data/TB-K1-Database/lapak_gaming/vendor/laravel/framework/src/Illuminate/Console/Command.php(280): Illuminate/Container/Container->call(Array)
#21 D:/0_Project_VS_Code/3. Sistem Basis Data/TB-K1-Database/lapak_gaming/vendor/symfony/console/Command/Command.php(291): Illuminate/Console/Command->execute(Object(Symfony/Component/Console/Input/ArgvInput), Object(Illuminate/Console/OutputStyle))
#22 D:/0_Project_VS_Code/3. Sistem Basis Data/TB-K1-Database/lapak_gaming/vendor/laravel/framework/src/Illuminate/Console/Command.php(249): Symfony/Component/Console/Command/Command->run(Object(Symfony/Component/Console/Input/ArgvInput), Object(Illuminate/Console/OutputStyle))
#23 D:/0_Project_VS_Code/3. Sistem Basis Data/TB-K1-Database/lapak_gaming/vendor/symfony/console/Application.php(1107): Illuminate/Console/Command->run(Object(Symfony/Component/Console/Input/ArgvInput), Object(Symfony/Component/Console/Output/ConsoleOutput))
#24 D:/0_Project_VS_Code/3. Sistem Basis Data/TB-K1-Database/lapak_gaming/vendor/symfony/console/Application.php(356): Symfony/Component/Console/Application->doRunCommand(Object(Illuminate/Queue/Console/WorkCommand), Object(Symfony/Component/Console/Input/ArgvInput), Object(Symfony/Component/Console/Output/ConsoleOutput))
#25 D:/0_Project_VS_Code/3. Sistem Basis Data/TB-K1-Database/lapak_gaming/vendor/symfony/console/Application.php(195): Symfony/Component/Console/Application->doRun(Object(Symfony/Component/Console/Input/ArgvInput), Object(Symfony/Component/Console/Output/ConsoleOutput))
#26 D:/0_Project_VS_Code/3. Sistem Basis Data/TB-K1-Database/lapak_gaming/vendor/laravel/framework/src/Illuminate/Foundation/Console/Kernel.php(198): Symfony/Component/Console/Application->run(Object(Symfony/Component/Console/Input/ArgvInput), Object(Symfony/Component/Console/Output/ConsoleOutput))
#27 D:/0_Project_VS_Code/3. Sistem Basis Data/TB-K1-Database/lapak_gaming/vendor/laravel/framework/src/Illuminate/Foundation/Application.php(1235): Illuminate/Foundation/Console/Kernel->handle(Object(Symfony/Component/Console/Input/ArgvInput), Object(Symfony/Component/Console/Output/ConsoleOutput))
#28 D:/0_Project_VS_Code/3. Sistem Basis Data/TB-K1-Database/lapak_gaming/artisan(16): Illuminate/Foundation/Application->handleCommand(Object(Symfony/Component/Console/Input/ArgvInput))
#29 {main}

[previous exception] [object] (PDOException(code: 2002): SQLSTATE[HY000] [2002] No connection could be made because the target machine actively refused it at D:/0_Project_VS_Code/3. Sistem Basis Data/TB-K1-Database/lapak_gaming/vendor/laravel/framework/src/Illuminate/Database/Connectors/Connector.php:67)
[stacktrace]
#0 D:/0_Project_VS_Code/3. Sistem Basis Data/TB-K1-Database/lapak_gaming/vendor/laravel/framework/src/Illuminate/Database/Connectors/Connector.php(67): PDO::connect('mysql:host=127....', 'root', Object(SensitiveParameterValue), Array)
#1 D:/0_Project_VS_Code/3. Sistem Basis Data/TB-K1-Database/lapak_gaming/vendor/laravel/framework/src/Illuminate/Database/Connectors/Connector.php(85): Illuminate/Database/Connectors/Connector->createPdoConnection('mysql:host=127....', 'root', Object(SensitiveParameterValue), Array)
#2 D:/0_Project_VS_Code/3. Sistem Basis Data/TB-K1-Database/lapak_gaming/vendor/laravel/framework/src/Illuminate/Database/Connectors/Connector.php(48): Illuminate/Database/Connectors/Connector->tryAgainIfCausedByLostConnection(Object(PDOException), 'mysql:host=127....', 'root', Object(SensitiveParameterValue), Array)
#3 D:/0_Project_VS_Code/3. Sistem Basis Data/TB-K1-Database/lapak_gaming/vendor/laravel/framework/src/Illuminate/Database/Connectors/MySqlConnector.php(24): Illuminate/Database/Connectors/Connector->createConnection('mysql:host=127....', Array, Array)
#4 D:/0_Project_VS_Code/3. Sistem Basis Data/TB-K1-Database/lapak_gaming/vendor/laravel/framework/src/Illuminate/Database/Connectors/ConnectionFactory.php(186): Illuminate/Database/Connectors/MySqlConnector->connect(Array)
#5 [internal function]: Illuminate/Database/Connectors/ConnectionFactory->{closure:Illuminate/Database/Connectors/ConnectionFactory::createPdoResolverWithHosts():181}()
#6 D:/0_Project_VS_Code/3. Sistem Basis Data/TB-K1-Database/lapak_gaming/vendor/laravel/framework/src/Illuminate/Database/Connection.php(1279): call_user_func(Object(Closure))
#7 D:/0_Project_VS_Code/3. Sistem Basis Data/TB-K1-Database/lapak_gaming/vendor/laravel/framework/src/Illuminate/Database/Connection.php(1317): Illuminate/Database/Connection->getPdo()
#8 D:/0_Project_VS_Code/3. Sistem Basis Data/TB-K1-Database/lapak_gaming/vendor/laravel/framework/src/Illuminate/Database/Connection.php(528): Illuminate/Database/Connection->getReadPdo()
#9 D:/0_Project_VS_Code/3. Sistem Basis Data/TB-K1-Database/lapak_gaming/vendor/laravel/framework/src/Illuminate/Database/Connection.php(421): Illuminate/Database/Connection->getPdoForSelect(true)
#10 D:/0_Project_VS_Code/3. Sistem Basis Data/TB-K1-Database/lapak_gaming/vendor/laravel/framework/src/Illuminate/Database/Connection.php(830): Illuminate/Database/Connection->{closure:Illuminate/Database/Connection::select():412}('select * from `...', Array)
#11 D:/0_Project_VS_Code/3. Sistem Basis Data/TB-K1-Database/lapak_gaming/vendor/laravel/framework/src/Illuminate/Database/Connection.php(1021): Illuminate/Database/Connection->runQueryCallback('select * from `...', Array, Object(Closure))
#12 D:/0_Project_VS_Code/3. Sistem Basis Data/TB-K1-Database/lapak_gaming/vendor/laravel/framework/src/Illuminate/Database/Connection.php(1000): Illuminate/Database/Connection->tryAgainIfCausedByLostConnection(Object(Illuminate/Database/QueryException), 'select * from `...', Array, Object(Closure))
#13 D:/0_Project_VS_Code/3. Sistem Basis Data/TB-K1-Database/lapak_gaming/vendor/laravel/framework/src/Illuminate/Database/Connection.php(799): Illuminate/Database/Connection->handleQueryException(Object(Illuminate/Database/QueryException), 'select * from `...', Array, Object(Closure))
#14 D:/0_Project_VS_Code/3. Sistem Basis Data/TB-K1-Database/lapak_gaming/vendor/laravel/framework/src/Illuminate/Database/Connection.php(412): Illuminate/Database/Connection->run('select * from `...', Array, Object(Closure))
#15 D:/0_Project_VS_Code/3. Sistem Basis Data/TB-K1-Database/lapak_gaming/vendor/laravel/framework/src/Illuminate/Database/Query/Builder.php(3562): Illuminate/Database/Connection->select('select * from `...', Array, true, Array)
#16 D:/0_Project_VS_Code/3. Sistem Basis Data/TB-K1-Database/lapak_gaming/vendor/laravel/framework/src/Illuminate/Database/Query/Builder.php(3546): Illuminate/Database/Query/Builder->runSelect()
#17 D:/0_Project_VS_Code/3. Sistem Basis Data/TB-K1-Database/lapak_gaming/vendor/laravel/framework/src/Illuminate/Cache/DatabaseStore.php(142): Illuminate/Database/Query/Builder->get()
#18 D:/0_Project_VS_Code/3. Sistem Basis Data/TB-K1-Database/lapak_gaming/vendor/laravel/framework/src/Illuminate/Cache/DatabaseStore.php(117): Illuminate/Cache/DatabaseStore->many(Array)
#19 D:/0_Project_VS_Code/3. Sistem Basis Data/TB-K1-Database/lapak_gaming/vendor/laravel/framework/src/Illuminate/Cache/Repository.php(124): Illuminate/Cache/DatabaseStore->get('illuminate:queu...')
#20 D:/0_Project_VS_Code/3. Sistem Basis Data/TB-K1-Database/lapak_gaming/vendor/laravel/framework/src/Illuminate/Queue/QueueManager.php(282): Illuminate/Cache/Repository->get('illuminate:queu...', false)
#21 D:/0_Project_VS_Code/3. Sistem Basis Data/TB-K1-Database/lapak_gaming/vendor/laravel/framework/src/Illuminate/Queue/Worker.php(428): Illuminate/Queue/QueueManager->isPaused('database', 'default')
#22 D:/0_Project_VS_Code/3. Sistem Basis Data/TB-K1-Database/lapak_gaming/vendor/laravel/framework/src/Illuminate/Queue/Worker.php(396): Illuminate/Queue/Worker->queuePaused('database', 'default')
#23 D:/0_Project_VS_Code/3. Sistem Basis Data/TB-K1-Database/lapak_gaming/vendor/laravel/framework/src/Illuminate/Queue/Worker.php(357): Illuminate/Queue/Worker->getNextJob(Object(Illuminate/Queue/DatabaseQueue), 'default')
#24 D:/0_Project_VS_Code/3. Sistem Basis Data/TB-K1-Database/lapak_gaming/vendor/laravel/framework/src/Illuminate/Queue/Console/WorkCommand.php(148): Illuminate/Queue/Worker->runNextJob('database', 'default', Object(Illuminate/Queue/WorkerOptions))
#25 D:/0_Project_VS_Code/3. Sistem Basis Data/TB-K1-Database/lapak_gaming/vendor/laravel/framework/src/Illuminate/Queue/Console/WorkCommand.php(131): Illuminate/Queue/Console/WorkCommand->runWorker('database', 'default')
#26 D:/0_Project_VS_Code/3. Sistem Basis Data/TB-K1-Database/lapak_gaming/vendor/laravel/framework/src/Illuminate/Container/BoundMethod.php(36): Illuminate/Queue/Console/WorkCommand->handle()
#27 D:/0_Project_VS_Code/3. Sistem Basis Data/TB-K1-Database/lapak_gaming/vendor/laravel/framework/src/Illuminate/Container/Util.php(43): Illuminate/Container/BoundMethod::{closure:Illuminate/Container/BoundMethod::call():35}()
#28 D:/0_Project_VS_Code/3. Sistem Basis Data/TB-K1-Database/lapak_gaming/vendor/laravel/framework/src/Illuminate/Container/BoundMethod.php(96): Illuminate/Container/Util::unwrapIfClosure(Object(Closure))
#29 D:/0_Project_VS_Code/3. Sistem Basis Data/TB-K1-Database/lapak_gaming/vendor/laravel/framework/src/Illuminate/Container/BoundMethod.php(35): Illuminate/Container/BoundMethod::callBoundMethod(Object(Illuminate/Foundation/Application), Array, Object(Closure))
#30 D:/0_Project_VS_Code/3. Sistem Basis Data/TB-K1-Database/lapak_gaming/vendor/laravel/framework/src/Illuminate/Container/Container.php(799): Illuminate/Container/BoundMethod::call(Object(Illuminate/Foundation/Application), Array, Array, NULL)
#31 D:/0_Project_VS_Code/3. Sistem Basis Data/TB-K1-Database/lapak_gaming/vendor/laravel/framework/src/Illuminate/Console/Command.php(280): Illuminate/Container/Container->call(Array)
#32 D:/0_Project_VS_Code/3. Sistem Basis Data/TB-K1-Database/lapak_gaming/vendor/symfony/console/Command/Command.php(291): Illuminate/Console/Command->execute(Object(Symfony/Component/Console/Input/ArgvInput), Object(Illuminate/Console/OutputStyle))
#33 D:/0_Project_VS_Code/3. Sistem Basis Data/TB-K1-Database/lapak_gaming/vendor/laravel/framework/src/Illuminate/Console/Command.php(249): Symfony/Component/Console/Command/Command->run(Object(Symfony/Component/Console/Input/ArgvInput), Object(Illuminate/Console/OutputStyle))
#34 D:/0_Project_VS_Code/3. Sistem Basis Data/TB-K1-Database/lapak_gaming/vendor/symfony/console/Application.php(1107): Illuminate/Console/Command->run(Object(Symfony/Component/Console/Input/ArgvInput), Object(Symfony/Component/Console/Output/ConsoleOutput))
#35 D:/0_Project_VS_Code/3. Sistem Basis Data/TB-K1-Database/lapak_gaming/vendor/symfony/console/Application.php(356): Symfony/Component/Console/Application->doRunCommand(Object(Illuminate/Queue/Console/WorkCommand), Object(Symfony/Component/Console/Input/ArgvInput), Object(Symfony/Component/Console/Output/ConsoleOutput))
#36 D:/0_Project_VS_Code/3. Sistem Basis Data/TB-K1-Database/lapak_gaming/vendor/symfony/console/Application.php(195): Symfony/Component/Console/Application->doRun(Object(Symfony/Component/Console/Input/ArgvInput), Object(Symfony/Component/Console/Output/ConsoleOutput))
#37 D:/0_Project_VS_Code/3. Sistem Basis Data/TB-K1-Database/lapak_gaming/vendor/laravel/framework/src/Illuminate/Foundation/Console/Kernel.php(198): Symfony/Component/Console/Application->run(Object(Symfony/Component/Console/Input/ArgvInput), Object(Symfony/Component/Console/Output/ConsoleOutput))
#38 D:/0_Project_VS_Code/3. Sistem Basis Data/TB-K1-Database/lapak_gaming/vendor/laravel/framework/src/Illuminate/Foundation/Application.php(1235): Illuminate/Foundation/Console/Kernel->handle(Object(Symfony/Component/Console/Input/ArgvInput), Object(Symfony/Component/Console/Output/ConsoleOutput))
#39 D:/0_Project_VS_Code/3. Sistem Basis Data/TB-K1-Database/lapak_gaming/artisan(16): Illuminate/Foundation/Application->handleCommand(Object(Symfony/Component/Console/Input/ArgvInput))
#40 {main}
"} 
[2026-04-01 06:25:27] local.ERROR: SQLSTATE[HY000] [2002] No connection could be made because the target machine actively refused it (Connection: mysql, Host: 127.0.0.1, Port: 3306, Database: lapak_gaming, SQL: select * from `cache` where `key` in (laravel-cache-illuminate:queue:paused:database:default)) {"exception":"[object] (Illuminate\\Database\\QueryException(code: 2002): SQLSTATE[HY000] [2002] No connection could be made because the target machine actively refused it (Connection: mysql, Host: 127.0.0.1, Port: 3306, Database: lapak_gaming, SQL: select * from `cache` where `key` in (laravel-cache-illuminate:queue:paused:database:default)) at D:/0_Project_VS_Code/3. Sistem Basis Data/TB-K1-Database/lapak_gaming/vendor/laravel/framework/src/Illuminate/Database/Connection.php:841)
[stacktrace]
#0 D:/0_Project_VS_Code/3. Sistem Basis Data/TB-K1-Database/lapak_gaming/vendor/laravel/framework/src/Illuminate/Database/Connection.php(1021): Illuminate/Database/Connection->runQueryCallback('select * from `...', Array, Object(Closure))
#1 D:/0_Project_VS_Code/3. Sistem Basis Data/TB-K1-Database/lapak_gaming/vendor/laravel/framework/src/Illuminate/Database/Connection.php(1000): Illuminate/Database/Connection->tryAgainIfCausedByLostConnection(Object(Illuminate/Database/QueryException), 'select * from `...', Array, Object(Closure))
#2 D:/0_Project_VS_Code/3. Sistem Basis Data/TB-K1-Database/lapak_gaming/vendor/laravel/framework/src/Illuminate/Database/Connection.php(799): Illuminate/Database/Connection->handleQueryException(Object(Illuminate/Database/QueryException), 'select * from `...', Array, Object(Closure))
#3 D:/0_Project_VS_Code/3. Sistem Basis Data/TB-K1-Database/lapak_gaming/vendor/laravel/framework/src/Illuminate/Database/Connection.php(412): Illuminate/Database/Connection->run('select * from `...', Array, Object(Closure))
#4 D:/0_Project_VS_Code/3. Sistem Basis Data/TB-K1-Database/lapak_gaming/vendor/laravel/framework/src/Illuminate/Database/Query/Builder.php(3562): Illuminate/Database/Connection->select('select * from `...', Array, true, Array)
#5 D:/0_Project_VS_Code/3. Sistem Basis Data/TB-K1-Database/lapak_gaming/vendor/laravel/framework/src/Illuminate/Database/Query/Builder.php(3546): Illuminate/Database/Query/Builder->runSelect()
#6 D:/0_Project_VS_Code/3. Sistem Basis Data/TB-K1-Database/lapak_gaming/vendor/laravel/framework/src/Illuminate/Cache/DatabaseStore.php(142): Illuminate/Database/Query/Builder->get()
#7 D:/0_Project_VS_Code/3. Sistem Basis Data/TB-K1-Database/lapak_gaming/vendor/laravel/framework/src/Illuminate/Cache/DatabaseStore.php(117): Illuminate/Cache/DatabaseStore->many(Array)
#8 D:/0_Project_VS_Code/3. Sistem Basis Data/TB-K1-Database/lapak_gaming/vendor/laravel/framework/src/Illuminate/Cache/Repository.php(124): Illuminate/Cache/DatabaseStore->get('illuminate:queu...')
#9 D:/0_Project_VS_Code/3. Sistem Basis Data/TB-K1-Database/lapak_gaming/vendor/laravel/framework/src/Illuminate/Queue/QueueManager.php(282): Illuminate/Cache/Repository->get('illuminate:queu...', false)
#10 D:/0_Project_VS_Code/3. Sistem Basis Data/TB-K1-Database/lapak_gaming/vendor/laravel/framework/src/Illuminate/Queue/Worker.php(428): Illuminate/Queue/QueueManager->isPaused('database', 'default')
#11 D:/0_Project_VS_Code/3. Sistem Basis Data/TB-K1-Database/lapak_gaming/vendor/laravel/framework/src/Illuminate/Queue/Worker.php(396): Illuminate/Queue/Worker->queuePaused('database', 'default')
#12 D:/0_Project_VS_Code/3. Sistem Basis Data/TB-K1-Database/lapak_gaming/vendor/laravel/framework/src/Illuminate/Queue/Worker.php(357): Illuminate/Queue/Worker->getNextJob(Object(Illuminate/Queue/DatabaseQueue), 'default')
#13 D:/0_Project_VS_Code/3. Sistem Basis Data/TB-K1-Database/lapak_gaming/vendor/laravel/framework/src/Illuminate/Queue/Console/WorkCommand.php(148): Illuminate/Queue/Worker->runNextJob('database', 'default', Object(Illuminate/Queue/WorkerOptions))
#14 D:/0_Project_VS_Code/3. Sistem Basis Data/TB-K1-Database/lapak_gaming/vendor/laravel/framework/src/Illuminate/Queue/Console/WorkCommand.php(131): Illuminate/Queue/Console/WorkCommand->runWorker('database', 'default')
#15 D:/0_Project_VS_Code/3. Sistem Basis Data/TB-K1-Database/lapak_gaming/vendor/laravel/framework/src/Illuminate/Container/BoundMethod.php(36): Illuminate/Queue/Console/WorkCommand->handle()
#16 D:/0_Project_VS_Code/3. Sistem Basis Data/TB-K1-Database/lapak_gaming/vendor/laravel/framework/src/Illuminate/Container/Util.php(43): Illuminate/Container/BoundMethod::{closure:Illuminate/Container/BoundMethod::call():35}()
#17 D:/0_Project_VS_Code/3. Sistem Basis Data/TB-K1-Database/lapak_gaming/vendor/laravel/framework/src/Illuminate/Container/BoundMethod.php(96): Illuminate/Container/Util::unwrapIfClosure(Object(Closure))
#18 D:/0_Project_VS_Code/3. Sistem Basis Data/TB-K1-Database/lapak_gaming/vendor/laravel/framework/src/Illuminate/Container/BoundMethod.php(35): Illuminate/Container/BoundMethod::callBoundMethod(Object(Illuminate/Foundation/Application), Array, Object(Closure))
#19 D:/0_Project_VS_Code/3. Sistem Basis Data/TB-K1-Database/lapak_gaming/vendor/laravel/framework/src/Illuminate/Container/Container.php(799): Illuminate/Container/BoundMethod::call(Object(Illuminate/Foundation/Application), Array, Array, NULL)
#20 D:/0_Project_VS_Code/3. Sistem Basis Data/TB-K1-Database/lapak_gaming/vendor/laravel/framework/src/Illuminate/Console/Command.php(280): Illuminate/Container/Container->call(Array)
#21 D:/0_Project_VS_Code/3. Sistem Basis Data/TB-K1-Database/lapak_gaming/vendor/symfony/console/Command/Command.php(291): Illuminate/Console/Command->execute(Object(Symfony/Component/Console/Input/ArgvInput), Object(Illuminate/Console/OutputStyle))
#22 D:/0_Project_VS_Code/3. Sistem Basis Data/TB-K1-Database/lapak_gaming/vendor/laravel/framework/src/Illuminate/Console/Command.php(249): Symfony/Component/Console/Command/Command->run(Object(Symfony/Component/Console/Input/ArgvInput), Object(Illuminate/Console/OutputStyle))
#23 D:/0_Project_VS_Code/3. Sistem Basis Data/TB-K1-Database/lapak_gaming/vendor/symfony/console/Application.php(1107): Illuminate/Console/Command->run(Object(Symfony/Component/Console/Input/ArgvInput), Object(Symfony/Component/Console/Output/ConsoleOutput))
#24 D:/0_Project_VS_Code/3. Sistem Basis Data/TB-K1-Database/lapak_gaming/vendor/symfony/console/Application.php(356): Symfony/Component/Console/Application->doRunCommand(Object(Illuminate/Queue/Console/WorkCommand), Object(Symfony/Component/Console/Input/ArgvInput), Object(Symfony/Component/Console/Output/ConsoleOutput))
#25 D:/0_Project_VS_Code/3. Sistem Basis Data/TB-K1-Database/lapak_gaming/vendor/symfony/console/Application.php(195): Symfony/Component/Console/Application->doRun(Object(Symfony/Component/Console/Input/ArgvInput), Object(Symfony/Component/Console/Output/ConsoleOutput))
#26 D:/0_Project_VS_Code/3. Sistem Basis Data/TB-K1-Database/lapak_gaming/vendor/laravel/framework/src/Illuminate/Foundation/Console/Kernel.php(198): Symfony/Component/Console/Application->run(Object(Symfony/Component/Console/Input/ArgvInput), Object(Symfony/Component/Console/Output/ConsoleOutput))
#27 D:/0_Project_VS_Code/3. Sistem Basis Data/TB-K1-Database/lapak_gaming/vendor/laravel/framework/src/Illuminate/Foundation/Application.php(1235): Illuminate/Foundation/Console/Kernel->handle(Object(Symfony/Component/Console/Input/ArgvInput), Object(Symfony/Component/Console/Output/ConsoleOutput))
#28 D:/0_Project_VS_Code/3. Sistem Basis Data/TB-K1-Database/lapak_gaming/artisan(16): Illuminate/Foundation/Application->handleCommand(Object(Symfony/Component/Console/Input/ArgvInput))
#29 {main}

[previous exception] [object] (PDOException(code: 2002): SQLSTATE[HY000] [2002] No connection could be made because the target machine actively refused it at D:/0_Project_VS_Code/3. Sistem Basis Data/TB-K1-Database/lapak_gaming/vendor/laravel/framework/src/Illuminate/Database/Connectors/Connector.php:67)
[stacktrace]
#0 D:/0_Project_VS_Code/3. Sistem Basis Data/TB-K1-Database/lapak_gaming/vendor/laravel/framework/src/Illuminate/Database/Connectors/Connector.php(67): PDO::connect('mysql:host=127....', 'root', Object(SensitiveParameterValue), Array)
#1 D:/0_Project_VS_Code/3. Sistem Basis Data/TB-K1-Database/lapak_gaming/vendor/laravel/framework/src/Illuminate/Database/Connectors/Connector.php(85): Illuminate/Database/Connectors/Connector->createPdoConnection('mysql:host=127....', 'root', Object(SensitiveParameterValue), Array)
#2 D:/0_Project_VS_Code/3. Sistem Basis Data/TB-K1-Database/lapak_gaming/vendor/laravel/framework/src/Illuminate/Database/Connectors/Connector.php(48): Illuminate/Database/Connectors/Connector->tryAgainIfCausedByLostConnection(Object(PDOException), 'mysql:host=127....', 'root', Object(SensitiveParameterValue), Array)
#3 D:/0_Project_VS_Code/3. Sistem Basis Data/TB-K1-Database/lapak_gaming/vendor/laravel/framework/src/Illuminate/Database/Connectors/MySqlConnector.php(24): Illuminate/Database/Connectors/Connector->createConnection('mysql:host=127....', Array, Array)
#4 D:/0_Project_VS_Code/3. Sistem Basis Data/TB-K1-Database/lapak_gaming/vendor/laravel/framework/src/Illuminate/Database/Connectors/ConnectionFactory.php(186): Illuminate/Database/Connectors/MySqlConnector->connect(Array)
#5 [internal function]: Illuminate/Database/Connectors/ConnectionFactory->{closure:Illuminate/Database/Connectors/ConnectionFactory::createPdoResolverWithHosts():181}()
#6 D:/0_Project_VS_Code/3. Sistem Basis Data/TB-K1-Database/lapak_gaming/vendor/laravel/framework/src/Illuminate/Database/Connection.php(1279): call_user_func(Object(Closure))
#7 D:/0_Project_VS_Code/3. Sistem Basis Data/TB-K1-Database/lapak_gaming/vendor/laravel/framework/src/Illuminate/Database/Connection.php(1317): Illuminate/Database/Connection->getPdo()
#8 D:/0_Project_VS_Code/3. Sistem Basis Data/TB-K1-Database/lapak_gaming/vendor/laravel/framework/src/Illuminate/Database/Connection.php(528): Illuminate/Database/Connection->getReadPdo()
#9 D:/0_Project_VS_Code/3. Sistem Basis Data/TB-K1-Database/lapak_gaming/vendor/laravel/framework/src/Illuminate/Database/Connection.php(421): Illuminate/Database/Connection->getPdoForSelect(true)
#10 D:/0_Project_VS_Code/3. Sistem Basis Data/TB-K1-Database/lapak_gaming/vendor/laravel/framework/src/Illuminate/Database/Connection.php(830): Illuminate/Database/Connection->{closure:Illuminate/Database/Connection::select():412}('select * from `...', Array)
#11 D:/0_Project_VS_Code/3. Sistem Basis Data/TB-K1-Database/lapak_gaming/vendor/laravel/framework/src/Illuminate/Database/Connection.php(1021): Illuminate/Database/Connection->runQueryCallback('select * from `...', Array, Object(Closure))
#12 D:/0_Project_VS_Code/3. Sistem Basis Data/TB-K1-Database/lapak_gaming/vendor/laravel/framework/src/Illuminate/Database/Connection.php(1000): Illuminate/Database/Connection->tryAgainIfCausedByLostConnection(Object(Illuminate/Database/QueryException), 'select * from `...', Array, Object(Closure))
#13 D:/0_Project_VS_Code/3. Sistem Basis Data/TB-K1-Database/lapak_gaming/vendor/laravel/framework/src/Illuminate/Database/Connection.php(799): Illuminate/Database/Connection->handleQueryException(Object(Illuminate/Database/QueryException), 'select * from `...', Array, Object(Closure))
#14 D:/0_Project_VS_Code/3. Sistem Basis Data/TB-K1-Database/lapak_gaming/vendor/laravel/framework/src/Illuminate/Database/Connection.php(412): Illuminate/Database/Connection->run('select * from `...', Array, Object(Closure))
#15 D:/0_Project_VS_Code/3. Sistem Basis Data/TB-K1-Database/lapak_gaming/vendor/laravel/framework/src/Illuminate/Database/Query/Builder.php(3562): Illuminate/Database/Connection->select('select * from `...', Array, true, Array)
#16 D:/0_Project_VS_Code/3. Sistem Basis Data/TB-K1-Database/lapak_gaming/vendor/laravel/framework/src/Illuminate/Database/Query/Builder.php(3546): Illuminate/Database/Query/Builder->runSelect()
#17 D:/0_Project_VS_Code/3. Sistem Basis Data/TB-K1-Database/lapak_gaming/vendor/laravel/framework/src/Illuminate/Cache/DatabaseStore.php(142): Illuminate/Database/Query/Builder->get()
#18 D:/0_Project_VS_Code/3. Sistem Basis Data/TB-K1-Database/lapak_gaming/vendor/laravel/framework/src/Illuminate/Cache/DatabaseStore.php(117): Illuminate/Cache/DatabaseStore->many(Array)
#19 D:/0_Project_VS_Code/3. Sistem Basis Data/TB-K1-Database/lapak_gaming/vendor/laravel/framework/src/Illuminate/Cache/Repository.php(124): Illuminate/Cache/DatabaseStore->get('illuminate:queu...')
#20 D:/0_Project_VS_Code/3. Sistem Basis Data/TB-K1-Database/lapak_gaming/vendor/laravel/framework/src/Illuminate/Queue/QueueManager.php(282): Illuminate/Cache/Repository->get('illuminate:queu...', false)
#21 D:/0_Project_VS_Code/3. Sistem Basis Data/TB-K1-Database/lapak_gaming/vendor/laravel/framework/src/Illuminate/Queue/Worker.php(428): Illuminate/Queue/QueueManager->isPaused('database', 'default')
#22 D:/0_Project_VS_Code/3. Sistem Basis Data/TB-K1-Database/lapak_gaming/vendor/laravel/framework/src/Illuminate/Queue/Worker.php(396): Illuminate/Queue/Worker->queuePaused('database', 'default')
#23 D:/0_Project_VS_Code/3. Sistem Basis Data/TB-K1-Database/lapak_gaming/vendor/laravel/framework/src/Illuminate/Queue/Worker.php(357): Illuminate/Queue/Worker->getNextJob(Object(Illuminate/Queue/DatabaseQueue), 'default')
#24 D:/0_Project_VS_Code/3. Sistem Basis Data/TB-K1-Database/lapak_gaming/vendor/laravel/framework/src/Illuminate/Queue/Console/WorkCommand.php(148): Illuminate/Queue/Worker->runNextJob('database', 'default', Object(Illuminate/Queue/WorkerOptions))
#25 D:/0_Project_VS_Code/3. Sistem Basis Data/TB-K1-Database/lapak_gaming/vendor/laravel/framework/src/Illuminate/Queue/Console/WorkCommand.php(131): Illuminate/Queue/Console/WorkCommand->runWorker('database', 'default')
#26 D:/0_Project_VS_Code/3. Sistem Basis Data/TB-K1-Database/lapak_gaming/vendor/laravel/framework/src/Illuminate/Container/BoundMethod.php(36): Illuminate/Queue/Console/WorkCommand->handle()
#27 D:/0_Project_VS_Code/3. Sistem Basis Data/TB-K1-Database/lapak_gaming/vendor/laravel/framework/src/Illuminate/Container/Util.php(43): Illuminate/Container/BoundMethod::{closure:Illuminate/Container/BoundMethod::call():35}()
#28 D:/0_Project_VS_Code/3. Sistem Basis Data/TB-K1-Database/lapak_gaming/vendor/laravel/framework/src/Illuminate/Container/BoundMethod.php(96): Illuminate/Container/Util::unwrapIfClosure(Object(Closure))
#29 D:/0_Project_VS_Code/3. Sistem Basis Data/TB-K1-Database/lapak_gaming/vendor/laravel/framework/src/Illuminate/Container/BoundMethod.php(35): Illuminate/Container/BoundMethod::callBoundMethod(Object(Illuminate/Foundation/Application), Array, Object(Closure))
#30 D:/0_Project_VS_Code/3. Sistem Basis Data/TB-K1-Database/lapak_gaming/vendor/laravel/framework/src/Illuminate/Container/Container.php(799): Illuminate/Container/BoundMethod::call(Object(Illuminate/Foundation/Application), Array, Array, NULL)
#31 D:/0_Project_VS_Code/3. Sistem Basis Data/TB-K1-Database/lapak_gaming/vendor/laravel/framework/src/Illuminate/Console/Command.php(280): Illuminate/Container/Container->call(Array)
#32 D:/0_Project_VS_Code/3. Sistem Basis Data/TB-K1-Database/lapak_gaming/vendor/symfony/console/Command/Command.php(291): Illuminate/Console/Command->execute(Object(Symfony/Component/Console/Input/ArgvInput), Object(Illuminate/Console/OutputStyle))
#33 D:/0_Project_VS_Code/3. Sistem Basis Data/TB-K1-Database/lapak_gaming/vendor/laravel/framework/src/Illuminate/Console/Command.php(249): Symfony/Component/Console/Command/Command->run(Object(Symfony/Component/Console/Input/ArgvInput), Object(Illuminate/Console/OutputStyle))
#34 D:/0_Project_VS_Code/3. Sistem Basis Data/TB-K1-Database/lapak_gaming/vendor/symfony/console/Application.php(1107): Illuminate/Console/Command->run(Object(Symfony/Component/Console/Input/ArgvInput), Object(Symfony/Component/Console/Output/ConsoleOutput))
#35 D:/0_Project_VS_Code/3. Sistem Basis Data/TB-K1-Database/lapak_gaming/vendor/symfony/console/Application.php(356): Symfony/Component/Console/Application->doRunCommand(Object(Illuminate/Queue/Console/WorkCommand), Object(Symfony/Component/Console/Input/ArgvInput), Object(Symfony/Component/Console/Output/ConsoleOutput))
#36 D:/0_Project_VS_Code/3. Sistem Basis Data/TB-K1-Database/lapak_gaming/vendor/symfony/console/Application.php(195): Symfony/Component/Console/Application->doRun(Object(Symfony/Component/Console/Input/ArgvInput), Object(Symfony/Component/Console/Output/ConsoleOutput))
#37 D:/0_Project_VS_Code/3. Sistem Basis Data/TB-K1-Database/lapak_gaming/vendor/laravel/framework/src/Illuminate/Foundation/Console/Kernel.php(198): Symfony/Component/Console/Application->run(Object(Symfony/Component/Console/Input/ArgvInput), Object(Symfony/Component/Console/Output/ConsoleOutput))
#38 D:/0_Project_VS_Code/3. Sistem Basis Data/TB-K1-Database/lapak_gaming/vendor/laravel/framework/src/Illuminate/Foundation/Application.php(1235): Illuminate/Foundation/Console/Kernel->handle(Object(Symfony/Component/Console/Input/ArgvInput), Object(Symfony/Component/Console/Output/ConsoleOutput))
#39 D:/0_Project_VS_Code/3. Sistem Basis Data/TB-K1-Database/lapak_gaming/artisan(16): Illuminate/Foundation/Application->handleCommand(Object(Symfony/Component/Console/Input/ArgvInput))
#40 {main}
"} 
[2026-04-01 06:25:39] local.ERROR: SQLSTATE[HY000] [2002] No connection could be made because the target machine actively refused it (Connection: mysql, Host: 127.0.0.1, Port: 3306, Database: lapak_gaming, SQL: select * from `cache` where `key` in (laravel-cache-illuminate:queue:paused:database:default)) {"exception":"[object] (Illuminate\\Database\\QueryException(code: 2002): SQLSTATE[HY000] [2002] No connection could be made because the target machine actively refused it (Connection: mysql, Host: 127.0.0.1, Port: 3306, Database: lapak_gaming, SQL: select * from `cache` where `key` in (laravel-cache-illuminate:queue:paused:database:default)) at D:/0_Project_VS_Code/3. Sistem Basis Data/TB-K1-Database/lapak_gaming/vendor/laravel/framework/src/Illuminate/Database/Connection.php:841)
[stacktrace]
#0 D:/0_Project_VS_Code/3. Sistem Basis Data/TB-K1-Database/lapak_gaming/vendor/laravel/framework/src/Illuminate/Database/Connection.php(1021): Illuminate/Database/Connection->runQueryCallback('select * from `...', Array, Object(Closure))
#1 D:/0_Project_VS_Code/3. Sistem Basis Data/TB-K1-Database/lapak_gaming/vendor/laravel/framework/src/Illuminate/Database/Connection.php(1000): Illuminate/Database/Connection->tryAgainIfCausedByLostConnection(Object(Illuminate/Database/QueryException), 'select * from `...', Array, Object(Closure))
#2 D:/0_Project_VS_Code/3. Sistem Basis Data/TB-K1-Database/lapak_gaming/vendor/laravel/framework/src/Illuminate/Database/Connection.php(799): Illuminate/Database/Connection->handleQueryException(Object(Illuminate/Database/QueryException), 'select * from `...', Array, Object(Closure))
#3 D:/0_Project_VS_Code/3. Sistem Basis Data/TB-K1-Database/lapak_gaming/vendor/laravel/framework/src/Illuminate/Database/Connection.php(412): Illuminate/Database/Connection->run('select * from `...', Array, Object(Closure))
#4 D:/0_Project_VS_Code/3. Sistem Basis Data/TB-K1-Database/lapak_gaming/vendor/laravel/framework/src/Illuminate/Database/Query/Builder.php(3562): Illuminate/Database/Connection->select('select * from `...', Array, true, Array)
#5 D:/0_Project_VS_Code/3. Sistem Basis Data/TB-K1-Database/lapak_gaming/vendor/laravel/framework/src/Illuminate/Database/Query/Builder.php(3546): Illuminate/Database/Query/Builder->runSelect()
#6 D:/0_Project_VS_Code/3. Sistem Basis Data/TB-K1-Database/lapak_gaming/vendor/laravel/framework/src/Illuminate/Cache/DatabaseStore.php(142): Illuminate/Database/Query/Builder->get()
#7 D:/0_Project_VS_Code/3. Sistem Basis Data/TB-K1-Database/lapak_gaming/vendor/laravel/framework/src/Illuminate/Cache/DatabaseStore.php(117): Illuminate/Cache/DatabaseStore->many(Array)
#8 D:/0_Project_VS_Code/3. Sistem Basis Data/TB-K1-Database/lapak_gaming/vendor/laravel/framework/src/Illuminate/Cache/Repository.php(124): Illuminate/Cache/DatabaseStore->get('illuminate:queu...')
#9 D:/0_Project_VS_Code/3. Sistem Basis Data/TB-K1-Database/lapak_gaming/vendor/laravel/framework/src/Illuminate/Queue/QueueManager.php(282): Illuminate/Cache/Repository->get('illuminate:queu...', false)
#10 D:/0_Project_VS_Code/3. Sistem Basis Data/TB-K1-Database/lapak_gaming/vendor/laravel/framework/src/Illuminate/Queue/Worker.php(428): Illuminate/Queue/QueueManager->isPaused('database', 'default')
#11 D:/0_Project_VS_Code/3. Sistem Basis Data/TB-K1-Database/lapak_gaming/vendor/laravel/framework/src/Illuminate/Queue/Worker.php(396): Illuminate/Queue/Worker->queuePaused('database', 'default')
#12 D:/0_Project_VS_Code/3. Sistem Basis Data/TB-K1-Database/lapak_gaming/vendor/laravel/framework/src/Illuminate/Queue/Worker.php(357): Illuminate/Queue/Worker->getNextJob(Object(Illuminate/Queue/DatabaseQueue), 'default')
#13 D:/0_Project_VS_Code/3. Sistem Basis Data/TB-K1-Database/lapak_gaming/vendor/laravel/framework/src/Illuminate/Queue/Console/WorkCommand.php(148): Illuminate/Queue/Worker->runNextJob('database', 'default', Object(Illuminate/Queue/WorkerOptions))
#14 D:/0_Project_VS_Code/3. Sistem Basis Data/TB-K1-Database/lapak_gaming/vendor/laravel/framework/src/Illuminate/Queue/Console/WorkCommand.php(131): Illuminate/Queue/Console/WorkCommand->runWorker('database', 'default')
#15 D:/0_Project_VS_Code/3. Sistem Basis Data/TB-K1-Database/lapak_gaming/vendor/laravel/framework/src/Illuminate/Container/BoundMethod.php(36): Illuminate/Queue/Console/WorkCommand->handle()
#16 D:/0_Project_VS_Code/3. Sistem Basis Data/TB-K1-Database/lapak_gaming/vendor/laravel/framework/src/Illuminate/Container/Util.php(43): Illuminate/Container/BoundMethod::{closure:Illuminate/Container/BoundMethod::call():35}()
#17 D:/0_Project_VS_Code/3. Sistem Basis Data/TB-K1-Database/lapak_gaming/vendor/laravel/framework/src/Illuminate/Container/BoundMethod.php(96): Illuminate/Container/Util::unwrapIfClosure(Object(Closure))
#18 D:/0_Project_VS_Code/3. Sistem Basis Data/TB-K1-Database/lapak_gaming/vendor/laravel/framework/src/Illuminate/Container/BoundMethod.php(35): Illuminate/Container/BoundMethod::callBoundMethod(Object(Illuminate/Foundation/Application), Array, Object(Closure))
#19 D:/0_Project_VS_Code/3. Sistem Basis Data/TB-K1-Database/lapak_gaming/vendor/laravel/framework/src/Illuminate/Container/Container.php(799): Illuminate/Container/BoundMethod::call(Object(Illuminate/Foundation/Application), Array, Array, NULL)
#20 D:/0_Project_VS_Code/3. Sistem Basis Data/TB-K1-Database/lapak_gaming/vendor/laravel/framework/src/Illuminate/Console/Command.php(280): Illuminate/Container/Container->call(Array)
#21 D:/0_Project_VS_Code/3. Sistem Basis Data/TB-K1-Database/lapak_gaming/vendor/symfony/console/Command/Command.php(291): Illuminate/Console/Command->execute(Object(Symfony/Component/Console/Input/ArgvInput), Object(Illuminate/Console/OutputStyle))
#22 D:/0_Project_VS_Code/3. Sistem Basis Data/TB-K1-Database/lapak_gaming/vendor/laravel/framework/src/Illuminate/Console/Command.php(249): Symfony/Component/Console/Command/Command->run(Object(Symfony/Component/Console/Input/ArgvInput), Object(Illuminate/Console/OutputStyle))
#23 D:/0_Project_VS_Code/3. Sistem Basis Data/TB-K1-Database/lapak_gaming/vendor/symfony/console/Application.php(1107): Illuminate/Console/Command->run(Object(Symfony/Component/Console/Input/ArgvInput), Object(Symfony/Component/Console/Output/ConsoleOutput))
#24 D:/0_Project_VS_Code/3. Sistem Basis Data/TB-K1-Database/lapak_gaming/vendor/symfony/console/Application.php(356): Symfony/Component/Console/Application->doRunCommand(Object(Illuminate/Queue/Console/WorkCommand), Object(Symfony/Component/Console/Input/ArgvInput), Object(Symfony/Component/Console/Output/ConsoleOutput))
#25 D:/0_Project_VS_Code/3. Sistem Basis Data/TB-K1-Database/lapak_gaming/vendor/symfony/console/Application.php(195): Symfony/Component/Console/Application->doRun(Object(Symfony/Component/Console/Input/ArgvInput), Object(Symfony/Component/Console/Output/ConsoleOutput))
#26 D:/0_Project_VS_Code/3. Sistem Basis Data/TB-K1-Database/lapak_gaming/vendor/laravel/framework/src/Illuminate/Foundation/Console/Kernel.php(198): Symfony/Component/Console/Application->run(Object(Symfony/Component/Console/Input/ArgvInput), Object(Symfony/Component/Console/Output/ConsoleOutput))
#27 D:/0_Project_VS_Code/3. Sistem Basis Data/TB-K1-Database/lapak_gaming/vendor/laravel/framework/src/Illuminate/Foundation/Application.php(1235): Illuminate/Foundation/Console/Kernel->handle(Object(Symfony/Component/Console/Input/ArgvInput), Object(Symfony/Component/Console/Output/ConsoleOutput))
#28 D:/0_Project_VS_Code/3. Sistem Basis Data/TB-K1-Database/lapak_gaming/artisan(16): Illuminate/Foundation/Application->handleCommand(Object(Symfony/Component/Console/Input/ArgvInput))
#29 {main}

[previous exception] [object] (PDOException(code: 2002): SQLSTATE[HY000] [2002] No connection could be made because the target machine actively refused it at D:/0_Project_VS_Code/3. Sistem Basis Data/TB-K1-Database/lapak_gaming/vendor/laravel/framework/src/Illuminate/Database/Connectors/Connector.php:67)
[stacktrace]
#0 D:/0_Project_VS_Code/3. Sistem Basis Data/TB-K1-Database/lapak_gaming/vendor/laravel/framework/src/Illuminate/Database/Connectors/Connector.php(67): PDO::connect('mysql:host=127....', 'root', Object(SensitiveParameterValue), Array)
#1 D:/0_Project_VS_Code/3. Sistem Basis Data/TB-K1-Database/lapak_gaming/vendor/laravel/framework/src/Illuminate/Database/Connectors/Connector.php(85): Illuminate/Database/Connectors/Connector->createPdoConnection('mysql:host=127....', 'root', Object(SensitiveParameterValue), Array)
#2 D:/0_Project_VS_Code/3. Sistem Basis Data/TB-K1-Database/lapak_gaming/vendor/laravel/framework/src/Illuminate/Database/Connectors/Connector.php(48): Illuminate/Database/Connectors/Connector->tryAgainIfCausedByLostConnection(Object(PDOException), 'mysql:host=127....', 'root', Object(SensitiveParameterValue), Array)
#3 D:/0_Project_VS_Code/3. Sistem Basis Data/TB-K1-Database/lapak_gaming/vendor/laravel/framework/src/Illuminate/Database/Connectors/MySqlConnector.php(24): Illuminate/Database/Connectors/Connector->createConnection('mysql:host=127....', Array, Array)
#4 D:/0_Project_VS_Code/3. Sistem Basis Data/TB-K1-Database/lapak_gaming/vendor/laravel/framework/src/Illuminate/Database/Connectors/ConnectionFactory.php(186): Illuminate/Database/Connectors/MySqlConnector->connect(Array)
#5 [internal function]: Illuminate/Database/Connectors/ConnectionFactory->{closure:Illuminate/Database/Connectors/ConnectionFactory::createPdoResolverWithHosts():181}()
#6 D:/0_Project_VS_Code/3. Sistem Basis Data/TB-K1-Database/lapak_gaming/vendor/laravel/framework/src/Illuminate/Database/Connection.php(1279): call_user_func(Object(Closure))
#7 D:/0_Project_VS_Code/3. Sistem Basis Data/TB-K1-Database/lapak_gaming/vendor/laravel/framework/src/Illuminate/Database/Connection.php(1317): Illuminate/Database/Connection->getPdo()
#8 D:/0_Project_VS_Code/3. Sistem Basis Data/TB-K1-Database/lapak_gaming/vendor/laravel/framework/src/Illuminate/Database/Connection.php(528): Illuminate/Database/Connection->getReadPdo()
#9 D:/0_Project_VS_Code/3. Sistem Basis Data/TB-K1-Database/lapak_gaming/vendor/laravel/framework/src/Illuminate/Database/Connection.php(421): Illuminate/Database/Connection->getPdoForSelect(true)
#10 D:/0_Project_VS_Code/3. Sistem Basis Data/TB-K1-Database/lapak_gaming/vendor/laravel/framework/src/Illuminate/Database/Connection.php(830): Illuminate/Database/Connection->{closure:Illuminate/Database/Connection::select():412}('select * from `...', Array)
#11 D:/0_Project_VS_Code/3. Sistem Basis Data/TB-K1-Database/lapak_gaming/vendor/laravel/framework/src/Illuminate/Database/Connection.php(1021): Illuminate/Database/Connection->runQueryCallback('select * from `...', Array, Object(Closure))
#12 D:/0_Project_VS_Code/3. Sistem Basis Data/TB-K1-Database/lapak_gaming/vendor/laravel/framework/src/Illuminate/Database/Connection.php(1000): Illuminate/Database/Connection->tryAgainIfCausedByLostConnection(Object(Illuminate/Database/QueryException), 'select * from `...', Array, Object(Closure))
#13 D:/0_Project_VS_Code/3. Sistem Basis Data/TB-K1-Database/lapak_gaming/vendor/laravel/framework/src/Illuminate/Database/Connection.php(799): Illuminate/Database/Connection->handleQueryException(Object(Illuminate/Database/QueryException), 'select * from `...', Array, Object(Closure))
#14 D:/0_Project_VS_Code/3. Sistem Basis Data/TB-K1-Database/lapak_gaming/vendor/laravel/framework/src/Illuminate/Database/Connection.php(412): Illuminate/Database/Connection->run('select * from `...', Array, Object(Closure))
#15 D:/0_Project_VS_Code/3. Sistem Basis Data/TB-K1-Database/lapak_gaming/vendor/laravel/framework/src/Illuminate/Database/Query/Builder.php(3562): Illuminate/Database/Connection->select('select * from `...', Array, true, Array)
#16 D:/0_Project_VS_Code/3. Sistem Basis Data/TB-K1-Database/lapak_gaming/vendor/laravel/framework/src/Illuminate/Database/Query/Builder.php(3546): Illuminate/Database/Query/Builder->runSelect()
#17 D:/0_Project_VS_Code/3. Sistem Basis Data/TB-K1-Database/lapak_gaming/vendor/laravel/framework/src/Illuminate/Cache/DatabaseStore.php(142): Illuminate/Database/Query/Builder->get()
#18 D:/0_Project_VS_Code/3. Sistem Basis Data/TB-K1-Database/lapak_gaming/vendor/laravel/framework/src/Illuminate/Cache/DatabaseStore.php(117): Illuminate/Cache/DatabaseStore->many(Array)
#19 D:/0_Project_VS_Code/3. Sistem Basis Data/TB-K1-Database/lapak_gaming/vendor/laravel/framework/src/Illuminate/Cache/Repository.php(124): Illuminate/Cache/DatabaseStore->get('illuminate:queu...')
#20 D:/0_Project_VS_Code/3. Sistem Basis Data/TB-K1-Database/lapak_gaming/vendor/laravel/framework/src/Illuminate/Queue/QueueManager.php(282): Illuminate/Cache/Repository->get('illuminate:queu...', false)
#21 D:/0_Project_VS_Code/3. Sistem Basis Data/TB-K1-Database/lapak_gaming/vendor/laravel/framework/src/Illuminate/Queue/Worker.php(428): Illuminate/Queue/QueueManager->isPaused('database', 'default')
#22 D:/0_Project_VS_Code/3. Sistem Basis Data/TB-K1-Database/lapak_gaming/vendor/laravel/framework/src/Illuminate/Queue/Worker.php(396): Illuminate/Queue/Worker->queuePaused('database', 'default')
#23 D:/0_Project_VS_Code/3. Sistem Basis Data/TB-K1-Database/lapak_gaming/vendor/laravel/framework/src/Illuminate/Queue/Worker.php(357): Illuminate/Queue/Worker->getNextJob(Object(Illuminate/Queue/DatabaseQueue), 'default')
#24 D:/0_Project_VS_Code/3. Sistem Basis Data/TB-K1-Database/lapak_gaming/vendor/laravel/framework/src/Illuminate/Queue/Console/WorkCommand.php(148): Illuminate/Queue/Worker->runNextJob('database', 'default', Object(Illuminate/Queue/WorkerOptions))
#25 D:/0_Project_VS_Code/3. Sistem Basis Data/TB-K1-Database/lapak_gaming/vendor/laravel/framework/src/Illuminate/Queue/Console/WorkCommand.php(131): Illuminate/Queue/Console/WorkCommand->runWorker('database', 'default')
#26 D:/0_Project_VS_Code/3. Sistem Basis Data/TB-K1-Database/lapak_gaming/vendor/laravel/framework/src/Illuminate/Container/BoundMethod.php(36): Illuminate/Queue/Console/WorkCommand->handle()
#27 D:/0_Project_VS_Code/3. Sistem Basis Data/TB-K1-Database/lapak_gaming/vendor/laravel/framework/src/Illuminate/Container/Util.php(43): Illuminate/Container/BoundMethod::{closure:Illuminate/Container/BoundMethod::call():35}()
#28 D:/0_Project_VS_Code/3. Sistem Basis Data/TB-K1-Database/lapak_gaming/vendor/laravel/framework/src/Illuminate/Container/BoundMethod.php(96): Illuminate/Container/Util::unwrapIfClosure(Object(Closure))
#29 D:/0_Project_VS_Code/3. Sistem Basis Data/TB-K1-Database/lapak_gaming/vendor/laravel/framework/src/Illuminate/Container/BoundMethod.php(35): Illuminate/Container/BoundMethod::callBoundMethod(Object(Illuminate/Foundation/Application), Array, Object(Closure))
#30 D:/0_Project_VS_Code/3. Sistem Basis Data/TB-K1-Database/lapak_gaming/vendor/laravel/framework/src/Illuminate/Container/Container.php(799): Illuminate/Container/BoundMethod::call(Object(Illuminate/Foundation/Application), Array, Array, NULL)
#31 D:/0_Project_VS_Code/3. Sistem Basis Data/TB-K1-Database/lapak_gaming/vendor/laravel/framework/src/Illuminate/Console/Command.php(280): Illuminate/Container/Container->call(Array)
#32 D:/0_Project_VS_Code/3. Sistem Basis Data/TB-K1-Database/lapak_gaming/vendor/symfony/console/Command/Command.php(291): Illuminate/Console/Command->execute(Object(Symfony/Component/Console/Input/ArgvInput), Object(Illuminate/Console/OutputStyle))
#33 D:/0_Project_VS_Code/3. Sistem Basis Data/TB-K1-Database/lapak_gaming/vendor/laravel/framework/src/Illuminate/Console/Command.php(249): Symfony/Component/Console/Command/Command->run(Object(Symfony/Component/Console/Input/ArgvInput), Object(Illuminate/Console/OutputStyle))
#34 D:/0_Project_VS_Code/3. Sistem Basis Data/TB-K1-Database/lapak_gaming/vendor/symfony/console/Application.php(1107): Illuminate/Console/Command->run(Object(Symfony/Component/Console/Input/ArgvInput), Object(Symfony/Component/Console/Output/ConsoleOutput))
#35 D:/0_Project_VS_Code/3. Sistem Basis Data/TB-K1-Database/lapak_gaming/vendor/symfony/console/Application.php(356): Symfony/Component/Console/Application->doRunCommand(Object(Illuminate/Queue/Console/WorkCommand), Object(Symfony/Component/Console/Input/ArgvInput), Object(Symfony/Component/Console/Output/ConsoleOutput))
#36 D:/0_Project_VS_Code/3. Sistem Basis Data/TB-K1-Database/lapak_gaming/vendor/symfony/console/Application.php(195): Symfony/Component/Console/Application->doRun(Object(Symfony/Component/Console/Input/ArgvInput), Object(Symfony/Component/Console/Output/ConsoleOutput))
#37 D:/0_Project_VS_Code/3. Sistem Basis Data/TB-K1-Database/lapak_gaming/vendor/laravel/framework/src/Illuminate/Foundation/Console/Kernel.php(198): Symfony/Component/Console/Application->run(Object(Symfony/Component/Console/Input/ArgvInput), Object(Symfony/Component/Console/Output/ConsoleOutput))
#38 D:/0_Project_VS_Code/3. Sistem Basis Data/TB-K1-Database/lapak_gaming/vendor/laravel/framework/src/Illuminate/Foundation/Application.php(1235): Illuminate/Foundation/Console/Kernel->handle(Object(Symfony/Component/Console/Input/ArgvInput), Object(Symfony/Component/Console/Output/ConsoleOutput))
#39 D:/0_Project_VS_Code/3. Sistem Basis Data/TB-K1-Database/lapak_gaming/artisan(16): Illuminate/Foundation/Application->handleCommand(Object(Symfony/Component/Console/Input/ArgvInput))
#40 {main}
"} 
[2026-04-01 06:25:52] local.ERROR: SQLSTATE[HY000] [2002] No connection could be made because the target machine actively refused it (Connection: mysql, Host: 127.0.0.1, Port: 3306, Database: lapak_gaming, SQL: select * from `cache` where `key` in (laravel-cache-illuminate:queue:paused:database:default)) {"exception":"[object] (Illuminate\\Database\\QueryException(code: 2002): SQLSTATE[HY000] [2002] No connection could be made because the target machine actively refused it (Connection: mysql, Host: 127.0.0.1, Port: 3306, Database: lapak_gaming, SQL: select * from `cache` where `key` in (laravel-cache-illuminate:queue:paused:database:default)) at D:/0_Project_VS_Code/3. Sistem Basis Data/TB-K1-Database/lapak_gaming/vendor/laravel/framework/src/Illuminate/Database/Connection.php:841)
[stacktrace]
#0 D:/0_Project_VS_Code/3. Sistem Basis Data/TB-K1-Database/lapak_gaming/vendor/laravel/framework/src/Illuminate/Database/Connection.php(1021): Illuminate/Database/Connection->runQueryCallback('select * from `...', Array, Object(Closure))
#1 D:/0_Project_VS_Code/3. Sistem Basis Data/TB-K1-Database/lapak_gaming/vendor/laravel/framework/src/Illuminate/Database/Connection.php(1000): Illuminate/Database/Connection->tryAgainIfCausedByLostConnection(Object(Illuminate/Database/QueryException), 'select * from `...', Array, Object(Closure))
#2 D:/0_Project_VS_Code/3. Sistem Basis Data/TB-K1-Database/lapak_gaming/vendor/laravel/framework/src/Illuminate/Database/Connection.php(799): Illuminate/Database/Connection->handleQueryException(Object(Illuminate/Database/QueryException), 'select * from `...', Array, Object(Closure))
#3 D:/0_Project_VS_Code/3. Sistem Basis Data/TB-K1-Database/lapak_gaming/vendor/laravel/framework/src/Illuminate/Database/Connection.php(412): Illuminate/Database/Connection->run('select * from `...', Array, Object(Closure))
#4 D:/0_Project_VS_Code/3. Sistem Basis Data/TB-K1-Database/lapak_gaming/vendor/laravel/framework/src/Illuminate/Database/Query/Builder.php(3562): Illuminate/Database/Connection->select('select * from `...', Array, true, Array)
#5 D:/0_Project_VS_Code/3. Sistem Basis Data/TB-K1-Database/lapak_gaming/vendor/laravel/framework/src/Illuminate/Database/Query/Builder.php(3546): Illuminate/Database/Query/Builder->runSelect()
#6 D:/0_Project_VS_Code/3. Sistem Basis Data/TB-K1-Database/lapak_gaming/vendor/laravel/framework/src/Illuminate/Cache/DatabaseStore.php(142): Illuminate/Database/Query/Builder->get()
#7 D:/0_Project_VS_Code/3. Sistem Basis Data/TB-K1-Database/lapak_gaming/vendor/laravel/framework/src/Illuminate/Cache/DatabaseStore.php(117): Illuminate/Cache/DatabaseStore->many(Array)
#8 D:/0_Project_VS_Code/3. Sistem Basis Data/TB-K1-Database/lapak_gaming/vendor/laravel/framework/src/Illuminate/Cache/Repository.php(124): Illuminate/Cache/DatabaseStore->get('illuminate:queu...')
#9 D:/0_Project_VS_Code/3. Sistem Basis Data/TB-K1-Database/lapak_gaming/vendor/laravel/framework/src/Illuminate/Queue/QueueManager.php(282): Illuminate/Cache/Repository->get('illuminate:queu...', false)
#10 D:/0_Project_VS_Code/3. Sistem Basis Data/TB-K1-Database/lapak_gaming/vendor/laravel/framework/src/Illuminate/Queue/Worker.php(428): Illuminate/Queue/QueueManager->isPaused('database', 'default')
#11 D:/0_Project_VS_Code/3. Sistem Basis Data/TB-K1-Database/lapak_gaming/vendor/laravel/framework/src/Illuminate/Queue/Worker.php(396): Illuminate/Queue/Worker->queuePaused('database', 'default')
#12 D:/0_Project_VS_Code/3. Sistem Basis Data/TB-K1-Database/lapak_gaming/vendor/laravel/framework/src/Illuminate/Queue/Worker.php(357): Illuminate/Queue/Worker->getNextJob(Object(Illuminate/Queue/DatabaseQueue), 'default')
#13 D:/0_Project_VS_Code/3. Sistem Basis Data/TB-K1-Database/lapak_gaming/vendor/laravel/framework/src/Illuminate/Queue/Console/WorkCommand.php(148): Illuminate/Queue/Worker->runNextJob('database', 'default', Object(Illuminate/Queue/WorkerOptions))
#14 D:/0_Project_VS_Code/3. Sistem Basis Data/TB-K1-Database/lapak_gaming/vendor/laravel/framework/src/Illuminate/Queue/Console/WorkCommand.php(131): Illuminate/Queue/Console/WorkCommand->runWorker('database', 'default')
#15 D:/0_Project_VS_Code/3. Sistem Basis Data/TB-K1-Database/lapak_gaming/vendor/laravel/framework/src/Illuminate/Container/BoundMethod.php(36): Illuminate/Queue/Console/WorkCommand->handle()
#16 D:/0_Project_VS_Code/3. Sistem Basis Data/TB-K1-Database/lapak_gaming/vendor/laravel/framework/src/Illuminate/Container/Util.php(43): Illuminate/Container/BoundMethod::{closure:Illuminate/Container/BoundMethod::call():35}()
#17 D:/0_Project_VS_Code/3. Sistem Basis Data/TB-K1-Database/lapak_gaming/vendor/laravel/framework/src/Illuminate/Container/BoundMethod.php(96): Illuminate/Container/Util::unwrapIfClosure(Object(Closure))
#18 D:/0_Project_VS_Code/3. Sistem Basis Data/TB-K1-Database/lapak_gaming/vendor/laravel/framework/src/Illuminate/Container/BoundMethod.php(35): Illuminate/Container/BoundMethod::callBoundMethod(Object(Illuminate/Foundation/Application), Array, Object(Closure))
#19 D:/0_Project_VS_Code/3. Sistem Basis Data/TB-K1-Database/lapak_gaming/vendor/laravel/framework/src/Illuminate/Container/Container.php(799): Illuminate/Container/BoundMethod::call(Object(Illuminate/Foundation/Application), Array, Array, NULL)
#20 D:/0_Project_VS_Code/3. Sistem Basis Data/TB-K1-Database/lapak_gaming/vendor/laravel/framework/src/Illuminate/Console/Command.php(280): Illuminate/Container/Container->call(Array)
#21 D:/0_Project_VS_Code/3. Sistem Basis Data/TB-K1-Database/lapak_gaming/vendor/symfony/console/Command/Command.php(291): Illuminate/Console/Command->execute(Object(Symfony/Component/Console/Input/ArgvInput), Object(Illuminate/Console/OutputStyle))
#22 D:/0_Project_VS_Code/3. Sistem Basis Data/TB-K1-Database/lapak_gaming/vendor/laravel/framework/src/Illuminate/Console/Command.php(249): Symfony/Component/Console/Command/Command->run(Object(Symfony/Component/Console/Input/ArgvInput), Object(Illuminate/Console/OutputStyle))
#23 D:/0_Project_VS_Code/3. Sistem Basis Data/TB-K1-Database/lapak_gaming/vendor/symfony/console/Application.php(1107): Illuminate/Console/Command->run(Object(Symfony/Component/Console/Input/ArgvInput), Object(Symfony/Component/Console/Output/ConsoleOutput))
#24 D:/0_Project_VS_Code/3. Sistem Basis Data/TB-K1-Database/lapak_gaming/vendor/symfony/console/Application.php(356): Symfony/Component/Console/Application->doRunCommand(Object(Illuminate/Queue/Console/WorkCommand), Object(Symfony/Component/Console/Input/ArgvInput), Object(Symfony/Component/Console/Output/ConsoleOutput))
#25 D:/0_Project_VS_Code/3. Sistem Basis Data/TB-K1-Database/lapak_gaming/vendor/symfony/console/Application.php(195): Symfony/Component/Console/Application->doRun(Object(Symfony/Component/Console/Input/ArgvInput), Object(Symfony/Component/Console/Output/ConsoleOutput))
#26 D:/0_Project_VS_Code/3. Sistem Basis Data/TB-K1-Database/lapak_gaming/vendor/laravel/framework/src/Illuminate/Foundation/Console/Kernel.php(198): Symfony/Component/Console/Application->run(Object(Symfony/Component/Console/Input/ArgvInput), Object(Symfony/Component/Console/Output/ConsoleOutput))
#27 D:/0_Project_VS_Code/3. Sistem Basis Data/TB-K1-Database/lapak_gaming/vendor/laravel/framework/src/Illuminate/Foundation/Application.php(1235): Illuminate/Foundation/Console/Kernel->handle(Object(Symfony/Component/Console/Input/ArgvInput), Object(Symfony/Component/Console/Output/ConsoleOutput))
#28 D:/0_Project_VS_Code/3. Sistem Basis Data/TB-K1-Database/lapak_gaming/artisan(16): Illuminate/Foundation/Application->handleCommand(Object(Symfony/Component/Console/Input/ArgvInput))
#29 {main}

[previous exception] [object] (PDOException(code: 2002): SQLSTATE[HY000] [2002] No connection could be made because the target machine actively refused it at D:/0_Project_VS_Code/3. Sistem Basis Data/TB-K1-Database/lapak_gaming/vendor/laravel/framework/src/Illuminate/Database/Connectors/Connector.php:67)
[stacktrace]
#0 D:/0_Project_VS_Code/3. Sistem Basis Data/TB-K1-Database/lapak_gaming/vendor/laravel/framework/src/Illuminate/Database/Connectors/Connector.php(67): PDO::connect('mysql:host=127....', 'root', Object(SensitiveParameterValue), Array)
#1 D:/0_Project_VS_Code/3. Sistem Basis Data/TB-K1-Database/lapak_gaming/vendor/laravel/framework/src/Illuminate/Database/Connectors/Connector.php(85): Illuminate/Database/Connectors/Connector->createPdoConnection('mysql:host=127....', 'root', Object(SensitiveParameterValue), Array)
#2 D:/0_Project_VS_Code/3. Sistem Basis Data/TB-K1-Database/lapak_gaming/vendor/laravel/framework/src/Illuminate/Database/Connectors/Connector.php(48): Illuminate/Database/Connectors/Connector->tryAgainIfCausedByLostConnection(Object(PDOException), 'mysql:host=127....', 'root', Object(SensitiveParameterValue), Array)
#3 D:/0_Project_VS_Code/3. Sistem Basis Data/TB-K1-Database/lapak_gaming/vendor/laravel/framework/src/Illuminate/Database/Connectors/MySqlConnector.php(24): Illuminate/Database/Connectors/Connector->createConnection('mysql:host=127....', Array, Array)
#4 D:/0_Project_VS_Code/3. Sistem Basis Data/TB-K1-Database/lapak_gaming/vendor/laravel/framework/src/Illuminate/Database/Connectors/ConnectionFactory.php(186): Illuminate/Database/Connectors/MySqlConnector->connect(Array)
#5 [internal function]: Illuminate/Database/Connectors/ConnectionFactory->{closure:Illuminate/Database/Connectors/ConnectionFactory::createPdoResolverWithHosts():181}()
#6 D:/0_Project_VS_Code/3. Sistem Basis Data/TB-K1-Database/lapak_gaming/vendor/laravel/framework/src/Illuminate/Database/Connection.php(1279): call_user_func(Object(Closure))
#7 D:/0_Project_VS_Code/3. Sistem Basis Data/TB-K1-Database/lapak_gaming/vendor/laravel/framework/src/Illuminate/Database/Connection.php(1317): Illuminate/Database/Connection->getPdo()
#8 D:/0_Project_VS_Code/3. Sistem Basis Data/TB-K1-Database/lapak_gaming/vendor/laravel/framework/src/Illuminate/Database/Connection.php(528): Illuminate/Database/Connection->getReadPdo()
#9 D:/0_Project_VS_Code/3. Sistem Basis Data/TB-K1-Database/lapak_gaming/vendor/laravel/framework/src/Illuminate/Database/Connection.php(421): Illuminate/Database/Connection->getPdoForSelect(true)
#10 D:/0_Project_VS_Code/3. Sistem Basis Data/TB-K1-Database/lapak_gaming/vendor/laravel/framework/src/Illuminate/Database/Connection.php(830): Illuminate/Database/Connection->{closure:Illuminate/Database/Connection::select():412}('select * from `...', Array)
#11 D:/0_Project_VS_Code/3. Sistem Basis Data/TB-K1-Database/lapak_gaming/vendor/laravel/framework/src/Illuminate/Database/Connection.php(1021): Illuminate/Database/Connection->runQueryCallback('select * from `...', Array, Object(Closure))
#12 D:/0_Project_VS_Code/3. Sistem Basis Data/TB-K1-Database/lapak_gaming/vendor/laravel/framework/src/Illuminate/Database/Connection.php(1000): Illuminate/Database/Connection->tryAgainIfCausedByLostConnection(Object(Illuminate/Database/QueryException), 'select * from `...', Array, Object(Closure))
#13 D:/0_Project_VS_Code/3. Sistem Basis Data/TB-K1-Database/lapak_gaming/vendor/laravel/framework/src/Illuminate/Database/Connection.php(799): Illuminate/Database/Connection->handleQueryException(Object(Illuminate/Database/QueryException), 'select * from `...', Array, Object(Closure))
#14 D:/0_Project_VS_Code/3. Sistem Basis Data/TB-K1-Database/lapak_gaming/vendor/laravel/framework/src/Illuminate/Database/Connection.php(412): Illuminate/Database/Connection->run('select * from `...', Array, Object(Closure))
#15 D:/0_Project_VS_Code/3. Sistem Basis Data/TB-K1-Database/lapak_gaming/vendor/laravel/framework/src/Illuminate/Database/Query/Builder.php(3562): Illuminate/Database/Connection->select('select * from `...', Array, true, Array)
#16 D:/0_Project_VS_Code/3. Sistem Basis Data/TB-K1-Database/lapak_gaming/vendor/laravel/framework/src/Illuminate/Database/Query/Builder.php(3546): Illuminate/Database/Query/Builder->runSelect()
#17 D:/0_Project_VS_Code/3. Sistem Basis Data/TB-K1-Database/lapak_gaming/vendor/laravel/framework/src/Illuminate/Cache/DatabaseStore.php(142): Illuminate/Database/Query/Builder->get()
#18 D:/0_Project_VS_Code/3. Sistem Basis Data/TB-K1-Database/lapak_gaming/vendor/laravel/framework/src/Illuminate/Cache/DatabaseStore.php(117): Illuminate/Cache/DatabaseStore->many(Array)
#19 D:/0_Project_VS_Code/3. Sistem Basis Data/TB-K1-Database/lapak_gaming/vendor/laravel/framework/src/Illuminate/Cache/Repository.php(124): Illuminate/Cache/DatabaseStore->get('illuminate:queu...')
#20 D:/0_Project_VS_Code/3. Sistem Basis Data/TB-K1-Database/lapak_gaming/vendor/laravel/framework/src/Illuminate/Queue/QueueManager.php(282): Illuminate/Cache/Repository->get('illuminate:queu...', false)
#21 D:/0_Project_VS_Code/3. Sistem Basis Data/TB-K1-Database/lapak_gaming/vendor/laravel/framework/src/Illuminate/Queue/Worker.php(428): Illuminate/Queue/QueueManager->isPaused('database', 'default')
#22 D:/0_Project_VS_Code/3. Sistem Basis Data/TB-K1-Database/lapak_gaming/vendor/laravel/framework/src/Illuminate/Queue/Worker.php(396): Illuminate/Queue/Worker->queuePaused('database', 'default')
#23 D:/0_Project_VS_Code/3. Sistem Basis Data/TB-K1-Database/lapak_gaming/vendor/laravel/framework/src/Illuminate/Queue/Worker.php(357): Illuminate/Queue/Worker->getNextJob(Object(Illuminate/Queue/DatabaseQueue), 'default')
#24 D:/0_Project_VS_Code/3. Sistem Basis Data/TB-K1-Database/lapak_gaming/vendor/laravel/framework/src/Illuminate/Queue/Console/WorkCommand.php(148): Illuminate/Queue/Worker->runNextJob('database', 'default', Object(Illuminate/Queue/WorkerOptions))
#25 D:/0_Project_VS_Code/3. Sistem Basis Data/TB-K1-Database/lapak_gaming/vendor/laravel/framework/src/Illuminate/Queue/Console/WorkCommand.php(131): Illuminate/Queue/Console/WorkCommand->runWorker('database', 'default')
#26 D:/0_Project_VS_Code/3. Sistem Basis Data/TB-K1-Database/lapak_gaming/vendor/laravel/framework/src/Illuminate/Container/BoundMethod.php(36): Illuminate/Queue/Console/WorkCommand->handle()
#27 D:/0_Project_VS_Code/3. Sistem Basis Data/TB-K1-Database/lapak_gaming/vendor/laravel/framework/src/Illuminate/Container/Util.php(43): Illuminate/Container/BoundMethod::{closure:Illuminate/Container/BoundMethod::call():35}()
#28 D:/0_Project_VS_Code/3. Sistem Basis Data/TB-K1-Database/lapak_gaming/vendor/laravel/framework/src/Illuminate/Container/BoundMethod.php(96): Illuminate/Container/Util::unwrapIfClosure(Object(Closure))
#29 D:/0_Project_VS_Code/3. Sistem Basis Data/TB-K1-Database/lapak_gaming/vendor/laravel/framework/src/Illuminate/Container/BoundMethod.php(35): Illuminate/Container/BoundMethod::callBoundMethod(Object(Illuminate/Foundation/Application), Array, Object(Closure))
#30 D:/0_Project_VS_Code/3. Sistem Basis Data/TB-K1-Database/lapak_gaming/vendor/laravel/framework/src/Illuminate/Container/Container.php(799): Illuminate/Container/BoundMethod::call(Object(Illuminate/Foundation/Application), Array, Array, NULL)
#31 D:/0_Project_VS_Code/3. Sistem Basis Data/TB-K1-Database/lapak_gaming/vendor/laravel/framework/src/Illuminate/Console/Command.php(280): Illuminate/Container/Container->call(Array)
#32 D:/0_Project_VS_Code/3. Sistem Basis Data/TB-K1-Database/lapak_gaming/vendor/symfony/console/Command/Command.php(291): Illuminate/Console/Command->execute(Object(Symfony/Component/Console/Input/ArgvInput), Object(Illuminate/Console/OutputStyle))
#33 D:/0_Project_VS_Code/3. Sistem Basis Data/TB-K1-Database/lapak_gaming/vendor/laravel/framework/src/Illuminate/Console/Command.php(249): Symfony/Component/Console/Command/Command->run(Object(Symfony/Component/Console/Input/ArgvInput), Object(Illuminate/Console/OutputStyle))
#34 D:/0_Project_VS_Code/3. Sistem Basis Data/TB-K1-Database/lapak_gaming/vendor/symfony/console/Application.php(1107): Illuminate/Console/Command->run(Object(Symfony/Component/Console/Input/ArgvInput), Object(Symfony/Component/Console/Output/ConsoleOutput))
#35 D:/0_Project_VS_Code/3. Sistem Basis Data/TB-K1-Database/lapak_gaming/vendor/symfony/console/Application.php(356): Symfony/Component/Console/Application->doRunCommand(Object(Illuminate/Queue/Console/WorkCommand), Object(Symfony/Component/Console/Input/ArgvInput), Object(Symfony/Component/Console/Output/ConsoleOutput))
#36 D:/0_Project_VS_Code/3. Sistem Basis Data/TB-K1-Database/lapak_gaming/vendor/symfony/console/Application.php(195): Symfony/Component/Console/Application->doRun(Object(Symfony/Component/Console/Input/ArgvInput), Object(Symfony/Component/Console/Output/ConsoleOutput))
#37 D:/0_Project_VS_Code/3. Sistem Basis Data/TB-K1-Database/lapak_gaming/vendor/laravel/framework/src/Illuminate/Foundation/Console/Kernel.php(198): Symfony/Component/Console/Application->run(Object(Symfony/Component/Console/Input/ArgvInput), Object(Symfony/Component/Console/Output/ConsoleOutput))
#38 D:/0_Project_VS_Code/3. Sistem Basis Data/TB-K1-Database/lapak_gaming/vendor/laravel/framework/src/Illuminate/Foundation/Application.php(1235): Illuminate/Foundation/Console/Kernel->handle(Object(Symfony/Component/Console/Input/ArgvInput), Object(Symfony/Component/Console/Output/ConsoleOutput))
#39 D:/0_Project_VS_Code/3. Sistem Basis Data/TB-K1-Database/lapak_gaming/artisan(16): Illuminate/Foundation/Application->handleCommand(Object(Symfony/Component/Console/Input/ArgvInput))
#40 {main}
"} 
[2026-04-01 06:25:53] local.ERROR: SQLSTATE[HY000] [2002] No connection could be made because the target machine actively refused it (Connection: mysql, Host: 127.0.0.1, Port: 3306, Database: neoz6813_TB-K1-Database, SQL: select * from `sessions` where `id` = CskWodmxYUwmECw5tq1FRd3zXtcY1YTZoMLZqPRv limit 1) {"exception":"[object] (Illuminate\\Database\\QueryException(code: 2002): SQLSTATE[HY000] [2002] No connection could be made because the target machine actively refused it (Connection: mysql, Host: 127.0.0.1, Port: 3306, Database: neoz6813_TB-K1-Database, SQL: select * from `sessions` where `id` = CskWodmxYUwmECw5tq1FRd3zXtcY1YTZoMLZqPRv limit 1) at D:/0_Project_VS_Code/3. Sistem Basis Data/TB-K1-Database/lapak_gaming/vendor/laravel/framework/src/Illuminate/Database/Connection.php:841)
[stacktrace]
#0 D:/0_Project_VS_Code/3. Sistem Basis Data/TB-K1-Database/lapak_gaming/vendor/laravel/framework/src/Illuminate/Database/Connection.php(1021): Illuminate/Database/Connection->runQueryCallback('select * from `...', Array, Object(Closure))
#1 D:/0_Project_VS_Code/3. Sistem Basis Data/TB-K1-Database/lapak_gaming/vendor/laravel/framework/src/Illuminate/Database/Connection.php(1000): Illuminate/Database/Connection->tryAgainIfCausedByLostConnection(Object(Illuminate/Database/QueryException), 'select * from `...', Array, Object(Closure))
#2 D:/0_Project_VS_Code/3. Sistem Basis Data/TB-K1-Database/lapak_gaming/vendor/laravel/framework/src/Illuminate/Database/Connection.php(799): Illuminate/Database/Connection->handleQueryException(Object(Illuminate/Database/QueryException), 'select * from `...', Array, Object(Closure))
#3 D:/0_Project_VS_Code/3. Sistem Basis Data/TB-K1-Database/lapak_gaming/vendor/laravel/framework/src/Illuminate/Database/Connection.php(412): Illuminate/Database/Connection->run('select * from `...', Array, Object(Closure))
#4 D:/0_Project_VS_Code/3. Sistem Basis Data/TB-K1-Database/lapak_gaming/vendor/laravel/framework/src/Illuminate/Database/Query/Builder.php(3562): Illuminate/Database/Connection->select('select * from `...', Array, false, Array)
#5 D:/0_Project_VS_Code/3. Sistem Basis Data/TB-K1-Database/lapak_gaming/vendor/laravel/framework/src/Illuminate/Database/Query/Builder.php(3546): Illuminate/Database/Query/Builder->runSelect()
#6 D:/0_Project_VS_Code/3. Sistem Basis Data/TB-K1-Database/lapak_gaming/vendor/laravel/framework/src/Illuminate/Database/Concerns/BuildsQueries.php(367): Illuminate/Database/Query/Builder->get(Array)
#7 D:/0_Project_VS_Code/3. Sistem Basis Data/TB-K1-Database/lapak_gaming/vendor/laravel/framework/src/Illuminate/Database/Query/Builder.php(3464): Illuminate/Database/Query/Builder->first(Array)
#8 D:/0_Project_VS_Code/3. Sistem Basis Data/TB-K1-Database/lapak_gaming/vendor/laravel/framework/src/Illuminate/Session/DatabaseSessionHandler.php(96): Illuminate/Database/Query/Builder->find('CskWodmxYUwmECw...')
#9 D:/0_Project_VS_Code/3. Sistem Basis Data/TB-K1-Database/lapak_gaming/vendor/laravel/framework/src/Illuminate/Session/Store.php(128): Illuminate/Session/DatabaseSessionHandler->read('CskWodmxYUwmECw...')
#10 D:/0_Project_VS_Code/3. Sistem Basis Data/TB-K1-Database/lapak_gaming/vendor/laravel/framework/src/Illuminate/Session/Store.php(116): Illuminate/Session/Store->readFromHandler()
#11 D:/0_Project_VS_Code/3. Sistem Basis Data/TB-K1-Database/lapak_gaming/vendor/laravel/framework/src/Illuminate/Session/Store.php(100): Illuminate/Session/Store->loadSession()
#12 D:/0_Project_VS_Code/3. Sistem Basis Data/TB-K1-Database/lapak_gaming/vendor/laravel/framework/src/Illuminate/Session/Middleware/StartSession.php(146): Illuminate/Session/Store->start()
#13 D:/0_Project_VS_Code/3. Sistem Basis Data/TB-K1-Database/lapak_gaming/vendor/laravel/framework/src/Illuminate/Support/helpers.php(393): Illuminate/Session/Middleware/StartSession->{closure:Illuminate/Session/Middleware/StartSession::startSession():143}(Object(Illuminate/Session/Store))
#14 D:/0_Project_VS_Code/3. Sistem Basis Data/TB-K1-Database/lapak_gaming/vendor/laravel/framework/src/Illuminate/Session/Middleware/StartSession.php(143): tap(Object(Illuminate/Session/Store), Object(Closure))
#15 D:/0_Project_VS_Code/3. Sistem Basis Data/TB-K1-Database/lapak_gaming/vendor/laravel/framework/src/Illuminate/Session/Middleware/StartSession.php(115): Illuminate/Session/Middleware/StartSession->startSession(Object(Illuminate/Http/Request), Object(Illuminate/Session/Store))
#16 D:/0_Project_VS_Code/3. Sistem Basis Data/TB-K1-Database/lapak_gaming/vendor/laravel/framework/src/Illuminate/Session/Middleware/StartSession.php(63): Illuminate/Session/Middleware/StartSession->handleStatefulRequest(Object(Illuminate/Http/Request), Object(Illuminate/Session/Store), Object(Closure))
#17 D:/0_Project_VS_Code/3. Sistem Basis Data/TB-K1-Database/lapak_gaming/vendor/laravel/framework/src/Illuminate/Pipeline/Pipeline.php(219): Illuminate/Session/Middleware/StartSession->handle(Object(Illuminate/Http/Request), Object(Closure))
#18 D:/0_Project_VS_Code/3. Sistem Basis Data/TB-K1-Database/lapak_gaming/vendor/laravel/framework/src/Illuminate/Cookie/Middleware/AddQueuedCookiesToResponse.php(36): Illuminate/Pipeline/Pipeline->{closure:{closure:Illuminate/Pipeline/Pipeline::carry():194}:195}(Object(Illuminate/Http/Request))
#19 D:/0_Project_VS_Code/3. Sistem Basis Data/TB-K1-Database/lapak_gaming/vendor/laravel/framework/src/Illuminate/Pipeline/Pipeline.php(219): Illuminate/Cookie/Middleware/AddQueuedCookiesToResponse->handle(Object(Illuminate/Http/Request), Object(Closure))
#20 D:/0_Project_VS_Code/3. Sistem Basis Data/TB-K1-Database/lapak_gaming/vendor/laravel/framework/src/Illuminate/Cookie/Middleware/EncryptCookies.php(74): Illuminate/Pipeline/Pipeline->{closure:{closure:Illuminate/Pipeline/Pipeline::carry():194}:195}(Object(Illuminate/Http/Request))
#21 D:/0_Project_VS_Code/3. Sistem Basis Data/TB-K1-Database/lapak_gaming/vendor/laravel/framework/src/Illuminate/Pipeline/Pipeline.php(219): Illuminate/Cookie/Middleware/EncryptCookies->handle(Object(Illuminate/Http/Request), Object(Closure))
#22 D:/0_Project_VS_Code/3. Sistem Basis Data/TB-K1-Database/lapak_gaming/vendor/laravel/framework/src/Illuminate/Pipeline/Pipeline.php(137): Illuminate/Pipeline/Pipeline->{closure:{closure:Illuminate/Pipeline/Pipeline::carry():194}:195}(Object(Illuminate/Http/Request))
#23 D:/0_Project_VS_Code/3. Sistem Basis Data/TB-K1-Database/lapak_gaming/vendor/laravel/framework/src/Illuminate/Routing/Router.php(821): Illuminate/Pipeline/Pipeline->then(Object(Closure))
#24 D:/0_Project_VS_Code/3. Sistem Basis Data/TB-K1-Database/lapak_gaming/vendor/laravel/framework/src/Illuminate/Routing/Router.php(800): Illuminate/Routing/Router->runRouteWithinStack(Object(Illuminate/Routing/Route), Object(Illuminate/Http/Request))
#25 D:/0_Project_VS_Code/3. Sistem Basis Data/TB-K1-Database/lapak_gaming/vendor/laravel/framework/src/Illuminate/Routing/Router.php(764): Illuminate/Routing/Router->runRoute(Object(Illuminate/Http/Request), Object(Illuminate/Routing/Route))
#26 D:/0_Project_VS_Code/3. Sistem Basis Data/TB-K1-Database/lapak_gaming/vendor/laravel/framework/src/Illuminate/Routing/Router.php(753): Illuminate/Routing/Router->dispatchToRoute(Object(Illuminate/Http/Request))
#27 D:/0_Project_VS_Code/3. Sistem Basis Data/TB-K1-Database/lapak_gaming/vendor/laravel/framework/src/Illuminate/Foundation/Http/Kernel.php(200): Illuminate/Routing/Router->dispatch(Object(Illuminate/Http/Request))
#28 D:/0_Project_VS_Code/3. Sistem Basis Data/TB-K1-Database/lapak_gaming/vendor/laravel/framework/src/Illuminate/Pipeline/Pipeline.php(180): Illuminate/Foundation/Http/Kernel->{closure:Illuminate/Foundation/Http/Kernel::dispatchToRouter():197}(Object(Illuminate/Http/Request))
#29 D:/0_Project_VS_Code/3. Sistem Basis Data/TB-K1-Database/lapak_gaming/vendor/laravel/framework/src/Illuminate/Foundation/Http/Middleware/TransformsRequest.php(21): Illuminate/Pipeline/Pipeline->{closure:Illuminate/Pipeline/Pipeline::prepareDestination():178}(Object(Illuminate/Http/Request))
#30 D:/0_Project_VS_Code/3. Sistem Basis Data/TB-K1-Database/lapak_gaming/vendor/laravel/framework/src/Illuminate/Foundation/Http/Middleware/ConvertEmptyStringsToNull.php(31): Illuminate/Foundation/Http/Middleware/TransformsRequest->handle(Object(Illuminate/Http/Request), Object(Closure))
#31 D:/0_Project_VS_Code/3. Sistem Basis Data/TB-K1-Database/lapak_gaming/vendor/laravel/framework/src/Illuminate/Pipeline/Pipeline.php(219): Illuminate/Foundation/Http/Middleware/ConvertEmptyStringsToNull->handle(Object(Illuminate/Http/Request), Object(Closure))
#32 D:/0_Project_VS_Code/3. Sistem Basis Data/TB-K1-Database/lapak_gaming/vendor/laravel/framework/src/Illuminate/Foundation/Http/Middleware/TransformsRequest.php(21): Illuminate/Pipeline/Pipeline->{closure:{closure:Illuminate/Pipeline/Pipeline::carry():194}:195}(Object(Illuminate/Http/Request))
#33 D:/0_Project_VS_Code/3. Sistem Basis Data/TB-K1-Database/lapak_gaming/vendor/laravel/framework/src/Illuminate/Foundation/Http/Middleware/TrimStrings.php(51): Illuminate/Foundation/Http/Middleware/TransformsRequest->handle(Object(Illuminate/Http/Request), Object(Closure))
#34 D:/0_Project_VS_Code/3. Sistem Basis Data/TB-K1-Database/lapak_gaming/vendor/laravel/framework/src/Illuminate/Pipeline/Pipeline.php(219): Illuminate/Foundation/Http/Middleware/TrimStrings->handle(Object(Illuminate/Http/Request), Object(Closure))
#35 D:/0_Project_VS_Code/3. Sistem Basis Data/TB-K1-Database/lapak_gaming/vendor/laravel/framework/src/Illuminate/Http/Middleware/ValidatePostSize.php(27): Illuminate/Pipeline/Pipeline->{closure:{closure:Illuminate/Pipeline/Pipeline::carry():194}:195}(Object(Illuminate/Http/Request))
#36 D:/0_Project_VS_Code/3. Sistem Basis Data/TB-K1-Database/lapak_gaming/vendor/laravel/framework/src/Illuminate/Pipeline/Pipeline.php(219): Illuminate/Http/Middleware/ValidatePostSize->handle(Object(Illuminate/Http/Request), Object(Closure))
#37 D:/0_Project_VS_Code/3. Sistem Basis Data/TB-K1-Database/lapak_gaming/vendor/laravel/framework/src/Illuminate/Foundation/Http/Middleware/PreventRequestsDuringMaintenance.php(109): Illuminate/Pipeline/Pipeline->{closure:{closure:Illuminate/Pipeline/Pipeline::carry():194}:195}(Object(Illuminate/Http/Request))
#38 D:/0_Project_VS_Code/3. Sistem Basis Data/TB-K1-Database/lapak_gaming/vendor/laravel/framework/src/Illuminate/Pipeline/Pipeline.php(219): Illuminate/Foundation/Http/Middleware/PreventRequestsDuringMaintenance->handle(Object(Illuminate/Http/Request), Object(Closure))
#39 D:/0_Project_VS_Code/3. Sistem Basis Data/TB-K1-Database/lapak_gaming/vendor/laravel/framework/src/Illuminate/Http/Middleware/HandleCors.php(61): Illuminate/Pipeline/Pipeline->{closure:{closure:Illuminate/Pipeline/Pipeline::carry():194}:195}(Object(Illuminate/Http/Request))
#40 D:/0_Project_VS_Code/3. Sistem Basis Data/TB-K1-Database/lapak_gaming/vendor/laravel/framework/src/Illuminate/Pipeline/Pipeline.php(219): Illuminate/Http/Middleware/HandleCors->handle(Object(Illuminate/Http/Request), Object(Closure))
#41 D:/0_Project_VS_Code/3. Sistem Basis Data/TB-K1-Database/lapak_gaming/vendor/laravel/framework/src/Illuminate/Http/Middleware/TrustProxies.php(58): Illuminate/Pipeline/Pipeline->{closure:{closure:Illuminate/Pipeline/Pipeline::carry():194}:195}(Object(Illuminate/Http/Request))
#42 D:/0_Project_VS_Code/3. Sistem Basis Data/TB-K1-Database/lapak_gaming/vendor/laravel/framework/src/Illuminate/Pipeline/Pipeline.php(219): Illuminate/Http/Middleware/TrustProxies->handle(Object(Illuminate/Http/Request), Object(Closure))
#43 D:/0_Project_VS_Code/3. Sistem Basis Data/TB-K1-Database/lapak_gaming/vendor/laravel/framework/src/Illuminate/Foundation/Http/Middleware/InvokeDeferredCallbacks.php(22): Illuminate/Pipeline/Pipeline->{closure:{closure:Illuminate/Pipeline/Pipeline::carry():194}:195}(Object(Illuminate/Http/Request))
#44 D:/0_Project_VS_Code/3. Sistem Basis Data/TB-K1-Database/lapak_gaming/vendor/laravel/framework/src/Illuminate/Pipeline/Pipeline.php(219): Illuminate/Foundation/Http/Middleware/InvokeDeferredCallbacks->handle(Object(Illuminate/Http/Request), Object(Closure))
#45 D:/0_Project_VS_Code/3. Sistem Basis Data/TB-K1-Database/lapak_gaming/vendor/laravel/framework/src/Illuminate/Http/Middleware/ValidatePathEncoding.php(28): Illuminate/Pipeline/Pipeline->{closure:{closure:Illuminate/Pipeline/Pipeline::carry():194}:195}(Object(Illuminate/Http/Request))
#46 D:/0_Project_VS_Code/3. Sistem Basis Data/TB-K1-Database/lapak_gaming/vendor/laravel/framework/src/Illuminate/Pipeline/Pipeline.php(219): Illuminate/Http/Middleware/ValidatePathEncoding->handle(Object(Illuminate/Http/Request), Object(Closure))
#47 D:/0_Project_VS_Code/3. Sistem Basis Data/TB-K1-Database/lapak_gaming/vendor/laravel/framework/src/Illuminate/Pipeline/Pipeline.php(137): Illuminate/Pipeline/Pipeline->{closure:{closure:Illuminate/Pipeline/Pipeline::carry():194}:195}(Object(Illuminate/Http/Request))
#48 D:/0_Project_VS_Code/3. Sistem Basis Data/TB-K1-Database/lapak_gaming/vendor/laravel/framework/src/Illuminate/Foundation/Http/Kernel.php(175): Illuminate/Pipeline/Pipeline->then(Object(Closure))
#49 D:/0_Project_VS_Code/3. Sistem Basis Data/TB-K1-Database/lapak_gaming/vendor/laravel/framework/src/Illuminate/Foundation/Http/Kernel.php(144): Illuminate/Foundation/Http/Kernel->sendRequestThroughRouter(Object(Illuminate/Http/Request))
#50 D:/0_Project_VS_Code/3. Sistem Basis Data/TB-K1-Database/lapak_gaming/vendor/laravel/framework/src/Illuminate/Foundation/Application.php(1220): Illuminate/Foundation/Http/Kernel->handle(Object(Illuminate/Http/Request))
#51 D:/0_Project_VS_Code/3. Sistem Basis Data/TB-K1-Database/lapak_gaming/public/index.php(20): Illuminate/Foundation/Application->handleRequest(Object(Illuminate/Http/Request))
#52 D:/0_Project_VS_Code/3. Sistem Basis Data/TB-K1-Database/lapak_gaming/vendor/laravel/framework/src/Illuminate/Foundation/resources/server.php(23): require_once('D://0_Project_VS...')
#53 {main}

[previous exception] [object] (PDOException(code: 2002): SQLSTATE[HY000] [2002] No connection could be made because the target machine actively refused it at D:/0_Project_VS_Code/3. Sistem Basis Data/TB-K1-Database/lapak_gaming/vendor/laravel/framework/src/Illuminate/Database/Connectors/Connector.php:67)
[stacktrace]
#0 D:/0_Project_VS_Code/3. Sistem Basis Data/TB-K1-Database/lapak_gaming/vendor/laravel/framework/src/Illuminate/Database/Connectors/Connector.php(67): PDO::connect('mysql:host=127....', 'neoz6813', Object(SensitiveParameterValue), Array)
#1 D:/0_Project_VS_Code/3. Sistem Basis Data/TB-K1-Database/lapak_gaming/vendor/laravel/framework/src/Illuminate/Database/Connectors/Connector.php(85): Illuminate/Database/Connectors/Connector->createPdoConnection('mysql:host=127....', 'neoz6813', Object(SensitiveParameterValue), Array)
#2 D:/0_Project_VS_Code/3. Sistem Basis Data/TB-K1-Database/lapak_gaming/vendor/laravel/framework/src/Illuminate/Database/Connectors/Connector.php(48): Illuminate/Database/Connectors/Connector->tryAgainIfCausedByLostConnection(Object(PDOException), 'mysql:host=127....', 'neoz6813', Object(SensitiveParameterValue), Array)
#3 D:/0_Project_VS_Code/3. Sistem Basis Data/TB-K1-Database/lapak_gaming/vendor/laravel/framework/src/Illuminate/Database/Connectors/MySqlConnector.php(24): Illuminate/Database/Connectors/Connector->createConnection('mysql:host=127....', Array, Array)
#4 D:/0_Project_VS_Code/3. Sistem Basis Data/TB-K1-Database/lapak_gaming/vendor/laravel/framework/src/Illuminate/Database/Connectors/ConnectionFactory.php(186): Illuminate/Database/Connectors/MySqlConnector->connect(Array)
#5 [internal function]: Illuminate/Database/Connectors/ConnectionFactory->{closure:Illuminate/Database/Connectors/ConnectionFactory::createPdoResolverWithHosts():181}()
#6 D:/0_Project_VS_Code/3. Sistem Basis Data/TB-K1-Database/lapak_gaming/vendor/laravel/framework/src/Illuminate/Database/Connection.php(1279): call_user_func(Object(Closure))
#7 D:/0_Project_VS_Code/3. Sistem Basis Data/TB-K1-Database/lapak_gaming/vendor/laravel/framework/src/Illuminate/Database/Connection.php(528): Illuminate/Database/Connection->getPdo()
#8 D:/0_Project_VS_Code/3. Sistem Basis Data/TB-K1-Database/lapak_gaming/vendor/laravel/framework/src/Illuminate/Database/Connection.php(421): Illuminate/Database/Connection->getPdoForSelect(false)
#9 D:/0_Project_VS_Code/3. Sistem Basis Data/TB-K1-Database/lapak_gaming/vendor/laravel/framework/src/Illuminate/Database/Connection.php(830): Illuminate/Database/Connection->{closure:Illuminate/Database/Connection::select():412}('select * from `...', Array)
#10 D:/0_Project_VS_Code/3. Sistem Basis Data/TB-K1-Database/lapak_gaming/vendor/laravel/framework/src/Illuminate/Database/Connection.php(1021): Illuminate/Database/Connection->runQueryCallback('select * from `...', Array, Object(Closure))
#11 D:/0_Project_VS_Code/3. Sistem Basis Data/TB-K1-Database/lapak_gaming/vendor/laravel/framework/src/Illuminate/Database/Connection.php(1000): Illuminate/Database/Connection->tryAgainIfCausedByLostConnection(Object(Illuminate/Database/QueryException), 'select * from `...', Array, Object(Closure))
#12 D:/0_Project_VS_Code/3. Sistem Basis Data/TB-K1-Database/lapak_gaming/vendor/laravel/framework/src/Illuminate/Database/Connection.php(799): Illuminate/Database/Connection->handleQueryException(Object(Illuminate/Database/QueryException), 'select * from `...', Array, Object(Closure))
#13 D:/0_Project_VS_Code/3. Sistem Basis Data/TB-K1-Database/lapak_gaming/vendor/laravel/framework/src/Illuminate/Database/Connection.php(412): Illuminate/Database/Connection->run('select * from `...', Array, Object(Closure))
#14 D:/0_Project_VS_Code/3. Sistem Basis Data/TB-K1-Database/lapak_gaming/vendor/laravel/framework/src/Illuminate/Database/Query/Builder.php(3562): Illuminate/Database/Connection->select('select * from `...', Array, false, Array)
#15 D:/0_Project_VS_Code/3. Sistem Basis Data/TB-K1-Database/lapak_gaming/vendor/laravel/framework/src/Illuminate/Database/Query/Builder.php(3546): Illuminate/Database/Query/Builder->runSelect()
#16 D:/0_Project_VS_Code/3. Sistem Basis Data/TB-K1-Database/lapak_gaming/vendor/laravel/framework/src/Illuminate/Database/Concerns/BuildsQueries.php(367): Illuminate/Database/Query/Builder->get(Array)
#17 D:/0_Project_VS_Code/3. Sistem Basis Data/TB-K1-Database/lapak_gaming/vendor/laravel/framework/src/Illuminate/Database/Query/Builder.php(3464): Illuminate/Database/Query/Builder->first(Array)
#18 D:/0_Project_VS_Code/3. Sistem Basis Data/TB-K1-Database/lapak_gaming/vendor/laravel/framework/src/Illuminate/Session/DatabaseSessionHandler.php(96): Illuminate/Database/Query/Builder->find('CskWodmxYUwmECw...')
#19 D:/0_Project_VS_Code/3. Sistem Basis Data/TB-K1-Database/lapak_gaming/vendor/laravel/framework/src/Illuminate/Session/Store.php(128): Illuminate/Session/DatabaseSessionHandler->read('CskWodmxYUwmECw...')
#20 D:/0_Project_VS_Code/3. Sistem Basis Data/TB-K1-Database/lapak_gaming/vendor/laravel/framework/src/Illuminate/Session/Store.php(116): Illuminate/Session/Store->readFromHandler()
#21 D:/0_Project_VS_Code/3. Sistem Basis Data/TB-K1-Database/lapak_gaming/vendor/laravel/framework/src/Illuminate/Session/Store.php(100): Illuminate/Session/Store->loadSession()
#22 D:/0_Project_VS_Code/3. Sistem Basis Data/TB-K1-Database/lapak_gaming/vendor/laravel/framework/src/Illuminate/Session/Middleware/StartSession.php(146): Illuminate/Session/Store->start()
#23 D:/0_Project_VS_Code/3. Sistem Basis Data/TB-K1-Database/lapak_gaming/vendor/laravel/framework/src/Illuminate/Support/helpers.php(393): Illuminate/Session/Middleware/StartSession->{closure:Illuminate/Session/Middleware/StartSession::startSession():143}(Object(Illuminate/Session/Store))
#24 D:/0_Project_VS_Code/3. Sistem Basis Data/TB-K1-Database/lapak_gaming/vendor/laravel/framework/src/Illuminate/Session/Middleware/StartSession.php(143): tap(Object(Illuminate/Session/Store), Object(Closure))
#25 D:/0_Project_VS_Code/3. Sistem Basis Data/TB-K1-Database/lapak_gaming/vendor/laravel/framework/src/Illuminate/Session/Middleware/StartSession.php(115): Illuminate/Session/Middleware/StartSession->startSession(Object(Illuminate/Http/Request), Object(Illuminate/Session/Store))
#26 D:/0_Project_VS_Code/3. Sistem Basis Data/TB-K1-Database/lapak_gaming/vendor/laravel/framework/src/Illuminate/Session/Middleware/StartSession.php(63): Illuminate/Session/Middleware/StartSession->handleStatefulRequest(Object(Illuminate/Http/Request), Object(Illuminate/Session/Store), Object(Closure))
#27 D:/0_Project_VS_Code/3. Sistem Basis Data/TB-K1-Database/lapak_gaming/vendor/laravel/framework/src/Illuminate/Pipeline/Pipeline.php(219): Illuminate/Session/Middleware/StartSession->handle(Object(Illuminate/Http/Request), Object(Closure))
#28 D:/0_Project_VS_Code/3. Sistem Basis Data/TB-K1-Database/lapak_gaming/vendor/laravel/framework/src/Illuminate/Cookie/Middleware/AddQueuedCookiesToResponse.php(36): Illuminate/Pipeline/Pipeline->{closure:{closure:Illuminate/Pipeline/Pipeline::carry():194}:195}(Object(Illuminate/Http/Request))
#29 D:/0_Project_VS_Code/3. Sistem Basis Data/TB-K1-Database/lapak_gaming/vendor/laravel/framework/src/Illuminate/Pipeline/Pipeline.php(219): Illuminate/Cookie/Middleware/AddQueuedCookiesToResponse->handle(Object(Illuminate/Http/Request), Object(Closure))
#30 D:/0_Project_VS_Code/3. Sistem Basis Data/TB-K1-Database/lapak_gaming/vendor/laravel/framework/src/Illuminate/Cookie/Middleware/EncryptCookies.php(74): Illuminate/Pipeline/Pipeline->{closure:{closure:Illuminate/Pipeline/Pipeline::carry():194}:195}(Object(Illuminate/Http/Request))
#31 D:/0_Project_VS_Code/3. Sistem Basis Data/TB-K1-Database/lapak_gaming/vendor/laravel/framework/src/Illuminate/Pipeline/Pipeline.php(219): Illuminate/Cookie/Middleware/EncryptCookies->handle(Object(Illuminate/Http/Request), Object(Closure))
#32 D:/0_Project_VS_Code/3. Sistem Basis Data/TB-K1-Database/lapak_gaming/vendor/laravel/framework/src/Illuminate/Pipeline/Pipeline.php(137): Illuminate/Pipeline/Pipeline->{closure:{closure:Illuminate/Pipeline/Pipeline::carry():194}:195}(Object(Illuminate/Http/Request))
#33 D:/0_Project_VS_Code/3. Sistem Basis Data/TB-K1-Database/lapak_gaming/vendor/laravel/framework/src/Illuminate/Routing/Router.php(821): Illuminate/Pipeline/Pipeline->then(Object(Closure))
#34 D:/0_Project_VS_Code/3. Sistem Basis Data/TB-K1-Database/lapak_gaming/vendor/laravel/framework/src/Illuminate/Routing/Router.php(800): Illuminate/Routing/Router->runRouteWithinStack(Object(Illuminate/Routing/Route), Object(Illuminate/Http/Request))
#35 D:/0_Project_VS_Code/3. Sistem Basis Data/TB-K1-Database/lapak_gaming/vendor/laravel/framework/src/Illuminate/Routing/Router.php(764): Illuminate/Routing/Router->runRoute(Object(Illuminate/Http/Request), Object(Illuminate/Routing/Route))
#36 D:/0_Project_VS_Code/3. Sistem Basis Data/TB-K1-Database/lapak_gaming/vendor/laravel/framework/src/Illuminate/Routing/Router.php(753): Illuminate/Routing/Router->dispatchToRoute(Object(Illuminate/Http/Request))
#37 D:/0_Project_VS_Code/3. Sistem Basis Data/TB-K1-Database/lapak_gaming/vendor/laravel/framework/src/Illuminate/Foundation/Http/Kernel.php(200): Illuminate/Routing/Router->dispatch(Object(Illuminate/Http/Request))
#38 D:/0_Project_VS_Code/3. Sistem Basis Data/TB-K1-Database/lapak_gaming/vendor/laravel/framework/src/Illuminate/Pipeline/Pipeline.php(180): Illuminate/Foundation/Http/Kernel->{closure:Illuminate/Foundation/Http/Kernel::dispatchToRouter():197}(Object(Illuminate/Http/Request))
#39 D:/0_Project_VS_Code/3. Sistem Basis Data/TB-K1-Database/lapak_gaming/vendor/laravel/framework/src/Illuminate/Foundation/Http/Middleware/TransformsRequest.php(21): Illuminate/Pipeline/Pipeline->{closure:Illuminate/Pipeline/Pipeline::prepareDestination():178}(Object(Illuminate/Http/Request))
#40 D:/0_Project_VS_Code/3. Sistem Basis Data/TB-K1-Database/lapak_gaming/vendor/laravel/framework/src/Illuminate/Foundation/Http/Middleware/ConvertEmptyStringsToNull.php(31): Illuminate/Foundation/Http/Middleware/TransformsRequest->handle(Object(Illuminate/Http/Request), Object(Closure))
#41 D:/0_Project_VS_Code/3. Sistem Basis Data/TB-K1-Database/lapak_gaming/vendor/laravel/framework/src/Illuminate/Pipeline/Pipeline.php(219): Illuminate/Foundation/Http/Middleware/ConvertEmptyStringsToNull->handle(Object(Illuminate/Http/Request), Object(Closure))
#42 D:/0_Project_VS_Code/3. Sistem Basis Data/TB-K1-Database/lapak_gaming/vendor/laravel/framework/src/Illuminate/Foundation/Http/Middleware/TransformsRequest.php(21): Illuminate/Pipeline/Pipeline->{closure:{closure:Illuminate/Pipeline/Pipeline::carry():194}:195}(Object(Illuminate/Http/Request))
#43 D:/0_Project_VS_Code/3. Sistem Basis Data/TB-K1-Database/lapak_gaming/vendor/laravel/framework/src/Illuminate/Foundation/Http/Middleware/TrimStrings.php(51): Illuminate/Foundation/Http/Middleware/TransformsRequest->handle(Object(Illuminate/Http/Request), Object(Closure))
#44 D:/0_Project_VS_Code/3. Sistem Basis Data/TB-K1-Database/lapak_gaming/vendor/laravel/framework/src/Illuminate/Pipeline/Pipeline.php(219): Illuminate/Foundation/Http/Middleware/TrimStrings->handle(Object(Illuminate/Http/Request), Object(Closure))
#45 D:/0_Project_VS_Code/3. Sistem Basis Data/TB-K1-Database/lapak_gaming/vendor/laravel/framework/src/Illuminate/Http/Middleware/ValidatePostSize.php(27): Illuminate/Pipeline/Pipeline->{closure:{closure:Illuminate/Pipeline/Pipeline::carry():194}:195}(Object(Illuminate/Http/Request))
#46 D:/0_Project_VS_Code/3. Sistem Basis Data/TB-K1-Database/lapak_gaming/vendor/laravel/framework/src/Illuminate/Pipeline/Pipeline.php(219): Illuminate/Http/Middleware/ValidatePostSize->handle(Object(Illuminate/Http/Request), Object(Closure))
#47 D:/0_Project_VS_Code/3. Sistem Basis Data/TB-K1-Database/lapak_gaming/vendor/laravel/framework/src/Illuminate/Foundation/Http/Middleware/PreventRequestsDuringMaintenance.php(109): Illuminate/Pipeline/Pipeline->{closure:{closure:Illuminate/Pipeline/Pipeline::carry():194}:195}(Object(Illuminate/Http/Request))
#48 D:/0_Project_VS_Code/3. Sistem Basis Data/TB-K1-Database/lapak_gaming/vendor/laravel/framework/src/Illuminate/Pipeline/Pipeline.php(219): Illuminate/Foundation/Http/Middleware/PreventRequestsDuringMaintenance->handle(Object(Illuminate/Http/Request), Object(Closure))
#49 D:/0_Project_VS_Code/3. Sistem Basis Data/TB-K1-Database/lapak_gaming/vendor/laravel/framework/src/Illuminate/Http/Middleware/HandleCors.php(61): Illuminate/Pipeline/Pipeline->{closure:{closure:Illuminate/Pipeline/Pipeline::carry():194}:195}(Object(Illuminate/Http/Request))
#50 D:/0_Project_VS_Code/3. Sistem Basis Data/TB-K1-Database/lapak_gaming/vendor/laravel/framework/src/Illuminate/Pipeline/Pipeline.php(219): Illuminate/Http/Middleware/HandleCors->handle(Object(Illuminate/Http/Request), Object(Closure))
#51 D:/0_Project_VS_Code/3. Sistem Basis Data/TB-K1-Database/lapak_gaming/vendor/laravel/framework/src/Illuminate/Http/Middleware/TrustProxies.php(58): Illuminate/Pipeline/Pipeline->{closure:{closure:Illuminate/Pipeline/Pipeline::carry():194}:195}(Object(Illuminate/Http/Request))
#52 D:/0_Project_VS_Code/3. Sistem Basis Data/TB-K1-Database/lapak_gaming/vendor/laravel/framework/src/Illuminate/Pipeline/Pipeline.php(219): Illuminate/Http/Middleware/TrustProxies->handle(Object(Illuminate/Http/Request), Object(Closure))
#53 D:/0_Project_VS_Code/3. Sistem Basis Data/TB-K1-Database/lapak_gaming/vendor/laravel/framework/src/Illuminate/Foundation/Http/Middleware/InvokeDeferredCallbacks.php(22): Illuminate/Pipeline/Pipeline->{closure:{closure:Illuminate/Pipeline/Pipeline::carry():194}:195}(Object(Illuminate/Http/Request))
#54 D:/0_Project_VS_Code/3. Sistem Basis Data/TB-K1-Database/lapak_gaming/vendor/laravel/framework/src/Illuminate/Pipeline/Pipeline.php(219): Illuminate/Foundation/Http/Middleware/InvokeDeferredCallbacks->handle(Object(Illuminate/Http/Request), Object(Closure))
#55 D:/0_Project_VS_Code/3. Sistem Basis Data/TB-K1-Database/lapak_gaming/vendor/laravel/framework/src/Illuminate/Http/Middleware/ValidatePathEncoding.php(28): Illuminate/Pipeline/Pipeline->{closure:{closure:Illuminate/Pipeline/Pipeline::carry():194}:195}(Object(Illuminate/Http/Request))
#56 D:/0_Project_VS_Code/3. Sistem Basis Data/TB-K1-Database/lapak_gaming/vendor/laravel/framework/src/Illuminate/Pipeline/Pipeline.php(219): Illuminate/Http/Middleware/ValidatePathEncoding->handle(Object(Illuminate/Http/Request), Object(Closure))
#57 D:/0_Project_VS_Code/3. Sistem Basis Data/TB-K1-Database/lapak_gaming/vendor/laravel/framework/src/Illuminate/Pipeline/Pipeline.php(137): Illuminate/Pipeline/Pipeline->{closure:{closure:Illuminate/Pipeline/Pipeline::carry():194}:195}(Object(Illuminate/Http/Request))
#58 D:/0_Project_VS_Code/3. Sistem Basis Data/TB-K1-Database/lapak_gaming/vendor/laravel/framework/src/Illuminate/Foundation/Http/Kernel.php(175): Illuminate/Pipeline/Pipeline->then(Object(Closure))
#59 D:/0_Project_VS_Code/3. Sistem Basis Data/TB-K1-Database/lapak_gaming/vendor/laravel/framework/src/Illuminate/Foundation/Http/Kernel.php(144): Illuminate/Foundation/Http/Kernel->sendRequestThroughRouter(Object(Illuminate/Http/Request))
#60 D:/0_Project_VS_Code/3. Sistem Basis Data/TB-K1-Database/lapak_gaming/vendor/laravel/framework/src/Illuminate/Foundation/Application.php(1220): Illuminate/Foundation/Http/Kernel->handle(Object(Illuminate/Http/Request))
#61 D:/0_Project_VS_Code/3. Sistem Basis Data/TB-K1-Database/lapak_gaming/public/index.php(20): Illuminate/Foundation/Application->handleRequest(Object(Illuminate/Http/Request))
#62 D:/0_Project_VS_Code/3. Sistem Basis Data/TB-K1-Database/lapak_gaming/vendor/laravel/framework/src/Illuminate/Foundation/resources/server.php(23): require_once('D://0_Project_VS...')
#63 {main}
"} 
[2026-04-01 06:26:04] local.ERROR: SQLSTATE[HY000] [2002] No connection could be made because the target machine actively refused it (Connection: mysql, Host: 127.0.0.1, Port: 3306, Database: lapak_gaming, SQL: select * from `cache` where `key` in (laravel-cache-illuminate:queue:paused:database:default)) {"exception":"[object] (Illuminate\\Database\\QueryException(code: 2002): SQLSTATE[HY000] [2002] No connection could be made because the target machine actively refused it (Connection: mysql, Host: 127.0.0.1, Port: 3306, Database: lapak_gaming, SQL: select * from `cache` where `key` in (laravel-cache-illuminate:queue:paused:database:default)) at D:/0_Project_VS_Code/3. Sistem Basis Data/TB-K1-Database/lapak_gaming/vendor/laravel/framework/src/Illuminate/Database/Connection.php:841)
[stacktrace]
#0 D:/0_Project_VS_Code/3. Sistem Basis Data/TB-K1-Database/lapak_gaming/vendor/laravel/framework/src/Illuminate/Database/Connection.php(1021): Illuminate/Database/Connection->runQueryCallback('select * from `...', Array, Object(Closure))
#1 D:/0_Project_VS_Code/3. Sistem Basis Data/TB-K1-Database/lapak_gaming/vendor/laravel/framework/src/Illuminate/Database/Connection.php(1000): Illuminate/Database/Connection->tryAgainIfCausedByLostConnection(Object(Illuminate/Database/QueryException), 'select * from `...', Array, Object(Closure))
#2 D:/0_Project_VS_Code/3. Sistem Basis Data/TB-K1-Database/lapak_gaming/vendor/laravel/framework/src/Illuminate/Database/Connection.php(799): Illuminate/Database/Connection->handleQueryException(Object(Illuminate/Database/QueryException), 'select * from `...', Array, Object(Closure))
#3 D:/0_Project_VS_Code/3. Sistem Basis Data/TB-K1-Database/lapak_gaming/vendor/laravel/framework/src/Illuminate/Database/Connection.php(412): Illuminate/Database/Connection->run('select * from `...', Array, Object(Closure))
#4 D:/0_Project_VS_Code/3. Sistem Basis Data/TB-K1-Database/lapak_gaming/vendor/laravel/framework/src/Illuminate/Database/Query/Builder.php(3562): Illuminate/Database/Connection->select('select * from `...', Array, true, Array)
#5 D:/0_Project_VS_Code/3. Sistem Basis Data/TB-K1-Database/lapak_gaming/vendor/laravel/framework/src/Illuminate/Database/Query/Builder.php(3546): Illuminate/Database/Query/Builder->runSelect()
#6 D:/0_Project_VS_Code/3. Sistem Basis Data/TB-K1-Database/lapak_gaming/vendor/laravel/framework/src/Illuminate/Cache/DatabaseStore.php(142): Illuminate/Database/Query/Builder->get()
#7 D:/0_Project_VS_Code/3. Sistem Basis Data/TB-K1-Database/lapak_gaming/vendor/laravel/framework/src/Illuminate/Cache/DatabaseStore.php(117): Illuminate/Cache/DatabaseStore->many(Array)
#8 D:/0_Project_VS_Code/3. Sistem Basis Data/TB-K1-Database/lapak_gaming/vendor/laravel/framework/src/Illuminate/Cache/Repository.php(124): Illuminate/Cache/DatabaseStore->get('illuminate:queu...')
#9 D:/0_Project_VS_Code/3. Sistem Basis Data/TB-K1-Database/lapak_gaming/vendor/laravel/framework/src/Illuminate/Queue/QueueManager.php(282): Illuminate/Cache/Repository->get('illuminate:queu...', false)
#10 D:/0_Project_VS_Code/3. Sistem Basis Data/TB-K1-Database/lapak_gaming/vendor/laravel/framework/src/Illuminate/Queue/Worker.php(428): Illuminate/Queue/QueueManager->isPaused('database', 'default')
#11 D:/0_Project_VS_Code/3. Sistem Basis Data/TB-K1-Database/lapak_gaming/vendor/laravel/framework/src/Illuminate/Queue/Worker.php(396): Illuminate/Queue/Worker->queuePaused('database', 'default')
#12 D:/0_Project_VS_Code/3. Sistem Basis Data/TB-K1-Database/lapak_gaming/vendor/laravel/framework/src/Illuminate/Queue/Worker.php(357): Illuminate/Queue/Worker->getNextJob(Object(Illuminate/Queue/DatabaseQueue), 'default')
#13 D:/0_Project_VS_Code/3. Sistem Basis Data/TB-K1-Database/lapak_gaming/vendor/laravel/framework/src/Illuminate/Queue/Console/WorkCommand.php(148): Illuminate/Queue/Worker->runNextJob('database', 'default', Object(Illuminate/Queue/WorkerOptions))
#14 D:/0_Project_VS_Code/3. Sistem Basis Data/TB-K1-Database/lapak_gaming/vendor/laravel/framework/src/Illuminate/Queue/Console/WorkCommand.php(131): Illuminate/Queue/Console/WorkCommand->runWorker('database', 'default')
#15 D:/0_Project_VS_Code/3. Sistem Basis Data/TB-K1-Database/lapak_gaming/vendor/laravel/framework/src/Illuminate/Container/BoundMethod.php(36): Illuminate/Queue/Console/WorkCommand->handle()
#16 D:/0_Project_VS_Code/3. Sistem Basis Data/TB-K1-Database/lapak_gaming/vendor/laravel/framework/src/Illuminate/Container/Util.php(43): Illuminate/Container/BoundMethod::{closure:Illuminate/Container/BoundMethod::call():35}()
#17 D:/0_Project_VS_Code/3. Sistem Basis Data/TB-K1-Database/lapak_gaming/vendor/laravel/framework/src/Illuminate/Container/BoundMethod.php(96): Illuminate/Container/Util::unwrapIfClosure(Object(Closure))
#18 D:/0_Project_VS_Code/3. Sistem Basis Data/TB-K1-Database/lapak_gaming/vendor/laravel/framework/src/Illuminate/Container/BoundMethod.php(35): Illuminate/Container/BoundMethod::callBoundMethod(Object(Illuminate/Foundation/Application), Array, Object(Closure))
#19 D:/0_Project_VS_Code/3. Sistem Basis Data/TB-K1-Database/lapak_gaming/vendor/laravel/framework/src/Illuminate/Container/Container.php(799): Illuminate/Container/BoundMethod::call(Object(Illuminate/Foundation/Application), Array, Array, NULL)
#20 D:/0_Project_VS_Code/3. Sistem Basis Data/TB-K1-Database/lapak_gaming/vendor/laravel/framework/src/Illuminate/Console/Command.php(280): Illuminate/Container/Container->call(Array)
#21 D:/0_Project_VS_Code/3. Sistem Basis Data/TB-K1-Database/lapak_gaming/vendor/symfony/console/Command/Command.php(291): Illuminate/Console/Command->execute(Object(Symfony/Component/Console/Input/ArgvInput), Object(Illuminate/Console/OutputStyle))
#22 D:/0_Project_VS_Code/3. Sistem Basis Data/TB-K1-Database/lapak_gaming/vendor/laravel/framework/src/Illuminate/Console/Command.php(249): Symfony/Component/Console/Command/Command->run(Object(Symfony/Component/Console/Input/ArgvInput), Object(Illuminate/Console/OutputStyle))
#23 D:/0_Project_VS_Code/3. Sistem Basis Data/TB-K1-Database/lapak_gaming/vendor/symfony/console/Application.php(1107): Illuminate/Console/Command->run(Object(Symfony/Component/Console/Input/ArgvInput), Object(Symfony/Component/Console/Output/ConsoleOutput))
#24 D:/0_Project_VS_Code/3. Sistem Basis Data/TB-K1-Database/lapak_gaming/vendor/symfony/console/Application.php(356): Symfony/Component/Console/Application->doRunCommand(Object(Illuminate/Queue/Console/WorkCommand), Object(Symfony/Component/Console/Input/ArgvInput), Object(Symfony/Component/Console/Output/ConsoleOutput))
#25 D:/0_Project_VS_Code/3. Sistem Basis Data/TB-K1-Database/lapak_gaming/vendor/symfony/console/Application.php(195): Symfony/Component/Console/Application->doRun(Object(Symfony/Component/Console/Input/ArgvInput), Object(Symfony/Component/Console/Output/ConsoleOutput))
#26 D:/0_Project_VS_Code/3. Sistem Basis Data/TB-K1-Database/lapak_gaming/vendor/laravel/framework/src/Illuminate/Foundation/Console/Kernel.php(198): Symfony/Component/Console/Application->run(Object(Symfony/Component/Console/Input/ArgvInput), Object(Symfony/Component/Console/Output/ConsoleOutput))
#27 D:/0_Project_VS_Code/3. Sistem Basis Data/TB-K1-Database/lapak_gaming/vendor/laravel/framework/src/Illuminate/Foundation/Application.php(1235): Illuminate/Foundation/Console/Kernel->handle(Object(Symfony/Component/Console/Input/ArgvInput), Object(Symfony/Component/Console/Output/ConsoleOutput))
#28 D:/0_Project_VS_Code/3. Sistem Basis Data/TB-K1-Database/lapak_gaming/artisan(16): Illuminate/Foundation/Application->handleCommand(Object(Symfony/Component/Console/Input/ArgvInput))
#29 {main}

[previous exception] [object] (PDOException(code: 2002): SQLSTATE[HY000] [2002] No connection could be made because the target machine actively refused it at D:/0_Project_VS_Code/3. Sistem Basis Data/TB-K1-Database/lapak_gaming/vendor/laravel/framework/src/Illuminate/Database/Connectors/Connector.php:67)
[stacktrace]
#0 D:/0_Project_VS_Code/3. Sistem Basis Data/TB-K1-Database/lapak_gaming/vendor/laravel/framework/src/Illuminate/Database/Connectors/Connector.php(67): PDO::connect('mysql:host=127....', 'root', Object(SensitiveParameterValue), Array)
#1 D:/0_Project_VS_Code/3. Sistem Basis Data/TB-K1-Database/lapak_gaming/vendor/laravel/framework/src/Illuminate/Database/Connectors/Connector.php(85): Illuminate/Database/Connectors/Connector->createPdoConnection('mysql:host=127....', 'root', Object(SensitiveParameterValue), Array)
#2 D:/0_Project_VS_Code/3. Sistem Basis Data/TB-K1-Database/lapak_gaming/vendor/laravel/framework/src/Illuminate/Database/Connectors/Connector.php(48): Illuminate/Database/Connectors/Connector->tryAgainIfCausedByLostConnection(Object(PDOException), 'mysql:host=127....', 'root', Object(SensitiveParameterValue), Array)
#3 D:/0_Project_VS_Code/3. Sistem Basis Data/TB-K1-Database/lapak_gaming/vendor/laravel/framework/src/Illuminate/Database/Connectors/MySqlConnector.php(24): Illuminate/Database/Connectors/Connector->createConnection('mysql:host=127....', Array, Array)
#4 D:/0_Project_VS_Code/3. Sistem Basis Data/TB-K1-Database/lapak_gaming/vendor/laravel/framework/src/Illuminate/Database/Connectors/ConnectionFactory.php(186): Illuminate/Database/Connectors/MySqlConnector->connect(Array)
#5 [internal function]: Illuminate/Database/Connectors/ConnectionFactory->{closure:Illuminate/Database/Connectors/ConnectionFactory::createPdoResolverWithHosts():181}()
#6 D:/0_Project_VS_Code/3. Sistem Basis Data/TB-K1-Database/lapak_gaming/vendor/laravel/framework/src/Illuminate/Database/Connection.php(1279): call_user_func(Object(Closure))
#7 D:/0_Project_VS_Code/3. Sistem Basis Data/TB-K1-Database/lapak_gaming/vendor/laravel/framework/src/Illuminate/Database/Connection.php(1317): Illuminate/Database/Connection->getPdo()
#8 D:/0_Project_VS_Code/3. Sistem Basis Data/TB-K1-Database/lapak_gaming/vendor/laravel/framework/src/Illuminate/Database/Connection.php(528): Illuminate/Database/Connection->getReadPdo()
#9 D:/0_Project_VS_Code/3. Sistem Basis Data/TB-K1-Database/lapak_gaming/vendor/laravel/framework/src/Illuminate/Database/Connection.php(421): Illuminate/Database/Connection->getPdoForSelect(true)
#10 D:/0_Project_VS_Code/3. Sistem Basis Data/TB-K1-Database/lapak_gaming/vendor/laravel/framework/src/Illuminate/Database/Connection.php(830): Illuminate/Database/Connection->{closure:Illuminate/Database/Connection::select():412}('select * from `...', Array)
#11 D:/0_Project_VS_Code/3. Sistem Basis Data/TB-K1-Database/lapak_gaming/vendor/laravel/framework/src/Illuminate/Database/Connection.php(1021): Illuminate/Database/Connection->runQueryCallback('select * from `...', Array, Object(Closure))
#12 D:/0_Project_VS_Code/3. Sistem Basis Data/TB-K1-Database/lapak_gaming/vendor/laravel/framework/src/Illuminate/Database/Connection.php(1000): Illuminate/Database/Connection->tryAgainIfCausedByLostConnection(Object(Illuminate/Database/QueryException), 'select * from `...', Array, Object(Closure))
#13 D:/0_Project_VS_Code/3. Sistem Basis Data/TB-K1-Database/lapak_gaming/vendor/laravel/framework/src/Illuminate/Database/Connection.php(799): Illuminate/Database/Connection->handleQueryException(Object(Illuminate/Database/QueryException), 'select * from `...', Array, Object(Closure))
#14 D:/0_Project_VS_Code/3. Sistem Basis Data/TB-K1-Database/lapak_gaming/vendor/laravel/framework/src/Illuminate/Database/Connection.php(412): Illuminate/Database/Connection->run('select * from `...', Array, Object(Closure))
#15 D:/0_Project_VS_Code/3. Sistem Basis Data/TB-K1-Database/lapak_gaming/vendor/laravel/framework/src/Illuminate/Database/Query/Builder.php(3562): Illuminate/Database/Connection->select('select * from `...', Array, true, Array)
#16 D:/0_Project_VS_Code/3. Sistem Basis Data/TB-K1-Database/lapak_gaming/vendor/laravel/framework/src/Illuminate/Database/Query/Builder.php(3546): Illuminate/Database/Query/Builder->runSelect()
#17 D:/0_Project_VS_Code/3. Sistem Basis Data/TB-K1-Database/lapak_gaming/vendor/laravel/framework/src/Illuminate/Cache/DatabaseStore.php(142): Illuminate/Database/Query/Builder->get()
#18 D:/0_Project_VS_Code/3. Sistem Basis Data/TB-K1-Database/lapak_gaming/vendor/laravel/framework/src/Illuminate/Cache/DatabaseStore.php(117): Illuminate/Cache/DatabaseStore->many(Array)
#19 D:/0_Project_VS_Code/3. Sistem Basis Data/TB-K1-Database/lapak_gaming/vendor/laravel/framework/src/Illuminate/Cache/Repository.php(124): Illuminate/Cache/DatabaseStore->get('illuminate:queu...')
#20 D:/0_Project_VS_Code/3. Sistem Basis Data/TB-K1-Database/lapak_gaming/vendor/laravel/framework/src/Illuminate/Queue/QueueManager.php(282): Illuminate/Cache/Repository->get('illuminate:queu...', false)
#21 D:/0_Project_VS_Code/3. Sistem Basis Data/TB-K1-Database/lapak_gaming/vendor/laravel/framework/src/Illuminate/Queue/Worker.php(428): Illuminate/Queue/QueueManager->isPaused('database', 'default')
#22 D:/0_Project_VS_Code/3. Sistem Basis Data/TB-K1-Database/lapak_gaming/vendor/laravel/framework/src/Illuminate/Queue/Worker.php(396): Illuminate/Queue/Worker->queuePaused('database', 'default')
#23 D:/0_Project_VS_Code/3. Sistem Basis Data/TB-K1-Database/lapak_gaming/vendor/laravel/framework/src/Illuminate/Queue/Worker.php(357): Illuminate/Queue/Worker->getNextJob(Object(Illuminate/Queue/DatabaseQueue), 'default')
#24 D:/0_Project_VS_Code/3. Sistem Basis Data/TB-K1-Database/lapak_gaming/vendor/laravel/framework/src/Illuminate/Queue/Console/WorkCommand.php(148): Illuminate/Queue/Worker->runNextJob('database', 'default', Object(Illuminate/Queue/WorkerOptions))
#25 D:/0_Project_VS_Code/3. Sistem Basis Data/TB-K1-Database/lapak_gaming/vendor/laravel/framework/src/Illuminate/Queue/Console/WorkCommand.php(131): Illuminate/Queue/Console/WorkCommand->runWorker('database', 'default')
#26 D:/0_Project_VS_Code/3. Sistem Basis Data/TB-K1-Database/lapak_gaming/vendor/laravel/framework/src/Illuminate/Container/BoundMethod.php(36): Illuminate/Queue/Console/WorkCommand->handle()
#27 D:/0_Project_VS_Code/3. Sistem Basis Data/TB-K1-Database/lapak_gaming/vendor/laravel/framework/src/Illuminate/Container/Util.php(43): Illuminate/Container/BoundMethod::{closure:Illuminate/Container/BoundMethod::call():35}()
#28 D:/0_Project_VS_Code/3. Sistem Basis Data/TB-K1-Database/lapak_gaming/vendor/laravel/framework/src/Illuminate/Container/BoundMethod.php(96): Illuminate/Container/Util::unwrapIfClosure(Object(Closure))
#29 D:/0_Project_VS_Code/3. Sistem Basis Data/TB-K1-Database/lapak_gaming/vendor/laravel/framework/src/Illuminate/Container/BoundMethod.php(35): Illuminate/Container/BoundMethod::callBoundMethod(Object(Illuminate/Foundation/Application), Array, Object(Closure))
#30 D:/0_Project_VS_Code/3. Sistem Basis Data/TB-K1-Database/lapak_gaming/vendor/laravel/framework/src/Illuminate/Container/Container.php(799): Illuminate/Container/BoundMethod::call(Object(Illuminate/Foundation/Application), Array, Array, NULL)
#31 D:/0_Project_VS_Code/3. Sistem Basis Data/TB-K1-Database/lapak_gaming/vendor/laravel/framework/src/Illuminate/Console/Command.php(280): Illuminate/Container/Container->call(Array)
#32 D:/0_Project_VS_Code/3. Sistem Basis Data/TB-K1-Database/lapak_gaming/vendor/symfony/console/Command/Command.php(291): Illuminate/Console/Command->execute(Object(Symfony/Component/Console/Input/ArgvInput), Object(Illuminate/Console/OutputStyle))
#33 D:/0_Project_VS_Code/3. Sistem Basis Data/TB-K1-Database/lapak_gaming/vendor/laravel/framework/src/Illuminate/Console/Command.php(249): Symfony/Component/Console/Command/Command->run(Object(Symfony/Component/Console/Input/ArgvInput), Object(Illuminate/Console/OutputStyle))
#34 D:/0_Project_VS_Code/3. Sistem Basis Data/TB-K1-Database/lapak_gaming/vendor/symfony/console/Application.php(1107): Illuminate/Console/Command->run(Object(Symfony/Component/Console/Input/ArgvInput), Object(Symfony/Component/Console/Output/ConsoleOutput))
#35 D:/0_Project_VS_Code/3. Sistem Basis Data/TB-K1-Database/lapak_gaming/vendor/symfony/console/Application.php(356): Symfony/Component/Console/Application->doRunCommand(Object(Illuminate/Queue/Console/WorkCommand), Object(Symfony/Component/Console/Input/ArgvInput), Object(Symfony/Component/Console/Output/ConsoleOutput))
#36 D:/0_Project_VS_Code/3. Sistem Basis Data/TB-K1-Database/lapak_gaming/vendor/symfony/console/Application.php(195): Symfony/Component/Console/Application->doRun(Object(Symfony/Component/Console/Input/ArgvInput), Object(Symfony/Component/Console/Output/ConsoleOutput))
#37 D:/0_Project_VS_Code/3. Sistem Basis Data/TB-K1-Database/lapak_gaming/vendor/laravel/framework/src/Illuminate/Foundation/Console/Kernel.php(198): Symfony/Component/Console/Application->run(Object(Symfony/Component/Console/Input/ArgvInput), Object(Symfony/Component/Console/Output/ConsoleOutput))
#38 D:/0_Project_VS_Code/3. Sistem Basis Data/TB-K1-Database/lapak_gaming/vendor/laravel/framework/src/Illuminate/Foundation/Application.php(1235): Illuminate/Foundation/Console/Kernel->handle(Object(Symfony/Component/Console/Input/ArgvInput), Object(Symfony/Component/Console/Output/ConsoleOutput))
#39 D:/0_Project_VS_Code/3. Sistem Basis Data/TB-K1-Database/lapak_gaming/artisan(16): Illuminate/Foundation/Application->handleCommand(Object(Symfony/Component/Console/Input/ArgvInput))
#40 {main}
"} 
[2026-04-01 06:26:17] local.ERROR: SQLSTATE[HY000] [2002] No connection could be made because the target machine actively refused it (Connection: mysql, Host: 127.0.0.1, Port: 3306, Database: lapak_gaming, SQL: select * from `cache` where `key` in (laravel-cache-illuminate:queue:paused:database:default)) {"exception":"[object] (Illuminate\\Database\\QueryException(code: 2002): SQLSTATE[HY000] [2002] No connection could be made because the target machine actively refused it (Connection: mysql, Host: 127.0.0.1, Port: 3306, Database: lapak_gaming, SQL: select * from `cache` where `key` in (laravel-cache-illuminate:queue:paused:database:default)) at D:/0_Project_VS_Code/3. Sistem Basis Data/TB-K1-Database/lapak_gaming/vendor/laravel/framework/src/Illuminate/Database/Connection.php:841)
[stacktrace]
#0 D:/0_Project_VS_Code/3. Sistem Basis Data/TB-K1-Database/lapak_gaming/vendor/laravel/framework/src/Illuminate/Database/Connection.php(1021): Illuminate/Database/Connection->runQueryCallback('select * from `...', Array, Object(Closure))
#1 D:/0_Project_VS_Code/3. Sistem Basis Data/TB-K1-Database/lapak_gaming/vendor/laravel/framework/src/Illuminate/Database/Connection.php(1000): Illuminate/Database/Connection->tryAgainIfCausedByLostConnection(Object(Illuminate/Database/QueryException), 'select * from `...', Array, Object(Closure))
#2 D:/0_Project_VS_Code/3. Sistem Basis Data/TB-K1-Database/lapak_gaming/vendor/laravel/framework/src/Illuminate/Database/Connection.php(799): Illuminate/Database/Connection->handleQueryException(Object(Illuminate/Database/QueryException), 'select * from `...', Array, Object(Closure))
#3 D:/0_Project_VS_Code/3. Sistem Basis Data/TB-K1-Database/lapak_gaming/vendor/laravel/framework/src/Illuminate/Database/Connection.php(412): Illuminate/Database/Connection->run('select * from `...', Array, Object(Closure))
#4 D:/0_Project_VS_Code/3. Sistem Basis Data/TB-K1-Database/lapak_gaming/vendor/laravel/framework/src/Illuminate/Database/Query/Builder.php(3562): Illuminate/Database/Connection->select('select * from `...', Array, true, Array)
#5 D:/0_Project_VS_Code/3. Sistem Basis Data/TB-K1-Database/lapak_gaming/vendor/laravel/framework/src/Illuminate/Database/Query/Builder.php(3546): Illuminate/Database/Query/Builder->runSelect()
#6 D:/0_Project_VS_Code/3. Sistem Basis Data/TB-K1-Database/lapak_gaming/vendor/laravel/framework/src/Illuminate/Cache/DatabaseStore.php(142): Illuminate/Database/Query/Builder->get()
#7 D:/0_Project_VS_Code/3. Sistem Basis Data/TB-K1-Database/lapak_gaming/vendor/laravel/framework/src/Illuminate/Cache/DatabaseStore.php(117): Illuminate/Cache/DatabaseStore->many(Array)
#8 D:/0_Project_VS_Code/3. Sistem Basis Data/TB-K1-Database/lapak_gaming/vendor/laravel/framework/src/Illuminate/Cache/Repository.php(124): Illuminate/Cache/DatabaseStore->get('illuminate:queu...')
#9 D:/0_Project_VS_Code/3. Sistem Basis Data/TB-K1-Database/lapak_gaming/vendor/laravel/framework/src/Illuminate/Queue/QueueManager.php(282): Illuminate/Cache/Repository->get('illuminate:queu...', false)
#10 D:/0_Project_VS_Code/3. Sistem Basis Data/TB-K1-Database/lapak_gaming/vendor/laravel/framework/src/Illuminate/Queue/Worker.php(428): Illuminate/Queue/QueueManager->isPaused('database', 'default')
#11 D:/0_Project_VS_Code/3. Sistem Basis Data/TB-K1-Database/lapak_gaming/vendor/laravel/framework/src/Illuminate/Queue/Worker.php(396): Illuminate/Queue/Worker->queuePaused('database', 'default')
#12 D:/0_Project_VS_Code/3. Sistem Basis Data/TB-K1-Database/lapak_gaming/vendor/laravel/framework/src/Illuminate/Queue/Worker.php(357): Illuminate/Queue/Worker->getNextJob(Object(Illuminate/Queue/DatabaseQueue), 'default')
#13 D:/0_Project_VS_Code/3. Sistem Basis Data/TB-K1-Database/lapak_gaming/vendor/laravel/framework/src/Illuminate/Queue/Console/WorkCommand.php(148): Illuminate/Queue/Worker->runNextJob('database', 'default', Object(Illuminate/Queue/WorkerOptions))
#14 D:/0_Project_VS_Code/3. Sistem Basis Data/TB-K1-Database/lapak_gaming/vendor/laravel/framework/src/Illuminate/Queue/Console/WorkCommand.php(131): Illuminate/Queue/Console/WorkCommand->runWorker('database', 'default')
#15 D:/0_Project_VS_Code/3. Sistem Basis Data/TB-K1-Database/lapak_gaming/vendor/laravel/framework/src/Illuminate/Container/BoundMethod.php(36): Illuminate/Queue/Console/WorkCommand->handle()
#16 D:/0_Project_VS_Code/3. Sistem Basis Data/TB-K1-Database/lapak_gaming/vendor/laravel/framework/src/Illuminate/Container/Util.php(43): Illuminate/Container/BoundMethod::{closure:Illuminate/Container/BoundMethod::call():35}()
#17 D:/0_Project_VS_Code/3. Sistem Basis Data/TB-K1-Database/lapak_gaming/vendor/laravel/framework/src/Illuminate/Container/BoundMethod.php(96): Illuminate/Container/Util::unwrapIfClosure(Object(Closure))
#18 D:/0_Project_VS_Code/3. Sistem Basis Data/TB-K1-Database/lapak_gaming/vendor/laravel/framework/src/Illuminate/Container/BoundMethod.php(35): Illuminate/Container/BoundMethod::callBoundMethod(Object(Illuminate/Foundation/Application), Array, Object(Closure))
#19 D:/0_Project_VS_Code/3. Sistem Basis Data/TB-K1-Database/lapak_gaming/vendor/laravel/framework/src/Illuminate/Container/Container.php(799): Illuminate/Container/BoundMethod::call(Object(Illuminate/Foundation/Application), Array, Array, NULL)
#20 D:/0_Project_VS_Code/3. Sistem Basis Data/TB-K1-Database/lapak_gaming/vendor/laravel/framework/src/Illuminate/Console/Command.php(280): Illuminate/Container/Container->call(Array)
#21 D:/0_Project_VS_Code/3. Sistem Basis Data/TB-K1-Database/lapak_gaming/vendor/symfony/console/Command/Command.php(291): Illuminate/Console/Command->execute(Object(Symfony/Component/Console/Input/ArgvInput), Object(Illuminate/Console/OutputStyle))
#22 D:/0_Project_VS_Code/3. Sistem Basis Data/TB-K1-Database/lapak_gaming/vendor/laravel/framework/src/Illuminate/Console/Command.php(249): Symfony/Component/Console/Command/Command->run(Object(Symfony/Component/Console/Input/ArgvInput), Object(Illuminate/Console/OutputStyle))
#23 D:/0_Project_VS_Code/3. Sistem Basis Data/TB-K1-Database/lapak_gaming/vendor/symfony/console/Application.php(1107): Illuminate/Console/Command->run(Object(Symfony/Component/Console/Input/ArgvInput), Object(Symfony/Component/Console/Output/ConsoleOutput))
#24 D:/0_Project_VS_Code/3. Sistem Basis Data/TB-K1-Database/lapak_gaming/vendor/symfony/console/Application.php(356): Symfony/Component/Console/Application->doRunCommand(Object(Illuminate/Queue/Console/WorkCommand), Object(Symfony/Component/Console/Input/ArgvInput), Object(Symfony/Component/Console/Output/ConsoleOutput))
#25 D:/0_Project_VS_Code/3. Sistem Basis Data/TB-K1-Database/lapak_gaming/vendor/symfony/console/Application.php(195): Symfony/Component/Console/Application->doRun(Object(Symfony/Component/Console/Input/ArgvInput), Object(Symfony/Component/Console/Output/ConsoleOutput))
#26 D:/0_Project_VS_Code/3. Sistem Basis Data/TB-K1-Database/lapak_gaming/vendor/laravel/framework/src/Illuminate/Foundation/Console/Kernel.php(198): Symfony/Component/Console/Application->run(Object(Symfony/Component/Console/Input/ArgvInput), Object(Symfony/Component/Console/Output/ConsoleOutput))
#27 D:/0_Project_VS_Code/3. Sistem Basis Data/TB-K1-Database/lapak_gaming/vendor/laravel/framework/src/Illuminate/Foundation/Application.php(1235): Illuminate/Foundation/Console/Kernel->handle(Object(Symfony/Component/Console/Input/ArgvInput), Object(Symfony/Component/Console/Output/ConsoleOutput))
#28 D:/0_Project_VS_Code/3. Sistem Basis Data/TB-K1-Database/lapak_gaming/artisan(16): Illuminate/Foundation/Application->handleCommand(Object(Symfony/Component/Console/Input/ArgvInput))
#29 {main}

[previous exception] [object] (PDOException(code: 2002): SQLSTATE[HY000] [2002] No connection could be made because the target machine actively refused it at D:/0_Project_VS_Code/3. Sistem Basis Data/TB-K1-Database/lapak_gaming/vendor/laravel/framework/src/Illuminate/Database/Connectors/Connector.php:67)
[stacktrace]
#0 D:/0_Project_VS_Code/3. Sistem Basis Data/TB-K1-Database/lapak_gaming/vendor/laravel/framework/src/Illuminate/Database/Connectors/Connector.php(67): PDO::connect('mysql:host=127....', 'root', Object(SensitiveParameterValue), Array)
#1 D:/0_Project_VS_Code/3. Sistem Basis Data/TB-K1-Database/lapak_gaming/vendor/laravel/framework/src/Illuminate/Database/Connectors/Connector.php(85): Illuminate/Database/Connectors/Connector->createPdoConnection('mysql:host=127....', 'root', Object(SensitiveParameterValue), Array)
#2 D:/0_Project_VS_Code/3. Sistem Basis Data/TB-K1-Database/lapak_gaming/vendor/laravel/framework/src/Illuminate/Database/Connectors/Connector.php(48): Illuminate/Database/Connectors/Connector->tryAgainIfCausedByLostConnection(Object(PDOException), 'mysql:host=127....', 'root', Object(SensitiveParameterValue), Array)
#3 D:/0_Project_VS_Code/3. Sistem Basis Data/TB-K1-Database/lapak_gaming/vendor/laravel/framework/src/Illuminate/Database/Connectors/MySqlConnector.php(24): Illuminate/Database/Connectors/Connector->createConnection('mysql:host=127....', Array, Array)
#4 D:/0_Project_VS_Code/3. Sistem Basis Data/TB-K1-Database/lapak_gaming/vendor/laravel/framework/src/Illuminate/Database/Connectors/ConnectionFactory.php(186): Illuminate/Database/Connectors/MySqlConnector->connect(Array)
#5 [internal function]: Illuminate/Database/Connectors/ConnectionFactory->{closure:Illuminate/Database/Connectors/ConnectionFactory::createPdoResolverWithHosts():181}()
#6 D:/0_Project_VS_Code/3. Sistem Basis Data/TB-K1-Database/lapak_gaming/vendor/laravel/framework/src/Illuminate/Database/Connection.php(1279): call_user_func(Object(Closure))
#7 D:/0_Project_VS_Code/3. Sistem Basis Data/TB-K1-Database/lapak_gaming/vendor/laravel/framework/src/Illuminate/Database/Connection.php(1317): Illuminate/Database/Connection->getPdo()
#8 D:/0_Project_VS_Code/3. Sistem Basis Data/TB-K1-Database/lapak_gaming/vendor/laravel/framework/src/Illuminate/Database/Connection.php(528): Illuminate/Database/Connection->getReadPdo()
#9 D:/0_Project_VS_Code/3. Sistem Basis Data/TB-K1-Database/lapak_gaming/vendor/laravel/framework/src/Illuminate/Database/Connection.php(421): Illuminate/Database/Connection->getPdoForSelect(true)
#10 D:/0_Project_VS_Code/3. Sistem Basis Data/TB-K1-Database/lapak_gaming/vendor/laravel/framework/src/Illuminate/Database/Connection.php(830): Illuminate/Database/Connection->{closure:Illuminate/Database/Connection::select():412}('select * from `...', Array)
#11 D:/0_Project_VS_Code/3. Sistem Basis Data/TB-K1-Database/lapak_gaming/vendor/laravel/framework/src/Illuminate/Database/Connection.php(1021): Illuminate/Database/Connection->runQueryCallback('select * from `...', Array, Object(Closure))
#12 D:/0_Project_VS_Code/3. Sistem Basis Data/TB-K1-Database/lapak_gaming/vendor/laravel/framework/src/Illuminate/Database/Connection.php(1000): Illuminate/Database/Connection->tryAgainIfCausedByLostConnection(Object(Illuminate/Database/QueryException), 'select * from `...', Array, Object(Closure))
#13 D:/0_Project_VS_Code/3. Sistem Basis Data/TB-K1-Database/lapak_gaming/vendor/laravel/framework/src/Illuminate/Database/Connection.php(799): Illuminate/Database/Connection->handleQueryException(Object(Illuminate/Database/QueryException), 'select * from `...', Array, Object(Closure))
#14 D:/0_Project_VS_Code/3. Sistem Basis Data/TB-K1-Database/lapak_gaming/vendor/laravel/framework/src/Illuminate/Database/Connection.php(412): Illuminate/Database/Connection->run('select * from `...', Array, Object(Closure))
#15 D:/0_Project_VS_Code/3. Sistem Basis Data/TB-K1-Database/lapak_gaming/vendor/laravel/framework/src/Illuminate/Database/Query/Builder.php(3562): Illuminate/Database/Connection->select('select * from `...', Array, true, Array)
#16 D:/0_Project_VS_Code/3. Sistem Basis Data/TB-K1-Database/lapak_gaming/vendor/laravel/framework/src/Illuminate/Database/Query/Builder.php(3546): Illuminate/Database/Query/Builder->runSelect()
#17 D:/0_Project_VS_Code/3. Sistem Basis Data/TB-K1-Database/lapak_gaming/vendor/laravel/framework/src/Illuminate/Cache/DatabaseStore.php(142): Illuminate/Database/Query/Builder->get()
#18 D:/0_Project_VS_Code/3. Sistem Basis Data/TB-K1-Database/lapak_gaming/vendor/laravel/framework/src/Illuminate/Cache/DatabaseStore.php(117): Illuminate/Cache/DatabaseStore->many(Array)
#19 D:/0_Project_VS_Code/3. Sistem Basis Data/TB-K1-Database/lapak_gaming/vendor/laravel/framework/src/Illuminate/Cache/Repository.php(124): Illuminate/Cache/DatabaseStore->get('illuminate:queu...')
#20 D:/0_Project_VS_Code/3. Sistem Basis Data/TB-K1-Database/lapak_gaming/vendor/laravel/framework/src/Illuminate/Queue/QueueManager.php(282): Illuminate/Cache/Repository->get('illuminate:queu...', false)
#21 D:/0_Project_VS_Code/3. Sistem Basis Data/TB-K1-Database/lapak_gaming/vendor/laravel/framework/src/Illuminate/Queue/Worker.php(428): Illuminate/Queue/QueueManager->isPaused('database', 'default')
#22 D:/0_Project_VS_Code/3. Sistem Basis Data/TB-K1-Database/lapak_gaming/vendor/laravel/framework/src/Illuminate/Queue/Worker.php(396): Illuminate/Queue/Worker->queuePaused('database', 'default')
#23 D:/0_Project_VS_Code/3. Sistem Basis Data/TB-K1-Database/lapak_gaming/vendor/laravel/framework/src/Illuminate/Queue/Worker.php(357): Illuminate/Queue/Worker->getNextJob(Object(Illuminate/Queue/DatabaseQueue), 'default')
#24 D:/0_Project_VS_Code/3. Sistem Basis Data/TB-K1-Database/lapak_gaming/vendor/laravel/framework/src/Illuminate/Queue/Console/WorkCommand.php(148): Illuminate/Queue/Worker->runNextJob('database', 'default', Object(Illuminate/Queue/WorkerOptions))
#25 D:/0_Project_VS_Code/3. Sistem Basis Data/TB-K1-Database/lapak_gaming/vendor/laravel/framework/src/Illuminate/Queue/Console/WorkCommand.php(131): Illuminate/Queue/Console/WorkCommand->runWorker('database', 'default')
#26 D:/0_Project_VS_Code/3. Sistem Basis Data/TB-K1-Database/lapak_gaming/vendor/laravel/framework/src/Illuminate/Container/BoundMethod.php(36): Illuminate/Queue/Console/WorkCommand->handle()
#27 D:/0_Project_VS_Code/3. Sistem Basis Data/TB-K1-Database/lapak_gaming/vendor/laravel/framework/src/Illuminate/Container/Util.php(43): Illuminate/Container/BoundMethod::{closure:Illuminate/Container/BoundMethod::call():35}()
#28 D:/0_Project_VS_Code/3. Sistem Basis Data/TB-K1-Database/lapak_gaming/vendor/laravel/framework/src/Illuminate/Container/BoundMethod.php(96): Illuminate/Container/Util::unwrapIfClosure(Object(Closure))
#29 D:/0_Project_VS_Code/3. Sistem Basis Data/TB-K1-Database/lapak_gaming/vendor/laravel/framework/src/Illuminate/Container/BoundMethod.php(35): Illuminate/Container/BoundMethod::callBoundMethod(Object(Illuminate/Foundation/Application), Array, Object(Closure))
#30 D:/0_Project_VS_Code/3. Sistem Basis Data/TB-K1-Database/lapak_gaming/vendor/laravel/framework/src/Illuminate/Container/Container.php(799): Illuminate/Container/BoundMethod::call(Object(Illuminate/Foundation/Application), Array, Array, NULL)
#31 D:/0_Project_VS_Code/3. Sistem Basis Data/TB-K1-Database/lapak_gaming/vendor/laravel/framework/src/Illuminate/Console/Command.php(280): Illuminate/Container/Container->call(Array)
#32 D:/0_Project_VS_Code/3. Sistem Basis Data/TB-K1-Database/lapak_gaming/vendor/symfony/console/Command/Command.php(291): Illuminate/Console/Command->execute(Object(Symfony/Component/Console/Input/ArgvInput), Object(Illuminate/Console/OutputStyle))
#33 D:/0_Project_VS_Code/3. Sistem Basis Data/TB-K1-Database/lapak_gaming/vendor/laravel/framework/src/Illuminate/Console/Command.php(249): Symfony/Component/Console/Command/Command->run(Object(Symfony/Component/Console/Input/ArgvInput), Object(Illuminate/Console/OutputStyle))
#34 D:/0_Project_VS_Code/3. Sistem Basis Data/TB-K1-Database/lapak_gaming/vendor/symfony/console/Application.php(1107): Illuminate/Console/Command->run(Object(Symfony/Component/Console/Input/ArgvInput), Object(Symfony/Component/Console/Output/ConsoleOutput))
#35 D:/0_Project_VS_Code/3. Sistem Basis Data/TB-K1-Database/lapak_gaming/vendor/symfony/console/Application.php(356): Symfony/Component/Console/Application->doRunCommand(Object(Illuminate/Queue/Console/WorkCommand), Object(Symfony/Component/Console/Input/ArgvInput), Object(Symfony/Component/Console/Output/ConsoleOutput))
#36 D:/0_Project_VS_Code/3. Sistem Basis Data/TB-K1-Database/lapak_gaming/vendor/symfony/console/Application.php(195): Symfony/Component/Console/Application->doRun(Object(Symfony/Component/Console/Input/ArgvInput), Object(Symfony/Component/Console/Output/ConsoleOutput))
#37 D:/0_Project_VS_Code/3. Sistem Basis Data/TB-K1-Database/lapak_gaming/vendor/laravel/framework/src/Illuminate/Foundation/Console/Kernel.php(198): Symfony/Component/Console/Application->run(Object(Symfony/Component/Console/Input/ArgvInput), Object(Symfony/Component/Console/Output/ConsoleOutput))
#38 D:/0_Project_VS_Code/3. Sistem Basis Data/TB-K1-Database/lapak_gaming/vendor/laravel/framework/src/Illuminate/Foundation/Application.php(1235): Illuminate/Foundation/Console/Kernel->handle(Object(Symfony/Component/Console/Input/ArgvInput), Object(Symfony/Component/Console/Output/ConsoleOutput))
#39 D:/0_Project_VS_Code/3. Sistem Basis Data/TB-K1-Database/lapak_gaming/artisan(16): Illuminate/Foundation/Application->handleCommand(Object(Symfony/Component/Console/Input/ArgvInput))
#40 {main}
"} 
[2026-04-01 06:26:30] local.ERROR: SQLSTATE[HY000] [2002] No connection could be made because the target machine actively refused it (Connection: mysql, Host: 127.0.0.1, Port: 3306, Database: lapak_gaming, SQL: select * from `cache` where `key` in (laravel-cache-illuminate:queue:paused:database:default)) {"exception":"[object] (Illuminate\\Database\\QueryException(code: 2002): SQLSTATE[HY000] [2002] No connection could be made because the target machine actively refused it (Connection: mysql, Host: 127.0.0.1, Port: 3306, Database: lapak_gaming, SQL: select * from `cache` where `key` in (laravel-cache-illuminate:queue:paused:database:default)) at D:/0_Project_VS_Code/3. Sistem Basis Data/TB-K1-Database/lapak_gaming/vendor/laravel/framework/src/Illuminate/Database/Connection.php:841)
[stacktrace]
#0 D:/0_Project_VS_Code/3. Sistem Basis Data/TB-K1-Database/lapak_gaming/vendor/laravel/framework/src/Illuminate/Database/Connection.php(1021): Illuminate/Database/Connection->runQueryCallback('select * from `...', Array, Object(Closure))
#1 D:/0_Project_VS_Code/3. Sistem Basis Data/TB-K1-Database/lapak_gaming/vendor/laravel/framework/src/Illuminate/Database/Connection.php(1000): Illuminate/Database/Connection->tryAgainIfCausedByLostConnection(Object(Illuminate/Database/QueryException), 'select * from `...', Array, Object(Closure))
#2 D:/0_Project_VS_Code/3. Sistem Basis Data/TB-K1-Database/lapak_gaming/vendor/laravel/framework/src/Illuminate/Database/Connection.php(799): Illuminate/Database/Connection->handleQueryException(Object(Illuminate/Database/QueryException), 'select * from `...', Array, Object(Closure))
#3 D:/0_Project_VS_Code/3. Sistem Basis Data/TB-K1-Database/lapak_gaming/vendor/laravel/framework/src/Illuminate/Database/Connection.php(412): Illuminate/Database/Connection->run('select * from `...', Array, Object(Closure))
#4 D:/0_Project_VS_Code/3. Sistem Basis Data/TB-K1-Database/lapak_gaming/vendor/laravel/framework/src/Illuminate/Database/Query/Builder.php(3562): Illuminate/Database/Connection->select('select * from `...', Array, true, Array)
#5 D:/0_Project_VS_Code/3. Sistem Basis Data/TB-K1-Database/lapak_gaming/vendor/laravel/framework/src/Illuminate/Database/Query/Builder.php(3546): Illuminate/Database/Query/Builder->runSelect()
#6 D:/0_Project_VS_Code/3. Sistem Basis Data/TB-K1-Database/lapak_gaming/vendor/laravel/framework/src/Illuminate/Cache/DatabaseStore.php(142): Illuminate/Database/Query/Builder->get()
#7 D:/0_Project_VS_Code/3. Sistem Basis Data/TB-K1-Database/lapak_gaming/vendor/laravel/framework/src/Illuminate/Cache/DatabaseStore.php(117): Illuminate/Cache/DatabaseStore->many(Array)
#8 D:/0_Project_VS_Code/3. Sistem Basis Data/TB-K1-Database/lapak_gaming/vendor/laravel/framework/src/Illuminate/Cache/Repository.php(124): Illuminate/Cache/DatabaseStore->get('illuminate:queu...')
#9 D:/0_Project_VS_Code/3. Sistem Basis Data/TB-K1-Database/lapak_gaming/vendor/laravel/framework/src/Illuminate/Queue/QueueManager.php(282): Illuminate/Cache/Repository->get('illuminate:queu...', false)
#10 D:/0_Project_VS_Code/3. Sistem Basis Data/TB-K1-Database/lapak_gaming/vendor/laravel/framework/src/Illuminate/Queue/Worker.php(428): Illuminate/Queue/QueueManager->isPaused('database', 'default')
#11 D:/0_Project_VS_Code/3. Sistem Basis Data/TB-K1-Database/lapak_gaming/vendor/laravel/framework/src/Illuminate/Queue/Worker.php(396): Illuminate/Queue/Worker->queuePaused('database', 'default')
#12 D:/0_Project_VS_Code/3. Sistem Basis Data/TB-K1-Database/lapak_gaming/vendor/laravel/framework/src/Illuminate/Queue/Worker.php(357): Illuminate/Queue/Worker->getNextJob(Object(Illuminate/Queue/DatabaseQueue), 'default')
#13 D:/0_Project_VS_Code/3. Sistem Basis Data/TB-K1-Database/lapak_gaming/vendor/laravel/framework/src/Illuminate/Queue/Console/WorkCommand.php(148): Illuminate/Queue/Worker->runNextJob('database', 'default', Object(Illuminate/Queue/WorkerOptions))
#14 D:/0_Project_VS_Code/3. Sistem Basis Data/TB-K1-Database/lapak_gaming/vendor/laravel/framework/src/Illuminate/Queue/Console/WorkCommand.php(131): Illuminate/Queue/Console/WorkCommand->runWorker('database', 'default')
#15 D:/0_Project_VS_Code/3. Sistem Basis Data/TB-K1-Database/lapak_gaming/vendor/laravel/framework/src/Illuminate/Container/BoundMethod.php(36): Illuminate/Queue/Console/WorkCommand->handle()
#16 D:/0_Project_VS_Code/3. Sistem Basis Data/TB-K1-Database/lapak_gaming/vendor/laravel/framework/src/Illuminate/Container/Util.php(43): Illuminate/Container/BoundMethod::{closure:Illuminate/Container/BoundMethod::call():35}()
#17 D:/0_Project_VS_Code/3. Sistem Basis Data/TB-K1-Database/lapak_gaming/vendor/laravel/framework/src/Illuminate/Container/BoundMethod.php(96): Illuminate/Container/Util::unwrapIfClosure(Object(Closure))
#18 D:/0_Project_VS_Code/3. Sistem Basis Data/TB-K1-Database/lapak_gaming/vendor/laravel/framework/src/Illuminate/Container/BoundMethod.php(35): Illuminate/Container/BoundMethod::callBoundMethod(Object(Illuminate/Foundation/Application), Array, Object(Closure))
#19 D:/0_Project_VS_Code/3. Sistem Basis Data/TB-K1-Database/lapak_gaming/vendor/laravel/framework/src/Illuminate/Container/Container.php(799): Illuminate/Container/BoundMethod::call(Object(Illuminate/Foundation/Application), Array, Array, NULL)
#20 D:/0_Project_VS_Code/3. Sistem Basis Data/TB-K1-Database/lapak_gaming/vendor/laravel/framework/src/Illuminate/Console/Command.php(280): Illuminate/Container/Container->call(Array)
#21 D:/0_Project_VS_Code/3. Sistem Basis Data/TB-K1-Database/lapak_gaming/vendor/symfony/console/Command/Command.php(291): Illuminate/Console/Command->execute(Object(Symfony/Component/Console/Input/ArgvInput), Object(Illuminate/Console/OutputStyle))
#22 D:/0_Project_VS_Code/3. Sistem Basis Data/TB-K1-Database/lapak_gaming/vendor/laravel/framework/src/Illuminate/Console/Command.php(249): Symfony/Component/Console/Command/Command->run(Object(Symfony/Component/Console/Input/ArgvInput), Object(Illuminate/Console/OutputStyle))
#23 D:/0_Project_VS_Code/3. Sistem Basis Data/TB-K1-Database/lapak_gaming/vendor/symfony/console/Application.php(1107): Illuminate/Console/Command->run(Object(Symfony/Component/Console/Input/ArgvInput), Object(Symfony/Component/Console/Output/ConsoleOutput))
#24 D:/0_Project_VS_Code/3. Sistem Basis Data/TB-K1-Database/lapak_gaming/vendor/symfony/console/Application.php(356): Symfony/Component/Console/Application->doRunCommand(Object(Illuminate/Queue/Console/WorkCommand), Object(Symfony/Component/Console/Input/ArgvInput), Object(Symfony/Component/Console/Output/ConsoleOutput))
#25 D:/0_Project_VS_Code/3. Sistem Basis Data/TB-K1-Database/lapak_gaming/vendor/symfony/console/Application.php(195): Symfony/Component/Console/Application->doRun(Object(Symfony/Component/Console/Input/ArgvInput), Object(Symfony/Component/Console/Output/ConsoleOutput))
#26 D:/0_Project_VS_Code/3. Sistem Basis Data/TB-K1-Database/lapak_gaming/vendor/laravel/framework/src/Illuminate/Foundation/Console/Kernel.php(198): Symfony/Component/Console/Application->run(Object(Symfony/Component/Console/Input/ArgvInput), Object(Symfony/Component/Console/Output/ConsoleOutput))
#27 D:/0_Project_VS_Code/3. Sistem Basis Data/TB-K1-Database/lapak_gaming/vendor/laravel/framework/src/Illuminate/Foundation/Application.php(1235): Illuminate/Foundation/Console/Kernel->handle(Object(Symfony/Component/Console/Input/ArgvInput), Object(Symfony/Component/Console/Output/ConsoleOutput))
#28 D:/0_Project_VS_Code/3. Sistem Basis Data/TB-K1-Database/lapak_gaming/artisan(16): Illuminate/Foundation/Application->handleCommand(Object(Symfony/Component/Console/Input/ArgvInput))
#29 {main}

[previous exception] [object] (PDOException(code: 2002): SQLSTATE[HY000] [2002] No connection could be made because the target machine actively refused it at D:/0_Project_VS_Code/3. Sistem Basis Data/TB-K1-Database/lapak_gaming/vendor/laravel/framework/src/Illuminate/Database/Connectors/Connector.php:67)
[stacktrace]
#0 D:/0_Project_VS_Code/3. Sistem Basis Data/TB-K1-Database/lapak_gaming/vendor/laravel/framework/src/Illuminate/Database/Connectors/Connector.php(67): PDO::connect('mysql:host=127....', 'root', Object(SensitiveParameterValue), Array)
#1 D:/0_Project_VS_Code/3. Sistem Basis Data/TB-K1-Database/lapak_gaming/vendor/laravel/framework/src/Illuminate/Database/Connectors/Connector.php(85): Illuminate/Database/Connectors/Connector->createPdoConnection('mysql:host=127....', 'root', Object(SensitiveParameterValue), Array)
#2 D:/0_Project_VS_Code/3. Sistem Basis Data/TB-K1-Database/lapak_gaming/vendor/laravel/framework/src/Illuminate/Database/Connectors/Connector.php(48): Illuminate/Database/Connectors/Connector->tryAgainIfCausedByLostConnection(Object(PDOException), 'mysql:host=127....', 'root', Object(SensitiveParameterValue), Array)
#3 D:/0_Project_VS_Code/3. Sistem Basis Data/TB-K1-Database/lapak_gaming/vendor/laravel/framework/src/Illuminate/Database/Connectors/MySqlConnector.php(24): Illuminate/Database/Connectors/Connector->createConnection('mysql:host=127....', Array, Array)
#4 D:/0_Project_VS_Code/3. Sistem Basis Data/TB-K1-Database/lapak_gaming/vendor/laravel/framework/src/Illuminate/Database/Connectors/ConnectionFactory.php(186): Illuminate/Database/Connectors/MySqlConnector->connect(Array)
#5 [internal function]: Illuminate/Database/Connectors/ConnectionFactory->{closure:Illuminate/Database/Connectors/ConnectionFactory::createPdoResolverWithHosts():181}()
#6 D:/0_Project_VS_Code/3. Sistem Basis Data/TB-K1-Database/lapak_gaming/vendor/laravel/framework/src/Illuminate/Database/Connection.php(1279): call_user_func(Object(Closure))
#7 D:/0_Project_VS_Code/3. Sistem Basis Data/TB-K1-Database/lapak_gaming/vendor/laravel/framework/src/Illuminate/Database/Connection.php(1317): Illuminate/Database/Connection->getPdo()
#8 D:/0_Project_VS_Code/3. Sistem Basis Data/TB-K1-Database/lapak_gaming/vendor/laravel/framework/src/Illuminate/Database/Connection.php(528): Illuminate/Database/Connection->getReadPdo()
#9 D:/0_Project_VS_Code/3. Sistem Basis Data/TB-K1-Database/lapak_gaming/vendor/laravel/framework/src/Illuminate/Database/Connection.php(421): Illuminate/Database/Connection->getPdoForSelect(true)
#10 D:/0_Project_VS_Code/3. Sistem Basis Data/TB-K1-Database/lapak_gaming/vendor/laravel/framework/src/Illuminate/Database/Connection.php(830): Illuminate/Database/Connection->{closure:Illuminate/Database/Connection::select():412}('select * from `...', Array)
#11 D:/0_Project_VS_Code/3. Sistem Basis Data/TB-K1-Database/lapak_gaming/vendor/laravel/framework/src/Illuminate/Database/Connection.php(1021): Illuminate/Database/Connection->runQueryCallback('select * from `...', Array, Object(Closure))
#12 D:/0_Project_VS_Code/3. Sistem Basis Data/TB-K1-Database/lapak_gaming/vendor/laravel/framework/src/Illuminate/Database/Connection.php(1000): Illuminate/Database/Connection->tryAgainIfCausedByLostConnection(Object(Illuminate/Database/QueryException), 'select * from `...', Array, Object(Closure))
#13 D:/0_Project_VS_Code/3. Sistem Basis Data/TB-K1-Database/lapak_gaming/vendor/laravel/framework/src/Illuminate/Database/Connection.php(799): Illuminate/Database/Connection->handleQueryException(Object(Illuminate/Database/QueryException), 'select * from `...', Array, Object(Closure))
#14 D:/0_Project_VS_Code/3. Sistem Basis Data/TB-K1-Database/lapak_gaming/vendor/laravel/framework/src/Illuminate/Database/Connection.php(412): Illuminate/Database/Connection->run('select * from `...', Array, Object(Closure))
#15 D:/0_Project_VS_Code/3. Sistem Basis Data/TB-K1-Database/lapak_gaming/vendor/laravel/framework/src/Illuminate/Database/Query/Builder.php(3562): Illuminate/Database/Connection->select('select * from `...', Array, true, Array)
#16 D:/0_Project_VS_Code/3. Sistem Basis Data/TB-K1-Database/lapak_gaming/vendor/laravel/framework/src/Illuminate/Database/Query/Builder.php(3546): Illuminate/Database/Query/Builder->runSelect()
#17 D:/0_Project_VS_Code/3. Sistem Basis Data/TB-K1-Database/lapak_gaming/vendor/laravel/framework/src/Illuminate/Cache/DatabaseStore.php(142): Illuminate/Database/Query/Builder->get()
#18 D:/0_Project_VS_Code/3. Sistem Basis Data/TB-K1-Database/lapak_gaming/vendor/laravel/framework/src/Illuminate/Cache/DatabaseStore.php(117): Illuminate/Cache/DatabaseStore->many(Array)
#19 D:/0_Project_VS_Code/3. Sistem Basis Data/TB-K1-Database/lapak_gaming/vendor/laravel/framework/src/Illuminate/Cache/Repository.php(124): Illuminate/Cache/DatabaseStore->get('illuminate:queu...')
#20 D:/0_Project_VS_Code/3. Sistem Basis Data/TB-K1-Database/lapak_gaming/vendor/laravel/framework/src/Illuminate/Queue/QueueManager.php(282): Illuminate/Cache/Repository->get('illuminate:queu...', false)
#21 D:/0_Project_VS_Code/3. Sistem Basis Data/TB-K1-Database/lapak_gaming/vendor/laravel/framework/src/Illuminate/Queue/Worker.php(428): Illuminate/Queue/QueueManager->isPaused('database', 'default')
#22 D:/0_Project_VS_Code/3. Sistem Basis Data/TB-K1-Database/lapak_gaming/vendor/laravel/framework/src/Illuminate/Queue/Worker.php(396): Illuminate/Queue/Worker->queuePaused('database', 'default')
#23 D:/0_Project_VS_Code/3. Sistem Basis Data/TB-K1-Database/lapak_gaming/vendor/laravel/framework/src/Illuminate/Queue/Worker.php(357): Illuminate/Queue/Worker->getNextJob(Object(Illuminate/Queue/DatabaseQueue), 'default')
#24 D:/0_Project_VS_Code/3. Sistem Basis Data/TB-K1-Database/lapak_gaming/vendor/laravel/framework/src/Illuminate/Queue/Console/WorkCommand.php(148): Illuminate/Queue/Worker->runNextJob('database', 'default', Object(Illuminate/Queue/WorkerOptions))
#25 D:/0_Project_VS_Code/3. Sistem Basis Data/TB-K1-Database/lapak_gaming/vendor/laravel/framework/src/Illuminate/Queue/Console/WorkCommand.php(131): Illuminate/Queue/Console/WorkCommand->runWorker('database', 'default')
#26 D:/0_Project_VS_Code/3. Sistem Basis Data/TB-K1-Database/lapak_gaming/vendor/laravel/framework/src/Illuminate/Container/BoundMethod.php(36): Illuminate/Queue/Console/WorkCommand->handle()
#27 D:/0_Project_VS_Code/3. Sistem Basis Data/TB-K1-Database/lapak_gaming/vendor/laravel/framework/src/Illuminate/Container/Util.php(43): Illuminate/Container/BoundMethod::{closure:Illuminate/Container/BoundMethod::call():35}()
#28 D:/0_Project_VS_Code/3. Sistem Basis Data/TB-K1-Database/lapak_gaming/vendor/laravel/framework/src/Illuminate/Container/BoundMethod.php(96): Illuminate/Container/Util::unwrapIfClosure(Object(Closure))
#29 D:/0_Project_VS_Code/3. Sistem Basis Data/TB-K1-Database/lapak_gaming/vendor/laravel/framework/src/Illuminate/Container/BoundMethod.php(35): Illuminate/Container/BoundMethod::callBoundMethod(Object(Illuminate/Foundation/Application), Array, Object(Closure))
#30 D:/0_Project_VS_Code/3. Sistem Basis Data/TB-K1-Database/lapak_gaming/vendor/laravel/framework/src/Illuminate/Container/Container.php(799): Illuminate/Container/BoundMethod::call(Object(Illuminate/Foundation/Application), Array, Array, NULL)
#31 D:/0_Project_VS_Code/3. Sistem Basis Data/TB-K1-Database/lapak_gaming/vendor/laravel/framework/src/Illuminate/Console/Command.php(280): Illuminate/Container/Container->call(Array)
#32 D:/0_Project_VS_Code/3. Sistem Basis Data/TB-K1-Database/lapak_gaming/vendor/symfony/console/Command/Command.php(291): Illuminate/Console/Command->execute(Object(Symfony/Component/Console/Input/ArgvInput), Object(Illuminate/Console/OutputStyle))
#33 D:/0_Project_VS_Code/3. Sistem Basis Data/TB-K1-Database/lapak_gaming/vendor/laravel/framework/src/Illuminate/Console/Command.php(249): Symfony/Component/Console/Command/Command->run(Object(Symfony/Component/Console/Input/ArgvInput), Object(Illuminate/Console/OutputStyle))
#34 D:/0_Project_VS_Code/3. Sistem Basis Data/TB-K1-Database/lapak_gaming/vendor/symfony/console/Application.php(1107): Illuminate/Console/Command->run(Object(Symfony/Component/Console/Input/ArgvInput), Object(Symfony/Component/Console/Output/ConsoleOutput))
#35 D:/0_Project_VS_Code/3. Sistem Basis Data/TB-K1-Database/lapak_gaming/vendor/symfony/console/Application.php(356): Symfony/Component/Console/Application->doRunCommand(Object(Illuminate/Queue/Console/WorkCommand), Object(Symfony/Component/Console/Input/ArgvInput), Object(Symfony/Component/Console/Output/ConsoleOutput))
#36 D:/0_Project_VS_Code/3. Sistem Basis Data/TB-K1-Database/lapak_gaming/vendor/symfony/console/Application.php(195): Symfony/Component/Console/Application->doRun(Object(Symfony/Component/Console/Input/ArgvInput), Object(Symfony/Component/Console/Output/ConsoleOutput))
#37 D:/0_Project_VS_Code/3. Sistem Basis Data/TB-K1-Database/lapak_gaming/vendor/laravel/framework/src/Illuminate/Foundation/Console/Kernel.php(198): Symfony/Component/Console/Application->run(Object(Symfony/Component/Console/Input/ArgvInput), Object(Symfony/Component/Console/Output/ConsoleOutput))
#38 D:/0_Project_VS_Code/3. Sistem Basis Data/TB-K1-Database/lapak_gaming/vendor/laravel/framework/src/Illuminate/Foundation/Application.php(1235): Illuminate/Foundation/Console/Kernel->handle(Object(Symfony/Component/Console/Input/ArgvInput), Object(Symfony/Component/Console/Output/ConsoleOutput))
#39 D:/0_Project_VS_Code/3. Sistem Basis Data/TB-K1-Database/lapak_gaming/artisan(16): Illuminate/Foundation/Application->handleCommand(Object(Symfony/Component/Console/Input/ArgvInput))
#40 {main}
"} 
[2026-04-01 06:26:42] local.ERROR: SQLSTATE[HY000] [2002] No connection could be made because the target machine actively refused it (Connection: mysql, Host: 127.0.0.1, Port: 3306, Database: lapak_gaming, SQL: select * from `cache` where `key` in (laravel-cache-illuminate:queue:paused:database:default)) {"exception":"[object] (Illuminate\\Database\\QueryException(code: 2002): SQLSTATE[HY000] [2002] No connection could be made because the target machine actively refused it (Connection: mysql, Host: 127.0.0.1, Port: 3306, Database: lapak_gaming, SQL: select * from `cache` where `key` in (laravel-cache-illuminate:queue:paused:database:default)) at D:/0_Project_VS_Code/3. Sistem Basis Data/TB-K1-Database/lapak_gaming/vendor/laravel/framework/src/Illuminate/Database/Connection.php:841)
[stacktrace]
#0 D:/0_Project_VS_Code/3. Sistem Basis Data/TB-K1-Database/lapak_gaming/vendor/laravel/framework/src/Illuminate/Database/Connection.php(1021): Illuminate/Database/Connection->runQueryCallback('select * from `...', Array, Object(Closure))
#1 D:/0_Project_VS_Code/3. Sistem Basis Data/TB-K1-Database/lapak_gaming/vendor/laravel/framework/src/Illuminate/Database/Connection.php(1000): Illuminate/Database/Connection->tryAgainIfCausedByLostConnection(Object(Illuminate/Database/QueryException), 'select * from `...', Array, Object(Closure))
#2 D:/0_Project_VS_Code/3. Sistem Basis Data/TB-K1-Database/lapak_gaming/vendor/laravel/framework/src/Illuminate/Database/Connection.php(799): Illuminate/Database/Connection->handleQueryException(Object(Illuminate/Database/QueryException), 'select * from `...', Array, Object(Closure))
#3 D:/0_Project_VS_Code/3. Sistem Basis Data/TB-K1-Database/lapak_gaming/vendor/laravel/framework/src/Illuminate/Database/Connection.php(412): Illuminate/Database/Connection->run('select * from `...', Array, Object(Closure))
#4 D:/0_Project_VS_Code/3. Sistem Basis Data/TB-K1-Database/lapak_gaming/vendor/laravel/framework/src/Illuminate/Database/Query/Builder.php(3562): Illuminate/Database/Connection->select('select * from `...', Array, true, Array)
#5 D:/0_Project_VS_Code/3. Sistem Basis Data/TB-K1-Database/lapak_gaming/vendor/laravel/framework/src/Illuminate/Database/Query/Builder.php(3546): Illuminate/Database/Query/Builder->runSelect()
#6 D:/0_Project_VS_Code/3. Sistem Basis Data/TB-K1-Database/lapak_gaming/vendor/laravel/framework/src/Illuminate/Cache/DatabaseStore.php(142): Illuminate/Database/Query/Builder->get()
#7 D:/0_Project_VS_Code/3. Sistem Basis Data/TB-K1-Database/lapak_gaming/vendor/laravel/framework/src/Illuminate/Cache/DatabaseStore.php(117): Illuminate/Cache/DatabaseStore->many(Array)
#8 D:/0_Project_VS_Code/3. Sistem Basis Data/TB-K1-Database/lapak_gaming/vendor/laravel/framework/src/Illuminate/Cache/Repository.php(124): Illuminate/Cache/DatabaseStore->get('illuminate:queu...')
#9 D:/0_Project_VS_Code/3. Sistem Basis Data/TB-K1-Database/lapak_gaming/vendor/laravel/framework/src/Illuminate/Queue/QueueManager.php(282): Illuminate/Cache/Repository->get('illuminate:queu...', false)
#10 D:/0_Project_VS_Code/3. Sistem Basis Data/TB-K1-Database/lapak_gaming/vendor/laravel/framework/src/Illuminate/Queue/Worker.php(428): Illuminate/Queue/QueueManager->isPaused('database', 'default')
#11 D:/0_Project_VS_Code/3. Sistem Basis Data/TB-K1-Database/lapak_gaming/vendor/laravel/framework/src/Illuminate/Queue/Worker.php(396): Illuminate/Queue/Worker->queuePaused('database', 'default')
#12 D:/0_Project_VS_Code/3. Sistem Basis Data/TB-K1-Database/lapak_gaming/vendor/laravel/framework/src/Illuminate/Queue/Worker.php(357): Illuminate/Queue/Worker->getNextJob(Object(Illuminate/Queue/DatabaseQueue), 'default')
#13 D:/0_Project_VS_Code/3. Sistem Basis Data/TB-K1-Database/lapak_gaming/vendor/laravel/framework/src/Illuminate/Queue/Console/WorkCommand.php(148): Illuminate/Queue/Worker->runNextJob('database', 'default', Object(Illuminate/Queue/WorkerOptions))
#14 D:/0_Project_VS_Code/3. Sistem Basis Data/TB-K1-Database/lapak_gaming/vendor/laravel/framework/src/Illuminate/Queue/Console/WorkCommand.php(131): Illuminate/Queue/Console/WorkCommand->runWorker('database', 'default')
#15 D:/0_Project_VS_Code/3. Sistem Basis Data/TB-K1-Database/lapak_gaming/vendor/laravel/framework/src/Illuminate/Container/BoundMethod.php(36): Illuminate/Queue/Console/WorkCommand->handle()
#16 D:/0_Project_VS_Code/3. Sistem Basis Data/TB-K1-Database/lapak_gaming/vendor/laravel/framework/src/Illuminate/Container/Util.php(43): Illuminate/Container/BoundMethod::{closure:Illuminate/Container/BoundMethod::call():35}()
#17 D:/0_Project_VS_Code/3. Sistem Basis Data/TB-K1-Database/lapak_gaming/vendor/laravel/framework/src/Illuminate/Container/BoundMethod.php(96): Illuminate/Container/Util::unwrapIfClosure(Object(Closure))
#18 D:/0_Project_VS_Code/3. Sistem Basis Data/TB-K1-Database/lapak_gaming/vendor/laravel/framework/src/Illuminate/Container/BoundMethod.php(35): Illuminate/Container/BoundMethod::callBoundMethod(Object(Illuminate/Foundation/Application), Array, Object(Closure))
#19 D:/0_Project_VS_Code/3. Sistem Basis Data/TB-K1-Database/lapak_gaming/vendor/laravel/framework/src/Illuminate/Container/Container.php(799): Illuminate/Container/BoundMethod::call(Object(Illuminate/Foundation/Application), Array, Array, NULL)
#20 D:/0_Project_VS_Code/3. Sistem Basis Data/TB-K1-Database/lapak_gaming/vendor/laravel/framework/src/Illuminate/Console/Command.php(280): Illuminate/Container/Container->call(Array)
#21 D:/0_Project_VS_Code/3. Sistem Basis Data/TB-K1-Database/lapak_gaming/vendor/symfony/console/Command/Command.php(291): Illuminate/Console/Command->execute(Object(Symfony/Component/Console/Input/ArgvInput), Object(Illuminate/Console/OutputStyle))
#22 D:/0_Project_VS_Code/3. Sistem Basis Data/TB-K1-Database/lapak_gaming/vendor/laravel/framework/src/Illuminate/Console/Command.php(249): Symfony/Component/Console/Command/Command->run(Object(Symfony/Component/Console/Input/ArgvInput), Object(Illuminate/Console/OutputStyle))
#23 D:/0_Project_VS_Code/3. Sistem Basis Data/TB-K1-Database/lapak_gaming/vendor/symfony/console/Application.php(1107): Illuminate/Console/Command->run(Object(Symfony/Component/Console/Input/ArgvInput), Object(Symfony/Component/Console/Output/ConsoleOutput))
#24 D:/0_Project_VS_Code/3. Sistem Basis Data/TB-K1-Database/lapak_gaming/vendor/symfony/console/Application.php(356): Symfony/Component/Console/Application->doRunCommand(Object(Illuminate/Queue/Console/WorkCommand), Object(Symfony/Component/Console/Input/ArgvInput), Object(Symfony/Component/Console/Output/ConsoleOutput))
#25 D:/0_Project_VS_Code/3. Sistem Basis Data/TB-K1-Database/lapak_gaming/vendor/symfony/console/Application.php(195): Symfony/Component/Console/Application->doRun(Object(Symfony/Component/Console/Input/ArgvInput), Object(Symfony/Component/Console/Output/ConsoleOutput))
#26 D:/0_Project_VS_Code/3. Sistem Basis Data/TB-K1-Database/lapak_gaming/vendor/laravel/framework/src/Illuminate/Foundation/Console/Kernel.php(198): Symfony/Component/Console/Application->run(Object(Symfony/Component/Console/Input/ArgvInput), Object(Symfony/Component/Console/Output/ConsoleOutput))
#27 D:/0_Project_VS_Code/3. Sistem Basis Data/TB-K1-Database/lapak_gaming/vendor/laravel/framework/src/Illuminate/Foundation/Application.php(1235): Illuminate/Foundation/Console/Kernel->handle(Object(Symfony/Component/Console/Input/ArgvInput), Object(Symfony/Component/Console/Output/ConsoleOutput))
#28 D:/0_Project_VS_Code/3. Sistem Basis Data/TB-K1-Database/lapak_gaming/artisan(16): Illuminate/Foundation/Application->handleCommand(Object(Symfony/Component/Console/Input/ArgvInput))
#29 {main}

[previous exception] [object] (PDOException(code: 2002): SQLSTATE[HY000] [2002] No connection could be made because the target machine actively refused it at D:/0_Project_VS_Code/3. Sistem Basis Data/TB-K1-Database/lapak_gaming/vendor/laravel/framework/src/Illuminate/Database/Connectors/Connector.php:67)
[stacktrace]
#0 D:/0_Project_VS_Code/3. Sistem Basis Data/TB-K1-Database/lapak_gaming/vendor/laravel/framework/src/Illuminate/Database/Connectors/Connector.php(67): PDO::connect('mysql:host=127....', 'root', Object(SensitiveParameterValue), Array)
#1 D:/0_Project_VS_Code/3. Sistem Basis Data/TB-K1-Database/lapak_gaming/vendor/laravel/framework/src/Illuminate/Database/Connectors/Connector.php(85): Illuminate/Database/Connectors/Connector->createPdoConnection('mysql:host=127....', 'root', Object(SensitiveParameterValue), Array)
#2 D:/0_Project_VS_Code/3. Sistem Basis Data/TB-K1-Database/lapak_gaming/vendor/laravel/framework/src/Illuminate/Database/Connectors/Connector.php(48): Illuminate/Database/Connectors/Connector->tryAgainIfCausedByLostConnection(Object(PDOException), 'mysql:host=127....', 'root', Object(SensitiveParameterValue), Array)
#3 D:/0_Project_VS_Code/3. Sistem Basis Data/TB-K1-Database/lapak_gaming/vendor/laravel/framework/src/Illuminate/Database/Connectors/MySqlConnector.php(24): Illuminate/Database/Connectors/Connector->createConnection('mysql:host=127....', Array, Array)
#4 D:/0_Project_VS_Code/3. Sistem Basis Data/TB-K1-Database/lapak_gaming/vendor/laravel/framework/src/Illuminate/Database/Connectors/ConnectionFactory.php(186): Illuminate/Database/Connectors/MySqlConnector->connect(Array)
#5 [internal function]: Illuminate/Database/Connectors/ConnectionFactory->{closure:Illuminate/Database/Connectors/ConnectionFactory::createPdoResolverWithHosts():181}()
#6 D:/0_Project_VS_Code/3. Sistem Basis Data/TB-K1-Database/lapak_gaming/vendor/laravel/framework/src/Illuminate/Database/Connection.php(1279): call_user_func(Object(Closure))
#7 D:/0_Project_VS_Code/3. Sistem Basis Data/TB-K1-Database/lapak_gaming/vendor/laravel/framework/src/Illuminate/Database/Connection.php(1317): Illuminate/Database/Connection->getPdo()
#8 D:/0_Project_VS_Code/3. Sistem Basis Data/TB-K1-Database/lapak_gaming/vendor/laravel/framework/src/Illuminate/Database/Connection.php(528): Illuminate/Database/Connection->getReadPdo()
#9 D:/0_Project_VS_Code/3. Sistem Basis Data/TB-K1-Database/lapak_gaming/vendor/laravel/framework/src/Illuminate/Database/Connection.php(421): Illuminate/Database/Connection->getPdoForSelect(true)
#10 D:/0_Project_VS_Code/3. Sistem Basis Data/TB-K1-Database/lapak_gaming/vendor/laravel/framework/src/Illuminate/Database/Connection.php(830): Illuminate/Database/Connection->{closure:Illuminate/Database/Connection::select():412}('select * from `...', Array)
#11 D:/0_Project_VS_Code/3. Sistem Basis Data/TB-K1-Database/lapak_gaming/vendor/laravel/framework/src/Illuminate/Database/Connection.php(1021): Illuminate/Database/Connection->runQueryCallback('select * from `...', Array, Object(Closure))
#12 D:/0_Project_VS_Code/3. Sistem Basis Data/TB-K1-Database/lapak_gaming/vendor/laravel/framework/src/Illuminate/Database/Connection.php(1000): Illuminate/Database/Connection->tryAgainIfCausedByLostConnection(Object(Illuminate/Database/QueryException), 'select * from `...', Array, Object(Closure))
#13 D:/0_Project_VS_Code/3. Sistem Basis Data/TB-K1-Database/lapak_gaming/vendor/laravel/framework/src/Illuminate/Database/Connection.php(799): Illuminate/Database/Connection->handleQueryException(Object(Illuminate/Database/QueryException), 'select * from `...', Array, Object(Closure))
#14 D:/0_Project_VS_Code/3. Sistem Basis Data/TB-K1-Database/lapak_gaming/vendor/laravel/framework/src/Illuminate/Database/Connection.php(412): Illuminate/Database/Connection->run('select * from `...', Array, Object(Closure))
#15 D:/0_Project_VS_Code/3. Sistem Basis Data/TB-K1-Database/lapak_gaming/vendor/laravel/framework/src/Illuminate/Database/Query/Builder.php(3562): Illuminate/Database/Connection->select('select * from `...', Array, true, Array)
#16 D:/0_Project_VS_Code/3. Sistem Basis Data/TB-K1-Database/lapak_gaming/vendor/laravel/framework/src/Illuminate/Database/Query/Builder.php(3546): Illuminate/Database/Query/Builder->runSelect()
#17 D:/0_Project_VS_Code/3. Sistem Basis Data/TB-K1-Database/lapak_gaming/vendor/laravel/framework/src/Illuminate/Cache/DatabaseStore.php(142): Illuminate/Database/Query/Builder->get()
#18 D:/0_Project_VS_Code/3. Sistem Basis Data/TB-K1-Database/lapak_gaming/vendor/laravel/framework/src/Illuminate/Cache/DatabaseStore.php(117): Illuminate/Cache/DatabaseStore->many(Array)
#19 D:/0_Project_VS_Code/3. Sistem Basis Data/TB-K1-Database/lapak_gaming/vendor/laravel/framework/src/Illuminate/Cache/Repository.php(124): Illuminate/Cache/DatabaseStore->get('illuminate:queu...')
#20 D:/0_Project_VS_Code/3. Sistem Basis Data/TB-K1-Database/lapak_gaming/vendor/laravel/framework/src/Illuminate/Queue/QueueManager.php(282): Illuminate/Cache/Repository->get('illuminate:queu...', false)
#21 D:/0_Project_VS_Code/3. Sistem Basis Data/TB-K1-Database/lapak_gaming/vendor/laravel/framework/src/Illuminate/Queue/Worker.php(428): Illuminate/Queue/QueueManager->isPaused('database', 'default')
#22 D:/0_Project_VS_Code/3. Sistem Basis Data/TB-K1-Database/lapak_gaming/vendor/laravel/framework/src/Illuminate/Queue/Worker.php(396): Illuminate/Queue/Worker->queuePaused('database', 'default')
#23 D:/0_Project_VS_Code/3. Sistem Basis Data/TB-K1-Database/lapak_gaming/vendor/laravel/framework/src/Illuminate/Queue/Worker.php(357): Illuminate/Queue/Worker->getNextJob(Object(Illuminate/Queue/DatabaseQueue), 'default')
#24 D:/0_Project_VS_Code/3. Sistem Basis Data/TB-K1-Database/lapak_gaming/vendor/laravel/framework/src/Illuminate/Queue/Console/WorkCommand.php(148): Illuminate/Queue/Worker->runNextJob('database', 'default', Object(Illuminate/Queue/WorkerOptions))
#25 D:/0_Project_VS_Code/3. Sistem Basis Data/TB-K1-Database/lapak_gaming/vendor/laravel/framework/src/Illuminate/Queue/Console/WorkCommand.php(131): Illuminate/Queue/Console/WorkCommand->runWorker('database', 'default')
#26 D:/0_Project_VS_Code/3. Sistem Basis Data/TB-K1-Database/lapak_gaming/vendor/laravel/framework/src/Illuminate/Container/BoundMethod.php(36): Illuminate/Queue/Console/WorkCommand->handle()
#27 D:/0_Project_VS_Code/3. Sistem Basis Data/TB-K1-Database/lapak_gaming/vendor/laravel/framework/src/Illuminate/Container/Util.php(43): Illuminate/Container/BoundMethod::{closure:Illuminate/Container/BoundMethod::call():35}()
#28 D:/0_Project_VS_Code/3. Sistem Basis Data/TB-K1-Database/lapak_gaming/vendor/laravel/framework/src/Illuminate/Container/BoundMethod.php(96): Illuminate/Container/Util::unwrapIfClosure(Object(Closure))
#29 D:/0_Project_VS_Code/3. Sistem Basis Data/TB-K1-Database/lapak_gaming/vendor/laravel/framework/src/Illuminate/Container/BoundMethod.php(35): Illuminate/Container/BoundMethod::callBoundMethod(Object(Illuminate/Foundation/Application), Array, Object(Closure))
#30 D:/0_Project_VS_Code/3. Sistem Basis Data/TB-K1-Database/lapak_gaming/vendor/laravel/framework/src/Illuminate/Container/Container.php(799): Illuminate/Container/BoundMethod::call(Object(Illuminate/Foundation/Application), Array, Array, NULL)
#31 D:/0_Project_VS_Code/3. Sistem Basis Data/TB-K1-Database/lapak_gaming/vendor/laravel/framework/src/Illuminate/Console/Command.php(280): Illuminate/Container/Container->call(Array)
#32 D:/0_Project_VS_Code/3. Sistem Basis Data/TB-K1-Database/lapak_gaming/vendor/symfony/console/Command/Command.php(291): Illuminate/Console/Command->execute(Object(Symfony/Component/Console/Input/ArgvInput), Object(Illuminate/Console/OutputStyle))
#33 D:/0_Project_VS_Code/3. Sistem Basis Data/TB-K1-Database/lapak_gaming/vendor/laravel/framework/src/Illuminate/Console/Command.php(249): Symfony/Component/Console/Command/Command->run(Object(Symfony/Component/Console/Input/ArgvInput), Object(Illuminate/Console/OutputStyle))
#34 D:/0_Project_VS_Code/3. Sistem Basis Data/TB-K1-Database/lapak_gaming/vendor/symfony/console/Application.php(1107): Illuminate/Console/Command->run(Object(Symfony/Component/Console/Input/ArgvInput), Object(Symfony/Component/Console/Output/ConsoleOutput))
#35 D:/0_Project_VS_Code/3. Sistem Basis Data/TB-K1-Database/lapak_gaming/vendor/symfony/console/Application.php(356): Symfony/Component/Console/Application->doRunCommand(Object(Illuminate/Queue/Console/WorkCommand), Object(Symfony/Component/Console/Input/ArgvInput), Object(Symfony/Component/Console/Output/ConsoleOutput))
#36 D:/0_Project_VS_Code/3. Sistem Basis Data/TB-K1-Database/lapak_gaming/vendor/symfony/console/Application.php(195): Symfony/Component/Console/Application->doRun(Object(Symfony/Component/Console/Input/ArgvInput), Object(Symfony/Component/Console/Output/ConsoleOutput))
#37 D:/0_Project_VS_Code/3. Sistem Basis Data/TB-K1-Database/lapak_gaming/vendor/laravel/framework/src/Illuminate/Foundation/Console/Kernel.php(198): Symfony/Component/Console/Application->run(Object(Symfony/Component/Console/Input/ArgvInput), Object(Symfony/Component/Console/Output/ConsoleOutput))
#38 D:/0_Project_VS_Code/3. Sistem Basis Data/TB-K1-Database/lapak_gaming/vendor/laravel/framework/src/Illuminate/Foundation/Application.php(1235): Illuminate/Foundation/Console/Kernel->handle(Object(Symfony/Component/Console/Input/ArgvInput), Object(Symfony/Component/Console/Output/ConsoleOutput))
#39 D:/0_Project_VS_Code/3. Sistem Basis Data/TB-K1-Database/lapak_gaming/artisan(16): Illuminate/Foundation/Application->handleCommand(Object(Symfony/Component/Console/Input/ArgvInput))
#40 {main}
"} 
[2026-04-01 06:26:55] local.ERROR: SQLSTATE[HY000] [2002] No connection could be made because the target machine actively refused it (Connection: mysql, Host: 127.0.0.1, Port: 3306, Database: lapak_gaming, SQL: select * from `cache` where `key` in (laravel-cache-illuminate:queue:paused:database:default)) {"exception":"[object] (Illuminate\\Database\\QueryException(code: 2002): SQLSTATE[HY000] [2002] No connection could be made because the target machine actively refused it (Connection: mysql, Host: 127.0.0.1, Port: 3306, Database: lapak_gaming, SQL: select * from `cache` where `key` in (laravel-cache-illuminate:queue:paused:database:default)) at D:/0_Project_VS_Code/3. Sistem Basis Data/TB-K1-Database/lapak_gaming/vendor/laravel/framework/src/Illuminate/Database/Connection.php:841)
[stacktrace]
#0 D:/0_Project_VS_Code/3. Sistem Basis Data/TB-K1-Database/lapak_gaming/vendor/laravel/framework/src/Illuminate/Database/Connection.php(1021): Illuminate/Database/Connection->runQueryCallback('select * from `...', Array, Object(Closure))
#1 D:/0_Project_VS_Code/3. Sistem Basis Data/TB-K1-Database/lapak_gaming/vendor/laravel/framework/src/Illuminate/Database/Connection.php(1000): Illuminate/Database/Connection->tryAgainIfCausedByLostConnection(Object(Illuminate/Database/QueryException), 'select * from `...', Array, Object(Closure))
#2 D:/0_Project_VS_Code/3. Sistem Basis Data/TB-K1-Database/lapak_gaming/vendor/laravel/framework/src/Illuminate/Database/Connection.php(799): Illuminate/Database/Connection->handleQueryException(Object(Illuminate/Database/QueryException), 'select * from `...', Array, Object(Closure))
#3 D:/0_Project_VS_Code/3. Sistem Basis Data/TB-K1-Database/lapak_gaming/vendor/laravel/framework/src/Illuminate/Database/Connection.php(412): Illuminate/Database/Connection->run('select * from `...', Array, Object(Closure))
#4 D:/0_Project_VS_Code/3. Sistem Basis Data/TB-K1-Database/lapak_gaming/vendor/laravel/framework/src/Illuminate/Database/Query/Builder.php(3562): Illuminate/Database/Connection->select('select * from `...', Array, true, Array)
#5 D:/0_Project_VS_Code/3. Sistem Basis Data/TB-K1-Database/lapak_gaming/vendor/laravel/framework/src/Illuminate/Database/Query/Builder.php(3546): Illuminate/Database/Query/Builder->runSelect()
#6 D:/0_Project_VS_Code/3. Sistem Basis Data/TB-K1-Database/lapak_gaming/vendor/laravel/framework/src/Illuminate/Cache/DatabaseStore.php(142): Illuminate/Database/Query/Builder->get()
#7 D:/0_Project_VS_Code/3. Sistem Basis Data/TB-K1-Database/lapak_gaming/vendor/laravel/framework/src/Illuminate/Cache/DatabaseStore.php(117): Illuminate/Cache/DatabaseStore->many(Array)
#8 D:/0_Project_VS_Code/3. Sistem Basis Data/TB-K1-Database/lapak_gaming/vendor/laravel/framework/src/Illuminate/Cache/Repository.php(124): Illuminate/Cache/DatabaseStore->get('illuminate:queu...')
#9 D:/0_Project_VS_Code/3. Sistem Basis Data/TB-K1-Database/lapak_gaming/vendor/laravel/framework/src/Illuminate/Queue/QueueManager.php(282): Illuminate/Cache/Repository->get('illuminate:queu...', false)
#10 D:/0_Project_VS_Code/3. Sistem Basis Data/TB-K1-Database/lapak_gaming/vendor/laravel/framework/src/Illuminate/Queue/Worker.php(428): Illuminate/Queue/QueueManager->isPaused('database', 'default')
#11 D:/0_Project_VS_Code/3. Sistem Basis Data/TB-K1-Database/lapak_gaming/vendor/laravel/framework/src/Illuminate/Queue/Worker.php(396): Illuminate/Queue/Worker->queuePaused('database', 'default')
#12 D:/0_Project_VS_Code/3. Sistem Basis Data/TB-K1-Database/lapak_gaming/vendor/laravel/framework/src/Illuminate/Queue/Worker.php(357): Illuminate/Queue/Worker->getNextJob(Object(Illuminate/Queue/DatabaseQueue), 'default')
#13 D:/0_Project_VS_Code/3. Sistem Basis Data/TB-K1-Database/lapak_gaming/vendor/laravel/framework/src/Illuminate/Queue/Console/WorkCommand.php(148): Illuminate/Queue/Worker->runNextJob('database', 'default', Object(Illuminate/Queue/WorkerOptions))
#14 D:/0_Project_VS_Code/3. Sistem Basis Data/TB-K1-Database/lapak_gaming/vendor/laravel/framework/src/Illuminate/Queue/Console/WorkCommand.php(131): Illuminate/Queue/Console/WorkCommand->runWorker('database', 'default')
#15 D:/0_Project_VS_Code/3. Sistem Basis Data/TB-K1-Database/lapak_gaming/vendor/laravel/framework/src/Illuminate/Container/BoundMethod.php(36): Illuminate/Queue/Console/WorkCommand->handle()
#16 D:/0_Project_VS_Code/3. Sistem Basis Data/TB-K1-Database/lapak_gaming/vendor/laravel/framework/src/Illuminate/Container/Util.php(43): Illuminate/Container/BoundMethod::{closure:Illuminate/Container/BoundMethod::call():35}()
#17 D:/0_Project_VS_Code/3. Sistem Basis Data/TB-K1-Database/lapak_gaming/vendor/laravel/framework/src/Illuminate/Container/BoundMethod.php(96): Illuminate/Container/Util::unwrapIfClosure(Object(Closure))
#18 D:/0_Project_VS_Code/3. Sistem Basis Data/TB-K1-Database/lapak_gaming/vendor/laravel/framework/src/Illuminate/Container/BoundMethod.php(35): Illuminate/Container/BoundMethod::callBoundMethod(Object(Illuminate/Foundation/Application), Array, Object(Closure))
#19 D:/0_Project_VS_Code/3. Sistem Basis Data/TB-K1-Database/lapak_gaming/vendor/laravel/framework/src/Illuminate/Container/Container.php(799): Illuminate/Container/BoundMethod::call(Object(Illuminate/Foundation/Application), Array, Array, NULL)
#20 D:/0_Project_VS_Code/3. Sistem Basis Data/TB-K1-Database/lapak_gaming/vendor/laravel/framework/src/Illuminate/Console/Command.php(280): Illuminate/Container/Container->call(Array)
#21 D:/0_Project_VS_Code/3. Sistem Basis Data/TB-K1-Database/lapak_gaming/vendor/symfony/console/Command/Command.php(291): Illuminate/Console/Command->execute(Object(Symfony/Component/Console/Input/ArgvInput), Object(Illuminate/Console/OutputStyle))
#22 D:/0_Project_VS_Code/3. Sistem Basis Data/TB-K1-Database/lapak_gaming/vendor/laravel/framework/src/Illuminate/Console/Command.php(249): Symfony/Component/Console/Command/Command->run(Object(Symfony/Component/Console/Input/ArgvInput), Object(Illuminate/Console/OutputStyle))
#23 D:/0_Project_VS_Code/3. Sistem Basis Data/TB-K1-Database/lapak_gaming/vendor/symfony/console/Application.php(1107): Illuminate/Console/Command->run(Object(Symfony/Component/Console/Input/ArgvInput), Object(Symfony/Component/Console/Output/ConsoleOutput))
#24 D:/0_Project_VS_Code/3. Sistem Basis Data/TB-K1-Database/lapak_gaming/vendor/symfony/console/Application.php(356): Symfony/Component/Console/Application->doRunCommand(Object(Illuminate/Queue/Console/WorkCommand), Object(Symfony/Component/Console/Input/ArgvInput), Object(Symfony/Component/Console/Output/ConsoleOutput))
#25 D:/0_Project_VS_Code/3. Sistem Basis Data/TB-K1-Database/lapak_gaming/vendor/symfony/console/Application.php(195): Symfony/Component/Console/Application->doRun(Object(Symfony/Component/Console/Input/ArgvInput), Object(Symfony/Component/Console/Output/ConsoleOutput))
#26 D:/0_Project_VS_Code/3. Sistem Basis Data/TB-K1-Database/lapak_gaming/vendor/laravel/framework/src/Illuminate/Foundation/Console/Kernel.php(198): Symfony/Component/Console/Application->run(Object(Symfony/Component/Console/Input/ArgvInput), Object(Symfony/Component/Console/Output/ConsoleOutput))
#27 D:/0_Project_VS_Code/3. Sistem Basis Data/TB-K1-Database/lapak_gaming/vendor/laravel/framework/src/Illuminate/Foundation/Application.php(1235): Illuminate/Foundation/Console/Kernel->handle(Object(Symfony/Component/Console/Input/ArgvInput), Object(Symfony/Component/Console/Output/ConsoleOutput))
#28 D:/0_Project_VS_Code/3. Sistem Basis Data/TB-K1-Database/lapak_gaming/artisan(16): Illuminate/Foundation/Application->handleCommand(Object(Symfony/Component/Console/Input/ArgvInput))
#29 {main}

[previous exception] [object] (PDOException(code: 2002): SQLSTATE[HY000] [2002] No connection could be made because the target machine actively refused it at D:/0_Project_VS_Code/3. Sistem Basis Data/TB-K1-Database/lapak_gaming/vendor/laravel/framework/src/Illuminate/Database/Connectors/Connector.php:67)
[stacktrace]
#0 D:/0_Project_VS_Code/3. Sistem Basis Data/TB-K1-Database/lapak_gaming/vendor/laravel/framework/src/Illuminate/Database/Connectors/Connector.php(67): PDO::connect('mysql:host=127....', 'root', Object(SensitiveParameterValue), Array)
#1 D:/0_Project_VS_Code/3. Sistem Basis Data/TB-K1-Database/lapak_gaming/vendor/laravel/framework/src/Illuminate/Database/Connectors/Connector.php(85): Illuminate/Database/Connectors/Connector->createPdoConnection('mysql:host=127....', 'root', Object(SensitiveParameterValue), Array)
#2 D:/0_Project_VS_Code/3. Sistem Basis Data/TB-K1-Database/lapak_gaming/vendor/laravel/framework/src/Illuminate/Database/Connectors/Connector.php(48): Illuminate/Database/Connectors/Connector->tryAgainIfCausedByLostConnection(Object(PDOException), 'mysql:host=127....', 'root', Object(SensitiveParameterValue), Array)
#3 D:/0_Project_VS_Code/3. Sistem Basis Data/TB-K1-Database/lapak_gaming/vendor/laravel/framework/src/Illuminate/Database/Connectors/MySqlConnector.php(24): Illuminate/Database/Connectors/Connector->createConnection('mysql:host=127....', Array, Array)
#4 D:/0_Project_VS_Code/3. Sistem Basis Data/TB-K1-Database/lapak_gaming/vendor/laravel/framework/src/Illuminate/Database/Connectors/ConnectionFactory.php(186): Illuminate/Database/Connectors/MySqlConnector->connect(Array)
#5 [internal function]: Illuminate/Database/Connectors/ConnectionFactory->{closure:Illuminate/Database/Connectors/ConnectionFactory::createPdoResolverWithHosts():181}()
#6 D:/0_Project_VS_Code/3. Sistem Basis Data/TB-K1-Database/lapak_gaming/vendor/laravel/framework/src/Illuminate/Database/Connection.php(1279): call_user_func(Object(Closure))
#7 D:/0_Project_VS_Code/3. Sistem Basis Data/TB-K1-Database/lapak_gaming/vendor/laravel/framework/src/Illuminate/Database/Connection.php(1317): Illuminate/Database/Connection->getPdo()
#8 D:/0_Project_VS_Code/3. Sistem Basis Data/TB-K1-Database/lapak_gaming/vendor/laravel/framework/src/Illuminate/Database/Connection.php(528): Illuminate/Database/Connection->getReadPdo()
#9 D:/0_Project_VS_Code/3. Sistem Basis Data/TB-K1-Database/lapak_gaming/vendor/laravel/framework/src/Illuminate/Database/Connection.php(421): Illuminate/Database/Connection->getPdoForSelect(true)
#10 D:/0_Project_VS_Code/3. Sistem Basis Data/TB-K1-Database/lapak_gaming/vendor/laravel/framework/src/Illuminate/Database/Connection.php(830): Illuminate/Database/Connection->{closure:Illuminate/Database/Connection::select():412}('select * from `...', Array)
#11 D:/0_Project_VS_Code/3. Sistem Basis Data/TB-K1-Database/lapak_gaming/vendor/laravel/framework/src/Illuminate/Database/Connection.php(1021): Illuminate/Database/Connection->runQueryCallback('select * from `...', Array, Object(Closure))
#12 D:/0_Project_VS_Code/3. Sistem Basis Data/TB-K1-Database/lapak_gaming/vendor/laravel/framework/src/Illuminate/Database/Connection.php(1000): Illuminate/Database/Connection->tryAgainIfCausedByLostConnection(Object(Illuminate/Database/QueryException), 'select * from `...', Array, Object(Closure))
#13 D:/0_Project_VS_Code/3. Sistem Basis Data/TB-K1-Database/lapak_gaming/vendor/laravel/framework/src/Illuminate/Database/Connection.php(799): Illuminate/Database/Connection->handleQueryException(Object(Illuminate/Database/QueryException), 'select * from `...', Array, Object(Closure))
#14 D:/0_Project_VS_Code/3. Sistem Basis Data/TB-K1-Database/lapak_gaming/vendor/laravel/framework/src/Illuminate/Database/Connection.php(412): Illuminate/Database/Connection->run('select * from `...', Array, Object(Closure))
#15 D:/0_Project_VS_Code/3. Sistem Basis Data/TB-K1-Database/lapak_gaming/vendor/laravel/framework/src/Illuminate/Database/Query/Builder.php(3562): Illuminate/Database/Connection->select('select * from `...', Array, true, Array)
#16 D:/0_Project_VS_Code/3. Sistem Basis Data/TB-K1-Database/lapak_gaming/vendor/laravel/framework/src/Illuminate/Database/Query/Builder.php(3546): Illuminate/Database/Query/Builder->runSelect()
#17 D:/0_Project_VS_Code/3. Sistem Basis Data/TB-K1-Database/lapak_gaming/vendor/laravel/framework/src/Illuminate/Cache/DatabaseStore.php(142): Illuminate/Database/Query/Builder->get()
#18 D:/0_Project_VS_Code/3. Sistem Basis Data/TB-K1-Database/lapak_gaming/vendor/laravel/framework/src/Illuminate/Cache/DatabaseStore.php(117): Illuminate/Cache/DatabaseStore->many(Array)
#19 D:/0_Project_VS_Code/3. Sistem Basis Data/TB-K1-Database/lapak_gaming/vendor/laravel/framework/src/Illuminate/Cache/Repository.php(124): Illuminate/Cache/DatabaseStore->get('illuminate:queu...')
#20 D:/0_Project_VS_Code/3. Sistem Basis Data/TB-K1-Database/lapak_gaming/vendor/laravel/framework/src/Illuminate/Queue/QueueManager.php(282): Illuminate/Cache/Repository->get('illuminate:queu...', false)
#21 D:/0_Project_VS_Code/3. Sistem Basis Data/TB-K1-Database/lapak_gaming/vendor/laravel/framework/src/Illuminate/Queue/Worker.php(428): Illuminate/Queue/QueueManager->isPaused('database', 'default')
#22 D:/0_Project_VS_Code/3. Sistem Basis Data/TB-K1-Database/lapak_gaming/vendor/laravel/framework/src/Illuminate/Queue/Worker.php(396): Illuminate/Queue/Worker->queuePaused('database', 'default')
#23 D:/0_Project_VS_Code/3. Sistem Basis Data/TB-K1-Database/lapak_gaming/vendor/laravel/framework/src/Illuminate/Queue/Worker.php(357): Illuminate/Queue/Worker->getNextJob(Object(Illuminate/Queue/DatabaseQueue), 'default')
#24 D:/0_Project_VS_Code/3. Sistem Basis Data/TB-K1-Database/lapak_gaming/vendor/laravel/framework/src/Illuminate/Queue/Console/WorkCommand.php(148): Illuminate/Queue/Worker->runNextJob('database', 'default', Object(Illuminate/Queue/WorkerOptions))
#25 D:/0_Project_VS_Code/3. Sistem Basis Data/TB-K1-Database/lapak_gaming/vendor/laravel/framework/src/Illuminate/Queue/Console/WorkCommand.php(131): Illuminate/Queue/Console/WorkCommand->runWorker('database', 'default')
#26 D:/0_Project_VS_Code/3. Sistem Basis Data/TB-K1-Database/lapak_gaming/vendor/laravel/framework/src/Illuminate/Container/BoundMethod.php(36): Illuminate/Queue/Console/WorkCommand->handle()
#27 D:/0_Project_VS_Code/3. Sistem Basis Data/TB-K1-Database/lapak_gaming/vendor/laravel/framework/src/Illuminate/Container/Util.php(43): Illuminate/Container/BoundMethod::{closure:Illuminate/Container/BoundMethod::call():35}()
#28 D:/0_Project_VS_Code/3. Sistem Basis Data/TB-K1-Database/lapak_gaming/vendor/laravel/framework/src/Illuminate/Container/BoundMethod.php(96): Illuminate/Container/Util::unwrapIfClosure(Object(Closure))
#29 D:/0_Project_VS_Code/3. Sistem Basis Data/TB-K1-Database/lapak_gaming/vendor/laravel/framework/src/Illuminate/Container/BoundMethod.php(35): Illuminate/Container/BoundMethod::callBoundMethod(Object(Illuminate/Foundation/Application), Array, Object(Closure))
#30 D:/0_Project_VS_Code/3. Sistem Basis Data/TB-K1-Database/lapak_gaming/vendor/laravel/framework/src/Illuminate/Container/Container.php(799): Illuminate/Container/BoundMethod::call(Object(Illuminate/Foundation/Application), Array, Array, NULL)
#31 D:/0_Project_VS_Code/3. Sistem Basis Data/TB-K1-Database/lapak_gaming/vendor/laravel/framework/src/Illuminate/Console/Command.php(280): Illuminate/Container/Container->call(Array)
#32 D:/0_Project_VS_Code/3. Sistem Basis Data/TB-K1-Database/lapak_gaming/vendor/symfony/console/Command/Command.php(291): Illuminate/Console/Command->execute(Object(Symfony/Component/Console/Input/ArgvInput), Object(Illuminate/Console/OutputStyle))
#33 D:/0_Project_VS_Code/3. Sistem Basis Data/TB-K1-Database/lapak_gaming/vendor/laravel/framework/src/Illuminate/Console/Command.php(249): Symfony/Component/Console/Command/Command->run(Object(Symfony/Component/Console/Input/ArgvInput), Object(Illuminate/Console/OutputStyle))
#34 D:/0_Project_VS_Code/3. Sistem Basis Data/TB-K1-Database/lapak_gaming/vendor/symfony/console/Application.php(1107): Illuminate/Console/Command->run(Object(Symfony/Component/Console/Input/ArgvInput), Object(Symfony/Component/Console/Output/ConsoleOutput))
#35 D:/0_Project_VS_Code/3. Sistem Basis Data/TB-K1-Database/lapak_gaming/vendor/symfony/console/Application.php(356): Symfony/Component/Console/Application->doRunCommand(Object(Illuminate/Queue/Console/WorkCommand), Object(Symfony/Component/Console/Input/ArgvInput), Object(Symfony/Component/Console/Output/ConsoleOutput))
#36 D:/0_Project_VS_Code/3. Sistem Basis Data/TB-K1-Database/lapak_gaming/vendor/symfony/console/Application.php(195): Symfony/Component/Console/Application->doRun(Object(Symfony/Component/Console/Input/ArgvInput), Object(Symfony/Component/Console/Output/ConsoleOutput))
#37 D:/0_Project_VS_Code/3. Sistem Basis Data/TB-K1-Database/lapak_gaming/vendor/laravel/framework/src/Illuminate/Foundation/Console/Kernel.php(198): Symfony/Component/Console/Application->run(Object(Symfony/Component/Console/Input/ArgvInput), Object(Symfony/Component/Console/Output/ConsoleOutput))
#38 D:/0_Project_VS_Code/3. Sistem Basis Data/TB-K1-Database/lapak_gaming/vendor/laravel/framework/src/Illuminate/Foundation/Application.php(1235): Illuminate/Foundation/Console/Kernel->handle(Object(Symfony/Component/Console/Input/ArgvInput), Object(Symfony/Component/Console/Output/ConsoleOutput))
#39 D:/0_Project_VS_Code/3. Sistem Basis Data/TB-K1-Database/lapak_gaming/artisan(16): Illuminate/Foundation/Application->handleCommand(Object(Symfony/Component/Console/Input/ArgvInput))
#40 {main}
"} 
[2026-04-01 06:27:07] local.ERROR: SQLSTATE[HY000] [2002] No connection could be made because the target machine actively refused it (Connection: mysql, Host: 127.0.0.1, Port: 3306, Database: lapak_gaming, SQL: select * from `cache` where `key` in (laravel-cache-illuminate:queue:paused:database:default)) {"exception":"[object] (Illuminate\\Database\\QueryException(code: 2002): SQLSTATE[HY000] [2002] No connection could be made because the target machine actively refused it (Connection: mysql, Host: 127.0.0.1, Port: 3306, Database: lapak_gaming, SQL: select * from `cache` where `key` in (laravel-cache-illuminate:queue:paused:database:default)) at D:/0_Project_VS_Code/3. Sistem Basis Data/TB-K1-Database/lapak_gaming/vendor/laravel/framework/src/Illuminate/Database/Connection.php:841)
[stacktrace]
#0 D:/0_Project_VS_Code/3. Sistem Basis Data/TB-K1-Database/lapak_gaming/vendor/laravel/framework/src/Illuminate/Database/Connection.php(1021): Illuminate/Database/Connection->runQueryCallback('select * from `...', Array, Object(Closure))
#1 D:/0_Project_VS_Code/3. Sistem Basis Data/TB-K1-Database/lapak_gaming/vendor/laravel/framework/src/Illuminate/Database/Connection.php(1000): Illuminate/Database/Connection->tryAgainIfCausedByLostConnection(Object(Illuminate/Database/QueryException), 'select * from `...', Array, Object(Closure))
#2 D:/0_Project_VS_Code/3. Sistem Basis Data/TB-K1-Database/lapak_gaming/vendor/laravel/framework/src/Illuminate/Database/Connection.php(799): Illuminate/Database/Connection->handleQueryException(Object(Illuminate/Database/QueryException), 'select * from `...', Array, Object(Closure))
#3 D:/0_Project_VS_Code/3. Sistem Basis Data/TB-K1-Database/lapak_gaming/vendor/laravel/framework/src/Illuminate/Database/Connection.php(412): Illuminate/Database/Connection->run('select * from `...', Array, Object(Closure))
#4 D:/0_Project_VS_Code/3. Sistem Basis Data/TB-K1-Database/lapak_gaming/vendor/laravel/framework/src/Illuminate/Database/Query/Builder.php(3562): Illuminate/Database/Connection->select('select * from `...', Array, true, Array)
#5 D:/0_Project_VS_Code/3. Sistem Basis Data/TB-K1-Database/lapak_gaming/vendor/laravel/framework/src/Illuminate/Database/Query/Builder.php(3546): Illuminate/Database/Query/Builder->runSelect()
#6 D:/0_Project_VS_Code/3. Sistem Basis Data/TB-K1-Database/lapak_gaming/vendor/laravel/framework/src/Illuminate/Cache/DatabaseStore.php(142): Illuminate/Database/Query/Builder->get()
#7 D:/0_Project_VS_Code/3. Sistem Basis Data/TB-K1-Database/lapak_gaming/vendor/laravel/framework/src/Illuminate/Cache/DatabaseStore.php(117): Illuminate/Cache/DatabaseStore->many(Array)
#8 D:/0_Project_VS_Code/3. Sistem Basis Data/TB-K1-Database/lapak_gaming/vendor/laravel/framework/src/Illuminate/Cache/Repository.php(124): Illuminate/Cache/DatabaseStore->get('illuminate:queu...')
#9 D:/0_Project_VS_Code/3. Sistem Basis Data/TB-K1-Database/lapak_gaming/vendor/laravel/framework/src/Illuminate/Queue/QueueManager.php(282): Illuminate/Cache/Repository->get('illuminate:queu...', false)
#10 D:/0_Project_VS_Code/3. Sistem Basis Data/TB-K1-Database/lapak_gaming/vendor/laravel/framework/src/Illuminate/Queue/Worker.php(428): Illuminate/Queue/QueueManager->isPaused('database', 'default')
#11 D:/0_Project_VS_Code/3. Sistem Basis Data/TB-K1-Database/lapak_gaming/vendor/laravel/framework/src/Illuminate/Queue/Worker.php(396): Illuminate/Queue/Worker->queuePaused('database', 'default')
#12 D:/0_Project_VS_Code/3. Sistem Basis Data/TB-K1-Database/lapak_gaming/vendor/laravel/framework/src/Illuminate/Queue/Worker.php(357): Illuminate/Queue/Worker->getNextJob(Object(Illuminate/Queue/DatabaseQueue), 'default')
#13 D:/0_Project_VS_Code/3. Sistem Basis Data/TB-K1-Database/lapak_gaming/vendor/laravel/framework/src/Illuminate/Queue/Console/WorkCommand.php(148): Illuminate/Queue/Worker->runNextJob('database', 'default', Object(Illuminate/Queue/WorkerOptions))
#14 D:/0_Project_VS_Code/3. Sistem Basis Data/TB-K1-Database/lapak_gaming/vendor/laravel/framework/src/Illuminate/Queue/Console/WorkCommand.php(131): Illuminate/Queue/Console/WorkCommand->runWorker('database', 'default')
#15 D:/0_Project_VS_Code/3. Sistem Basis Data/TB-K1-Database/lapak_gaming/vendor/laravel/framework/src/Illuminate/Container/BoundMethod.php(36): Illuminate/Queue/Console/WorkCommand->handle()
#16 D:/0_Project_VS_Code/3. Sistem Basis Data/TB-K1-Database/lapak_gaming/vendor/laravel/framework/src/Illuminate/Container/Util.php(43): Illuminate/Container/BoundMethod::{closure:Illuminate/Container/BoundMethod::call():35}()
#17 D:/0_Project_VS_Code/3. Sistem Basis Data/TB-K1-Database/lapak_gaming/vendor/laravel/framework/src/Illuminate/Container/BoundMethod.php(96): Illuminate/Container/Util::unwrapIfClosure(Object(Closure))
#18 D:/0_Project_VS_Code/3. Sistem Basis Data/TB-K1-Database/lapak_gaming/vendor/laravel/framework/src/Illuminate/Container/BoundMethod.php(35): Illuminate/Container/BoundMethod::callBoundMethod(Object(Illuminate/Foundation/Application), Array, Object(Closure))
#19 D:/0_Project_VS_Code/3. Sistem Basis Data/TB-K1-Database/lapak_gaming/vendor/laravel/framework/src/Illuminate/Container/Container.php(799): Illuminate/Container/BoundMethod::call(Object(Illuminate/Foundation/Application), Array, Array, NULL)
#20 D:/0_Project_VS_Code/3. Sistem Basis Data/TB-K1-Database/lapak_gaming/vendor/laravel/framework/src/Illuminate/Console/Command.php(280): Illuminate/Container/Container->call(Array)
#21 D:/0_Project_VS_Code/3. Sistem Basis Data/TB-K1-Database/lapak_gaming/vendor/symfony/console/Command/Command.php(291): Illuminate/Console/Command->execute(Object(Symfony/Component/Console/Input/ArgvInput), Object(Illuminate/Console/OutputStyle))
#22 D:/0_Project_VS_Code/3. Sistem Basis Data/TB-K1-Database/lapak_gaming/vendor/laravel/framework/src/Illuminate/Console/Command.php(249): Symfony/Component/Console/Command/Command->run(Object(Symfony/Component/Console/Input/ArgvInput), Object(Illuminate/Console/OutputStyle))
#23 D:/0_Project_VS_Code/3. Sistem Basis Data/TB-K1-Database/lapak_gaming/vendor/symfony/console/Application.php(1107): Illuminate/Console/Command->run(Object(Symfony/Component/Console/Input/ArgvInput), Object(Symfony/Component/Console/Output/ConsoleOutput))
#24 D:/0_Project_VS_Code/3. Sistem Basis Data/TB-K1-Database/lapak_gaming/vendor/symfony/console/Application.php(356): Symfony/Component/Console/Application->doRunCommand(Object(Illuminate/Queue/Console/WorkCommand), Object(Symfony/Component/Console/Input/ArgvInput), Object(Symfony/Component/Console/Output/ConsoleOutput))
#25 D:/0_Project_VS_Code/3. Sistem Basis Data/TB-K1-Database/lapak_gaming/vendor/symfony/console/Application.php(195): Symfony/Component/Console/Application->doRun(Object(Symfony/Component/Console/Input/ArgvInput), Object(Symfony/Component/Console/Output/ConsoleOutput))
#26 D:/0_Project_VS_Code/3. Sistem Basis Data/TB-K1-Database/lapak_gaming/vendor/laravel/framework/src/Illuminate/Foundation/Console/Kernel.php(198): Symfony/Component/Console/Application->run(Object(Symfony/Component/Console/Input/ArgvInput), Object(Symfony/Component/Console/Output/ConsoleOutput))
#27 D:/0_Project_VS_Code/3. Sistem Basis Data/TB-K1-Database/lapak_gaming/vendor/laravel/framework/src/Illuminate/Foundation/Application.php(1235): Illuminate/Foundation/Console/Kernel->handle(Object(Symfony/Component/Console/Input/ArgvInput), Object(Symfony/Component/Console/Output/ConsoleOutput))
#28 D:/0_Project_VS_Code/3. Sistem Basis Data/TB-K1-Database/lapak_gaming/artisan(16): Illuminate/Foundation/Application->handleCommand(Object(Symfony/Component/Console/Input/ArgvInput))
#29 {main}

[previous exception] [object] (PDOException(code: 2002): SQLSTATE[HY000] [2002] No connection could be made because the target machine actively refused it at D:/0_Project_VS_Code/3. Sistem Basis Data/TB-K1-Database/lapak_gaming/vendor/laravel/framework/src/Illuminate/Database/Connectors/Connector.php:67)
[stacktrace]
#0 D:/0_Project_VS_Code/3. Sistem Basis Data/TB-K1-Database/lapak_gaming/vendor/laravel/framework/src/Illuminate/Database/Connectors/Connector.php(67): PDO::connect('mysql:host=127....', 'root', Object(SensitiveParameterValue), Array)
#1 D:/0_Project_VS_Code/3. Sistem Basis Data/TB-K1-Database/lapak_gaming/vendor/laravel/framework/src/Illuminate/Database/Connectors/Connector.php(85): Illuminate/Database/Connectors/Connector->createPdoConnection('mysql:host=127....', 'root', Object(SensitiveParameterValue), Array)
#2 D:/0_Project_VS_Code/3. Sistem Basis Data/TB-K1-Database/lapak_gaming/vendor/laravel/framework/src/Illuminate/Database/Connectors/Connector.php(48): Illuminate/Database/Connectors/Connector->tryAgainIfCausedByLostConnection(Object(PDOException), 'mysql:host=127....', 'root', Object(SensitiveParameterValue), Array)
#3 D:/0_Project_VS_Code/3. Sistem Basis Data/TB-K1-Database/lapak_gaming/vendor/laravel/framework/src/Illuminate/Database/Connectors/MySqlConnector.php(24): Illuminate/Database/Connectors/Connector->createConnection('mysql:host=127....', Array, Array)
#4 D:/0_Project_VS_Code/3. Sistem Basis Data/TB-K1-Database/lapak_gaming/vendor/laravel/framework/src/Illuminate/Database/Connectors/ConnectionFactory.php(186): Illuminate/Database/Connectors/MySqlConnector->connect(Array)
#5 [internal function]: Illuminate/Database/Connectors/ConnectionFactory->{closure:Illuminate/Database/Connectors/ConnectionFactory::createPdoResolverWithHosts():181}()
#6 D:/0_Project_VS_Code/3. Sistem Basis Data/TB-K1-Database/lapak_gaming/vendor/laravel/framework/src/Illuminate/Database/Connection.php(1279): call_user_func(Object(Closure))
#7 D:/0_Project_VS_Code/3. Sistem Basis Data/TB-K1-Database/lapak_gaming/vendor/laravel/framework/src/Illuminate/Database/Connection.php(1317): Illuminate/Database/Connection->getPdo()
#8 D:/0_Project_VS_Code/3. Sistem Basis Data/TB-K1-Database/lapak_gaming/vendor/laravel/framework/src/Illuminate/Database/Connection.php(528): Illuminate/Database/Connection->getReadPdo()
#9 D:/0_Project_VS_Code/3. Sistem Basis Data/TB-K1-Database/lapak_gaming/vendor/laravel/framework/src/Illuminate/Database/Connection.php(421): Illuminate/Database/Connection->getPdoForSelect(true)
#10 D:/0_Project_VS_Code/3. Sistem Basis Data/TB-K1-Database/lapak_gaming/vendor/laravel/framework/src/Illuminate/Database/Connection.php(830): Illuminate/Database/Connection->{closure:Illuminate/Database/Connection::select():412}('select * from `...', Array)
#11 D:/0_Project_VS_Code/3. Sistem Basis Data/TB-K1-Database/lapak_gaming/vendor/laravel/framework/src/Illuminate/Database/Connection.php(1021): Illuminate/Database/Connection->runQueryCallback('select * from `...', Array, Object(Closure))
#12 D:/0_Project_VS_Code/3. Sistem Basis Data/TB-K1-Database/lapak_gaming/vendor/laravel/framework/src/Illuminate/Database/Connection.php(1000): Illuminate/Database/Connection->tryAgainIfCausedByLostConnection(Object(Illuminate/Database/QueryException), 'select * from `...', Array, Object(Closure))
#13 D:/0_Project_VS_Code/3. Sistem Basis Data/TB-K1-Database/lapak_gaming/vendor/laravel/framework/src/Illuminate/Database/Connection.php(799): Illuminate/Database/Connection->handleQueryException(Object(Illuminate/Database/QueryException), 'select * from `...', Array, Object(Closure))
#14 D:/0_Project_VS_Code/3. Sistem Basis Data/TB-K1-Database/lapak_gaming/vendor/laravel/framework/src/Illuminate/Database/Connection.php(412): Illuminate/Database/Connection->run('select * from `...', Array, Object(Closure))
#15 D:/0_Project_VS_Code/3. Sistem Basis Data/TB-K1-Database/lapak_gaming/vendor/laravel/framework/src/Illuminate/Database/Query/Builder.php(3562): Illuminate/Database/Connection->select('select * from `...', Array, true, Array)
#16 D:/0_Project_VS_Code/3. Sistem Basis Data/TB-K1-Database/lapak_gaming/vendor/laravel/framework/src/Illuminate/Database/Query/Builder.php(3546): Illuminate/Database/Query/Builder->runSelect()
#17 D:/0_Project_VS_Code/3. Sistem Basis Data/TB-K1-Database/lapak_gaming/vendor/laravel/framework/src/Illuminate/Cache/DatabaseStore.php(142): Illuminate/Database/Query/Builder->get()
#18 D:/0_Project_VS_Code/3. Sistem Basis Data/TB-K1-Database/lapak_gaming/vendor/laravel/framework/src/Illuminate/Cache/DatabaseStore.php(117): Illuminate/Cache/DatabaseStore->many(Array)
#19 D:/0_Project_VS_Code/3. Sistem Basis Data/TB-K1-Database/lapak_gaming/vendor/laravel/framework/src/Illuminate/Cache/Repository.php(124): Illuminate/Cache/DatabaseStore->get('illuminate:queu...')
#20 D:/0_Project_VS_Code/3. Sistem Basis Data/TB-K1-Database/lapak_gaming/vendor/laravel/framework/src/Illuminate/Queue/QueueManager.php(282): Illuminate/Cache/Repository->get('illuminate:queu...', false)
#21 D:/0_Project_VS_Code/3. Sistem Basis Data/TB-K1-Database/lapak_gaming/vendor/laravel/framework/src/Illuminate/Queue/Worker.php(428): Illuminate/Queue/QueueManager->isPaused('database', 'default')
#22 D:/0_Project_VS_Code/3. Sistem Basis Data/TB-K1-Database/lapak_gaming/vendor/laravel/framework/src/Illuminate/Queue/Worker.php(396): Illuminate/Queue/Worker->queuePaused('database', 'default')
#23 D:/0_Project_VS_Code/3. Sistem Basis Data/TB-K1-Database/lapak_gaming/vendor/laravel/framework/src/Illuminate/Queue/Worker.php(357): Illuminate/Queue/Worker->getNextJob(Object(Illuminate/Queue/DatabaseQueue), 'default')
#24 D:/0_Project_VS_Code/3. Sistem Basis Data/TB-K1-Database/lapak_gaming/vendor/laravel/framework/src/Illuminate/Queue/Console/WorkCommand.php(148): Illuminate/Queue/Worker->runNextJob('database', 'default', Object(Illuminate/Queue/WorkerOptions))
#25 D:/0_Project_VS_Code/3. Sistem Basis Data/TB-K1-Database/lapak_gaming/vendor/laravel/framework/src/Illuminate/Queue/Console/WorkCommand.php(131): Illuminate/Queue/Console/WorkCommand->runWorker('database', 'default')
#26 D:/0_Project_VS_Code/3. Sistem Basis Data/TB-K1-Database/lapak_gaming/vendor/laravel/framework/src/Illuminate/Container/BoundMethod.php(36): Illuminate/Queue/Console/WorkCommand->handle()
#27 D:/0_Project_VS_Code/3. Sistem Basis Data/TB-K1-Database/lapak_gaming/vendor/laravel/framework/src/Illuminate/Container/Util.php(43): Illuminate/Container/BoundMethod::{closure:Illuminate/Container/BoundMethod::call():35}()
#28 D:/0_Project_VS_Code/3. Sistem Basis Data/TB-K1-Database/lapak_gaming/vendor/laravel/framework/src/Illuminate/Container/BoundMethod.php(96): Illuminate/Container/Util::unwrapIfClosure(Object(Closure))
#29 D:/0_Project_VS_Code/3. Sistem Basis Data/TB-K1-Database/lapak_gaming/vendor/laravel/framework/src/Illuminate/Container/BoundMethod.php(35): Illuminate/Container/BoundMethod::callBoundMethod(Object(Illuminate/Foundation/Application), Array, Object(Closure))
#30 D:/0_Project_VS_Code/3. Sistem Basis Data/TB-K1-Database/lapak_gaming/vendor/laravel/framework/src/Illuminate/Container/Container.php(799): Illuminate/Container/BoundMethod::call(Object(Illuminate/Foundation/Application), Array, Array, NULL)
#31 D:/0_Project_VS_Code/3. Sistem Basis Data/TB-K1-Database/lapak_gaming/vendor/laravel/framework/src/Illuminate/Console/Command.php(280): Illuminate/Container/Container->call(Array)
#32 D:/0_Project_VS_Code/3. Sistem Basis Data/TB-K1-Database/lapak_gaming/vendor/symfony/console/Command/Command.php(291): Illuminate/Console/Command->execute(Object(Symfony/Component/Console/Input/ArgvInput), Object(Illuminate/Console/OutputStyle))
#33 D:/0_Project_VS_Code/3. Sistem Basis Data/TB-K1-Database/lapak_gaming/vendor/laravel/framework/src/Illuminate/Console/Command.php(249): Symfony/Component/Console/Command/Command->run(Object(Symfony/Component/Console/Input/ArgvInput), Object(Illuminate/Console/OutputStyle))
#34 D:/0_Project_VS_Code/3. Sistem Basis Data/TB-K1-Database/lapak_gaming/vendor/symfony/console/Application.php(1107): Illuminate/Console/Command->run(Object(Symfony/Component/Console/Input/ArgvInput), Object(Symfony/Component/Console/Output/ConsoleOutput))
#35 D:/0_Project_VS_Code/3. Sistem Basis Data/TB-K1-Database/lapak_gaming/vendor/symfony/console/Application.php(356): Symfony/Component/Console/Application->doRunCommand(Object(Illuminate/Queue/Console/WorkCommand), Object(Symfony/Component/Console/Input/ArgvInput), Object(Symfony/Component/Console/Output/ConsoleOutput))
#36 D:/0_Project_VS_Code/3. Sistem Basis Data/TB-K1-Database/lapak_gaming/vendor/symfony/console/Application.php(195): Symfony/Component/Console/Application->doRun(Object(Symfony/Component/Console/Input/ArgvInput), Object(Symfony/Component/Console/Output/ConsoleOutput))
#37 D:/0_Project_VS_Code/3. Sistem Basis Data/TB-K1-Database/lapak_gaming/vendor/laravel/framework/src/Illuminate/Foundation/Console/Kernel.php(198): Symfony/Component/Console/Application->run(Object(Symfony/Component/Console/Input/ArgvInput), Object(Symfony/Component/Console/Output/ConsoleOutput))
#38 D:/0_Project_VS_Code/3. Sistem Basis Data/TB-K1-Database/lapak_gaming/vendor/laravel/framework/src/Illuminate/Foundation/Application.php(1235): Illuminate/Foundation/Console/Kernel->handle(Object(Symfony/Component/Console/Input/ArgvInput), Object(Symfony/Component/Console/Output/ConsoleOutput))
#39 D:/0_Project_VS_Code/3. Sistem Basis Data/TB-K1-Database/lapak_gaming/artisan(16): Illuminate/Foundation/Application->handleCommand(Object(Symfony/Component/Console/Input/ArgvInput))
#40 {main}
"} 
[2026-04-01 06:27:19] local.ERROR: SQLSTATE[HY000] [2002] No connection could be made because the target machine actively refused it (Connection: mysql, Host: 127.0.0.1, Port: 3306, Database: lapak_gaming, SQL: select * from `cache` where `key` in (laravel-cache-illuminate:queue:paused:database:default)) {"exception":"[object] (Illuminate\\Database\\QueryException(code: 2002): SQLSTATE[HY000] [2002] No connection could be made because the target machine actively refused it (Connection: mysql, Host: 127.0.0.1, Port: 3306, Database: lapak_gaming, SQL: select * from `cache` where `key` in (laravel-cache-illuminate:queue:paused:database:default)) at D:/0_Project_VS_Code/3. Sistem Basis Data/TB-K1-Database/lapak_gaming/vendor/laravel/framework/src/Illuminate/Database/Connection.php:841)
[stacktrace]
#0 D:/0_Project_VS_Code/3. Sistem Basis Data/TB-K1-Database/lapak_gaming/vendor/laravel/framework/src/Illuminate/Database/Connection.php(1021): Illuminate/Database/Connection->runQueryCallback('select * from `...', Array, Object(Closure))
#1 D:/0_Project_VS_Code/3. Sistem Basis Data/TB-K1-Database/lapak_gaming/vendor/laravel/framework/src/Illuminate/Database/Connection.php(1000): Illuminate/Database/Connection->tryAgainIfCausedByLostConnection(Object(Illuminate/Database/QueryException), 'select * from `...', Array, Object(Closure))
#2 D:/0_Project_VS_Code/3. Sistem Basis Data/TB-K1-Database/lapak_gaming/vendor/laravel/framework/src/Illuminate/Database/Connection.php(799): Illuminate/Database/Connection->handleQueryException(Object(Illuminate/Database/QueryException), 'select * from `...', Array, Object(Closure))
#3 D:/0_Project_VS_Code/3. Sistem Basis Data/TB-K1-Database/lapak_gaming/vendor/laravel/framework/src/Illuminate/Database/Connection.php(412): Illuminate/Database/Connection->run('select * from `...', Array, Object(Closure))
#4 D:/0_Project_VS_Code/3. Sistem Basis Data/TB-K1-Database/lapak_gaming/vendor/laravel/framework/src/Illuminate/Database/Query/Builder.php(3562): Illuminate/Database/Connection->select('select * from `...', Array, true, Array)
#5 D:/0_Project_VS_Code/3. Sistem Basis Data/TB-K1-Database/lapak_gaming/vendor/laravel/framework/src/Illuminate/Database/Query/Builder.php(3546): Illuminate/Database/Query/Builder->runSelect()
#6 D:/0_Project_VS_Code/3. Sistem Basis Data/TB-K1-Database/lapak_gaming/vendor/laravel/framework/src/Illuminate/Cache/DatabaseStore.php(142): Illuminate/Database/Query/Builder->get()
#7 D:/0_Project_VS_Code/3. Sistem Basis Data/TB-K1-Database/lapak_gaming/vendor/laravel/framework/src/Illuminate/Cache/DatabaseStore.php(117): Illuminate/Cache/DatabaseStore->many(Array)
#8 D:/0_Project_VS_Code/3. Sistem Basis Data/TB-K1-Database/lapak_gaming/vendor/laravel/framework/src/Illuminate/Cache/Repository.php(124): Illuminate/Cache/DatabaseStore->get('illuminate:queu...')
#9 D:/0_Project_VS_Code/3. Sistem Basis Data/TB-K1-Database/lapak_gaming/vendor/laravel/framework/src/Illuminate/Queue/QueueManager.php(282): Illuminate/Cache/Repository->get('illuminate:queu...', false)
#10 D:/0_Project_VS_Code/3. Sistem Basis Data/TB-K1-Database/lapak_gaming/vendor/laravel/framework/src/Illuminate/Queue/Worker.php(428): Illuminate/Queue/QueueManager->isPaused('database', 'default')
#11 D:/0_Project_VS_Code/3. Sistem Basis Data/TB-K1-Database/lapak_gaming/vendor/laravel/framework/src/Illuminate/Queue/Worker.php(396): Illuminate/Queue/Worker->queuePaused('database', 'default')
#12 D:/0_Project_VS_Code/3. Sistem Basis Data/TB-K1-Database/lapak_gaming/vendor/laravel/framework/src/Illuminate/Queue/Worker.php(357): Illuminate/Queue/Worker->getNextJob(Object(Illuminate/Queue/DatabaseQueue), 'default')
#13 D:/0_Project_VS_Code/3. Sistem Basis Data/TB-K1-Database/lapak_gaming/vendor/laravel/framework/src/Illuminate/Queue/Console/WorkCommand.php(148): Illuminate/Queue/Worker->runNextJob('database', 'default', Object(Illuminate/Queue/WorkerOptions))
#14 D:/0_Project_VS_Code/3. Sistem Basis Data/TB-K1-Database/lapak_gaming/vendor/laravel/framework/src/Illuminate/Queue/Console/WorkCommand.php(131): Illuminate/Queue/Console/WorkCommand->runWorker('database', 'default')
#15 D:/0_Project_VS_Code/3. Sistem Basis Data/TB-K1-Database/lapak_gaming/vendor/laravel/framework/src/Illuminate/Container/BoundMethod.php(36): Illuminate/Queue/Console/WorkCommand->handle()
#16 D:/0_Project_VS_Code/3. Sistem Basis Data/TB-K1-Database/lapak_gaming/vendor/laravel/framework/src/Illuminate/Container/Util.php(43): Illuminate/Container/BoundMethod::{closure:Illuminate/Container/BoundMethod::call():35}()
#17 D:/0_Project_VS_Code/3. Sistem Basis Data/TB-K1-Database/lapak_gaming/vendor/laravel/framework/src/Illuminate/Container/BoundMethod.php(96): Illuminate/Container/Util::unwrapIfClosure(Object(Closure))
#18 D:/0_Project_VS_Code/3. Sistem Basis Data/TB-K1-Database/lapak_gaming/vendor/laravel/framework/src/Illuminate/Container/BoundMethod.php(35): Illuminate/Container/BoundMethod::callBoundMethod(Object(Illuminate/Foundation/Application), Array, Object(Closure))
#19 D:/0_Project_VS_Code/3. Sistem Basis Data/TB-K1-Database/lapak_gaming/vendor/laravel/framework/src/Illuminate/Container/Container.php(799): Illuminate/Container/BoundMethod::call(Object(Illuminate/Foundation/Application), Array, Array, NULL)
#20 D:/0_Project_VS_Code/3. Sistem Basis Data/TB-K1-Database/lapak_gaming/vendor/laravel/framework/src/Illuminate/Console/Command.php(280): Illuminate/Container/Container->call(Array)
#21 D:/0_Project_VS_Code/3. Sistem Basis Data/TB-K1-Database/lapak_gaming/vendor/symfony/console/Command/Command.php(291): Illuminate/Console/Command->execute(Object(Symfony/Component/Console/Input/ArgvInput), Object(Illuminate/Console/OutputStyle))
#22 D:/0_Project_VS_Code/3. Sistem Basis Data/TB-K1-Database/lapak_gaming/vendor/laravel/framework/src/Illuminate/Console/Command.php(249): Symfony/Component/Console/Command/Command->run(Object(Symfony/Component/Console/Input/ArgvInput), Object(Illuminate/Console/OutputStyle))
#23 D:/0_Project_VS_Code/3. Sistem Basis Data/TB-K1-Database/lapak_gaming/vendor/symfony/console/Application.php(1107): Illuminate/Console/Command->run(Object(Symfony/Component/Console/Input/ArgvInput), Object(Symfony/Component/Console/Output/ConsoleOutput))
#24 D:/0_Project_VS_Code/3. Sistem Basis Data/TB-K1-Database/lapak_gaming/vendor/symfony/console/Application.php(356): Symfony/Component/Console/Application->doRunCommand(Object(Illuminate/Queue/Console/WorkCommand), Object(Symfony/Component/Console/Input/ArgvInput), Object(Symfony/Component/Console/Output/ConsoleOutput))
#25 D:/0_Project_VS_Code/3. Sistem Basis Data/TB-K1-Database/lapak_gaming/vendor/symfony/console/Application.php(195): Symfony/Component/Console/Application->doRun(Object(Symfony/Component/Console/Input/ArgvInput), Object(Symfony/Component/Console/Output/ConsoleOutput))
#26 D:/0_Project_VS_Code/3. Sistem Basis Data/TB-K1-Database/lapak_gaming/vendor/laravel/framework/src/Illuminate/Foundation/Console/Kernel.php(198): Symfony/Component/Console/Application->run(Object(Symfony/Component/Console/Input/ArgvInput), Object(Symfony/Component/Console/Output/ConsoleOutput))
#27 D:/0_Project_VS_Code/3. Sistem Basis Data/TB-K1-Database/lapak_gaming/vendor/laravel/framework/src/Illuminate/Foundation/Application.php(1235): Illuminate/Foundation/Console/Kernel->handle(Object(Symfony/Component/Console/Input/ArgvInput), Object(Symfony/Component/Console/Output/ConsoleOutput))
#28 D:/0_Project_VS_Code/3. Sistem Basis Data/TB-K1-Database/lapak_gaming/artisan(16): Illuminate/Foundation/Application->handleCommand(Object(Symfony/Component/Console/Input/ArgvInput))
#29 {main}

[previous exception] [object] (PDOException(code: 2002): SQLSTATE[HY000] [2002] No connection could be made because the target machine actively refused it at D:/0_Project_VS_Code/3. Sistem Basis Data/TB-K1-Database/lapak_gaming/vendor/laravel/framework/src/Illuminate/Database/Connectors/Connector.php:67)
[stacktrace]
#0 D:/0_Project_VS_Code/3. Sistem Basis Data/TB-K1-Database/lapak_gaming/vendor/laravel/framework/src/Illuminate/Database/Connectors/Connector.php(67): PDO::connect('mysql:host=127....', 'root', Object(SensitiveParameterValue), Array)
#1 D:/0_Project_VS_Code/3. Sistem Basis Data/TB-K1-Database/lapak_gaming/vendor/laravel/framework/src/Illuminate/Database/Connectors/Connector.php(85): Illuminate/Database/Connectors/Connector->createPdoConnection('mysql:host=127....', 'root', Object(SensitiveParameterValue), Array)
#2 D:/0_Project_VS_Code/3. Sistem Basis Data/TB-K1-Database/lapak_gaming/vendor/laravel/framework/src/Illuminate/Database/Connectors/Connector.php(48): Illuminate/Database/Connectors/Connector->tryAgainIfCausedByLostConnection(Object(PDOException), 'mysql:host=127....', 'root', Object(SensitiveParameterValue), Array)
#3 D:/0_Project_VS_Code/3. Sistem Basis Data/TB-K1-Database/lapak_gaming/vendor/laravel/framework/src/Illuminate/Database/Connectors/MySqlConnector.php(24): Illuminate/Database/Connectors/Connector->createConnection('mysql:host=127....', Array, Array)
#4 D:/0_Project_VS_Code/3. Sistem Basis Data/TB-K1-Database/lapak_gaming/vendor/laravel/framework/src/Illuminate/Database/Connectors/ConnectionFactory.php(186): Illuminate/Database/Connectors/MySqlConnector->connect(Array)
#5 [internal function]: Illuminate/Database/Connectors/ConnectionFactory->{closure:Illuminate/Database/Connectors/ConnectionFactory::createPdoResolverWithHosts():181}()
#6 D:/0_Project_VS_Code/3. Sistem Basis Data/TB-K1-Database/lapak_gaming/vendor/laravel/framework/src/Illuminate/Database/Connection.php(1279): call_user_func(Object(Closure))
#7 D:/0_Project_VS_Code/3. Sistem Basis Data/TB-K1-Database/lapak_gaming/vendor/laravel/framework/src/Illuminate/Database/Connection.php(1317): Illuminate/Database/Connection->getPdo()
#8 D:/0_Project_VS_Code/3. Sistem Basis Data/TB-K1-Database/lapak_gaming/vendor/laravel/framework/src/Illuminate/Database/Connection.php(528): Illuminate/Database/Connection->getReadPdo()
#9 D:/0_Project_VS_Code/3. Sistem Basis Data/TB-K1-Database/lapak_gaming/vendor/laravel/framework/src/Illuminate/Database/Connection.php(421): Illuminate/Database/Connection->getPdoForSelect(true)
#10 D:/0_Project_VS_Code/3. Sistem Basis Data/TB-K1-Database/lapak_gaming/vendor/laravel/framework/src/Illuminate/Database/Connection.php(830): Illuminate/Database/Connection->{closure:Illuminate/Database/Connection::select():412}('select * from `...', Array)
#11 D:/0_Project_VS_Code/3. Sistem Basis Data/TB-K1-Database/lapak_gaming/vendor/laravel/framework/src/Illuminate/Database/Connection.php(1021): Illuminate/Database/Connection->runQueryCallback('select * from `...', Array, Object(Closure))
#12 D:/0_Project_VS_Code/3. Sistem Basis Data/TB-K1-Database/lapak_gaming/vendor/laravel/framework/src/Illuminate/Database/Connection.php(1000): Illuminate/Database/Connection->tryAgainIfCausedByLostConnection(Object(Illuminate/Database/QueryException), 'select * from `...', Array, Object(Closure))
#13 D:/0_Project_VS_Code/3. Sistem Basis Data/TB-K1-Database/lapak_gaming/vendor/laravel/framework/src/Illuminate/Database/Connection.php(799): Illuminate/Database/Connection->handleQueryException(Object(Illuminate/Database/QueryException), 'select * from `...', Array, Object(Closure))
#14 D:/0_Project_VS_Code/3. Sistem Basis Data/TB-K1-Database/lapak_gaming/vendor/laravel/framework/src/Illuminate/Database/Connection.php(412): Illuminate/Database/Connection->run('select * from `...', Array, Object(Closure))
#15 D:/0_Project_VS_Code/3. Sistem Basis Data/TB-K1-Database/lapak_gaming/vendor/laravel/framework/src/Illuminate/Database/Query/Builder.php(3562): Illuminate/Database/Connection->select('select * from `...', Array, true, Array)
#16 D:/0_Project_VS_Code/3. Sistem Basis Data/TB-K1-Database/lapak_gaming/vendor/laravel/framework/src/Illuminate/Database/Query/Builder.php(3546): Illuminate/Database/Query/Builder->runSelect()
#17 D:/0_Project_VS_Code/3. Sistem Basis Data/TB-K1-Database/lapak_gaming/vendor/laravel/framework/src/Illuminate/Cache/DatabaseStore.php(142): Illuminate/Database/Query/Builder->get()
#18 D:/0_Project_VS_Code/3. Sistem Basis Data/TB-K1-Database/lapak_gaming/vendor/laravel/framework/src/Illuminate/Cache/DatabaseStore.php(117): Illuminate/Cache/DatabaseStore->many(Array)
#19 D:/0_Project_VS_Code/3. Sistem Basis Data/TB-K1-Database/lapak_gaming/vendor/laravel/framework/src/Illuminate/Cache/Repository.php(124): Illuminate/Cache/DatabaseStore->get('illuminate:queu...')
#20 D:/0_Project_VS_Code/3. Sistem Basis Data/TB-K1-Database/lapak_gaming/vendor/laravel/framework/src/Illuminate/Queue/QueueManager.php(282): Illuminate/Cache/Repository->get('illuminate:queu...', false)
#21 D:/0_Project_VS_Code/3. Sistem Basis Data/TB-K1-Database/lapak_gaming/vendor/laravel/framework/src/Illuminate/Queue/Worker.php(428): Illuminate/Queue/QueueManager->isPaused('database', 'default')
#22 D:/0_Project_VS_Code/3. Sistem Basis Data/TB-K1-Database/lapak_gaming/vendor/laravel/framework/src/Illuminate/Queue/Worker.php(396): Illuminate/Queue/Worker->queuePaused('database', 'default')
#23 D:/0_Project_VS_Code/3. Sistem Basis Data/TB-K1-Database/lapak_gaming/vendor/laravel/framework/src/Illuminate/Queue/Worker.php(357): Illuminate/Queue/Worker->getNextJob(Object(Illuminate/Queue/DatabaseQueue), 'default')
#24 D:/0_Project_VS_Code/3. Sistem Basis Data/TB-K1-Database/lapak_gaming/vendor/laravel/framework/src/Illuminate/Queue/Console/WorkCommand.php(148): Illuminate/Queue/Worker->runNextJob('database', 'default', Object(Illuminate/Queue/WorkerOptions))
#25 D:/0_Project_VS_Code/3. Sistem Basis Data/TB-K1-Database/lapak_gaming/vendor/laravel/framework/src/Illuminate/Queue/Console/WorkCommand.php(131): Illuminate/Queue/Console/WorkCommand->runWorker('database', 'default')
#26 D:/0_Project_VS_Code/3. Sistem Basis Data/TB-K1-Database/lapak_gaming/vendor/laravel/framework/src/Illuminate/Container/BoundMethod.php(36): Illuminate/Queue/Console/WorkCommand->handle()
#27 D:/0_Project_VS_Code/3. Sistem Basis Data/TB-K1-Database/lapak_gaming/vendor/laravel/framework/src/Illuminate/Container/Util.php(43): Illuminate/Container/BoundMethod::{closure:Illuminate/Container/BoundMethod::call():35}()
#28 D:/0_Project_VS_Code/3. Sistem Basis Data/TB-K1-Database/lapak_gaming/vendor/laravel/framework/src/Illuminate/Container/BoundMethod.php(96): Illuminate/Container/Util::unwrapIfClosure(Object(Closure))
#29 D:/0_Project_VS_Code/3. Sistem Basis Data/TB-K1-Database/lapak_gaming/vendor/laravel/framework/src/Illuminate/Container/BoundMethod.php(35): Illuminate/Container/BoundMethod::callBoundMethod(Object(Illuminate/Foundation/Application), Array, Object(Closure))
#30 D:/0_Project_VS_Code/3. Sistem Basis Data/TB-K1-Database/lapak_gaming/vendor/laravel/framework/src/Illuminate/Container/Container.php(799): Illuminate/Container/BoundMethod::call(Object(Illuminate/Foundation/Application), Array, Array, NULL)
#31 D:/0_Project_VS_Code/3. Sistem Basis Data/TB-K1-Database/lapak_gaming/vendor/laravel/framework/src/Illuminate/Console/Command.php(280): Illuminate/Container/Container->call(Array)
#32 D:/0_Project_VS_Code/3. Sistem Basis Data/TB-K1-Database/lapak_gaming/vendor/symfony/console/Command/Command.php(291): Illuminate/Console/Command->execute(Object(Symfony/Component/Console/Input/ArgvInput), Object(Illuminate/Console/OutputStyle))
#33 D:/0_Project_VS_Code/3. Sistem Basis Data/TB-K1-Database/lapak_gaming/vendor/laravel/framework/src/Illuminate/Console/Command.php(249): Symfony/Component/Console/Command/Command->run(Object(Symfony/Component/Console/Input/ArgvInput), Object(Illuminate/Console/OutputStyle))
#34 D:/0_Project_VS_Code/3. Sistem Basis Data/TB-K1-Database/lapak_gaming/vendor/symfony/console/Application.php(1107): Illuminate/Console/Command->run(Object(Symfony/Component/Console/Input/ArgvInput), Object(Symfony/Component/Console/Output/ConsoleOutput))
#35 D:/0_Project_VS_Code/3. Sistem Basis Data/TB-K1-Database/lapak_gaming/vendor/symfony/console/Application.php(356): Symfony/Component/Console/Application->doRunCommand(Object(Illuminate/Queue/Console/WorkCommand), Object(Symfony/Component/Console/Input/ArgvInput), Object(Symfony/Component/Console/Output/ConsoleOutput))
#36 D:/0_Project_VS_Code/3. Sistem Basis Data/TB-K1-Database/lapak_gaming/vendor/symfony/console/Application.php(195): Symfony/Component/Console/Application->doRun(Object(Symfony/Component/Console/Input/ArgvInput), Object(Symfony/Component/Console/Output/ConsoleOutput))
#37 D:/0_Project_VS_Code/3. Sistem Basis Data/TB-K1-Database/lapak_gaming/vendor/laravel/framework/src/Illuminate/Foundation/Console/Kernel.php(198): Symfony/Component/Console/Application->run(Object(Symfony/Component/Console/Input/ArgvInput), Object(Symfony/Component/Console/Output/ConsoleOutput))
#38 D:/0_Project_VS_Code/3. Sistem Basis Data/TB-K1-Database/lapak_gaming/vendor/laravel/framework/src/Illuminate/Foundation/Application.php(1235): Illuminate/Foundation/Console/Kernel->handle(Object(Symfony/Component/Console/Input/ArgvInput), Object(Symfony/Component/Console/Output/ConsoleOutput))
#39 D:/0_Project_VS_Code/3. Sistem Basis Data/TB-K1-Database/lapak_gaming/artisan(16): Illuminate/Foundation/Application->handleCommand(Object(Symfony/Component/Console/Input/ArgvInput))
#40 {main}
"} 
[2026-04-01 06:27:32] local.ERROR: SQLSTATE[HY000] [2002] No connection could be made because the target machine actively refused it (Connection: mysql, Host: 127.0.0.1, Port: 3306, Database: lapak_gaming, SQL: select * from `cache` where `key` in (laravel-cache-illuminate:queue:paused:database:default)) {"exception":"[object] (Illuminate\\Database\\QueryException(code: 2002): SQLSTATE[HY000] [2002] No connection could be made because the target machine actively refused it (Connection: mysql, Host: 127.0.0.1, Port: 3306, Database: lapak_gaming, SQL: select * from `cache` where `key` in (laravel-cache-illuminate:queue:paused:database:default)) at D:/0_Project_VS_Code/3. Sistem Basis Data/TB-K1-Database/lapak_gaming/vendor/laravel/framework/src/Illuminate/Database/Connection.php:841)
[stacktrace]
#0 D:/0_Project_VS_Code/3. Sistem Basis Data/TB-K1-Database/lapak_gaming/vendor/laravel/framework/src/Illuminate/Database/Connection.php(1021): Illuminate/Database/Connection->runQueryCallback('select * from `...', Array, Object(Closure))
#1 D:/0_Project_VS_Code/3. Sistem Basis Data/TB-K1-Database/lapak_gaming/vendor/laravel/framework/src/Illuminate/Database/Connection.php(1000): Illuminate/Database/Connection->tryAgainIfCausedByLostConnection(Object(Illuminate/Database/QueryException), 'select * from `...', Array, Object(Closure))
#2 D:/0_Project_VS_Code/3. Sistem Basis Data/TB-K1-Database/lapak_gaming/vendor/laravel/framework/src/Illuminate/Database/Connection.php(799): Illuminate/Database/Connection->handleQueryException(Object(Illuminate/Database/QueryException), 'select * from `...', Array, Object(Closure))
#3 D:/0_Project_VS_Code/3. Sistem Basis Data/TB-K1-Database/lapak_gaming/vendor/laravel/framework/src/Illuminate/Database/Connection.php(412): Illuminate/Database/Connection->run('select * from `...', Array, Object(Closure))
#4 D:/0_Project_VS_Code/3. Sistem Basis Data/TB-K1-Database/lapak_gaming/vendor/laravel/framework/src/Illuminate/Database/Query/Builder.php(3562): Illuminate/Database/Connection->select('select * from `...', Array, true, Array)
#5 D:/0_Project_VS_Code/3. Sistem Basis Data/TB-K1-Database/lapak_gaming/vendor/laravel/framework/src/Illuminate/Database/Query/Builder.php(3546): Illuminate/Database/Query/Builder->runSelect()
#6 D:/0_Project_VS_Code/3. Sistem Basis Data/TB-K1-Database/lapak_gaming/vendor/laravel/framework/src/Illuminate/Cache/DatabaseStore.php(142): Illuminate/Database/Query/Builder->get()
#7 D:/0_Project_VS_Code/3. Sistem Basis Data/TB-K1-Database/lapak_gaming/vendor/laravel/framework/src/Illuminate/Cache/DatabaseStore.php(117): Illuminate/Cache/DatabaseStore->many(Array)
#8 D:/0_Project_VS_Code/3. Sistem Basis Data/TB-K1-Database/lapak_gaming/vendor/laravel/framework/src/Illuminate/Cache/Repository.php(124): Illuminate/Cache/DatabaseStore->get('illuminate:queu...')
#9 D:/0_Project_VS_Code/3. Sistem Basis Data/TB-K1-Database/lapak_gaming/vendor/laravel/framework/src/Illuminate/Queue/QueueManager.php(282): Illuminate/Cache/Repository->get('illuminate:queu...', false)
#10 D:/0_Project_VS_Code/3. Sistem Basis Data/TB-K1-Database/lapak_gaming/vendor/laravel/framework/src/Illuminate/Queue/Worker.php(428): Illuminate/Queue/QueueManager->isPaused('database', 'default')
#11 D:/0_Project_VS_Code/3. Sistem Basis Data/TB-K1-Database/lapak_gaming/vendor/laravel/framework/src/Illuminate/Queue/Worker.php(396): Illuminate/Queue/Worker->queuePaused('database', 'default')
#12 D:/0_Project_VS_Code/3. Sistem Basis Data/TB-K1-Database/lapak_gaming/vendor/laravel/framework/src/Illuminate/Queue/Worker.php(357): Illuminate/Queue/Worker->getNextJob(Object(Illuminate/Queue/DatabaseQueue), 'default')
#13 D:/0_Project_VS_Code/3. Sistem Basis Data/TB-K1-Database/lapak_gaming/vendor/laravel/framework/src/Illuminate/Queue/Console/WorkCommand.php(148): Illuminate/Queue/Worker->runNextJob('database', 'default', Object(Illuminate/Queue/WorkerOptions))
#14 D:/0_Project_VS_Code/3. Sistem Basis Data/TB-K1-Database/lapak_gaming/vendor/laravel/framework/src/Illuminate/Queue/Console/WorkCommand.php(131): Illuminate/Queue/Console/WorkCommand->runWorker('database', 'default')
#15 D:/0_Project_VS_Code/3. Sistem Basis Data/TB-K1-Database/lapak_gaming/vendor/laravel/framework/src/Illuminate/Container/BoundMethod.php(36): Illuminate/Queue/Console/WorkCommand->handle()
#16 D:/0_Project_VS_Code/3. Sistem Basis Data/TB-K1-Database/lapak_gaming/vendor/laravel/framework/src/Illuminate/Container/Util.php(43): Illuminate/Container/BoundMethod::{closure:Illuminate/Container/BoundMethod::call():35}()
#17 D:/0_Project_VS_Code/3. Sistem Basis Data/TB-K1-Database/lapak_gaming/vendor/laravel/framework/src/Illuminate/Container/BoundMethod.php(96): Illuminate/Container/Util::unwrapIfClosure(Object(Closure))
#18 D:/0_Project_VS_Code/3. Sistem Basis Data/TB-K1-Database/lapak_gaming/vendor/laravel/framework/src/Illuminate/Container/BoundMethod.php(35): Illuminate/Container/BoundMethod::callBoundMethod(Object(Illuminate/Foundation/Application), Array, Object(Closure))
#19 D:/0_Project_VS_Code/3. Sistem Basis Data/TB-K1-Database/lapak_gaming/vendor/laravel/framework/src/Illuminate/Container/Container.php(799): Illuminate/Container/BoundMethod::call(Object(Illuminate/Foundation/Application), Array, Array, NULL)
#20 D:/0_Project_VS_Code/3. Sistem Basis Data/TB-K1-Database/lapak_gaming/vendor/laravel/framework/src/Illuminate/Console/Command.php(280): Illuminate/Container/Container->call(Array)
#21 D:/0_Project_VS_Code/3. Sistem Basis Data/TB-K1-Database/lapak_gaming/vendor/symfony/console/Command/Command.php(291): Illuminate/Console/Command->execute(Object(Symfony/Component/Console/Input/ArgvInput), Object(Illuminate/Console/OutputStyle))
#22 D:/0_Project_VS_Code/3. Sistem Basis Data/TB-K1-Database/lapak_gaming/vendor/laravel/framework/src/Illuminate/Console/Command.php(249): Symfony/Component/Console/Command/Command->run(Object(Symfony/Component/Console/Input/ArgvInput), Object(Illuminate/Console/OutputStyle))
#23 D:/0_Project_VS_Code/3. Sistem Basis Data/TB-K1-Database/lapak_gaming/vendor/symfony/console/Application.php(1107): Illuminate/Console/Command->run(Object(Symfony/Component/Console/Input/ArgvInput), Object(Symfony/Component/Console/Output/ConsoleOutput))
#24 D:/0_Project_VS_Code/3. Sistem Basis Data/TB-K1-Database/lapak_gaming/vendor/symfony/console/Application.php(356): Symfony/Component/Console/Application->doRunCommand(Object(Illuminate/Queue/Console/WorkCommand), Object(Symfony/Component/Console/Input/ArgvInput), Object(Symfony/Component/Console/Output/ConsoleOutput))
#25 D:/0_Project_VS_Code/3. Sistem Basis Data/TB-K1-Database/lapak_gaming/vendor/symfony/console/Application.php(195): Symfony/Component/Console/Application->doRun(Object(Symfony/Component/Console/Input/ArgvInput), Object(Symfony/Component/Console/Output/ConsoleOutput))
#26 D:/0_Project_VS_Code/3. Sistem Basis Data/TB-K1-Database/lapak_gaming/vendor/laravel/framework/src/Illuminate/Foundation/Console/Kernel.php(198): Symfony/Component/Console/Application->run(Object(Symfony/Component/Console/Input/ArgvInput), Object(Symfony/Component/Console/Output/ConsoleOutput))
#27 D:/0_Project_VS_Code/3. Sistem Basis Data/TB-K1-Database/lapak_gaming/vendor/laravel/framework/src/Illuminate/Foundation/Application.php(1235): Illuminate/Foundation/Console/Kernel->handle(Object(Symfony/Component/Console/Input/ArgvInput), Object(Symfony/Component/Console/Output/ConsoleOutput))
#28 D:/0_Project_VS_Code/3. Sistem Basis Data/TB-K1-Database/lapak_gaming/artisan(16): Illuminate/Foundation/Application->handleCommand(Object(Symfony/Component/Console/Input/ArgvInput))
#29 {main}

[previous exception] [object] (PDOException(code: 2002): SQLSTATE[HY000] [2002] No connection could be made because the target machine actively refused it at D:/0_Project_VS_Code/3. Sistem Basis Data/TB-K1-Database/lapak_gaming/vendor/laravel/framework/src/Illuminate/Database/Connectors/Connector.php:67)
[stacktrace]
#0 D:/0_Project_VS_Code/3. Sistem Basis Data/TB-K1-Database/lapak_gaming/vendor/laravel/framework/src/Illuminate/Database/Connectors/Connector.php(67): PDO::connect('mysql:host=127....', 'root', Object(SensitiveParameterValue), Array)
#1 D:/0_Project_VS_Code/3. Sistem Basis Data/TB-K1-Database/lapak_gaming/vendor/laravel/framework/src/Illuminate/Database/Connectors/Connector.php(85): Illuminate/Database/Connectors/Connector->createPdoConnection('mysql:host=127....', 'root', Object(SensitiveParameterValue), Array)
#2 D:/0_Project_VS_Code/3. Sistem Basis Data/TB-K1-Database/lapak_gaming/vendor/laravel/framework/src/Illuminate/Database/Connectors/Connector.php(48): Illuminate/Database/Connectors/Connector->tryAgainIfCausedByLostConnection(Object(PDOException), 'mysql:host=127....', 'root', Object(SensitiveParameterValue), Array)
#3 D:/0_Project_VS_Code/3. Sistem Basis Data/TB-K1-Database/lapak_gaming/vendor/laravel/framework/src/Illuminate/Database/Connectors/MySqlConnector.php(24): Illuminate/Database/Connectors/Connector->createConnection('mysql:host=127....', Array, Array)
#4 D:/0_Project_VS_Code/3. Sistem Basis Data/TB-K1-Database/lapak_gaming/vendor/laravel/framework/src/Illuminate/Database/Connectors/ConnectionFactory.php(186): Illuminate/Database/Connectors/MySqlConnector->connect(Array)
#5 [internal function]: Illuminate/Database/Connectors/ConnectionFactory->{closure:Illuminate/Database/Connectors/ConnectionFactory::createPdoResolverWithHosts():181}()
#6 D:/0_Project_VS_Code/3. Sistem Basis Data/TB-K1-Database/lapak_gaming/vendor/laravel/framework/src/Illuminate/Database/Connection.php(1279): call_user_func(Object(Closure))
#7 D:/0_Project_VS_Code/3. Sistem Basis Data/TB-K1-Database/lapak_gaming/vendor/laravel/framework/src/Illuminate/Database/Connection.php(1317): Illuminate/Database/Connection->getPdo()
#8 D:/0_Project_VS_Code/3. Sistem Basis Data/TB-K1-Database/lapak_gaming/vendor/laravel/framework/src/Illuminate/Database/Connection.php(528): Illuminate/Database/Connection->getReadPdo()
#9 D:/0_Project_VS_Code/3. Sistem Basis Data/TB-K1-Database/lapak_gaming/vendor/laravel/framework/src/Illuminate/Database/Connection.php(421): Illuminate/Database/Connection->getPdoForSelect(true)
#10 D:/0_Project_VS_Code/3. Sistem Basis Data/TB-K1-Database/lapak_gaming/vendor/laravel/framework/src/Illuminate/Database/Connection.php(830): Illuminate/Database/Connection->{closure:Illuminate/Database/Connection::select():412}('select * from `...', Array)
#11 D:/0_Project_VS_Code/3. Sistem Basis Data/TB-K1-Database/lapak_gaming/vendor/laravel/framework/src/Illuminate/Database/Connection.php(1021): Illuminate/Database/Connection->runQueryCallback('select * from `...', Array, Object(Closure))
#12 D:/0_Project_VS_Code/3. Sistem Basis Data/TB-K1-Database/lapak_gaming/vendor/laravel/framework/src/Illuminate/Database/Connection.php(1000): Illuminate/Database/Connection->tryAgainIfCausedByLostConnection(Object(Illuminate/Database/QueryException), 'select * from `...', Array, Object(Closure))
#13 D:/0_Project_VS_Code/3. Sistem Basis Data/TB-K1-Database/lapak_gaming/vendor/laravel/framework/src/Illuminate/Database/Connection.php(799): Illuminate/Database/Connection->handleQueryException(Object(Illuminate/Database/QueryException), 'select * from `...', Array, Object(Closure))
#14 D:/0_Project_VS_Code/3. Sistem Basis Data/TB-K1-Database/lapak_gaming/vendor/laravel/framework/src/Illuminate/Database/Connection.php(412): Illuminate/Database/Connection->run('select * from `...', Array, Object(Closure))
#15 D:/0_Project_VS_Code/3. Sistem Basis Data/TB-K1-Database/lapak_gaming/vendor/laravel/framework/src/Illuminate/Database/Query/Builder.php(3562): Illuminate/Database/Connection->select('select * from `...', Array, true, Array)
#16 D:/0_Project_VS_Code/3. Sistem Basis Data/TB-K1-Database/lapak_gaming/vendor/laravel/framework/src/Illuminate/Database/Query/Builder.php(3546): Illuminate/Database/Query/Builder->runSelect()
#17 D:/0_Project_VS_Code/3. Sistem Basis Data/TB-K1-Database/lapak_gaming/vendor/laravel/framework/src/Illuminate/Cache/DatabaseStore.php(142): Illuminate/Database/Query/Builder->get()
#18 D:/0_Project_VS_Code/3. Sistem Basis Data/TB-K1-Database/lapak_gaming/vendor/laravel/framework/src/Illuminate/Cache/DatabaseStore.php(117): Illuminate/Cache/DatabaseStore->many(Array)
#19 D:/0_Project_VS_Code/3. Sistem Basis Data/TB-K1-Database/lapak_gaming/vendor/laravel/framework/src/Illuminate/Cache/Repository.php(124): Illuminate/Cache/DatabaseStore->get('illuminate:queu...')
#20 D:/0_Project_VS_Code/3. Sistem Basis Data/TB-K1-Database/lapak_gaming/vendor/laravel/framework/src/Illuminate/Queue/QueueManager.php(282): Illuminate/Cache/Repository->get('illuminate:queu...', false)
#21 D:/0_Project_VS_Code/3. Sistem Basis Data/TB-K1-Database/lapak_gaming/vendor/laravel/framework/src/Illuminate/Queue/Worker.php(428): Illuminate/Queue/QueueManager->isPaused('database', 'default')
#22 D:/0_Project_VS_Code/3. Sistem Basis Data/TB-K1-Database/lapak_gaming/vendor/laravel/framework/src/Illuminate/Queue/Worker.php(396): Illuminate/Queue/Worker->queuePaused('database', 'default')
#23 D:/0_Project_VS_Code/3. Sistem Basis Data/TB-K1-Database/lapak_gaming/vendor/laravel/framework/src/Illuminate/Queue/Worker.php(357): Illuminate/Queue/Worker->getNextJob(Object(Illuminate/Queue/DatabaseQueue), 'default')
#24 D:/0_Project_VS_Code/3. Sistem Basis Data/TB-K1-Database/lapak_gaming/vendor/laravel/framework/src/Illuminate/Queue/Console/WorkCommand.php(148): Illuminate/Queue/Worker->runNextJob('database', 'default', Object(Illuminate/Queue/WorkerOptions))
#25 D:/0_Project_VS_Code/3. Sistem Basis Data/TB-K1-Database/lapak_gaming/vendor/laravel/framework/src/Illuminate/Queue/Console/WorkCommand.php(131): Illuminate/Queue/Console/WorkCommand->runWorker('database', 'default')
#26 D:/0_Project_VS_Code/3. Sistem Basis Data/TB-K1-Database/lapak_gaming/vendor/laravel/framework/src/Illuminate/Container/BoundMethod.php(36): Illuminate/Queue/Console/WorkCommand->handle()
#27 D:/0_Project_VS_Code/3. Sistem Basis Data/TB-K1-Database/lapak_gaming/vendor/laravel/framework/src/Illuminate/Container/Util.php(43): Illuminate/Container/BoundMethod::{closure:Illuminate/Container/BoundMethod::call():35}()
#28 D:/0_Project_VS_Code/3. Sistem Basis Data/TB-K1-Database/lapak_gaming/vendor/laravel/framework/src/Illuminate/Container/BoundMethod.php(96): Illuminate/Container/Util::unwrapIfClosure(Object(Closure))
#29 D:/0_Project_VS_Code/3. Sistem Basis Data/TB-K1-Database/lapak_gaming/vendor/laravel/framework/src/Illuminate/Container/BoundMethod.php(35): Illuminate/Container/BoundMethod::callBoundMethod(Object(Illuminate/Foundation/Application), Array, Object(Closure))
#30 D:/0_Project_VS_Code/3. Sistem Basis Data/TB-K1-Database/lapak_gaming/vendor/laravel/framework/src/Illuminate/Container/Container.php(799): Illuminate/Container/BoundMethod::call(Object(Illuminate/Foundation/Application), Array, Array, NULL)
#31 D:/0_Project_VS_Code/3. Sistem Basis Data/TB-K1-Database/lapak_gaming/vendor/laravel/framework/src/Illuminate/Console/Command.php(280): Illuminate/Container/Container->call(Array)
#32 D:/0_Project_VS_Code/3. Sistem Basis Data/TB-K1-Database/lapak_gaming/vendor/symfony/console/Command/Command.php(291): Illuminate/Console/Command->execute(Object(Symfony/Component/Console/Input/ArgvInput), Object(Illuminate/Console/OutputStyle))
#33 D:/0_Project_VS_Code/3. Sistem Basis Data/TB-K1-Database/lapak_gaming/vendor/laravel/framework/src/Illuminate/Console/Command.php(249): Symfony/Component/Console/Command/Command->run(Object(Symfony/Component/Console/Input/ArgvInput), Object(Illuminate/Console/OutputStyle))
#34 D:/0_Project_VS_Code/3. Sistem Basis Data/TB-K1-Database/lapak_gaming/vendor/symfony/console/Application.php(1107): Illuminate/Console/Command->run(Object(Symfony/Component/Console/Input/ArgvInput), Object(Symfony/Component/Console/Output/ConsoleOutput))
#35 D:/0_Project_VS_Code/3. Sistem Basis Data/TB-K1-Database/lapak_gaming/vendor/symfony/console/Application.php(356): Symfony/Component/Console/Application->doRunCommand(Object(Illuminate/Queue/Console/WorkCommand), Object(Symfony/Component/Console/Input/ArgvInput), Object(Symfony/Component/Console/Output/ConsoleOutput))
#36 D:/0_Project_VS_Code/3. Sistem Basis Data/TB-K1-Database/lapak_gaming/vendor/symfony/console/Application.php(195): Symfony/Component/Console/Application->doRun(Object(Symfony/Component/Console/Input/ArgvInput), Object(Symfony/Component/Console/Output/ConsoleOutput))
#37 D:/0_Project_VS_Code/3. Sistem Basis Data/TB-K1-Database/lapak_gaming/vendor/laravel/framework/src/Illuminate/Foundation/Console/Kernel.php(198): Symfony/Component/Console/Application->run(Object(Symfony/Component/Console/Input/ArgvInput), Object(Symfony/Component/Console/Output/ConsoleOutput))
#38 D:/0_Project_VS_Code/3. Sistem Basis Data/TB-K1-Database/lapak_gaming/vendor/laravel/framework/src/Illuminate/Foundation/Application.php(1235): Illuminate/Foundation/Console/Kernel->handle(Object(Symfony/Component/Console/Input/ArgvInput), Object(Symfony/Component/Console/Output/ConsoleOutput))
#39 D:/0_Project_VS_Code/3. Sistem Basis Data/TB-K1-Database/lapak_gaming/artisan(16): Illuminate/Foundation/Application->handleCommand(Object(Symfony/Component/Console/Input/ArgvInput))
#40 {main}
"} 
[2026-04-01 06:27:44] local.ERROR: SQLSTATE[HY000] [2002] No connection could be made because the target machine actively refused it (Connection: mysql, Host: 127.0.0.1, Port: 3306, Database: lapak_gaming, SQL: select * from `cache` where `key` in (laravel-cache-illuminate:queue:paused:database:default)) {"exception":"[object] (Illuminate\\Database\\QueryException(code: 2002): SQLSTATE[HY000] [2002] No connection could be made because the target machine actively refused it (Connection: mysql, Host: 127.0.0.1, Port: 3306, Database: lapak_gaming, SQL: select * from `cache` where `key` in (laravel-cache-illuminate:queue:paused:database:default)) at D:/0_Project_VS_Code/3. Sistem Basis Data/TB-K1-Database/lapak_gaming/vendor/laravel/framework/src/Illuminate/Database/Connection.php:841)
[stacktrace]
#0 D:/0_Project_VS_Code/3. Sistem Basis Data/TB-K1-Database/lapak_gaming/vendor/laravel/framework/src/Illuminate/Database/Connection.php(1021): Illuminate/Database/Connection->runQueryCallback('select * from `...', Array, Object(Closure))
#1 D:/0_Project_VS_Code/3. Sistem Basis Data/TB-K1-Database/lapak_gaming/vendor/laravel/framework/src/Illuminate/Database/Connection.php(1000): Illuminate/Database/Connection->tryAgainIfCausedByLostConnection(Object(Illuminate/Database/QueryException), 'select * from `...', Array, Object(Closure))
#2 D:/0_Project_VS_Code/3. Sistem Basis Data/TB-K1-Database/lapak_gaming/vendor/laravel/framework/src/Illuminate/Database/Connection.php(799): Illuminate/Database/Connection->handleQueryException(Object(Illuminate/Database/QueryException), 'select * from `...', Array, Object(Closure))
#3 D:/0_Project_VS_Code/3. Sistem Basis Data/TB-K1-Database/lapak_gaming/vendor/laravel/framework/src/Illuminate/Database/Connection.php(412): Illuminate/Database/Connection->run('select * from `...', Array, Object(Closure))
#4 D:/0_Project_VS_Code/3. Sistem Basis Data/TB-K1-Database/lapak_gaming/vendor/laravel/framework/src/Illuminate/Database/Query/Builder.php(3562): Illuminate/Database/Connection->select('select * from `...', Array, true, Array)
#5 D:/0_Project_VS_Code/3. Sistem Basis Data/TB-K1-Database/lapak_gaming/vendor/laravel/framework/src/Illuminate/Database/Query/Builder.php(3546): Illuminate/Database/Query/Builder->runSelect()
#6 D:/0_Project_VS_Code/3. Sistem Basis Data/TB-K1-Database/lapak_gaming/vendor/laravel/framework/src/Illuminate/Cache/DatabaseStore.php(142): Illuminate/Database/Query/Builder->get()
#7 D:/0_Project_VS_Code/3. Sistem Basis Data/TB-K1-Database/lapak_gaming/vendor/laravel/framework/src/Illuminate/Cache/DatabaseStore.php(117): Illuminate/Cache/DatabaseStore->many(Array)
#8 D:/0_Project_VS_Code/3. Sistem Basis Data/TB-K1-Database/lapak_gaming/vendor/laravel/framework/src/Illuminate/Cache/Repository.php(124): Illuminate/Cache/DatabaseStore->get('illuminate:queu...')
#9 D:/0_Project_VS_Code/3. Sistem Basis Data/TB-K1-Database/lapak_gaming/vendor/laravel/framework/src/Illuminate/Queue/QueueManager.php(282): Illuminate/Cache/Repository->get('illuminate:queu...', false)
#10 D:/0_Project_VS_Code/3. Sistem Basis Data/TB-K1-Database/lapak_gaming/vendor/laravel/framework/src/Illuminate/Queue/Worker.php(428): Illuminate/Queue/QueueManager->isPaused('database', 'default')
#11 D:/0_Project_VS_Code/3. Sistem Basis Data/TB-K1-Database/lapak_gaming/vendor/laravel/framework/src/Illuminate/Queue/Worker.php(396): Illuminate/Queue/Worker->queuePaused('database', 'default')
#12 D:/0_Project_VS_Code/3. Sistem Basis Data/TB-K1-Database/lapak_gaming/vendor/laravel/framework/src/Illuminate/Queue/Worker.php(357): Illuminate/Queue/Worker->getNextJob(Object(Illuminate/Queue/DatabaseQueue), 'default')
#13 D:/0_Project_VS_Code/3. Sistem Basis Data/TB-K1-Database/lapak_gaming/vendor/laravel/framework/src/Illuminate/Queue/Console/WorkCommand.php(148): Illuminate/Queue/Worker->runNextJob('database', 'default', Object(Illuminate/Queue/WorkerOptions))
#14 D:/0_Project_VS_Code/3. Sistem Basis Data/TB-K1-Database/lapak_gaming/vendor/laravel/framework/src/Illuminate/Queue/Console/WorkCommand.php(131): Illuminate/Queue/Console/WorkCommand->runWorker('database', 'default')
#15 D:/0_Project_VS_Code/3. Sistem Basis Data/TB-K1-Database/lapak_gaming/vendor/laravel/framework/src/Illuminate/Container/BoundMethod.php(36): Illuminate/Queue/Console/WorkCommand->handle()
#16 D:/0_Project_VS_Code/3. Sistem Basis Data/TB-K1-Database/lapak_gaming/vendor/laravel/framework/src/Illuminate/Container/Util.php(43): Illuminate/Container/BoundMethod::{closure:Illuminate/Container/BoundMethod::call():35}()
#17 D:/0_Project_VS_Code/3. Sistem Basis Data/TB-K1-Database/lapak_gaming/vendor/laravel/framework/src/Illuminate/Container/BoundMethod.php(96): Illuminate/Container/Util::unwrapIfClosure(Object(Closure))
#18 D:/0_Project_VS_Code/3. Sistem Basis Data/TB-K1-Database/lapak_gaming/vendor/laravel/framework/src/Illuminate/Container/BoundMethod.php(35): Illuminate/Container/BoundMethod::callBoundMethod(Object(Illuminate/Foundation/Application), Array, Object(Closure))
#19 D:/0_Project_VS_Code/3. Sistem Basis Data/TB-K1-Database/lapak_gaming/vendor/laravel/framework/src/Illuminate/Container/Container.php(799): Illuminate/Container/BoundMethod::call(Object(Illuminate/Foundation/Application), Array, Array, NULL)
#20 D:/0_Project_VS_Code/3. Sistem Basis Data/TB-K1-Database/lapak_gaming/vendor/laravel/framework/src/Illuminate/Console/Command.php(280): Illuminate/Container/Container->call(Array)
#21 D:/0_Project_VS_Code/3. Sistem Basis Data/TB-K1-Database/lapak_gaming/vendor/symfony/console/Command/Command.php(291): Illuminate/Console/Command->execute(Object(Symfony/Component/Console/Input/ArgvInput), Object(Illuminate/Console/OutputStyle))
#22 D:/0_Project_VS_Code/3. Sistem Basis Data/TB-K1-Database/lapak_gaming/vendor/laravel/framework/src/Illuminate/Console/Command.php(249): Symfony/Component/Console/Command/Command->run(Object(Symfony/Component/Console/Input/ArgvInput), Object(Illuminate/Console/OutputStyle))
#23 D:/0_Project_VS_Code/3. Sistem Basis Data/TB-K1-Database/lapak_gaming/vendor/symfony/console/Application.php(1107): Illuminate/Console/Command->run(Object(Symfony/Component/Console/Input/ArgvInput), Object(Symfony/Component/Console/Output/ConsoleOutput))
#24 D:/0_Project_VS_Code/3. Sistem Basis Data/TB-K1-Database/lapak_gaming/vendor/symfony/console/Application.php(356): Symfony/Component/Console/Application->doRunCommand(Object(Illuminate/Queue/Console/WorkCommand), Object(Symfony/Component/Console/Input/ArgvInput), Object(Symfony/Component/Console/Output/ConsoleOutput))
#25 D:/0_Project_VS_Code/3. Sistem Basis Data/TB-K1-Database/lapak_gaming/vendor/symfony/console/Application.php(195): Symfony/Component/Console/Application->doRun(Object(Symfony/Component/Console/Input/ArgvInput), Object(Symfony/Component/Console/Output/ConsoleOutput))
#26 D:/0_Project_VS_Code/3. Sistem Basis Data/TB-K1-Database/lapak_gaming/vendor/laravel/framework/src/Illuminate/Foundation/Console/Kernel.php(198): Symfony/Component/Console/Application->run(Object(Symfony/Component/Console/Input/ArgvInput), Object(Symfony/Component/Console/Output/ConsoleOutput))
#27 D:/0_Project_VS_Code/3. Sistem Basis Data/TB-K1-Database/lapak_gaming/vendor/laravel/framework/src/Illuminate/Foundation/Application.php(1235): Illuminate/Foundation/Console/Kernel->handle(Object(Symfony/Component/Console/Input/ArgvInput), Object(Symfony/Component/Console/Output/ConsoleOutput))
#28 D:/0_Project_VS_Code/3. Sistem Basis Data/TB-K1-Database/lapak_gaming/artisan(16): Illuminate/Foundation/Application->handleCommand(Object(Symfony/Component/Console/Input/ArgvInput))
#29 {main}

[previous exception] [object] (PDOException(code: 2002): SQLSTATE[HY000] [2002] No connection could be made because the target machine actively refused it at D:/0_Project_VS_Code/3. Sistem Basis Data/TB-K1-Database/lapak_gaming/vendor/laravel/framework/src/Illuminate/Database/Connectors/Connector.php:67)
[stacktrace]
#0 D:/0_Project_VS_Code/3. Sistem Basis Data/TB-K1-Database/lapak_gaming/vendor/laravel/framework/src/Illuminate/Database/Connectors/Connector.php(67): PDO::connect('mysql:host=127....', 'root', Object(SensitiveParameterValue), Array)
#1 D:/0_Project_VS_Code/3. Sistem Basis Data/TB-K1-Database/lapak_gaming/vendor/laravel/framework/src/Illuminate/Database/Connectors/Connector.php(85): Illuminate/Database/Connectors/Connector->createPdoConnection('mysql:host=127....', 'root', Object(SensitiveParameterValue), Array)
#2 D:/0_Project_VS_Code/3. Sistem Basis Data/TB-K1-Database/lapak_gaming/vendor/laravel/framework/src/Illuminate/Database/Connectors/Connector.php(48): Illuminate/Database/Connectors/Connector->tryAgainIfCausedByLostConnection(Object(PDOException), 'mysql:host=127....', 'root', Object(SensitiveParameterValue), Array)
#3 D:/0_Project_VS_Code/3. Sistem Basis Data/TB-K1-Database/lapak_gaming/vendor/laravel/framework/src/Illuminate/Database/Connectors/MySqlConnector.php(24): Illuminate/Database/Connectors/Connector->createConnection('mysql:host=127....', Array, Array)
#4 D:/0_Project_VS_Code/3. Sistem Basis Data/TB-K1-Database/lapak_gaming/vendor/laravel/framework/src/Illuminate/Database/Connectors/ConnectionFactory.php(186): Illuminate/Database/Connectors/MySqlConnector->connect(Array)
#5 [internal function]: Illuminate/Database/Connectors/ConnectionFactory->{closure:Illuminate/Database/Connectors/ConnectionFactory::createPdoResolverWithHosts():181}()
#6 D:/0_Project_VS_Code/3. Sistem Basis Data/TB-K1-Database/lapak_gaming/vendor/laravel/framework/src/Illuminate/Database/Connection.php(1279): call_user_func(Object(Closure))
#7 D:/0_Project_VS_Code/3. Sistem Basis Data/TB-K1-Database/lapak_gaming/vendor/laravel/framework/src/Illuminate/Database/Connection.php(1317): Illuminate/Database/Connection->getPdo()
#8 D:/0_Project_VS_Code/3. Sistem Basis Data/TB-K1-Database/lapak_gaming/vendor/laravel/framework/src/Illuminate/Database/Connection.php(528): Illuminate/Database/Connection->getReadPdo()
#9 D:/0_Project_VS_Code/3. Sistem Basis Data/TB-K1-Database/lapak_gaming/vendor/laravel/framework/src/Illuminate/Database/Connection.php(421): Illuminate/Database/Connection->getPdoForSelect(true)
#10 D:/0_Project_VS_Code/3. Sistem Basis Data/TB-K1-Database/lapak_gaming/vendor/laravel/framework/src/Illuminate/Database/Connection.php(830): Illuminate/Database/Connection->{closure:Illuminate/Database/Connection::select():412}('select * from `...', Array)
#11 D:/0_Project_VS_Code/3. Sistem Basis Data/TB-K1-Database/lapak_gaming/vendor/laravel/framework/src/Illuminate/Database/Connection.php(1021): Illuminate/Database/Connection->runQueryCallback('select * from `...', Array, Object(Closure))
#12 D:/0_Project_VS_Code/3. Sistem Basis Data/TB-K1-Database/lapak_gaming/vendor/laravel/framework/src/Illuminate/Database/Connection.php(1000): Illuminate/Database/Connection->tryAgainIfCausedByLostConnection(Object(Illuminate/Database/QueryException), 'select * from `...', Array, Object(Closure))
#13 D:/0_Project_VS_Code/3. Sistem Basis Data/TB-K1-Database/lapak_gaming/vendor/laravel/framework/src/Illuminate/Database/Connection.php(799): Illuminate/Database/Connection->handleQueryException(Object(Illuminate/Database/QueryException), 'select * from `...', Array, Object(Closure))
#14 D:/0_Project_VS_Code/3. Sistem Basis Data/TB-K1-Database/lapak_gaming/vendor/laravel/framework/src/Illuminate/Database/Connection.php(412): Illuminate/Database/Connection->run('select * from `...', Array, Object(Closure))
#15 D:/0_Project_VS_Code/3. Sistem Basis Data/TB-K1-Database/lapak_gaming/vendor/laravel/framework/src/Illuminate/Database/Query/Builder.php(3562): Illuminate/Database/Connection->select('select * from `...', Array, true, Array)
#16 D:/0_Project_VS_Code/3. Sistem Basis Data/TB-K1-Database/lapak_gaming/vendor/laravel/framework/src/Illuminate/Database/Query/Builder.php(3546): Illuminate/Database/Query/Builder->runSelect()
#17 D:/0_Project_VS_Code/3. Sistem Basis Data/TB-K1-Database/lapak_gaming/vendor/laravel/framework/src/Illuminate/Cache/DatabaseStore.php(142): Illuminate/Database/Query/Builder->get()
#18 D:/0_Project_VS_Code/3. Sistem Basis Data/TB-K1-Database/lapak_gaming/vendor/laravel/framework/src/Illuminate/Cache/DatabaseStore.php(117): Illuminate/Cache/DatabaseStore->many(Array)
#19 D:/0_Project_VS_Code/3. Sistem Basis Data/TB-K1-Database/lapak_gaming/vendor/laravel/framework/src/Illuminate/Cache/Repository.php(124): Illuminate/Cache/DatabaseStore->get('illuminate:queu...')
#20 D:/0_Project_VS_Code/3. Sistem Basis Data/TB-K1-Database/lapak_gaming/vendor/laravel/framework/src/Illuminate/Queue/QueueManager.php(282): Illuminate/Cache/Repository->get('illuminate:queu...', false)
#21 D:/0_Project_VS_Code/3. Sistem Basis Data/TB-K1-Database/lapak_gaming/vendor/laravel/framework/src/Illuminate/Queue/Worker.php(428): Illuminate/Queue/QueueManager->isPaused('database', 'default')
#22 D:/0_Project_VS_Code/3. Sistem Basis Data/TB-K1-Database/lapak_gaming/vendor/laravel/framework/src/Illuminate/Queue/Worker.php(396): Illuminate/Queue/Worker->queuePaused('database', 'default')
#23 D:/0_Project_VS_Code/3. Sistem Basis Data/TB-K1-Database/lapak_gaming/vendor/laravel/framework/src/Illuminate/Queue/Worker.php(357): Illuminate/Queue/Worker->getNextJob(Object(Illuminate/Queue/DatabaseQueue), 'default')
#24 D:/0_Project_VS_Code/3. Sistem Basis Data/TB-K1-Database/lapak_gaming/vendor/laravel/framework/src/Illuminate/Queue/Console/WorkCommand.php(148): Illuminate/Queue/Worker->runNextJob('database', 'default', Object(Illuminate/Queue/WorkerOptions))
#25 D:/0_Project_VS_Code/3. Sistem Basis Data/TB-K1-Database/lapak_gaming/vendor/laravel/framework/src/Illuminate/Queue/Console/WorkCommand.php(131): Illuminate/Queue/Console/WorkCommand->runWorker('database', 'default')
#26 D:/0_Project_VS_Code/3. Sistem Basis Data/TB-K1-Database/lapak_gaming/vendor/laravel/framework/src/Illuminate/Container/BoundMethod.php(36): Illuminate/Queue/Console/WorkCommand->handle()
#27 D:/0_Project_VS_Code/3. Sistem Basis Data/TB-K1-Database/lapak_gaming/vendor/laravel/framework/src/Illuminate/Container/Util.php(43): Illuminate/Container/BoundMethod::{closure:Illuminate/Container/BoundMethod::call():35}()
#28 D:/0_Project_VS_Code/3. Sistem Basis Data/TB-K1-Database/lapak_gaming/vendor/laravel/framework/src/Illuminate/Container/BoundMethod.php(96): Illuminate/Container/Util::unwrapIfClosure(Object(Closure))
#29 D:/0_Project_VS_Code/3. Sistem Basis Data/TB-K1-Database/lapak_gaming/vendor/laravel/framework/src/Illuminate/Container/BoundMethod.php(35): Illuminate/Container/BoundMethod::callBoundMethod(Object(Illuminate/Foundation/Application), Array, Object(Closure))
#30 D:/0_Project_VS_Code/3. Sistem Basis Data/TB-K1-Database/lapak_gaming/vendor/laravel/framework/src/Illuminate/Container/Container.php(799): Illuminate/Container/BoundMethod::call(Object(Illuminate/Foundation/Application), Array, Array, NULL)
#31 D:/0_Project_VS_Code/3. Sistem Basis Data/TB-K1-Database/lapak_gaming/vendor/laravel/framework/src/Illuminate/Console/Command.php(280): Illuminate/Container/Container->call(Array)
#32 D:/0_Project_VS_Code/3. Sistem Basis Data/TB-K1-Database/lapak_gaming/vendor/symfony/console/Command/Command.php(291): Illuminate/Console/Command->execute(Object(Symfony/Component/Console/Input/ArgvInput), Object(Illuminate/Console/OutputStyle))
#33 D:/0_Project_VS_Code/3. Sistem Basis Data/TB-K1-Database/lapak_gaming/vendor/laravel/framework/src/Illuminate/Console/Command.php(249): Symfony/Component/Console/Command/Command->run(Object(Symfony/Component/Console/Input/ArgvInput), Object(Illuminate/Console/OutputStyle))
#34 D:/0_Project_VS_Code/3. Sistem Basis Data/TB-K1-Database/lapak_gaming/vendor/symfony/console/Application.php(1107): Illuminate/Console/Command->run(Object(Symfony/Component/Console/Input/ArgvInput), Object(Symfony/Component/Console/Output/ConsoleOutput))
#35 D:/0_Project_VS_Code/3. Sistem Basis Data/TB-K1-Database/lapak_gaming/vendor/symfony/console/Application.php(356): Symfony/Component/Console/Application->doRunCommand(Object(Illuminate/Queue/Console/WorkCommand), Object(Symfony/Component/Console/Input/ArgvInput), Object(Symfony/Component/Console/Output/ConsoleOutput))
#36 D:/0_Project_VS_Code/3. Sistem Basis Data/TB-K1-Database/lapak_gaming/vendor/symfony/console/Application.php(195): Symfony/Component/Console/Application->doRun(Object(Symfony/Component/Console/Input/ArgvInput), Object(Symfony/Component/Console/Output/ConsoleOutput))
#37 D:/0_Project_VS_Code/3. Sistem Basis Data/TB-K1-Database/lapak_gaming/vendor/laravel/framework/src/Illuminate/Foundation/Console/Kernel.php(198): Symfony/Component/Console/Application->run(Object(Symfony/Component/Console/Input/ArgvInput), Object(Symfony/Component/Console/Output/ConsoleOutput))
#38 D:/0_Project_VS_Code/3. Sistem Basis Data/TB-K1-Database/lapak_gaming/vendor/laravel/framework/src/Illuminate/Foundation/Application.php(1235): Illuminate/Foundation/Console/Kernel->handle(Object(Symfony/Component/Console/Input/ArgvInput), Object(Symfony/Component/Console/Output/ConsoleOutput))
#39 D:/0_Project_VS_Code/3. Sistem Basis Data/TB-K1-Database/lapak_gaming/artisan(16): Illuminate/Foundation/Application->handleCommand(Object(Symfony/Component/Console/Input/ArgvInput))
#40 {main}
"} 
[2026-04-01 06:27:57] local.ERROR: SQLSTATE[HY000] [2002] No connection could be made because the target machine actively refused it (Connection: mysql, Host: 127.0.0.1, Port: 3306, Database: lapak_gaming, SQL: select * from `cache` where `key` in (laravel-cache-illuminate:queue:paused:database:default)) {"exception":"[object] (Illuminate\\Database\\QueryException(code: 2002): SQLSTATE[HY000] [2002] No connection could be made because the target machine actively refused it (Connection: mysql, Host: 127.0.0.1, Port: 3306, Database: lapak_gaming, SQL: select * from `cache` where `key` in (laravel-cache-illuminate:queue:paused:database:default)) at D:/0_Project_VS_Code/3. Sistem Basis Data/TB-K1-Database/lapak_gaming/vendor/laravel/framework/src/Illuminate/Database/Connection.php:841)
[stacktrace]
#0 D:/0_Project_VS_Code/3. Sistem Basis Data/TB-K1-Database/lapak_gaming/vendor/laravel/framework/src/Illuminate/Database/Connection.php(1021): Illuminate/Database/Connection->runQueryCallback('select * from `...', Array, Object(Closure))
#1 D:/0_Project_VS_Code/3. Sistem Basis Data/TB-K1-Database/lapak_gaming/vendor/laravel/framework/src/Illuminate/Database/Connection.php(1000): Illuminate/Database/Connection->tryAgainIfCausedByLostConnection(Object(Illuminate/Database/QueryException), 'select * from `...', Array, Object(Closure))
#2 D:/0_Project_VS_Code/3. Sistem Basis Data/TB-K1-Database/lapak_gaming/vendor/laravel/framework/src/Illuminate/Database/Connection.php(799): Illuminate/Database/Connection->handleQueryException(Object(Illuminate/Database/QueryException), 'select * from `...', Array, Object(Closure))
#3 D:/0_Project_VS_Code/3. Sistem Basis Data/TB-K1-Database/lapak_gaming/vendor/laravel/framework/src/Illuminate/Database/Connection.php(412): Illuminate/Database/Connection->run('select * from `...', Array, Object(Closure))
#4 D:/0_Project_VS_Code/3. Sistem Basis Data/TB-K1-Database/lapak_gaming/vendor/laravel/framework/src/Illuminate/Database/Query/Builder.php(3562): Illuminate/Database/Connection->select('select * from `...', Array, true, Array)
#5 D:/0_Project_VS_Code/3. Sistem Basis Data/TB-K1-Database/lapak_gaming/vendor/laravel/framework/src/Illuminate/Database/Query/Builder.php(3546): Illuminate/Database/Query/Builder->runSelect()
#6 D:/0_Project_VS_Code/3. Sistem Basis Data/TB-K1-Database/lapak_gaming/vendor/laravel/framework/src/Illuminate/Cache/DatabaseStore.php(142): Illuminate/Database/Query/Builder->get()
#7 D:/0_Project_VS_Code/3. Sistem Basis Data/TB-K1-Database/lapak_gaming/vendor/laravel/framework/src/Illuminate/Cache/DatabaseStore.php(117): Illuminate/Cache/DatabaseStore->many(Array)
#8 D:/0_Project_VS_Code/3. Sistem Basis Data/TB-K1-Database/lapak_gaming/vendor/laravel/framework/src/Illuminate/Cache/Repository.php(124): Illuminate/Cache/DatabaseStore->get('illuminate:queu...')
#9 D:/0_Project_VS_Code/3. Sistem Basis Data/TB-K1-Database/lapak_gaming/vendor/laravel/framework/src/Illuminate/Queue/QueueManager.php(282): Illuminate/Cache/Repository->get('illuminate:queu...', false)
#10 D:/0_Project_VS_Code/3. Sistem Basis Data/TB-K1-Database/lapak_gaming/vendor/laravel/framework/src/Illuminate/Queue/Worker.php(428): Illuminate/Queue/QueueManager->isPaused('database', 'default')
#11 D:/0_Project_VS_Code/3. Sistem Basis Data/TB-K1-Database/lapak_gaming/vendor/laravel/framework/src/Illuminate/Queue/Worker.php(396): Illuminate/Queue/Worker->queuePaused('database', 'default')
#12 D:/0_Project_VS_Code/3. Sistem Basis Data/TB-K1-Database/lapak_gaming/vendor/laravel/framework/src/Illuminate/Queue/Worker.php(357): Illuminate/Queue/Worker->getNextJob(Object(Illuminate/Queue/DatabaseQueue), 'default')
#13 D:/0_Project_VS_Code/3. Sistem Basis Data/TB-K1-Database/lapak_gaming/vendor/laravel/framework/src/Illuminate/Queue/Console/WorkCommand.php(148): Illuminate/Queue/Worker->runNextJob('database', 'default', Object(Illuminate/Queue/WorkerOptions))
#14 D:/0_Project_VS_Code/3. Sistem Basis Data/TB-K1-Database/lapak_gaming/vendor/laravel/framework/src/Illuminate/Queue/Console/WorkCommand.php(131): Illuminate/Queue/Console/WorkCommand->runWorker('database', 'default')
#15 D:/0_Project_VS_Code/3. Sistem Basis Data/TB-K1-Database/lapak_gaming/vendor/laravel/framework/src/Illuminate/Container/BoundMethod.php(36): Illuminate/Queue/Console/WorkCommand->handle()
#16 D:/0_Project_VS_Code/3. Sistem Basis Data/TB-K1-Database/lapak_gaming/vendor/laravel/framework/src/Illuminate/Container/Util.php(43): Illuminate/Container/BoundMethod::{closure:Illuminate/Container/BoundMethod::call():35}()
#17 D:/0_Project_VS_Code/3. Sistem Basis Data/TB-K1-Database/lapak_gaming/vendor/laravel/framework/src/Illuminate/Container/BoundMethod.php(96): Illuminate/Container/Util::unwrapIfClosure(Object(Closure))
#18 D:/0_Project_VS_Code/3. Sistem Basis Data/TB-K1-Database/lapak_gaming/vendor/laravel/framework/src/Illuminate/Container/BoundMethod.php(35): Illuminate/Container/BoundMethod::callBoundMethod(Object(Illuminate/Foundation/Application), Array, Object(Closure))
#19 D:/0_Project_VS_Code/3. Sistem Basis Data/TB-K1-Database/lapak_gaming/vendor/laravel/framework/src/Illuminate/Container/Container.php(799): Illuminate/Container/BoundMethod::call(Object(Illuminate/Foundation/Application), Array, Array, NULL)
#20 D:/0_Project_VS_Code/3. Sistem Basis Data/TB-K1-Database/lapak_gaming/vendor/laravel/framework/src/Illuminate/Console/Command.php(280): Illuminate/Container/Container->call(Array)
#21 D:/0_Project_VS_Code/3. Sistem Basis Data/TB-K1-Database/lapak_gaming/vendor/symfony/console/Command/Command.php(291): Illuminate/Console/Command->execute(Object(Symfony/Component/Console/Input/ArgvInput), Object(Illuminate/Console/OutputStyle))
#22 D:/0_Project_VS_Code/3. Sistem Basis Data/TB-K1-Database/lapak_gaming/vendor/laravel/framework/src/Illuminate/Console/Command.php(249): Symfony/Component/Console/Command/Command->run(Object(Symfony/Component/Console/Input/ArgvInput), Object(Illuminate/Console/OutputStyle))
#23 D:/0_Project_VS_Code/3. Sistem Basis Data/TB-K1-Database/lapak_gaming/vendor/symfony/console/Application.php(1107): Illuminate/Console/Command->run(Object(Symfony/Component/Console/Input/ArgvInput), Object(Symfony/Component/Console/Output/ConsoleOutput))
#24 D:/0_Project_VS_Code/3. Sistem Basis Data/TB-K1-Database/lapak_gaming/vendor/symfony/console/Application.php(356): Symfony/Component/Console/Application->doRunCommand(Object(Illuminate/Queue/Console/WorkCommand), Object(Symfony/Component/Console/Input/ArgvInput), Object(Symfony/Component/Console/Output/ConsoleOutput))
#25 D:/0_Project_VS_Code/3. Sistem Basis Data/TB-K1-Database/lapak_gaming/vendor/symfony/console/Application.php(195): Symfony/Component/Console/Application->doRun(Object(Symfony/Component/Console/Input/ArgvInput), Object(Symfony/Component/Console/Output/ConsoleOutput))
#26 D:/0_Project_VS_Code/3. Sistem Basis Data/TB-K1-Database/lapak_gaming/vendor/laravel/framework/src/Illuminate/Foundation/Console/Kernel.php(198): Symfony/Component/Console/Application->run(Object(Symfony/Component/Console/Input/ArgvInput), Object(Symfony/Component/Console/Output/ConsoleOutput))
#27 D:/0_Project_VS_Code/3. Sistem Basis Data/TB-K1-Database/lapak_gaming/vendor/laravel/framework/src/Illuminate/Foundation/Application.php(1235): Illuminate/Foundation/Console/Kernel->handle(Object(Symfony/Component/Console/Input/ArgvInput), Object(Symfony/Component/Console/Output/ConsoleOutput))
#28 D:/0_Project_VS_Code/3. Sistem Basis Data/TB-K1-Database/lapak_gaming/artisan(16): Illuminate/Foundation/Application->handleCommand(Object(Symfony/Component/Console/Input/ArgvInput))
#29 {main}

[previous exception] [object] (PDOException(code: 2002): SQLSTATE[HY000] [2002] No connection could be made because the target machine actively refused it at D:/0_Project_VS_Code/3. Sistem Basis Data/TB-K1-Database/lapak_gaming/vendor/laravel/framework/src/Illuminate/Database/Connectors/Connector.php:67)
[stacktrace]
#0 D:/0_Project_VS_Code/3. Sistem Basis Data/TB-K1-Database/lapak_gaming/vendor/laravel/framework/src/Illuminate/Database/Connectors/Connector.php(67): PDO::connect('mysql:host=127....', 'root', Object(SensitiveParameterValue), Array)
#1 D:/0_Project_VS_Code/3. Sistem Basis Data/TB-K1-Database/lapak_gaming/vendor/laravel/framework/src/Illuminate/Database/Connectors/Connector.php(85): Illuminate/Database/Connectors/Connector->createPdoConnection('mysql:host=127....', 'root', Object(SensitiveParameterValue), Array)
#2 D:/0_Project_VS_Code/3. Sistem Basis Data/TB-K1-Database/lapak_gaming/vendor/laravel/framework/src/Illuminate/Database/Connectors/Connector.php(48): Illuminate/Database/Connectors/Connector->tryAgainIfCausedByLostConnection(Object(PDOException), 'mysql:host=127....', 'root', Object(SensitiveParameterValue), Array)
#3 D:/0_Project_VS_Code/3. Sistem Basis Data/TB-K1-Database/lapak_gaming/vendor/laravel/framework/src/Illuminate/Database/Connectors/MySqlConnector.php(24): Illuminate/Database/Connectors/Connector->createConnection('mysql:host=127....', Array, Array)
#4 D:/0_Project_VS_Code/3. Sistem Basis Data/TB-K1-Database/lapak_gaming/vendor/laravel/framework/src/Illuminate/Database/Connectors/ConnectionFactory.php(186): Illuminate/Database/Connectors/MySqlConnector->connect(Array)
#5 [internal function]: Illuminate/Database/Connectors/ConnectionFactory->{closure:Illuminate/Database/Connectors/ConnectionFactory::createPdoResolverWithHosts():181}()
#6 D:/0_Project_VS_Code/3. Sistem Basis Data/TB-K1-Database/lapak_gaming/vendor/laravel/framework/src/Illuminate/Database/Connection.php(1279): call_user_func(Object(Closure))
#7 D:/0_Project_VS_Code/3. Sistem Basis Data/TB-K1-Database/lapak_gaming/vendor/laravel/framework/src/Illuminate/Database/Connection.php(1317): Illuminate/Database/Connection->getPdo()
#8 D:/0_Project_VS_Code/3. Sistem Basis Data/TB-K1-Database/lapak_gaming/vendor/laravel/framework/src/Illuminate/Database/Connection.php(528): Illuminate/Database/Connection->getReadPdo()
#9 D:/0_Project_VS_Code/3. Sistem Basis Data/TB-K1-Database/lapak_gaming/vendor/laravel/framework/src/Illuminate/Database/Connection.php(421): Illuminate/Database/Connection->getPdoForSelect(true)
#10 D:/0_Project_VS_Code/3. Sistem Basis Data/TB-K1-Database/lapak_gaming/vendor/laravel/framework/src/Illuminate/Database/Connection.php(830): Illuminate/Database/Connection->{closure:Illuminate/Database/Connection::select():412}('select * from `...', Array)
#11 D:/0_Project_VS_Code/3. Sistem Basis Data/TB-K1-Database/lapak_gaming/vendor/laravel/framework/src/Illuminate/Database/Connection.php(1021): Illuminate/Database/Connection->runQueryCallback('select * from `...', Array, Object(Closure))
#12 D:/0_Project_VS_Code/3. Sistem Basis Data/TB-K1-Database/lapak_gaming/vendor/laravel/framework/src/Illuminate/Database/Connection.php(1000): Illuminate/Database/Connection->tryAgainIfCausedByLostConnection(Object(Illuminate/Database/QueryException), 'select * from `...', Array, Object(Closure))
#13 D:/0_Project_VS_Code/3. Sistem Basis Data/TB-K1-Database/lapak_gaming/vendor/laravel/framework/src/Illuminate/Database/Connection.php(799): Illuminate/Database/Connection->handleQueryException(Object(Illuminate/Database/QueryException), 'select * from `...', Array, Object(Closure))
#14 D:/0_Project_VS_Code/3. Sistem Basis Data/TB-K1-Database/lapak_gaming/vendor/laravel/framework/src/Illuminate/Database/Connection.php(412): Illuminate/Database/Connection->run('select * from `...', Array, Object(Closure))
#15 D:/0_Project_VS_Code/3. Sistem Basis Data/TB-K1-Database/lapak_gaming/vendor/laravel/framework/src/Illuminate/Database/Query/Builder.php(3562): Illuminate/Database/Connection->select('select * from `...', Array, true, Array)
#16 D:/0_Project_VS_Code/3. Sistem Basis Data/TB-K1-Database/lapak_gaming/vendor/laravel/framework/src/Illuminate/Database/Query/Builder.php(3546): Illuminate/Database/Query/Builder->runSelect()
#17 D:/0_Project_VS_Code/3. Sistem Basis Data/TB-K1-Database/lapak_gaming/vendor/laravel/framework/src/Illuminate/Cache/DatabaseStore.php(142): Illuminate/Database/Query/Builder->get()
#18 D:/0_Project_VS_Code/3. Sistem Basis Data/TB-K1-Database/lapak_gaming/vendor/laravel/framework/src/Illuminate/Cache/DatabaseStore.php(117): Illuminate/Cache/DatabaseStore->many(Array)
#19 D:/0_Project_VS_Code/3. Sistem Basis Data/TB-K1-Database/lapak_gaming/vendor/laravel/framework/src/Illuminate/Cache/Repository.php(124): Illuminate/Cache/DatabaseStore->get('illuminate:queu...')
#20 D:/0_Project_VS_Code/3. Sistem Basis Data/TB-K1-Database/lapak_gaming/vendor/laravel/framework/src/Illuminate/Queue/QueueManager.php(282): Illuminate/Cache/Repository->get('illuminate:queu...', false)
#21 D:/0_Project_VS_Code/3. Sistem Basis Data/TB-K1-Database/lapak_gaming/vendor/laravel/framework/src/Illuminate/Queue/Worker.php(428): Illuminate/Queue/QueueManager->isPaused('database', 'default')
#22 D:/0_Project_VS_Code/3. Sistem Basis Data/TB-K1-Database/lapak_gaming/vendor/laravel/framework/src/Illuminate/Queue/Worker.php(396): Illuminate/Queue/Worker->queuePaused('database', 'default')
#23 D:/0_Project_VS_Code/3. Sistem Basis Data/TB-K1-Database/lapak_gaming/vendor/laravel/framework/src/Illuminate/Queue/Worker.php(357): Illuminate/Queue/Worker->getNextJob(Object(Illuminate/Queue/DatabaseQueue), 'default')
#24 D:/0_Project_VS_Code/3. Sistem Basis Data/TB-K1-Database/lapak_gaming/vendor/laravel/framework/src/Illuminate/Queue/Console/WorkCommand.php(148): Illuminate/Queue/Worker->runNextJob('database', 'default', Object(Illuminate/Queue/WorkerOptions))
#25 D:/0_Project_VS_Code/3. Sistem Basis Data/TB-K1-Database/lapak_gaming/vendor/laravel/framework/src/Illuminate/Queue/Console/WorkCommand.php(131): Illuminate/Queue/Console/WorkCommand->runWorker('database', 'default')
#26 D:/0_Project_VS_Code/3. Sistem Basis Data/TB-K1-Database/lapak_gaming/vendor/laravel/framework/src/Illuminate/Container/BoundMethod.php(36): Illuminate/Queue/Console/WorkCommand->handle()
#27 D:/0_Project_VS_Code/3. Sistem Basis Data/TB-K1-Database/lapak_gaming/vendor/laravel/framework/src/Illuminate/Container/Util.php(43): Illuminate/Container/BoundMethod::{closure:Illuminate/Container/BoundMethod::call():35}()
#28 D:/0_Project_VS_Code/3. Sistem Basis Data/TB-K1-Database/lapak_gaming/vendor/laravel/framework/src/Illuminate/Container/BoundMethod.php(96): Illuminate/Container/Util::unwrapIfClosure(Object(Closure))
#29 D:/0_Project_VS_Code/3. Sistem Basis Data/TB-K1-Database/lapak_gaming/vendor/laravel/framework/src/Illuminate/Container/BoundMethod.php(35): Illuminate/Container/BoundMethod::callBoundMethod(Object(Illuminate/Foundation/Application), Array, Object(Closure))
#30 D:/0_Project_VS_Code/3. Sistem Basis Data/TB-K1-Database/lapak_gaming/vendor/laravel/framework/src/Illuminate/Container/Container.php(799): Illuminate/Container/BoundMethod::call(Object(Illuminate/Foundation/Application), Array, Array, NULL)
#31 D:/0_Project_VS_Code/3. Sistem Basis Data/TB-K1-Database/lapak_gaming/vendor/laravel/framework/src/Illuminate/Console/Command.php(280): Illuminate/Container/Container->call(Array)
#32 D:/0_Project_VS_Code/3. Sistem Basis Data/TB-K1-Database/lapak_gaming/vendor/symfony/console/Command/Command.php(291): Illuminate/Console/Command->execute(Object(Symfony/Component/Console/Input/ArgvInput), Object(Illuminate/Console/OutputStyle))
#33 D:/0_Project_VS_Code/3. Sistem Basis Data/TB-K1-Database/lapak_gaming/vendor/laravel/framework/src/Illuminate/Console/Command.php(249): Symfony/Component/Console/Command/Command->run(Object(Symfony/Component/Console/Input/ArgvInput), Object(Illuminate/Console/OutputStyle))
#34 D:/0_Project_VS_Code/3. Sistem Basis Data/TB-K1-Database/lapak_gaming/vendor/symfony/console/Application.php(1107): Illuminate/Console/Command->run(Object(Symfony/Component/Console/Input/ArgvInput), Object(Symfony/Component/Console/Output/ConsoleOutput))
#35 D:/0_Project_VS_Code/3. Sistem Basis Data/TB-K1-Database/lapak_gaming/vendor/symfony/console/Application.php(356): Symfony/Component/Console/Application->doRunCommand(Object(Illuminate/Queue/Console/WorkCommand), Object(Symfony/Component/Console/Input/ArgvInput), Object(Symfony/Component/Console/Output/ConsoleOutput))
#36 D:/0_Project_VS_Code/3. Sistem Basis Data/TB-K1-Database/lapak_gaming/vendor/symfony/console/Application.php(195): Symfony/Component/Console/Application->doRun(Object(Symfony/Component/Console/Input/ArgvInput), Object(Symfony/Component/Console/Output/ConsoleOutput))
#37 D:/0_Project_VS_Code/3. Sistem Basis Data/TB-K1-Database/lapak_gaming/vendor/laravel/framework/src/Illuminate/Foundation/Console/Kernel.php(198): Symfony/Component/Console/Application->run(Object(Symfony/Component/Console/Input/ArgvInput), Object(Symfony/Component/Console/Output/ConsoleOutput))
#38 D:/0_Project_VS_Code/3. Sistem Basis Data/TB-K1-Database/lapak_gaming/vendor/laravel/framework/src/Illuminate/Foundation/Application.php(1235): Illuminate/Foundation/Console/Kernel->handle(Object(Symfony/Component/Console/Input/ArgvInput), Object(Symfony/Component/Console/Output/ConsoleOutput))
#39 D:/0_Project_VS_Code/3. Sistem Basis Data/TB-K1-Database/lapak_gaming/artisan(16): Illuminate/Foundation/Application->handleCommand(Object(Symfony/Component/Console/Input/ArgvInput))
#40 {main}
"} 
[2026-04-01 06:28:09] local.ERROR: SQLSTATE[HY000] [2002] No connection could be made because the target machine actively refused it (Connection: mysql, Host: 127.0.0.1, Port: 3306, Database: lapak_gaming, SQL: select * from `cache` where `key` in (laravel-cache-illuminate:queue:paused:database:default)) {"exception":"[object] (Illuminate\\Database\\QueryException(code: 2002): SQLSTATE[HY000] [2002] No connection could be made because the target machine actively refused it (Connection: mysql, Host: 127.0.0.1, Port: 3306, Database: lapak_gaming, SQL: select * from `cache` where `key` in (laravel-cache-illuminate:queue:paused:database:default)) at D:/0_Project_VS_Code/3. Sistem Basis Data/TB-K1-Database/lapak_gaming/vendor/laravel/framework/src/Illuminate/Database/Connection.php:841)
[stacktrace]
#0 D:/0_Project_VS_Code/3. Sistem Basis Data/TB-K1-Database/lapak_gaming/vendor/laravel/framework/src/Illuminate/Database/Connection.php(1021): Illuminate/Database/Connection->runQueryCallback('select * from `...', Array, Object(Closure))
#1 D:/0_Project_VS_Code/3. Sistem Basis Data/TB-K1-Database/lapak_gaming/vendor/laravel/framework/src/Illuminate/Database/Connection.php(1000): Illuminate/Database/Connection->tryAgainIfCausedByLostConnection(Object(Illuminate/Database/QueryException), 'select * from `...', Array, Object(Closure))
#2 D:/0_Project_VS_Code/3. Sistem Basis Data/TB-K1-Database/lapak_gaming/vendor/laravel/framework/src/Illuminate/Database/Connection.php(799): Illuminate/Database/Connection->handleQueryException(Object(Illuminate/Database/QueryException), 'select * from `...', Array, Object(Closure))
#3 D:/0_Project_VS_Code/3. Sistem Basis Data/TB-K1-Database/lapak_gaming/vendor/laravel/framework/src/Illuminate/Database/Connection.php(412): Illuminate/Database/Connection->run('select * from `...', Array, Object(Closure))
#4 D:/0_Project_VS_Code/3. Sistem Basis Data/TB-K1-Database/lapak_gaming/vendor/laravel/framework/src/Illuminate/Database/Query/Builder.php(3562): Illuminate/Database/Connection->select('select * from `...', Array, true, Array)
#5 D:/0_Project_VS_Code/3. Sistem Basis Data/TB-K1-Database/lapak_gaming/vendor/laravel/framework/src/Illuminate/Database/Query/Builder.php(3546): Illuminate/Database/Query/Builder->runSelect()
#6 D:/0_Project_VS_Code/3. Sistem Basis Data/TB-K1-Database/lapak_gaming/vendor/laravel/framework/src/Illuminate/Cache/DatabaseStore.php(142): Illuminate/Database/Query/Builder->get()
#7 D:/0_Project_VS_Code/3. Sistem Basis Data/TB-K1-Database/lapak_gaming/vendor/laravel/framework/src/Illuminate/Cache/DatabaseStore.php(117): Illuminate/Cache/DatabaseStore->many(Array)
#8 D:/0_Project_VS_Code/3. Sistem Basis Data/TB-K1-Database/lapak_gaming/vendor/laravel/framework/src/Illuminate/Cache/Repository.php(124): Illuminate/Cache/DatabaseStore->get('illuminate:queu...')
#9 D:/0_Project_VS_Code/3. Sistem Basis Data/TB-K1-Database/lapak_gaming/vendor/laravel/framework/src/Illuminate/Queue/QueueManager.php(282): Illuminate/Cache/Repository->get('illuminate:queu...', false)
#10 D:/0_Project_VS_Code/3. Sistem Basis Data/TB-K1-Database/lapak_gaming/vendor/laravel/framework/src/Illuminate/Queue/Worker.php(428): Illuminate/Queue/QueueManager->isPaused('database', 'default')
#11 D:/0_Project_VS_Code/3. Sistem Basis Data/TB-K1-Database/lapak_gaming/vendor/laravel/framework/src/Illuminate/Queue/Worker.php(396): Illuminate/Queue/Worker->queuePaused('database', 'default')
#12 D:/0_Project_VS_Code/3. Sistem Basis Data/TB-K1-Database/lapak_gaming/vendor/laravel/framework/src/Illuminate/Queue/Worker.php(357): Illuminate/Queue/Worker->getNextJob(Object(Illuminate/Queue/DatabaseQueue), 'default')
#13 D:/0_Project_VS_Code/3. Sistem Basis Data/TB-K1-Database/lapak_gaming/vendor/laravel/framework/src/Illuminate/Queue/Console/WorkCommand.php(148): Illuminate/Queue/Worker->runNextJob('database', 'default', Object(Illuminate/Queue/WorkerOptions))
#14 D:/0_Project_VS_Code/3. Sistem Basis Data/TB-K1-Database/lapak_gaming/vendor/laravel/framework/src/Illuminate/Queue/Console/WorkCommand.php(131): Illuminate/Queue/Console/WorkCommand->runWorker('database', 'default')
#15 D:/0_Project_VS_Code/3. Sistem Basis Data/TB-K1-Database/lapak_gaming/vendor/laravel/framework/src/Illuminate/Container/BoundMethod.php(36): Illuminate/Queue/Console/WorkCommand->handle()
#16 D:/0_Project_VS_Code/3. Sistem Basis Data/TB-K1-Database/lapak_gaming/vendor/laravel/framework/src/Illuminate/Container/Util.php(43): Illuminate/Container/BoundMethod::{closure:Illuminate/Container/BoundMethod::call():35}()
#17 D:/0_Project_VS_Code/3. Sistem Basis Data/TB-K1-Database/lapak_gaming/vendor/laravel/framework/src/Illuminate/Container/BoundMethod.php(96): Illuminate/Container/Util::unwrapIfClosure(Object(Closure))
#18 D:/0_Project_VS_Code/3. Sistem Basis Data/TB-K1-Database/lapak_gaming/vendor/laravel/framework/src/Illuminate/Container/BoundMethod.php(35): Illuminate/Container/BoundMethod::callBoundMethod(Object(Illuminate/Foundation/Application), Array, Object(Closure))
#19 D:/0_Project_VS_Code/3. Sistem Basis Data/TB-K1-Database/lapak_gaming/vendor/laravel/framework/src/Illuminate/Container/Container.php(799): Illuminate/Container/BoundMethod::call(Object(Illuminate/Foundation/Application), Array, Array, NULL)
#20 D:/0_Project_VS_Code/3. Sistem Basis Data/TB-K1-Database/lapak_gaming/vendor/laravel/framework/src/Illuminate/Console/Command.php(280): Illuminate/Container/Container->call(Array)
#21 D:/0_Project_VS_Code/3. Sistem Basis Data/TB-K1-Database/lapak_gaming/vendor/symfony/console/Command/Command.php(291): Illuminate/Console/Command->execute(Object(Symfony/Component/Console/Input/ArgvInput), Object(Illuminate/Console/OutputStyle))
#22 D:/0_Project_VS_Code/3. Sistem Basis Data/TB-K1-Database/lapak_gaming/vendor/laravel/framework/src/Illuminate/Console/Command.php(249): Symfony/Component/Console/Command/Command->run(Object(Symfony/Component/Console/Input/ArgvInput), Object(Illuminate/Console/OutputStyle))
#23 D:/0_Project_VS_Code/3. Sistem Basis Data/TB-K1-Database/lapak_gaming/vendor/symfony/console/Application.php(1107): Illuminate/Console/Command->run(Object(Symfony/Component/Console/Input/ArgvInput), Object(Symfony/Component/Console/Output/ConsoleOutput))
#24 D:/0_Project_VS_Code/3. Sistem Basis Data/TB-K1-Database/lapak_gaming/vendor/symfony/console/Application.php(356): Symfony/Component/Console/Application->doRunCommand(Object(Illuminate/Queue/Console/WorkCommand), Object(Symfony/Component/Console/Input/ArgvInput), Object(Symfony/Component/Console/Output/ConsoleOutput))
#25 D:/0_Project_VS_Code/3. Sistem Basis Data/TB-K1-Database/lapak_gaming/vendor/symfony/console/Application.php(195): Symfony/Component/Console/Application->doRun(Object(Symfony/Component/Console/Input/ArgvInput), Object(Symfony/Component/Console/Output/ConsoleOutput))
#26 D:/0_Project_VS_Code/3. Sistem Basis Data/TB-K1-Database/lapak_gaming/vendor/laravel/framework/src/Illuminate/Foundation/Console/Kernel.php(198): Symfony/Component/Console/Application->run(Object(Symfony/Component/Console/Input/ArgvInput), Object(Symfony/Component/Console/Output/ConsoleOutput))
#27 D:/0_Project_VS_Code/3. Sistem Basis Data/TB-K1-Database/lapak_gaming/vendor/laravel/framework/src/Illuminate/Foundation/Application.php(1235): Illuminate/Foundation/Console/Kernel->handle(Object(Symfony/Component/Console/Input/ArgvInput), Object(Symfony/Component/Console/Output/ConsoleOutput))
#28 D:/0_Project_VS_Code/3. Sistem Basis Data/TB-K1-Database/lapak_gaming/artisan(16): Illuminate/Foundation/Application->handleCommand(Object(Symfony/Component/Console/Input/ArgvInput))
#29 {main}

[previous exception] [object] (PDOException(code: 2002): SQLSTATE[HY000] [2002] No connection could be made because the target machine actively refused it at D:/0_Project_VS_Code/3. Sistem Basis Data/TB-K1-Database/lapak_gaming/vendor/laravel/framework/src/Illuminate/Database/Connectors/Connector.php:67)
[stacktrace]
#0 D:/0_Project_VS_Code/3. Sistem Basis Data/TB-K1-Database/lapak_gaming/vendor/laravel/framework/src/Illuminate/Database/Connectors/Connector.php(67): PDO::connect('mysql:host=127....', 'root', Object(SensitiveParameterValue), Array)
#1 D:/0_Project_VS_Code/3. Sistem Basis Data/TB-K1-Database/lapak_gaming/vendor/laravel/framework/src/Illuminate/Database/Connectors/Connector.php(85): Illuminate/Database/Connectors/Connector->createPdoConnection('mysql:host=127....', 'root', Object(SensitiveParameterValue), Array)
#2 D:/0_Project_VS_Code/3. Sistem Basis Data/TB-K1-Database/lapak_gaming/vendor/laravel/framework/src/Illuminate/Database/Connectors/Connector.php(48): Illuminate/Database/Connectors/Connector->tryAgainIfCausedByLostConnection(Object(PDOException), 'mysql:host=127....', 'root', Object(SensitiveParameterValue), Array)
#3 D:/0_Project_VS_Code/3. Sistem Basis Data/TB-K1-Database/lapak_gaming/vendor/laravel/framework/src/Illuminate/Database/Connectors/MySqlConnector.php(24): Illuminate/Database/Connectors/Connector->createConnection('mysql:host=127....', Array, Array)
#4 D:/0_Project_VS_Code/3. Sistem Basis Data/TB-K1-Database/lapak_gaming/vendor/laravel/framework/src/Illuminate/Database/Connectors/ConnectionFactory.php(186): Illuminate/Database/Connectors/MySqlConnector->connect(Array)
#5 [internal function]: Illuminate/Database/Connectors/ConnectionFactory->{closure:Illuminate/Database/Connectors/ConnectionFactory::createPdoResolverWithHosts():181}()
#6 D:/0_Project_VS_Code/3. Sistem Basis Data/TB-K1-Database/lapak_gaming/vendor/laravel/framework/src/Illuminate/Database/Connection.php(1279): call_user_func(Object(Closure))
#7 D:/0_Project_VS_Code/3. Sistem Basis Data/TB-K1-Database/lapak_gaming/vendor/laravel/framework/src/Illuminate/Database/Connection.php(1317): Illuminate/Database/Connection->getPdo()
#8 D:/0_Project_VS_Code/3. Sistem Basis Data/TB-K1-Database/lapak_gaming/vendor/laravel/framework/src/Illuminate/Database/Connection.php(528): Illuminate/Database/Connection->getReadPdo()
#9 D:/0_Project_VS_Code/3. Sistem Basis Data/TB-K1-Database/lapak_gaming/vendor/laravel/framework/src/Illuminate/Database/Connection.php(421): Illuminate/Database/Connection->getPdoForSelect(true)
#10 D:/0_Project_VS_Code/3. Sistem Basis Data/TB-K1-Database/lapak_gaming/vendor/laravel/framework/src/Illuminate/Database/Connection.php(830): Illuminate/Database/Connection->{closure:Illuminate/Database/Connection::select():412}('select * from `...', Array)
#11 D:/0_Project_VS_Code/3. Sistem Basis Data/TB-K1-Database/lapak_gaming/vendor/laravel/framework/src/Illuminate/Database/Connection.php(1021): Illuminate/Database/Connection->runQueryCallback('select * from `...', Array, Object(Closure))
#12 D:/0_Project_VS_Code/3. Sistem Basis Data/TB-K1-Database/lapak_gaming/vendor/laravel/framework/src/Illuminate/Database/Connection.php(1000): Illuminate/Database/Connection->tryAgainIfCausedByLostConnection(Object(Illuminate/Database/QueryException), 'select * from `...', Array, Object(Closure))
#13 D:/0_Project_VS_Code/3. Sistem Basis Data/TB-K1-Database/lapak_gaming/vendor/laravel/framework/src/Illuminate/Database/Connection.php(799): Illuminate/Database/Connection->handleQueryException(Object(Illuminate/Database/QueryException), 'select * from `...', Array, Object(Closure))
#14 D:/0_Project_VS_Code/3. Sistem Basis Data/TB-K1-Database/lapak_gaming/vendor/laravel/framework/src/Illuminate/Database/Connection.php(412): Illuminate/Database/Connection->run('select * from `...', Array, Object(Closure))
#15 D:/0_Project_VS_Code/3. Sistem Basis Data/TB-K1-Database/lapak_gaming/vendor/laravel/framework/src/Illuminate/Database/Query/Builder.php(3562): Illuminate/Database/Connection->select('select * from `...', Array, true, Array)
#16 D:/0_Project_VS_Code/3. Sistem Basis Data/TB-K1-Database/lapak_gaming/vendor/laravel/framework/src/Illuminate/Database/Query/Builder.php(3546): Illuminate/Database/Query/Builder->runSelect()
#17 D:/0_Project_VS_Code/3. Sistem Basis Data/TB-K1-Database/lapak_gaming/vendor/laravel/framework/src/Illuminate/Cache/DatabaseStore.php(142): Illuminate/Database/Query/Builder->get()
#18 D:/0_Project_VS_Code/3. Sistem Basis Data/TB-K1-Database/lapak_gaming/vendor/laravel/framework/src/Illuminate/Cache/DatabaseStore.php(117): Illuminate/Cache/DatabaseStore->many(Array)
#19 D:/0_Project_VS_Code/3. Sistem Basis Data/TB-K1-Database/lapak_gaming/vendor/laravel/framework/src/Illuminate/Cache/Repository.php(124): Illuminate/Cache/DatabaseStore->get('illuminate:queu...')
#20 D:/0_Project_VS_Code/3. Sistem Basis Data/TB-K1-Database/lapak_gaming/vendor/laravel/framework/src/Illuminate/Queue/QueueManager.php(282): Illuminate/Cache/Repository->get('illuminate:queu...', false)
#21 D:/0_Project_VS_Code/3. Sistem Basis Data/TB-K1-Database/lapak_gaming/vendor/laravel/framework/src/Illuminate/Queue/Worker.php(428): Illuminate/Queue/QueueManager->isPaused('database', 'default')
#22 D:/0_Project_VS_Code/3. Sistem Basis Data/TB-K1-Database/lapak_gaming/vendor/laravel/framework/src/Illuminate/Queue/Worker.php(396): Illuminate/Queue/Worker->queuePaused('database', 'default')
#23 D:/0_Project_VS_Code/3. Sistem Basis Data/TB-K1-Database/lapak_gaming/vendor/laravel/framework/src/Illuminate/Queue/Worker.php(357): Illuminate/Queue/Worker->getNextJob(Object(Illuminate/Queue/DatabaseQueue), 'default')
#24 D:/0_Project_VS_Code/3. Sistem Basis Data/TB-K1-Database/lapak_gaming/vendor/laravel/framework/src/Illuminate/Queue/Console/WorkCommand.php(148): Illuminate/Queue/Worker->runNextJob('database', 'default', Object(Illuminate/Queue/WorkerOptions))
#25 D:/0_Project_VS_Code/3. Sistem Basis Data/TB-K1-Database/lapak_gaming/vendor/laravel/framework/src/Illuminate/Queue/Console/WorkCommand.php(131): Illuminate/Queue/Console/WorkCommand->runWorker('database', 'default')
#26 D:/0_Project_VS_Code/3. Sistem Basis Data/TB-K1-Database/lapak_gaming/vendor/laravel/framework/src/Illuminate/Container/BoundMethod.php(36): Illuminate/Queue/Console/WorkCommand->handle()
#27 D:/0_Project_VS_Code/3. Sistem Basis Data/TB-K1-Database/lapak_gaming/vendor/laravel/framework/src/Illuminate/Container/Util.php(43): Illuminate/Container/BoundMethod::{closure:Illuminate/Container/BoundMethod::call():35}()
#28 D:/0_Project_VS_Code/3. Sistem Basis Data/TB-K1-Database/lapak_gaming/vendor/laravel/framework/src/Illuminate/Container/BoundMethod.php(96): Illuminate/Container/Util::unwrapIfClosure(Object(Closure))
#29 D:/0_Project_VS_Code/3. Sistem Basis Data/TB-K1-Database/lapak_gaming/vendor/laravel/framework/src/Illuminate/Container/BoundMethod.php(35): Illuminate/Container/BoundMethod::callBoundMethod(Object(Illuminate/Foundation/Application), Array, Object(Closure))
#30 D:/0_Project_VS_Code/3. Sistem Basis Data/TB-K1-Database/lapak_gaming/vendor/laravel/framework/src/Illuminate/Container/Container.php(799): Illuminate/Container/BoundMethod::call(Object(Illuminate/Foundation/Application), Array, Array, NULL)
#31 D:/0_Project_VS_Code/3. Sistem Basis Data/TB-K1-Database/lapak_gaming/vendor/laravel/framework/src/Illuminate/Console/Command.php(280): Illuminate/Container/Container->call(Array)
#32 D:/0_Project_VS_Code/3. Sistem Basis Data/TB-K1-Database/lapak_gaming/vendor/symfony/console/Command/Command.php(291): Illuminate/Console/Command->execute(Object(Symfony/Component/Console/Input/ArgvInput), Object(Illuminate/Console/OutputStyle))
#33 D:/0_Project_VS_Code/3. Sistem Basis Data/TB-K1-Database/lapak_gaming/vendor/laravel/framework/src/Illuminate/Console/Command.php(249): Symfony/Component/Console/Command/Command->run(Object(Symfony/Component/Console/Input/ArgvInput), Object(Illuminate/Console/OutputStyle))
#34 D:/0_Project_VS_Code/3. Sistem Basis Data/TB-K1-Database/lapak_gaming/vendor/symfony/console/Application.php(1107): Illuminate/Console/Command->run(Object(Symfony/Component/Console/Input/ArgvInput), Object(Symfony/Component/Console/Output/ConsoleOutput))
#35 D:/0_Project_VS_Code/3. Sistem Basis Data/TB-K1-Database/lapak_gaming/vendor/symfony/console/Application.php(356): Symfony/Component/Console/Application->doRunCommand(Object(Illuminate/Queue/Console/WorkCommand), Object(Symfony/Component/Console/Input/ArgvInput), Object(Symfony/Component/Console/Output/ConsoleOutput))
#36 D:/0_Project_VS_Code/3. Sistem Basis Data/TB-K1-Database/lapak_gaming/vendor/symfony/console/Application.php(195): Symfony/Component/Console/Application->doRun(Object(Symfony/Component/Console/Input/ArgvInput), Object(Symfony/Component/Console/Output/ConsoleOutput))
#37 D:/0_Project_VS_Code/3. Sistem Basis Data/TB-K1-Database/lapak_gaming/vendor/laravel/framework/src/Illuminate/Foundation/Console/Kernel.php(198): Symfony/Component/Console/Application->run(Object(Symfony/Component/Console/Input/ArgvInput), Object(Symfony/Component/Console/Output/ConsoleOutput))
#38 D:/0_Project_VS_Code/3. Sistem Basis Data/TB-K1-Database/lapak_gaming/vendor/laravel/framework/src/Illuminate/Foundation/Application.php(1235): Illuminate/Foundation/Console/Kernel->handle(Object(Symfony/Component/Console/Input/ArgvInput), Object(Symfony/Component/Console/Output/ConsoleOutput))
#39 D:/0_Project_VS_Code/3. Sistem Basis Data/TB-K1-Database/lapak_gaming/artisan(16): Illuminate/Foundation/Application->handleCommand(Object(Symfony/Component/Console/Input/ArgvInput))
#40 {main}
"} 
[2026-04-01 06:28:22] local.ERROR: SQLSTATE[HY000] [2002] No connection could be made because the target machine actively refused it (Connection: mysql, Host: 127.0.0.1, Port: 3306, Database: lapak_gaming, SQL: select * from `cache` where `key` in (laravel-cache-illuminate:queue:paused:database:default)) {"exception":"[object] (Illuminate\\Database\\QueryException(code: 2002): SQLSTATE[HY000] [2002] No connection could be made because the target machine actively refused it (Connection: mysql, Host: 127.0.0.1, Port: 3306, Database: lapak_gaming, SQL: select * from `cache` where `key` in (laravel-cache-illuminate:queue:paused:database:default)) at D:/0_Project_VS_Code/3. Sistem Basis Data/TB-K1-Database/lapak_gaming/vendor/laravel/framework/src/Illuminate/Database/Connection.php:841)
[stacktrace]
#0 D:/0_Project_VS_Code/3. Sistem Basis Data/TB-K1-Database/lapak_gaming/vendor/laravel/framework/src/Illuminate/Database/Connection.php(1021): Illuminate/Database/Connection->runQueryCallback('select * from `...', Array, Object(Closure))
#1 D:/0_Project_VS_Code/3. Sistem Basis Data/TB-K1-Database/lapak_gaming/vendor/laravel/framework/src/Illuminate/Database/Connection.php(1000): Illuminate/Database/Connection->tryAgainIfCausedByLostConnection(Object(Illuminate/Database/QueryException), 'select * from `...', Array, Object(Closure))
#2 D:/0_Project_VS_Code/3. Sistem Basis Data/TB-K1-Database/lapak_gaming/vendor/laravel/framework/src/Illuminate/Database/Connection.php(799): Illuminate/Database/Connection->handleQueryException(Object(Illuminate/Database/QueryException), 'select * from `...', Array, Object(Closure))
#3 D:/0_Project_VS_Code/3. Sistem Basis Data/TB-K1-Database/lapak_gaming/vendor/laravel/framework/src/Illuminate/Database/Connection.php(412): Illuminate/Database/Connection->run('select * from `...', Array, Object(Closure))
#4 D:/0_Project_VS_Code/3. Sistem Basis Data/TB-K1-Database/lapak_gaming/vendor/laravel/framework/src/Illuminate/Database/Query/Builder.php(3562): Illuminate/Database/Connection->select('select * from `...', Array, true, Array)
#5 D:/0_Project_VS_Code/3. Sistem Basis Data/TB-K1-Database/lapak_gaming/vendor/laravel/framework/src/Illuminate/Database/Query/Builder.php(3546): Illuminate/Database/Query/Builder->runSelect()
#6 D:/0_Project_VS_Code/3. Sistem Basis Data/TB-K1-Database/lapak_gaming/vendor/laravel/framework/src/Illuminate/Cache/DatabaseStore.php(142): Illuminate/Database/Query/Builder->get()
#7 D:/0_Project_VS_Code/3. Sistem Basis Data/TB-K1-Database/lapak_gaming/vendor/laravel/framework/src/Illuminate/Cache/DatabaseStore.php(117): Illuminate/Cache/DatabaseStore->many(Array)
#8 D:/0_Project_VS_Code/3. Sistem Basis Data/TB-K1-Database/lapak_gaming/vendor/laravel/framework/src/Illuminate/Cache/Repository.php(124): Illuminate/Cache/DatabaseStore->get('illuminate:queu...')
#9 D:/0_Project_VS_Code/3. Sistem Basis Data/TB-K1-Database/lapak_gaming/vendor/laravel/framework/src/Illuminate/Queue/QueueManager.php(282): Illuminate/Cache/Repository->get('illuminate:queu...', false)
#10 D:/0_Project_VS_Code/3. Sistem Basis Data/TB-K1-Database/lapak_gaming/vendor/laravel/framework/src/Illuminate/Queue/Worker.php(428): Illuminate/Queue/QueueManager->isPaused('database', 'default')
#11 D:/0_Project_VS_Code/3. Sistem Basis Data/TB-K1-Database/lapak_gaming/vendor/laravel/framework/src/Illuminate/Queue/Worker.php(396): Illuminate/Queue/Worker->queuePaused('database', 'default')
#12 D:/0_Project_VS_Code/3. Sistem Basis Data/TB-K1-Database/lapak_gaming/vendor/laravel/framework/src/Illuminate/Queue/Worker.php(357): Illuminate/Queue/Worker->getNextJob(Object(Illuminate/Queue/DatabaseQueue), 'default')
#13 D:/0_Project_VS_Code/3. Sistem Basis Data/TB-K1-Database/lapak_gaming/vendor/laravel/framework/src/Illuminate/Queue/Console/WorkCommand.php(148): Illuminate/Queue/Worker->runNextJob('database', 'default', Object(Illuminate/Queue/WorkerOptions))
#14 D:/0_Project_VS_Code/3. Sistem Basis Data/TB-K1-Database/lapak_gaming/vendor/laravel/framework/src/Illuminate/Queue/Console/WorkCommand.php(131): Illuminate/Queue/Console/WorkCommand->runWorker('database', 'default')
#15 D:/0_Project_VS_Code/3. Sistem Basis Data/TB-K1-Database/lapak_gaming/vendor/laravel/framework/src/Illuminate/Container/BoundMethod.php(36): Illuminate/Queue/Console/WorkCommand->handle()
#16 D:/0_Project_VS_Code/3. Sistem Basis Data/TB-K1-Database/lapak_gaming/vendor/laravel/framework/src/Illuminate/Container/Util.php(43): Illuminate/Container/BoundMethod::{closure:Illuminate/Container/BoundMethod::call():35}()
#17 D:/0_Project_VS_Code/3. Sistem Basis Data/TB-K1-Database/lapak_gaming/vendor/laravel/framework/src/Illuminate/Container/BoundMethod.php(96): Illuminate/Container/Util::unwrapIfClosure(Object(Closure))
#18 D:/0_Project_VS_Code/3. Sistem Basis Data/TB-K1-Database/lapak_gaming/vendor/laravel/framework/src/Illuminate/Container/BoundMethod.php(35): Illuminate/Container/BoundMethod::callBoundMethod(Object(Illuminate/Foundation/Application), Array, Object(Closure))
#19 D:/0_Project_VS_Code/3. Sistem Basis Data/TB-K1-Database/lapak_gaming/vendor/laravel/framework/src/Illuminate/Container/Container.php(799): Illuminate/Container/BoundMethod::call(Object(Illuminate/Foundation/Application), Array, Array, NULL)
#20 D:/0_Project_VS_Code/3. Sistem Basis Data/TB-K1-Database/lapak_gaming/vendor/laravel/framework/src/Illuminate/Console/Command.php(280): Illuminate/Container/Container->call(Array)
#21 D:/0_Project_VS_Code/3. Sistem Basis Data/TB-K1-Database/lapak_gaming/vendor/symfony/console/Command/Command.php(291): Illuminate/Console/Command->execute(Object(Symfony/Component/Console/Input/ArgvInput), Object(Illuminate/Console/OutputStyle))
#22 D:/0_Project_VS_Code/3. Sistem Basis Data/TB-K1-Database/lapak_gaming/vendor/laravel/framework/src/Illuminate/Console/Command.php(249): Symfony/Component/Console/Command/Command->run(Object(Symfony/Component/Console/Input/ArgvInput), Object(Illuminate/Console/OutputStyle))
#23 D:/0_Project_VS_Code/3. Sistem Basis Data/TB-K1-Database/lapak_gaming/vendor/symfony/console/Application.php(1107): Illuminate/Console/Command->run(Object(Symfony/Component/Console/Input/ArgvInput), Object(Symfony/Component/Console/Output/ConsoleOutput))
#24 D:/0_Project_VS_Code/3. Sistem Basis Data/TB-K1-Database/lapak_gaming/vendor/symfony/console/Application.php(356): Symfony/Component/Console/Application->doRunCommand(Object(Illuminate/Queue/Console/WorkCommand), Object(Symfony/Component/Console/Input/ArgvInput), Object(Symfony/Component/Console/Output/ConsoleOutput))
#25 D:/0_Project_VS_Code/3. Sistem Basis Data/TB-K1-Database/lapak_gaming/vendor/symfony/console/Application.php(195): Symfony/Component/Console/Application->doRun(Object(Symfony/Component/Console/Input/ArgvInput), Object(Symfony/Component/Console/Output/ConsoleOutput))
#26 D:/0_Project_VS_Code/3. Sistem Basis Data/TB-K1-Database/lapak_gaming/vendor/laravel/framework/src/Illuminate/Foundation/Console/Kernel.php(198): Symfony/Component/Console/Application->run(Object(Symfony/Component/Console/Input/ArgvInput), Object(Symfony/Component/Console/Output/ConsoleOutput))
#27 D:/0_Project_VS_Code/3. Sistem Basis Data/TB-K1-Database/lapak_gaming/vendor/laravel/framework/src/Illuminate/Foundation/Application.php(1235): Illuminate/Foundation/Console/Kernel->handle(Object(Symfony/Component/Console/Input/ArgvInput), Object(Symfony/Component/Console/Output/ConsoleOutput))
#28 D:/0_Project_VS_Code/3. Sistem Basis Data/TB-K1-Database/lapak_gaming/artisan(16): Illuminate/Foundation/Application->handleCommand(Object(Symfony/Component/Console/Input/ArgvInput))
#29 {main}

[previous exception] [object] (PDOException(code: 2002): SQLSTATE[HY000] [2002] No connection could be made because the target machine actively refused it at D:/0_Project_VS_Code/3. Sistem Basis Data/TB-K1-Database/lapak_gaming/vendor/laravel/framework/src/Illuminate/Database/Connectors/Connector.php:67)
[stacktrace]
#0 D:/0_Project_VS_Code/3. Sistem Basis Data/TB-K1-Database/lapak_gaming/vendor/laravel/framework/src/Illuminate/Database/Connectors/Connector.php(67): PDO::connect('mysql:host=127....', 'root', Object(SensitiveParameterValue), Array)
#1 D:/0_Project_VS_Code/3. Sistem Basis Data/TB-K1-Database/lapak_gaming/vendor/laravel/framework/src/Illuminate/Database/Connectors/Connector.php(85): Illuminate/Database/Connectors/Connector->createPdoConnection('mysql:host=127....', 'root', Object(SensitiveParameterValue), Array)
#2 D:/0_Project_VS_Code/3. Sistem Basis Data/TB-K1-Database/lapak_gaming/vendor/laravel/framework/src/Illuminate/Database/Connectors/Connector.php(48): Illuminate/Database/Connectors/Connector->tryAgainIfCausedByLostConnection(Object(PDOException), 'mysql:host=127....', 'root', Object(SensitiveParameterValue), Array)
#3 D:/0_Project_VS_Code/3. Sistem Basis Data/TB-K1-Database/lapak_gaming/vendor/laravel/framework/src/Illuminate/Database/Connectors/MySqlConnector.php(24): Illuminate/Database/Connectors/Connector->createConnection('mysql:host=127....', Array, Array)
#4 D:/0_Project_VS_Code/3. Sistem Basis Data/TB-K1-Database/lapak_gaming/vendor/laravel/framework/src/Illuminate/Database/Connectors/ConnectionFactory.php(186): Illuminate/Database/Connectors/MySqlConnector->connect(Array)
#5 [internal function]: Illuminate/Database/Connectors/ConnectionFactory->{closure:Illuminate/Database/Connectors/ConnectionFactory::createPdoResolverWithHosts():181}()
#6 D:/0_Project_VS_Code/3. Sistem Basis Data/TB-K1-Database/lapak_gaming/vendor/laravel/framework/src/Illuminate/Database/Connection.php(1279): call_user_func(Object(Closure))
#7 D:/0_Project_VS_Code/3. Sistem Basis Data/TB-K1-Database/lapak_gaming/vendor/laravel/framework/src/Illuminate/Database/Connection.php(1317): Illuminate/Database/Connection->getPdo()
#8 D:/0_Project_VS_Code/3. Sistem Basis Data/TB-K1-Database/lapak_gaming/vendor/laravel/framework/src/Illuminate/Database/Connection.php(528): Illuminate/Database/Connection->getReadPdo()
#9 D:/0_Project_VS_Code/3. Sistem Basis Data/TB-K1-Database/lapak_gaming/vendor/laravel/framework/src/Illuminate/Database/Connection.php(421): Illuminate/Database/Connection->getPdoForSelect(true)
#10 D:/0_Project_VS_Code/3. Sistem Basis Data/TB-K1-Database/lapak_gaming/vendor/laravel/framework/src/Illuminate/Database/Connection.php(830): Illuminate/Database/Connection->{closure:Illuminate/Database/Connection::select():412}('select * from `...', Array)
#11 D:/0_Project_VS_Code/3. Sistem Basis Data/TB-K1-Database/lapak_gaming/vendor/laravel/framework/src/Illuminate/Database/Connection.php(1021): Illuminate/Database/Connection->runQueryCallback('select * from `...', Array, Object(Closure))
#12 D:/0_Project_VS_Code/3. Sistem Basis Data/TB-K1-Database/lapak_gaming/vendor/laravel/framework/src/Illuminate/Database/Connection.php(1000): Illuminate/Database/Connection->tryAgainIfCausedByLostConnection(Object(Illuminate/Database/QueryException), 'select * from `...', Array, Object(Closure))
#13 D:/0_Project_VS_Code/3. Sistem Basis Data/TB-K1-Database/lapak_gaming/vendor/laravel/framework/src/Illuminate/Database/Connection.php(799): Illuminate/Database/Connection->handleQueryException(Object(Illuminate/Database/QueryException), 'select * from `...', Array, Object(Closure))
#14 D:/0_Project_VS_Code/3. Sistem Basis Data/TB-K1-Database/lapak_gaming/vendor/laravel/framework/src/Illuminate/Database/Connection.php(412): Illuminate/Database/Connection->run('select * from `...', Array, Object(Closure))
#15 D:/0_Project_VS_Code/3. Sistem Basis Data/TB-K1-Database/lapak_gaming/vendor/laravel/framework/src/Illuminate/Database/Query/Builder.php(3562): Illuminate/Database/Connection->select('select * from `...', Array, true, Array)
#16 D:/0_Project_VS_Code/3. Sistem Basis Data/TB-K1-Database/lapak_gaming/vendor/laravel/framework/src/Illuminate/Database/Query/Builder.php(3546): Illuminate/Database/Query/Builder->runSelect()
#17 D:/0_Project_VS_Code/3. Sistem Basis Data/TB-K1-Database/lapak_gaming/vendor/laravel/framework/src/Illuminate/Cache/DatabaseStore.php(142): Illuminate/Database/Query/Builder->get()
#18 D:/0_Project_VS_Code/3. Sistem Basis Data/TB-K1-Database/lapak_gaming/vendor/laravel/framework/src/Illuminate/Cache/DatabaseStore.php(117): Illuminate/Cache/DatabaseStore->many(Array)
#19 D:/0_Project_VS_Code/3. Sistem Basis Data/TB-K1-Database/lapak_gaming/vendor/laravel/framework/src/Illuminate/Cache/Repository.php(124): Illuminate/Cache/DatabaseStore->get('illuminate:queu...')
#20 D:/0_Project_VS_Code/3. Sistem Basis Data/TB-K1-Database/lapak_gaming/vendor/laravel/framework/src/Illuminate/Queue/QueueManager.php(282): Illuminate/Cache/Repository->get('illuminate:queu...', false)
#21 D:/0_Project_VS_Code/3. Sistem Basis Data/TB-K1-Database/lapak_gaming/vendor/laravel/framework/src/Illuminate/Queue/Worker.php(428): Illuminate/Queue/QueueManager->isPaused('database', 'default')
#22 D:/0_Project_VS_Code/3. Sistem Basis Data/TB-K1-Database/lapak_gaming/vendor/laravel/framework/src/Illuminate/Queue/Worker.php(396): Illuminate/Queue/Worker->queuePaused('database', 'default')
#23 D:/0_Project_VS_Code/3. Sistem Basis Data/TB-K1-Database/lapak_gaming/vendor/laravel/framework/src/Illuminate/Queue/Worker.php(357): Illuminate/Queue/Worker->getNextJob(Object(Illuminate/Queue/DatabaseQueue), 'default')
#24 D:/0_Project_VS_Code/3. Sistem Basis Data/TB-K1-Database/lapak_gaming/vendor/laravel/framework/src/Illuminate/Queue/Console/WorkCommand.php(148): Illuminate/Queue/Worker->runNextJob('database', 'default', Object(Illuminate/Queue/WorkerOptions))
#25 D:/0_Project_VS_Code/3. Sistem Basis Data/TB-K1-Database/lapak_gaming/vendor/laravel/framework/src/Illuminate/Queue/Console/WorkCommand.php(131): Illuminate/Queue/Console/WorkCommand->runWorker('database', 'default')
#26 D:/0_Project_VS_Code/3. Sistem Basis Data/TB-K1-Database/lapak_gaming/vendor/laravel/framework/src/Illuminate/Container/BoundMethod.php(36): Illuminate/Queue/Console/WorkCommand->handle()
#27 D:/0_Project_VS_Code/3. Sistem Basis Data/TB-K1-Database/lapak_gaming/vendor/laravel/framework/src/Illuminate/Container/Util.php(43): Illuminate/Container/BoundMethod::{closure:Illuminate/Container/BoundMethod::call():35}()
#28 D:/0_Project_VS_Code/3. Sistem Basis Data/TB-K1-Database/lapak_gaming/vendor/laravel/framework/src/Illuminate/Container/BoundMethod.php(96): Illuminate/Container/Util::unwrapIfClosure(Object(Closure))
#29 D:/0_Project_VS_Code/3. Sistem Basis Data/TB-K1-Database/lapak_gaming/vendor/laravel/framework/src/Illuminate/Container/BoundMethod.php(35): Illuminate/Container/BoundMethod::callBoundMethod(Object(Illuminate/Foundation/Application), Array, Object(Closure))
#30 D:/0_Project_VS_Code/3. Sistem Basis Data/TB-K1-Database/lapak_gaming/vendor/laravel/framework/src/Illuminate/Container/Container.php(799): Illuminate/Container/BoundMethod::call(Object(Illuminate/Foundation/Application), Array, Array, NULL)
#31 D:/0_Project_VS_Code/3. Sistem Basis Data/TB-K1-Database/lapak_gaming/vendor/laravel/framework/src/Illuminate/Console/Command.php(280): Illuminate/Container/Container->call(Array)
#32 D:/0_Project_VS_Code/3. Sistem Basis Data/TB-K1-Database/lapak_gaming/vendor/symfony/console/Command/Command.php(291): Illuminate/Console/Command->execute(Object(Symfony/Component/Console/Input/ArgvInput), Object(Illuminate/Console/OutputStyle))
#33 D:/0_Project_VS_Code/3. Sistem Basis Data/TB-K1-Database/lapak_gaming/vendor/laravel/framework/src/Illuminate/Console/Command.php(249): Symfony/Component/Console/Command/Command->run(Object(Symfony/Component/Console/Input/ArgvInput), Object(Illuminate/Console/OutputStyle))
#34 D:/0_Project_VS_Code/3. Sistem Basis Data/TB-K1-Database/lapak_gaming/vendor/symfony/console/Application.php(1107): Illuminate/Console/Command->run(Object(Symfony/Component/Console/Input/ArgvInput), Object(Symfony/Component/Console/Output/ConsoleOutput))
#35 D:/0_Project_VS_Code/3. Sistem Basis Data/TB-K1-Database/lapak_gaming/vendor/symfony/console/Application.php(356): Symfony/Component/Console/Application->doRunCommand(Object(Illuminate/Queue/Console/WorkCommand), Object(Symfony/Component/Console/Input/ArgvInput), Object(Symfony/Component/Console/Output/ConsoleOutput))
#36 D:/0_Project_VS_Code/3. Sistem Basis Data/TB-K1-Database/lapak_gaming/vendor/symfony/console/Application.php(195): Symfony/Component/Console/Application->doRun(Object(Symfony/Component/Console/Input/ArgvInput), Object(Symfony/Component/Console/Output/ConsoleOutput))
#37 D:/0_Project_VS_Code/3. Sistem Basis Data/TB-K1-Database/lapak_gaming/vendor/laravel/framework/src/Illuminate/Foundation/Console/Kernel.php(198): Symfony/Component/Console/Application->run(Object(Symfony/Component/Console/Input/ArgvInput), Object(Symfony/Component/Console/Output/ConsoleOutput))
#38 D:/0_Project_VS_Code/3. Sistem Basis Data/TB-K1-Database/lapak_gaming/vendor/laravel/framework/src/Illuminate/Foundation/Application.php(1235): Illuminate/Foundation/Console/Kernel->handle(Object(Symfony/Component/Console/Input/ArgvInput), Object(Symfony/Component/Console/Output/ConsoleOutput))
#39 D:/0_Project_VS_Code/3. Sistem Basis Data/TB-K1-Database/lapak_gaming/artisan(16): Illuminate/Foundation/Application->handleCommand(Object(Symfony/Component/Console/Input/ArgvInput))
#40 {main}
"} 
[2026-04-01 06:35:18] production.ERROR: Command "migratephp" is not defined.

Did you mean one of these?
    migrate
    migrate:fresh
    migrate:install
    migrate:refresh
    migrate:reset
    migrate:rollback
    migrate:status {"exception":"[object] (Symfony\\Component\\Console\\Exception\\CommandNotFoundException(code: 0): Command \"migratephp\" is not defined.

Did you mean one of these?
    migrate
    migrate:fresh
    migrate:install
    migrate:refresh
    migrate:reset
    migrate:rollback
    migrate:status at D:/0_Project_VS_Code/3. Sistem Basis Data/TB-K1-Database/lapak_gaming/vendor/symfony/console/Application.php:749)
[stacktrace]
#0 D:/0_Project_VS_Code/3. Sistem Basis Data/TB-K1-Database/lapak_gaming/vendor/symfony/console/Application.php(298): Symfony/Component/Console/Application->find('migratephp')
#1 D:/0_Project_VS_Code/3. Sistem Basis Data/TB-K1-Database/lapak_gaming/vendor/symfony/console/Application.php(195): Symfony/Component/Console/Application->doRun(Object(Symfony/Component/Console/Input/ArgvInput), Object(Symfony/Component/Console/Output/ConsoleOutput))
#2 D:/0_Project_VS_Code/3. Sistem Basis Data/TB-K1-Database/lapak_gaming/vendor/laravel/framework/src/Illuminate/Foundation/Console/Kernel.php(198): Symfony/Component/Console/Application->run(Object(Symfony/Component/Console/Input/ArgvInput), Object(Symfony/Component/Console/Output/ConsoleOutput))
#3 D:/0_Project_VS_Code/3. Sistem Basis Data/TB-K1-Database/lapak_gaming/vendor/laravel/framework/src/Illuminate/Foundation/Application.php(1235): Illuminate/Foundation/Console/Kernel->handle(Object(Symfony/Component/Console/Input/ArgvInput), Object(Symfony/Component/Console/Output/ConsoleOutput))
#4 D:/0_Project_VS_Code/3. Sistem Basis Data/TB-K1-Database/lapak_gaming/artisan(16): Illuminate/Foundation/Application->handleCommand(Object(Symfony/Component/Console/Input/ArgvInput))
#5 {main}
"} 
[2026-04-13 03:17:56] production.ERROR: SQLSTATE[HY000] [2002] No connection could be made because the target machine actively refused it (Connection: mysql, Host: localhost, Port: 3306, Database: neoz6813_TB-K1-Database, SQL: select exists (select 1 from information_schema.tables where table_schema = schema() and table_name = 'migrations' and table_type in ('BASE TABLE', 'SYSTEM VERSIONED')) as `exists`) {"exception":"[object] (Illuminate\\Database\\QueryException(code: 2002): SQLSTATE[HY000] [2002] No connection could be made because the target machine actively refused it (Connection: mysql, Host: localhost, Port: 3306, Database: neoz6813_TB-K1-Database, SQL: select exists (select 1 from information_schema.tables where table_schema = schema() and table_name = 'migrations' and table_type in ('BASE TABLE', 'SYSTEM VERSIONED')) as `exists`) at D:/0_Project_VS_Code/3. Sistem Basis Data/TB-K1-Database/lapak_gaming/vendor/laravel/framework/src/Illuminate/Database/Connection.php:841)
[stacktrace]
#0 D:/0_Project_VS_Code/3. Sistem Basis Data/TB-K1-Database/lapak_gaming/vendor/laravel/framework/src/Illuminate/Database/Connection.php(1021): Illuminate/Database/Connection->runQueryCallback('select exists (...', Array, Object(Closure))
#1 D:/0_Project_VS_Code/3. Sistem Basis Data/TB-K1-Database/lapak_gaming/vendor/laravel/framework/src/Illuminate/Database/Connection.php(1000): Illuminate/Database/Connection->tryAgainIfCausedByLostConnection(Object(Illuminate/Database/QueryException), 'select exists (...', Array, Object(Closure))
#2 D:/0_Project_VS_Code/3. Sistem Basis Data/TB-K1-Database/lapak_gaming/vendor/laravel/framework/src/Illuminate/Database/Connection.php(799): Illuminate/Database/Connection->handleQueryException(Object(Illuminate/Database/QueryException), 'select exists (...', Array, Object(Closure))
#3 D:/0_Project_VS_Code/3. Sistem Basis Data/TB-K1-Database/lapak_gaming/vendor/laravel/framework/src/Illuminate/Database/Connection.php(412): Illuminate/Database/Connection->run('select exists (...', Array, Object(Closure))
#4 D:/0_Project_VS_Code/3. Sistem Basis Data/TB-K1-Database/lapak_gaming/vendor/laravel/framework/src/Illuminate/Database/Connection.php(357): Illuminate/Database/Connection->select('select exists (...', Array, true)
#5 D:/0_Project_VS_Code/3. Sistem Basis Data/TB-K1-Database/lapak_gaming/vendor/laravel/framework/src/Illuminate/Database/Connection.php(374): Illuminate/Database/Connection->selectOne('select exists (...', Array, true)
#6 D:/0_Project_VS_Code/3. Sistem Basis Data/TB-K1-Database/lapak_gaming/vendor/laravel/framework/src/Illuminate/Database/Schema/Builder.php(176): Illuminate/Database/Connection->scalar('select exists (...')
#7 D:/0_Project_VS_Code/3. Sistem Basis Data/TB-K1-Database/lapak_gaming/vendor/laravel/framework/src/Illuminate/Database/Migrations/DatabaseMigrationRepository.php(185): Illuminate/Database/Schema/Builder->hasTable('migrations')
#8 D:/0_Project_VS_Code/3. Sistem Basis Data/TB-K1-Database/lapak_gaming/vendor/laravel/framework/src/Illuminate/Database/Migrations/Migrator.php(758): Illuminate/Database/Migrations/DatabaseMigrationRepository->repositoryExists()
#9 D:/0_Project_VS_Code/3. Sistem Basis Data/TB-K1-Database/lapak_gaming/vendor/laravel/framework/src/Illuminate/Database/Console/Migrations/StatusCommand.php(55): Illuminate/Database/Migrations/Migrator->repositoryExists()
#10 D:/0_Project_VS_Code/3. Sistem Basis Data/TB-K1-Database/lapak_gaming/vendor/laravel/framework/src/Illuminate/Database/Migrations/Migrator.php(671): Illuminate/Database/Console/Migrations/StatusCommand->{closure:Illuminate/Database/Console/Migrations/StatusCommand::handle():54}()
#11 D:/0_Project_VS_Code/3. Sistem Basis Data/TB-K1-Database/lapak_gaming/vendor/laravel/framework/src/Illuminate/Database/Console/Migrations/StatusCommand.php(54): Illuminate/Database/Migrations/Migrator->usingConnection(NULL, Object(Closure))
#12 D:/0_Project_VS_Code/3. Sistem Basis Data/TB-K1-Database/lapak_gaming/vendor/laravel/framework/src/Illuminate/Container/BoundMethod.php(36): Illuminate/Database/Console/Migrations/StatusCommand->handle()
#13 D:/0_Project_VS_Code/3. Sistem Basis Data/TB-K1-Database/lapak_gaming/vendor/laravel/framework/src/Illuminate/Container/Util.php(43): Illuminate/Container/BoundMethod::{closure:Illuminate/Container/BoundMethod::call():35}()
#14 D:/0_Project_VS_Code/3. Sistem Basis Data/TB-K1-Database/lapak_gaming/vendor/laravel/framework/src/Illuminate/Container/BoundMethod.php(96): Illuminate/Container/Util::unwrapIfClosure(Object(Closure))
#15 D:/0_Project_VS_Code/3. Sistem Basis Data/TB-K1-Database/lapak_gaming/vendor/laravel/framework/src/Illuminate/Container/BoundMethod.php(35): Illuminate/Container/BoundMethod::callBoundMethod(Object(Illuminate/Foundation/Application), Array, Object(Closure))
#16 D:/0_Project_VS_Code/3. Sistem Basis Data/TB-K1-Database/lapak_gaming/vendor/laravel/framework/src/Illuminate/Container/Container.php(799): Illuminate/Container/BoundMethod::call(Object(Illuminate/Foundation/Application), Array, Array, NULL)
#17 D:/0_Project_VS_Code/3. Sistem Basis Data/TB-K1-Database/lapak_gaming/vendor/laravel/framework/src/Illuminate/Console/Command.php(280): Illuminate/Container/Container->call(Array)
#18 D:/0_Project_VS_Code/3. Sistem Basis Data/TB-K1-Database/lapak_gaming/vendor/symfony/console/Command/Command.php(291): Illuminate/Console/Command->execute(Object(Symfony/Component/Console/Input/ArgvInput), Object(Illuminate/Console/OutputStyle))
#19 D:/0_Project_VS_Code/3. Sistem Basis Data/TB-K1-Database/lapak_gaming/vendor/laravel/framework/src/Illuminate/Console/Command.php(249): Symfony/Component/Console/Command/Command->run(Object(Symfony/Component/Console/Input/ArgvInput), Object(Illuminate/Console/OutputStyle))
#20 D:/0_Project_VS_Code/3. Sistem Basis Data/TB-K1-Database/lapak_gaming/vendor/symfony/console/Application.php(1107): Illuminate/Console/Command->run(Object(Symfony/Component/Console/Input/ArgvInput), Object(Symfony/Component/Console/Output/ConsoleOutput))
#21 D:/0_Project_VS_Code/3. Sistem Basis Data/TB-K1-Database/lapak_gaming/vendor/symfony/console/Application.php(356): Symfony/Component/Console/Application->doRunCommand(Object(Illuminate/Database/Console/Migrations/StatusCommand), Object(Symfony/Component/Console/Input/ArgvInput), Object(Symfony/Component/Console/Output/ConsoleOutput))
#22 D:/0_Project_VS_Code/3. Sistem Basis Data/TB-K1-Database/lapak_gaming/vendor/symfony/console/Application.php(195): Symfony/Component/Console/Application->doRun(Object(Symfony/Component/Console/Input/ArgvInput), Object(Symfony/Component/Console/Output/ConsoleOutput))
#23 D:/0_Project_VS_Code/3. Sistem Basis Data/TB-K1-Database/lapak_gaming/vendor/laravel/framework/src/Illuminate/Foundation/Console/Kernel.php(198): Symfony/Component/Console/Application->run(Object(Symfony/Component/Console/Input/ArgvInput), Object(Symfony/Component/Console/Output/ConsoleOutput))
#24 D:/0_Project_VS_Code/3. Sistem Basis Data/TB-K1-Database/lapak_gaming/vendor/laravel/framework/src/Illuminate/Foundation/Application.php(1235): Illuminate/Foundation/Console/Kernel->handle(Object(Symfony/Component/Console/Input/ArgvInput), Object(Symfony/Component/Console/Output/ConsoleOutput))
#25 D:/0_Project_VS_Code/3. Sistem Basis Data/TB-K1-Database/lapak_gaming/artisan(16): Illuminate/Foundation/Application->handleCommand(Object(Symfony/Component/Console/Input/ArgvInput))
#26 {main}

[previous exception] [object] (PDOException(code: 2002): SQLSTATE[HY000] [2002] No connection could be made because the target machine actively refused it at D:/0_Project_VS_Code/3. Sistem Basis Data/TB-K1-Database/lapak_gaming/vendor/laravel/framework/src/Illuminate/Database/Connectors/Connector.php:67)
[stacktrace]
#0 D:/0_Project_VS_Code/3. Sistem Basis Data/TB-K1-Database/lapak_gaming/vendor/laravel/framework/src/Illuminate/Database/Connectors/Connector.php(67): PDO::connect('mysql:host=loca...', 'neoz6813', Object(SensitiveParameterValue), Array)
#1 D:/0_Project_VS_Code/3. Sistem Basis Data/TB-K1-Database/lapak_gaming/vendor/laravel/framework/src/Illuminate/Database/Connectors/Connector.php(85): Illuminate/Database/Connectors/Connector->createPdoConnection('mysql:host=loca...', 'neoz6813', Object(SensitiveParameterValue), Array)
#2 D:/0_Project_VS_Code/3. Sistem Basis Data/TB-K1-Database/lapak_gaming/vendor/laravel/framework/src/Illuminate/Database/Connectors/Connector.php(48): Illuminate/Database/Connectors/Connector->tryAgainIfCausedByLostConnection(Object(PDOException), 'mysql:host=loca...', 'neoz6813', Object(SensitiveParameterValue), Array)
#3 D:/0_Project_VS_Code/3. Sistem Basis Data/TB-K1-Database/lapak_gaming/vendor/laravel/framework/src/Illuminate/Database/Connectors/MySqlConnector.php(24): Illuminate/Database/Connectors/Connector->createConnection('mysql:host=loca...', Array, Array)
#4 D:/0_Project_VS_Code/3. Sistem Basis Data/TB-K1-Database/lapak_gaming/vendor/laravel/framework/src/Illuminate/Database/Connectors/ConnectionFactory.php(186): Illuminate/Database/Connectors/MySqlConnector->connect(Array)
#5 [internal function]: Illuminate/Database/Connectors/ConnectionFactory->{closure:Illuminate/Database/Connectors/ConnectionFactory::createPdoResolverWithHosts():181}()
#6 D:/0_Project_VS_Code/3. Sistem Basis Data/TB-K1-Database/lapak_gaming/vendor/laravel/framework/src/Illuminate/Database/Connection.php(1279): call_user_func(Object(Closure))
#7 D:/0_Project_VS_Code/3. Sistem Basis Data/TB-K1-Database/lapak_gaming/vendor/laravel/framework/src/Illuminate/Database/Connection.php(1317): Illuminate/Database/Connection->getPdo()
#8 D:/0_Project_VS_Code/3. Sistem Basis Data/TB-K1-Database/lapak_gaming/vendor/laravel/framework/src/Illuminate/Database/Connection.php(528): Illuminate/Database/Connection->getReadPdo()
#9 D:/0_Project_VS_Code/3. Sistem Basis Data/TB-K1-Database/lapak_gaming/vendor/laravel/framework/src/Illuminate/Database/Connection.php(421): Illuminate/Database/Connection->getPdoForSelect(true)
#10 D:/0_Project_VS_Code/3. Sistem Basis Data/TB-K1-Database/lapak_gaming/vendor/laravel/framework/src/Illuminate/Database/Connection.php(830): Illuminate/Database/Connection->{closure:Illuminate/Database/Connection::select():412}('select exists (...', Array)
#11 D:/0_Project_VS_Code/3. Sistem Basis Data/TB-K1-Database/lapak_gaming/vendor/laravel/framework/src/Illuminate/Database/Connection.php(1021): Illuminate/Database/Connection->runQueryCallback('select exists (...', Array, Object(Closure))
#12 D:/0_Project_VS_Code/3. Sistem Basis Data/TB-K1-Database/lapak_gaming/vendor/laravel/framework/src/Illuminate/Database/Connection.php(1000): Illuminate/Database/Connection->tryAgainIfCausedByLostConnection(Object(Illuminate/Database/QueryException), 'select exists (...', Array, Object(Closure))
#13 D:/0_Project_VS_Code/3. Sistem Basis Data/TB-K1-Database/lapak_gaming/vendor/laravel/framework/src/Illuminate/Database/Connection.php(799): Illuminate/Database/Connection->handleQueryException(Object(Illuminate/Database/QueryException), 'select exists (...', Array, Object(Closure))
#14 D:/0_Project_VS_Code/3. Sistem Basis Data/TB-K1-Database/lapak_gaming/vendor/laravel/framework/src/Illuminate/Database/Connection.php(412): Illuminate/Database/Connection->run('select exists (...', Array, Object(Closure))
#15 D:/0_Project_VS_Code/3. Sistem Basis Data/TB-K1-Database/lapak_gaming/vendor/laravel/framework/src/Illuminate/Database/Connection.php(357): Illuminate/Database/Connection->select('select exists (...', Array, true)
#16 D:/0_Project_VS_Code/3. Sistem Basis Data/TB-K1-Database/lapak_gaming/vendor/laravel/framework/src/Illuminate/Database/Connection.php(374): Illuminate/Database/Connection->selectOne('select exists (...', Array, true)
#17 D:/0_Project_VS_Code/3. Sistem Basis Data/TB-K1-Database/lapak_gaming/vendor/laravel/framework/src/Illuminate/Database/Schema/Builder.php(176): Illuminate/Database/Connection->scalar('select exists (...')
#18 D:/0_Project_VS_Code/3. Sistem Basis Data/TB-K1-Database/lapak_gaming/vendor/laravel/framework/src/Illuminate/Database/Migrations/DatabaseMigrationRepository.php(185): Illuminate/Database/Schema/Builder->hasTable('migrations')
#19 D:/0_Project_VS_Code/3. Sistem Basis Data/TB-K1-Database/lapak_gaming/vendor/laravel/framework/src/Illuminate/Database/Migrations/Migrator.php(758): Illuminate/Database/Migrations/DatabaseMigrationRepository->repositoryExists()
#20 D:/0_Project_VS_Code/3. Sistem Basis Data/TB-K1-Database/lapak_gaming/vendor/laravel/framework/src/Illuminate/Database/Console/Migrations/StatusCommand.php(55): Illuminate/Database/Migrations/Migrator->repositoryExists()
#21 D:/0_Project_VS_Code/3. Sistem Basis Data/TB-K1-Database/lapak_gaming/vendor/laravel/framework/src/Illuminate/Database/Migrations/Migrator.php(671): Illuminate/Database/Console/Migrations/StatusCommand->{closure:Illuminate/Database/Console/Migrations/StatusCommand::handle():54}()
#22 D:/0_Project_VS_Code/3. Sistem Basis Data/TB-K1-Database/lapak_gaming/vendor/laravel/framework/src/Illuminate/Database/Console/Migrations/StatusCommand.php(54): Illuminate/Database/Migrations/Migrator->usingConnection(NULL, Object(Closure))
#23 D:/0_Project_VS_Code/3. Sistem Basis Data/TB-K1-Database/lapak_gaming/vendor/laravel/framework/src/Illuminate/Container/BoundMethod.php(36): Illuminate/Database/Console/Migrations/StatusCommand->handle()
#24 D:/0_Project_VS_Code/3. Sistem Basis Data/TB-K1-Database/lapak_gaming/vendor/laravel/framework/src/Illuminate/Container/Util.php(43): Illuminate/Container/BoundMethod::{closure:Illuminate/Container/BoundMethod::call():35}()
#25 D:/0_Project_VS_Code/3. Sistem Basis Data/TB-K1-Database/lapak_gaming/vendor/laravel/framework/src/Illuminate/Container/BoundMethod.php(96): Illuminate/Container/Util::unwrapIfClosure(Object(Closure))
#26 D:/0_Project_VS_Code/3. Sistem Basis Data/TB-K1-Database/lapak_gaming/vendor/laravel/framework/src/Illuminate/Container/BoundMethod.php(35): Illuminate/Container/BoundMethod::callBoundMethod(Object(Illuminate/Foundation/Application), Array, Object(Closure))
#27 D:/0_Project_VS_Code/3. Sistem Basis Data/TB-K1-Database/lapak_gaming/vendor/laravel/framework/src/Illuminate/Container/Container.php(799): Illuminate/Container/BoundMethod::call(Object(Illuminate/Foundation/Application), Array, Array, NULL)
#28 D:/0_Project_VS_Code/3. Sistem Basis Data/TB-K1-Database/lapak_gaming/vendor/laravel/framework/src/Illuminate/Console/Command.php(280): Illuminate/Container/Container->call(Array)
#29 D:/0_Project_VS_Code/3. Sistem Basis Data/TB-K1-Database/lapak_gaming/vendor/symfony/console/Command/Command.php(291): Illuminate/Console/Command->execute(Object(Symfony/Component/Console/Input/ArgvInput), Object(Illuminate/Console/OutputStyle))
#30 D:/0_Project_VS_Code/3. Sistem Basis Data/TB-K1-Database/lapak_gaming/vendor/laravel/framework/src/Illuminate/Console/Command.php(249): Symfony/Component/Console/Command/Command->run(Object(Symfony/Component/Console/Input/ArgvInput), Object(Illuminate/Console/OutputStyle))
#31 D:/0_Project_VS_Code/3. Sistem Basis Data/TB-K1-Database/lapak_gaming/vendor/symfony/console/Application.php(1107): Illuminate/Console/Command->run(Object(Symfony/Component/Console/Input/ArgvInput), Object(Symfony/Component/Console/Output/ConsoleOutput))
#32 D:/0_Project_VS_Code/3. Sistem Basis Data/TB-K1-Database/lapak_gaming/vendor/symfony/console/Application.php(356): Symfony/Component/Console/Application->doRunCommand(Object(Illuminate/Database/Console/Migrations/StatusCommand), Object(Symfony/Component/Console/Input/ArgvInput), Object(Symfony/Component/Console/Output/ConsoleOutput))
#33 D:/0_Project_VS_Code/3. Sistem Basis Data/TB-K1-Database/lapak_gaming/vendor/symfony/console/Application.php(195): Symfony/Component/Console/Application->doRun(Object(Symfony/Component/Console/Input/ArgvInput), Object(Symfony/Component/Console/Output/ConsoleOutput))
#34 D:/0_Project_VS_Code/3. Sistem Basis Data/TB-K1-Database/lapak_gaming/vendor/laravel/framework/src/Illuminate/Foundation/Console/Kernel.php(198): Symfony/Component/Console/Application->run(Object(Symfony/Component/Console/Input/ArgvInput), Object(Symfony/Component/Console/Output/ConsoleOutput))
#35 D:/0_Project_VS_Code/3. Sistem Basis Data/TB-K1-Database/lapak_gaming/vendor/laravel/framework/src/Illuminate/Foundation/Application.php(1235): Illuminate/Foundation/Console/Kernel->handle(Object(Symfony/Component/Console/Input/ArgvInput), Object(Symfony/Component/Console/Output/ConsoleOutput))
#36 D:/0_Project_VS_Code/3. Sistem Basis Data/TB-K1-Database/lapak_gaming/artisan(16): Illuminate/Foundation/Application->handleCommand(Object(Symfony/Component/Console/Input/ArgvInput))
#37 {main}
"} 
